2026-10-07T23:38:53.4494951Z Current runner version: '2.337.0'
2026-10-07T23:38:53.4518204Z ##[group]Runner Image Provisioner
2026-10-07T23:38:53.4519052Z Hosted Compute Agent
2026-10-07T23:38:53.4519606Z Version: 20260901.588
2026-10-07T23:38:53.4520224Z Commit: f88ec8081b781fac6c440065ac7ff9e710ce3d0b
2026-10-07T23:38:53.4520801Z Build Date: 2026-09-01T19:56:44Z
2026-10-07T23:38:53.4521454Z Worker ID: {dbc3b8d8-064d-4134-ba4c-ec1df981bdc1}
2026-10-07T23:38:53.4522051Z Azure Region: eastus
2026-10-07T23:38:53.4522557Z ##[endgroup]
2026-10-07T23:38:53.4523735Z ##[group]Operating System
2026-10-07T23:38:53.4524249Z Ubuntu
2026-10-07T23:38:53.4524762Z 24.04.5
2026-10-07T23:38:53.4525198Z LTS
2026-10-07T23:38:53.4525623Z ##[endgroup]
2026-10-07T23:38:53.4526298Z ##[group]Runner Image
2026-10-07T23:38:53.4526853Z Image: ubuntu-24.04
2026-10-07T23:38:53.4527366Z Version: 20260927.320.1
2026-10-07T23:38:53.4528547Z Included Software: https://github.com/actions/runner-images/blob/ubuntu24/20260927.320/images/ubuntu/Ubuntu2404-Readme.md
2026-10-07T23:38:53.4529840Z Image Release: https://github.com/actions/runner-images/releases/tag/ubuntu24%2F20260927.320
2026-10-07T23:38:53.4530627Z ##[endgroup]
2026-10-07T23:38:53.4531554Z ##[group]GITHUB_TOKEN Permissions
2026-10-07T23:38:53.4533412Z Contents: read
2026-10-07T23:38:53.4534005Z Metadata: read
2026-10-07T23:38:53.4534475Z ##[endgroup]
2026-10-07T23:38:53.4536558Z Secret source: Actions
2026-10-07T23:38:53.4537507Z Cache mode: write
2026-10-07T23:38:53.4538357Z Prepare workflow directory
2026-10-07T23:38:53.4987451Z Prepare all required actions
2026-10-07T23:38:53.5026830Z Getting action download info
2026-10-07T23:38:53.6811123Z Download action repository 'actions/checkout@93cb6efe18208431cddfb8368fd83d5badbf9bfd' (SHA:93cb6efe18208431cddfb8368fd83d5badbf9bfd)
2026-10-07T23:38:53.8317078Z Download action repository 'actions/cache@0057852bfaa89a56745cba8c7296529d2fc39830' (SHA:0057852bfaa89a56745cba8c7296529d2fc39830)
2026-10-07T23:38:53.9583956Z Download action repository 'actions/setup-node@48b55a011bda9f5d6aeb4c2d9c7362e8dae4041e' (SHA:48b55a011bda9f5d6aeb4c2d9c7362e8dae4041e)
2026-10-07T23:38:54.1086921Z Download action repository 'taiki-e/install-action@a6b2e2dcd845ddd7f509ce4f3ed3d922b80cc5d9' (SHA:a6b2e2dcd845ddd7f509ce4f3ed3d922b80cc5d9)
2026-10-07T23:38:54.3796585Z Complete job name: Linux build and workspace tests
2026-10-07T23:38:54.4301964Z ##[group]Checking docker version
2026-10-07T23:38:54.4312240Z ##[command]/usr/bin/docker version --format '{{.Server.APIVersion}}'
2026-10-07T23:38:54.5679157Z '1.48'
2026-10-07T23:38:54.5690269Z Docker daemon API version: '1.48'
2026-10-07T23:38:54.5690907Z ##[command]/usr/bin/docker version --format '{{.Client.APIVersion}}'
2026-10-07T23:38:54.5825914Z '1.48'
2026-10-07T23:38:54.5836675Z Docker client API version: '1.48'
2026-10-07T23:38:54.5840974Z ##[endgroup]
2026-10-07T23:38:54.5842933Z ##[group]Clean up resources from previous jobs
2026-10-07T23:38:54.5846904Z ##[command]/usr/bin/docker ps --all --quiet --no-trunc --filter "label=fd14f2"
2026-10-07T23:38:54.6019862Z ##[command]/usr/bin/docker network prune --force --filter "label=fd14f2"
2026-10-07T23:38:54.6135145Z ##[endgroup]
2026-10-07T23:38:54.6135562Z ##[group]Create local container network
2026-10-07T23:38:54.6144591Z ##[command]/usr/bin/docker network create --label fd14f2 github_network_fe40dfe31c5c4c7cbfc4627d61a235fc
2026-10-07T23:38:54.6701323Z 5dad522f44a854af0f659100a1207bb5eed208630ffd9a3e0d01f4b53ae6e491
2026-10-07T23:38:54.6716581Z ##[endgroup]
2026-10-07T23:38:54.6739809Z ##[group]Starting postgres service container
2026-10-07T23:38:54.6759055Z ##[command]/usr/bin/docker pull postgres:15@sha256:1b92e7a80c021647bf70f5d3eb66066a998e4f5cf43c07bb9dc9f729782cf88e
2026-10-07T23:38:54.9421578Z docker.io/library/postgres@sha256:1b92e7a80c021647bf70f5d3eb66066a998e4f5cf43c07bb9dc9f729782cf88e: Pulling from library/postgres
2026-10-07T23:38:55.0152891Z 5b4d6ff92fc4: Pulling fs layer
2026-10-07T23:38:55.0155741Z faac557a4014: Pulling fs layer
2026-10-07T23:38:55.0158299Z 23ae1f680f8f: Pulling fs layer
2026-10-07T23:38:55.0159467Z d85a6fe690f8: Pulling fs layer
2026-10-07T23:38:55.0160037Z a1b56273edfa: Pulling fs layer
2026-10-07T23:38:55.0160675Z 74e78423263b: Pulling fs layer
2026-10-07T23:38:55.0161307Z e64c84d18f15: Pulling fs layer
2026-10-07T23:38:55.0161925Z e15d3b4493f3: Pulling fs layer
2026-10-07T23:38:55.0162533Z 450a0feadfd8: Pulling fs layer
2026-10-07T23:38:55.0163125Z 4f7b5a6f4005: Pulling fs layer
2026-10-07T23:38:55.0163789Z 02dde53e1bfd: Pulling fs layer
2026-10-07T23:38:55.0164476Z ec2378712a6f: Pulling fs layer
2026-10-07T23:38:55.0165216Z 1622e7a6bba6: Pulling fs layer
2026-10-07T23:38:55.0165984Z 3b99619cea16: Pulling fs layer
2026-10-07T23:38:55.0166713Z e64c84d18f15: Waiting
2026-10-07T23:38:55.0167339Z e15d3b4493f3: Waiting
2026-10-07T23:38:55.0167901Z d85a6fe690f8: Waiting
2026-10-07T23:38:55.0168757Z 450a0feadfd8: Waiting
2026-10-07T23:38:55.0169375Z a1b56273edfa: Waiting
2026-10-07T23:38:55.0169966Z 4f7b5a6f4005: Waiting
2026-10-07T23:38:55.0170640Z 74e78423263b: Waiting
2026-10-07T23:38:55.0171419Z 02dde53e1bfd: Waiting
2026-10-07T23:38:55.0172193Z ec2378712a6f: Waiting
2026-10-07T23:38:55.0172950Z 1622e7a6bba6: Waiting
2026-10-07T23:38:55.0173724Z 3b99619cea16: Waiting
2026-10-07T23:38:55.0427638Z faac557a4014: Download complete
2026-10-07T23:38:55.0861262Z d85a6fe690f8: Download complete
2026-10-07T23:38:55.1120233Z 23ae1f680f8f: Verifying Checksum
2026-10-07T23:38:55.1122549Z 23ae1f680f8f: Download complete
2026-10-07T23:38:55.1440189Z 5b4d6ff92fc4: Verifying Checksum
2026-10-07T23:38:55.1446365Z 5b4d6ff92fc4: Download complete
2026-10-07T23:38:55.1584827Z 74e78423263b: Download complete
2026-10-07T23:38:55.1788249Z e64c84d18f15: Verifying Checksum
2026-10-07T23:38:55.1790028Z e64c84d18f15: Download complete
2026-10-07T23:38:55.1870041Z e15d3b4493f3: Verifying Checksum
2026-10-07T23:38:55.1871215Z e15d3b4493f3: Download complete
2026-10-07T23:38:55.2053422Z a1b56273edfa: Verifying Checksum
2026-10-07T23:38:55.2054776Z a1b56273edfa: Download complete
2026-10-07T23:38:55.2189334Z 4f7b5a6f4005: Verifying Checksum
2026-10-07T23:38:55.2190563Z 4f7b5a6f4005: Download complete
2026-10-07T23:38:55.2339095Z 02dde53e1bfd: Download complete
2026-10-07T23:38:55.2499506Z ec2378712a6f: Download complete
2026-10-07T23:38:55.2678260Z 1622e7a6bba6: Download complete
2026-10-07T23:38:55.2829484Z 3b99619cea16: Verifying Checksum
2026-10-07T23:38:55.2832764Z 3b99619cea16: Download complete
2026-10-07T23:38:55.5001088Z 450a0feadfd8: Verifying Checksum
2026-10-07T23:38:55.9520347Z 5b4d6ff92fc4: Pull complete
2026-10-07T23:39:02.2483101Z faac557a4014: Pull complete
2026-10-07T23:39:02.4993924Z 23ae1f680f8f: Pull complete
2026-10-07T23:39:02.5573619Z d85a6fe690f8: Pull complete
2026-10-07T23:39:02.9375517Z a1b56273edfa: Pull complete
2026-10-07T23:39:03.0095792Z 74e78423263b: Pull complete
2026-10-07T23:39:03.0182691Z e64c84d18f15: Pull complete
2026-10-07T23:39:03.0259896Z e15d3b4493f3: Pull complete
2026-10-07T23:39:06.6085108Z 450a0feadfd8: Pull complete
2026-10-07T23:39:06.6202409Z 4f7b5a6f4005: Pull complete
2026-10-07T23:39:06.6263720Z 02dde53e1bfd: Pull complete
2026-10-07T23:39:06.6351588Z ec2378712a6f: Pull complete
2026-10-07T23:39:06.6419254Z 1622e7a6bba6: Pull complete
2026-10-07T23:39:06.6480016Z 3b99619cea16: Pull complete
2026-10-07T23:39:06.6516144Z Digest: sha256:1b92e7a80c021647bf70f5d3eb66066a998e4f5cf43c07bb9dc9f729782cf88e
2026-10-07T23:39:06.6521876Z Status: Downloaded newer image for postgres@sha256:1b92e7a80c021647bf70f5d3eb66066a998e4f5cf43c07bb9dc9f729782cf88e
2026-10-07T23:39:06.6529576Z docker.io/library/postgres:15@sha256:1b92e7a80c021647bf70f5d3eb66066a998e4f5cf43c07bb9dc9f729782cf88e
2026-10-07T23:39:06.6577176Z ##[command]/usr/bin/docker create --name 91cf27d6d5544459801fc6ade73971a1_postgres15sha2561b92e7a80c021647bf70f5d3eb66066a998e4f5cf43c07bb9dc9f729782cf88e_b05e4b --label fd14f2 --network github_network_fe40dfe31c5c4c7cbfc4627d61a235fc --network-alias postgres -p 5432:5432 --health-cmd "pg_isready -U postgres" --health-interval 5s --health-timeout 5s --health-retries 10 -e "POSTGRES_HOST_AUTH_METHOD=trust" -e GITHUB_ACTIONS=true -e CI=true postgres:15@sha256:1b92e7a80c021647bf70f5d3eb66066a998e4f5cf43c07bb9dc9f729782cf88e
2026-10-07T23:39:06.6772630Z 6e096e962c7257e4408f699029da835767e974cca5ef2198d66d422728268eae
2026-10-07T23:39:06.6791726Z ##[command]/usr/bin/docker start 6e096e962c7257e4408f699029da835767e974cca5ef2198d66d422728268eae
2026-10-07T23:39:06.8805554Z 6e096e962c7257e4408f699029da835767e974cca5ef2198d66d422728268eae
2026-10-07T23:39:06.8824436Z ##[command]/usr/bin/docker ps --all --filter id=6e096e962c7257e4408f699029da835767e974cca5ef2198d66d422728268eae --filter status=running --no-trunc --format "{{.ID}} {{.Status}}"
2026-10-07T23:39:06.8952248Z 6e096e962c7257e4408f699029da835767e974cca5ef2198d66d422728268eae Up Less than a second (health: starting)
2026-10-07T23:39:06.8969427Z ##[command]/usr/bin/docker port 6e096e962c7257e4408f699029da835767e974cca5ef2198d66d422728268eae
2026-10-07T23:39:06.9081351Z 5432/tcp -> 0.0.0.0:5432
2026-10-07T23:39:06.9082019Z 5432/tcp -> [::]:5432
2026-10-07T23:39:06.9127387Z ##[endgroup]
2026-10-07T23:39:06.9136305Z ##[group]Waiting for all services to be ready
2026-10-07T23:39:06.9150784Z ##[command]/usr/bin/docker inspect --format="{{if .Config.Healthcheck}}{{print .State.Health.Status}}{{end}}" 6e096e962c7257e4408f699029da835767e974cca5ef2198d66d422728268eae
2026-10-07T23:39:06.9282562Z starting
2026-10-07T23:39:06.9300498Z postgres service is starting, waiting 2 seconds before checking again.
2026-10-07T23:39:08.9309468Z ##[command]/usr/bin/docker inspect --format="{{if .Config.Healthcheck}}{{print .State.Health.Status}}{{end}}" 6e096e962c7257e4408f699029da835767e974cca5ef2198d66d422728268eae
2026-10-07T23:39:08.9414180Z starting
2026-10-07T23:39:08.9425372Z postgres service is starting, waiting 3 seconds before checking again.
2026-10-07T23:39:12.8203155Z ##[command]/usr/bin/docker inspect --format="{{if .Config.Healthcheck}}{{print .State.Health.Status}}{{end}}" 6e096e962c7257e4408f699029da835767e974cca5ef2198d66d422728268eae
2026-10-07T23:39:12.8306254Z healthy
2026-10-07T23:39:12.8325245Z postgres service is healthy.
2026-10-07T23:39:12.8326080Z ##[endgroup]
2026-10-07T23:39:12.8579812Z ##[group]Run actions/checkout@93cb6efe18208431cddfb8368fd83d5badbf9bfd
2026-10-07T23:39:12.8580305Z with:
2026-10-07T23:39:12.8580483Z   persist-credentials: false
2026-10-07T23:39:12.8580711Z   ref: 8b4f48cbe5905baef4610a4d52732bf152e565bc
2026-10-07T23:39:12.8580957Z   repository: anilbeesetti/koda
2026-10-07T23:39:12.8583048Z   token: ***
2026-10-07T23:39:12.8583226Z   ssh-strict: true
2026-10-07T23:39:12.8583394Z   ssh-user: git
2026-10-07T23:39:12.8583552Z   clean: true
2026-10-07T23:39:12.8583721Z   sparse-checkout-cone-mode: true
2026-10-07T23:39:12.8583931Z   fetch-depth: 1
2026-10-07T23:39:12.8584096Z   fetch-tags: false
2026-10-07T23:39:12.8584266Z   show-progress: true
2026-10-07T23:39:12.8584452Z   lfs: false
2026-10-07T23:39:12.8584611Z   submodules: false
2026-10-07T23:39:12.8584799Z   set-safe-directory: true
2026-10-07T23:39:12.8585120Z env:
2026-10-07T23:39:12.8585281Z   CARGO_TERM_COLOR: always
2026-10-07T23:39:12.8585467Z   CARGO_INCREMENTAL: 0
2026-10-07T23:39:12.8585721Z   CARGO_PROFILE_DEV_DEBUG: 0
2026-10-07T23:39:12.8585936Z   CARGO_PROFILE_DEV_BUILD_OVERRIDE_DEBUG: 0
2026-10-07T23:39:12.8586163Z   RUST_BACKTRACE: 1
2026-10-07T23:39:12.8586327Z   CC: clang
2026-10-07T23:39:12.8586473Z   CXX: clang++
2026-10-07T23:39:12.8586632Z   WGPU_BACKEND: vulkan
2026-10-07T23:39:12.8586804Z   CI_TEST_FILTER: 
2026-10-07T23:39:12.8586965Z   CI_TEST_MODE: full
2026-10-07T23:39:12.8587131Z ##[endgroup]
2026-10-07T23:39:12.9405754Z Syncing repository: anilbeesetti/koda
2026-10-07T23:39:12.9407195Z ##[group]Getting Git version info
2026-10-07T23:39:12.9407494Z Working directory is '/home/runner/work/koda/koda'
2026-10-07T23:39:12.9407930Z [command]/usr/bin/git version
2026-10-07T23:39:12.9492440Z git version 2.55.0
2026-10-07T23:39:12.9507744Z ##[endgroup]
2026-10-07T23:39:12.9519673Z Temporarily overriding HOME='/home/runner/work/_temp/ad51e33a-80be-4151-88ea-4e153edf5066' before making global git config changes
2026-10-07T23:39:12.9520982Z Adding repository directory to the temporary git global config as a safe directory
2026-10-07T23:39:12.9524187Z [command]/usr/bin/git config --global --add safe.directory /home/runner/work/koda/koda
2026-10-07T23:39:12.9634466Z Deleting the contents of '/home/runner/work/koda/koda'
2026-10-07T23:39:12.9637758Z ##[group]Initializing the repository
2026-10-07T23:39:12.9641436Z [command]/usr/bin/git init /home/runner/work/koda/koda
2026-10-07T23:39:12.9732718Z hint: Using 'master' as the name for the initial branch. This default branch name
2026-10-07T23:39:12.9733515Z hint: will change to "main" in Git 3.0. To configure the initial branch name
2026-10-07T23:39:12.9734214Z hint: to use in all of your new repositories, which will suppress this warning,
2026-10-07T23:39:12.9734767Z hint: call:
2026-10-07T23:39:12.9735018Z hint:
2026-10-07T23:39:12.9735426Z hint: 	git config --global init.defaultBranch <name>
2026-10-07T23:39:12.9735907Z hint:
2026-10-07T23:39:12.9736293Z hint: Names commonly chosen instead of 'master' are 'main', 'trunk' and
2026-10-07T23:39:12.9736995Z hint: 'development'. The just-created branch can be renamed via this command:
2026-10-07T23:39:12.9737532Z hint:
2026-10-07T23:39:12.9738367Z hint: 	git branch -m <name>
2026-10-07T23:39:12.9738788Z hint:
2026-10-07T23:39:12.9739265Z hint: Disable this message with "git config set advice.defaultBranchName false"
2026-10-07T23:39:12.9739978Z Initialized empty Git repository in /home/runner/work/koda/koda/.git/
2026-10-07T23:39:12.9746471Z [command]/usr/bin/git remote add origin https://github.com/anilbeesetti/koda
2026-10-07T23:39:12.9797551Z ##[endgroup]
2026-10-07T23:39:12.9802412Z ##[group]Disabling automatic garbage collection
2026-10-07T23:39:12.9802901Z [command]/usr/bin/git config --local gc.auto 0
2026-10-07T23:39:12.9835112Z ##[endgroup]
2026-10-07T23:39:12.9835976Z ##[group]Setting up auth
2026-10-07T23:39:12.9841336Z [command]/usr/bin/git config --local --name-only --get-regexp core\.sshCommand
2026-10-07T23:39:12.9870319Z [command]/usr/bin/git submodule foreach --recursive sh -c "git config --local --name-only --get-regexp 'core\.sshCommand' && git config --local --unset-all 'core.sshCommand' || :"
2026-10-07T23:39:13.0195448Z [command]/usr/bin/git config --local --name-only --get-regexp http\.https\:\/\/github\.com\/\.extraheader
2026-10-07T23:39:13.0227110Z [command]/usr/bin/git submodule foreach --recursive sh -c "git config --local --name-only --get-regexp 'http\.https\:\/\/github\.com\/\.extraheader' && git config --local --unset-all 'http.https://github.com/.extraheader' || :"
2026-10-07T23:39:13.0416674Z [command]/usr/bin/git config --local --name-only --get-regexp ^includeIf\.gitdir:
2026-10-07T23:39:13.0470614Z [command]/usr/bin/git submodule foreach --recursive git config --local --show-origin --name-only --get-regexp remote.origin.url
2026-10-07T23:39:13.0641589Z [command]/usr/bin/git config --local http.https://github.com/.extraheader AUTHORIZATION: basic ***
2026-10-07T23:39:13.0676277Z ##[endgroup]
2026-10-07T23:39:13.0676756Z ##[group]Fetching the repository
2026-10-07T23:39:13.0684017Z [command]/usr/bin/git -c protocol.version=2 fetch --no-tags --prune --no-recurse-submodules --depth=1 origin 8b4f48cbe5905baef4610a4d52732bf152e565bc
2026-10-07T23:39:16.7830162Z From https://github.com/anilbeesetti/koda
2026-10-07T23:39:16.7831035Z  * branch            8b4f48cbe5905baef4610a4d52732bf152e565bc -> FETCH_HEAD
2026-10-07T23:39:16.7834276Z ##[endgroup]
2026-10-07T23:39:16.7834740Z ##[group]Determining the checkout info
2026-10-07T23:39:16.7836931Z ##[endgroup]
2026-10-07T23:39:16.7843260Z [command]/usr/bin/git sparse-checkout disable
2026-10-07T23:39:16.7890970Z [command]/usr/bin/git config --local --unset-all extensions.worktreeConfig
2026-10-07T23:39:16.7918003Z ##[group]Checking out the ref
2026-10-07T23:39:16.7921683Z [command]/usr/bin/git checkout --progress --force 8b4f48cbe5905baef4610a4d52732bf152e565bc
2026-10-07T23:39:17.2656805Z Note: switching to '8b4f48cbe5905baef4610a4d52732bf152e565bc'.
2026-10-07T23:39:17.2657077Z 
2026-10-07T23:39:17.2657273Z You are in 'detached HEAD' state. You can look around, make experimental
2026-10-07T23:39:17.2657833Z changes and commit them, and you can discard any commits you make in this
2026-10-07T23:39:17.2658395Z state without impacting any branches by switching back to a branch.
2026-10-07T23:39:17.2658986Z 
2026-10-07T23:39:17.2659219Z If you want to create a new branch to retain commits you create, you may
2026-10-07T23:39:17.2659760Z do so (now or later) by using -c with the switch command. Example:
2026-10-07T23:39:17.2660073Z 
2026-10-07T23:39:17.2660200Z   git switch -c <new-branch-name>
2026-10-07T23:39:17.2660417Z 
2026-10-07T23:39:17.2660535Z Or undo this operation with:
2026-10-07T23:39:17.2660715Z 
2026-10-07T23:39:17.2660807Z   git switch -
2026-10-07T23:39:17.2660967Z 
2026-10-07T23:39:17.2661227Z Turn off this advice by setting config variable advice.detachedHead to false
2026-10-07T23:39:17.2661601Z 
2026-10-07T23:39:17.2662018Z HEAD is now at 8b4f48c Merge 4fb7a80eacc598a786b4b98c809d1df24a1b02ee into ed7040f650a01d31eb32eac68a623ce45b7a77e8
2026-10-07T23:39:17.2686682Z ##[endgroup]
2026-10-07T23:39:17.2728666Z [command]/usr/bin/git log -1 --format=%H
2026-10-07T23:39:17.2768812Z 8b4f48cbe5905baef4610a4d52732bf152e565bc
2026-10-07T23:39:17.2786820Z ##[group]Removing auth
2026-10-07T23:39:17.2790783Z [command]/usr/bin/git config --local --name-only --get-regexp core\.sshCommand
2026-10-07T23:39:17.2822401Z [command]/usr/bin/git submodule foreach --recursive sh -c "git config --local --name-only --get-regexp 'core\.sshCommand' && git config --local --unset-all 'core.sshCommand' || :"
2026-10-07T23:39:17.3013761Z [command]/usr/bin/git config --local --name-only --get-regexp http\.https\:\/\/github\.com\/\.extraheader
2026-10-07T23:39:17.3042413Z http.https://github.com/.extraheader
2026-10-07T23:39:17.3060303Z [command]/usr/bin/git config --local --unset-all http.https://github.com/.extraheader
2026-10-07T23:39:17.3091473Z [command]/usr/bin/git submodule foreach --recursive sh -c "git config --local --name-only --get-regexp 'http\.https\:\/\/github\.com\/\.extraheader' && git config --local --unset-all 'http.https://github.com/.extraheader' || :"
2026-10-07T23:39:17.3282091Z [command]/usr/bin/git config --local --name-only --get-regexp ^includeIf\.gitdir:
2026-10-07T23:39:17.3311566Z [command]/usr/bin/git submodule foreach --recursive git config --local --show-origin --name-only --get-regexp remote.origin.url
2026-10-07T23:39:17.3508914Z ##[endgroup]
2026-10-07T23:39:17.3681512Z ##[group]Run python3 script/ci-run resources --github-env "$GITHUB_ENV"
2026-10-07T23:39:17.3682008Z [36;1mpython3 script/ci-run resources --github-env "$GITHUB_ENV"[0m
2026-10-07T23:39:17.4096260Z shell: /usr/bin/bash --noprofile --norc -e -o pipefail {0}
2026-10-07T23:39:17.4096555Z env:
2026-10-07T23:39:17.4096728Z   CARGO_TERM_COLOR: always
2026-10-07T23:39:17.4096924Z   CARGO_INCREMENTAL: 0
2026-10-07T23:39:17.4097125Z   CARGO_PROFILE_DEV_DEBUG: 0
2026-10-07T23:39:17.4097340Z   CARGO_PROFILE_DEV_BUILD_OVERRIDE_DEBUG: 0
2026-10-07T23:39:17.4097563Z   RUST_BACKTRACE: 1
2026-10-07T23:39:17.4097730Z   CC: clang
2026-10-07T23:39:17.4097883Z   CXX: clang++
2026-10-07T23:39:17.4098046Z   WGPU_BACKEND: vulkan
2026-10-07T23:39:17.4098213Z   CI_TEST_FILTER: 
2026-10-07T23:39:17.4098378Z   CI_TEST_MODE: full
2026-10-07T23:39:17.4098741Z ##[endgroup]
2026-10-07T23:39:17.4439469Z Linux: 4 CPUs, 15.6 GiB RAM; Cargo jobs=4, nextest threads=4
2026-10-07T23:39:17.4519897Z ##[group]Run sudo rm -rf /usr/share/dotnet /usr/local/lib/android /opt/ghc
2026-10-07T23:39:17.4520335Z [36;1msudo rm -rf /usr/share/dotnet /usr/local/lib/android /opt/ghc[0m
2026-10-07T23:39:17.4575713Z shell: /usr/bin/bash --noprofile --norc -e -o pipefail {0}
2026-10-07T23:39:17.4575982Z env:
2026-10-07T23:39:17.4576153Z   CARGO_TERM_COLOR: always
2026-10-07T23:39:17.4576353Z   CARGO_INCREMENTAL: 0
2026-10-07T23:39:17.4576548Z   CARGO_PROFILE_DEV_DEBUG: 0
2026-10-07T23:39:17.4576906Z   CARGO_PROFILE_DEV_BUILD_OVERRIDE_DEBUG: 0
2026-10-07T23:39:17.4577125Z   RUST_BACKTRACE: 1
2026-10-07T23:39:17.4577291Z   CC: clang
2026-10-07T23:39:17.4577440Z   CXX: clang++
2026-10-07T23:39:17.4577602Z   WGPU_BACKEND: vulkan
2026-10-07T23:39:17.4577771Z   CI_TEST_FILTER: 
2026-10-07T23:39:17.4577932Z   CI_TEST_MODE: full
2026-10-07T23:39:17.4578101Z   CARGO_BUILD_JOBS: 4
2026-10-07T23:39:17.4578268Z   CI_TEST_THREADS: 4
2026-10-07T23:39:17.4578670Z ##[endgroup]
2026-10-07T23:41:19.3146900Z ##[group]Run ./script/linux
2026-10-07T23:41:19.3147148Z [36;1m./script/linux[0m
2026-10-07T23:41:19.3203559Z shell: /usr/bin/bash --noprofile --norc -e -o pipefail {0}
2026-10-07T23:41:19.3203835Z env:
2026-10-07T23:41:19.3204006Z   CARGO_TERM_COLOR: always
2026-10-07T23:41:19.3204201Z   CARGO_INCREMENTAL: 0
2026-10-07T23:41:19.3204380Z   CARGO_PROFILE_DEV_DEBUG: 0
2026-10-07T23:41:19.3204590Z   CARGO_PROFILE_DEV_BUILD_OVERRIDE_DEBUG: 0
2026-10-07T23:41:19.3204812Z   RUST_BACKTRACE: 1
2026-10-07T23:41:19.3204992Z   CC: clang
2026-10-07T23:41:19.3205145Z   CXX: clang++
2026-10-07T23:41:19.3205307Z   WGPU_BACKEND: vulkan
2026-10-07T23:41:19.3205478Z   CI_TEST_FILTER: 
2026-10-07T23:41:19.3205641Z   CI_TEST_MODE: full
2026-10-07T23:41:19.3205813Z   CARGO_BUILD_JOBS: 4
2026-10-07T23:41:19.3205992Z   CI_TEST_THREADS: 4
2026-10-07T23:41:19.3206158Z ##[endgroup]
2026-10-07T23:41:19.3297543Z ++ id -u
2026-10-07T23:41:19.3312708Z + '[' 1001 -eq 0 ']'
2026-10-07T23:41:19.3315068Z ++ command -v sudo
2026-10-07T23:41:19.3317058Z + maysudo=/usr/bin/sudo
2026-10-07T23:41:19.3319981Z ++ command -v apt-get
2026-10-07T23:41:19.3321868Z + apt=/usr/bin/apt-get
2026-10-07T23:41:19.3323095Z + [[ -n /usr/bin/apt-get ]]
2026-10-07T23:41:19.3324654Z + deps=(gcc g++ libasound2-dev libfontconfig-dev libgit2-dev libglib2.0-dev libssl-dev libva-dev libvulkan1 libwayland-dev libx11-xcb-dev libxkbcommon-x11-dev libzstd-dev make cmake clang lld llvm jq git curl gettext-base elfutils libsqlite3-dev musl-tools musl-dev build-essential pipewire xdg-desktop-portal)
2026-10-07T23:41:19.3325813Z + grep -qP 'PRETTY_NAME="(Debian|Raspbian).+13' /etc/os-release
2026-10-07T23:41:19.3339076Z + grep -qP 'PRETTY_NAME="(Linux Mint 22|.+24\.(04|10))' /etc/os-release
2026-10-07T23:41:19.3349474Z + deps+=(libstdc++-14-dev)
2026-10-07T23:41:19.3349792Z + /usr/bin/sudo /usr/bin/apt-get update
2026-10-07T23:41:19.4052892Z Get:1 file:/etc/apt/apt-mirrors.txt Mirrorlist [144 B]
2026-10-07T23:41:19.4335550Z Get:6 https://packages.microsoft.com/ubuntu/24.04/prod noble InRelease [3600 B]
2026-10-07T23:41:19.4923854Z Get:7 https://packages.microsoft.com/ubuntu/24.04/prod noble/main amd64 Packages [519 kB]
2026-10-07T23:41:19.5060038Z Get:8 https://packages.microsoft.com/ubuntu/24.04/prod noble/main arm64 Packages [463 kB]
2026-10-07T23:41:19.5104829Z Get:9 https://packages.microsoft.com/ubuntu/24.04/prod noble/main armhf Packages [12.6 kB]
2026-10-07T23:41:19.5156534Z Hit:2 http://azure.archive.ubuntu.com/ubuntu noble InRelease
2026-10-07T23:41:19.5177839Z Get:3 http://azure.archive.ubuntu.com/ubuntu noble-updates InRelease [126 kB]
2026-10-07T23:41:19.5239632Z Get:4 http://azure.archive.ubuntu.com/ubuntu noble-backports InRelease [126 kB]
2026-10-07T23:41:19.5298772Z Get:5 http://azure.archive.ubuntu.com/ubuntu noble-security InRelease [126 kB]
2026-10-07T23:41:19.6071803Z Get:10 http://azure.archive.ubuntu.com/ubuntu noble-updates/main amd64 Packages [1375 kB]
2026-10-07T23:41:19.6149608Z Get:11 http://azure.archive.ubuntu.com/ubuntu noble-updates/main Translation-en [306 kB]
2026-10-07T23:41:19.6165230Z Get:12 http://azure.archive.ubuntu.com/ubuntu noble-updates/main amd64 Components [181 kB]
2026-10-07T23:41:19.6185566Z Get:13 http://azure.archive.ubuntu.com/ubuntu noble-updates/universe amd64 Packages [1702 kB]
2026-10-07T23:41:19.6277230Z Get:14 http://azure.archive.ubuntu.com/ubuntu noble-updates/universe Translation-en [341 kB]
2026-10-07T23:41:19.6322162Z Get:15 http://azure.archive.ubuntu.com/ubuntu noble-updates/universe amd64 Components [388 kB]
2026-10-07T23:41:19.6349643Z Get:16 http://azure.archive.ubuntu.com/ubuntu noble-updates/restricted amd64 Packages [1730 kB]
2026-10-07T23:41:19.6447928Z Get:17 http://azure.archive.ubuntu.com/ubuntu noble-updates/restricted Translation-en [396 kB]
2026-10-07T23:41:19.6453363Z Get:18 http://azure.archive.ubuntu.com/ubuntu noble-updates/multiverse Translation-en [13.3 kB]
2026-10-07T23:41:19.6469366Z Get:19 http://azure.archive.ubuntu.com/ubuntu noble-updates/multiverse amd64 Components [940 B]
2026-10-07T23:41:19.6997939Z Get:20 http://azure.archive.ubuntu.com/ubuntu noble-backports/main amd64 Components [5752 B]
2026-10-07T23:41:19.7012923Z Get:21 http://azure.archive.ubuntu.com/ubuntu noble-backports/universe amd64 Components [12.6 kB]
2026-10-07T23:41:19.7028148Z Get:22 http://azure.archive.ubuntu.com/ubuntu noble-security/main amd64 Packages [1073 kB]
2026-10-07T23:41:19.7079677Z Get:23 http://azure.archive.ubuntu.com/ubuntu noble-security/main Translation-en [223 kB]
2026-10-07T23:41:19.7099240Z Get:24 http://azure.archive.ubuntu.com/ubuntu noble-security/main amd64 Components [46.4 kB]
2026-10-07T23:41:19.7115322Z Get:25 http://azure.archive.ubuntu.com/ubuntu noble-security/universe amd64 Packages [1218 kB]
2026-10-07T23:41:19.7185675Z Get:26 http://azure.archive.ubuntu.com/ubuntu noble-security/universe Translation-en [245 kB]
2026-10-07T23:41:19.7205591Z Get:27 http://azure.archive.ubuntu.com/ubuntu noble-security/universe amd64 Components [76.3 kB]
2026-10-07T23:41:19.7220966Z Get:28 http://azure.archive.ubuntu.com/ubuntu noble-security/restricted amd64 Packages [1566 kB]
2026-10-07T23:41:19.7289590Z Get:29 http://azure.archive.ubuntu.com/ubuntu noble-security/restricted Translation-en [361 kB]
2026-10-07T23:41:19.7313749Z Get:30 http://azure.archive.ubuntu.com/ubuntu noble-security/multiverse Translation-en [11.6 kB]
2026-10-07T23:41:27.3265216Z Fetched 12.6 MB in 1s (10.9 MB/s)
2026-10-07T23:41:27.9682032Z Reading package lists...
2026-10-07T23:41:27.9780595Z + /usr/bin/sudo /usr/bin/apt-get install -y gcc g++ libasound2-dev libfontconfig-dev libgit2-dev libglib2.0-dev libssl-dev libva-dev libvulkan1 libwayland-dev libx11-xcb-dev libxkbcommon-x11-dev libzstd-dev make cmake clang lld llvm jq git curl gettext-base elfutils libsqlite3-dev musl-tools musl-dev build-essential pipewire xdg-desktop-portal libstdc++-14-dev
2026-10-07T23:41:27.9944083Z Reading package lists...
2026-10-07T23:41:28.1655771Z Building dependency tree...
2026-10-07T23:41:28.1661374Z Reading state information...
2026-10-07T23:41:28.2997972Z gcc is already the newest version (4:13.2.0-7ubuntu1).
2026-10-07T23:41:28.2998643Z g++ is already the newest version (4:13.2.0-7ubuntu1).
2026-10-07T23:41:28.2999113Z libvulkan1 is already the newest version (1.3.275.0-1build1).
2026-10-07T23:41:28.2999546Z libvulkan1 set to manually installed.
2026-10-07T23:41:28.2999975Z libzstd-dev is already the newest version (1.5.5+dfsg2-2build1.1).
2026-10-07T23:41:28.3000444Z libzstd-dev set to manually installed.
2026-10-07T23:41:28.3000827Z make is already the newest version (4.3-4.1build2).
2026-10-07T23:41:28.3001311Z jq is already the newest version (1.7.1-3ubuntu0.24.04.2).
2026-10-07T23:41:28.3001800Z git is already the newest version (1:2.55.0-0ppa1~ubuntu24.04.2).
2026-10-07T23:41:28.3002224Z git set to manually installed.
2026-10-07T23:41:28.3002649Z curl is already the newest version (8.5.0-2ubuntu10.15).
2026-10-07T23:41:28.3003112Z gettext-base is already the newest version (0.21-14ubuntu2).
2026-10-07T23:41:28.3003540Z gettext-base set to manually installed.
2026-10-07T23:41:28.3004000Z libsqlite3-dev is already the newest version (3.45.1-1ubuntu2.8).
2026-10-07T23:41:28.3004657Z libstdc++-14-dev is already the newest version (14.2.0-4ubuntu2~24.04.1).
2026-10-07T23:41:28.3005123Z libstdc++-14-dev set to manually installed.
2026-10-07T23:41:28.3005543Z The following additional packages will be installed:
2026-10-07T23:41:28.3006342Z   bubblewrap bzip2-doc cmake-data glib-networking glib-networking-common
2026-10-07T23:41:28.3006967Z   glib-networking-services gsettings-desktop-schemas i965-va-driver
2026-10-07T23:41:28.3010257Z   intel-media-va-driver libasm1t64 libasyncns0 libblkid-dev libbrotli-dev
2026-10-07T23:41:28.3010770Z   libbz2-dev libflac12t64 libfreetype-dev libfreetype6 libgbm1
2026-10-07T23:41:28.3011142Z   libgirepository-2.0-0 libgit2-1.7 libgl1-mesa-dri libglib2.0-dev-bin
2026-10-07T23:41:28.3011561Z   libglx-mesa0 libhttp-parser-dev libhttp-parser2.9 libigdgmm12 libjsoncpp25
2026-10-07T23:41:28.3012184Z   libmount-dev libmp3lame0 libmpg123-0t64 libopus0 libpipewire-0.3-0t64
2026-10-07T23:41:28.3012585Z   libpipewire-0.3-common libpipewire-0.3-modules libpng-dev libpng-tools
2026-10-07T23:41:28.3012943Z   libproxy1v5 libpthread-stubs0-dev libpulse0 librhash0 libroc0.3
2026-10-07T23:41:28.3013299Z   libselinux1-dev libsepol-dev libset-scalar-perl libsnapd-glib-2-1
2026-10-07T23:41:28.3013822Z   libsndfile1 libsoup-3.0-0 libsoup-3.0-common libspa-0.2-modules libspeexdsp1
2026-10-07T23:41:28.3014237Z   libssh2-1-dev libssl3t64 libva-drm2 libva-glx2 libva-wayland2 libva-x11-2
2026-10-07T23:41:28.3014607Z   libva2 libvorbisenc2 libwayland-bin libwayland-server0
2026-10-07T23:41:28.3014946Z   libwebrtc-audio-processing1 libwireplumber-0.4-0 libx11-dev libxau-dev
2026-10-07T23:41:28.3015324Z   libxcb-xkb-dev libxcb-xkb1 libxcb1-dev libxdmcp-dev libxkbcommon-dev
2026-10-07T23:41:28.3015706Z   libxkbcommon-x11-0 llvm-runtime mesa-libgallium mesa-va-drivers musl openssl
2026-10-07T23:41:28.3016110Z   pipewire-bin pipewire-pulse rtkit session-migration uuid-dev va-driver-all
2026-10-07T23:41:28.3016547Z   wireplumber x11proto-dev xorg-sgml-doctools xtrans-dev
2026-10-07T23:41:28.3016816Z Suggested packages:
2026-10-07T23:41:28.3017080Z   cmake-doc cmake-format elpa-cmake-mode ninja-build i965-va-driver-shaders
2026-10-07T23:41:28.3017441Z   libasound2-doc freetype2-doc gir1.2-glib-2.0-dev libglib2.0-doc
2026-10-07T23:41:28.3017788Z   libgdk-pixbuf2.0-bin libxml2-utils opus-tools pulseaudio libssl-doc
2026-10-07T23:41:28.3018162Z   libwayland-doc libx11-doc libxcb-doc libspa-0.2-bluetooth pulseaudio-utils
2026-10-07T23:41:28.3018740Z   libspa-0.2-libcamera wireplumber-doc
2026-10-07T23:41:28.3522926Z The following NEW packages will be installed:
2026-10-07T23:41:28.3523642Z   bubblewrap build-essential bzip2-doc clang cmake cmake-data elfutils
2026-10-07T23:41:28.3524342Z   glib-networking glib-networking-common glib-networking-services
2026-10-07T23:41:28.3525079Z   gsettings-desktop-schemas i965-va-driver intel-media-va-driver libasm1t64
2026-10-07T23:41:28.3525802Z   libasound2-dev libasyncns0 libblkid-dev libbrotli-dev libbz2-dev
2026-10-07T23:41:28.3526484Z   libflac12t64 libfontconfig-dev libfreetype-dev libgirepository-2.0-0
2026-10-07T23:41:28.3527208Z   libgit2-1.7 libgit2-dev libglib2.0-dev libglib2.0-dev-bin libhttp-parser-dev
2026-10-07T23:41:28.3527942Z   libhttp-parser2.9 libigdgmm12 libjsoncpp25 libmount-dev libmp3lame0
2026-10-07T23:41:28.3528743Z   libmpg123-0t64 libopus0 libpipewire-0.3-0t64 libpipewire-0.3-common
2026-10-07T23:41:28.3529403Z   libpipewire-0.3-modules libpng-dev libpng-tools libproxy1v5
2026-10-07T23:41:28.3530080Z   libpthread-stubs0-dev libpulse0 librhash0 libroc0.3 libselinux1-dev
2026-10-07T23:41:28.3530783Z   libsepol-dev libset-scalar-perl libsnapd-glib-2-1 libsndfile1 libsoup-3.0-0
2026-10-07T23:41:28.3531572Z   libsoup-3.0-common libspa-0.2-modules libspeexdsp1 libssh2-1-dev libva-dev
2026-10-07T23:41:28.3532278Z   libva-drm2 libva-glx2 libva-wayland2 libva-x11-2 libva2 libvorbisenc2
2026-10-07T23:41:28.3533020Z   libwayland-bin libwayland-dev libwayland-server0 libwebrtc-audio-processing1
2026-10-07T23:41:28.3533786Z   libwireplumber-0.4-0 libx11-dev libx11-xcb-dev libxau-dev libxcb-xkb-dev
2026-10-07T23:41:28.3534507Z   libxcb-xkb1 libxcb1-dev libxdmcp-dev libxkbcommon-dev libxkbcommon-x11-0
2026-10-07T23:41:28.3535237Z   libxkbcommon-x11-dev lld llvm llvm-runtime mesa-va-drivers musl musl-dev
2026-10-07T23:41:28.3536875Z   musl-tools pipewire pipewire-bin pipewire-pulse rtkit session-migration
2026-10-07T23:41:28.3537864Z   uuid-dev va-driver-all wireplumber x11proto-dev xdg-desktop-portal
2026-10-07T23:41:28.3538290Z   xorg-sgml-doctools xtrans-dev
2026-10-07T23:41:28.3543369Z The following packages will be upgraded:
2026-10-07T23:41:28.3546760Z   libfreetype6 libgbm1 libgl1-mesa-dri libglx-mesa0 libssl-dev libssl3t64
2026-10-07T23:41:28.3547889Z   mesa-libgallium openssl
2026-10-07T23:41:28.3710666Z 8 upgraded, 96 newly installed, 0 to remove and 22 not upgraded.
2026-10-07T23:41:28.3712586Z Need to get 49.5 MB of archives.
2026-10-07T23:41:28.3713043Z After this operation, 129 MB of additional disk space will be used.
2026-10-07T23:41:28.3713549Z Get:1 file:/etc/apt/apt-mirrors.txt Mirrorlist [144 B]
2026-10-07T23:41:28.4382698Z Ign:2 http://azure.archive.ubuntu.com/ubuntu noble-updates/main amd64 libssl-dev amd64 3.0.13-0ubuntu3.16
2026-10-07T23:41:28.6041145Z Get:3 http://azure.archive.ubuntu.com/ubuntu noble-updates/main amd64 libssl3t64 amd64 3.0.13-0ubuntu3.16 [1945 kB]
2026-10-07T23:41:29.2984910Z Get:4 http://azure.archive.ubuntu.com/ubuntu noble-updates/main amd64 openssl amd64 3.0.13-0ubuntu3.16 [1004 kB]
2026-10-07T23:41:29.4098145Z Get:5 http://azure.archive.ubuntu.com/ubuntu noble-updates/main amd64 bubblewrap amd64 0.9.0-1ubuntu0.3 [50.4 kB]
2026-10-07T23:41:29.4927162Z Get:6 http://azure.archive.ubuntu.com/ubuntu noble/main amd64 build-essential amd64 12.10ubuntu1 [4928 B]
2026-10-07T23:41:29.5752547Z Get:7 http://azure.archive.ubuntu.com/ubuntu noble-updates/main amd64 bzip2-doc all 1.0.8-5.1ubuntu0.1 [499 kB]
2026-10-07T23:41:29.6721112Z Get:8 http://azure.archive.ubuntu.com/ubuntu noble/universe amd64 clang amd64 1:18.0-59~exp2 [5846 B]
2026-10-07T23:41:29.7547709Z Get:9 http://azure.archive.ubuntu.com/ubuntu noble/main amd64 libjsoncpp25 amd64 1.9.5-6build1 [82.8 kB]
2026-10-07T23:41:29.8387476Z Get:10 http://azure.archive.ubuntu.com/ubuntu noble/main amd64 librhash0 amd64 1.4.3-3build1 [129 kB]
2026-10-07T23:41:29.9253205Z Get:11 http://azure.archive.ubuntu.com/ubuntu noble/main amd64 cmake-data all 3.28.3-1build7 [2155 kB]
2026-10-07T23:41:30.0733134Z Get:12 http://azure.archive.ubuntu.com/ubuntu noble/main amd64 cmake amd64 3.28.3-1build7 [11.2 MB]
2026-10-07T23:41:30.4436571Z Get:13 http://azure.archive.ubuntu.com/ubuntu noble-updates/main amd64 libasm1t64 amd64 0.190-1.1ubuntu0.1 [17.5 kB]
2026-10-07T23:41:30.5262144Z Get:14 http://azure.archive.ubuntu.com/ubuntu noble-updates/main amd64 elfutils amd64 0.190-1.1ubuntu0.1 [525 kB]
2026-10-07T23:41:30.6131297Z Get:15 http://azure.archive.ubuntu.com/ubuntu noble/main amd64 libproxy1v5 amd64 0.5.4-4build1 [26.5 kB]
2026-10-07T23:41:30.6966387Z Get:16 http://azure.archive.ubuntu.com/ubuntu noble/main amd64 glib-networking-common all 2.80.0-1build1 [6702 B]
2026-10-07T23:41:30.7791631Z Get:17 http://azure.archive.ubuntu.com/ubuntu noble/main amd64 glib-networking-services amd64 2.80.0-1build1 [12.8 kB]
2026-10-07T23:41:30.8616890Z Get:18 http://azure.archive.ubuntu.com/ubuntu noble/main amd64 session-migration amd64 0.3.9build1 [9034 B]
2026-10-07T23:41:30.9448397Z Get:19 http://azure.archive.ubuntu.com/ubuntu noble-updates/main amd64 gsettings-desktop-schemas all 46.1-0ubuntu1 [35.6 kB]
2026-10-07T23:41:31.0294228Z Get:20 http://azure.archive.ubuntu.com/ubuntu noble/main amd64 glib-networking amd64 2.80.0-1build1 [64.1 kB]
2026-10-07T23:41:31.1146382Z Get:21 http://azure.archive.ubuntu.com/ubuntu noble-updates/universe amd64 libva2 amd64 2.20.0-2ubuntu0.2 [66.4 kB]
2026-10-07T23:41:31.1998663Z Get:22 http://azure.archive.ubuntu.com/ubuntu noble-updates/universe amd64 libigdgmm12 amd64 22.3.17+ds1-1ubuntu1 [145 kB]
2026-10-07T23:41:31.2832335Z Get:23 http://azure.archive.ubuntu.com/ubuntu noble-updates/universe amd64 intel-media-va-driver amd64 24.1.0+dfsg1-1ubuntu0.2 [3163 kB]
2026-10-07T23:41:31.4482135Z Get:24 http://azure.archive.ubuntu.com/ubuntu noble-updates/main amd64 libasound2-dev amd64 1.2.11-1ubuntu0.3 [115 kB]
2026-10-07T23:41:31.6156965Z Get:25 http://azure.archive.ubuntu.com/ubuntu noble/main amd64 libasyncns0 amd64 0.8-6build4 [11.3 kB]
2026-10-07T23:41:31.6975145Z Get:26 http://azure.archive.ubuntu.com/ubuntu noble/main amd64 libbrotli-dev amd64 1.1.0-2build2 [353 kB]
2026-10-07T23:41:32.1169937Z Get:27 http://azure.archive.ubuntu.com/ubuntu noble-updates/main amd64 libbz2-dev amd64 1.0.8-5.1ubuntu0.1 [33.6 kB]
2026-10-07T23:41:32.2025430Z Get:28 http://azure.archive.ubuntu.com/ubuntu noble/main amd64 libflac12t64 amd64 1.4.3+ds-2.1ubuntu2 [197 kB]
2026-10-07T23:41:32.3156381Z Get:29 http://azure.archive.ubuntu.com/ubuntu noble-updates/main amd64 libfreetype6 amd64 2.13.2+dfsg-1ubuntu0.2 [403 kB]
2026-10-07T23:41:32.4617490Z Get:30 http://azure.archive.ubuntu.com/ubuntu noble-updates/main amd64 libpng-dev amd64 1.6.43-5ubuntu0.6 [265 kB]
2026-10-07T23:41:32.5580181Z Get:31 http://azure.archive.ubuntu.com/ubuntu noble-updates/main amd64 libfreetype-dev amd64 2.13.2+dfsg-1ubuntu0.2 [574 kB]
2026-10-07T23:41:32.6541274Z Get:32 http://azure.archive.ubuntu.com/ubuntu noble-updates/main amd64 uuid-dev amd64 2.39.3-9ubuntu6.6 [33.5 kB]
2026-10-07T23:41:32.7374554Z Get:33 http://azure.archive.ubuntu.com/ubuntu noble/main amd64 libfontconfig-dev amd64 2.15.0-1.1ubuntu2 [161 kB]
2026-10-07T23:41:32.8227583Z Get:34 http://azure.archive.ubuntu.com/ubuntu noble-updates/main amd64 libgl1-mesa-dri amd64 25.2.8-0ubuntu0.24.04.4 [38.0 kB]
2026-10-07T23:41:32.9054022Z Get:35 http://azure.archive.ubuntu.com/ubuntu noble-updates/main amd64 libglx-mesa0 amd64 25.2.8-0ubuntu0.24.04.4 [110 kB]
2026-10-07T23:41:32.9926147Z Get:36 http://azure.archive.ubuntu.com/ubuntu noble-updates/main amd64 libgbm1 amd64 25.2.8-0ubuntu0.24.04.4 [34.2 kB]
2026-10-07T23:41:33.0752431Z Get:37 http://azure.archive.ubuntu.com/ubuntu noble-updates/main amd64 mesa-libgallium amd64 25.2.8-0ubuntu0.24.04.4 [10.8 MB]
2026-10-07T23:41:33.4467070Z Get:38 http://azure.archive.ubuntu.com/ubuntu noble-updates/main amd64 libgirepository-2.0-0 amd64 2.80.0-6ubuntu3.9 [73.5 kB]
2026-10-07T23:41:33.5313521Z Get:39 http://azure.archive.ubuntu.com/ubuntu noble/main amd64 libhttp-parser2.9 amd64 2.9.4-6build1 [22.3 kB]
2026-10-07T23:41:33.6162969Z Get:40 http://azure.archive.ubuntu.com/ubuntu noble-updates/main amd64 libgit2-1.7 amd64 1.7.2+ds-1ubuntu3.2 [529 kB]
2026-10-07T23:41:33.7110043Z Get:41 http://azure.archive.ubuntu.com/ubuntu noble-updates/main amd64 libglib2.0-dev-bin amd64 2.80.0-6ubuntu3.9 [138 kB]
2026-10-07T23:41:33.7960452Z Get:42 http://azure.archive.ubuntu.com/ubuntu noble-updates/main amd64 libblkid-dev amd64 2.39.3-9ubuntu6.6 [205 kB]
2026-10-07T23:41:33.8820479Z Get:43 http://azure.archive.ubuntu.com/ubuntu noble/main amd64 libsepol-dev amd64 3.5-2build1 [384 kB]
2026-10-07T23:41:33.9733321Z Get:44 http://azure.archive.ubuntu.com/ubuntu noble-updates/main amd64 libselinux1-dev amd64 3.5-2ubuntu2.1 [164 kB]
2026-10-07T23:41:34.0613747Z Get:45 http://azure.archive.ubuntu.com/ubuntu noble-updates/main amd64 libmount-dev amd64 2.39.3-9ubuntu6.6 [14.9 kB]
2026-10-07T23:41:34.1462096Z Get:46 http://azure.archive.ubuntu.com/ubuntu noble-updates/main amd64 libglib2.0-dev amd64 2.80.0-6ubuntu3.9 [1860 kB]
2026-10-07T23:41:34.2766130Z Get:47 http://azure.archive.ubuntu.com/ubuntu noble/main amd64 libmp3lame0 amd64 3.100-6build1 [142 kB]
2026-10-07T23:41:34.3617128Z Get:48 http://azure.archive.ubuntu.com/ubuntu noble-updates/main amd64 libmpg123-0t64 amd64 1.32.5-1ubuntu1.1 [169 kB]
2026-10-07T23:41:34.4470720Z Get:49 http://azure.archive.ubuntu.com/ubuntu noble/main amd64 libopus0 amd64 1.4-1build1 [208 kB]
2026-10-07T23:41:34.5348051Z Get:50 http://azure.archive.ubuntu.com/ubuntu noble/main amd64 libwebrtc-audio-processing1 amd64 0.3.1-0ubuntu6 [290 kB]
2026-10-07T23:41:34.6241839Z Get:51 http://azure.archive.ubuntu.com/ubuntu noble-updates/main amd64 libspa-0.2-modules amd64 1.0.5-1ubuntu3.3 [628 kB]
2026-10-07T23:41:34.7217662Z Get:52 http://azure.archive.ubuntu.com/ubuntu noble-updates/main amd64 libpipewire-0.3-0t64 amd64 1.0.5-1ubuntu3.3 [252 kB]
2026-10-07T23:41:34.8097880Z Get:53 http://azure.archive.ubuntu.com/ubuntu noble-updates/main amd64 libpipewire-0.3-common all 1.0.5-1ubuntu3.3 [19.5 kB]
2026-10-07T23:41:34.8923173Z Get:54 http://azure.archive.ubuntu.com/ubuntu noble/main amd64 libvorbisenc2 amd64 1.3.7-1build3 [80.8 kB]
2026-10-07T23:41:34.9755926Z Get:55 http://azure.archive.ubuntu.com/ubuntu noble-updates/main amd64 libsndfile1 amd64 1.2.2-1ubuntu5.24.04.1 [209 kB]
2026-10-07T23:41:35.0629505Z Get:56 http://azure.archive.ubuntu.com/ubuntu noble-updates/main amd64 libpulse0 amd64 1:16.1+dfsg1-2ubuntu10.1 [292 kB]
2026-10-07T23:41:35.1525426Z Get:57 http://azure.archive.ubuntu.com/ubuntu noble/main amd64 libspeexdsp1 amd64 1.2.1-1ubuntu3 [43.1 kB]
2026-10-07T23:41:35.2398605Z Get:58 http://azure.archive.ubuntu.com/ubuntu noble/main amd64 libroc0.3 amd64 0.3.0+dfsg-7ubuntu2 [247 kB]
2026-10-07T23:41:35.3233790Z Get:59 http://azure.archive.ubuntu.com/ubuntu noble-updates/main amd64 libsoup-3.0-common all 3.4.4-5ubuntu0.9 [12.3 kB]
2026-10-07T23:41:35.4059981Z Get:60 http://azure.archive.ubuntu.com/ubuntu noble-updates/main amd64 libsoup-3.0-0 amd64 3.4.4-5ubuntu0.9 [291 kB]
2026-10-07T23:41:35.4945230Z Get:61 http://azure.archive.ubuntu.com/ubuntu noble/main amd64 libsnapd-glib-2-1 amd64 1.64-0ubuntu5 [107 kB]
2026-10-07T23:41:35.5786696Z Get:62 http://azure.archive.ubuntu.com/ubuntu noble-updates/main amd64 libpipewire-0.3-modules amd64 1.0.5-1ubuntu3.3 [815 kB]
2026-10-07T23:41:35.6836941Z Get:63 http://azure.archive.ubuntu.com/ubuntu noble-updates/main amd64 libpng-tools amd64 1.6.43-5ubuntu0.6 [28.5 kB]
2026-10-07T23:41:35.7661120Z Get:64 http://azure.archive.ubuntu.com/ubuntu noble/main amd64 libpthread-stubs0-dev amd64 0.4-1build3 [4746 B]
2026-10-07T23:41:35.8487791Z Get:65 http://azure.archive.ubuntu.com/ubuntu noble-updates/main amd64 libssh2-1-dev amd64 1.11.0-4.1ubuntu0.24.04.4 [260 kB]
2026-10-07T23:41:35.9361731Z Get:66 http://azure.archive.ubuntu.com/ubuntu noble-updates/universe amd64 libva-drm2 amd64 2.20.0-2ubuntu0.2 [7124 B]
2026-10-07T23:41:36.0195175Z Get:67 http://azure.archive.ubuntu.com/ubuntu noble-updates/universe amd64 libva-x11-2 amd64 2.20.0-2ubuntu0.2 [12.0 kB]
2026-10-07T23:41:36.1031262Z Get:68 http://azure.archive.ubuntu.com/ubuntu noble-updates/universe amd64 libva-glx2 amd64 2.20.0-2ubuntu0.2 [11.4 kB]
2026-10-07T23:41:36.1868228Z Get:69 http://azure.archive.ubuntu.com/ubuntu noble-updates/universe amd64 libva-wayland2 amd64 2.20.0-2ubuntu0.2 [10.9 kB]
2026-10-07T23:41:36.2698982Z Get:70 http://azure.archive.ubuntu.com/ubuntu noble/main amd64 libwayland-server0 amd64 1.22.0-2.1build1 [33.9 kB]
2026-10-07T23:41:36.3527223Z Get:71 http://azure.archive.ubuntu.com/ubuntu noble/main amd64 libwayland-bin amd64 1.22.0-2.1build1 [20.6 kB]
2026-10-07T23:41:36.4363537Z Get:72 http://azure.archive.ubuntu.com/ubuntu noble/main amd64 libwayland-dev amd64 1.22.0-2.1build1 [71.3 kB]
2026-10-07T23:41:36.5190029Z Get:73 http://azure.archive.ubuntu.com/ubuntu noble/universe amd64 libset-scalar-perl all 1.29-3 [28.6 kB]
2026-10-07T23:41:36.6017556Z Get:74 http://azure.archive.ubuntu.com/ubuntu noble-updates/universe amd64 libva-dev amd64 2.20.0-2ubuntu0.2 [114 kB]
2026-10-07T23:41:36.6859690Z Get:75 http://azure.archive.ubuntu.com/ubuntu noble-updates/main amd64 libwireplumber-0.4-0 amd64 0.4.17-1ubuntu4.1 [247 kB]
2026-10-07T23:41:36.7750560Z Get:76 http://azure.archive.ubuntu.com/ubuntu noble/main amd64 xorg-sgml-doctools all 1:1.11-1.1 [10.9 kB]
2026-10-07T23:41:36.8577761Z Get:77 http://azure.archive.ubuntu.com/ubuntu noble/main amd64 x11proto-dev all 2023.2-1 [602 kB]
2026-10-07T23:41:36.9550361Z Get:78 http://azure.archive.ubuntu.com/ubuntu noble/main amd64 libxau-dev amd64 1:1.0.9-1build6 [9570 B]
2026-10-07T23:41:37.0372831Z Get:79 http://azure.archive.ubuntu.com/ubuntu noble/main amd64 libxdmcp-dev amd64 1:1.1.3-0ubuntu6 [26.5 kB]
2026-10-07T23:41:37.1396884Z Get:80 http://azure.archive.ubuntu.com/ubuntu noble/main amd64 xtrans-dev all 1.4.0-1 [68.9 kB]
2026-10-07T23:41:37.2788797Z Get:81 http://azure.archive.ubuntu.com/ubuntu noble/main amd64 libxcb1-dev amd64 1.15-1ubuntu2 [85.8 kB]
2026-10-07T23:41:37.4195002Z Get:82 http://azure.archive.ubuntu.com/ubuntu noble/main amd64 libx11-dev amd64 2:1.8.7-1build1 [732 kB]
2026-10-07T23:41:37.7553504Z Get:83 http://azure.archive.ubuntu.com/ubuntu noble/main amd64 libx11-xcb-dev amd64 2:1.8.7-1build1 [9950 B]
2026-10-07T23:41:37.8397101Z Get:84 http://azure.archive.ubuntu.com/ubuntu noble/main amd64 libxcb-xkb1 amd64 1.15-1ubuntu2 [32.3 kB]
2026-10-07T23:41:37.9237520Z Get:85 http://azure.archive.ubuntu.com/ubuntu noble/main amd64 libxcb-xkb-dev amd64 1.15-1ubuntu2 [42.5 kB]
2026-10-07T23:41:38.0079607Z Get:86 http://azure.archive.ubuntu.com/ubuntu noble/main amd64 libxkbcommon-dev amd64 1.6.0-1build1 [56.3 kB]
2026-10-07T23:41:38.0944325Z Get:87 http://azure.archive.ubuntu.com/ubuntu noble/main amd64 libxkbcommon-x11-0 amd64 1.6.0-1build1 [14.5 kB]
2026-10-07T23:41:38.1774707Z Get:88 http://azure.archive.ubuntu.com/ubuntu noble/universe amd64 lld amd64 1:18.0-59~exp2 [5494 B]
2026-10-07T23:41:38.2598018Z Get:89 http://azure.archive.ubuntu.com/ubuntu noble/universe amd64 llvm-runtime amd64 1:18.0-59~exp2 [5496 B]
2026-10-07T23:41:38.3427875Z Get:90 http://azure.archive.ubuntu.com/ubuntu noble/universe amd64 llvm amd64 1:18.0-59~exp2 [4146 B]
2026-10-07T23:41:38.4259562Z Get:91 http://azure.archive.ubuntu.com/ubuntu noble-updates/universe amd64 mesa-va-drivers amd64 25.2.8-0ubuntu0.24.04.4 [6778 B]
2026-10-07T23:41:38.5096230Z Get:92 http://azure.archive.ubuntu.com/ubuntu noble-updates/main amd64 pipewire-bin amd64 1.0.5-1ubuntu3.3 [365 kB]
2026-10-07T23:41:38.6175087Z Get:93 http://azure.archive.ubuntu.com/ubuntu noble-updates/main amd64 pipewire amd64 1.0.5-1ubuntu3.3 [90.1 kB]
2026-10-07T23:41:38.7064481Z Get:94 http://azure.archive.ubuntu.com/ubuntu noble-updates/main amd64 pipewire-pulse amd64 1.0.5-1ubuntu3.3 [8454 B]
2026-10-07T23:41:38.7894603Z Get:95 http://azure.archive.ubuntu.com/ubuntu noble/main amd64 rtkit amd64 0.13-5build1 [34.6 kB]
2026-10-07T23:41:38.8745444Z Get:96 http://azure.archive.ubuntu.com/ubuntu noble-updates/universe amd64 i965-va-driver amd64 2.4.1+dfsg1-1ubuntu0.2 [332 kB]
2026-10-07T23:41:38.9789092Z Get:97 http://azure.archive.ubuntu.com/ubuntu noble-updates/universe amd64 va-driver-all amd64 2.20.0-2ubuntu0.2 [5014 B]
2026-10-07T23:41:39.0609972Z Get:98 http://azure.archive.ubuntu.com/ubuntu noble-updates/main amd64 wireplumber amd64 0.4.17-1ubuntu4.1 [80.0 kB]
2026-10-07T23:41:39.1502457Z Get:99 http://azure.archive.ubuntu.com/ubuntu noble-updates/main amd64 xdg-desktop-portal amd64 1.18.4-1ubuntu2.24.04.3 [307 kB]
2026-10-07T23:41:39.2539232Z Get:100 http://azure.archive.ubuntu.com/ubuntu noble/main amd64 libhttp-parser-dev amd64 2.9.4-6build1 [21.5 kB]
2026-10-07T23:41:39.3371259Z Get:101 http://azure.archive.ubuntu.com/ubuntu noble-updates/main amd64 libgit2-dev amd64 1.7.2+ds-1ubuntu3.2 [814 kB]
2026-10-07T23:41:39.4781886Z Get:102 http://azure.archive.ubuntu.com/ubuntu noble/main amd64 libxkbcommon-x11-dev amd64 1.6.0-1build1 [5586 B]
2026-10-07T23:41:39.6444574Z Get:103 http://azure.archive.ubuntu.com/ubuntu noble/universe amd64 musl amd64 1.2.4-2 [416 kB]
2026-10-07T23:41:40.1546752Z Get:104 http://azure.archive.ubuntu.com/ubuntu noble/universe amd64 musl-dev amd64 1.2.4-2 [616 kB]
2026-10-07T23:41:40.3438999Z Get:105 http://azure.archive.ubuntu.com/ubuntu noble/universe amd64 musl-tools amd64 1.2.4-2 [5540 B]
2026-10-07T23:41:40.4271841Z Get:2 http://azure.archive.ubuntu.com/ubuntu noble-updates/main amd64 libssl-dev amd64 3.0.13-0ubuntu3.16 [2409 kB]
2026-10-07T23:41:40.8710426Z Fetched 49.5 MB in 12s (4048 kB/s)
2026-10-07T23:41:40.9448022Z (Reading database ... 
2026-10-07T23:41:40.9448308Z (Reading database ... 5%
2026-10-07T23:41:40.9449054Z (Reading database ... 10%
2026-10-07T23:41:40.9449351Z (Reading database ... 15%
2026-10-07T23:41:40.9449624Z (Reading database ... 20%
2026-10-07T23:41:40.9449891Z (Reading database ... 25%
2026-10-07T23:41:40.9450072Z (Reading database ... 30%
2026-10-07T23:41:40.9450246Z (Reading database ... 35%
2026-10-07T23:41:40.9450435Z (Reading database ... 40%
2026-10-07T23:41:40.9450778Z (Reading database ... 45%
2026-10-07T23:41:40.9451038Z (Reading database ... 50%
2026-10-07T23:41:40.9493966Z (Reading database ... 55%
2026-10-07T23:41:41.2055000Z (Reading database ... 60%
2026-10-07T23:41:41.6217321Z (Reading database ... 65%
2026-10-07T23:41:41.8040553Z (Reading database ... 70%
2026-10-07T23:41:42.2684646Z (Reading database ... 75%
2026-10-07T23:41:42.7515522Z (Reading database ... 80%
2026-10-07T23:41:43.3045042Z (Reading database ... 85%
2026-10-07T23:41:43.4514253Z (Reading database ... 90%
2026-10-07T23:41:43.5724931Z (Reading database ... 95%
2026-10-07T23:41:43.5725577Z (Reading database ... 100%
2026-10-07T23:41:43.5725996Z (Reading database ... 202296 files and directories currently installed.)
2026-10-07T23:41:43.5765414Z Preparing to unpack .../libssl-dev_3.0.13-0ubuntu3.16_amd64.deb ...
2026-10-07T23:41:43.5806915Z Unpacking libssl-dev:amd64 (3.0.13-0ubuntu3.16) over (3.0.13-0ubuntu3.15) ...
2026-10-07T23:41:43.7477067Z Preparing to unpack .../libssl3t64_3.0.13-0ubuntu3.16_amd64.deb ...
2026-10-07T23:41:43.7501955Z Unpacking libssl3t64:amd64 (3.0.13-0ubuntu3.16) over (3.0.13-0ubuntu3.15) ...
2026-10-07T23:41:43.8187101Z Setting up libssl3t64:amd64 (3.0.13-0ubuntu3.16) ...
2026-10-07T23:41:43.8464012Z (Reading database ... 
2026-10-07T23:41:43.8464568Z (Reading database ... 5%
2026-10-07T23:41:43.8464864Z (Reading database ... 10%
2026-10-07T23:41:43.8465145Z (Reading database ... 15%
2026-10-07T23:41:43.8465430Z (Reading database ... 20%
2026-10-07T23:41:43.8465705Z (Reading database ... 25%
2026-10-07T23:41:43.8465969Z (Reading database ... 30%
2026-10-07T23:41:43.8466237Z (Reading database ... 35%
2026-10-07T23:41:43.8466493Z (Reading database ... 40%
2026-10-07T23:41:43.8466750Z (Reading database ... 45%
2026-10-07T23:41:43.8467019Z (Reading database ... 50%
2026-10-07T23:41:43.8471590Z (Reading database ... 55%
2026-10-07T23:41:43.8556161Z (Reading database ... 60%
2026-10-07T23:41:43.8579233Z (Reading database ... 65%
2026-10-07T23:41:43.8597105Z (Reading database ... 70%
2026-10-07T23:41:43.8627540Z (Reading database ... 75%
2026-10-07T23:41:43.8653768Z (Reading database ... 80%
2026-10-07T23:41:43.8676358Z (Reading database ... 85%
2026-10-07T23:41:43.8801484Z (Reading database ... 90%
2026-10-07T23:41:43.9029562Z (Reading database ... 95%
2026-10-07T23:41:43.9029852Z (Reading database ... 100%
2026-10-07T23:41:43.9030250Z (Reading database ... 202296 files and directories currently installed.)
2026-10-07T23:41:43.9068358Z Preparing to unpack .../000-openssl_3.0.13-0ubuntu3.16_amd64.deb ...
2026-10-07T23:41:43.9088622Z Unpacking openssl (3.0.13-0ubuntu3.16) over (3.0.13-0ubuntu3.15) ...
2026-10-07T23:41:43.9985400Z Selecting previously unselected package bubblewrap.
2026-10-07T23:41:44.0102672Z Preparing to unpack .../001-bubblewrap_0.9.0-1ubuntu0.3_amd64.deb ...
2026-10-07T23:41:44.0110456Z Unpacking bubblewrap (0.9.0-1ubuntu0.3) ...
2026-10-07T23:41:44.0411104Z Selecting previously unselected package build-essential.
2026-10-07T23:41:44.0522428Z Preparing to unpack .../002-build-essential_12.10ubuntu1_amd64.deb ...
2026-10-07T23:41:44.0527893Z Unpacking build-essential (12.10ubuntu1) ...
2026-10-07T23:41:44.0705905Z Selecting previously unselected package bzip2-doc.
2026-10-07T23:41:44.0816110Z Preparing to unpack .../003-bzip2-doc_1.0.8-5.1ubuntu0.1_all.deb ...
2026-10-07T23:41:44.0821599Z Unpacking bzip2-doc (1.0.8-5.1ubuntu0.1) ...
2026-10-07T23:41:44.1042623Z Selecting previously unselected package clang.
2026-10-07T23:41:44.1154090Z Preparing to unpack .../004-clang_1%3a18.0-59~exp2_amd64.deb ...
2026-10-07T23:41:44.1160621Z Unpacking clang (1:18.0-59~exp2) ...
2026-10-07T23:41:44.1332825Z Selecting previously unselected package libjsoncpp25:amd64.
2026-10-07T23:41:44.1443285Z Preparing to unpack .../005-libjsoncpp25_1.9.5-6build1_amd64.deb ...
2026-10-07T23:41:44.1448881Z Unpacking libjsoncpp25:amd64 (1.9.5-6build1) ...
2026-10-07T23:41:44.1628947Z Selecting previously unselected package librhash0:amd64.
2026-10-07T23:41:44.1737309Z Preparing to unpack .../006-librhash0_1.4.3-3build1_amd64.deb ...
2026-10-07T23:41:44.1742728Z Unpacking librhash0:amd64 (1.4.3-3build1) ...
2026-10-07T23:41:44.1924006Z Selecting previously unselected package cmake-data.
2026-10-07T23:41:44.2033386Z Preparing to unpack .../007-cmake-data_3.28.3-1build7_all.deb ...
2026-10-07T23:41:44.2257290Z Unpacking cmake-data (3.28.3-1build7) ...
2026-10-07T23:41:44.6118581Z Selecting previously unselected package cmake.
2026-10-07T23:41:44.6243731Z Preparing to unpack .../008-cmake_3.28.3-1build7_amd64.deb ...
2026-10-07T23:41:44.6255845Z Unpacking cmake (3.28.3-1build7) ...
2026-10-07T23:41:44.8587983Z Selecting previously unselected package libasm1t64:amd64.
2026-10-07T23:41:44.8700705Z Preparing to unpack .../009-libasm1t64_0.190-1.1ubuntu0.1_amd64.deb ...
2026-10-07T23:41:44.8706929Z Unpacking libasm1t64:amd64 (0.190-1.1ubuntu0.1) ...
2026-10-07T23:41:44.8946174Z Selecting previously unselected package elfutils.
2026-10-07T23:41:44.9057277Z Preparing to unpack .../010-elfutils_0.190-1.1ubuntu0.1_amd64.deb ...
2026-10-07T23:41:44.9193745Z Unpacking elfutils (0.190-1.1ubuntu0.1) ...
2026-10-07T23:41:44.9659032Z Selecting previously unselected package libproxy1v5:amd64.
2026-10-07T23:41:44.9775251Z Preparing to unpack .../011-libproxy1v5_0.5.4-4build1_amd64.deb ...
2026-10-07T23:41:44.9782358Z Unpacking libproxy1v5:amd64 (0.5.4-4build1) ...
2026-10-07T23:41:44.9963159Z Selecting previously unselected package glib-networking-common.
2026-10-07T23:41:45.0076890Z Preparing to unpack .../012-glib-networking-common_2.80.0-1build1_all.deb ...
2026-10-07T23:41:45.0081635Z Unpacking glib-networking-common (2.80.0-1build1) ...
2026-10-07T23:41:45.0236145Z Selecting previously unselected package glib-networking-services.
2026-10-07T23:41:45.0348985Z Preparing to unpack .../013-glib-networking-services_2.80.0-1build1_amd64.deb ...
2026-10-07T23:41:45.0354095Z Unpacking glib-networking-services (2.80.0-1build1) ...
2026-10-07T23:41:45.0515902Z Selecting previously unselected package session-migration.
2026-10-07T23:41:45.0626857Z Preparing to unpack .../014-session-migration_0.3.9build1_amd64.deb ...
2026-10-07T23:41:45.0633919Z Unpacking session-migration (0.3.9build1) ...
2026-10-07T23:41:45.0950117Z Selecting previously unselected package gsettings-desktop-schemas.
2026-10-07T23:41:45.1061587Z Preparing to unpack .../015-gsettings-desktop-schemas_46.1-0ubuntu1_all.deb ...
2026-10-07T23:41:45.1066720Z Unpacking gsettings-desktop-schemas (46.1-0ubuntu1) ...
2026-10-07T23:41:45.1281335Z Selecting previously unselected package glib-networking:amd64.
2026-10-07T23:41:45.1395801Z Preparing to unpack .../016-glib-networking_2.80.0-1build1_amd64.deb ...
2026-10-07T23:41:45.1400608Z Unpacking glib-networking:amd64 (2.80.0-1build1) ...
2026-10-07T23:41:45.1614200Z Selecting previously unselected package libva2:amd64.
2026-10-07T23:41:45.1727309Z Preparing to unpack .../017-libva2_2.20.0-2ubuntu0.2_amd64.deb ...
2026-10-07T23:41:45.1732988Z Unpacking libva2:amd64 (2.20.0-2ubuntu0.2) ...
2026-10-07T23:41:45.1905355Z Selecting previously unselected package libigdgmm12:amd64.
2026-10-07T23:41:45.2016681Z Preparing to unpack .../018-libigdgmm12_22.3.17+ds1-1ubuntu1_amd64.deb ...
2026-10-07T23:41:45.2022405Z Unpacking libigdgmm12:amd64 (22.3.17+ds1-1ubuntu1) ...
2026-10-07T23:41:45.2195081Z Selecting previously unselected package intel-media-va-driver:amd64.
2026-10-07T23:41:45.2305388Z Preparing to unpack .../019-intel-media-va-driver_24.1.0+dfsg1-1ubuntu0.2_amd64.deb ...
2026-10-07T23:41:45.2310051Z Unpacking intel-media-va-driver:amd64 (24.1.0+dfsg1-1ubuntu0.2) ...
2026-10-07T23:41:45.3616745Z Selecting previously unselected package libasound2-dev:amd64.
2026-10-07T23:41:45.3730674Z Preparing to unpack .../020-libasound2-dev_1.2.11-1ubuntu0.3_amd64.deb ...
2026-10-07T23:41:45.3754561Z Unpacking libasound2-dev:amd64 (1.2.11-1ubuntu0.3) ...
2026-10-07T23:41:45.4075023Z Selecting previously unselected package libasyncns0:amd64.
2026-10-07T23:41:45.4188595Z Preparing to unpack .../021-libasyncns0_0.8-6build4_amd64.deb ...
2026-10-07T23:41:45.4194976Z Unpacking libasyncns0:amd64 (0.8-6build4) ...
2026-10-07T23:41:45.4354825Z Selecting previously unselected package libbrotli-dev:amd64.
2026-10-07T23:41:45.4468344Z Preparing to unpack .../022-libbrotli-dev_1.1.0-2build2_amd64.deb ...
2026-10-07T23:41:45.4473708Z Unpacking libbrotli-dev:amd64 (1.1.0-2build2) ...
2026-10-07T23:41:45.4673403Z Selecting previously unselected package libbz2-dev:amd64.
2026-10-07T23:41:45.4786269Z Preparing to unpack .../023-libbz2-dev_1.0.8-5.1ubuntu0.1_amd64.deb ...
2026-10-07T23:41:45.4791983Z Unpacking libbz2-dev:amd64 (1.0.8-5.1ubuntu0.1) ...
2026-10-07T23:41:45.5151284Z Selecting previously unselected package libflac12t64:amd64.
2026-10-07T23:41:45.5269379Z Preparing to unpack .../024-libflac12t64_1.4.3+ds-2.1ubuntu2_amd64.deb ...
2026-10-07T23:41:45.5275795Z Unpacking libflac12t64:amd64 (1.4.3+ds-2.1ubuntu2) ...
2026-10-07T23:41:45.5935082Z Preparing to unpack .../025-libfreetype6_2.13.2+dfsg-1ubuntu0.2_amd64.deb ...
2026-10-07T23:41:45.5953719Z Unpacking libfreetype6:amd64 (2.13.2+dfsg-1ubuntu0.2) over (2.13.2+dfsg-1ubuntu0.1) ...
2026-10-07T23:41:45.6469100Z Selecting previously unselected package libpng-dev:amd64.
2026-10-07T23:41:45.6583647Z Preparing to unpack .../026-libpng-dev_1.6.43-5ubuntu0.6_amd64.deb ...
2026-10-07T23:41:45.6588837Z Unpacking libpng-dev:amd64 (1.6.43-5ubuntu0.6) ...
2026-10-07T23:41:45.6954039Z Selecting previously unselected package libfreetype-dev:amd64.
2026-10-07T23:41:45.7066795Z Preparing to unpack .../027-libfreetype-dev_2.13.2+dfsg-1ubuntu0.2_amd64.deb ...
2026-10-07T23:41:45.7435678Z Unpacking libfreetype-dev:amd64 (2.13.2+dfsg-1ubuntu0.2) ...
2026-10-07T23:41:45.7952448Z Selecting previously unselected package uuid-dev:amd64.
2026-10-07T23:41:45.8067066Z Preparing to unpack .../028-uuid-dev_2.39.3-9ubuntu6.6_amd64.deb ...
2026-10-07T23:41:45.8072601Z Unpacking uuid-dev:amd64 (2.39.3-9ubuntu6.6) ...
2026-10-07T23:41:45.9124650Z Selecting previously unselected package libfontconfig-dev:amd64.
2026-10-07T23:41:45.9237052Z Preparing to unpack .../029-libfontconfig-dev_2.15.0-1.1ubuntu2_amd64.deb ...
2026-10-07T23:41:45.9246691Z Unpacking libfontconfig-dev:amd64 (2.15.0-1.1ubuntu2) ...
2026-10-07T23:41:45.9991343Z Preparing to unpack .../030-libgl1-mesa-dri_25.2.8-0ubuntu0.24.04.4_amd64.deb ...
2026-10-07T23:41:46.0108611Z Unpacking libgl1-mesa-dri:amd64 (25.2.8-0ubuntu0.24.04.4) over (25.2.8-0ubuntu0.24.04.2) ...
2026-10-07T23:41:46.0523002Z Preparing to unpack .../031-libglx-mesa0_25.2.8-0ubuntu0.24.04.4_amd64.deb ...
2026-10-07T23:41:46.0539749Z Unpacking libglx-mesa0:amd64 (25.2.8-0ubuntu0.24.04.4) over (25.2.8-0ubuntu0.24.04.2) ...
2026-10-07T23:41:46.0994740Z Preparing to unpack .../032-libgbm1_25.2.8-0ubuntu0.24.04.4_amd64.deb ...
2026-10-07T23:41:46.1014570Z Unpacking libgbm1:amd64 (25.2.8-0ubuntu0.24.04.4) over (25.2.8-0ubuntu0.24.04.2) ...
2026-10-07T23:41:46.1343338Z Preparing to unpack .../033-mesa-libgallium_25.2.8-0ubuntu0.24.04.4_amd64.deb ...
2026-10-07T23:41:46.1361063Z Unpacking mesa-libgallium:amd64 (25.2.8-0ubuntu0.24.04.4) over (25.2.8-0ubuntu0.24.04.2) ...
2026-10-07T23:41:46.4708871Z Selecting previously unselected package libgirepository-2.0-0:amd64.
2026-10-07T23:41:46.4822671Z Preparing to unpack .../034-libgirepository-2.0-0_2.80.0-6ubuntu3.9_amd64.deb ...
2026-10-07T23:41:46.4828317Z Unpacking libgirepository-2.0-0:amd64 (2.80.0-6ubuntu3.9) ...
2026-10-07T23:41:46.5044645Z Selecting previously unselected package libhttp-parser2.9:amd64.
2026-10-07T23:41:46.5155408Z Preparing to unpack .../035-libhttp-parser2.9_2.9.4-6build1_amd64.deb ...
2026-10-07T23:41:46.5161817Z Unpacking libhttp-parser2.9:amd64 (2.9.4-6build1) ...
2026-10-07T23:41:46.5332164Z Selecting previously unselected package libgit2-1.7:amd64.
2026-10-07T23:41:46.5444178Z Preparing to unpack .../036-libgit2-1.7_1.7.2+ds-1ubuntu3.2_amd64.deb ...
2026-10-07T23:41:46.5450250Z Unpacking libgit2-1.7:amd64 (1.7.2+ds-1ubuntu3.2) ...
2026-10-07T23:41:46.5656314Z Selecting previously unselected package libglib2.0-dev-bin.
2026-10-07T23:41:46.5766752Z Preparing to unpack .../037-libglib2.0-dev-bin_2.80.0-6ubuntu3.9_amd64.deb ...
2026-10-07T23:41:46.5771934Z Unpacking libglib2.0-dev-bin (2.80.0-6ubuntu3.9) ...
2026-10-07T23:41:46.6000032Z Selecting previously unselected package libblkid-dev:amd64.
2026-10-07T23:41:46.6113039Z Preparing to unpack .../038-libblkid-dev_2.39.3-9ubuntu6.6_amd64.deb ...
2026-10-07T23:41:46.6118258Z Unpacking libblkid-dev:amd64 (2.39.3-9ubuntu6.6) ...
2026-10-07T23:41:46.6497561Z Selecting previously unselected package libsepol-dev:amd64.
2026-10-07T23:41:46.6609810Z Preparing to unpack .../039-libsepol-dev_3.5-2build1_amd64.deb ...
2026-10-07T23:41:46.6615795Z Unpacking libsepol-dev:amd64 (3.5-2build1) ...
2026-10-07T23:41:46.6864703Z Selecting previously unselected package libselinux1-dev:amd64.
2026-10-07T23:41:46.6977320Z Preparing to unpack .../040-libselinux1-dev_3.5-2ubuntu2.1_amd64.deb ...
2026-10-07T23:41:46.6982443Z Unpacking libselinux1-dev:amd64 (3.5-2ubuntu2.1) ...
2026-10-07T23:41:46.7321341Z Selecting previously unselected package libmount-dev:amd64.
2026-10-07T23:41:46.7434275Z Preparing to unpack .../041-libmount-dev_2.39.3-9ubuntu6.6_amd64.deb ...
2026-10-07T23:41:46.7441035Z Unpacking libmount-dev:amd64 (2.39.3-9ubuntu6.6) ...
2026-10-07T23:41:46.7598633Z Selecting previously unselected package libglib2.0-dev:amd64.
2026-10-07T23:41:46.7709177Z Preparing to unpack .../042-libglib2.0-dev_2.80.0-6ubuntu3.9_amd64.deb ...
2026-10-07T23:41:46.7715025Z Unpacking libglib2.0-dev:amd64 (2.80.0-6ubuntu3.9) ...
2026-10-07T23:41:46.8765159Z Selecting previously unselected package libmp3lame0:amd64.
2026-10-07T23:41:46.8880425Z Preparing to unpack .../043-libmp3lame0_3.100-6build1_amd64.deb ...
2026-10-07T23:41:46.8885469Z Unpacking libmp3lame0:amd64 (3.100-6build1) ...
2026-10-07T23:41:46.9072022Z Selecting previously unselected package libmpg123-0t64:amd64.
2026-10-07T23:41:46.9184696Z Preparing to unpack .../044-libmpg123-0t64_1.32.5-1ubuntu1.1_amd64.deb ...
2026-10-07T23:41:46.9191001Z Unpacking libmpg123-0t64:amd64 (1.32.5-1ubuntu1.1) ...
2026-10-07T23:41:46.9459314Z Selecting previously unselected package libopus0:amd64.
2026-10-07T23:41:46.9569685Z Preparing to unpack .../045-libopus0_1.4-1build1_amd64.deb ...
2026-10-07T23:41:46.9575633Z Unpacking libopus0:amd64 (1.4-1build1) ...
2026-10-07T23:41:47.0068586Z Selecting previously unselected package libwebrtc-audio-processing1:amd64.
2026-10-07T23:41:47.0182804Z Preparing to unpack .../046-libwebrtc-audio-processing1_0.3.1-0ubuntu6_amd64.deb ...
2026-10-07T23:41:47.0188868Z Unpacking libwebrtc-audio-processing1:amd64 (0.3.1-0ubuntu6) ...
2026-10-07T23:41:47.0374812Z Selecting previously unselected package libspa-0.2-modules:amd64.
2026-10-07T23:41:47.0488078Z Preparing to unpack .../047-libspa-0.2-modules_1.0.5-1ubuntu3.3_amd64.deb ...
2026-10-07T23:41:47.0493363Z Unpacking libspa-0.2-modules:amd64 (1.0.5-1ubuntu3.3) ...
2026-10-07T23:41:47.1368252Z Selecting previously unselected package libpipewire-0.3-0t64:amd64.
2026-10-07T23:41:47.1482424Z Preparing to unpack .../048-libpipewire-0.3-0t64_1.0.5-1ubuntu3.3_amd64.deb ...
2026-10-07T23:41:47.1653899Z Unpacking libpipewire-0.3-0t64:amd64 (1.0.5-1ubuntu3.3) ...
2026-10-07T23:41:47.2071867Z Selecting previously unselected package libpipewire-0.3-common.
2026-10-07T23:41:47.2185576Z Preparing to unpack .../049-libpipewire-0.3-common_1.0.5-1ubuntu3.3_all.deb ...
2026-10-07T23:41:47.2191632Z Unpacking libpipewire-0.3-common (1.0.5-1ubuntu3.3) ...
2026-10-07T23:41:47.2360390Z Selecting previously unselected package libvorbisenc2:amd64.
2026-10-07T23:41:47.2472931Z Preparing to unpack .../050-libvorbisenc2_1.3.7-1build3_amd64.deb ...
2026-10-07T23:41:47.2478630Z Unpacking libvorbisenc2:amd64 (1.3.7-1build3) ...
2026-10-07T23:41:47.2667473Z Selecting previously unselected package libsndfile1:amd64.
2026-10-07T23:41:47.2780056Z Preparing to unpack .../051-libsndfile1_1.2.2-1ubuntu5.24.04.1_amd64.deb ...
2026-10-07T23:41:47.2786375Z Unpacking libsndfile1:amd64 (1.2.2-1ubuntu5.24.04.1) ...
2026-10-07T23:41:47.3183998Z Selecting previously unselected package libpulse0:amd64.
2026-10-07T23:41:47.3297823Z Preparing to unpack .../052-libpulse0_1%3a16.1+dfsg1-2ubuntu10.1_amd64.deb ...
2026-10-07T23:41:47.3353668Z Unpacking libpulse0:amd64 (1:16.1+dfsg1-2ubuntu10.1) ...
2026-10-07T23:41:47.3554052Z Selecting previously unselected package libspeexdsp1:amd64.
2026-10-07T23:41:47.3667005Z Preparing to unpack .../053-libspeexdsp1_1.2.1-1ubuntu3_amd64.deb ...
2026-10-07T23:41:47.3673275Z Unpacking libspeexdsp1:amd64 (1.2.1-1ubuntu3) ...
2026-10-07T23:41:47.3841329Z Selecting previously unselected package libroc0.3:amd64.
2026-10-07T23:41:47.3952729Z Preparing to unpack .../054-libroc0.3_0.3.0+dfsg-7ubuntu2_amd64.deb ...
2026-10-07T23:41:47.3961376Z Unpacking libroc0.3:amd64 (0.3.0+dfsg-7ubuntu2) ...
2026-10-07T23:41:47.4148264Z Selecting previously unselected package libsoup-3.0-common.
2026-10-07T23:41:47.4258816Z Preparing to unpack .../055-libsoup-3.0-common_3.4.4-5ubuntu0.9_all.deb ...
2026-10-07T23:41:47.4264437Z Unpacking libsoup-3.0-common (3.4.4-5ubuntu0.9) ...
2026-10-07T23:41:47.4496046Z Selecting previously unselected package libsoup-3.0-0:amd64.
2026-10-07T23:41:47.4606182Z Preparing to unpack .../056-libsoup-3.0-0_3.4.4-5ubuntu0.9_amd64.deb ...
2026-10-07T23:41:47.4612077Z Unpacking libsoup-3.0-0:amd64 (3.4.4-5ubuntu0.9) ...
2026-10-07T23:41:47.4834462Z Selecting previously unselected package libsnapd-glib-2-1:amd64.
2026-10-07T23:41:47.4946823Z Preparing to unpack .../057-libsnapd-glib-2-1_1.64-0ubuntu5_amd64.deb ...
2026-10-07T23:41:47.4952696Z Unpacking libsnapd-glib-2-1:amd64 (1.64-0ubuntu5) ...
2026-10-07T23:41:47.5409315Z Selecting previously unselected package libpipewire-0.3-modules:amd64.
2026-10-07T23:41:47.5522229Z Preparing to unpack .../058-libpipewire-0.3-modules_1.0.5-1ubuntu3.3_amd64.deb ...
2026-10-07T23:41:47.5527747Z Unpacking libpipewire-0.3-modules:amd64 (1.0.5-1ubuntu3.3) ...
2026-10-07T23:41:47.6221212Z Selecting previously unselected package libpng-tools.
2026-10-07T23:41:47.6334663Z Preparing to unpack .../059-libpng-tools_1.6.43-5ubuntu0.6_amd64.deb ...
2026-10-07T23:41:47.6340632Z Unpacking libpng-tools (1.6.43-5ubuntu0.6) ...
2026-10-07T23:41:47.6511353Z Selecting previously unselected package libpthread-stubs0-dev:amd64.
2026-10-07T23:41:47.6623672Z Preparing to unpack .../060-libpthread-stubs0-dev_0.4-1build3_amd64.deb ...
2026-10-07T23:41:47.6774464Z Unpacking libpthread-stubs0-dev:amd64 (0.4-1build3) ...
2026-10-07T23:41:47.6943110Z Selecting previously unselected package libssh2-1-dev:amd64.
2026-10-07T23:41:47.7060909Z Preparing to unpack .../061-libssh2-1-dev_1.11.0-4.1ubuntu0.24.04.4_amd64.deb ...
2026-10-07T23:41:47.7071118Z Unpacking libssh2-1-dev:amd64 (1.11.0-4.1ubuntu0.24.04.4) ...
2026-10-07T23:41:47.7490815Z Selecting previously unselected package libva-drm2:amd64.
2026-10-07T23:41:47.7604964Z Preparing to unpack .../062-libva-drm2_2.20.0-2ubuntu0.2_amd64.deb ...
2026-10-07T23:41:47.7611172Z Unpacking libva-drm2:amd64 (2.20.0-2ubuntu0.2) ...
2026-10-07T23:41:47.7781886Z Selecting previously unselected package libva-x11-2:amd64.
2026-10-07T23:41:47.7893520Z Preparing to unpack .../063-libva-x11-2_2.20.0-2ubuntu0.2_amd64.deb ...
2026-10-07T23:41:47.7900033Z Unpacking libva-x11-2:amd64 (2.20.0-2ubuntu0.2) ...
2026-10-07T23:41:47.8064988Z Selecting previously unselected package libva-glx2:amd64.
2026-10-07T23:41:47.8174373Z Preparing to unpack .../064-libva-glx2_2.20.0-2ubuntu0.2_amd64.deb ...
2026-10-07T23:41:47.8180425Z Unpacking libva-glx2:amd64 (2.20.0-2ubuntu0.2) ...
2026-10-07T23:41:47.8341737Z Selecting previously unselected package libva-wayland2:amd64.
2026-10-07T23:41:47.8449019Z Preparing to unpack .../065-libva-wayland2_2.20.0-2ubuntu0.2_amd64.deb ...
2026-10-07T23:41:47.8455091Z Unpacking libva-wayland2:amd64 (2.20.0-2ubuntu0.2) ...
2026-10-07T23:41:47.8621047Z Selecting previously unselected package libwayland-server0:amd64.
2026-10-07T23:41:47.8726175Z Preparing to unpack .../066-libwayland-server0_1.22.0-2.1build1_amd64.deb ...
2026-10-07T23:41:47.8992932Z Unpacking libwayland-server0:amd64 (1.22.0-2.1build1) ...
2026-10-07T23:41:47.9148869Z Selecting previously unselected package libwayland-bin.
2026-10-07T23:41:47.9257188Z Preparing to unpack .../067-libwayland-bin_1.22.0-2.1build1_amd64.deb ...
2026-10-07T23:41:47.9262306Z Unpacking libwayland-bin (1.22.0-2.1build1) ...
2026-10-07T23:41:47.9419454Z Selecting previously unselected package libwayland-dev:amd64.
2026-10-07T23:41:47.9524740Z Preparing to unpack .../068-libwayland-dev_1.22.0-2.1build1_amd64.deb ...
2026-10-07T23:41:47.9530076Z Unpacking libwayland-dev:amd64 (1.22.0-2.1build1) ...
2026-10-07T23:41:47.9882072Z Selecting previously unselected package libset-scalar-perl.
2026-10-07T23:41:47.9990213Z Preparing to unpack .../069-libset-scalar-perl_1.29-3_all.deb ...
2026-10-07T23:41:47.9995251Z Unpacking libset-scalar-perl (1.29-3) ...
2026-10-07T23:41:48.0165180Z Selecting previously unselected package libva-dev:amd64.
2026-10-07T23:41:48.0272012Z Preparing to unpack .../070-libva-dev_2.20.0-2ubuntu0.2_amd64.deb ...
2026-10-07T23:41:48.0279845Z Unpacking libva-dev:amd64 (2.20.0-2ubuntu0.2) ...
2026-10-07T23:41:48.0508803Z Selecting previously unselected package libwireplumber-0.4-0:amd64.
2026-10-07T23:41:48.0617405Z Preparing to unpack .../071-libwireplumber-0.4-0_0.4.17-1ubuntu4.1_amd64.deb ...
2026-10-07T23:41:48.0623719Z Unpacking libwireplumber-0.4-0:amd64 (0.4.17-1ubuntu4.1) ...
2026-10-07T23:41:48.0916170Z Selecting previously unselected package xorg-sgml-doctools.
2026-10-07T23:41:48.1031736Z Preparing to unpack .../072-xorg-sgml-doctools_1%3a1.11-1.1_all.deb ...
2026-10-07T23:41:48.1038746Z Unpacking xorg-sgml-doctools (1:1.11-1.1) ...
2026-10-07T23:41:48.1287926Z Selecting previously unselected package x11proto-dev.
2026-10-07T23:41:48.1402126Z Preparing to unpack .../073-x11proto-dev_2023.2-1_all.deb ...
2026-10-07T23:41:48.1408196Z Unpacking x11proto-dev (2023.2-1) ...
2026-10-07T23:41:48.1797798Z Selecting previously unselected package libxau-dev:amd64.
2026-10-07T23:41:48.1911639Z Preparing to unpack .../074-libxau-dev_1%3a1.0.9-1build6_amd64.deb ...
2026-10-07T23:41:48.1918219Z Unpacking libxau-dev:amd64 (1:1.0.9-1build6) ...
2026-10-07T23:41:48.2704794Z Selecting previously unselected package libxdmcp-dev:amd64.
2026-10-07T23:41:48.2817593Z Preparing to unpack .../075-libxdmcp-dev_1%3a1.1.3-0ubuntu6_amd64.deb ...
2026-10-07T23:41:48.2822142Z Unpacking libxdmcp-dev:amd64 (1:1.1.3-0ubuntu6) ...
2026-10-07T23:41:48.2985258Z Selecting previously unselected package xtrans-dev.
2026-10-07T23:41:48.3093271Z Preparing to unpack .../076-xtrans-dev_1.4.0-1_all.deb ...
2026-10-07T23:41:48.3098293Z Unpacking xtrans-dev (1.4.0-1) ...
2026-10-07T23:41:48.3296494Z Selecting previously unselected package libxcb1-dev:amd64.
2026-10-07T23:41:48.3404813Z Preparing to unpack .../077-libxcb1-dev_1.15-1ubuntu2_amd64.deb ...
2026-10-07T23:41:48.3409648Z Unpacking libxcb1-dev:amd64 (1.15-1ubuntu2) ...
2026-10-07T23:41:48.3594221Z Selecting previously unselected package libx11-dev:amd64.
2026-10-07T23:41:48.3704480Z Preparing to unpack .../078-libx11-dev_2%3a1.8.7-1build1_amd64.deb ...
2026-10-07T23:41:48.3786071Z Unpacking libx11-dev:amd64 (2:1.8.7-1build1) ...
2026-10-07T23:41:48.4122187Z Selecting previously unselected package libx11-xcb-dev:amd64.
2026-10-07T23:41:48.4234570Z Preparing to unpack .../079-libx11-xcb-dev_2%3a1.8.7-1build1_amd64.deb ...
2026-10-07T23:41:48.4240015Z Unpacking libx11-xcb-dev:amd64 (2:1.8.7-1build1) ...
2026-10-07T23:41:48.4432966Z Selecting previously unselected package libxcb-xkb1:amd64.
2026-10-07T23:41:48.4542342Z Preparing to unpack .../080-libxcb-xkb1_1.15-1ubuntu2_amd64.deb ...
2026-10-07T23:41:48.4556808Z Unpacking libxcb-xkb1:amd64 (1.15-1ubuntu2) ...
2026-10-07T23:41:48.4715024Z Selecting previously unselected package libxcb-xkb-dev:amd64.
2026-10-07T23:41:48.4824813Z Preparing to unpack .../081-libxcb-xkb-dev_1.15-1ubuntu2_amd64.deb ...
2026-10-07T23:41:48.4831252Z Unpacking libxcb-xkb-dev:amd64 (1.15-1ubuntu2) ...
2026-10-07T23:41:48.5029432Z Selecting previously unselected package libxkbcommon-dev:amd64.
2026-10-07T23:41:48.5143242Z Preparing to unpack .../082-libxkbcommon-dev_1.6.0-1build1_amd64.deb ...
2026-10-07T23:41:48.5151965Z Unpacking libxkbcommon-dev:amd64 (1.6.0-1build1) ...
2026-10-07T23:41:48.5344831Z Selecting previously unselected package libxkbcommon-x11-0:amd64.
2026-10-07T23:41:48.5460067Z Preparing to unpack .../083-libxkbcommon-x11-0_1.6.0-1build1_amd64.deb ...
2026-10-07T23:41:48.5469557Z Unpacking libxkbcommon-x11-0:amd64 (1.6.0-1build1) ...
2026-10-07T23:41:48.5626110Z Selecting previously unselected package lld:amd64.
2026-10-07T23:41:48.5741210Z Preparing to unpack .../084-lld_1%3a18.0-59~exp2_amd64.deb ...
2026-10-07T23:41:48.5748199Z Unpacking lld:amd64 (1:18.0-59~exp2) ...
2026-10-07T23:41:48.5927598Z Selecting previously unselected package llvm-runtime:amd64.
2026-10-07T23:41:48.6040519Z Preparing to unpack .../085-llvm-runtime_1%3a18.0-59~exp2_amd64.deb ...
2026-10-07T23:41:48.6045787Z Unpacking llvm-runtime:amd64 (1:18.0-59~exp2) ...
2026-10-07T23:41:48.6607960Z Selecting previously unselected package llvm.
2026-10-07T23:41:48.6720068Z Preparing to unpack .../086-llvm_1%3a18.0-59~exp2_amd64.deb ...
2026-10-07T23:41:48.6770165Z Unpacking llvm (1:18.0-59~exp2) ...
2026-10-07T23:41:48.7100080Z Selecting previously unselected package mesa-va-drivers:amd64.
2026-10-07T23:41:48.7216547Z Preparing to unpack .../087-mesa-va-drivers_25.2.8-0ubuntu0.24.04.4_amd64.deb ...
2026-10-07T23:41:48.7222053Z Unpacking mesa-va-drivers:amd64 (25.2.8-0ubuntu0.24.04.4) ...
2026-10-07T23:41:48.7396003Z Selecting previously unselected package pipewire-bin.
2026-10-07T23:41:48.7507369Z Preparing to unpack .../088-pipewire-bin_1.0.5-1ubuntu3.3_amd64.deb ...
2026-10-07T23:41:48.7897808Z Unpacking pipewire-bin (1.0.5-1ubuntu3.3) ...
2026-10-07T23:41:48.8923994Z Selecting previously unselected package pipewire:amd64.
2026-10-07T23:41:48.9038193Z Preparing to unpack .../089-pipewire_1.0.5-1ubuntu3.3_amd64.deb ...
2026-10-07T23:41:48.9043535Z Unpacking pipewire:amd64 (1.0.5-1ubuntu3.3) ...
2026-10-07T23:41:48.9219644Z Selecting previously unselected package pipewire-pulse.
2026-10-07T23:41:48.9331575Z Preparing to unpack .../090-pipewire-pulse_1.0.5-1ubuntu3.3_amd64.deb ...
2026-10-07T23:41:48.9336697Z Unpacking pipewire-pulse (1.0.5-1ubuntu3.3) ...
2026-10-07T23:41:48.9510122Z Selecting previously unselected package rtkit.
2026-10-07T23:41:48.9620262Z Preparing to unpack .../091-rtkit_0.13-5build1_amd64.deb ...
2026-10-07T23:41:48.9671724Z Unpacking rtkit (0.13-5build1) ...
2026-10-07T23:41:48.9886431Z Selecting previously unselected package i965-va-driver:amd64.
2026-10-07T23:41:48.9998993Z Preparing to unpack .../092-i965-va-driver_2.4.1+dfsg1-1ubuntu0.2_amd64.deb ...
2026-10-07T23:41:49.0004133Z Unpacking i965-va-driver:amd64 (2.4.1+dfsg1-1ubuntu0.2) ...
2026-10-07T23:41:49.0522301Z Selecting previously unselected package va-driver-all:amd64.
2026-10-07T23:41:49.0633830Z Preparing to unpack .../093-va-driver-all_2.20.0-2ubuntu0.2_amd64.deb ...
2026-10-07T23:41:49.0639104Z Unpacking va-driver-all:amd64 (2.20.0-2ubuntu0.2) ...
2026-10-07T23:41:49.1214802Z Selecting previously unselected package wireplumber.
2026-10-07T23:41:49.1327443Z Preparing to unpack .../094-wireplumber_0.4.17-1ubuntu4.1_amd64.deb ...
2026-10-07T23:41:49.1950238Z Unpacking wireplumber (0.4.17-1ubuntu4.1) ...
2026-10-07T23:41:49.2196815Z Selecting previously unselected package xdg-desktop-portal.
2026-10-07T23:41:49.2311913Z Preparing to unpack .../095-xdg-desktop-portal_1.18.4-1ubuntu2.24.04.3_amd64.deb ...
2026-10-07T23:41:49.2319174Z Unpacking xdg-desktop-portal (1.18.4-1ubuntu2.24.04.3) ...
2026-10-07T23:41:49.2736426Z Selecting previously unselected package libhttp-parser-dev:amd64.
2026-10-07T23:41:49.2847900Z Preparing to unpack .../096-libhttp-parser-dev_2.9.4-6build1_amd64.deb ...
2026-10-07T23:41:49.2864585Z Unpacking libhttp-parser-dev:amd64 (2.9.4-6build1) ...
2026-10-07T23:41:49.3032406Z Selecting previously unselected package libgit2-dev:amd64.
2026-10-07T23:41:49.3141372Z Preparing to unpack .../097-libgit2-dev_1.7.2+ds-1ubuntu3.2_amd64.deb ...
2026-10-07T23:41:49.3323748Z Unpacking libgit2-dev:amd64 (1.7.2+ds-1ubuntu3.2) ...
2026-10-07T23:41:49.3850256Z Selecting previously unselected package libxkbcommon-x11-dev:amd64.
2026-10-07T23:41:49.3964192Z Preparing to unpack .../098-libxkbcommon-x11-dev_1.6.0-1build1_amd64.deb ...
2026-10-07T23:41:49.4122978Z Unpacking libxkbcommon-x11-dev:amd64 (1.6.0-1build1) ...
2026-10-07T23:41:49.4319065Z Selecting previously unselected package musl:amd64.
2026-10-07T23:41:49.4428328Z Preparing to unpack .../099-musl_1.2.4-2_amd64.deb ...
2026-10-07T23:41:49.4434453Z Unpacking musl:amd64 (1.2.4-2) ...
2026-10-07T23:41:49.4640352Z Selecting previously unselected package musl-dev:amd64.
2026-10-07T23:41:49.4750106Z Preparing to unpack .../100-musl-dev_1.2.4-2_amd64.deb ...
2026-10-07T23:41:49.4755350Z Unpacking musl-dev:amd64 (1.2.4-2) ...
2026-10-07T23:41:49.5435049Z Selecting previously unselected package musl-tools.
2026-10-07T23:41:49.5548534Z Preparing to unpack .../101-musl-tools_1.2.4-2_amd64.deb ...
2026-10-07T23:41:49.5554002Z Unpacking musl-tools (1.2.4-2) ...
2026-10-07T23:41:49.5995958Z Setting up libpipewire-0.3-common (1.0.5-1ubuntu3.3) ...
2026-10-07T23:41:49.7022742Z Setting up bubblewrap (0.9.0-1ubuntu0.3) ...
2026-10-07T23:41:49.7064239Z Setting up libglib2.0-dev-bin (2.80.0-6ubuntu3.9) ...
2026-10-07T23:41:49.8247662Z Setting up bzip2-doc (1.0.8-5.1ubuntu0.1) ...
2026-10-07T23:41:49.8261531Z Setting up libwayland-server0:amd64 (1.22.0-2.1build1) ...
2026-10-07T23:41:49.8275467Z Setting up mesa-libgallium:amd64 (25.2.8-0ubuntu0.24.04.4) ...
2026-10-07T23:41:49.8290026Z Setting up session-migration (0.3.9build1) ...
2026-10-07T23:41:50.0042771Z Created symlink /etc/systemd/user/graphical-session-pre.target.wants/session-migration.service → /usr/lib/systemd/user/session-migration.service.
2026-10-07T23:41:50.0043315Z 
2026-10-07T23:41:50.0065798Z Setting up rtkit (0.13-5build1) ...
2026-10-07T23:41:50.2819432Z Setting up libproxy1v5:amd64 (0.5.4-4build1) ...
2026-10-07T23:41:50.2836076Z Setting up libgbm1:amd64 (25.2.8-0ubuntu0.24.04.4) ...
2026-10-07T23:41:50.2870314Z Setting up libpng-tools (1.6.43-5ubuntu0.6) ...
2026-10-07T23:41:50.2884926Z Setting up libgirepository-2.0-0:amd64 (2.80.0-6ubuntu3.9) ...
2026-10-07T23:41:50.2899817Z Setting up lld:amd64 (1:18.0-59~exp2) ...
2026-10-07T23:41:50.2915199Z Setting up libxkbcommon-dev:amd64 (1.6.0-1build1) ...
2026-10-07T23:41:50.2932081Z Setting up libgl1-mesa-dri:amd64 (25.2.8-0ubuntu0.24.04.4) ...
2026-10-07T23:41:50.2995494Z Setting up libpng-dev:amd64 (1.6.43-5ubuntu0.6) ...
2026-10-07T23:41:50.3008255Z Setting up libwebrtc-audio-processing1:amd64 (0.3.1-0ubuntu6) ...
2026-10-07T23:41:50.3022904Z Setting up libigdgmm12:amd64 (22.3.17+ds1-1ubuntu1) ...
2026-10-07T23:41:50.3039502Z Setting up libsoup-3.0-common (3.4.4-5ubuntu0.9) ...
2026-10-07T23:41:50.3053144Z Setting up libmpg123-0t64:amd64 (1.32.5-1ubuntu1.1) ...
2026-10-07T23:41:50.3069813Z Setting up libpthread-stubs0-dev:amd64 (0.4-1build3) ...
2026-10-07T23:41:50.3979474Z Setting up libxcb-xkb1:amd64 (1.15-1ubuntu2) ...
2026-10-07T23:41:50.3995310Z Setting up xtrans-dev (1.4.0-1) ...
2026-10-07T23:41:50.4011799Z Setting up libwayland-bin (1.22.0-2.1build1) ...
2026-10-07T23:41:50.4031026Z Setting up libva2:amd64 (2.20.0-2ubuntu0.2) ...
2026-10-07T23:41:50.4049912Z Setting up libfreetype6:amd64 (2.13.2+dfsg-1ubuntu0.2) ...
2026-10-07T23:41:50.4064483Z Setting up libspa-0.2-modules:amd64 (1.0.5-1ubuntu3.3) ...
2026-10-07T23:41:50.4080264Z Setting up uuid-dev:amd64 (2.39.3-9ubuntu6.6) ...
2026-10-07T23:41:50.4095874Z Setting up clang (1:18.0-59~exp2) ...
2026-10-07T23:41:50.4271067Z Setting up llvm-runtime:amd64 (1:18.0-59~exp2) ...
2026-10-07T23:41:50.4304828Z Setting up libasm1t64:amd64 (0.190-1.1ubuntu0.1) ...
2026-10-07T23:41:50.4320193Z Setting up libopus0:amd64 (1.4-1build1) ...
2026-10-07T23:41:50.4334008Z Setting up libxkbcommon-x11-0:amd64 (1.6.0-1build1) ...
2026-10-07T23:41:50.4350502Z Setting up intel-media-va-driver:amd64 (24.1.0+dfsg1-1ubuntu0.2) ...
2026-10-07T23:41:50.4364615Z Setting up libssl-dev:amd64 (3.0.13-0ubuntu3.16) ...
2026-10-07T23:41:50.4379442Z Setting up libjsoncpp25:amd64 (1.9.5-6build1) ...
2026-10-07T23:41:50.4393010Z Setting up llvm (1:18.0-59~exp2) ...
2026-10-07T23:41:50.4407394Z Setting up libsepol-dev:amd64 (3.5-2build1) ...
2026-10-07T23:41:50.4423826Z Setting up libssh2-1-dev:amd64 (1.11.0-4.1ubuntu0.24.04.4) ...
2026-10-07T23:41:50.4447340Z Setting up libset-scalar-perl (1.29-3) ...
2026-10-07T23:41:50.4464500Z Setting up libva-wayland2:amd64 (2.20.0-2ubuntu0.2) ...
2026-10-07T23:41:50.4482083Z Setting up musl:amd64 (1.2.4-2) ...
2026-10-07T23:41:50.4507869Z Setting up libva-drm2:amd64 (2.20.0-2ubuntu0.2) ...
2026-10-07T23:41:50.4524411Z Setting up libasyncns0:amd64 (0.8-6build4) ...
2026-10-07T23:41:50.4538524Z Setting up librhash0:amd64 (1.4.3-3build1) ...
2026-10-07T23:41:50.4557120Z Setting up libspeexdsp1:amd64 (1.2.1-1ubuntu3) ...
2026-10-07T23:41:50.4572787Z Setting up build-essential (12.10ubuntu1) ...
2026-10-07T23:41:50.4589634Z Setting up xorg-sgml-doctools (1:1.11-1.1) ...
2026-10-07T23:41:50.4606867Z Setting up cmake-data (3.28.3-1build7) ...
2026-10-07T23:41:50.4660297Z Setting up libflac12t64:amd64 (1.4.3+ds-2.1ubuntu2) ...
2026-10-07T23:41:50.4674272Z Setting up mesa-va-drivers:amd64 (25.2.8-0ubuntu0.24.04.4) ...
2026-10-07T23:41:50.4690759Z Setting up glib-networking-common (2.80.0-1build1) ...
2026-10-07T23:41:50.4704514Z Setting up libasound2-dev:amd64 (1.2.11-1ubuntu0.3) ...
2026-10-07T23:41:50.4719827Z Setting up libva-x11-2:amd64 (2.20.0-2ubuntu0.2) ...
2026-10-07T23:41:50.4733149Z Setting up openssl (3.0.13-0ubuntu3.16) ...
2026-10-07T23:41:50.4769893Z Setting up libva-glx2:amd64 (2.20.0-2ubuntu0.2) ...
2026-10-07T23:41:50.4785289Z Setting up libpipewire-0.3-0t64:amd64 (1.0.5-1ubuntu3.3) ...
2026-10-07T23:41:50.4798366Z Setting up libbrotli-dev:amd64 (1.1.0-2build2) ...
2026-10-07T23:41:50.4812518Z Setting up libmp3lame0:amd64 (3.100-6build1) ...
2026-10-07T23:41:50.4826273Z Setting up i965-va-driver:amd64 (2.4.1+dfsg1-1ubuntu0.2) ...
2026-10-07T23:41:50.4839754Z Setting up libhttp-parser2.9:amd64 (2.9.4-6build1) ...
2026-10-07T23:41:50.4861221Z Setting up libvorbisenc2:amd64 (1.3.7-1build3) ...
2026-10-07T23:41:50.4876239Z Setting up libbz2-dev:amd64 (1.0.8-5.1ubuntu0.1) ...
2026-10-07T23:41:50.4961925Z Setting up gsettings-desktop-schemas (46.1-0ubuntu1) ...
2026-10-07T23:41:50.4977947Z Setting up glib-networking-services (2.80.0-1build1) ...
2026-10-07T23:41:50.4992616Z Setting up libblkid-dev:amd64 (2.39.3-9ubuntu6.6) ...
2026-10-07T23:41:50.5009247Z Setting up libhttp-parser-dev:amd64 (2.9.4-6build1) ...
2026-10-07T23:41:50.5026484Z Setting up elfutils (0.190-1.1ubuntu0.1) ...
2026-10-07T23:41:50.5049645Z Setting up libglx-mesa0:amd64 (25.2.8-0ubuntu0.24.04.4) ...
2026-10-07T23:41:50.5064018Z Setting up xdg-desktop-portal (1.18.4-1ubuntu2.24.04.3) ...
2026-10-07T23:41:50.5854692Z Created symlink /etc/systemd/user/graphical-session-pre.target.wants/xdg-desktop-portal-rewrite-launchers.service → /usr/lib/systemd/user/xdg-desktop-portal-rewrite-launchers.service.
2026-10-07T23:41:50.5855290Z 
2026-10-07T23:41:50.6044194Z Setting up libwireplumber-0.4-0:amd64 (0.4.17-1ubuntu4.1) ...
2026-10-07T23:41:50.6064840Z Setting up libselinux1-dev:amd64 (3.5-2ubuntu2.1) ...
2026-10-07T23:41:50.6079127Z Setting up libroc0.3:amd64 (0.3.0+dfsg-7ubuntu2) ...
2026-10-07T23:41:50.6094214Z Setting up libwayland-dev:amd64 (1.22.0-2.1build1) ...
2026-10-07T23:41:50.6107559Z Setting up libfreetype-dev:amd64 (2.13.2+dfsg-1ubuntu0.2) ...
2026-10-07T23:41:50.6122087Z Setting up libva-dev:amd64 (2.20.0-2ubuntu0.2) ...
2026-10-07T23:41:50.6137192Z Setting up musl-dev:amd64 (1.2.4-2) ...
2026-10-07T23:41:50.6161089Z Setting up va-driver-all:amd64 (2.20.0-2ubuntu0.2) ...
2026-10-07T23:41:50.6177511Z Setting up cmake (3.28.3-1build7) ...
2026-10-07T23:41:50.6223018Z Setting up libgit2-1.7:amd64 (1.7.2+ds-1ubuntu3.2) ...
2026-10-07T23:41:50.6238723Z Setting up libsndfile1:amd64 (1.2.2-1ubuntu5.24.04.1) ...
2026-10-07T23:41:50.6257145Z Setting up libmount-dev:amd64 (2.39.3-9ubuntu6.6) ...
2026-10-07T23:41:50.6279038Z Setting up libgit2-dev:amd64 (1.7.2+ds-1ubuntu3.2) ...
2026-10-07T23:41:50.7162070Z Setting up libpulse0:amd64 (1:16.1+dfsg1-2ubuntu10.1) ...
2026-10-07T23:41:50.7219264Z Setting up libfontconfig-dev:amd64 (2.15.0-1.1ubuntu2) ...
2026-10-07T23:41:50.7234004Z Setting up musl-tools (1.2.4-2) ...
2026-10-07T23:41:50.7246780Z Setting up libglib2.0-dev:amd64 (2.80.0-6ubuntu3.9) ...
2026-10-07T23:41:50.7373216Z Processing triggers for sgml-base (1.31) ...
2026-10-07T23:41:50.7470495Z Processing triggers for install-info (7.1-3build2) ...
2026-10-07T23:41:51.1612050Z Setting up x11proto-dev (2023.2-1) ...
2026-10-07T23:41:51.1629368Z Setting up libxau-dev:amd64 (1:1.0.9-1build6) ...
2026-10-07T23:41:51.1645289Z Processing triggers for libc-bin (2.39-0ubuntu8.9) ...
2026-10-07T23:41:51.4089043Z Processing triggers for man-db (2.12.0-4build2) ...
2026-10-07T23:41:51.4112139Z Not building database; man-db/auto-update is not 'true'.
2026-10-07T23:41:51.4131152Z Setting up libxdmcp-dev:amd64 (1:1.1.3-0ubuntu6) ...
2026-10-07T23:41:51.4149936Z Processing triggers for libglib2.0-0t64:amd64 (2.80.0-6ubuntu3.9) ...
2026-10-07T23:41:51.4334764Z Processing triggers for dbus (1.14.10-4ubuntu4.1) ...
2026-10-07T23:41:51.4469979Z Setting up glib-networking:amd64 (2.80.0-1build1) ...
2026-10-07T23:41:51.5013538Z Setting up libxcb1-dev:amd64 (1.15-1ubuntu2) ...
2026-10-07T23:41:51.5029525Z Setting up libxcb-xkb-dev:amd64 (1.15-1ubuntu2) ...
2026-10-07T23:41:51.5059276Z Setting up libsoup-3.0-0:amd64 (3.4.4-5ubuntu0.9) ...
2026-10-07T23:41:51.5084279Z Setting up libx11-dev:amd64 (2:1.8.7-1build1) ...
2026-10-07T23:41:51.5121528Z Setting up libsnapd-glib-2-1:amd64 (1.64-0ubuntu5) ...
2026-10-07T23:41:51.5148941Z Setting up libxkbcommon-x11-dev:amd64 (1.6.0-1build1) ...
2026-10-07T23:41:51.5168771Z Setting up libx11-xcb-dev:amd64 (2:1.8.7-1build1) ...
2026-10-07T23:41:51.5194831Z Setting up libpipewire-0.3-modules:amd64 (1.0.5-1ubuntu3.3) ...
2026-10-07T23:41:51.5236549Z Setting up pipewire-bin (1.0.5-1ubuntu3.3) ...
2026-10-07T23:41:51.5659111Z Setting up pipewire:amd64 (1.0.5-1ubuntu3.3) ...
2026-10-07T23:41:51.6840705Z Created symlink /etc/systemd/user/default.target.wants/filter-chain.service → /usr/lib/systemd/user/filter-chain.service.
2026-10-07T23:41:51.6841295Z 
2026-10-07T23:41:51.6841826Z Created symlink /etc/systemd/user/sockets.target.wants/pipewire.socket → /usr/lib/systemd/user/pipewire.socket.
2026-10-07T23:41:51.6842350Z 
2026-10-07T23:41:51.7640442Z Created symlink /etc/systemd/user/default.target.wants/pipewire.service → /usr/lib/systemd/user/pipewire.service.
2026-10-07T23:41:51.7640835Z 
2026-10-07T23:41:51.8463102Z Setting up wireplumber (0.4.17-1ubuntu4.1) ...
2026-10-07T23:41:51.9260392Z Created symlink /etc/systemd/user/pipewire.service.wants/wireplumber.service → /usr/lib/systemd/user/wireplumber.service.
2026-10-07T23:41:51.9260814Z 
2026-10-07T23:41:51.9873154Z Setting up pipewire-pulse (1.0.5-1ubuntu3.3) ...
2026-10-07T23:41:52.0679408Z Created symlink /etc/systemd/user/default.target.wants/pipewire-pulse.service → /usr/lib/systemd/user/pipewire-pulse.service.
2026-10-07T23:41:52.0679833Z 
2026-10-07T23:41:52.0680466Z Created symlink /etc/systemd/user/sockets.target.wants/pipewire-pulse.socket → /usr/lib/systemd/user/pipewire-pulse.socket.
2026-10-07T23:41:52.0681048Z 
2026-10-07T23:41:52.3100982Z Processing triggers for libc-bin (2.39-0ubuntu8.9) ...
2026-10-07T23:41:53.1479219Z 
2026-10-07T23:41:53.1479694Z Running kernel seems to be up-to-date.
2026-10-07T23:41:53.1479998Z 
2026-10-07T23:41:53.1480114Z Restarting services...
2026-10-07T23:41:53.1883660Z  /etc/needrestart/restart.d/systemd-manager
2026-10-07T23:41:53.4558724Z  systemctl restart packagekit.service php8.3-fpm.service systemd-journald.service systemd-networkd.service systemd-resolved.service systemd-udevd.service udisks2.service
2026-10-07T23:41:53.6017276Z 
2026-10-07T23:41:53.6019084Z Service restarts being deferred:
2026-10-07T23:41:53.6019906Z  systemctl restart hosted-compute-agent.service
2026-10-07T23:41:53.6022346Z  systemctl restart systemd-logind.service
2026-10-07T23:41:53.6024280Z  systemctl restart walinuxagent.service
2026-10-07T23:41:53.6026410Z 
2026-10-07T23:41:53.6029837Z No containers need to be restarted.
2026-10-07T23:41:53.6030100Z 
2026-10-07T23:41:53.6032995Z User sessions running outdated binaries:
2026-10-07T23:41:53.6033406Z  runner @ user manager service: systemd[1073]
2026-10-07T23:41:53.6129160Z 
2026-10-07T23:41:53.6139267Z No VM guests are running outdated hypervisor (qemu) binaries on this host.
2026-10-07T23:41:54.3819733Z + finalize
2026-10-07T23:41:54.3820029Z + which rustup
2026-10-07T23:41:54.3829913Z + cat
2026-10-07T23:41:54.3837305Z Finished installing Linux dependencies with script/linux
2026-10-07T23:41:54.3838591Z + exit 0
2026-10-07T23:41:54.3889110Z ##[group]Run sudo apt-get update
2026-10-07T23:41:54.3889567Z [36;1msudo apt-get update[0m
2026-10-07T23:41:54.3889981Z [36;1msudo apt-get install -y libvulkan1 mesa-vulkan-drivers[0m
2026-10-07T23:41:54.3890610Z [36;1mvulkan_icd="$(find /usr/share/vulkan/icd.d -name 'lvp_icd*.json' -print -quit)"[0m
2026-10-07T23:41:54.3891124Z [36;1mtest -n "$vulkan_icd"[0m
2026-10-07T23:41:54.3891514Z [36;1mecho "VK_DRIVER_FILES=$vulkan_icd" >> "$GITHUB_ENV"[0m
2026-10-07T23:41:54.3977779Z shell: /usr/bin/bash --noprofile --norc -e -o pipefail {0}
2026-10-07T23:41:54.3978205Z env:
2026-10-07T23:41:54.3978614Z   CARGO_TERM_COLOR: always
2026-10-07T23:41:54.3978910Z   CARGO_INCREMENTAL: 0
2026-10-07T23:41:54.3979184Z   CARGO_PROFILE_DEV_DEBUG: 0
2026-10-07T23:41:54.3979500Z   CARGO_PROFILE_DEV_BUILD_OVERRIDE_DEBUG: 0
2026-10-07T23:41:54.3979841Z   RUST_BACKTRACE: 1
2026-10-07T23:41:54.3980088Z   CC: clang
2026-10-07T23:41:54.3980311Z   CXX: clang++
2026-10-07T23:41:54.3980613Z   WGPU_BACKEND: vulkan
2026-10-07T23:41:54.3980880Z   CI_TEST_FILTER: 
2026-10-07T23:41:54.3981124Z   CI_TEST_MODE: full
2026-10-07T23:41:54.3981376Z   CARGO_BUILD_JOBS: 4
2026-10-07T23:41:54.3981629Z   CI_TEST_THREADS: 4
2026-10-07T23:41:54.3981887Z ##[endgroup]
2026-10-07T23:41:54.4509955Z Get:1 file:/etc/apt/apt-mirrors.txt Mirrorlist [144 B]
2026-10-07T23:41:54.4793122Z Hit:2 http://azure.archive.ubuntu.com/ubuntu noble InRelease
2026-10-07T23:41:54.4795783Z Hit:6 https://packages.microsoft.com/ubuntu/24.04/prod noble InRelease
2026-10-07T23:41:54.4810458Z Hit:3 http://azure.archive.ubuntu.com/ubuntu noble-updates InRelease
2026-10-07T23:41:54.4819470Z Hit:4 http://azure.archive.ubuntu.com/ubuntu noble-backports InRelease
2026-10-07T23:41:54.4827943Z Hit:5 http://azure.archive.ubuntu.com/ubuntu noble-security InRelease
2026-10-07T23:41:55.4441813Z Reading package lists...
2026-10-07T23:41:55.4692337Z Reading package lists...
2026-10-07T23:41:55.6306537Z Building dependency tree...
2026-10-07T23:41:55.6313303Z Reading state information...
2026-10-07T23:41:55.7711350Z libvulkan1 is already the newest version (1.3.275.0-1build1).
2026-10-07T23:41:55.7711893Z The following NEW packages will be installed:
2026-10-07T23:41:55.7712306Z   mesa-vulkan-drivers
2026-10-07T23:41:55.7849717Z 0 upgraded, 1 newly installed, 0 to remove and 22 not upgraded.
2026-10-07T23:41:55.7850037Z Need to get 17.5 MB of archives.
2026-10-07T23:41:55.7850352Z After this operation, 98.5 MB of additional disk space will be used.
2026-10-07T23:41:55.7850682Z Get:1 file:/etc/apt/apt-mirrors.txt Mirrorlist [144 B]
2026-10-07T23:41:55.8268831Z Get:2 http://azure.archive.ubuntu.com/ubuntu noble-updates/main amd64 mesa-vulkan-drivers amd64 25.2.8-0ubuntu0.24.04.4 [17.5 MB]
2026-10-07T23:41:56.1567218Z Fetched 17.5 MB in 0s (100 MB/s)
2026-10-07T23:41:56.1719248Z Selecting previously unselected package mesa-vulkan-drivers:amd64.
2026-10-07T23:41:56.1770505Z (Reading database ... 
2026-10-07T23:41:56.1770879Z (Reading database ... 5%
2026-10-07T23:41:56.1771242Z (Reading database ... 10%
2026-10-07T23:41:56.1771599Z (Reading database ... 15%
2026-10-07T23:41:56.1771904Z (Reading database ... 20%
2026-10-07T23:41:56.1772202Z (Reading database ... 25%
2026-10-07T23:41:56.1772502Z (Reading database ... 30%
2026-10-07T23:41:56.1772690Z (Reading database ... 35%
2026-10-07T23:41:56.1773207Z (Reading database ... 40%
2026-10-07T23:41:56.1773673Z (Reading database ... 45%
2026-10-07T23:41:56.1793712Z (Reading database ... 50%
2026-10-07T23:41:56.1794033Z (Reading database ... 55%
2026-10-07T23:41:56.1877415Z (Reading database ... 60%
2026-10-07T23:41:56.1901819Z (Reading database ... 65%
2026-10-07T23:41:56.1919579Z (Reading database ... 70%
2026-10-07T23:41:56.1953427Z (Reading database ... 75%
2026-10-07T23:41:56.1981856Z (Reading database ... 80%
2026-10-07T23:41:56.2083995Z (Reading database ... 85%
2026-10-07T23:41:56.2147878Z (Reading database ... 90%
2026-10-07T23:41:56.2337845Z (Reading database ... 95%
2026-10-07T23:41:56.2338155Z (Reading database ... 100%
2026-10-07T23:41:56.2339135Z (Reading database ... 208585 files and directories currently installed.)
2026-10-07T23:41:56.2374754Z Preparing to unpack .../mesa-vulkan-drivers_25.2.8-0ubuntu0.24.04.4_amd64.deb ...
2026-10-07T23:41:56.2386231Z Unpacking mesa-vulkan-drivers:amd64 (25.2.8-0ubuntu0.24.04.4) ...
2026-10-07T23:41:56.7886494Z Setting up mesa-vulkan-drivers:amd64 (25.2.8-0ubuntu0.24.04.4) ...
2026-10-07T23:41:56.7904831Z Processing triggers for libc-bin (2.39-0ubuntu8.9) ...
2026-10-07T23:41:57.1441677Z 
2026-10-07T23:41:57.1442503Z Running kernel seems to be up-to-date.
2026-10-07T23:41:57.1442773Z 
2026-10-07T23:41:57.1442853Z Restarting services...
2026-10-07T23:41:57.1613075Z 
2026-10-07T23:41:57.1613436Z Service restarts being deferred:
2026-10-07T23:41:57.1613854Z  systemctl restart hosted-compute-agent.service
2026-10-07T23:41:57.1614261Z  systemctl restart systemd-logind.service
2026-10-07T23:41:57.1614622Z  systemctl restart walinuxagent.service
2026-10-07T23:41:57.1614847Z 
2026-10-07T23:41:57.1615004Z No containers need to be restarted.
2026-10-07T23:41:57.1615210Z 
2026-10-07T23:41:57.1615371Z User sessions running outdated binaries:
2026-10-07T23:41:57.1616050Z  runner @ user manager service: systemd[1073]
2026-10-07T23:41:57.1664502Z 
2026-10-07T23:41:57.1665014Z No VM guests are running outdated hypervisor (qemu) binaries on this host.
2026-10-07T23:41:57.9328319Z ##[group]Run rustup show active-toolchain
2026-10-07T23:41:57.9328938Z [36;1mrustup show active-toolchain[0m
2026-10-07T23:41:57.9387031Z shell: /usr/bin/bash --noprofile --norc -e -o pipefail {0}
2026-10-07T23:41:57.9387304Z env:
2026-10-07T23:41:57.9387469Z   CARGO_TERM_COLOR: always
2026-10-07T23:41:57.9387663Z   CARGO_INCREMENTAL: 0
2026-10-07T23:41:57.9387845Z   CARGO_PROFILE_DEV_DEBUG: 0
2026-10-07T23:41:57.9388057Z   CARGO_PROFILE_DEV_BUILD_OVERRIDE_DEBUG: 0
2026-10-07T23:41:57.9388279Z   RUST_BACKTRACE: 1
2026-10-07T23:41:57.9388602Z   CC: clang
2026-10-07T23:41:57.9388754Z   CXX: clang++
2026-10-07T23:41:57.9388915Z   WGPU_BACKEND: vulkan
2026-10-07T23:41:57.9389087Z   CI_TEST_FILTER: 
2026-10-07T23:41:57.9389249Z   CI_TEST_MODE: full
2026-10-07T23:41:57.9389418Z   CARGO_BUILD_JOBS: 4
2026-10-07T23:41:57.9389588Z   CI_TEST_THREADS: 4
2026-10-07T23:41:57.9389795Z   VK_DRIVER_FILES: /usr/share/vulkan/icd.d/lvp_icd.json
2026-10-07T23:41:57.9390037Z ##[endgroup]
2026-10-07T23:41:57.9919021Z info: syncing channel updates for 1.98.1-x86_64-unknown-linux-gnu
2026-10-07T23:41:58.0993915Z info: latest update on 2026-09-03 for version 1.98.1 (48a229cea 2026-09-01)
2026-10-07T23:41:58.0995869Z info: downloading 10 components
2026-10-07T23:42:10.6606372Z warn: the missing active toolchain `1.98.1-x86_64-unknown-linux-gnu` has been auto-installed
2026-10-07T23:42:10.6606844Z warn: auto-installation is deprecated for most `rustup` commands
2026-10-07T23:42:10.6607213Z warn: scripts relying on this behavior in `rustup` may stop working in the future
2026-10-07T23:42:10.6607577Z warn: to install the active toolchain, use `rustup install` instead
2026-10-07T23:42:10.6608057Z warn: see <https://github.com/rust-lang/rustup/issues/4836> for more info
2026-10-07T23:42:10.6608875Z 1.98.1-x86_64-unknown-linux-gnu (overridden by '/home/runner/work/koda/koda/rust-toolchain.toml')
2026-10-07T23:42:10.8071904Z ##[group]Run actions/cache/restore@0057852bfaa89a56745cba8c7296529d2fc39830
2026-10-07T23:42:10.8072251Z with:
2026-10-07T23:42:10.8072688Z   path: .ci-cache/cargo-sources/registry
.ci-cache/cargo-sources/git

2026-10-07T23:42:10.8072988Z   enableCrossOsArchive: true
2026-10-07T23:42:10.8073573Z   key: fork-ci-source-v3-shared-eff68d54502d28a838f84354ec306df7a6499991c0c1d8518658bc8ecc2758fa-62433dcec7df1eda715520c2f18b1f29c6d8044897077192799fc2bdd7cd0f98
2026-10-07T23:42:10.8074356Z   restore-keys: fork-ci-source-v3-shared-eff68d54502d28a838f84354ec306df7a6499991c0c1d8518658bc8ecc2758fa-
2026-10-07T23:42:10.8074761Z   fail-on-cache-miss: false
2026-10-07T23:42:10.8074948Z   lookup-only: false
2026-10-07T23:42:10.8075116Z env:
2026-10-07T23:42:10.8075265Z   CARGO_TERM_COLOR: always
2026-10-07T23:42:10.8075446Z   CARGO_INCREMENTAL: 0
2026-10-07T23:42:10.8075623Z   CARGO_PROFILE_DEV_DEBUG: 0
2026-10-07T23:42:10.8075827Z   CARGO_PROFILE_DEV_BUILD_OVERRIDE_DEBUG: 0
2026-10-07T23:42:10.8076089Z   RUST_BACKTRACE: 1
2026-10-07T23:42:10.8076247Z   CC: clang
2026-10-07T23:42:10.8076387Z   CXX: clang++
2026-10-07T23:42:10.8076539Z   WGPU_BACKEND: vulkan
2026-10-07T23:42:10.8076710Z   CI_TEST_FILTER: 
2026-10-07T23:42:10.8076866Z   CI_TEST_MODE: full
2026-10-07T23:42:10.8077024Z   CARGO_BUILD_JOBS: 4
2026-10-07T23:42:10.8077185Z   CI_TEST_THREADS: 4
2026-10-07T23:42:10.8077382Z   VK_DRIVER_FILES: /usr/share/vulkan/icd.d/lvp_icd.json
2026-10-07T23:42:10.8077622Z ##[endgroup]
2026-10-07T23:42:10.8909258Z (node:5888) [DEP0040] DeprecationWarning: The `punycode` module is deprecated. Please use a userland alternative instead.
2026-10-07T23:42:10.8910196Z (Use `node --trace-deprecation ...` to show where the warning was created)
2026-10-07T23:42:10.9846766Z Cache not found for input keys: fork-ci-source-v3-shared-eff68d54502d28a838f84354ec306df7a6499991c0c1d8518658bc8ecc2758fa-62433dcec7df1eda715520c2f18b1f29c6d8044897077192799fc2bdd7cd0f98, fork-ci-source-v3-shared-eff68d54502d28a838f84354ec306df7a6499991c0c1d8518658bc8ecc2758fa-
2026-10-07T23:42:11.0844577Z ##[group]Run actions/cache/restore@0057852bfaa89a56745cba8c7296529d2fc39830
2026-10-07T23:42:11.0844907Z with:
2026-10-07T23:42:11.0845082Z   path: ~/.cargo/registry
~/.cargo/git

2026-10-07T23:42:11.0845713Z   key: fork-ci-source-v2-Linux-X64-eff68d54502d28a838f84354ec306df7a6499991c0c1d8518658bc8ecc2758fa-62433dcec7df1eda715520c2f18b1f29c6d8044897077192799fc2bdd7cd0f98
2026-10-07T23:42:11.0846343Z   restore-keys: fork-ci-source-v2-Linux-X64-
2026-10-07T23:42:11.0846575Z   enableCrossOsArchive: false
2026-10-07T23:42:11.0846776Z   fail-on-cache-miss: false
2026-10-07T23:42:11.0846959Z   lookup-only: false
2026-10-07T23:42:11.0847120Z env:
2026-10-07T23:42:11.0847268Z   CARGO_TERM_COLOR: always
2026-10-07T23:42:11.0847448Z   CARGO_INCREMENTAL: 0
2026-10-07T23:42:11.0847622Z   CARGO_PROFILE_DEV_DEBUG: 0
2026-10-07T23:42:11.0847828Z   CARGO_PROFILE_DEV_BUILD_OVERRIDE_DEBUG: 0
2026-10-07T23:42:11.0848042Z   RUST_BACKTRACE: 1
2026-10-07T23:42:11.0848198Z   CC: clang
2026-10-07T23:42:11.0848375Z   CXX: clang++
2026-10-07T23:42:11.0848767Z   WGPU_BACKEND: vulkan
2026-10-07T23:42:11.0848938Z   CI_TEST_FILTER: 
2026-10-07T23:42:11.0849103Z   CI_TEST_MODE: full
2026-10-07T23:42:11.0849265Z   CARGO_BUILD_JOBS: 4
2026-10-07T23:42:11.0849429Z   CI_TEST_THREADS: 4
2026-10-07T23:42:11.0849624Z   VK_DRIVER_FILES: /usr/share/vulkan/icd.d/lvp_icd.json
2026-10-07T23:42:11.0849857Z ##[endgroup]
2026-10-07T23:42:11.1685461Z (node:5923) [DEP0040] DeprecationWarning: The `punycode` module is deprecated. Please use a userland alternative instead.
2026-10-07T23:42:11.1686181Z (Use `node --trace-deprecation ...` to show where the warning was created)
2026-10-07T23:42:11.2234000Z Cache not found for input keys: fork-ci-source-v2-Linux-X64-eff68d54502d28a838f84354ec306df7a6499991c0c1d8518658bc8ecc2758fa-62433dcec7df1eda715520c2f18b1f29c6d8044897077192799fc2bdd7cd0f98, fork-ci-source-v2-Linux-X64-
2026-10-07T23:42:11.4540222Z ##[group]Run actions/cache/restore@0057852bfaa89a56745cba8c7296529d2fc39830
2026-10-07T23:42:11.4540536Z with:
2026-10-07T23:42:11.4542583Z   path: target/debug/.fingerprint
target/debug/build
target/debug/deps/*.rlib
target/debug/deps/*.rmeta
target/debug/deps/*.so
target/debug/deps/*.a
target/debug/deps/*.d
extensions/test-extension/target/debug/.fingerprint
extensions/test-extension/target/debug/build
extensions/test-extension/target/debug/deps/*.rlib
extensions/test-extension/target/debug/deps/*.rmeta
extensions/test-extension/target/debug/deps/*.so
extensions/test-extension/target/debug/deps/*.a
extensions/test-extension/target/debug/deps/*.d
extensions/test-extension/target/wasm32-wasip2/debug/.fingerprint
extensions/test-extension/target/wasm32-wasip2/debug/build
extensions/test-extension/target/wasm32-wasip2/debug/deps
extensions/test-extension/target/wasm32-wasip2/debug/*.wasm

2026-10-07T23:42:11.4545557Z   key: fork-ci-build-v2-Linux-X64-ubuntu24.04-dev-debug0-eff68d54502d28a838f84354ec306df7a6499991c0c1d8518658bc8ecc2758fa-62433dcec7df1eda715520c2f18b1f29c6d8044897077192799fc2bdd7cd0f98-ed7040f650a01d31eb32eac68a623ce45b7a77e8
2026-10-07T23:42:11.4547288Z   restore-keys: fork-ci-build-v2-Linux-X64-ubuntu24.04-dev-debug0-eff68d54502d28a838f84354ec306df7a6499991c0c1d8518658bc8ecc2758fa-62433dcec7df1eda715520c2f18b1f29c6d8044897077192799fc2bdd7cd0f98-
fork-ci-build-v2-Linux-X64-ubuntu24.04-dev-debug0-eff68d54502d28a838f84354ec306df7a6499991c0c1d8518658bc8ecc2758fa-

2026-10-07T23:42:11.4548390Z   enableCrossOsArchive: false
2026-10-07T23:42:11.4548733Z   fail-on-cache-miss: false
2026-10-07T23:42:11.4548926Z   lookup-only: false
2026-10-07T23:42:11.4549089Z env:
2026-10-07T23:42:11.4549241Z   CARGO_TERM_COLOR: always
2026-10-07T23:42:11.4549428Z   CARGO_INCREMENTAL: 0
2026-10-07T23:42:11.4549604Z   CARGO_PROFILE_DEV_DEBUG: 0
2026-10-07T23:42:11.4549805Z   CARGO_PROFILE_DEV_BUILD_OVERRIDE_DEBUG: 0
2026-10-07T23:42:11.4550022Z   RUST_BACKTRACE: 1
2026-10-07T23:42:11.4550185Z   CC: clang
2026-10-07T23:42:11.4550331Z   CXX: clang++
2026-10-07T23:42:11.4550488Z   WGPU_BACKEND: vulkan
2026-10-07T23:42:11.4550657Z   CI_TEST_FILTER: 
2026-10-07T23:42:11.4550816Z   CI_TEST_MODE: full
2026-10-07T23:42:11.4550984Z   CARGO_BUILD_JOBS: 4
2026-10-07T23:42:11.4551148Z   CI_TEST_THREADS: 4
2026-10-07T23:42:11.4551351Z   VK_DRIVER_FILES: /usr/share/vulkan/icd.d/lvp_icd.json
2026-10-07T23:42:11.4551592Z ##[endgroup]
2026-10-07T23:42:11.5433178Z (node:5991) [DEP0040] DeprecationWarning: The `punycode` module is deprecated. Please use a userland alternative instead.
2026-10-07T23:42:11.5434054Z (Use `node --trace-deprecation ...` to show where the warning was created)
2026-10-07T23:42:11.6081257Z Cache not found for input keys: fork-ci-build-v2-Linux-X64-ubuntu24.04-dev-debug0-eff68d54502d28a838f84354ec306df7a6499991c0c1d8518658bc8ecc2758fa-62433dcec7df1eda715520c2f18b1f29c6d8044897077192799fc2bdd7cd0f98-ed7040f650a01d31eb32eac68a623ce45b7a77e8, fork-ci-build-v2-Linux-X64-ubuntu24.04-dev-debug0-eff68d54502d28a838f84354ec306df7a6499991c0c1d8518658bc8ecc2758fa-62433dcec7df1eda715520c2f18b1f29c6d8044897077192799fc2bdd7cd0f98-, fork-ci-build-v2-Linux-X64-ubuntu24.04-dev-debug0-eff68d54502d28a838f84354ec306df7a6499991c0c1d8518658bc8ecc2758fa-
2026-10-07T23:42:11.6164220Z ##[group]Run printf 'Shared source exact hit: %s; shared key: %s; legacy source key: %s; build exact hit: %s; build key: %s\n' \
2026-10-07T23:42:11.6164861Z [36;1mprintf 'Shared source exact hit: %s; shared key: %s; legacy source key: %s; build exact hit: %s; build key: %s\n' \[0m
2026-10-07T23:42:11.6165343Z [36;1m  "$SOURCE_CACHE_HIT" "$SOURCE_CACHE_KEY" "$LEGACY_SOURCE_CACHE_KEY" \[0m
2026-10-07T23:42:11.6165724Z [36;1m  "$BUILD_CACHE_HIT" "$BUILD_CACHE_KEY" | tee -a "$GITHUB_STEP_SUMMARY"[0m
2026-10-07T23:42:11.6224516Z shell: /usr/bin/bash --noprofile --norc -e -o pipefail {0}
2026-10-07T23:42:11.6224791Z env:
2026-10-07T23:42:11.6224949Z   CARGO_TERM_COLOR: always
2026-10-07T23:42:11.6225139Z   CARGO_INCREMENTAL: 0
2026-10-07T23:42:11.6225315Z   CARGO_PROFILE_DEV_DEBUG: 0
2026-10-07T23:42:11.6225519Z   CARGO_PROFILE_DEV_BUILD_OVERRIDE_DEBUG: 0
2026-10-07T23:42:11.6225734Z   RUST_BACKTRACE: 1
2026-10-07T23:42:11.6225898Z   CC: clang
2026-10-07T23:42:11.6226213Z   CXX: clang++
2026-10-07T23:42:11.6226375Z   WGPU_BACKEND: vulkan
2026-10-07T23:42:11.6226539Z   CI_TEST_FILTER: 
2026-10-07T23:42:11.6226694Z   CI_TEST_MODE: full
2026-10-07T23:42:11.6226857Z   CARGO_BUILD_JOBS: 4
2026-10-07T23:42:11.6227018Z   CI_TEST_THREADS: 4
2026-10-07T23:42:11.6227219Z   VK_DRIVER_FILES: /usr/share/vulkan/icd.d/lvp_icd.json
2026-10-07T23:42:11.6227455Z   SOURCE_CACHE_HIT: 
2026-10-07T23:42:11.6227613Z   SOURCE_CACHE_KEY: 
2026-10-07T23:42:11.6227778Z   LEGACY_SOURCE_CACHE_KEY: 
2026-10-07T23:42:11.6227957Z   BUILD_CACHE_HIT: 
2026-10-07T23:42:11.6228113Z   BUILD_CACHE_KEY: 
2026-10-07T23:42:11.6228275Z ##[endgroup]
2026-10-07T23:42:11.6307868Z Shared source exact hit: ; shared key: ; legacy source key: ; build exact hit: ; build key: 
2026-10-07T23:42:11.6360380Z ##[group]Run actions/setup-node@48b55a011bda9f5d6aeb4c2d9c7362e8dae4041e
2026-10-07T23:42:11.6360678Z with:
2026-10-07T23:42:11.6360838Z   node-version: 24
2026-10-07T23:42:11.6361020Z   package-manager-cache: false
2026-10-07T23:42:11.6361243Z   check-latest: false
2026-10-07T23:42:11.6363283Z   token: ***
2026-10-07T23:42:11.6363443Z env:
2026-10-07T23:42:11.6363601Z   CARGO_TERM_COLOR: always
2026-10-07T23:42:11.6363787Z   CARGO_INCREMENTAL: 0
2026-10-07T23:42:11.6363964Z   CARGO_PROFILE_DEV_DEBUG: 0
2026-10-07T23:42:11.6364167Z   CARGO_PROFILE_DEV_BUILD_OVERRIDE_DEBUG: 0
2026-10-07T23:42:11.6364389Z   RUST_BACKTRACE: 1
2026-10-07T23:42:11.6364554Z   CC: clang
2026-10-07T23:42:11.6364701Z   CXX: clang++
2026-10-07T23:42:11.6364859Z   WGPU_BACKEND: vulkan
2026-10-07T23:42:11.6365030Z   CI_TEST_FILTER: 
2026-10-07T23:42:11.6365192Z   CI_TEST_MODE: full
2026-10-07T23:42:11.6365360Z   CARGO_BUILD_JOBS: 4
2026-10-07T23:42:11.6365527Z   CI_TEST_THREADS: 4
2026-10-07T23:42:11.6365759Z   VK_DRIVER_FILES: /usr/share/vulkan/icd.d/lvp_icd.json
2026-10-07T23:42:11.6366003Z ##[endgroup]
2026-10-07T23:42:11.7597354Z Found in cache @ /opt/hostedtoolcache/node/24.21.0/x64
2026-10-07T23:42:11.7599748Z ##[group]Environment details
2026-10-07T23:42:12.0847150Z node: v24.21.0
2026-10-07T23:42:12.0847457Z npm: 11.19.0
2026-10-07T23:42:12.0847664Z yarn: 1.22.22
2026-10-07T23:42:12.0848111Z ##[endgroup]
2026-10-07T23:42:12.0995840Z ##[group]Run taiki-e/install-action@a6b2e2dcd845ddd7f509ce4f3ed3d922b80cc5d9
2026-10-07T23:42:12.0996156Z with:
2026-10-07T23:42:12.0996320Z   tool: nextest
2026-10-07T23:42:12.0996478Z   checksum: true
2026-10-07T23:42:12.0996645Z   fallback: cargo-binstall
2026-10-07T23:42:12.0996821Z env:
2026-10-07T23:42:12.0996970Z   CARGO_TERM_COLOR: always
2026-10-07T23:42:12.0997149Z   CARGO_INCREMENTAL: 0
2026-10-07T23:42:12.0997322Z   CARGO_PROFILE_DEV_DEBUG: 0
2026-10-07T23:42:12.0997525Z   CARGO_PROFILE_DEV_BUILD_OVERRIDE_DEBUG: 0
2026-10-07T23:42:12.0997741Z   RUST_BACKTRACE: 1
2026-10-07T23:42:12.0997898Z   CC: clang
2026-10-07T23:42:12.0998042Z   CXX: clang++
2026-10-07T23:42:12.0998196Z   WGPU_BACKEND: vulkan
2026-10-07T23:42:12.0998362Z   CI_TEST_FILTER: 
2026-10-07T23:42:12.0998808Z   CI_TEST_MODE: full
2026-10-07T23:42:12.0998989Z   CARGO_BUILD_JOBS: 4
2026-10-07T23:42:12.0999154Z   CI_TEST_THREADS: 4
2026-10-07T23:42:12.0999384Z   VK_DRIVER_FILES: /usr/share/vulkan/icd.d/lvp_icd.json
2026-10-07T23:42:12.0999623Z ##[endgroup]
2026-10-07T23:42:12.1047978Z ##[start-action display=Run bail() {;id=__taiki-e_install-action.__run]
2026-10-07T23:42:12.1070354Z ##[group]Run bail() {
2026-10-07T23:42:12.1070583Z [36;1mbail() {[0m
2026-10-07T23:42:12.1070790Z [36;1m  printf '::error::install-action: %s\n' "$*"[0m
2026-10-07T23:42:12.1071034Z [36;1m  exit 1[0m
2026-10-07T23:42:12.1071188Z [36;1m}[0m
2026-10-07T23:42:12.1071476Z [36;1m# If /bin/sh is dash, environment variable containing % is not imported, but is fine[0m
2026-10-07T23:42:12.1071889Z [36;1m# because it also means that it will not be exposed to subprocess.[0m
2026-10-07T23:42:12.1072218Z [36;1mif /usr/bin/env | grep -Eq '^BASH_FUNC_'; then[0m
2026-10-07T23:42:12.1072635Z [36;1m  bail 'bash function injection via BASH_FUNC_ environment variable is not allowed for security reasons'[0m
2026-10-07T23:42:12.1073170Z [36;1mfi[0m
2026-10-07T23:42:12.1073355Z [36;1mif ! command -v bash >/dev/null; then[0m
2026-10-07T23:42:12.1073629Z [36;1m  if grep -Eq '^ID=alpine' /etc/os-release; then[0m
2026-10-07T23:42:12.1073967Z [36;1m    printf '::group::Install packages required for install-action (bash)\n'[0m
2026-10-07T23:42:12.1074294Z [36;1m    # NB: sync with apk_install in main.sh[0m
2026-10-07T23:42:12.1074543Z [36;1m    if command -v sudo >/dev/null; then[0m
2026-10-07T23:42:12.1074797Z [36;1m      sudo apk --no-cache add bash[0m
2026-10-07T23:42:12.1075036Z [36;1m    elif command -v doas >/dev/null; then[0m
2026-10-07T23:42:12.1075270Z [36;1m      doas apk --no-cache add bash[0m
2026-10-07T23:42:12.1075474Z [36;1m    else[0m
2026-10-07T23:42:12.1075645Z [36;1m      apk --no-cache add bash[0m
2026-10-07T23:42:12.1075844Z [36;1m    fi[0m
2026-10-07T23:42:12.1076014Z [36;1m    printf '::endgroup::\n'[0m
2026-10-07T23:42:12.1076210Z [36;1m  else[0m
2026-10-07T23:42:12.1076394Z [36;1m    bail 'this action requires bash'[0m
2026-10-07T23:42:12.1076608Z [36;1m  fi[0m
2026-10-07T23:42:12.1076759Z [36;1mfi[0m
2026-10-07T23:42:12.1076975Z [36;1mbash --noprofile --norc "${GITHUB_ACTION_PATH:?}/main.sh"[0m
2026-10-07T23:42:12.1077970Z shell: /usr/bin/env -u ENV -u BASH_ENV -u CDPATH -u SHELLOPTS -u BASHOPTS /bin/sh -eu {0}
2026-10-07T23:42:12.1078288Z env:
2026-10-07T23:42:12.1078626Z   CARGO_TERM_COLOR: always
2026-10-07T23:42:12.1078873Z   CARGO_INCREMENTAL: 0
2026-10-07T23:42:12.1079054Z   CARGO_PROFILE_DEV_DEBUG: 0
2026-10-07T23:42:12.1079263Z   CARGO_PROFILE_DEV_BUILD_OVERRIDE_DEBUG: 0
2026-10-07T23:42:12.1079481Z   RUST_BACKTRACE: 1
2026-10-07T23:42:12.1079644Z   CC: clang
2026-10-07T23:42:12.1079789Z   CXX: clang++
2026-10-07T23:42:12.1079949Z   WGPU_BACKEND: vulkan
2026-10-07T23:42:12.1080118Z   CI_TEST_FILTER: 
2026-10-07T23:42:12.1080283Z   CI_TEST_MODE: full
2026-10-07T23:42:12.1080455Z   CARGO_BUILD_JOBS: 4
2026-10-07T23:42:12.1080646Z   CI_TEST_THREADS: 4
2026-10-07T23:42:12.1080852Z   VK_DRIVER_FILES: /usr/share/vulkan/icd.d/lvp_icd.json
2026-10-07T23:42:12.1081090Z   INPUT_TOOL: nextest
2026-10-07T23:42:12.1081441Z   INPUT_CHECKSUM: true
2026-10-07T23:42:12.1081629Z   INPUT_FALLBACK: cargo-binstall
2026-10-07T23:42:12.1083885Z   DEFAULT_GITHUB_TOKEN: ***
2026-10-07T23:42:12.1084214Z   ACTION_USER_AGENT: taiki-e/install-action (a6b2e2dcd845ddd7f509ce4f3ed3d922b80cc5d9)
2026-10-07T23:42:12.1084541Z   RUNNER_OS: Linux
2026-10-07T23:42:12.1084709Z   RUNNER_ARCH: X64
2026-10-07T23:42:12.1084875Z ##[endgroup]
2026-10-07T23:42:12.1204175Z info: host platform: x86_64_linux
2026-10-07T23:42:12.1421570Z info: installing cargo-nextest@latest
2026-10-07T23:42:12.1592243Z info: downloading https://github.com/nextest-rs/nextest/releases/download/cargo-nextest-0.9.140/cargo-nextest-0.9.140-x86_64-unknown-linux-gnu.tar.gz
2026-10-07T23:42:12.3987299Z info: verifying sha256 checksum for cargo-nextest-0.9.140-x86_64-unknown-linux-gnu.tar.gz
2026-10-07T23:42:12.6108897Z info: cargo-nextest installed at /home/runner/.cargo/bin/cargo-nextest
2026-10-07T23:42:12.6110934Z + cargo-nextest nextest --version
2026-10-07T23:42:12.6135356Z cargo-nextest 0.9.140 (a9fef2964 2026-07-05)
2026-10-07T23:42:12.6135765Z release: 0.9.140
2026-10-07T23:42:12.6136130Z commit-hash: a9fef2964e34f64ed4fceeee7c0c3559ce560920
2026-10-07T23:42:12.6136429Z commit-date: 2026-07-05
2026-10-07T23:42:12.6136662Z host: x86_64-unknown-linux-gnu
2026-10-07T23:42:12.6138822Z 
2026-10-07T23:42:12.6154333Z ##[end-action id=__taiki-e_install-action.__run;outcome=success;conclusion=success;duration_ms=510]
2026-10-07T23:42:12.6159744Z ##[start-action display=Run Set-StrictMode -Version Latest;id=__taiki-e_install-action.__run_2]
2026-10-07T23:42:12.6163413Z ##[end-action id=__taiki-e_install-action.__run_2;outcome=skipped;conclusion=skipped;duration_ms=0]
2026-10-07T23:42:12.6191555Z ##[group]Run ./script/download-wasi-sdk
2026-10-07T23:42:12.6191833Z [36;1m./script/download-wasi-sdk[0m
2026-10-07T23:42:12.6256575Z shell: /usr/bin/bash --noprofile --norc -e -o pipefail {0}
2026-10-07T23:42:12.6256844Z env:
2026-10-07T23:42:12.6257001Z   CARGO_TERM_COLOR: always
2026-10-07T23:42:12.6257188Z   CARGO_INCREMENTAL: 0
2026-10-07T23:42:12.6257363Z   CARGO_PROFILE_DEV_DEBUG: 0
2026-10-07T23:42:12.6257563Z   CARGO_PROFILE_DEV_BUILD_OVERRIDE_DEBUG: 0
2026-10-07T23:42:12.6257783Z   RUST_BACKTRACE: 1
2026-10-07T23:42:12.6257940Z   CC: clang
2026-10-07T23:42:12.6258084Z   CXX: clang++
2026-10-07T23:42:12.6258238Z   WGPU_BACKEND: vulkan
2026-10-07T23:42:12.6258602Z   CI_TEST_FILTER: 
2026-10-07T23:42:12.6258804Z   CI_TEST_MODE: full
2026-10-07T23:42:12.6258971Z   CARGO_BUILD_JOBS: 4
2026-10-07T23:42:12.6259132Z   CI_TEST_THREADS: 4
2026-10-07T23:42:12.6259341Z   VK_DRIVER_FILES: /usr/share/vulkan/icd.d/lvp_icd.json
2026-10-07T23:42:12.6259587Z ##[endgroup]
2026-10-07T23:42:12.6352083Z WASI SDK not found, downloading v34...
2026-10-07T23:42:12.6375831Z Downloading from: https://github.com/WebAssembly/wasi-sdk/releases/download/wasi-sdk-34/wasi-sdk-34.0-x86_64-linux.tar.gz
2026-10-07T23:42:12.6442210Z   % Total    % Received % Xferd  Average Speed   Time    Time     Time  Current
2026-10-07T23:42:12.6442925Z                                  Dload  Upload   Total   Spent    Left  Speed
2026-10-07T23:42:12.6443376Z 
2026-10-07T23:42:12.7476301Z   0     0    0     0    0     0      0      0 --:--:-- --:--:-- --:--:--     0
2026-10-07T23:42:12.7476999Z   0     0    0     0    0     0      0      0 --:--:-- --:--:-- --:--:--     0
2026-10-07T23:42:13.5274387Z 
2026-10-07T23:42:14.4576342Z  14  183M   14 27.3M    0     0  31.0M      0  0:00:05 --:--:--  0:00:05 31.0M
2026-10-07T23:42:15.5355219Z  39  183M   39 71.7M    0     0  39.5M      0  0:00:04  0:00:01  0:00:03 47.5M
2026-10-07T23:42:16.3929599Z  72  183M   72  133M    0     0  46.2M      0  0:00:03  0:00:02  0:00:01 52.9M
2026-10-07T23:42:16.5420054Z  96  183M   96  177M    0     0  47.4M      0  0:00:03  0:00:03 --:--:-- 52.5M
2026-10-07T23:42:16.5420857Z 100  183M  100  183M    0     0  47.0M      0  0:00:03  0:00:03 --:--:-- 51.8M
2026-10-07T23:42:16.5511553Z WASI SDK v34 installed successfully
2026-10-07T23:42:16.6225555Z ##[group]Run python3 script/ci-run stage 'Test extension build' -- cargo build --locked --manifest-path extensions/test-extension/Cargo.toml --target wasm32-wasip2 --target-dir extensions/test-extension/target
2026-10-07T23:42:16.6226674Z [36;1mpython3 script/ci-run stage 'Test extension build' -- cargo build --locked --manifest-path extensions/test-extension/Cargo.toml --target wasm32-wasip2 --target-dir extensions/test-extension/target[0m
2026-10-07T23:42:16.6284923Z shell: /usr/bin/bash --noprofile --norc -e -o pipefail {0}
2026-10-07T23:42:16.6285194Z env:
2026-10-07T23:42:16.6285359Z   CARGO_TERM_COLOR: always
2026-10-07T23:42:16.6285555Z   CARGO_INCREMENTAL: 0
2026-10-07T23:42:16.6285737Z   CARGO_PROFILE_DEV_DEBUG: 0
2026-10-07T23:42:16.6285939Z   CARGO_PROFILE_DEV_BUILD_OVERRIDE_DEBUG: 0
2026-10-07T23:42:16.6286158Z   RUST_BACKTRACE: 1
2026-10-07T23:42:16.6286341Z   CC: clang
2026-10-07T23:42:16.6286487Z   CXX: clang++
2026-10-07T23:42:16.6286644Z   WGPU_BACKEND: vulkan
2026-10-07T23:42:16.6286858Z   CI_TEST_FILTER: 
2026-10-07T23:42:16.6287026Z   CI_TEST_MODE: full
2026-10-07T23:42:16.6287195Z   CARGO_BUILD_JOBS: 4
2026-10-07T23:42:16.6287364Z   CI_TEST_THREADS: 4
2026-10-07T23:42:16.6287570Z   VK_DRIVER_FILES: /usr/share/vulkan/icd.d/lvp_icd.json
2026-10-07T23:42:16.6287806Z ##[endgroup]
2026-10-07T23:42:16.9960025Z [1m[92m    Updating[0m git repository `https://github.com/zed-industries/async-process.git`
2026-10-07T23:42:17.7664278Z [1m[92m    Updating[0m git repository `https://github.com/smol-rs/async-task.git`
2026-10-07T23:42:18.0165224Z [1m[92m    Updating[0m git repository `https://github.com/zed-industries/calloop`
2026-10-07T23:42:18.2372769Z [1m[92m    Updating[0m git repository `https://github.com/zed-industries/livekit-rust-sdks`
2026-10-07T23:42:19.5162141Z [1m[92m    Updating[0m git submodule `https://github.com/livekit/protocol`
2026-10-07T23:42:20.8242956Z [1m[92m    Updating[0m git submodule `https://github.com/zed-industries/libyuv`
2026-10-07T23:42:23.8150407Z [1m[92m    Updating[0m git repository `https://github.com/zed-industries/notify`
2026-10-07T23:42:24.0854293Z [1m[92m    Updating[0m git repository `https://github.com/tree-sitter/tree-sitter`
2026-10-07T23:42:27.0308741Z [1m[92m    Updating[0m git repository `https://github.com/zed-industries/windows-capture.git`
2026-10-07T23:42:27.2337404Z [1m[92m    Updating[0m crates.io index
2026-10-07T23:42:27.2349429Z [1m[92m    Updating[0m git repository `https://github.com/proptest-rs/proptest`
2026-10-07T23:42:27.7377856Z [1m[92m    Updating[0m git repository `https://github.com/zed-industries/scap`
2026-10-07T23:42:28.3468995Z [1m[92m    Updating[0m git repository `https://github.com/zed-industries/font-kit`
2026-10-07T23:42:28.5364653Z [1m[92m    Updating[0m git repository `https://github.com/zed-industries/async-tar`
2026-10-07T23:42:29.0676995Z [1m[92m    Updating[0m git repository `https://github.com/zed-industries/wasm_thread`
2026-10-07T23:42:29.2117672Z [1m[92m    Updating[0m git repository `https://github.com/zed-industries/xim-rs.git`
2026-10-07T23:42:29.3534489Z [1m[92m    Updating[0m git repository `https://github.com/zed-industries/reqwest.git`
2026-10-07T23:42:29.6748377Z [1m[92m    Updating[0m git repository `https://github.com/zed-industries/tree-sitter-markdown`
2026-10-07T23:42:33.6966671Z [1m[92m    Updating[0m git repository `https://github.com/zed-industries/tree-sitter-typescript`
2026-10-07T23:43:12.9124357Z [1m[92m    Updating[0m git repository `https://github.com/zed-industries/tree-sitter-heex`
2026-10-07T23:43:13.3835216Z [1m[92m    Updating[0m git repository `https://github.com/zed-industries/trash-rs`
2026-10-07T23:43:13.5833449Z [1m[92m    Updating[0m git repository `https://github.com/tree-sitter/tree-sitter-cpp`
2026-10-07T23:44:44.1350474Z [1m[92m    Updating[0m git repository `https://github.com/zed-industries/tree-sitter-git-commit`
2026-10-07T23:44:44.3205413Z [1m[92m    Updating[0m git repository `https://github.com/camdencheek/tree-sitter-go-mod`
2026-10-07T23:44:44.5030051Z [1m[92m    Updating[0m git repository `https://github.com/zed-industries/tree-sitter-go-work`
2026-10-07T23:44:44.6313194Z [1m[92m    Updating[0m git repository `https://github.com/zed-industries/tree-sitter-yaml`
2026-10-07T23:44:44.8846046Z [1m[92m    Updating[0m git submodule `https://github.com/yaml/yaml-test-suite`
2026-10-07T23:44:45.1619261Z [1m[92m    Updating[0m git repository `https://github.com/zed-industries/async-pipe-rs`
2026-10-07T23:44:45.5117889Z [1m[92m    Updating[0m git repository `https://github.com/zed-industries/lsp-types`
2026-10-07T23:44:45.7978887Z [1m[92m    Updating[0m git repository `https://github.com/zed-industries/dap-types`
2026-10-07T23:44:46.0413993Z [1m[92m    Updating[0m git repository `https://github.com/zed-industries/python-environment-tools.git`
2026-10-07T23:44:46.4017298Z [1m[92m    Updating[0m git repository `https://github.com/zed-industries/alacritty`
2026-10-07T23:44:48.9951442Z [1m[92m    Updating[0m git repository `https://github.com/RustAudio/rodio`
2026-10-07T23:44:49.6168276Z [1m[92m    Updating[0m git repository `https://github.com/KillTheMule/nvim-rs`
2026-10-07T23:44:49.7585044Z [1m[92m    Updating[0m git repository `https://github.com/zed-industries/wprcontrol`
2026-10-07T23:44:50.1659098Z [1m[92m    Updating[0m git repository `https://github.com/zed-industries/gh-workflow`
2026-10-07T23:44:52.3337761Z [1m[92m Downloading[0m crates ...
2026-10-07T23:44:52.3703886Z [1m[92m  Downloaded[0m adler2 v2.0.1
2026-10-07T23:44:52.3735010Z [1m[92m  Downloaded[0m anyhow v1.0.104
2026-10-07T23:44:52.3781502Z [1m[92m  Downloaded[0m futures-executor v0.3.34
2026-10-07T23:44:52.3792094Z [1m[92m  Downloaded[0m serde_json v1.0.151
2026-10-07T23:44:52.4034711Z [1m[92m  Downloaded[0m futures-channel v0.3.34
2026-10-07T23:44:52.4050716Z [1m[92m  Downloaded[0m displaydoc v0.2.5
2026-10-07T23:44:52.4076428Z [1m[92m  Downloaded[0m icu_properties v2.3.0
2026-10-07T23:44:52.4103346Z [1m[92m  Downloaded[0m wit-bindgen-rust-macro v0.41.0
2026-10-07T23:44:52.4109922Z [1m[92m  Downloaded[0m futures-task v0.3.34
2026-10-07T23:44:52.4120133Z [1m[92m  Downloaded[0m potential_utf v0.1.3
2026-10-07T23:44:52.4128872Z [1m[92m  Downloaded[0m quote v1.0.47
2026-10-07T23:44:52.4151052Z [1m[92m  Downloaded[0m hashbrown v0.17.1
2026-10-07T23:44:52.4193558Z [1m[92m  Downloaded[0m icu_locale_core v2.3.0
2026-10-07T23:44:52.4250636Z [1m[92m  Downloaded[0m idna_adapter v1.2.1
2026-10-07T23:44:52.4257871Z [1m[92m  Downloaded[0m synstructure v0.13.2
2026-10-07T23:44:52.4265903Z [1m[92m  Downloaded[0m zerofrom-derive v0.1.6
2026-10-07T23:44:52.4273302Z [1m[92m  Downloaded[0m unicode-xid v0.2.6
2026-10-07T23:44:52.4283534Z [1m[92m  Downloaded[0m wit-bindgen v0.41.0
2026-10-07T23:44:52.4294230Z [1m[92m  Downloaded[0m once_cell v1.21.4
2026-10-07T23:44:52.4314305Z [1m[92m  Downloaded[0m prettyplease v0.2.37
2026-10-07T23:44:52.4342172Z [1m[92m  Downloaded[0m futures-core v0.3.34
2026-10-07T23:44:52.4352478Z [1m[92m  Downloaded[0m heck v0.5.0
2026-10-07T23:44:52.4362884Z [1m[92m  Downloaded[0m id-arena v2.3.0
2026-10-07T23:44:52.4373836Z [1m[92m  Downloaded[0m percent-encoding v2.3.2
2026-10-07T23:44:52.4380334Z [1m[92m  Downloaded[0m zmij v1.0.23
2026-10-07T23:44:52.4394236Z [1m[92m  Downloaded[0m futures-io v0.3.34
2026-10-07T23:44:52.4400866Z [1m[92m  Downloaded[0m leb128fmt v0.1.0
2026-10-07T23:44:52.4409107Z [1m[92m  Downloaded[0m form_urlencoded v1.2.2
2026-10-07T23:44:52.4415524Z [1m[92m  Downloaded[0m yoke-derive v0.8.2
2026-10-07T23:44:52.4424939Z [1m[92m  Downloaded[0m equivalent v1.0.2
2026-10-07T23:44:52.4432960Z [1m[92m  Downloaded[0m slab v0.4.11
2026-10-07T23:44:52.4443320Z [1m[92m  Downloaded[0m topological-sort v0.2.2
2026-10-07T23:44:52.4451817Z [1m[92m  Downloaded[0m utf8_iter v1.0.4
2026-10-07T23:44:52.4459810Z [1m[92m  Downloaded[0m cfg-if v1.0.4
2026-10-07T23:44:52.4470331Z [1m[92m  Downloaded[0m stable_deref_trait v1.2.1
2026-10-07T23:44:52.4478533Z [1m[92m  Downloaded[0m writeable v0.6.4
2026-10-07T23:44:52.4496270Z [1m[92m  Downloaded[0m pin-project-lite v0.2.16
2026-10-07T23:44:52.4549803Z [1m[92m  Downloaded[0m yoke v0.8.3
2026-10-07T23:44:52.4564297Z [1m[92m  Downloaded[0m tinystr v0.8.4
2026-10-07T23:44:52.4581238Z [1m[92m  Downloaded[0m wit-bindgen-core v0.41.0
2026-10-07T23:44:52.4590266Z [1m[92m  Downloaded[0m itoa v1.0.18
2026-10-07T23:44:52.4601593Z [1m[92m  Downloaded[0m litemap v0.8.0
2026-10-07T23:44:52.4619206Z [1m[92m  Downloaded[0m syn v3.0.3
2026-10-07T23:44:52.4703370Z [1m[92m  Downloaded[0m simd-adler32 v0.3.7
2026-10-07T23:44:52.4717364Z [1m[92m  Downloaded[0m auditable-serde v0.8.0
2026-10-07T23:44:52.4723638Z [1m[92m  Downloaded[0m wit-bindgen-rt v0.41.0
2026-10-07T23:44:52.4733497Z [1m[92m  Downloaded[0m foldhash v0.1.5
2026-10-07T23:44:52.4743181Z [1m[92m  Downloaded[0m log v0.4.29
2026-10-07T23:44:52.4762467Z [1m[92m  Downloaded[0m serde_derive v1.0.229
2026-10-07T23:44:52.4786181Z [1m[92m  Downloaded[0m zerofrom v0.1.6
2026-10-07T23:44:52.4793123Z [1m[92m  Downloaded[0m zerovec-derive v0.11.5
2026-10-07T23:44:52.4806352Z [1m[92m  Downloaded[0m bitflags v2.13.1
2026-10-07T23:44:52.4842181Z [1m[92m  Downloaded[0m crc32fast v1.5.0
2026-10-07T23:44:52.4856575Z [1m[92m  Downloaded[0m url v2.5.7
2026-10-07T23:44:52.4876779Z [1m[92m  Downloaded[0m futures v0.3.34
2026-10-07T23:44:52.4916287Z [1m[92m  Downloaded[0m semver v1.0.28
2026-10-07T23:44:52.4934131Z [1m[92m  Downloaded[0m unicode-ident v1.0.24
2026-10-07T23:44:52.4955657Z [1m[92m  Downloaded[0m miniz_oxide v0.8.9
2026-10-07T23:44:52.4975060Z [1m[92m  Downloaded[0m proc-macro2 v1.0.107
2026-10-07T23:44:52.4997944Z [1m[92m  Downloaded[0m serde_core v1.0.229
2026-10-07T23:44:52.5019352Z [1m[92m  Downloaded[0m smallvec v1.16.1
2026-10-07T23:44:52.5029779Z [1m[92m  Downloaded[0m wasm-encoder v0.227.1
2026-10-07T23:44:52.5059134Z [1m[92m  Downloaded[0m wasm-metadata v0.227.1
2026-10-07T23:44:52.5075498Z [1m[92m  Downloaded[0m wit-bindgen-rust v0.41.0
2026-10-07T23:44:52.5089368Z [1m[92m  Downloaded[0m flate2 v1.1.8
2026-10-07T23:44:52.5127689Z [1m[92m  Downloaded[0m icu_provider v2.3.0
2026-10-07T23:44:52.5148639Z [1m[92m  Downloaded[0m serde v1.0.229
2026-10-07T23:44:52.5175617Z [1m[92m  Downloaded[0m icu_collections v2.3.0
2026-10-07T23:44:52.5224733Z [1m[92m  Downloaded[0m icu_properties_data v2.3.0
2026-10-07T23:44:52.5307963Z [1m[92m  Downloaded[0m icu_normalizer_data v2.3.0
2026-10-07T23:44:52.5324714Z [1m[92m  Downloaded[0m futures-sink v0.3.34
2026-10-07T23:44:52.5331313Z [1m[92m  Downloaded[0m memchr v2.8.3
2026-10-07T23:44:52.5374235Z [1m[92m  Downloaded[0m hashbrown v0.15.5
2026-10-07T23:44:52.5412564Z [1m[92m  Downloaded[0m zerovec v0.11.8
2026-10-07T23:44:52.5459374Z [1m[92m  Downloaded[0m futures-macro v0.3.34
2026-10-07T23:44:52.5467473Z [1m[92m  Downloaded[0m indexmap v2.14.0
2026-10-07T23:44:52.5501025Z [1m[92m  Downloaded[0m futures-util v0.3.34
2026-10-07T23:44:52.5604453Z [1m[92m  Downloaded[0m idna v1.1.0
2026-10-07T23:44:52.5631998Z [1m[92m  Downloaded[0m wit-component v0.227.1
2026-10-07T23:44:52.6046548Z [1m[92m  Downloaded[0m wasmparser v0.227.1
2026-10-07T23:44:52.6107566Z [1m[92m  Downloaded[0m syn v2.0.117
2026-10-07T23:44:52.6189579Z [1m[92m  Downloaded[0m wit-parser v0.227.1
2026-10-07T23:44:52.6471216Z [1m[92m  Downloaded[0m spdx v0.10.9
2026-10-07T23:44:52.6948821Z [1m[92m  Downloaded[0m icu_normalizer v2.3.0
2026-10-07T23:44:52.7024187Z [1m[92m  Downloaded[0m zerotrie v0.2.5
2026-10-07T23:44:52.7558646Z [1m[92m   Compiling[0m proc-macro2 v1.0.107
2026-10-07T23:44:52.7559345Z [1m[92m   Compiling[0m quote v1.0.47
2026-10-07T23:44:52.7597157Z [1m[92m   Compiling[0m unicode-ident v1.0.24
2026-10-07T23:44:52.7649184Z [1m[92m   Compiling[0m stable_deref_trait v1.2.1
2026-10-07T23:44:52.8040441Z [1m[92m   Compiling[0m serde_core v1.0.229
2026-10-07T23:44:52.8360573Z [1m[92m   Compiling[0m zmij v1.0.23
2026-10-07T23:44:53.0019344Z [1m[92m   Compiling[0m writeable v0.6.4
2026-10-07T23:44:53.1093208Z [1m[92m   Compiling[0m litemap v0.8.0
2026-10-07T23:44:53.1660302Z [1m[92m   Compiling[0m serde_json v1.0.151
2026-10-07T23:44:53.2390080Z [1m[92m   Compiling[0m utf8_iter v1.0.4
2026-10-07T23:44:53.2942074Z [1m[92m   Compiling[0m icu_normalizer_data v2.3.0
2026-10-07T23:44:53.3394811Z [1m[92m   Compiling[0m serde v1.0.229
2026-10-07T23:44:53.3900242Z [1m[92m   Compiling[0m icu_properties_data v2.3.0
2026-10-07T23:44:53.5329849Z [1m[92m   Compiling[0m foldhash v0.1.5
2026-10-07T23:44:53.5445418Z [1m[92m   Compiling[0m wasmparser v0.227.1
2026-10-07T23:44:53.6439953Z [1m[92m   Compiling[0m hashbrown v0.17.1
2026-10-07T23:44:53.6870259Z [1m[92m   Compiling[0m smallvec v1.16.1
2026-10-07T23:44:54.1171314Z [1m[92m   Compiling[0m syn v3.0.3
2026-10-07T23:44:54.6109844Z [1m[92m   Compiling[0m syn v2.0.117
2026-10-07T23:44:54.7489938Z [1m[92m   Compiling[0m semver v1.0.28
2026-10-07T23:44:54.9900082Z [1m[92m   Compiling[0m equivalent v1.0.2
2026-10-07T23:44:55.0289954Z [1m[92m   Compiling[0m indexmap v2.14.0
2026-10-07T23:44:55.3850426Z [1m[92m   Compiling[0m hashbrown v0.15.5
2026-10-07T23:44:55.8779890Z [1m[92m   Compiling[0m memchr v2.8.3
2026-10-07T23:44:55.9200003Z [1m[92m   Compiling[0m anyhow v1.0.104
2026-10-07T23:44:56.0890044Z [1m[92m   Compiling[0m itoa v1.0.18
2026-10-07T23:44:56.2090009Z [1m[92m   Compiling[0m bitflags v2.13.1
2026-10-07T23:44:58.7609900Z [1m[92m   Compiling[0m synstructure v0.13.2
2026-10-07T23:44:59.3190625Z [1m[92m   Compiling[0m crc32fast v1.5.0
2026-10-07T23:44:59.7219028Z [1m[92m   Compiling[0m cfg-if v1.0.4
2026-10-07T23:44:59.7599952Z [1m[92m   Compiling[0m adler2 v2.0.1
2026-10-07T23:44:59.8210209Z [1m[92m   Compiling[0m simd-adler32 v0.3.7
2026-10-07T23:44:59.9590040Z [1m[92m   Compiling[0m percent-encoding v2.3.2
2026-10-07T23:45:00.0820095Z [1m[92m   Compiling[0m wasm-encoder v0.227.1
2026-10-07T23:45:00.2200318Z [1m[92m   Compiling[0m prettyplease v0.2.37
2026-10-07T23:45:00.3810817Z [1m[92m   Compiling[0m form_urlencoded v1.2.2
2026-10-07T23:45:00.4879934Z [1m[92m   Compiling[0m miniz_oxide v0.8.9
2026-10-07T23:45:02.1859963Z [1m[92m   Compiling[0m id-arena v2.3.0
2026-10-07T23:45:02.2640017Z [1m[92m   Compiling[0m log v0.4.29
2026-10-07T23:45:02.3819857Z [1m[92m   Compiling[0m topological-sort v0.2.2
2026-10-07T23:45:02.7700030Z [1m[92m   Compiling[0m unicode-xid v0.2.6
2026-10-07T23:45:02.8470055Z [1m[92m   Compiling[0m futures-core v0.3.34
2026-10-07T23:45:02.9159150Z [1m[92m   Compiling[0m futures-sink v0.3.34
2026-10-07T23:45:02.9299824Z [1m[92m   Compiling[0m leb128fmt v0.1.0
2026-10-07T23:45:02.9666541Z [1m[92m   Compiling[0m futures-channel v0.3.34
2026-10-07T23:45:03.0980430Z [1m[92m   Compiling[0m flate2 v1.1.8
2026-10-07T23:45:03.4229949Z [1m[92m   Compiling[0m spdx v0.10.9
2026-10-07T23:45:03.7390071Z [1m[92m   Compiling[0m futures-task v0.3.34
2026-10-07T23:45:03.8510177Z [1m[92m   Compiling[0m pin-project-lite v0.2.16
2026-10-07T23:45:03.9060011Z [1m[92m   Compiling[0m slab v0.4.11
2026-10-07T23:45:03.9939878Z [1m[92m   Compiling[0m futures-io v0.3.34
2026-10-07T23:45:04.0956106Z [1m[92m   Compiling[0m wit-bindgen-rust v0.41.0
2026-10-07T23:45:04.1890428Z [1m[92m   Compiling[0m heck v0.5.0
2026-10-07T23:45:04.5790179Z [1m[92m   Compiling[0m wit-bindgen-rust-macro v0.41.0
2026-10-07T23:45:04.6759996Z [1m[92m   Compiling[0m wit-bindgen-rt v0.41.0
2026-10-07T23:45:05.1559955Z [1m[92m   Compiling[0m once_cell v1.21.4
2026-10-07T23:45:06.1230487Z [1m[92m   Compiling[0m zed_extension_api v0.8.0 (/home/runner/work/koda/koda/crates/extension_api)
2026-10-07T23:45:13.1879973Z [1m[92m   Compiling[0m zerovec-derive v0.11.5
2026-10-07T23:45:13.8231485Z [1m[92m   Compiling[0m serde_derive v1.0.229
2026-10-07T23:45:13.9521895Z [1m[92m   Compiling[0m futures-macro v0.3.34
2026-10-07T23:45:14.0219666Z [1m[92m   Compiling[0m zerofrom-derive v0.1.6
2026-10-07T23:45:14.0269724Z [1m[92m   Compiling[0m yoke-derive v0.8.2
2026-10-07T23:45:14.5625944Z [1m[92m   Compiling[0m displaydoc v0.2.5
2026-10-07T23:45:14.7410102Z [1m[92m   Compiling[0m futures-util v0.3.34
2026-10-07T23:45:14.8410486Z [1m[92m   Compiling[0m zerofrom v0.1.6
2026-10-07T23:45:14.9129986Z [1m[92m   Compiling[0m yoke v0.8.3
2026-10-07T23:45:15.0350028Z [1m[92m   Compiling[0m zerovec v0.11.8
2026-10-07T23:45:15.0650404Z [1m[92m   Compiling[0m zerotrie v0.2.5
2026-10-07T23:45:15.4730890Z [1m[92m   Compiling[0m tinystr v0.8.4
2026-10-07T23:45:15.6052198Z [1m[92m   Compiling[0m icu_locale_core v2.3.0
2026-10-07T23:45:15.6115634Z [1m[92m   Compiling[0m potential_utf v0.1.3
2026-10-07T23:45:15.7098237Z [1m[92m   Compiling[0m icu_collections v2.3.0
2026-10-07T23:45:16.4560181Z [1m[92m   Compiling[0m icu_provider v2.3.0
2026-10-07T23:45:16.5420567Z [1m[92m   Compiling[0m auditable-serde v0.8.0
2026-10-07T23:45:16.5509694Z [1m[92m   Compiling[0m wit-parser v0.227.1
2026-10-07T23:45:16.7073429Z [1m[92m   Compiling[0m icu_properties v2.3.0
2026-10-07T23:45:16.8151363Z [1m[92m   Compiling[0m icu_normalizer v2.3.0
2026-10-07T23:45:16.8670524Z [1m[92m   Compiling[0m futures-executor v0.3.34
2026-10-07T23:45:17.0180040Z [1m[92m   Compiling[0m futures v0.3.34
2026-10-07T23:45:17.4650446Z [1m[92m   Compiling[0m idna_adapter v1.2.1
2026-10-07T23:45:17.5151989Z [1m[92m   Compiling[0m idna v1.1.0
2026-10-07T23:45:17.6783750Z [1m[92m   Compiling[0m url v2.5.7
2026-10-07T23:45:17.9837736Z [1m[92m   Compiling[0m wasm-metadata v0.227.1
2026-10-07T23:45:18.1397897Z [1m[92m   Compiling[0m wit-bindgen-core v0.41.0
2026-10-07T23:45:18.3409784Z [1m[92m   Compiling[0m wit-component v0.227.1
2026-10-07T23:45:20.5898817Z [1m[92m   Compiling[0m wit-bindgen v0.41.0
2026-10-07T23:45:21.1546025Z [1m[92m   Compiling[0m zed_test_extension v0.1.0 (/home/runner/work/koda/koda/extensions/test-extension)
2026-10-07T23:45:21.3035183Z [1m[92m    Finished[0m `dev` profile [unoptimized] target(s) in 3m 04s
2026-10-07T23:45:21.5295423Z Test extension build: 184.8s (exit 0)
2026-10-07T23:45:21.5375801Z ##[group]Run printf 'Test coverage: %s; filter: %s\n' "$CI_TEST_MODE" "$CI_TEST_FILTER"
2026-10-07T23:45:21.5376273Z [36;1mprintf 'Test coverage: %s; filter: %s\n' "$CI_TEST_MODE" "$CI_TEST_FILTER"[0m
2026-10-07T23:45:21.5376575Z [36;1mfilter_args=()[0m
2026-10-07T23:45:21.5376792Z [36;1mif [[ -n "$CI_TEST_FILTER" ]]; then[0m
2026-10-07T23:45:21.5377032Z [36;1m  filter_args=(-E "$CI_TEST_FILTER")[0m
2026-10-07T23:45:21.5377247Z [36;1mfi[0m
2026-10-07T23:45:21.5377516Z [36;1mpython3 script/ci-run stage 'Workspace tests (build and execution)' -- \[0m
2026-10-07T23:45:21.5377965Z [36;1m  cargo nextest run --locked --workspace "${filter_args[@]}" --no-fail-fast --no-tests=warn \[0m
2026-10-07T23:45:21.5378646Z [36;1m  --test-threads "$CI_TEST_THREADS" --status-level=fail --final-status-level=fail[0m
2026-10-07T23:45:21.5437286Z shell: /usr/bin/bash --noprofile --norc -e -o pipefail {0}
2026-10-07T23:45:21.5437555Z env:
2026-10-07T23:45:21.5437830Z   CARGO_TERM_COLOR: always
2026-10-07T23:45:21.5438041Z   CARGO_INCREMENTAL: 0
2026-10-07T23:45:21.5438225Z   CARGO_PROFILE_DEV_DEBUG: 0
2026-10-07T23:45:21.5438532Z   CARGO_PROFILE_DEV_BUILD_OVERRIDE_DEBUG: 0
2026-10-07T23:45:21.5438760Z   RUST_BACKTRACE: 1
2026-10-07T23:45:21.5438921Z   CC: clang
2026-10-07T23:45:21.5439069Z   CXX: clang++
2026-10-07T23:45:21.5439226Z   WGPU_BACKEND: vulkan
2026-10-07T23:45:21.5439395Z   CI_TEST_FILTER: 
2026-10-07T23:45:21.5439559Z   CI_TEST_MODE: full
2026-10-07T23:45:21.5439724Z   CARGO_BUILD_JOBS: 4
2026-10-07T23:45:21.5439887Z   CI_TEST_THREADS: 4
2026-10-07T23:45:21.5440088Z   VK_DRIVER_FILES: /usr/share/vulkan/icd.d/lvp_icd.json
2026-10-07T23:45:21.5440336Z ##[endgroup]
2026-10-07T23:45:21.5512597Z Test coverage: full; filter: 
2026-10-07T23:45:22.2836835Z [1m[92m Downloading[0m crates ...
2026-10-07T23:45:22.3771829Z [1m[92m  Downloaded[0m ambient-authority v0.0.2
2026-10-07T23:45:22.3789757Z [1m[92m  Downloaded[0m accesskit v0.24.1
2026-10-07T23:45:22.3850225Z [1m[92m  Downloaded[0m ahash v0.8.12
2026-10-07T23:45:22.3873143Z [1m[92m  Downloaded[0m allocator-api2 v0.2.21
2026-10-07T23:45:22.3896218Z [1m[92m  Downloaded[0m atomic v0.5.3
2026-10-07T23:45:22.3905226Z [1m[92m  Downloaded[0m anstyle v1.0.13
2026-10-07T23:45:22.3917828Z [1m[92m  Downloaded[0m arraydeque v0.5.1
2026-10-07T23:45:22.3929552Z [1m[92m  Downloaded[0m asynchronous-codec v0.7.0
2026-10-07T23:45:22.3948755Z [1m[92m  Downloaded[0m aws-smithy-json v0.62.5
2026-10-07T23:45:22.3962219Z [1m[92m  Downloaded[0m addr2line v0.26.1
2026-10-07T23:45:22.3978820Z [1m[92m  Downloaded[0m aws-sdk-bedrockruntime v1.125.0
2026-10-07T23:45:22.4249401Z [1m[92m  Downloaded[0m anes v0.1.6
2026-10-07T23:45:22.4271638Z [1m[92m  Downloaded[0m anstyle-query v1.1.4
2026-10-07T23:45:22.4281854Z [1m[92m  Downloaded[0m criterion v0.8.2
2026-10-07T23:45:22.4342742Z [1m[92m  Downloaded[0m ctor v1.0.12
2026-10-07T23:45:22.4362258Z [1m[92m  Downloaded[0m accesskit_atspi_common v0.19.1
2026-10-07T23:45:22.4376582Z [1m[92m  Downloaded[0m annotate-snippets v0.12.12
2026-10-07T23:45:22.4404504Z [1m[92m  Downloaded[0m crc-catalog v2.4.0
2026-10-07T23:45:22.4414396Z [1m[92m  Downloaded[0m adler32 v1.2.0
2026-10-07T23:45:22.4423817Z [1m[92m  Downloaded[0m accesskit_consumer v0.38.0
2026-10-07T23:45:22.4436716Z [1m[92m  Downloaded[0m arbitrary v1.4.2
2026-10-07T23:45:22.4475661Z [1m[92m  Downloaded[0m aws-smithy-http-client v1.1.10
2026-10-07T23:45:22.4510200Z [1m[92m  Downloaded[0m aws-smithy-runtime-api v1.11.4
2026-10-07T23:45:22.4553279Z [1m[92m  Downloaded[0m deflate64 v0.1.10
2026-10-07T23:45:22.4567331Z [1m[92m  Downloaded[0m async-trait v0.1.89
2026-10-07T23:45:22.4598755Z [1m[92m  Downloaded[0m aes v0.8.4
2026-10-07T23:45:22.4631571Z [1m[92m  Downloaded[0m as-slice v0.2.1
2026-10-07T23:45:22.4641256Z [1m[92m  Downloaded[0m async-broadcast v0.7.2
2026-10-07T23:45:22.4661256Z [1m[92m  Downloaded[0m async-compat v0.2.5
2026-10-07T23:45:22.4677680Z [1m[92m  Downloaded[0m async-recursion v1.1.1
2026-10-07T23:45:22.4719216Z [1m[92m  Downloaded[0m avif-serialize v0.8.6
2026-10-07T23:45:22.4730759Z [1m[92m  Downloaded[0m anstyle-parse v0.2.7
2026-10-07T23:45:22.4747838Z [1m[92m  Downloaded[0m async-compression v0.4.32
2026-10-07T23:45:22.4819072Z [1m[92m  Downloaded[0m aws-smithy-xml v0.60.15
2026-10-07T23:45:22.4832658Z [1m[92m  Downloaded[0m async_zip v0.0.18
2026-10-07T23:45:22.4911030Z [1m[92m  Downloaded[0m alloca v0.4.0
2026-10-07T23:45:22.4923084Z [1m[92m  Downloaded[0m arrayref v0.3.9
2026-10-07T23:45:22.4935629Z [1m[92m  Downloaded[0m arg_enum_proc_macro v0.3.4
2026-10-07T23:45:22.4947031Z [1m[92m  Downloaded[0m async-signal v0.2.13
2026-10-07T23:45:22.4961379Z [1m[92m  Downloaded[0m aliasable v0.1.3
2026-10-07T23:45:22.4971333Z [1m[92m  Downloaded[0m ar_archive_writer v0.5.1
2026-10-07T23:45:22.5001774Z [1m[92m  Downloaded[0m aws-smithy-http v0.63.4
2026-10-07T23:45:22.5021110Z [1m[92m  Downloaded[0m matchers v0.2.0
2026-10-07T23:45:22.5029085Z [1m[92m  Downloaded[0m aws-types v1.3.12
2026-10-07T23:45:22.5042492Z [1m[92m  Downloaded[0m atspi-common v0.13.0
2026-10-07T23:45:22.5081716Z [1m[92m  Downloaded[0m aws-smithy-checksums v0.64.4
2026-10-07T23:45:22.5091801Z [1m[92m  Downloaded[0m enumn v0.1.14
2026-10-07T23:45:22.5100322Z [1m[92m  Downloaded[0m agent-client-protocol-schema v1.9.1
2026-10-07T23:45:22.5144740Z [1m[92m  Downloaded[0m async-stream v0.3.6
2026-10-07T23:45:22.5161321Z [1m[92m  Downloaded[0m async-net v2.0.0
2026-10-07T23:45:22.5170512Z [1m[92m  Downloaded[0m autocfg v1.5.0
2026-10-07T23:45:22.5185372Z [1m[92m  Downloaded[0m async-executor v1.13.3
2026-10-07T23:45:22.5199955Z [1m[92m  Downloaded[0m aws-smithy-async v1.2.14
2026-10-07T23:45:22.5215700Z [1m[92m  Downloaded[0m atspi-proxies v0.13.0
2026-10-07T23:45:22.5233259Z [1m[92m  Downloaded[0m addr2line v0.25.1
2026-10-07T23:45:22.5247426Z [1m[92m  Downloaded[0m anstream v0.6.21
2026-10-07T23:45:22.5262749Z [1m[92m  Downloaded[0m async-dispatcher v0.1.2
2026-10-07T23:45:22.5270374Z [1m[92m  Downloaded[0m async-channel v1.9.0
2026-10-07T23:45:22.5280704Z [1m[92m  Downloaded[0m aws-sdk-kinesis v1.100.0
2026-10-07T23:45:22.5529340Z [1m[92m  Downloaded[0m aws-sdk-ssooidc v1.96.0
2026-10-07T23:45:22.5599757Z [1m[92m  Downloaded[0m aho-corasick v1.1.3
2026-10-07T23:45:22.5640431Z [1m[92m  Downloaded[0m async-channel v2.5.0
2026-10-07T23:45:22.5650636Z [1m[92m  Downloaded[0m async-lock v3.4.2
2026-10-07T23:45:22.5667678Z [1m[92m  Downloaded[0m aws-sdk-sts v1.98.0
2026-10-07T23:45:22.5771615Z [1m[92m  Downloaded[0m arc-swap v1.9.0
2026-10-07T23:45:22.5804344Z [1m[92m  Downloaded[0m crypto-common v0.1.6
2026-10-07T23:45:22.5811547Z [1m[92m  Downloaded[0m async-io v2.6.0
2026-10-07T23:45:22.5835140Z [1m[92m  Downloaded[0m crc-fast v1.9.0
2026-10-07T23:45:22.5912421Z [1m[92m  Downloaded[0m loop9 v0.1.5
2026-10-07T23:45:22.5917758Z [1m[92m  Downloaded[0m logos-derive v0.15.1
2026-10-07T23:45:22.5925512Z [1m[92m  Downloaded[0m aws-smithy-query v0.60.15
2026-10-07T23:45:22.5931665Z [1m[92m  Downloaded[0m data-url v0.3.2
2026-10-07T23:45:22.5943693Z [1m[92m  Downloaded[0m aws-credential-types v1.2.12
2026-10-07T23:45:22.5958633Z [1m[92m  Downloaded[0m aws-smithy-observability v0.2.5
2026-10-07T23:45:22.5969622Z [1m[92m  Downloaded[0m agent-client-protocol-derive v2.2.0
2026-10-07T23:45:22.5976689Z [1m[92m  Downloaded[0m as-raw-xcb-connection v1.0.1
2026-10-07T23:45:22.5982527Z [1m[92m  Downloaded[0m accesskit_unix v0.22.1
2026-10-07T23:45:22.6001598Z [1m[92m  Downloaded[0m ashpd v0.13.5
2026-10-07T23:45:22.6070165Z [1m[92m  Downloaded[0m aws-smithy-eventstream v0.60.20
2026-10-07T23:45:22.6097113Z [1m[92m  Downloaded[0m async-attributes v1.1.2
2026-10-07T23:45:22.6107835Z [1m[92m  Downloaded[0m darling v0.21.3
2026-10-07T23:45:22.6151684Z [1m[92m  Downloaded[0m arrayvec v0.7.6
2026-10-07T23:45:22.6169358Z [1m[92m  Downloaded[0m async-stream-impl v0.3.6
2026-10-07T23:45:22.6174871Z [1m[92m  Downloaded[0m aws-smithy-types v1.4.7
2026-10-07T23:45:22.6219918Z [1m[92m  Downloaded[0m noop_proc_macro v0.3.0
2026-10-07T23:45:22.6229333Z [1m[92m  Downloaded[0m cranelift-codegen-meta v0.135.1
2026-10-07T23:45:22.6269293Z [1m[92m  Downloaded[0m atoi v2.0.0
2026-10-07T23:45:22.6280155Z [1m[92m  Downloaded[0m darling_macro v0.23.0
2026-10-07T23:45:22.6287128Z [1m[92m  Downloaded[0m num_cpus v1.17.0
2026-10-07T23:45:22.6315529Z [1m[92m  Downloaded[0m proc-macro-error3 v3.1.1
2026-10-07T23:45:22.6345307Z [1m[92m  Downloaded[0m aligned-vec v0.6.4
2026-10-07T23:45:22.6353696Z [1m[92m  Downloaded[0m async-global-executor v2.4.1
2026-10-07T23:45:22.6369581Z [1m[92m  Downloaded[0m dirs-sys v0.5.0
2026-10-07T23:45:22.6379009Z [1m[92m  Downloaded[0m diff v0.1.13
2026-10-07T23:45:22.6407011Z [1m[92m  Downloaded[0m alsa-sys v0.3.1
2026-10-07T23:45:22.6419161Z [1m[92m  Downloaded[0m any_vec v0.14.0
2026-10-07T23:45:22.6452699Z [1m[92m  Downloaded[0m logos-derive v0.16.1
2026-10-07T23:45:22.6459328Z [1m[92m  Downloaded[0m phf_generator v0.13.1
2026-10-07T23:45:22.6468151Z [1m[92m  Downloaded[0m cranelift-codegen-shared v0.135.1
2026-10-07T23:45:22.6475544Z [1m[92m  Downloaded[0m dyn-clone v1.0.20
2026-10-07T23:45:22.6498234Z [1m[92m  Downloaded[0m aligned v0.4.3
2026-10-07T23:45:22.6501294Z [1m[92m  Downloaded[0m av1-grain v0.2.4
2026-10-07T23:45:22.6526237Z [1m[92m  Downloaded[0m ahash v0.7.8
2026-10-07T23:45:22.6548053Z [1m[92m  Downloaded[0m memoffset v0.9.1
2026-10-07T23:45:22.6559146Z [1m[92m  Downloaded[0m num-iter v0.1.45
2026-10-07T23:45:22.6569699Z [1m[92m  Downloaded[0m optfield v0.4.0
2026-10-07T23:45:22.6588879Z [1m[92m  Downloaded[0m async-std v1.13.2
2026-10-07T23:45:22.6799608Z [1m[92m  Downloaded[0m md-5 v0.10.6
2026-10-07T23:45:22.6815083Z [1m[92m  Downloaded[0m ordered-stream v0.2.0
2026-10-07T23:45:22.6827437Z [1m[92m  Downloaded[0m pori v0.0.0
2026-10-07T23:45:22.6836457Z [1m[92m  Downloaded[0m approx v0.5.1
2026-10-07T23:45:22.6853150Z [1m[92m  Downloaded[0m num-conv v0.2.0
2026-10-07T23:45:22.6861669Z [1m[92m  Downloaded[0m pbkdf2 v0.11.0
2026-10-07T23:45:22.6882022Z [1m[92m  Downloaded[0m plain v0.2.3
2026-10-07T23:45:22.6900117Z [1m[92m  Downloaded[0m random_choice v0.3.2
2026-10-07T23:45:22.6900712Z [1m[92m  Downloaded[0m dunce v1.0.5
2026-10-07T23:45:22.6910003Z [1m[92m  Downloaded[0m multimap v0.8.3
2026-10-07T23:45:22.6917837Z [1m[92m  Downloaded[0m documented-macros v0.10.0
2026-10-07T23:45:22.6929430Z [1m[92m  Downloaded[0m pkg-config v0.3.32
2026-10-07T23:45:22.6942889Z [1m[92m  Downloaded[0m polycool v0.4.0
2026-10-07T23:45:22.6957226Z [1m[92m  Downloaded[0m ascii v1.1.0
2026-10-07T23:45:22.6973967Z [1m[92m  Downloaded[0m aws-config v1.8.14
2026-10-07T23:45:22.7038844Z [1m[92m  Downloaded[0m dtoa v1.0.10
2026-10-07T23:45:22.7052466Z [1m[92m  Downloaded[0m embed-resource v3.0.6
2026-10-07T23:45:22.7068758Z [1m[92m  Downloaded[0m miette-derive v7.6.0
2026-10-07T23:45:22.7081315Z [1m[92m  Downloaded[0m mime_guess v2.0.5
2026-10-07T23:45:22.7104732Z [1m[92m  Downloaded[0m ouroboros v0.18.5
2026-10-07T23:45:22.7113656Z [1m[92m  Downloaded[0m pem-rfc7468 v0.7.0
2026-10-07T23:45:22.7130911Z [1m[92m  Downloaded[0m presser v0.3.1
2026-10-07T23:45:22.7145583Z [1m[92m  Downloaded[0m rustc-demangle v0.1.26
2026-10-07T23:45:22.7160049Z [1m[92m  Downloaded[0m opener v0.7.2
2026-10-07T23:45:22.7609741Z [1m[92m  Downloaded[0m phf_codegen v0.13.1
2026-10-07T23:45:22.7610702Z [1m[92m  Downloaded[0m async-fs v2.2.0
2026-10-07T23:45:22.7618126Z [1m[92m  Downloaded[0m no_std_io2 v0.9.4
2026-10-07T23:45:22.7633071Z [1m[92m  Downloaded[0m pathdiff v0.2.3
2026-10-07T23:45:22.7641304Z [1m[92m  Downloaded[0m ref-cast v1.0.25
2026-10-07T23:45:22.7666240Z [1m[92m  Downloaded[0m parking_lot v0.12.5
2026-10-07T23:45:22.7688048Z [1m[92m  Downloaded[0m perf-event-data v0.1.8
2026-10-07T23:45:22.7716857Z [1m[92m  Downloaded[0m async-tungstenite v0.33.0
2026-10-07T23:45:22.7742799Z [1m[92m  Downloaded[0m cranelift-assembler-x64 v0.135.1
2026-10-07T23:45:22.7759245Z [1m[92m  Downloaded[0m rand v0.8.6
2026-10-07T23:45:22.7786959Z [1m[92m  Downloaded[0m rfc6979 v0.3.1
2026-10-07T23:45:22.7796489Z [1m[92m  Downloaded[0m perf-event-open-sys2 v5.0.6
2026-10-07T23:45:22.7816104Z [1m[92m  Downloaded[0m rand_xorshift v0.4.0
2026-10-07T23:45:22.7825213Z [1m[92m  Downloaded[0m cxx-build v1.0.187
2026-10-07T23:45:22.7878887Z [1m[92m  Downloaded[0m proptest-derive v0.8.0
2026-10-07T23:45:22.7925702Z [1m[92m  Downloaded[0m rustc_version v0.4.1
2026-10-07T23:45:22.7936651Z [1m[92m  Downloaded[0m same-file v1.0.6
2026-10-07T23:45:22.7948912Z [1m[92m  Downloaded[0m ammonia v4.1.4
2026-10-07T23:45:22.7970926Z [1m[92m  Downloaded[0m aws-runtime v1.7.0
2026-10-07T23:45:22.8016009Z [1m[92m  Downloaded[0m phf_macros v0.11.3
2026-10-07T23:45:22.8025658Z [1m[92m  Downloaded[0m sec1 v0.3.0
2026-10-07T23:45:22.8038373Z [1m[92m  Downloaded[0m alsa v0.10.0
2026-10-07T23:45:22.8063561Z [1m[92m  Downloaded[0m atspi v0.29.0
2026-10-07T23:45:22.8071938Z [1m[92m  Downloaded[0m darling_core v0.23.0
2026-10-07T23:45:22.8120765Z [1m[92m  Downloaded[0m fastrand v2.3.0
2026-10-07T23:45:22.8131809Z [1m[92m  Downloaded[0m gethostname v1.1.0
2026-10-07T23:45:22.8140063Z [1m[92m  Downloaded[0m mio v0.8.11
2026-10-07T23:45:22.8195687Z [1m[92m  Downloaded[0m rand v0.4.6
2026-10-07T23:45:22.8214800Z [1m[92m  Downloaded[0m agent-client-protocol v2.2.0
2026-10-07T23:45:22.8291600Z [1m[92m  Downloaded[0m aws-smithy-runtime v1.10.1
2026-10-07T23:45:22.8339352Z [1m[92m  Downloaded[0m derive_more v2.1.1
2026-10-07T23:45:22.8457913Z [1m[92m  Downloaded[0m rgb v0.8.52
2026-10-07T23:45:22.8478618Z [1m[92m  Downloaded[0m snafu-derive v0.8.9
2026-10-07T23:45:22.8491291Z [1m[92m  Downloaded[0m rayon-core v1.13.0
2026-10-07T23:45:22.8526266Z [1m[92m  Downloaded[0m regex-lite v0.1.8
2026-10-07T23:45:22.8549451Z [1m[92m  Downloaded[0m lol_html v3.0.1
2026-10-07T23:45:22.8615912Z [1m[92m  Downloaded[0m sval_json v2.15.0
2026-10-07T23:45:22.8626509Z [1m[92m  Downloaded[0m aws-sdk-sso v1.94.0
2026-10-07T23:45:22.8677763Z [1m[92m  Downloaded[0m aws-sigv4 v1.4.0
2026-10-07T23:45:22.9096105Z [1m[92m  Downloaded[0m pbjson-types v0.9.0
2026-10-07T23:45:22.9110279Z [1m[92m  Downloaded[0m toml_datetime v0.6.11
2026-10-07T23:45:22.9120838Z [1m[92m  Downloaded[0m tower-service v0.3.3
2026-10-07T23:45:22.9127651Z [1m[92m  Downloaded[0m prost-reflect v0.16.5
2026-10-07T23:45:22.9262828Z [1m[92m  Downloaded[0m fax_derive v0.2.0
2026-10-07T23:45:22.9270492Z [1m[92m  Downloaded[0m ff v0.12.1
2026-10-07T23:45:22.9283708Z [1m[92m  Downloaded[0m heck v0.4.1
2026-10-07T23:45:22.9315871Z [1m[92m  Downloaded[0m rmp v0.8.14
2026-10-07T23:45:22.9342333Z [1m[92m  Downloaded[0m rtoolbox v0.0.3
2026-10-07T23:45:22.9356293Z [1m[92m  Downloaded[0m guppy-workspace-hack v0.1.0
2026-10-07T23:45:22.9362797Z [1m[92m  Downloaded[0m foreign-types-shared v0.1.1
2026-10-07T23:45:22.9370483Z [1m[92m  Downloaded[0m nom v7.1.3
2026-10-07T23:45:22.9409591Z [1m[92m  Downloaded[0m rsa v0.9.10
2026-10-07T23:45:22.9452128Z [1m[92m  Downloaded[0m tree-sitter-css v0.23.2
2026-10-07T23:45:22.9471603Z [1m[92m  Downloaded[0m wasm-metadata v0.254.0
2026-10-07T23:45:22.9492196Z [1m[92m  Downloaded[0m envy v0.4.2
2026-10-07T23:45:22.9506021Z [1m[92m  Downloaded[0m equator-macro v0.4.2
2026-10-07T23:45:22.9513335Z [1m[92m  Downloaded[0m float-cmp v0.9.0
2026-10-07T23:45:22.9523347Z [1m[92m  Downloaded[0m nom v8.0.0
2026-10-07T23:45:22.9566212Z [1m[92m  Downloaded[0m cpal v0.17.1
2026-10-07T23:45:22.9625520Z [1m[92m  Downloaded[0m cranelift-codegen v0.135.1
2026-10-07T23:45:22.9873987Z [1m[92m  Downloaded[0m error-graph v0.1.1
2026-10-07T23:45:22.9883008Z [1m[92m  Downloaded[0m event-listener v2.5.3
2026-10-07T23:45:22.9893610Z [1m[92m  Downloaded[0m event-listener-strategy v0.5.4
2026-10-07T23:45:22.9903136Z [1m[92m  Downloaded[0m exec v0.3.1
2026-10-07T23:45:22.9911714Z [1m[92m  Downloaded[0m extended v0.1.0
2026-10-07T23:45:22.9918115Z [1m[92m  Downloaded[0m fastrand v1.9.0
2026-10-07T23:45:22.9928070Z [1m[92m  Downloaded[0m fax v0.2.6
2026-10-07T23:45:22.9941005Z [1m[92m  Downloaded[0m filedescriptor v0.8.3
2026-10-07T23:45:22.9949954Z [1m[92m  Downloaded[0m unicode-properties v0.1.3
2026-10-07T23:45:22.9965347Z [1m[92m  Downloaded[0m atomic-waker v1.1.2
2026-10-07T23:45:22.9976154Z [1m[92m  Downloaded[0m quick-xml v0.37.5
2026-10-07T23:45:23.0019717Z [1m[92m  Downloaded[0m scc v3.5.6
2026-10-07T23:45:23.0055179Z [1m[92m  Downloaded[0m wasmtime-internal-core v48.0.1
2026-10-07T23:45:23.0078875Z [1m[92m  Downloaded[0m ash v0.38.0+1.3.281
2026-10-07T23:45:23.0209911Z [1m[92m  Downloaded[0m aws-lc-rs v1.17.1
2026-10-07T23:45:23.0301183Z [1m[92m  Downloaded[0m float-ord v0.3.2
2026-10-07T23:45:23.0309710Z [1m[92m  Downloaded[0m fnv v1.0.7
2026-10-07T23:45:23.0318320Z [1m[92m  Downloaded[0m foreign-types v0.3.2
2026-10-07T23:45:23.0325614Z [1m[92m  Downloaded[0m quinn-proto v0.11.17
2026-10-07T23:45:23.0380785Z [1m[92m  Downloaded[0m fs2 v0.4.3
2026-10-07T23:45:23.0391169Z [1m[92m  Downloaded[0m funty v2.0.0
2026-10-07T23:45:23.0398781Z [1m[92m  Downloaded[0m generic-array v0.14.7
2026-10-07T23:45:23.0429421Z [1m[92m  Downloaded[0m octocrab v0.49.7
2026-10-07T23:45:23.0737416Z [1m[92m  Downloaded[0m gpu-descriptor-types v0.2.0
2026-10-07T23:45:23.0741935Z [1m[92m  Downloaded[0m rustix v1.1.4
2026-10-07T23:45:23.0995255Z [1m[92m  Downloaded[0m av-scenechange v0.14.1
2026-10-07T23:45:23.1106888Z [1m[92m  Downloaded[0m hash32 v0.3.1
2026-10-07T23:45:23.1117675Z [1m[92m  Downloaded[0m heed-traits v0.20.0
2026-10-07T23:45:23.1122422Z [1m[92m  Downloaded[0m rand_core v0.6.4
2026-10-07T23:45:23.1132696Z [1m[92m  Downloaded[0m vcpkg v0.2.15
2026-10-07T23:45:23.1568894Z [1m[92m  Downloaded[0m errno v0.3.14
2026-10-07T23:45:23.1580198Z [1m[92m  Downloaded[0m failspot v0.2.0
2026-10-07T23:45:23.1587152Z [1m[92m  Downloaded[0m float_next_after v1.0.0
2026-10-07T23:45:23.1595330Z [1m[92m  Downloaded[0m equator v0.4.2
2026-10-07T23:45:23.1605317Z [1m[92m  Downloaded[0m gpu-descriptor v0.3.2
2026-10-07T23:45:23.1611381Z [1m[92m  Downloaded[0m hashlink v0.8.4
2026-10-07T23:45:23.1625422Z [1m[92m  Downloaded[0m headers-core v0.2.0
2026-10-07T23:45:23.1630902Z [1m[92m  Downloaded[0m pbjson-build v0.9.0
2026-10-07T23:45:23.1640708Z [1m[92m  Downloaded[0m errno v0.2.8
2026-10-07T23:45:23.1650417Z [1m[92m  Downloaded[0m etagere v0.2.15
2026-10-07T23:45:23.1661023Z [1m[92m  Downloaded[0m find-msvc-tools v0.1.11
2026-10-07T23:45:23.1674491Z [1m[92m  Downloaded[0m regex-automata v0.4.18
2026-10-07T23:45:23.1786080Z [1m[92m  Downloaded[0m globset v0.4.17
2026-10-07T23:45:23.1797284Z [1m[92m  Downloaded[0m naga v29.0.4
2026-10-07T23:45:23.1963330Z [1m[92m  Downloaded[0m fast-srgb8 v1.0.0
2026-10-07T23:45:23.1971842Z [1m[92m  Downloaded[0m fixedbitset v0.5.7
2026-10-07T23:45:23.1985903Z [1m[92m  Downloaded[0m font-types v0.10.0
2026-10-07T23:45:23.1999204Z [1m[92m  Downloaded[0m font-types v0.11.0
2026-10-07T23:45:23.2015407Z [1m[92m  Downloaded[0m fork v0.4.0
2026-10-07T23:45:23.2040371Z [1m[92m  Downloaded[0m fs-set-times v0.20.3
2026-10-07T23:45:23.2053380Z [1m[92m  Downloaded[0m serde_with v3.22.0
2026-10-07T23:45:23.2169209Z [1m[92m  Downloaded[0m fs_extra v1.3.0
2026-10-07T23:45:23.2181463Z [1m[92m  Downloaded[0m gaoya v0.2.0
2026-10-07T23:45:23.2200605Z [1m[92m  Downloaded[0m glob v0.3.3
2026-10-07T23:45:23.2211752Z [1m[92m  Downloaded[0m group v0.12.1
2026-10-07T23:45:23.2223391Z [1m[92m  Downloaded[0m sha2 v0.10.9
2026-10-07T23:45:23.2242922Z [1m[92m  Downloaded[0m hashlink v0.10.0
2026-10-07T23:45:23.2256460Z [1m[92m  Downloaded[0m crossbeam-utils v0.8.21
2026-10-07T23:45:23.2276885Z [1m[92m  Downloaded[0m foldhash v0.2.0
2026-10-07T23:45:23.2286987Z [1m[92m  Downloaded[0m rustls-webpki v0.103.13
2026-10-07T23:45:23.2311127Z [1m[92m  Downloaded[0m fdeflate v0.3.7
2026-10-07T23:45:23.2323755Z [1m[92m  Downloaded[0m scopeguard v1.2.0
2026-10-07T23:45:23.2333024Z [1m[92m  Downloaded[0m gobject-sys v0.21.5
2026-10-07T23:45:23.2343696Z [1m[92m  Downloaded[0m rustls-platform-verifier v0.7.0
2026-10-07T23:45:23.2373403Z [1m[92m  Downloaded[0m encoding_rs v0.8.35
2026-10-07T23:45:23.2530659Z [1m[92m  Downloaded[0m fontconfig-parser v0.5.8
2026-10-07T23:45:23.2574438Z [1m[92m  Downloaded[0m erased-serde v0.4.9
2026-10-07T23:45:23.2592621Z [1m[92m  Downloaded[0m event-listener v5.4.1
2026-10-07T23:45:23.2607934Z [1m[92m  Downloaded[0m tungstenite v0.21.0
2026-10-07T23:45:23.2633397Z [1m[92m  Downloaded[0m wasmtime-internal-versioned-export-macros v48.0.1
2026-10-07T23:45:23.2637697Z [1m[92m  Downloaded[0m filetime v0.2.29
2026-10-07T23:45:23.2650512Z [1m[92m  Downloaded[0m futures-lite v1.13.0
2026-10-07T23:45:23.2662116Z [1m[92m  Downloaded[0m getrandom v0.2.16
2026-10-07T23:45:23.2684522Z [1m[92m  Downloaded[0m block-buffer v0.10.4
2026-10-07T23:45:23.2692368Z [1m[92m  Downloaded[0m cranelift-native v0.135.1
2026-10-07T23:45:23.2699071Z [1m[92m  Downloaded[0m phf_generator v0.11.3
2026-10-07T23:45:23.2707541Z [1m[92m  Downloaded[0m prost-derive v0.14.4
2026-10-07T23:45:23.2717654Z [1m[92m  Downloaded[0m sval_ref v2.15.0
2026-10-07T23:45:23.2724420Z [1m[92m  Downloaded[0m futures-lite v2.6.1
2026-10-07T23:45:23.2737349Z [1m[92m  Downloaded[0m fluent-uri v0.4.1
2026-10-07T23:45:23.2758810Z [1m[92m  Downloaded[0m getrandom v0.3.4
2026-10-07T23:45:23.2785628Z [1m[92m  Downloaded[0m gpu-allocator v0.28.0
2026-10-07T23:45:23.2807340Z [1m[92m  Downloaded[0m urlencoding v2.1.3
2026-10-07T23:45:23.2814889Z [1m[92m  Downloaded[0m bmrng v0.5.2
2026-10-07T23:45:23.2825027Z [1m[92m  Downloaded[0m borrow-or-share v0.2.4
2026-10-07T23:45:23.2832413Z [1m[92m  Downloaded[0m clap_lex v0.7.6
2026-10-07T23:45:23.2840358Z [1m[92m  Downloaded[0m constant_time_eq v0.1.5
2026-10-07T23:45:23.2847178Z [1m[92m  Downloaded[0m half v2.7.1
2026-10-07T23:45:23.2867644Z [1m[92m  Downloaded[0m http-body v1.0.1
2026-10-07T23:45:23.2875028Z [1m[92m  Downloaded[0m indenter v0.3.4
2026-10-07T23:45:23.2884560Z [1m[92m  Downloaded[0m wyz v0.5.1
2026-10-07T23:45:23.2893571Z [1m[92m  Downloaded[0m getrandom v0.4.1
2026-10-07T23:45:23.2922280Z [1m[92m  Downloaded[0m parking v2.2.1
2026-10-07T23:45:23.2930538Z [1m[92m  Downloaded[0m process-reader v0.1.0
2026-10-07T23:45:23.2939184Z [1m[92m  Downloaded[0m pulldown-cmark-escape v0.10.1
2026-10-07T23:45:23.2944555Z [1m[92m  Downloaded[0m try-lock v0.2.5
2026-10-07T23:45:23.2951333Z [1m[92m  Downloaded[0m headers v0.3.9
2026-10-07T23:45:23.2996563Z [1m[92m  Downloaded[0m flume v0.11.1
2026-10-07T23:45:23.3022837Z [1m[92m  Downloaded[0m flume v0.12.0
2026-10-07T23:45:23.3048774Z [1m[92m  Downloaded[0m glib-sys v0.21.5
2026-10-07T23:45:23.3065038Z [1m[92m  Downloaded[0m sval_dynamic v2.15.0
2026-10-07T23:45:23.3072101Z [1m[92m  Downloaded[0m write16 v1.0.0
2026-10-07T23:45:23.3078749Z [1m[92m  Downloaded[0m convert_case v0.11.0
2026-10-07T23:45:23.3092667Z [1m[92m  Downloaded[0m proxyvars v0.2.0
2026-10-07T23:45:23.3100354Z [1m[92m  Downloaded[0m glib-macros v0.21.5
2026-10-07T23:45:23.3124522Z [1m[92m  Downloaded[0m heed v0.21.0
2026-10-07T23:45:23.3146847Z [1m[92m  Downloaded[0m embedded-io v0.6.1
2026-10-07T23:45:23.3156234Z [1m[92m  Downloaded[0m clap_complete_nushell v4.6.0
2026-10-07T23:45:23.3167791Z [1m[92m  Downloaded[0m libflate_lz77 v2.3.0
2026-10-07T23:45:23.3174031Z [1m[92m  Downloaded[0m dashmap v6.1.0
2026-10-07T23:45:23.3192721Z [1m[92m  Downloaded[0m digest v0.10.7
2026-10-07T23:45:23.3206309Z [1m[92m  Downloaded[0m futures-concurrency v7.7.1
2026-10-07T23:45:23.3270638Z [1m[92m  Downloaded[0m futures-intrusive v0.5.0
2026-10-07T23:45:23.3304454Z [1m[92m  Downloaded[0m gif v0.14.2
2026-10-07T23:45:23.3317599Z [1m[92m  Downloaded[0m termcolor v1.4.1
2026-10-07T23:45:23.3327066Z [1m[92m  Downloaded[0m merman-core v0.8.0-alpha.5
2026-10-07T23:45:23.3494541Z [1m[92m  Downloaded[0m darling_macro v0.21.3
2026-10-07T23:45:23.3499285Z [1m[92m  Downloaded[0m heed-types v0.21.0
2026-10-07T23:45:23.3507722Z [1m[92m  Downloaded[0m clap_derive v4.5.49
2026-10-07T23:45:23.3524797Z [1m[92m  Downloaded[0m euclid v0.22.14
2026-10-07T23:45:23.3549781Z [1m[92m  Downloaded[0m handlebars v5.1.2
2026-10-07T23:45:23.3604209Z [1m[92m  Downloaded[0m sea-orm-macros v1.1.10
2026-10-07T23:45:23.3627865Z [1m[92m  Downloaded[0m simple_asn1 v0.6.3
2026-10-07T23:45:23.3638058Z [1m[92m  Downloaded[0m sqlx-macros-core v0.8.6
2026-10-07T23:45:23.3655567Z [1m[92m  Downloaded[0m tendril v0.5.1
2026-10-07T23:45:23.3670024Z [1m[92m  Downloaded[0m zed_extension_api v0.1.0
2026-10-07T23:45:23.3687426Z [1m[92m  Downloaded[0m maybe-owned v0.3.4
2026-10-07T23:45:23.3696796Z [1m[92m  Downloaded[0m zune-jpeg v0.5.15
2026-10-07T23:45:23.3723953Z [1m[92m  Downloaded[0m sha1_smol v1.0.1
2026-10-07T23:45:23.3734000Z [1m[92m  Downloaded[0m synchronoise v1.0.1
2026-10-07T23:45:23.3742748Z [1m[92m  Downloaded[0m tree-sitter-diff v0.1.0
2026-10-07T23:45:23.3754141Z [1m[92m  Downloaded[0m untrusted v0.7.1
2026-10-07T23:45:23.3762147Z [1m[92m  Downloaded[0m gio-sys v0.21.5
2026-10-07T23:45:23.3782305Z [1m[92m  Downloaded[0m stacksafe v1.0.3
2026-10-07T23:45:23.3794800Z [1m[92m  Downloaded[0m sys-locale v0.3.2
2026-10-07T23:45:23.3804608Z [1m[92m  Downloaded[0m zune-inflate v0.2.54
2026-10-07T23:45:23.3817544Z [1m[92m  Downloaded[0m convert_case v0.10.0
2026-10-07T23:45:23.3830799Z [1m[92m  Downloaded[0m diffy v0.4.2
2026-10-07T23:45:23.3847619Z [1m[92m  Downloaded[0m fraction v0.16.0
2026-10-07T23:45:23.3891728Z [1m[92m  Downloaded[0m handlebars v4.5.0
2026-10-07T23:45:23.3945190Z [1m[92m  Downloaded[0m hashbrown v0.12.3
2026-10-07T23:45:23.3974296Z [1m[92m  Downloaded[0m powerfmt v0.2.0
2026-10-07T23:45:23.3982818Z [1m[92m  Downloaded[0m wayland-protocols-wlr v0.3.9
2026-10-07T23:45:23.3998934Z [1m[92m  Downloaded[0m bit-set v0.9.1
2026-10-07T23:45:23.4009730Z [1m[92m  Downloaded[0m borsh v1.5.7
2026-10-07T23:45:23.4063818Z [1m[92m  Downloaded[0m cargo_metadata v0.19.2
2026-10-07T23:45:23.4077708Z [1m[92m  Downloaded[0m dirs v6.0.0
2026-10-07T23:45:23.4087722Z [1m[92m  Downloaded[0m fontdb v0.23.0
2026-10-07T23:45:23.4106150Z [1m[92m  Downloaded[0m heapless v0.9.2
2026-10-07T23:45:23.4145409Z [1m[92m  Downloaded[0m ordered-float v4.6.0
2026-10-07T23:45:23.4156663Z [1m[92m  Downloaded[0m sha1 v0.10.6
2026-10-07T23:45:23.4168866Z [1m[92m  Downloaded[0m similar v2.7.0
2026-10-07T23:45:23.4210586Z [1m[92m  Downloaded[0m simplelog v0.12.2
2026-10-07T23:45:23.4225220Z [1m[92m  Downloaded[0m string_cache v0.9.0
2026-10-07T23:45:23.4236896Z [1m[92m  Downloaded[0m tokio-tungstenite v0.21.0
2026-10-07T23:45:23.4252470Z [1m[92m  Downloaded[0m wayland-protocols-plasma v0.3.9
2026-10-07T23:45:23.4287421Z [1m[92m  Downloaded[0m axum v0.6.20
2026-10-07T23:45:23.4346168Z [1m[92m  Downloaded[0m bon v3.8.2
2026-10-07T23:45:23.4407916Z [1m[92m  Downloaded[0m bon-macros v3.8.2
2026-10-07T23:45:23.4460241Z [1m[92m  Downloaded[0m sval_nested v2.15.0
2026-10-07T23:45:23.4469862Z [1m[92m  Downloaded[0m hashbrown v0.14.5
2026-10-07T23:45:23.4507391Z [1m[92m  Downloaded[0m httpdate v1.0.3
2026-10-07T23:45:23.4516420Z [1m[92m  Downloaded[0m tower-http v0.4.4
2026-10-07T23:45:23.4576782Z [1m[92m  Downloaded[0m yawc v0.4.2
2026-10-07T23:45:23.4602741Z [1m[92m  Downloaded[0m tracing-serde v0.2.0
2026-10-07T23:45:23.4609358Z [1m[92m  Downloaded[0m futures v0.1.31
2026-10-07T23:45:23.4690723Z [1m[92m  Downloaded[0m glow v0.17.0
2026-10-07T23:45:23.4726404Z [1m[92m  Downloaded[0m indoc v2.0.6
2026-10-07T23:45:23.4748978Z [1m[92m  Downloaded[0m zstd-safe v5.0.2+zstd.1.5.2
2026-10-07T23:45:23.4758540Z [1m[92m  Downloaded[0m zvariant v5.11.0
2026-10-07T23:45:23.4812850Z [1m[92m  Downloaded[0m crossbeam-deque v0.8.6
2026-10-07T23:45:23.4823004Z [1m[92m  Downloaded[0m dialoguer v0.12.0
2026-10-07T23:45:23.4849845Z [1m[92m  Downloaded[0m rand_core v0.10.1
2026-10-07T23:45:23.4863995Z [1m[92m  Downloaded[0m h2 v0.3.27
2026-10-07T23:45:23.4912308Z [1m[92m  Downloaded[0m hashbrown v0.16.1
2026-10-07T23:45:23.4951718Z [1m[92m  Downloaded[0m mio v1.2.0
2026-10-07T23:45:23.4998023Z [1m[92m  Downloaded[0m seccompiler v0.5.0
2026-10-07T23:45:23.5026248Z [1m[92m  Downloaded[0m signal-hook v0.4.4
2026-10-07T23:45:23.5044888Z [1m[92m  Downloaded[0m tiff v0.11.3
2026-10-07T23:45:23.5079806Z [1m[92m  Downloaded[0m tokio-tungstenite v0.20.1
2026-10-07T23:45:23.5095270Z [1m[92m  Downloaded[0m waker-fn v1.2.0
2026-10-07T23:45:23.5101784Z [1m[92m  Downloaded[0m wasm-encoder v0.254.0
2026-10-07T23:45:23.5132755Z [1m[92m  Downloaded[0m wayland-client v0.31.11
2026-10-07T23:45:23.5147948Z [1m[92m  Downloaded[0m wit-bindgen-core v0.22.0
2026-10-07T23:45:23.5155462Z [1m[92m  Downloaded[0m wit-parser v0.201.0
2026-10-07T23:45:23.5370121Z [1m[92m  Downloaded[0m granit-parser v1.0.0
2026-10-07T23:45:23.5422955Z [1m[92m  Downloaded[0m h2 v0.4.19
2026-10-07T23:45:23.5473203Z [1m[92m  Downloaded[0m endi v1.1.0
2026-10-07T23:45:23.5481298Z [1m[92m  Downloaded[0m guppy v0.18.0
2026-10-07T23:45:23.5531767Z [1m[92m  Downloaded[0m http-body-util v0.1.3
2026-10-07T23:45:23.5545352Z [1m[92m  Downloaded[0m phf v0.13.1
2026-10-07T23:45:23.5554815Z [1m[92m  Downloaded[0m dary_heap v0.3.9
2026-10-07T23:45:23.5563336Z [1m[92m  Downloaded[0m goblin v0.9.3
2026-10-07T23:45:23.5611159Z [1m[92m  Downloaded[0m lru v0.16.4
2026-10-07T23:45:23.5619968Z [1m[92m  Downloaded[0m rustversion v1.0.22
2026-10-07T23:45:23.5641250Z [1m[92m  Downloaded[0m zbus v5.13.2
2026-10-07T23:45:23.5712585Z [1m[92m  Downloaded[0m indexmap v1.9.3
2026-10-07T23:45:23.5736781Z [1m[92m  Downloaded[0m option-ext v0.2.0
2026-10-07T23:45:23.5743208Z [1m[92m  Downloaded[0m shellexpand v3.1.1
2026-10-07T23:45:23.5756444Z [1m[92m  Downloaded[0m usvg v0.46.0
2026-10-07T23:45:23.5789555Z [1m[92m  Downloaded[0m walkdir v2.5.0
2026-10-07T23:45:23.5803692Z [1m[92m  Downloaded[0m fearless_simd v0.4.1
2026-10-07T23:45:23.5857198Z [1m[92m  Downloaded[0m linkify v0.10.0
2026-10-07T23:45:23.5871497Z [1m[92m  Downloaded[0m quick-error v2.0.1
2026-10-07T23:45:23.5881208Z [1m[92m  Downloaded[0m sync_wrapper v1.0.2
2026-10-07T23:45:23.5887506Z [1m[92m  Downloaded[0m tiny-skia v0.11.4
2026-10-07T23:45:23.5991587Z [1m[92m  Downloaded[0m tracing-subscriber v0.3.22
2026-10-07T23:45:23.6057331Z [1m[92m  Downloaded[0m tree-sitter-c v0.24.1
2026-10-07T23:45:23.6113361Z [1m[92m  Downloaded[0m untrusted v0.9.0
2026-10-07T23:45:23.6126240Z [1m[92m  Downloaded[0m wasm-metadata v0.201.0
2026-10-07T23:45:23.6132343Z [1m[92m  Downloaded[0m wgpu-core v29.0.4
2026-10-07T23:45:23.6206548Z [1m[92m  Downloaded[0m winnow v0.7.13
2026-10-07T23:45:23.6276668Z [1m[92m  Downloaded[0m wit-parser v0.254.0
2026-10-07T23:45:23.6590009Z [1m[92m  Downloaded[0m exr v1.74.0
2026-10-07T23:45:23.6660215Z [1m[92m  Downloaded[0m fancy-regex v0.19.0
2026-10-07T23:45:23.6709978Z [1m[92m  Downloaded[0m gimli v0.32.3
2026-10-07T23:45:23.6764924Z [1m[92m  Downloaded[0m gimli v0.33.0
2026-10-07T23:45:23.6824170Z [1m[92m  Downloaded[0m glib v0.21.5
2026-10-07T23:45:23.6917364Z [1m[92m  Downloaded[0m hdrhistogram v7.5.4
2026-10-07T23:45:23.6973621Z [1m[92m  Downloaded[0m logos-codegen v0.16.1
2026-10-07T23:45:23.7013504Z [1m[92m  Downloaded[0m proc-macro-error v1.0.4
2026-10-07T23:45:23.7040382Z [1m[92m  Downloaded[0m ravif v0.13.0
2026-10-07T23:45:23.7049436Z [1m[92m  Downloaded[0m rustc-hash v1.1.0
2026-10-07T23:45:23.7056429Z [1m[92m  Downloaded[0m zeroize v1.8.2
2026-10-07T23:45:23.7066694Z [1m[92m  Downloaded[0m http-range-header v0.3.1
2026-10-07T23:45:23.7075024Z [1m[92m  Downloaded[0m num-rational v0.4.2
2026-10-07T23:45:23.7085309Z [1m[92m  Downloaded[0m wgpu-naga-bridge v29.0.4
2026-10-07T23:45:23.7091451Z [1m[92m  Downloaded[0m zune-core v0.5.1
2026-10-07T23:45:23.7108621Z [1m[92m  Downloaded[0m clap_complete v4.5.59
2026-10-07T23:45:23.7131264Z [1m[92m  Downloaded[0m markup5ever_rcdom v0.39.0+unofficial
2026-10-07T23:45:23.7138531Z [1m[92m  Downloaded[0m wasmtime-internal-cranelift v48.0.1
2026-10-07T23:45:23.7190817Z [1m[92m  Downloaded[0m outref v0.5.2
2026-10-07T23:45:23.7200019Z [1m[92m  Downloaded[0m saa v5.4.9
2026-10-07T23:45:23.7217345Z [1m[92m  Downloaded[0m rand_distr v0.5.1
2026-10-07T23:45:23.7244299Z [1m[92m  Downloaded[0m renderdoc-sys v1.1.0
2026-10-07T23:45:23.7251596Z [1m[92m  Downloaded[0m httparse v1.10.1
2026-10-07T23:45:23.7271102Z [1m[92m  Downloaded[0m beef v0.5.2
2026-10-07T23:45:23.7284781Z [1m[92m  Downloaded[0m emojis v0.9.0
2026-10-07T23:45:23.7313829Z [1m[92m  Downloaded[0m bytecheck_derive v0.6.12
2026-10-07T23:45:23.7319478Z [1m[92m  Downloaded[0m jsonschema v0.51.0
2026-10-07T23:45:23.7466979Z [1m[92m  Downloaded[0m tree-sitter-elixir v0.3.4
2026-10-07T23:45:23.7599949Z [1m[92m  Downloaded[0m zbus_xml v5.1.1
2026-10-07T23:45:23.7609103Z [1m[92m  Downloaded[0m cargo_metadata v0.23.1
2026-10-07T23:45:23.7623827Z [1m[92m  Downloaded[0m cast v0.3.0
2026-10-07T23:45:23.7633114Z [1m[92m  Downloaded[0m wayland-sys v0.31.11
2026-10-07T23:45:23.7642577Z [1m[92m  Downloaded[0m calloop-wayland-source v0.4.1
2026-10-07T23:45:23.7652192Z [1m[92m  Downloaded[0m derive_setters v0.1.9
2026-10-07T23:45:23.7668028Z [1m[92m  Downloaded[0m num-cmp v0.1.0
2026-10-07T23:45:23.7675096Z [1m[92m  Downloaded[0m ouroboros_macro v0.18.5
2026-10-07T23:45:23.7689022Z [1m[92m  Downloaded[0m rayon v1.11.0
2026-10-07T23:45:23.7762675Z [1m[92m  Downloaded[0m human_bytes v0.4.3
2026-10-07T23:45:23.7772220Z [1m[92m  Downloaded[0m itertools v0.10.5
2026-10-07T23:45:23.7822244Z [1m[92m  Downloaded[0m const_format_proc_macros v0.2.34
2026-10-07T23:45:23.7840480Z [1m[92m  Downloaded[0m dotenvy v0.15.7
2026-10-07T23:45:23.7862132Z [1m[92m  Downloaded[0m harfrust v0.5.0
2026-10-07T23:45:23.7944071Z [1m[92m  Downloaded[0m prost v0.14.4
2026-10-07T23:45:23.7957664Z [1m[92m  Downloaded[0m raw-window-handle v0.6.2
2026-10-07T23:45:23.7972201Z [1m[92m  Downloaded[0m zeno v0.3.3
2026-10-07T23:45:23.7990329Z [1m[92m  Downloaded[0m pbkdf2 v0.12.2
2026-10-07T23:45:23.8000712Z [1m[92m  Downloaded[0m phf v0.11.3
2026-10-07T23:45:23.8011042Z [1m[92m  Downloaded[0m proc-macro-error-attr v1.0.4
2026-10-07T23:45:23.8018994Z [1m[92m  Downloaded[0m tracy-client v0.18.3
2026-10-07T23:45:23.8033189Z [1m[92m  Downloaded[0m sea-query v0.32.7
2026-10-07T23:45:23.8119290Z [1m[92m  Downloaded[0m der v0.7.10
2026-10-07T23:45:23.8160855Z [1m[92m  Downloaded[0m ordered-float v5.5.0
2026-10-07T23:45:23.8174747Z [1m[92m  Downloaded[0m bit-set v0.8.0
2026-10-07T23:45:23.8185308Z [1m[92m  Downloaded[0m concurrent-queue v2.5.0
2026-10-07T23:45:23.8198635Z [1m[92m  Downloaded[0m darling v0.23.0
2026-10-07T23:45:23.8241866Z [1m[92m  Downloaded[0m http v1.3.1
2026-10-07T23:45:23.8270719Z [1m[92m  Downloaded[0m socket2 v0.5.10
2026-10-07T23:45:23.8285172Z [1m[92m  Downloaded[0m tracing-log v0.2.0
2026-10-07T23:45:23.8295993Z [1m[92m  Downloaded[0m unicode-normalization v0.1.25
2026-10-07T23:45:23.8323246Z [1m[92m  Downloaded[0m link-section v0.19.2
2026-10-07T23:45:23.8358597Z [1m[92m  Downloaded[0m prost-build v0.14.4
2026-10-07T23:45:23.8386329Z [1m[92m  Downloaded[0m quick-xml v0.30.0
2026-10-07T23:45:23.8423325Z [1m[92m  Downloaded[0m aws-sdk-s3 v1.123.0
2026-10-07T23:45:23.9213755Z [1m[92m  Downloaded[0m cargo_toml v0.21.0
2026-10-07T23:45:23.9223806Z [1m[92m  Downloaded[0m image-webp v0.2.4
2026-10-07T23:45:23.9241629Z [1m[92m  Downloaded[0m cranelift-isle v0.135.1
2026-10-07T23:45:23.9283345Z [1m[92m  Downloaded[0m embedded-io v0.4.0
2026-10-07T23:45:23.9296963Z [1m[92m  Downloaded[0m wait-timeout v0.2.1
2026-10-07T23:45:23.9309247Z [1m[92m  Downloaded[0m bitvec v1.0.1
2026-10-07T23:45:23.9439608Z [1m[92m  Downloaded[0m tokio v1.52.1
2026-10-07T23:45:23.9789268Z [1m[92m  Downloaded[0m pkcs8 v0.9.0
2026-10-07T23:45:23.9811249Z [1m[92m  Downloaded[0m ptr_meta v0.1.4
2026-10-07T23:45:23.9818010Z [1m[92m  Downloaded[0m cargo-platform v0.1.9
2026-10-07T23:45:23.9827555Z [1m[92m  Downloaded[0m cargo-platform v0.3.2
2026-10-07T23:45:23.9837180Z [1m[92m  Downloaded[0m zed_extension_api v0.7.0
2026-10-07T23:45:23.9880529Z [1m[92m  Downloaded[0m cc v1.4.3
2026-10-07T23:45:23.9904903Z [1m[92m  Downloaded[0m num v0.4.3
2026-10-07T23:45:23.9913200Z [1m[92m  Downloaded[0m stacksafe-macro v1.0.3
2026-10-07T23:45:23.9918709Z [1m[92m  Downloaded[0m block-padding v0.3.3
2026-10-07T23:45:23.9925396Z [1m[92m  Downloaded[0m bytemuck v1.24.0
2026-10-07T23:45:23.9950528Z [1m[92m  Downloaded[0m cfg-expr v0.20.9
2026-10-07T23:45:23.9973953Z [1m[92m  Downloaded[0m derive_more-impl v2.1.1
2026-10-07T23:45:24.0015116Z [1m[92m  Downloaded[0m khronos-egl v6.0.0
2026-10-07T23:45:24.0030535Z [1m[92m  Downloaded[0m sqlx v0.8.6
2026-10-07T23:45:24.0143289Z [1m[92m  Downloaded[0m siphasher v1.0.1
2026-10-07T23:45:24.0152511Z [1m[92m  Downloaded[0m itertools v0.15.0
2026-10-07T23:45:24.0209037Z [1m[92m  Downloaded[0m kurbo v0.13.1
2026-10-07T23:45:24.0250286Z [1m[92m  Downloaded[0m peg-macros v0.8.5
2026-10-07T23:45:24.0262120Z [1m[92m  Downloaded[0m linebender_resource_handle v0.1.1
2026-10-07T23:45:24.0270909Z [1m[92m  Downloaded[0m system-deps v7.0.7
2026-10-07T23:45:24.0288680Z [1m[92m  Downloaded[0m by_address v1.2.1
2026-10-07T23:45:24.0295389Z [1m[92m  Downloaded[0m inherent v1.0.13
2026-10-07T23:45:24.0310665Z [1m[92m  Downloaded[0m target-spec v3.7.0
2026-10-07T23:45:24.0325516Z [1m[92m  Downloaded[0m tracing-tracy v0.11.4
2026-10-07T23:45:24.0334679Z [1m[92m  Downloaded[0m bitstream-io v4.9.0
2026-10-07T23:45:24.0356996Z [1m[92m  Downloaded[0m range-map v0.2.0
2026-10-07T23:45:24.0364975Z [1m[92m  Downloaded[0m sysinfo v0.31.4
2026-10-07T23:45:24.0441023Z [1m[92m  Downloaded[0m documented v0.10.0
2026-10-07T23:45:24.0447290Z [1m[92m  Downloaded[0m proc-macro2-diagnostics v0.10.1
2026-10-07T23:45:24.0460615Z [1m[92m  Downloaded[0m terminal_size v0.4.3
2026-10-07T23:45:24.0471046Z [1m[92m  Downloaded[0m serde_json_lenient v0.2.4
2026-10-07T23:45:24.0505290Z [1m[92m  Downloaded[0m sqlx-sqlite v0.8.6
2026-10-07T23:45:24.0541139Z [1m[92m  Downloaded[0m rusty-fork v0.3.1
2026-10-07T23:45:24.0552948Z [1m[92m  Downloaded[0m sqlx-macros v0.8.6
2026-10-07T23:45:24.0559685Z [1m[92m  Downloaded[0m wasmtime-environ v48.0.1
2026-10-07T23:45:24.0626814Z [1m[92m  Downloaded[0m wasmtime v48.0.1
2026-10-07T23:45:24.0852325Z [1m[92m  Downloaded[0m deranged v0.5.4
2026-10-07T23:45:24.0863315Z [1m[92m  Downloaded[0m downcast-rs v1.2.1
2026-10-07T23:45:24.0873879Z [1m[92m  Downloaded[0m peg v0.8.5
2026-10-07T23:45:24.0907655Z [1m[92m  Downloaded[0m shingles v0.1.1
2026-10-07T23:45:24.0916445Z [1m[92m  Downloaded[0m dlib v0.5.3
2026-10-07T23:45:24.0924196Z [1m[92m  Downloaded[0m phf_macros v0.13.1
2026-10-07T23:45:24.0932805Z [1m[92m  Downloaded[0m simplecss v0.2.2
2026-10-07T23:45:24.0947629Z [1m[92m  Downloaded[0m parking_lot_core v0.9.12
2026-10-07T23:45:24.0965196Z [1m[92m  Downloaded[0m target-lexicon v0.13.5
2026-10-07T23:45:24.0977376Z [1m[92m  Downloaded[0m simdutf8 v0.1.5
2026-10-07T23:45:24.0995976Z [1m[92m  Downloaded[0m bytecount v0.6.9
2026-10-07T23:45:24.1011577Z [1m[92m  Downloaded[0m logos v0.16.1
2026-10-07T23:45:24.1025818Z [1m[92m  Downloaded[0m logos-codegen v0.15.1
2026-10-07T23:45:24.1066855Z [1m[92m  Downloaded[0m stacker v0.1.25
2026-10-07T23:45:24.1082880Z [1m[92m  Downloaded[0m json5 v1.3.1
2026-10-07T23:45:24.1102790Z [1m[92m  Downloaded[0m scroll v0.12.0
2026-10-07T23:45:24.1114286Z [1m[92m  Downloaded[0m strum_macros v0.27.2
2026-10-07T23:45:24.1133199Z [1m[92m  Downloaded[0m crunchy v0.2.4
2026-10-07T23:45:24.1140230Z [1m[92m  Downloaded[0m http-body v0.4.6
2026-10-07T23:45:24.1153442Z [1m[92m  Downloaded[0m rand v0.9.4
2026-10-07T23:45:24.1183415Z [1m[92m  Downloaded[0m rand_chacha v0.9.0
2026-10-07T23:45:24.1193397Z [1m[92m  Downloaded[0m rand_pcg v0.10.2
2026-10-07T23:45:24.1204995Z [1m[92m  Downloaded[0m rangemap v1.7.1
2026-10-07T23:45:24.1222671Z [1m[92m  Downloaded[0m sval v2.15.0
2026-10-07T23:45:24.1246073Z [1m[92m  Downloaded[0m tree-sitter-regex v0.24.3
2026-10-07T23:45:24.1259540Z [1m[92m  Downloaded[0m sysinfo v0.39.6
2026-10-07T23:45:24.1356317Z [1m[92m  Downloaded[0m tinyvec_macros v0.1.1
2026-10-07T23:45:24.1363062Z [1m[92m  Downloaded[0m crypto-bigint v0.4.9
2026-10-07T23:45:24.1398354Z [1m[92m  Downloaded[0m string_cache_codegen v0.6.1
2026-10-07T23:45:24.1404287Z [1m[92m  Downloaded[0m utf16_iter v1.0.5
2026-10-07T23:45:24.1412598Z [1m[92m  Downloaded[0m schemars_derive v1.0.4
2026-10-07T23:45:24.1427463Z [1m[92m  Downloaded[0m roxmltree v0.20.0
2026-10-07T23:45:24.1528045Z [1m[92m  Downloaded[0m proc-macro-crate v3.4.0
2026-10-07T23:45:24.1538704Z [1m[92m  Downloaded[0m unicode-bidi-mirroring v0.4.0
2026-10-07T23:45:24.1545547Z [1m[92m  Downloaded[0m sea-bae v0.2.2
2026-10-07T23:45:24.1552859Z [1m[92m  Downloaded[0m serde_path_to_error v0.1.20
2026-10-07T23:45:24.1565552Z [1m[92m  Downloaded[0m scoped-tls v1.0.1
2026-10-07T23:45:24.1573728Z [1m[92m  Downloaded[0m wasmtime-internal-jit-icache-coherence v48.0.1
2026-10-07T23:45:24.1581004Z [1m[92m  Downloaded[0m sqlx-mysql v0.8.6
2026-10-07T23:45:24.1627318Z [1m[92m  Downloaded[0m static_assertions v1.1.0
2026-10-07T23:45:24.1638985Z [1m[92m  Downloaded[0m open v5.3.2
2026-10-07T23:45:24.1650396Z [1m[92m  Downloaded[0m base64ct v1.8.0
2026-10-07T23:45:24.1669639Z [1m[92m  Downloaded[0m cbc v0.1.2
2026-10-07T23:45:24.1682109Z [1m[92m  Downloaded[0m num-bigint v0.4.8
2026-10-07T23:45:24.1719496Z [1m[92m  Downloaded[0m wasmtime-c-api-impl v48.0.1
2026-10-07T23:45:24.1825384Z [1m[92m  Downloaded[0m zeromq v0.5.0
2026-10-07T23:45:24.1874909Z [1m[92m  Downloaded[0m rust_decimal v1.39.0
2026-10-07T23:45:24.1923403Z [1m[92m  Downloaded[0m const_format v0.2.35
2026-10-07T23:45:24.1960810Z [1m[92m  Downloaded[0m sqlx-core v0.8.6
2026-10-07T23:45:24.2022617Z [1m[92m  Downloaded[0m wgpu-types v29.0.4
2026-10-07T23:45:24.2052452Z [1m[92m  Downloaded[0m blocking v1.6.2
2026-10-07T23:45:24.2062244Z [1m[92m  Downloaded[0m chacha20 v0.10.1
2026-10-07T23:45:24.2080880Z [1m[92m  Downloaded[0m const-random-macro v0.1.16
2026-10-07T23:45:24.2087573Z [1m[92m  Downloaded[0m tagptr v0.2.0
2026-10-07T23:45:24.2098173Z [1m[92m  Downloaded[0m chunked_transfer v1.5.0
2026-10-07T23:45:24.2107550Z [1m[92m  Downloaded[0m openssl-sys v0.9.117
2026-10-07T23:45:24.2150601Z [1m[92m  Downloaded[0m sval_fmt v2.15.0
2026-10-07T23:45:24.2160272Z [1m[92m  Downloaded[0m toml_write v0.1.2
2026-10-07T23:45:24.2872017Z [1m[92m  Downloaded[0m const-random v0.1.18
2026-10-07T23:45:24.2880636Z [1m[92m  Downloaded[0m utf-8 v0.7.6
2026-10-07T23:45:24.2890382Z [1m[92m  Downloaded[0m pciid-parser v0.8.0
2026-10-07T23:45:24.2930663Z [1m[92m  Downloaded[0m smart-default v0.7.1
2026-10-07T23:45:24.2941750Z [1m[92m  Downloaded[0m utf8-chars v3.0.6
2026-10-07T23:45:24.2949107Z [1m[92m  Downloaded[0m include-flate-compress v0.3.4
2026-10-07T23:45:24.2954020Z [1m[92m  Downloaded[0m email_address v0.2.9
2026-10-07T23:45:24.2966590Z [1m[92m  Downloaded[0m ctrlc v3.5.0
2026-10-07T23:45:24.2981888Z [1m[92m  Downloaded[0m debug-ignore v1.0.5
2026-10-07T23:45:24.2995344Z [1m[92m  Downloaded[0m debugid v0.8.0
2026-10-07T23:45:24.3004619Z [1m[92m  Downloaded[0m markup5ever v0.39.0
2026-10-07T23:45:24.3013910Z [1m[92m  Downloaded[0m pem v3.0.6
2026-10-07T23:45:24.3024503Z [1m[92m  Downloaded[0m png v0.18.0
2026-10-07T23:45:24.3054542Z [1m[92m  Downloaded[0m simd_helpers v0.1.0
2026-10-07T23:45:24.3060759Z [1m[92m  Downloaded[0m sval_buffer v2.15.0
2026-10-07T23:45:24.3070539Z [1m[92m  Downloaded[0m tiny_http v0.12.0
2026-10-07T23:45:24.3099921Z [1m[92m  Downloaded[0m tap v1.0.1
2026-10-07T23:45:24.3107826Z [1m[92m  Downloaded[0m tokio-native-tls v0.3.1
2026-10-07T23:45:24.3121187Z [1m[92m  Downloaded[0m document-features v0.2.12
2026-10-07T23:45:24.3131275Z [1m[92m  Downloaded[0m hexf-parse v0.2.1
2026-10-07T23:45:24.3135997Z [1m[92m  Downloaded[0m is_terminal_polyfill v1.70.1
2026-10-07T23:45:24.3142826Z [1m[92m  Downloaded[0m is-wsl v0.4.0
2026-10-07T23:45:24.3151109Z [1m[92m  Downloaded[0m num-integer v0.1.46
2026-10-07T23:45:24.3162766Z [1m[92m  Downloaded[0m const-oid v0.9.6
2026-10-07T23:45:24.3177086Z [1m[92m  Downloaded[0m pin-project-internal v1.1.10
2026-10-07T23:45:24.3189226Z [1m[92m  Downloaded[0m tempfile v3.27.0
2026-10-07T23:45:24.3208626Z [1m[92m  Downloaded[0m wgpu-hal v29.0.4
2026-10-07T23:45:24.3296537Z [1m[92m  Downloaded[0m wayland-backend v0.3.15
2026-10-07T23:45:24.3326935Z [1m[92m  Downloaded[0m zip v0.6.6
2026-10-07T23:45:24.3358859Z [1m[92m  Downloaded[0m der v0.6.1
2026-10-07T23:45:24.3396633Z [1m[92m  Downloaded[0m sqlformat v0.2.6
2026-10-07T23:45:24.3409198Z [1m[92m  Downloaded[0m uuid v1.18.1
2026-10-07T23:45:24.3431831Z [1m[92m  Downloaded[0m itertools v0.14.0
2026-10-07T23:45:24.3485972Z [1m[92m  Downloaded[0m colorchoice v1.0.4
2026-10-07T23:45:24.3493643Z [1m[92m  Downloaded[0m siphasher v0.3.11
2026-10-07T23:45:24.3503297Z [1m[92m  Downloaded[0m tungstenite v0.20.1
2026-10-07T23:45:24.3528018Z [1m[92m  Downloaded[0m libflate v2.3.1
2026-10-07T23:45:24.3546621Z [1m[92m  Downloaded[0m link-cplusplus v1.0.12
2026-10-07T23:45:24.3555980Z [1m[92m  Downloaded[0m scroll_derive v0.12.1
2026-10-07T23:45:24.3562073Z [1m[92m  Downloaded[0m weezl v0.1.10
2026-10-07T23:45:24.3581081Z [1m[92m  Downloaded[0m camino v1.2.6
2026-10-07T23:45:24.3593681Z [1m[92m  Downloaded[0m nu-ansi-term v0.50.3
2026-10-07T23:45:24.3612794Z [1m[92m  Downloaded[0m command-fds v0.3.2
2026-10-07T23:45:24.3623913Z [1m[92m  Downloaded[0m cxxbridge-flags v1.0.187
2026-10-07T23:45:24.3630209Z [1m[92m  Downloaded[0m toml v0.9.8
2026-10-07T23:45:24.3662042Z [1m[92m  Downloaded[0m web-time v1.1.0
2026-10-07T23:45:24.3675072Z [1m[92m  Downloaded[0m maplit v1.0.2
2026-10-07T23:45:24.3682830Z [1m[92m  Downloaded[0m pkcs8 v0.10.2
2026-10-07T23:45:24.3704522Z [1m[92m  Downloaded[0m prometheus v0.14.0
2026-10-07T23:45:24.3743253Z [1m[92m  Downloaded[0m shell-words v1.1.0
2026-10-07T23:45:24.3750630Z [1m[92m  Downloaded[0m wgpu-core-deps-windows-linux-android v29.0.4
2026-10-07T23:45:24.3756956Z [1m[92m  Downloaded[0m criterion-plot v0.8.2
2026-10-07T23:45:24.3770955Z [1m[92m  Downloaded[0m protox-parse v0.9.0
2026-10-07T23:45:24.3786910Z [1m[92m  Downloaded[0m rmpv v1.3.0
2026-10-07T23:45:24.3803300Z [1m[92m  Downloaded[0m secrecy v0.10.3
2026-10-07T23:45:24.3810154Z [1m[92m  Downloaded[0m tracing-attributes v0.1.31
2026-10-07T23:45:24.3830400Z [1m[92m  Downloaded[0m wit-bindgen-rt v0.22.0
2026-10-07T23:45:24.3836827Z [1m[92m  Downloaded[0m cap-fs-ext v4.0.3
2026-10-07T23:45:24.3848994Z [1m[92m  Downloaded[0m lock_api v0.4.14
2026-10-07T23:45:24.3858834Z [1m[92m  Downloaded[0m shlex v1.3.0
2026-10-07T23:45:24.3868527Z [1m[92m  Downloaded[0m wasm-bindgen v0.2.120
2026-10-07T23:45:24.3888360Z [1m[92m  Downloaded[0m compression-core v0.4.29
2026-10-07T23:45:24.3895297Z [1m[92m  Downloaded[0m spki v0.7.3
2026-10-07T23:45:24.3909012Z [1m[92m  Downloaded[0m notify-rust v4.18.0
2026-10-07T23:45:24.3934037Z [1m[92m  Downloaded[0m pxfm v0.1.25
2026-10-07T23:45:24.4126075Z [1m[92m  Downloaded[0m cap-std v4.0.3
2026-10-07T23:45:24.4148873Z [1m[92m  Downloaded[0m cfg_aliases v0.2.1
2026-10-07T23:45:24.4156035Z [1m[92m  Downloaded[0m piper v0.2.4
2026-10-07T23:45:24.4167339Z [1m[92m  Downloaded[0m native-tls v0.2.18
2026-10-07T23:45:24.4178762Z [1m[92m  Downloaded[0m x11 v2.21.0
2026-10-07T23:45:24.4203887Z [1m[92m  Downloaded[0m manatee v0.8.0-alpha.5
2026-10-07T23:45:24.4230216Z [1m[92m  Downloaded[0m quick-error v1.2.3
2026-10-07T23:45:24.4239671Z [1m[92m  Downloaded[0m lyon_path v1.0.16
2026-10-07T23:45:24.4251237Z [1m[92m  Downloaded[0m pathfinder_geometry v0.5.1
2026-10-07T23:45:24.4260126Z [1m[92m  Downloaded[0m time-macros v0.2.27
2026-10-07T23:45:24.4277144Z [1m[92m  Downloaded[0m tokio-tungstenite v0.28.0
2026-10-07T23:45:24.4292847Z [1m[92m  Downloaded[0m unarray v0.1.4
2026-10-07T23:45:24.4302457Z [1m[92m  Downloaded[0m want v0.3.1
2026-10-07T23:45:24.4309257Z [1m[92m  Downloaded[0m wit-bindgen-rust-macro v0.22.0
2026-10-07T23:45:24.4314533Z [1m[92m  Downloaded[0m base64 v0.22.1
2026-10-07T23:45:24.4344282Z [1m[92m  Downloaded[0m matchit v0.7.3
2026-10-07T23:45:24.4359033Z [1m[92m  Downloaded[0m precomputed-hash v0.1.1
2026-10-07T23:45:24.4363577Z [1m[92m  Downloaded[0m tower v0.5.2
2026-10-07T23:45:24.4441738Z [1m[92m  Downloaded[0m subtle v2.6.1
2026-10-07T23:45:24.4450875Z [1m[92m  Downloaded[0m pbjson v0.9.0
2026-10-07T23:45:24.4455953Z [1m[92m  Downloaded[0m proc-macro-error-attr3 v3.1.1
2026-10-07T23:45:24.4463020Z [1m[92m  Downloaded[0m warp v0.3.7
2026-10-07T23:45:24.4525683Z [1m[92m  Downloaded[0m lebe v0.5.3
2026-10-07T23:45:24.4534720Z [1m[92m  Downloaded[0m nbformat v1.2.0
2026-10-07T23:45:24.4569875Z [1m[92m  Downloaded[0m notify v6.1.1
2026-10-07T23:45:24.4583357Z [1m[92m  Downloaded[0m openssl-macros v0.1.1
2026-10-07T23:45:24.4589131Z [1m[92m  Downloaded[0m strum v0.28.0
2026-10-07T23:45:24.4595550Z [1m[92m  Downloaded[0m wasmtime-internal-unwinder v48.0.1
2026-10-07T23:45:24.4607509Z [1m[92m  Downloaded[0m ignore v0.4.24
2026-10-07T23:45:24.4624903Z [1m[92m  Downloaded[0m ttf-parser v0.25.1
2026-10-07T23:45:24.4699068Z [1m[92m  Downloaded[0m strum v0.26.3
2026-10-07T23:45:24.4705427Z [1m[92m  Downloaded[0m tokio-io v0.1.13
2026-10-07T23:45:24.4728560Z [1m[92m  Downloaded[0m elliptic-curve v0.12.3
2026-10-07T23:45:24.4756103Z [1m[92m  Downloaded[0m byteorder-lite v0.1.0
2026-10-07T23:45:24.4764092Z [1m[92m  Downloaded[0m minidumper v0.11.0
2026-10-07T23:45:24.4777690Z [1m[92m  Downloaded[0m roughr-merman v0.12.3
2026-10-07T23:45:24.4793561Z [1m[92m  Downloaded[0m wgpu v29.0.4
2026-10-07T23:45:24.4907149Z [1m[92m  Downloaded[0m xmlparser v0.13.6
2026-10-07T23:45:24.4924464Z [1m[92m  Downloaded[0m axum-core v0.3.4
2026-10-07T23:45:24.4939875Z [1m[92m  Downloaded[0m ec4rs v1.2.0
2026-10-07T23:45:24.4960124Z [1m[92m  Downloaded[0m plotters v0.3.7
2026-10-07T23:45:24.5033140Z [1m[92m  Downloaded[0m process-backend v0.1.0
2026-10-07T23:45:24.5042107Z [1m[92m  Downloaded[0m serde_with_macros v3.22.0
2026-10-07T23:45:24.5057229Z [1m[92m  Downloaded[0m slotmap v1.0.7
2026-10-07T23:45:24.5074020Z [1m[92m  Downloaded[0m wit-component v0.254.0
2026-10-07T23:45:24.5542550Z [1m[92m  Downloaded[0m console v0.16.3
2026-10-07T23:45:24.5555430Z [1m[92m  Downloaded[0m lyon_geom v1.0.17
2026-10-07T23:45:24.5568789Z [1m[92m  Downloaded[0m taffy v0.13.0
2026-10-07T23:45:24.5622901Z [1m[92m  Downloaded[0m crossbeam-channel v0.5.15
2026-10-07T23:45:24.5653947Z [1m[92m  Downloaded[0m notify-debouncer-mini v0.4.1
2026-10-07T23:45:24.5661141Z [1m[92m  Downloaded[0m nucleo v0.5.0
2026-10-07T23:45:24.5674800Z [1m[92m  Downloaded[0m pastey v0.1.1
2026-10-07T23:45:24.5687608Z [1m[92m  Downloaded[0m xmlwriter v0.1.0
2026-10-07T23:45:24.5695227Z [1m[92m  Downloaded[0m darling_macro v0.20.11
2026-10-07T23:45:24.5700191Z [1m[92m  Downloaded[0m bytes v0.4.12
2026-10-07T23:45:24.5724395Z [1m[92m  Downloaded[0m cxxbridge-macro v1.0.187
2026-10-07T23:45:24.5754843Z [1m[92m  Downloaded[0m zeroize_derive v1.4.2
2026-10-07T23:45:24.5762097Z [1m[92m  Downloaded[0m serde_yaml_ng v0.10.0
2026-10-07T23:45:24.5787139Z [1m[92m  Downloaded[0m is-docker v0.2.0
2026-10-07T23:45:24.5795108Z [1m[92m  Downloaded[0m cranelift-srcgen v0.135.1
2026-10-07T23:45:24.5800923Z [1m[92m  Downloaded[0m libbz2-rs-sys v0.2.2
2026-10-07T23:45:24.5815352Z [1m[92m  Downloaded[0m lyon_tessellation v1.0.16
2026-10-07T23:45:24.5843550Z [1m[92m  Downloaded[0m plotters-svg v0.3.7
2026-10-07T23:45:24.5849677Z [1m[92m  Downloaded[0m selectors v0.37.0
2026-10-07T23:45:24.5867604Z [1m[92m  Downloaded[0m tokio-macros v2.7.0
2026-10-07T23:45:24.5876017Z [1m[92m  Downloaded[0m wasmparser v0.254.0
2026-10-07T23:45:24.5940805Z [1m[92m  Downloaded[0m chardetng v0.1.17
2026-10-07T23:45:24.5954446Z [1m[92m  Downloaded[0m icu_locale_fallback_data v2.3.0
2026-10-07T23:45:24.5962645Z [1m[92m  Downloaded[0m parse_int v0.9.0
2026-10-07T23:45:24.5969025Z [1m[92m  Downloaded[0m lyon_algorithms v1.0.16
2026-10-07T23:45:24.5981734Z [1m[92m  Downloaded[0m rand_pcg v0.3.1
2026-10-07T23:45:24.5991619Z [1m[92m  Downloaded[0m serde_fmt v1.0.3
2026-10-07T23:45:24.5998725Z [1m[92m  Downloaded[0m smol_str v0.3.6
2026-10-07T23:45:24.6011182Z [1m[92m  Downloaded[0m sqlx-postgres v0.8.6
2026-10-07T23:45:24.6080945Z [1m[92m  Downloaded[0m crash-handler v0.8.0
2026-10-07T23:45:24.6103738Z [1m[92m  Downloaded[0m protox v0.9.1
2026-10-07T23:45:24.6134578Z [1m[92m  Downloaded[0m ciborium v0.2.2
2026-10-07T23:45:24.6152904Z [1m[92m  Downloaded[0m thiserror v2.0.17
2026-10-07T23:45:24.6203434Z [1m[92m  Downloaded[0m wasmparser v0.201.0
2026-10-07T23:45:24.6251043Z [1m[92m  Downloaded[0m psm v0.1.30
2026-10-07T23:45:24.6274954Z [1m[92m  Downloaded[0m web_atoms v0.2.6
2026-10-07T23:45:24.6283732Z [1m[92m  Downloaded[0m webpki-roots v0.26.8
2026-10-07T23:45:24.6310756Z [1m[92m  Downloaded[0m cranelift-control v0.135.1
2026-10-07T23:45:24.6317762Z [1m[92m  Downloaded[0m rustybuzz v0.20.1
2026-10-07T23:45:24.6393253Z [1m[92m  Downloaded[0m which v8.0.5
2026-10-07T23:45:24.6408063Z [1m[92m  Downloaded[0m rustls-pki-types v1.12.0
2026-10-07T23:45:24.6444955Z [1m[92m  Downloaded[0m toml_parser v1.0.4
2026-10-07T23:45:24.6463797Z [1m[92m  Downloaded[0m tower-layer v0.3.3
2026-10-07T23:45:24.6471575Z [1m[92m  Downloaded[0m utf8parse v0.2.2
2026-10-07T23:45:24.6478961Z [1m[92m  Downloaded[0m sdd v4.6.2
2026-10-07T23:45:24.6499612Z [1m[92m  Downloaded[0m y4m v0.8.0
2026-10-07T23:45:24.6508955Z [1m[92m  Downloaded[0m bytecheck v0.6.12
2026-10-07T23:45:24.6515816Z [1m[92m  Downloaded[0m image v0.25.10
2026-10-07T23:45:24.6589026Z [1m[92m  Downloaded[0m serde_urlencoded v0.7.1
2026-10-07T23:45:24.6602240Z [1m[92m  Downloaded[0m palette v0.7.6
2026-10-07T23:45:24.6689036Z [1m[92m  Downloaded[0m wasm-bindgen-shared v0.2.120
2026-10-07T23:45:24.6697391Z [1m[92m  Downloaded[0m bs58 v0.5.1
2026-10-07T23:45:24.6714884Z [1m[92m  Downloaded[0m unicode-linebreak v0.1.5
2026-10-07T23:45:24.6722143Z [1m[92m  Downloaded[0m tokio-socks v0.5.2
2026-10-07T23:45:24.6744767Z [1m[92m  Downloaded[0m wasmtime-internal-wit-bindgen v48.0.1
2026-10-07T23:45:24.6755361Z [1m[92m  Downloaded[0m wayland-scanner v0.31.7
2026-10-07T23:45:24.6771830Z [1m[92m  Downloaded[0m pkcs1 v0.7.5
2026-10-07T23:45:24.6790752Z [1m[92m  Downloaded[0m icu_locale_fallback v2.3.0
2026-10-07T23:45:24.6799590Z [1m[92m  Downloaded[0m unicode-script v0.5.8
2026-10-07T23:45:24.6813197Z [1m[92m  Downloaded[0m sea-query-binder v0.7.0
2026-10-07T23:45:24.6821513Z [1m[92m  Downloaded[0m typenum v1.19.0
2026-10-07T23:45:24.6843295Z [1m[92m  Downloaded[0m byteorder v1.5.0
2026-10-07T23:45:24.6855581Z [1m[92m  Downloaded[0m include-flate-codegen v0.3.4
2026-10-07T23:45:24.6860681Z [1m[92m  Downloaded[0m seahash v4.1.0
2026-10-07T23:45:24.6872911Z [1m[92m  Downloaded[0m unicode-width v0.1.14
2026-10-07T23:45:24.6914729Z [1m[92m  Downloaded[0m wasm-bindgen-macro-support v0.2.120
2026-10-07T23:45:24.6929611Z [1m[92m  Downloaded[0m humantime v2.3.0
2026-10-07T23:45:24.6941980Z [1m[92m  Downloaded[0m reqwest v0.12.24
2026-10-07T23:45:24.6985321Z [1m[92m  Downloaded[0m unicode-segmentation v1.13.3
2026-10-07T23:45:24.7009177Z [1m[92m  Downloaded[0m crc v3.3.0
2026-10-07T23:45:24.7022041Z [1m[92m  Downloaded[0m dasp_sample v0.11.0
2026-10-07T23:45:24.7029948Z [1m[92m  Downloaded[0m is-terminal v0.4.16
2026-10-07T23:45:24.7036499Z [1m[92m  Downloaded[0m chrono v0.4.42
2026-10-07T23:45:24.7089423Z [1m[92m  Downloaded[0m profiling v1.0.17
2026-10-07T23:45:24.7099028Z [1m[92m  Downloaded[0m rustls-pemfile v1.0.4
2026-10-07T23:45:24.7116512Z [1m[92m  Downloaded[0m inotify v0.9.6
2026-10-07T23:45:24.7130852Z [1m[92m  Downloaded[0m jsonschema-regex v0.51.0
2026-10-07T23:45:24.7137299Z [1m[92m  Downloaded[0m wasmtime-internal-jit-debug v48.0.1
2026-10-07T23:45:24.7145468Z [1m[92m  Downloaded[0m litrs v1.0.0
2026-10-07T23:45:24.7168346Z [1m[92m  Downloaded[0m serde_derive_internals v0.29.1
2026-10-07T23:45:24.7179651Z [1m[92m  Downloaded[0m pathfinder_simd v0.5.6
2026-10-07T23:45:24.7194269Z [1m[92m  Downloaded[0m tracy-client-sys v0.27.0
2026-10-07T23:45:24.7270876Z [1m[92m  Downloaded[0m iana-time-zone v0.1.64
2026-10-07T23:45:24.7291939Z [1m[92m  Downloaded[0m phf_shared v0.13.1
2026-10-07T23:45:24.7299304Z [1m[92m  Downloaded[0m stringprep v0.1.5
2026-10-07T23:45:24.7310772Z [1m[92m  Downloaded[0m mimalloc v0.1.48
2026-10-07T23:45:24.7318774Z [1m[92m  Downloaded[0m regex-syntax v0.8.11
2026-10-07T23:45:24.7372485Z [1m[92m  Downloaded[0m rustls-native-certs v0.8.3
2026-10-07T23:45:24.7391073Z [1m[92m  Downloaded[0m whoami v1.6.1
2026-10-07T23:45:24.7406405Z [1m[92m  Downloaded[0m phf_shared v0.11.3
2026-10-07T23:45:24.7413868Z [1m[92m  Downloaded[0m symphonia-format-riff v0.5.5
2026-10-07T23:45:24.7423309Z [1m[92m  Downloaded[0m value-bag v1.12.0
2026-10-07T23:45:24.7444722Z [1m[92m  Downloaded[0m minidump-common v0.26.1
2026-10-07T23:45:24.7462266Z [1m[92m  Downloaded[0m pollster v0.2.5
2026-10-07T23:45:24.7471272Z [1m[92m  Downloaded[0m data-encoding v2.9.0
2026-10-07T23:45:24.7478317Z [1m[92m  Downloaded[0m polling v3.11.0
2026-10-07T23:45:24.7502191Z [1m[92m  Downloaded[0m symphonia v0.5.5
2026-10-07T23:45:24.7511112Z [1m[92m  Downloaded[0m referencing v0.51.0
2026-10-07T23:45:24.7546422Z [1m[92m  Downloaded[0m openssl-probe v0.2.1
2026-10-07T23:45:24.7555490Z [1m[92m  Downloaded[0m ipc-channel v0.19.0
2026-10-07T23:45:24.7592801Z [1m[92m  Downloaded[0m jupyter-websocket-client v1.1.0
2026-10-07T23:45:24.7602021Z [1m[92m  Downloaded[0m pollster v0.4.0
2026-10-07T23:45:24.7611788Z [1m[92m  Downloaded[0m self_cell v1.2.2
2026-10-07T23:45:24.7619996Z [1m[92m  Downloaded[0m ppv-lite86 v0.2.21
2026-10-07T23:45:24.7629913Z [1m[92m  Downloaded[0m serde_spanned v0.6.9
2026-10-07T23:45:24.7638049Z [1m[92m  Downloaded[0m triomphe v0.1.15
2026-10-07T23:45:24.7653645Z [1m[92m  Downloaded[0m cipher v0.4.4
2026-10-07T23:45:24.7665327Z [1m[92m  Downloaded[0m num-bigint-dig v0.8.6
2026-10-07T23:45:24.7700533Z [1m[92m  Downloaded[0m kv-log-macro v1.0.7
2026-10-07T23:45:24.7714737Z [1m[92m  Downloaded[0m strict-num v0.1.1
2026-10-07T23:45:24.7722206Z [1m[92m  Downloaded[0m tar v0.4.46
2026-10-07T23:45:24.7744540Z [1m[92m  Downloaded[0m cap-primitives v4.0.3
2026-10-07T23:45:24.7832036Z [1m[92m  Downloaded[0m cursor-icon v1.2.0
2026-10-07T23:45:24.7841826Z [1m[92m  Downloaded[0m circular-buffer v1.2.0
2026-10-07T23:45:24.7857923Z [1m[92m  Downloaded[0m imagesize v0.14.0
2026-10-07T23:45:24.7879066Z [1m[92m  Downloaded[0m minidump-writer v0.13.0
2026-10-07T23:45:24.7939081Z [1m[92m  Downloaded[0m ref-cast-impl v1.0.25
2026-10-07T23:45:24.7945667Z [1m[92m  Downloaded[0m regalloc2 v0.15.2
2026-10-07T23:45:24.7982125Z [1m[92m  Downloaded[0m symphonia-metadata v0.5.5
2026-10-07T23:45:24.7992639Z [1m[92m  Downloaded[0m uds v0.4.2
2026-10-07T23:45:24.8008597Z [1m[92m  Downloaded[0m vte v0.15.0
2026-10-07T23:45:24.8025089Z [1m[92m  Downloaded[0m xattr v1.6.1
2026-10-07T23:45:24.8039766Z [1m[92m  Downloaded[0m yansi v1.0.1
2026-10-07T23:45:24.8057645Z [1m[92m  Downloaded[0m zbus-lockstep-macros v0.5.2
2026-10-07T23:45:24.8064282Z [1m[92m  Downloaded[0m thiserror-impl v1.0.69
2026-10-07T23:45:24.8074703Z [1m[92m  Downloaded[0m cpufeatures v0.3.0
2026-10-07T23:45:24.8085719Z [1m[92m  Downloaded[0m oo7 v0.6.0
2026-10-07T23:45:24.8121695Z [1m[92m  Downloaded[0m zerocopy v0.8.27
2026-10-07T23:45:24.8323444Z [1m[92m  Downloaded[0m lyon_extra v1.0.3
2026-10-07T23:45:24.8330292Z [1m[92m  Downloaded[0m p256 v0.11.1
2026-10-07T23:45:24.8354038Z [1m[92m  Downloaded[0m zstd v0.11.2+zstd.1.5.2
2026-10-07T23:45:24.8381250Z [1m[92m  Downloaded[0m codespan-reporting v0.13.0
2026-10-07T23:45:24.8439733Z [1m[92m  Downloaded[0m resvg v0.46.0
2026-10-07T23:45:24.8462006Z [1m[92m  Downloaded[0m swash v0.2.6
2026-10-07T23:45:24.8525732Z [1m[92m  Downloaded[0m zbus_macros v5.13.2
2026-10-07T23:45:24.8538054Z [1m[92m  Downloaded[0m bstr v1.12.1
2026-10-07T23:45:24.8600136Z [1m[92m  Downloaded[0m sha-1 v0.10.1
2026-10-07T23:45:24.8611765Z [1m[92m  Downloaded[0m ipnet v2.11.0
2026-10-07T23:45:24.8624234Z [1m[92m  Downloaded[0m minimal-lexical v0.2.1
2026-10-07T23:45:24.8660036Z [1m[92m  Downloaded[0m crossbeam-queue v0.3.12
2026-10-07T23:45:24.8669472Z [1m[92m  Downloaded[0m lyon v1.0.16
2026-10-07T23:45:24.8674891Z [1m[92m  Downloaded[0m procfs-core v0.18.0
2026-10-07T23:45:24.8702338Z [1m[92m  Downloaded[0m snafu v0.8.9
2026-10-07T23:45:24.8752619Z [1m[92m  Downloaded[0m bincode v1.3.3
2026-10-07T23:45:24.8769886Z [1m[92m  Downloaded[0m cxx v1.0.187
2026-10-07T23:45:24.8925912Z [1m[92m  Downloaded[0m value-bag-serde1 v1.12.0
2026-10-07T23:45:24.8932198Z [1m[92m  Downloaded[0m doxygen-rs v0.4.2
2026-10-07T23:45:24.8943889Z [1m[92m  Downloaded[0m enumflags2_derive v0.7.12
2026-10-07T23:45:24.8949659Z [1m[92m  Downloaded[0m peg-runtime v0.8.5
2026-10-07T23:45:24.8955483Z [1m[92m  Downloaded[0m zbus-lockstep v0.5.2
2026-10-07T23:45:24.8963092Z [1m[92m  Downloaded[0m toml v0.8.23
2026-10-07T23:45:24.8981735Z [1m[92m  Downloaded[0m bigdecimal v0.4.8
2026-10-07T23:45:24.9017337Z [1m[92m  Downloaded[0m num_threads v0.1.7
2026-10-07T23:45:24.9025239Z [1m[92m  Downloaded[0m protobuf-support v3.7.2
2026-10-07T23:45:24.9037289Z [1m[92m  Downloaded[0m cached_proc_macro v0.25.0
2026-10-07T23:45:24.9045393Z [1m[92m  Downloaded[0m home v0.5.11
2026-10-07T23:45:24.9052966Z [1m[92m  Downloaded[0m serde_bytes v0.11.19
2026-10-07T23:45:24.9065074Z [1m[92m  Downloaded[0m bytemuck_derive v1.10.2
2026-10-07T23:45:24.9075122Z [1m[92m  Downloaded[0m lalrpop-util v0.23.1
2026-10-07T23:45:24.9083682Z [1m[92m  Downloaded[0m uuid-simd v0.8.0
2026-10-07T23:45:24.9092572Z [1m[92m  Downloaded[0m pico-args v0.5.0
2026-10-07T23:45:24.9102972Z [1m[92m  Downloaded[0m tower-http v0.6.11
2026-10-07T23:45:24.9176311Z [1m[92m  Downloaded[0m crossbeam-epoch v0.9.18
2026-10-07T23:45:24.9195135Z [1m[92m  Downloaded[0m either v1.15.0
2026-10-07T23:45:24.9206137Z [1m[92m  Downloaded[0m maybe-rayon v0.1.1
2026-10-07T23:45:24.9212422Z [1m[92m  Downloaded[0m tree-sitter-python v0.25.0
2026-10-07T23:45:24.9262003Z [1m[92m  Downloaded[0m version-compare v0.2.0
2026-10-07T23:45:24.9272034Z [1m[92m  Downloaded[0m zvariant_utils v3.3.1
2026-10-07T23:45:24.9282823Z [1m[92m  Downloaded[0m rand v0.3.23
2026-10-07T23:45:24.9291673Z [1m[92m  Downloaded[0m rustc-hash v2.1.1
2026-10-07T23:45:24.9302224Z [1m[92m  Downloaded[0m is_executable v1.0.5
2026-10-07T23:45:24.9312598Z [1m[92m  Downloaded[0m radium v0.7.0
2026-10-07T23:45:24.9320271Z [1m[92m  Downloaded[0m rust-embed-impl v8.11.0
2026-10-07T23:45:24.9326571Z [1m[92m  Downloaded[0m value-bag-sval2 v1.12.0
2026-10-07T23:45:24.9332797Z [1m[92m  Downloaded[0m png v0.17.16
2026-10-07T23:45:24.9362694Z [1m[92m  Downloaded[0m unicase v2.8.1
2026-10-07T23:45:24.9373464Z [1m[92m  Downloaded[0m thiserror v1.0.69
2026-10-07T23:45:24.9416547Z [1m[92m  Downloaded[0m tree-sitter-bash v0.25.1
2026-10-07T23:45:24.9529944Z [1m[92m  Downloaded[0m svgtypes v0.16.1
2026-10-07T23:45:24.9548811Z [1m[92m  Downloaded[0m zerocopy-derive v0.8.27
2026-10-07T23:45:24.9602253Z [1m[92m  Downloaded[0m rkyv_derive v0.7.45
2026-10-07T23:45:24.9613691Z [1m[92m  Downloaded[0m unicode-bidi v0.3.18
2026-10-07T23:45:24.9632382Z [1m[92m  Downloaded[0m toml_datetime v0.7.3
2026-10-07T23:45:24.9642421Z [1m[92m  Downloaded[0m darling_core v0.21.3
2026-10-07T23:45:24.9685521Z [1m[92m  Downloaded[0m hex v0.4.3
2026-10-07T23:45:24.9697849Z [1m[92m  Downloaded[0m io-lifetimes v2.0.4
2026-10-07T23:45:24.9711170Z [1m[92m  Downloaded[0m lmdb-master-sys v0.2.5
2026-10-07T23:45:24.9750864Z [1m[92m  Downloaded[0m zvariant_derive v5.11.0
2026-10-07T23:45:24.9761772Z [1m[92m  Downloaded[0m darling v0.20.11
2026-10-07T23:45:24.9800469Z [1m[92m  Downloaded[0m micromap v0.3.0
2026-10-07T23:45:24.9840477Z [1m[92m  Downloaded[0m num-bigint-dig v0.9.1
2026-10-07T23:45:24.9875649Z [1m[92m  Downloaded[0m sharded-slab v0.1.7
2026-10-07T23:45:24.9901521Z [1m[92m  Downloaded[0m wasmtime-internal-component-util v48.0.1
2026-10-07T23:45:24.9906145Z [1m[92m  Downloaded[0m bytes-utils v0.1.4
2026-10-07T23:45:24.9918917Z [1m[92m  Downloaded[0m enumflags2 v0.7.12
2026-10-07T23:45:24.9929409Z [1m[92m  Downloaded[0m hound v3.5.1
2026-10-07T23:45:24.9952844Z [1m[92m  Downloaded[0m runtimelib v1.4.0
2026-10-07T23:45:24.9967017Z [1m[92m  Downloaded[0m rustls-pemfile v2.2.0
2026-10-07T23:45:24.9985939Z [1m[92m  Downloaded[0m tinyvec v1.10.0
2026-10-07T23:45:25.0005977Z [1m[92m  Downloaded[0m oorandom v11.1.5
2026-10-07T23:45:25.0013770Z [1m[92m  Downloaded[0m paste v1.0.15
2026-10-07T23:45:25.0038327Z [1m[92m  Downloaded[0m postcard v1.1.3
2026-10-07T23:45:25.0056589Z [1m[92m  Downloaded[0m thread_local v1.1.9
2026-10-07T23:45:25.0068657Z [1m[92m  Downloaded[0m wit-bindgen v0.22.0
2026-10-07T23:45:25.0078811Z [1m[92m  Downloaded[0m betlang v0.1.1
2026-10-07T23:45:25.0154016Z [1m[92m  Downloaded[0m version_check v0.9.5
2026-10-07T23:45:25.0164094Z [1m[92m  Downloaded[0m backtrace v0.3.76
2026-10-07T23:45:25.0203333Z [1m[92m  Downloaded[0m dugong-graphlib v0.8.0-alpha.5
2026-10-07T23:45:25.0220988Z [1m[92m  Downloaded[0m socket2 v0.6.5
2026-10-07T23:45:25.0235337Z [1m[92m  Downloaded[0m ryu-js v1.0.2
2026-10-07T23:45:25.0268635Z [1m[92m  Downloaded[0m serde_repr v0.1.20
2026-10-07T23:45:25.0284469Z [1m[92m  Downloaded[0m env_filter v0.1.4
2026-10-07T23:45:25.0295404Z [1m[92m  Downloaded[0m memmap2 v0.9.8
2026-10-07T23:45:25.0308839Z [1m[92m  Downloaded[0m palette_derive v0.7.6
2026-10-07T23:45:25.0322433Z [1m[92m  Downloaded[0m tree-sitter-html v0.23.2
2026-10-07T23:45:25.0335853Z [1m[92m  Downloaded[0m winnow v1.0.2
2026-10-07T23:45:25.0411649Z [1m[92m  Downloaded[0m bumpalo v3.20.3
2026-10-07T23:45:25.0432084Z [1m[92m  Downloaded[0m cached v0.56.0
2026-10-07T23:45:25.0460285Z [1m[92m  Downloaded[0m clap v4.5.49
2026-10-07T23:45:25.0535546Z [1m[92m  Downloaded[0m crash-context v0.8.0
2026-10-07T23:45:25.0552101Z [1m[92m  Downloaded[0m quinn v0.11.9
2026-10-07T23:45:25.0577358Z [1m[92m  Downloaded[0m base64 v0.21.7
2026-10-07T23:45:25.0607748Z [1m[92m  Downloaded[0m bitflags v1.3.2
2026-10-07T23:45:25.0633786Z [1m[92m  Downloaded[0m cpp_demangle v0.5.1
2026-10-07T23:45:25.0655862Z [1m[92m  Downloaded[0m pgvector v0.4.1
2026-10-07T23:45:25.0676119Z [1m[92m  Downloaded[0m toml_edit v0.22.27
2026-10-07T23:45:25.0710254Z [1m[92m  Downloaded[0m webpki-roots v1.0.8
2026-10-07T23:45:25.0734712Z [1m[92m  Downloaded[0m wit-component v0.201.0
2026-10-07T23:45:25.1094246Z [1m[92m  Downloaded[0m bit-vec v0.8.0
2026-10-07T23:45:25.1106528Z [1m[92m  Downloaded[0m hyper-timeout v0.5.2
2026-10-07T23:45:25.1118041Z [1m[92m  Downloaded[0m jsonschema-value v0.51.0
2026-10-07T23:45:25.1133396Z [1m[92m  Downloaded[0m libloading v0.8.9
2026-10-07T23:45:25.1151369Z [1m[92m  Downloaded[0m merge v0.1.0
2026-10-07T23:45:25.1170981Z [1m[92m  Downloaded[0m base64-simd v0.8.0
2026-10-07T23:45:25.1181779Z [1m[92m  Downloaded[0m ciborium-ll v0.2.2
2026-10-07T23:45:25.1190189Z [1m[92m  Downloaded[0m memfd v0.6.5
2026-10-07T23:45:25.1202388Z [1m[92m  Downloaded[0m num-traits v0.2.19
2026-10-07T23:45:25.1222494Z [1m[92m  Downloaded[0m quinn-udp v0.5.14
2026-10-07T23:45:25.1235983Z [1m[92m  Downloaded[0m tiny-skia-path v0.11.4
2026-10-07T23:45:25.1250664Z [1m[92m  Downloaded[0m rand_chacha v0.3.1
2026-10-07T23:45:25.1259066Z [1m[92m  Downloaded[0m hyper-util v0.1.17
2026-10-07T23:45:25.1303775Z [1m[92m  Downloaded[0m num-format v0.4.4
2026-10-07T23:45:25.1332092Z [1m[92m  Downloaded[0m unicode-ccc v0.4.0
2026-10-07T23:45:25.1339207Z [1m[92m  Downloaded[0m inotify v0.11.0
2026-10-07T23:45:25.1354080Z [1m[92m  Downloaded[0m hmac v0.12.1
2026-10-07T23:45:25.1369653Z [1m[92m  Downloaded[0m elasticlunr-rs v3.0.2
2026-10-07T23:45:25.1418115Z [1m[92m  Downloaded[0m rtrb v0.3.2
2026-10-07T23:45:25.1430997Z [1m[92m  Downloaded[0m toml v0.5.11
2026-10-07T23:45:25.1448115Z [1m[92m  Downloaded[0m vscode_theme v0.2.0
2026-10-07T23:45:25.1457653Z [1m[92m  Downloaded[0m core2 v0.4.0
2026-10-07T23:45:25.1472782Z [1m[92m  Downloaded[0m dbus v0.9.9
2026-10-07T23:45:25.1505714Z [1m[92m  Downloaded[0m wasm-bindgen-macro v0.2.120
2026-10-07T23:45:25.1513126Z [1m[92m  Downloaded[0m lazy_static v1.5.0
2026-10-07T23:45:25.1526878Z [1m[92m  Downloaded[0m regex v1.12.3
2026-10-07T23:45:25.1568529Z [1m[92m  Downloaded[0m object v0.37.3
2026-10-07T23:45:25.1653436Z [1m[92m  Downloaded[0m signature v1.6.4
2026-10-07T23:45:25.1664326Z [1m[92m  Downloaded[0m smol v2.0.2
2026-10-07T23:45:25.1694443Z [1m[92m  Downloaded[0m x11rb v0.13.2
2026-10-07T23:45:25.1758865Z [1m[92m  Downloaded[0m zstd v0.13.3
2026-10-07T23:45:25.1782200Z [1m[92m  Downloaded[0m spki v0.6.0
2026-10-07T23:45:25.1796296Z [1m[92m  Downloaded[0m bit_field v0.10.3
2026-10-07T23:45:25.1805716Z [1m[92m  Downloaded[0m leb128 v0.2.5
2026-10-07T23:45:25.1816391Z [1m[92m  Downloaded[0m wayland-protocols v0.32.9
2026-10-07T23:45:25.1881259Z [1m[92m  Downloaded[0m quick-xml v0.41.0
2026-10-07T23:45:25.1928378Z [1m[92m  Downloaded[0m spin v0.9.8
2026-10-07T23:45:25.1946916Z [1m[92m  Downloaded[0m clap_builder v4.5.49
2026-10-07T23:45:25.1996740Z [1m[92m  Downloaded[0m cpufeatures v0.2.17
2026-10-07T23:45:25.2008180Z [1m[92m  Downloaded[0m hyper v0.14.32
2026-10-07T23:45:25.2067690Z [1m[92m  Downloaded[0m pest v2.8.3
2026-10-07T23:45:25.2103335Z [1m[92m  Downloaded[0m nucleo-matcher v0.3.1
2026-10-07T23:45:25.2120459Z [1m[92m  Downloaded[0m miette v7.6.0
2026-10-07T23:45:25.2155285Z [1m[92m  Downloaded[0m page_size v0.6.0
2026-10-07T23:45:25.2163189Z [1m[92m  Downloaded[0m perf-event2 v0.7.4
2026-10-07T23:45:25.2194254Z [1m[92m  Downloaded[0m tokio-util v0.7.18
2026-10-07T23:45:25.2254077Z [1m[92m  Downloaded[0m pin-utils v0.1.0
2026-10-07T23:45:25.2263663Z [1m[92m  Downloaded[0m unicode-general-category v1.1.0
2026-10-07T23:45:25.2275633Z [1m[92m  Downloaded[0m wasmtime-internal-fiber v48.0.1
2026-10-07T23:45:25.2290971Z [1m[92m  Downloaded[0m xcursor v0.3.10
2026-10-07T23:45:25.2297237Z [1m[92m  Downloaded[0m ciborium-io v0.2.2
2026-10-07T23:45:25.2303066Z [1m[92m  Downloaded[0m reqwest v0.11.27
2026-10-07T23:45:25.2359817Z [1m[92m  Downloaded[0m vsimd v0.8.0
2026-10-07T23:45:25.2377437Z [1m[92m  Downloaded[0m imara-diff v0.2.0
2026-10-07T23:45:25.2411169Z [1m[92m  Downloaded[0m pretty_assertions v1.4.1
2026-10-07T23:45:25.2424546Z [1m[92m  Downloaded[0m pulldown-cmark v0.10.3
2026-10-07T23:45:25.2461544Z [1m[92m  Downloaded[0m html5ever v0.39.0
2026-10-07T23:45:25.2489341Z [1m[92m  Downloaded[0m merman v0.8.0-alpha.5
2026-10-07T23:45:25.2564768Z [1m[92m  Downloaded[0m pin-project v1.1.10
2026-10-07T23:45:25.2670511Z [1m[92m  Downloaded[0m wasmtime-wasi v48.0.1
2026-10-07T23:45:25.2746194Z [1m[92m  Downloaded[0m xkeysym v0.2.1
2026-10-07T23:45:25.2768069Z [1m[92m  Downloaded[0m htmlize v1.1.0
2026-10-07T23:45:25.2792294Z [1m[92m  Downloaded[0m num-complex v0.4.6
2026-10-07T23:45:25.2803814Z [1m[92m  Downloaded[0m pulley-interpreter v48.0.1
2026-10-07T23:45:25.2825936Z [1m[92m  Downloaded[0m wasmtime-internal-c-api-macros v48.0.1
2026-10-07T23:45:25.2830796Z [1m[92m  Downloaded[0m jsonwebtoken v10.3.0
2026-10-07T23:45:25.2870507Z [1m[92m  Downloaded[0m libm v0.2.16
2026-10-07T23:45:25.2955552Z [1m[92m  Downloaded[0m time v0.3.47
2026-10-07T23:45:25.3056351Z [1m[92m  Downloaded[0m tree-sitter-go v0.25.0
2026-10-07T23:45:25.3087642Z [1m[92m  Downloaded[0m itertools v0.13.0
2026-10-07T23:45:25.3141417Z [1m[92m  Downloaded[0m moka v0.12.11
2026-10-07T23:45:25.3216800Z [1m[92m  Downloaded[0m rustls v0.23.40
2026-10-07T23:45:25.3309769Z [1m[92m  Downloaded[0m unicode_categories v0.1.1
2026-10-07T23:45:25.3323882Z [1m[92m  Downloaded[0m brush-parser v0.3.0
2026-10-07T23:45:25.3370541Z [1m[92m  Downloaded[0m svg_fmt v0.4.5
2026-10-07T23:45:25.3377570Z [1m[92m  Downloaded[0m symphonia-core v0.5.5
2026-10-07T23:45:25.3404520Z [1m[92m  Downloaded[0m tree-sitter-rust v0.24.2
2026-10-07T23:45:25.3487372Z [1m[92m  Downloaded[0m unicode-width v0.2.2
2026-10-07T23:45:25.3531474Z [1m[92m  Downloaded[0m wasmtime-internal-component-macro v48.0.1
2026-10-07T23:45:25.3656885Z [1m[92m  Downloaded[0m zbus_names v4.3.2
2026-10-07T23:45:25.3669047Z [1m[92m  Downloaded[0m icu_collator_data v2.3.0
2026-10-07T23:45:25.3730451Z [1m[92m  Downloaded[0m moxcms v0.8.1
2026-10-07T23:45:25.3809099Z [1m[92m  Downloaded[0m object v0.39.1
2026-10-07T23:45:25.3898215Z [1m[92m  Downloaded[0m read-fonts v0.37.0
2026-10-07T23:45:25.4018141Z [1m[92m  Downloaded[0m hyper v1.11.1
2026-10-07T23:45:25.4072711Z [1m[92m  Downloaded[0m nanoid v0.4.0
2026-10-07T23:45:25.4080533Z [1m[92m  Downloaded[0m openssl v0.10.81
2026-10-07T23:45:25.4156282Z [1m[92m  Downloaded[0m portable-atomic v1.11.1
2026-10-07T23:45:25.4210394Z [1m[92m  Downloaded[0m quick-xml v0.39.3
2026-10-07T23:45:25.4254507Z [1m[92m  Downloaded[0m read-fonts v0.35.0
2026-10-07T23:45:25.4374293Z [1m[92m  Downloaded[0m ryu v1.0.23
2026-10-07T23:45:25.4399578Z [1m[92m  Downloaded[0m tree-sitter-ruby v0.23.1
2026-10-07T23:45:25.4554715Z [1m[92m  Downloaded[0m bzip2-sys v0.1.13+1.0.8
2026-10-07T23:45:25.4639426Z [1m[92m  Downloaded[0m pulldown-cmark v0.13.4
2026-10-07T23:45:25.4679349Z [1m[92m  Downloaded[0m rustix-openpty v0.2.0
2026-10-07T23:45:25.4688826Z [1m[92m  Downloaded[0m sync_wrapper v0.1.2
2026-10-07T23:45:25.4695449Z [1m[92m  Downloaded[0m wit-bindgen-rust v0.22.0
2026-10-07T23:45:25.4706120Z [1m[92m  Downloaded[0m bytes v1.11.1
2026-10-07T23:45:25.4739017Z [1m[92m  Downloaded[0m env_logger v0.11.8
2026-10-07T23:45:25.4758667Z [1m[92m  Downloaded[0m libc v0.2.186
2026-10-07T23:45:25.5065060Z [1m[92m  Downloaded[0m postage v0.5.0
2026-10-07T23:45:25.5138092Z [1m[92m  Downloaded[0m strum_macros v0.28.0
2026-10-07T23:45:25.5157364Z [1m[92m  Downloaded[0m zstd-sys v2.0.16+zstd.1.5.7
2026-10-07T23:45:25.5286236Z [1m[92m  Downloaded[0m borsh-derive v1.5.7
2026-10-07T23:45:25.5310318Z [1m[92m  Downloaded[0m lru-slab v0.1.2
2026-10-07T23:45:25.5316700Z [1m[92m  Downloaded[0m cobs v0.3.0
2026-10-07T23:45:25.5327340Z [1m[92m  Downloaded[0m jobserver v0.1.34
2026-10-07T23:45:25.5342922Z [1m[92m  Downloaded[0m tinytemplate v1.2.1
2026-10-07T23:45:25.5356601Z [1m[92m  Downloaded[0m hyper-tls v0.5.0
2026-10-07T23:45:25.5366276Z [1m[92m  Downloaded[0m unindent v0.2.4
2026-10-07T23:45:25.5373084Z [1m[92m  Downloaded[0m cranelift-bforest v0.135.1
2026-10-07T23:45:25.5383820Z [1m[92m  Downloaded[0m wasmtime-wasi-io v48.0.1
2026-10-07T23:45:25.5393731Z [1m[92m  Downloaded[0m signature v2.2.0
2026-10-07T23:45:25.5404950Z [1m[92m  Downloaded[0m io-lifetimes v3.0.1
2026-10-07T23:45:25.5417841Z [1m[92m  Downloaded[0m linktime-proc-macro v0.2.2
2026-10-07T23:45:25.5429257Z [1m[92m  Downloaded[0m typeid v1.0.3
2026-10-07T23:45:25.5438671Z [1m[92m  Downloaded[0m dtoa-short v0.3.5
2026-10-07T23:45:25.5444664Z [1m[92m  Downloaded[0m servo_arc v0.4.3
2026-10-07T23:45:25.5451256Z [1m[92m  Downloaded[0m xml5ever v0.39.0
2026-10-07T23:45:25.5470345Z [1m[92m  Downloaded[0m tiny-keccak v2.0.2
2026-10-07T23:45:25.5488997Z [1m[92m  Downloaded[0m toml_edit v0.23.7
2026-10-07T23:45:25.5520916Z [1m[92m  Downloaded[0m wasmprinter v0.254.0
2026-10-07T23:45:25.5535105Z [1m[92m  Downloaded[0m bit-vec v0.9.1
2026-10-07T23:45:25.5547742Z [1m[92m  Downloaded[0m c-enum v0.2.3
2026-10-07T23:45:25.5559208Z [1m[92m  Downloaded[0m new_debug_unreachable v1.0.6
2026-10-07T23:45:25.5566822Z [1m[92m  Downloaded[0m roxmltree v0.21.1
2026-10-07T23:45:25.5669677Z [1m[92m  Downloaded[0m skrifa v0.40.0
2026-10-07T23:45:25.5740602Z [1m[92m  Downloaded[0m qoi v0.4.1
2026-10-07T23:45:25.5762644Z [1m[92m  Downloaded[0m icu_collator v2.3.0
2026-10-07T23:45:25.5891492Z [1m[92m  Downloaded[0m cranelift-frontend v0.135.1
2026-10-07T23:45:25.5905844Z [1m[92m  Downloaded[0m mime v0.3.17
2026-10-07T23:45:25.5916350Z [1m[92m  Downloaded[0m thiserror-impl v2.0.17
2026-10-07T23:45:25.5927151Z [1m[92m  Downloaded[0m logos v0.15.1
2026-10-07T23:45:25.5995669Z [1m[92m  Downloaded[0m ring v0.17.14
2026-10-07T23:45:25.6325062Z [1m[92m  Downloaded[0m mdbook v0.4.40
2026-10-07T23:45:25.6496295Z [1m[92m  Downloaded[0m crypto-bigint v0.5.5
2026-10-07T23:45:25.6552473Z [1m[92m  Downloaded[0m time-core v0.1.8
2026-10-07T23:45:25.6561095Z [1m[92m  Downloaded[0m nested v0.1.1
2026-10-07T23:45:25.6568854Z [1m[92m  Downloaded[0m pest_generator v2.8.3
2026-10-07T23:45:25.6581105Z [1m[92m  Downloaded[0m xxhash-rust v0.8.15
2026-10-07T23:45:25.6594121Z [1m[92m  Downloaded[0m nix v0.30.1
2026-10-07T23:45:25.6684692Z [1m[92m  Downloaded[0m x11rb-protocol v0.13.2
2026-10-07T23:45:25.6783641Z [1m[92m  Downloaded[0m freetype-sys v0.20.1
2026-10-07T23:45:25.7538800Z [1m[92m  Downloaded[0m ptr_meta_derive v0.1.4
2026-10-07T23:45:25.7544714Z [1m[92m  Downloaded[0m cosmic-text v0.19.0
2026-10-07T23:45:25.7803300Z [1m[92m  Downloaded[0m jiff v0.2.15
2026-10-07T23:45:25.7922673Z [1m[92m  Downloaded[0m cached_proc_macro_types v0.1.1
2026-10-07T23:45:25.7927966Z [1m[92m  Downloaded[0m iovec v0.1.4
2026-10-07T23:45:25.7939115Z [1m[92m  Downloaded[0m zstd-safe v7.3.0
2026-10-07T23:45:25.7949726Z [1m[92m  Downloaded[0m libdbus-sys v0.2.6
2026-10-07T23:45:25.8214544Z [1m[92m  Downloaded[0m dugong v0.8.0-alpha.5
2026-10-07T23:45:26.0130236Z [1m[92m  Downloaded[0m schemars v1.0.4
2026-10-07T23:45:26.0263484Z [1m[92m  Downloaded[0m cssparser-macros v0.6.1
2026-10-07T23:45:26.0269190Z [1m[92m  Downloaded[0m core_maths v0.1.1
2026-10-07T23:45:26.0275908Z [1m[92m  Downloaded[0m hyper-rustls v0.27.9
2026-10-07T23:45:26.0287204Z [1m[92m  Downloaded[0m partial-json-fixer v0.5.3
2026-10-07T23:45:26.0294220Z [1m[92m  Downloaded[0m streaming-iterator v0.1.9
2026-10-07T23:45:26.0304078Z [1m[92m  Downloaded[0m yeslogic-fontconfig-sys v6.0.0
2026-10-07T23:45:26.0312546Z [1m[92m  Downloaded[0m env_logger v0.10.2
2026-10-07T23:45:26.0337479Z [1m[92m  Downloaded[0m inout v0.1.4
2026-10-07T23:45:26.0346933Z [1m[92m  Downloaded[0m http v0.2.12
2026-10-07T23:45:26.0375425Z [1m[92m  Downloaded[0m skrifa v0.37.0
2026-10-07T23:45:26.0447694Z [1m[92m  Downloaded[0m color_quant v1.1.0
2026-10-07T23:45:26.0456742Z [1m[92m  Downloaded[0m cranelift-bitset v0.135.1
2026-10-07T23:45:26.0465451Z [1m[92m  Downloaded[0m tree-sitter-embedded-template v0.23.2
2026-10-07T23:45:26.0479011Z [1m[92m  Downloaded[0m xkbcommon v0.8.0
2026-10-07T23:45:26.0496622Z [1m[92m  Downloaded[0m base16ct v0.1.1
2026-10-07T23:45:26.0508108Z [1m[92m  Downloaded[0m protobuf v3.7.2
2026-10-07T23:45:26.0604994Z [1m[92m  Downloaded[0m imgref v1.12.0
2026-10-07T23:45:26.0617870Z [1m[92m  Downloaded[0m petgraph v0.8.3
2026-10-07T23:45:26.0782144Z [1m[92m  Downloaded[0m prost-types v0.14.4
2026-10-07T23:45:26.0795802Z [1m[92m  Downloaded[0m tokio-rustls v0.26.4
2026-10-07T23:45:26.0812570Z [1m[92m  Downloaded[0m tower v0.4.13
2026-10-07T23:45:26.0893100Z [1m[92m  Downloaded[0m sval_serde v2.15.0
2026-10-07T23:45:26.0901302Z [1m[92m  Downloaded[0m merge_derive v0.1.0
2026-10-07T23:45:26.0906709Z [1m[92m  Downloaded[0m spirv v0.4.0+sdk-1.4.341.0
2026-10-07T23:45:26.0916393Z [1m[92m  Downloaded[0m syn v1.0.109
2026-10-07T23:45:26.0990670Z [1m[92m  Downloaded[0m merman-render v0.8.0-alpha.5
2026-10-07T23:45:26.1355331Z [1m[92m  Downloaded[0m pest_meta v2.8.3
2026-10-07T23:45:26.1373870Z [1m[92m  Downloaded[0m rust-embed v8.11.0
2026-10-07T23:45:26.1440181Z [1m[92m  Downloaded[0m serde_spanned v1.0.3
2026-10-07T23:45:26.1449333Z [1m[92m  Downloaded[0m libmimalloc-sys v0.1.44
2026-10-07T23:45:26.1565463Z [1m[92m  Downloaded[0m pulley-macros v48.0.1
2026-10-07T23:45:26.1570452Z [1m[92m  Downloaded[0m tungstenite v0.28.0
2026-10-07T23:45:26.1597408Z [1m[92m  Downloaded[0m bzip2 v0.4.4
2026-10-07T23:45:26.1610756Z [1m[92m  Downloaded[0m io-extras v0.19.0
2026-10-07T23:45:26.1627927Z [1m[92m  Downloaded[0m rav1e v0.8.1
2026-10-07T23:45:26.1891142Z [1m[92m  Downloaded[0m inventory v0.3.21
2026-10-07T23:45:26.1907641Z [1m[92m  Downloaded[0m num-derive v0.4.2
2026-10-07T23:45:26.1921978Z [1m[92m  Downloaded[0m schemars v0.9.0
2026-10-07T23:45:26.2035662Z [1m[92m  Downloaded[0m shlex v2.0.1
2026-10-07T23:45:26.2046041Z [1m[92m  Downloaded[0m libsqlite3-sys v0.30.1
2026-10-07T23:45:26.2525472Z [1m[92m  Downloaded[0m cranelift-assembler-x64-meta v0.135.1
2026-10-07T23:45:26.2554500Z [1m[92m  Downloaded[0m sea-orm v1.1.10
2026-10-07T23:45:26.2845607Z [1m[92m  Downloaded[0m linux-raw-sys v0.12.1
2026-10-07T23:45:26.3343206Z [1m[92m  Downloaded[0m yazi v0.2.1
2026-10-07T23:45:26.3353456Z [1m[92m  Downloaded[0m serde_yaml v0.9.34+deprecated
2026-10-07T23:45:26.3380012Z [1m[92m  Downloaded[0m inotify-sys v0.1.5
2026-10-07T23:45:26.3387133Z [1m[92m  Downloaded[0m cssparser v0.36.0
2026-10-07T23:45:26.3405919Z [1m[92m  Downloaded[0m spin v0.10.0
2026-10-07T23:45:26.3424545Z [1m[92m  Downloaded[0m rle-decode-fast v1.0.3
2026-10-07T23:45:26.3436124Z [1m[92m  Downloaded[0m symphonia-codec-pcm v0.5.5
2026-10-07T23:45:26.3441855Z [1m[92m  Downloaded[0m wasm-encoder v0.201.0
2026-10-07T23:45:26.3465205Z [1m[92m  Downloaded[0m wayland-cursor v0.31.11
2026-10-07T23:45:26.3471934Z [1m[92m  Downloaded[0m rpassword v7.5.2
2026-10-07T23:45:26.3490294Z [1m[92m  Downloaded[0m compression-codecs v0.4.31
2026-10-07T23:45:26.3519719Z [1m[92m  Downloaded[0m tracing-core v0.1.35
2026-10-07T23:45:26.3540600Z [1m[92m  Downloaded[0m aws-lc-sys v0.42.0
2026-10-07T23:45:26.5562454Z [1m[92m  Downloaded[0m ident_case v1.0.1
2026-10-07T23:45:26.5568758Z [1m[92m  Downloaded[0m rand_core v0.9.3
2026-10-07T23:45:26.5579825Z [1m[92m  Downloaded[0m password-hash v0.4.2
2026-10-07T23:45:26.5593547Z [1m[92m  Downloaded[0m cmake v0.1.56
2026-10-07T23:45:26.5603848Z [1m[92m  Downloaded[0m include-flate v0.3.4
2026-10-07T23:45:26.5610270Z [1m[92m  Downloaded[0m rust-embed-utils v8.11.0
2026-10-07T23:45:26.5616120Z [1m[92m  Downloaded[0m rand v0.10.2
2026-10-07T23:45:26.5645383Z [1m[92m  Downloaded[0m toml_writer v1.0.4
2026-10-07T23:45:26.5656474Z [1m[92m  Downloaded[0m cssparser v0.37.0
2026-10-07T23:45:26.5675290Z [1m[92m  Downloaded[0m tokio-stream v0.1.17
2026-10-07T23:45:26.5711373Z [1m[92m  Downloaded[0m hkdf v0.12.4
2026-10-07T23:45:26.5729829Z [1m[92m  Downloaded[0m rend v0.4.2
2026-10-07T23:45:26.5740116Z [1m[92m  Downloaded[0m ucd-trie v0.1.7
2026-10-07T23:45:26.5750788Z [1m[92m  Downloaded[0m ecdsa v0.14.8
2026-10-07T23:45:26.5762862Z [1m[92m  Downloaded[0m strsim v0.11.1
2026-10-07T23:45:26.5773029Z [1m[92m  Downloaded[0m v_frame v0.3.9
2026-10-07T23:45:26.5784928Z [1m[92m  Downloaded[0m built v0.8.0
2026-10-07T23:45:26.5799274Z [1m[92m  Downloaded[0m yaml-rust2 v0.8.1
2026-10-07T23:45:26.6019519Z [1m[92m  Downloaded[0m cranelift-entity v0.135.1
2026-10-07T23:45:26.6031814Z [1m[92m  Downloaded[0m bzip2 v0.6.1
2026-10-07T23:45:26.6045469Z [1m[92m  Downloaded[0m tracing v0.1.43
2026-10-07T23:45:26.6076751Z [1m[92m  Downloaded[0m darling_core v0.20.11
2026-10-07T23:45:26.6116701Z [1m[92m  Downloaded[0m plotters-backend v0.3.7
2026-10-07T23:45:26.6126055Z [1m[92m  Downloaded[0m rkyv v0.7.45
2026-10-07T23:45:26.6192000Z [1m[92m  Downloaded[0m profiling-procmacros v1.0.17
2026-10-07T23:45:26.6197497Z [1m[92m  Downloaded[0m signal-hook-registry v1.4.6
2026-10-07T23:45:26.6205815Z [1m[92m  Downloaded[0m unsafe-libyaml v0.2.11
2026-10-07T23:45:26.6230668Z [1m[92m  Downloaded[0m unicode-vo v0.1.0
2026-10-07T23:45:26.6237536Z [1m[92m  Downloaded[0m pest_derive v2.8.3
2026-10-07T23:45:26.6256118Z [1m[92m  Downloaded[0m rustix-linux-procfs v0.1.1
2026-10-07T23:45:26.6265013Z [1m[92m  Downloaded[0m tree-sitter-json v0.24.8
2026-10-07T23:45:26.6276152Z [1m[92m  Downloaded[0m tree-sitter-jsdoc v0.23.2
2026-10-07T23:45:26.6288195Z [1m[92m  Downloaded[0m xcb v1.6.0
2026-10-07T23:45:26.6352464Z [1m[92m  Downloaded[0m wax v0.7.0
2026-10-07T23:45:26.6380980Z [1m[92m  Downloaded[0m jupyter-protocol v1.4.0
2026-10-07T23:45:29.3229983Z [1m[92m   Compiling[0m unicode-ident v1.0.24
2026-10-07T23:45:29.3239253Z [1m[92m   Compiling[0m quote v1.0.47
2026-10-07T23:45:29.3239664Z [1m[92m   Compiling[0m proc-macro2 v1.0.107
2026-10-07T23:45:29.3240037Z [1m[92m   Compiling[0m serde_core v1.0.229
2026-10-07T23:45:29.4030099Z [1m[92m   Compiling[0m libc v0.2.186
2026-10-07T23:45:29.7240007Z [1m[92m   Compiling[0m serde v1.0.229
2026-10-07T23:45:29.9306130Z [1m[92m   Compiling[0m cfg-if v1.0.4
2026-10-07T23:45:29.9820080Z [1m[92m   Compiling[0m memchr v2.8.3
2026-10-07T23:45:30.8240058Z [1m[92m   Compiling[0m syn v2.0.117
2026-10-07T23:45:31.3389805Z [1m[92m   Compiling[0m syn v3.0.3
2026-10-07T23:45:31.3880084Z [1m[92m   Compiling[0m typeid v1.0.3
2026-10-07T23:45:31.5690027Z [1m[92m   Compiling[0m erased-serde v0.4.9
2026-10-07T23:45:32.2079953Z [1m[92m   Compiling[0m equivalent v1.0.2
2026-10-07T23:45:32.2489985Z [1m[92m   Compiling[0m jobserver v0.1.34
2026-10-07T23:45:32.4919847Z [1m[92m   Compiling[0m find-msvc-tools v0.1.11
2026-10-07T23:45:32.5231503Z [1m[92m   Compiling[0m shlex v2.0.1
2026-10-07T23:45:32.6699635Z [1m[92m   Compiling[0m cc v1.4.3
2026-10-07T23:45:32.6933655Z [1m[92m   Compiling[0m itoa v1.0.18
2026-10-07T23:45:32.8270163Z [1m[92m   Compiling[0m allocator-api2 v0.2.21
2026-10-07T23:45:33.0680022Z [1m[92m   Compiling[0m once_cell v1.21.4
2026-10-07T23:45:33.2171677Z [1m[92m   Compiling[0m pin-project-lite v0.2.16
2026-10-07T23:45:33.2689962Z [1m[92m   Compiling[0m autocfg v1.5.0
2026-10-07T23:45:33.5479956Z [1m[92m   Compiling[0m version_check v0.9.5
2026-10-07T23:45:33.7640146Z [1m[92m   Compiling[0m foldhash v0.2.0
2026-10-07T23:45:33.8580071Z [1m[92m   Compiling[0m futures-core v0.3.34
2026-10-07T23:45:33.9090476Z [1m[92m   Compiling[0m libm v0.2.16
2026-10-07T23:45:33.9641271Z [1m[92m   Compiling[0m bitflags v2.13.1
2026-10-07T23:45:34.1317263Z [1m[92m   Compiling[0m hashbrown v0.17.1
2026-10-07T23:45:34.6449997Z [1m[92m   Compiling[0m scopeguard v1.2.0
2026-10-07T23:45:34.6999938Z [1m[92m   Compiling[0m indexmap v2.14.0
2026-10-07T23:45:35.0649968Z [1m[92m   Compiling[0m pkg-config v0.3.32
2026-10-07T23:45:35.3239927Z [1m[92m   Compiling[0m zmij v1.0.23
2026-10-07T23:45:35.4390041Z [1m[92m   Compiling[0m futures-io v0.3.34
2026-10-07T23:45:35.5319967Z [1m[92m   Compiling[0m slab v0.4.11
2026-10-07T23:45:35.6380292Z [1m[92m   Compiling[0m subtle v2.6.1
2026-10-07T23:45:35.7689950Z [1m[92m   Compiling[0m linux-raw-sys v0.12.1
2026-10-07T23:45:36.2509934Z [1m[92m   Compiling[0m fnv v1.0.7
2026-10-07T23:45:36.2979975Z [1m[92m   Compiling[0m futures-sink v0.3.34
2026-10-07T23:45:36.3520019Z [1m[92m   Compiling[0m typenum v1.19.0
2026-10-07T23:45:36.5789829Z [1m[92m   Compiling[0m lock_api v0.4.14
2026-10-07T23:45:36.7957394Z [1m[92m   Compiling[0m generic-array v0.14.7
2026-10-07T23:45:36.9270001Z [1m[92m   Compiling[0m bytes v1.11.1
2026-10-07T23:45:37.7787319Z [1m[92m   Compiling[0m crypto-common v0.1.6
2026-10-07T23:45:37.8469968Z [1m[92m   Compiling[0m anyhow v1.0.104
2026-10-07T23:45:37.9386005Z [1m[92m   Compiling[0m num-traits v0.2.19
2026-10-07T23:45:38.1021603Z [1m[92m   Compiling[0m block-buffer v0.10.4
2026-10-07T23:45:38.3190169Z [1m[92m   Compiling[0m futures-channel v0.3.34
2026-10-07T23:45:38.4680187Z [1m[92m   Compiling[0m futures-task v0.3.34
2026-10-07T23:45:38.5890190Z [1m[92m   Compiling[0m fastrand v2.3.0
2026-10-07T23:45:38.7269966Z [1m[92m   Compiling[0m regex-syntax v0.8.11
2026-10-07T23:45:38.7570148Z [1m[92m   Compiling[0m parking_lot_core v0.9.12
2026-10-07T23:45:38.9140057Z [1m[92m   Compiling[0m aho-corasick v1.1.3
2026-10-07T23:45:40.2832440Z [1m[92m   Compiling[0m crossbeam-utils v0.8.21
2026-10-07T23:45:40.4750071Z [1m[92m   Compiling[0m regex-automata v0.4.18
2026-10-07T23:45:40.9550037Z [1m[92m   Compiling[0m synstructure v0.13.2
2026-10-07T23:45:41.5105167Z [1m[92m   Compiling[0m serde_json v1.0.151
2026-10-07T23:45:41.6560503Z [1m[92m   Compiling[0m zerocopy v0.8.27
2026-10-07T23:45:43.9492040Z [1m[92m   Compiling[0m cpufeatures v0.2.17
2026-10-07T23:45:43.9971937Z [1m[92m   Compiling[0m rustix v1.1.4
2026-10-07T23:45:45.8040039Z [1m[92m   Compiling[0m thiserror v2.0.17
2026-10-07T23:45:46.0550631Z [1m[92m   Compiling[0m const-oid v0.9.6
2026-10-07T23:45:46.1872535Z [1m[92m   Compiling[0m getrandom v0.3.4
2026-10-07T23:45:46.3974737Z [1m[92m   Compiling[0m percent-encoding v2.3.2
2026-10-07T23:45:46.7084711Z [1m[92m   Compiling[0m heck v0.5.0
2026-10-07T23:45:46.8760473Z [1m[92m   Compiling[0m tracing-core v0.1.35
2026-10-07T23:45:47.2650241Z [1m[92m   Compiling[0m signal-hook-registry v1.4.6
2026-10-07T23:45:47.4730216Z [1m[92m   Compiling[0m utf8_iter v1.0.4
2026-10-07T23:45:47.5670037Z [1m[92m   Compiling[0m digest v0.10.7
2026-10-07T23:45:47.7009990Z [1m[92m   Compiling[0m icu_properties_data v2.3.0
2026-10-07T23:45:47.7920163Z [1m[92m   Compiling[0m icu_normalizer_data v2.3.0
2026-10-07T23:45:47.9280487Z [1m[92m   Compiling[0m crc32fast v1.5.0
2026-10-07T23:45:48.2600148Z [1m[92m   Compiling[0m form_urlencoded v1.2.2
2026-10-07T23:45:48.5126295Z [1m[92m   Compiling[0m regex v1.12.3
2026-10-07T23:45:48.5269475Z [1m[92m   Compiling[0m dunce v1.0.5
2026-10-07T23:45:48.5749966Z [1m[92m   Compiling[0m atomic-waker v1.1.2
2026-10-07T23:45:48.6509861Z [1m[92m   Compiling[0m ryu v1.0.23
2026-10-07T23:45:48.7816720Z [1m[92m   Compiling[0m http v1.3.1
2026-10-07T23:45:49.4900334Z [1m[92m   Compiling[0m stable_deref_trait v1.2.1
2026-10-07T23:45:49.5379940Z [1m[92m   Compiling[0m simd-adler32 v0.3.7
2026-10-07T23:45:49.6889923Z [1m[92m   Compiling[0m parking v2.2.1
2026-10-07T23:45:49.8010007Z [1m[92m   Compiling[0m sha2 v0.10.9
2026-10-07T23:45:50.0859991Z [1m[92m   Compiling[0m adler2 v2.0.1
2026-10-07T23:45:50.1630008Z [1m[92m   Compiling[0m miniz_oxide v0.8.9
2026-10-07T23:45:52.0039908Z [1m[92m   Compiling[0m http-body v1.0.1
2026-10-07T23:45:52.0342775Z [1m[92m   Compiling[0m concurrent-queue v2.5.0
2026-10-07T23:45:52.0969374Z [1m[92m   Compiling[0m rustc-hash v2.1.1
2026-10-07T23:45:52.1614591Z [1m[92m   Compiling[0m litemap v0.8.0
2026-10-07T23:45:52.1830257Z [1m[92m   Compiling[0m writeable v0.6.4
2026-10-07T23:45:52.3079954Z [1m[92m   Compiling[0m flate2 v1.1.8
2026-10-07T23:45:52.4440197Z [1m[92m   Compiling[0m base64 v0.22.1
2026-10-07T23:45:52.6290219Z [1m[92m   Compiling[0m event-listener v5.4.1
2026-10-07T23:45:52.6890123Z [1m[92m   Compiling[0m utf16_iter v1.0.5
2026-10-07T23:45:52.7709802Z [1m[92m   Compiling[0m write16 v1.0.0
2026-10-07T23:45:52.8056113Z [1m[92m   Compiling[0m semver v1.0.28
2026-10-07T23:45:52.8210243Z [1m[92m   Compiling[0m futures-lite v2.6.1
2026-10-07T23:45:53.1730702Z [1m[92m   Compiling[0m async-task v4.7.1 (https://github.com/smol-rs/async-task.git?rev=b4486cd71e4e94fbda54ce6302444de14f4d190e#b4486cd7)
2026-10-07T23:45:53.3330279Z [1m[92m   Compiling[0m zstd-sys v2.0.16+zstd.1.5.7
2026-10-07T23:45:53.4150139Z [1m[92m   Compiling[0m event-listener-strategy v0.5.4
2026-10-07T23:45:53.7720135Z [1m[92m   Compiling[0m async-channel v2.5.0
2026-10-07T23:45:53.8956083Z [1m[92m   Compiling[0m hashbrown v0.16.1
2026-10-07T23:45:54.3739991Z [1m[92m   Compiling[0m sha1_smol v1.0.1
2026-10-07T23:45:54.5032089Z [1m[92m   Compiling[0m rand_core v0.9.3
2026-10-07T23:45:54.6510976Z [1m[92m   Compiling[0m unicase v2.8.1
2026-10-07T23:45:54.7849007Z [1m[92m   Compiling[0m async-io v2.6.0
2026-10-07T23:45:54.8790371Z [1m[92m   Compiling[0m getrandom v0.2.16
2026-10-07T23:45:55.0130155Z [1m[92m   Compiling[0m unicode-segmentation v1.13.3
2026-10-07T23:45:55.3320046Z [1m[92m   Compiling[0m iana-time-zone v0.1.64
2026-10-07T23:45:55.5321851Z [1m[92m   Compiling[0m rand_core v0.10.1
2026-10-07T23:45:55.6240164Z [1m[92m   Compiling[0m same-file v1.0.6
2026-10-07T23:45:55.7299876Z [1m[92m   Compiling[0m getrandom v0.4.1
2026-10-07T23:45:55.8881999Z [1m[92m   Compiling[0m walkdir v2.5.0
2026-10-07T23:45:56.0878212Z [1m[92m   Compiling[0m ref-cast v1.0.25
2026-10-07T23:45:56.4379880Z [1m[92m   Compiling[0m piper v0.2.4
2026-10-07T23:45:56.5558017Z [1m[92m   Compiling[0m cfg_aliases v0.2.1
2026-10-07T23:45:56.6107581Z [1m[92m   Compiling[0m polling v3.11.0
2026-10-07T23:45:56.7719875Z [1m[92m   Compiling[0m blocking v1.6.2
2026-10-07T23:45:56.9342044Z [1m[92m   Compiling[0m async-lock v3.4.2
2026-10-07T23:45:57.2360803Z [1m[92m   Compiling[0m zerofrom-derive v0.1.6
2026-10-07T23:45:57.3460315Z [1m[92m   Compiling[0m zerocopy-derive v0.8.27
2026-10-07T23:45:57.6519915Z [1m[92m   Compiling[0m serde_derive v1.0.229
2026-10-07T23:45:57.9423022Z [1m[92m   Compiling[0m futures-macro v0.3.34
2026-10-07T23:45:58.5750073Z [1m[92m   Compiling[0m futures-util v0.3.34
2026-10-07T23:45:59.7428007Z [1m[92m   Compiling[0m yoke-derive v0.8.2
2026-10-07T23:46:00.4450613Z [1m[92m   Compiling[0m zerovec-derive v0.11.5
2026-10-07T23:46:00.5250505Z [1m[92m   Compiling[0m serde_fmt v1.0.3
2026-10-07T23:46:00.6330350Z [1m[92m   Compiling[0m value-bag-serde1 v1.12.0
2026-10-07T23:46:00.6720435Z [1m[92m   Compiling[0m value-bag v1.12.0
2026-10-07T23:46:00.7353428Z [1m[92m   Compiling[0m smallvec v1.16.1
2026-10-07T23:46:00.9039824Z [1m[92m   Compiling[0m log v0.4.29
2026-10-07T23:46:00.9829972Z [1m[92m   Compiling[0m either v1.15.0
2026-10-07T23:46:01.2170268Z [1m[92m   Compiling[0m thiserror-impl v2.0.17
2026-10-07T23:46:01.2259558Z [1m[92m   Compiling[0m displaydoc v0.2.5
2026-10-07T23:46:01.3720306Z [1m[92m   Compiling[0m parking_lot v0.12.5
2026-10-07T23:46:01.7100193Z [1m[92m   Compiling[0m tracing-attributes v0.1.31
2026-10-07T23:46:01.7509994Z [1m[92m   Compiling[0m ppv-lite86 v0.2.21
2026-10-07T23:46:01.9850022Z [1m[92m   Compiling[0m zerofrom v0.1.6
2026-10-07T23:46:02.0539267Z [1m[92m   Compiling[0m yoke v0.8.3
2026-10-07T23:46:02.1950579Z [1m[92m   Compiling[0m zerovec v0.11.8
2026-10-07T23:46:02.2133164Z [1m[92m   Compiling[0m zerotrie v0.2.5
2026-10-07T23:46:02.5843808Z [1m[92m   Compiling[0m tracing v0.1.43
2026-10-07T23:46:02.6248102Z [1m[92m   Compiling[0m futures-executor v0.3.34
2026-10-07T23:46:02.7769019Z [1m[92m   Compiling[0m itertools v0.14.0
2026-10-07T23:46:02.7869421Z [1m[92m   Compiling[0m futures v0.3.34
2026-10-07T23:46:02.8211710Z [1m[92m   Compiling[0m serde_urlencoded v0.7.1
2026-10-07T23:46:02.9367727Z [1m[92m   Compiling[0m tinystr v0.8.4
2026-10-07T23:46:02.9782483Z [1m[92m   Compiling[0m potential_utf v0.1.3
2026-10-07T23:46:03.0573728Z [1m[92m   Compiling[0m icu_locale_core v2.3.0
2026-10-07T23:46:03.0717750Z [1m[92m   Compiling[0m icu_collections v2.3.0
2026-10-07T23:46:03.4351636Z [1m[92m   Compiling[0m uuid v1.18.1
2026-10-07T23:46:03.7516053Z [1m[92m   Compiling[0m icu_provider v2.3.0
2026-10-07T23:46:03.8359997Z [1m[92m   Compiling[0m rand_chacha v0.9.0
2026-10-07T23:46:04.0673890Z [1m[92m   Compiling[0m icu_normalizer v2.3.0
2026-10-07T23:46:04.0904118Z [1m[92m   Compiling[0m icu_properties v2.3.0
2026-10-07T23:46:04.1290437Z [1m[92m   Compiling[0m rand v0.9.4
2026-10-07T23:46:04.5511046Z [1m[92m   Compiling[0m gpui_util v0.1.0 (/home/runner/work/koda/koda/crates/gpui_util)
2026-10-07T23:46:04.5840752Z [1m[92m   Compiling[0m chrono v0.4.42
2026-10-07T23:46:04.6928299Z [1m[92m   Compiling[0m ref-cast-impl v1.0.25
2026-10-07T23:46:05.0264935Z [1m[92m   Compiling[0m idna_adapter v1.2.1
2026-10-07T23:46:05.0956675Z [1m[92m   Compiling[0m idna v1.1.0
2026-10-07T23:46:05.1073525Z [1m[92m   Compiling[0m pin-project-internal v1.1.10
2026-10-07T23:46:05.4289955Z [1m[92m   Compiling[0m url v2.5.7
2026-10-07T23:46:05.6321265Z [1m[92m   Compiling[0m serde_derive_internals v0.29.1
2026-10-07T23:46:05.8031447Z [1m[92m   Compiling[0m pin-project v1.1.10
2026-10-07T23:46:05.8351536Z [1m[92m   Compiling[0m dyn-clone v1.0.20
2026-10-07T23:46:05.9053494Z [1m[92m   Compiling[0m tempfile v3.27.0
2026-10-07T23:46:05.9846881Z [1m[92m   Compiling[0m memoffset v0.9.1
2026-10-07T23:46:06.1660105Z [1m[92m   Compiling[0m async-executor v1.13.3
2026-10-07T23:46:06.3599086Z [1m[92m   Compiling[0m byteorder v1.5.0
2026-10-07T23:46:06.3619984Z [1m[92m   Compiling[0m schemars_derive v1.0.4
2026-10-07T23:46:06.4010500Z [1m[92m   Compiling[0m option-ext v0.2.0
2026-10-07T23:46:06.4586744Z [1m[92m   Compiling[0m dirs-sys v0.5.0
2026-10-07T23:46:06.5140939Z [1m[92m   Compiling[0m arrayvec v0.7.6
2026-10-07T23:46:06.6029093Z [1m[92m   Compiling[0m winnow v0.7.13
2026-10-07T23:46:06.6420574Z [1m[92m   Compiling[0m dirs v6.0.0
2026-10-07T23:46:06.6570283Z [1m[92m   Compiling[0m collections v0.1.0 (/home/runner/work/koda/koda/crates/collections)
2026-10-07T23:46:06.7447245Z [1m[92m   Compiling[0m thiserror v1.0.69
2026-10-07T23:46:06.7509739Z [1m[92m   Compiling[0m thiserror-impl v1.0.69
2026-10-07T23:46:06.9650032Z [1m[92m   Compiling[0m siphasher v1.0.1
2026-10-07T23:46:07.0960088Z [1m[92m   Compiling[0m libbz2-rs-sys v0.2.2
2026-10-07T23:46:07.5100430Z [1m[92m   Compiling[0m bzip2 v0.6.1
2026-10-07T23:46:07.6614797Z [1m[92m   Compiling[0m async-signal v0.2.13
2026-10-07T23:46:07.6729737Z [1m[92m   Compiling[0m spin v0.9.8
2026-10-07T23:46:07.7789828Z [1m[92m   Compiling[0m which v8.0.5
2026-10-07T23:46:07.8080427Z [1m[92m   Compiling[0m no_std_io2 v0.9.4
2026-10-07T23:46:07.8300015Z [1m[92m   Compiling[0m deflate64 v0.1.10
2026-10-07T23:46:07.8520353Z [1m[92m   Compiling[0m rle-decode-fast v1.0.3
2026-10-07T23:46:07.9090811Z [1m[92m   Compiling[0m strsim v0.11.1
2026-10-07T23:46:07.9720358Z [1m[92m   Compiling[0m compression-core v0.4.29
2026-10-07T23:46:07.9938033Z [1m[92m   Compiling[0m rayon-core v1.13.0
2026-10-07T23:46:08.0300791Z [1m[92m   Compiling[0m async-process v2.5.0 (https://github.com/zed-industries/async-process.git?rev=0b6d6713570af61806e1e5cb40e0f757cb93fd9d#0b6d6713)
2026-10-07T23:46:08.0402510Z [1m[92m   Compiling[0m compression-codecs v0.4.31
2026-10-07T23:46:08.1170628Z [1m[92m   Compiling[0m zstd-safe v7.3.0
2026-10-07T23:46:08.1481621Z [1m[92m   Compiling[0m perf v0.1.0 (/home/runner/work/koda/koda/tooling/perf)
2026-10-07T23:46:08.2110262Z [1m[92m   Compiling[0m async-compression v0.4.32
2026-10-07T23:46:08.2559791Z [1m[92m   Compiling[0m adler32 v1.2.0
2026-10-07T23:46:08.3320513Z [1m[92m   Compiling[0m unicode-xid v0.2.6
2026-10-07T23:46:08.4086301Z [1m[92m   Compiling[0m dary_heap v0.3.9
2026-10-07T23:46:08.4760399Z [1m[92m   Compiling[0m util_macros v0.1.0 (/home/runner/work/koda/koda/crates/util_macros)
2026-10-07T23:46:08.5160296Z [1m[92m   Compiling[0m pin-utils v0.1.0
2026-10-07T23:46:08.5552889Z [1m[92m   Compiling[0m schemars v1.0.4
2026-10-07T23:46:08.5980009Z [1m[92m   Compiling[0m zstd v0.13.3
2026-10-07T23:46:08.8860124Z [1m[92m   Compiling[0m proc-macro-error-attr3 v3.1.1
2026-10-07T23:46:09.0200046Z [1m[92m   Compiling[0m libflate_lz77 v2.3.0
2026-10-07T23:46:09.1170338Z [1m[92m   Compiling[0m libflate v2.3.1
2026-10-07T23:46:09.1601527Z [1m[92m   Compiling[0m serde_json_lenient v0.2.4
2026-10-07T23:46:09.2880150Z [1m[92m   Compiling[0m proc-macro-error3 v3.1.1
2026-10-07T23:46:09.5222754Z [1m[92m   Compiling[0m include-flate-compress v0.3.4
2026-10-07T23:46:09.6032117Z [1m[92m   Compiling[0m async-fs v2.2.0
2026-10-07T23:46:09.6143203Z [1m[92m   Compiling[0m rand_core v0.6.4
2026-10-07T23:46:09.6350612Z [1m[92m   Compiling[0m bstr v1.12.1
2026-10-07T23:46:09.7783349Z [1m[92m   Compiling[0m include-flate-codegen v0.3.4
2026-10-07T23:46:09.9260215Z [1m[92m   Compiling[0m globset v0.4.17
2026-10-07T23:46:10.0192383Z [1m[92m   Compiling[0m convert_case v0.10.0
2026-10-07T23:46:10.1507105Z [1m[92m   Compiling[0m anstyle v1.0.13
2026-10-07T23:46:10.2367524Z [1m[92m   Compiling[0m derive_more-impl v2.1.1
2026-10-07T23:46:10.3340196Z [1m[92m   Compiling[0m rust-embed-utils v8.11.0
2026-10-07T23:46:10.4605294Z [1m[92m   Compiling[0m path v0.1.0 (/home/runner/work/koda/koda/crates/path)
2026-10-07T23:46:10.4979415Z [1m[92m   Compiling[0m strum_macros v0.28.0
2026-10-07T23:46:11.3360037Z [1m[92m   Compiling[0m filetime v0.2.29
2026-10-07T23:46:11.4714240Z [1m[92m   Compiling[0m rust-embed-impl v8.11.0
2026-10-07T23:46:12.0673544Z [1m[92m   Compiling[0m lazy_static v1.5.0
2026-10-07T23:46:12.0857111Z [1m[92m   Compiling[0m strum v0.28.0
2026-10-07T23:46:12.1249892Z [1m[92m   Compiling[0m crossbeam-epoch v0.9.18
2026-10-07T23:46:12.5006823Z [1m[92m   Compiling[0m nix v0.30.1
2026-10-07T23:46:12.6648178Z [1m[92m   Compiling[0m clap_lex v0.7.6
2026-10-07T23:46:12.7517955Z [1m[92m   Compiling[0m derive_more v2.1.1
2026-10-07T23:46:12.8323405Z [1m[92m   Compiling[0m crossbeam-deque v0.8.6
2026-10-07T23:46:12.8419625Z [1m[92m   Compiling[0m async-net v2.0.0
2026-10-07T23:46:12.9530164Z [1m[92m   Compiling[0m bytemuck_derive v1.10.2
2026-10-07T23:46:13.1975214Z [1m[92m   Compiling[0m shlex v1.3.0
2026-10-07T23:46:13.3384326Z [1m[92m   Compiling[0m smol v2.0.2
2026-10-07T23:46:13.4160044Z [1m[92m   Compiling[0m async_zip v0.0.18
2026-10-07T23:46:13.5300019Z [1m[92m   Compiling[0m include-flate v0.3.4
2026-10-07T23:46:13.8759904Z [1m[92m   Compiling[0m zeroize_derive v1.4.2
2026-10-07T23:46:13.9027042Z [1m[92m   Compiling[0m bytemuck v1.24.0
2026-10-07T23:46:14.0050268Z [1m[92m   Compiling[0m rust-embed v8.11.0
2026-10-07T23:46:14.1130062Z [1m[92m   Compiling[0m toml_parser v1.0.4
2026-10-07T23:46:14.3430058Z [1m[92m   Compiling[0m zeroize v1.8.2
2026-10-07T23:46:14.4702336Z [1m[92m   Compiling[0m toml_datetime v0.7.3
2026-10-07T23:46:14.6301974Z [1m[92m   Compiling[0m mio v1.2.0
2026-10-07T23:46:14.7099969Z [1m[92m   Compiling[0m syn v1.0.109
2026-10-07T23:46:15.0056367Z [1m[92m   Compiling[0m command-fds v0.3.2
2026-10-07T23:46:15.0976582Z [1m[92m   Compiling[0m util v0.1.0 (/home/runner/work/koda/koda/crates/util)
2026-10-07T23:46:15.3470017Z [1m[92m   Compiling[0m rustc_version v0.4.1
2026-10-07T23:46:15.5679730Z [1m[92m   Compiling[0m utf8parse v0.2.2
2026-10-07T23:46:15.6250027Z [1m[92m   Compiling[0m anstyle-parse v0.2.7
2026-10-07T23:46:15.6590808Z [1m[92m   Compiling[0m is_terminal_polyfill v1.70.1
2026-10-07T23:46:15.7089578Z [1m[92m   Compiling[0m colorchoice v1.0.4
2026-10-07T23:46:15.7663933Z [1m[92m   Compiling[0m anstyle-query v1.1.4
2026-10-07T23:46:15.7782581Z [1m[92m   Compiling[0m rayon v1.11.0
2026-10-07T23:46:15.8230584Z [1m[92m   Compiling[0m anstream v0.6.21
2026-10-07T23:46:16.0510033Z [1m[92m   Compiling[0m terminal_size v0.4.3
2026-10-07T23:46:16.1624164Z [1m[92m   Compiling[0m clap_builder v4.5.49
2026-10-07T23:46:16.4919907Z [1m[92m   Compiling[0m clap_derive v4.5.49
2026-10-07T23:46:17.3529946Z [1m[92m   Compiling[0m half v2.7.1
2026-10-07T23:46:17.6929002Z [1m[92m   Compiling[0m event-listener v2.5.3
2026-10-07T23:46:17.8259932Z [1m[92m   Compiling[0m async-channel v1.9.0
2026-10-07T23:46:17.8989258Z [1m[92m   Compiling[0m clap v4.5.49
2026-10-07T23:46:17.9280061Z [1m[92m   Compiling[0m async-global-executor v2.4.1
2026-10-07T23:46:17.9540696Z [1m[92m   Compiling[0m kv-log-macro v1.0.7
2026-10-07T23:46:18.0424569Z [1m[92m   Compiling[0m smol_str v0.3.6
2026-10-07T23:46:18.2323699Z [1m[92m   Compiling[0m fixedbitset v0.5.7
2026-10-07T23:46:18.2759926Z [1m[92m   Compiling[0m xattr v1.6.1
2026-10-07T23:46:18.4568040Z [1m[92m   Compiling[0m crossbeam-queue v0.3.12
2026-10-07T23:46:18.4999988Z [1m[92m   Compiling[0m bitflags v1.3.2
2026-10-07T23:46:18.5434784Z [1m[92m   Compiling[0m thread_local v1.1.9
2026-10-07T23:46:18.5435608Z [1m[92m   Compiling[0m tinyvec_macros v0.1.1
2026-10-07T23:46:18.5865953Z [1m[92m   Compiling[0m tinyvec v1.10.0
2026-10-07T23:46:18.5879568Z [1m[92m   Compiling[0m memmap2 v0.9.8
2026-10-07T23:46:18.6990132Z [1m[92m   Compiling[0m unicode-properties v0.1.3
2026-10-07T23:46:18.7690333Z [1m[92m   Compiling[0m nu-ansi-term v0.50.3
2026-10-07T23:46:18.8490287Z [1m[92m   Compiling[0m tracing-log v0.2.0
2026-10-07T23:46:18.8615668Z [1m[92m   Compiling[0m serde_spanned v1.0.3
2026-10-07T23:46:18.9692569Z [1m[92m   Compiling[0m static_assertions v1.1.0
2026-10-07T23:46:19.0218082Z [1m[92m   Compiling[0m unicode-bidi v0.3.18
2026-10-07T23:46:19.0369974Z [1m[92m   Compiling[0m rustc-demangle v0.1.26
2026-10-07T23:46:19.0500067Z [1m[92m   Compiling[0m toml_writer v1.0.4
2026-10-07T23:46:19.1851176Z [1m[92m   Compiling[0m core_maths v0.1.1
2026-10-07T23:46:19.2420261Z [1m[92m   Compiling[0m gpui_shared_string v0.1.0 (/home/runner/work/koda/koda/crates/gpui_shared_string)
2026-10-07T23:46:19.3272457Z [1m[92m   Compiling[0m rand_chacha v0.3.1
2026-10-07T23:46:19.3710136Z [1m[92m   Compiling[0m euclid v0.22.14
2026-10-07T23:46:19.4420259Z [1m[92m   Compiling[0m ztracing v0.1.0 (/home/runner/work/koda/koda/crates/ztracing)
2026-10-07T23:46:19.5619981Z [1m[92m   Compiling[0m rand v0.8.6
2026-10-07T23:46:19.6699837Z [1m[92m   Compiling[0m fdeflate v0.3.7
2026-10-07T23:46:19.9130024Z [1m[92m   Compiling[0m object v0.37.3
2026-10-07T23:46:19.9850393Z [1m[92m   Compiling[0m ztracing_macro v0.1.0 (/home/runner/work/koda/koda/crates/ztracing_macro)
2026-10-07T23:46:20.0680511Z [1m[92m   Compiling[0m ciborium-io v0.2.2
2026-10-07T23:46:20.1037040Z [1m[92m   Compiling[0m heapless v0.9.2
2026-10-07T23:46:20.1171228Z [1m[92m   Compiling[0m ciborium-ll v0.2.2
2026-10-07T23:46:20.1579974Z [1m[92m   Compiling[0m polycool v0.4.0
2026-10-07T23:46:20.2808830Z [1m[92m   Compiling[0m hash32 v0.3.1
2026-10-07T23:46:20.3138871Z [1m[92m   Compiling[0m slotmap v1.0.7
2026-10-07T23:46:20.3809820Z [1m[92m   Compiling[0m kurbo v0.13.1
2026-10-07T23:46:20.4046245Z [1m[92m   Compiling[0m ciborium v0.2.2
2026-10-07T23:46:20.8600409Z [1m[92m   Compiling[0m ttf-parser v0.25.1
2026-10-07T23:46:21.4243034Z [1m[92m   Compiling[0m toml v0.9.8
2026-10-07T23:46:22.4820089Z [1m[92m   Compiling[0m convert_case v0.11.0
2026-10-07T23:46:22.7120121Z [1m[92m   Compiling[0m alloca v0.4.0
2026-10-07T23:46:22.7573922Z [1m[92m   Compiling[0m weezl v0.1.10
2026-10-07T23:46:22.8260072Z [1m[92m   Compiling[0m quick-error v2.0.1
2026-10-07T23:46:22.8809999Z [1m[92m   Compiling[0m bit-vec v0.8.0
2026-10-07T23:46:23.0419916Z [1m[92m   Compiling[0m zune-core v0.5.1
2026-10-07T23:46:23.0559819Z [1m[92m   Compiling[0m plotters-backend v0.3.7
2026-10-07T23:46:23.0900326Z [1m[92m   Compiling[0m bit-set v0.8.0
2026-10-07T23:46:23.2370014Z [1m[92m   Compiling[0m plotters-svg v0.3.7
2026-10-07T23:46:23.2509992Z [1m[92m   Compiling[0m zune-jpeg v0.5.15
2026-10-07T23:46:23.3790121Z [1m[92m   Compiling[0m svgtypes v0.16.1
2026-10-07T23:46:23.8520114Z [1m[92m   Compiling[0m perf-event-open-sys2 v5.0.6
2026-10-07T23:46:23.9490260Z [1m[92m   Compiling[0m itertools v0.13.0
2026-10-07T23:46:24.0194121Z [1m[92m   Compiling[0m wait-timeout v0.2.1
2026-10-07T23:46:24.1312283Z [1m[92m   Compiling[0m page_size v0.6.0
2026-10-07T23:46:24.1926148Z [1m[92m   Compiling[0m quick-error v1.2.3
2026-10-07T23:46:24.2046536Z [1m[92m   Compiling[0m c-enum v0.2.3
2026-10-07T23:46:24.2501601Z [1m[92m   Compiling[0m cast v0.3.0
2026-10-07T23:46:24.2592634Z [1m[92m   Compiling[0m color_quant v1.1.0
2026-10-07T23:46:24.4303665Z [1m[92m   Compiling[0m gimli v0.32.3
2026-10-07T23:46:24.4471758Z [1m[92m   Compiling[0m unicode-script v0.5.8
2026-10-07T23:46:24.7000064Z [1m[92m   Compiling[0m roxmltree v0.20.0
2026-10-07T23:46:25.1159926Z [1m[92m   Compiling[0m float-cmp v0.9.0
2026-10-07T23:46:25.1911635Z [1m[92m   Compiling[0m byteorder-lite v0.1.0
2026-10-07T23:46:25.2029768Z [1m[92m   Compiling[0m strict-num v0.1.1
2026-10-07T23:46:25.2889673Z [1m[92m   Compiling[0m criterion-plot v0.8.2
2026-10-07T23:46:25.3640771Z [1m[92m   Compiling[0m image-webp v0.2.4
2026-10-07T23:46:25.6180022Z [1m[92m   Compiling[0m fontconfig-parser v0.5.8
2026-10-07T23:46:26.0894148Z [1m[92m   Compiling[0m addr2line v0.25.1
2026-10-07T23:46:26.2260144Z [1m[92m   Compiling[0m gif v0.14.2
2026-10-07T23:46:26.3736650Z [1m[92m   Compiling[0m plotters v0.3.7
2026-10-07T23:46:26.4150363Z [1m[92m   Compiling[0m fax_derive v0.2.0
2026-10-07T23:46:26.7010006Z [1m[92m   Compiling[0m zune-inflate v0.2.54
2026-10-07T23:46:26.8310067Z [1m[92m   Compiling[0m roxmltree v0.21.1
2026-10-07T23:46:26.9278328Z [1m[92m   Compiling[0m arrayref v0.3.9
2026-10-07T23:46:26.9720171Z [1m[92m   Compiling[0m bit_field v0.10.3
2026-10-07T23:46:27.0650219Z [1m[92m   Compiling[0m data-url v0.3.2
2026-10-07T23:46:27.2500202Z [1m[92m   Compiling[0m raw-window-handle v0.6.2
2026-10-07T23:46:27.3640652Z [1m[92m   Compiling[0m oorandom v11.1.5
2026-10-07T23:46:27.4324797Z [1m[92m   Compiling[0m lebe v0.5.3
2026-10-07T23:46:27.4442379Z [1m[92m   Compiling[0m unicode-bidi-mirroring v0.4.0
2026-10-07T23:46:27.4790544Z [1m[92m   Compiling[0m unicode-ccc v0.4.0
2026-10-07T23:46:27.5150022Z [1m[92m   Compiling[0m anes v0.1.6
2026-10-07T23:46:27.5420198Z [1m[92m   Compiling[0m tiny-skia-path v0.11.4
2026-10-07T23:46:27.5700091Z [1m[92m   Compiling[0m fax v0.2.6
2026-10-07T23:46:27.6740011Z [1m[92m   Compiling[0m fontdb v0.23.0
2026-10-07T23:46:27.7980973Z [1m[92m   Compiling[0m proptest-macro v0.5.0 (https://github.com/proptest-rs/proptest?rev=3dca198a8fef1b32e3a66f1e1897c955b4dc5b5b#3dca198a)
2026-10-07T23:46:28.0472658Z [1m[92m   Compiling[0m lyon_geom v1.0.17
2026-10-07T23:46:28.0683953Z [1m[92m   Compiling[0m profiling-procmacros v1.0.17
2026-10-07T23:46:28.3013511Z [1m[92m   Compiling[0m rand_xorshift v0.4.0
2026-10-07T23:46:28.3411074Z [1m[92m   Compiling[0m pxfm v0.1.25
2026-10-07T23:46:28.3812620Z [1m[92m   Compiling[0m unarray v0.1.4
2026-10-07T23:46:28.4039973Z [1m[92m   Compiling[0m lyon_path v1.0.16
2026-10-07T23:46:28.4441174Z [1m[92m   Compiling[0m profiling v1.0.17
2026-10-07T23:46:28.4880128Z [1m[92m   Compiling[0m tiff v0.11.3
2026-10-07T23:46:28.7825132Z [1m[92m   Compiling[0m qoi v0.4.1
2026-10-07T23:46:28.9513433Z [1m[92m   Compiling[0m simplecss v0.2.2
2026-10-07T23:46:29.2626544Z [1m[92m   Compiling[0m enumn v0.1.14
2026-10-07T23:46:29.5694410Z [1m[92m   Compiling[0m pollster v0.4.0
2026-10-07T23:46:29.6621564Z [1m[92m   Compiling[0m pico-args v0.5.0
2026-10-07T23:46:29.6829915Z [1m[92m   Compiling[0m waker-fn v1.2.0
2026-10-07T23:46:29.7289753Z [1m[92m   Compiling[0m imagesize v0.14.0
2026-10-07T23:46:29.8189938Z [1m[92m   Compiling[0m unicode-vo v0.1.0
2026-10-07T23:46:29.8806907Z [1m[92m   Compiling[0m xmlwriter v0.1.0
2026-10-07T23:46:30.0220954Z [1m[92m   Compiling[0m moxcms v0.8.1
2026-10-07T23:46:30.0370108Z [1m[92m   Compiling[0m accesskit v0.24.1
2026-10-07T23:46:30.3637090Z [1m[92m   Compiling[0m png v0.17.16
2026-10-07T23:46:30.4179826Z [1m[92m   Compiling[0m foldhash v0.1.5
2026-10-07T23:46:30.5349912Z [1m[92m   Compiling[0m pollster v0.2.5
2026-10-07T23:46:30.6310323Z [1m[92m   Compiling[0m atomic v0.5.3
2026-10-07T23:46:30.7350326Z [1m[92m   Compiling[0m hashbrown v0.15.5
2026-10-07T23:46:31.1560075Z [1m[92m   Compiling[0m tiny-skia v0.11.4
2026-10-07T23:46:31.1970290Z [1m[92m   Compiling[0m rgb v0.8.52
2026-10-07T23:46:31.4297868Z [1m[92m   Compiling[0m sharded-slab v0.1.7
2026-10-07T23:46:31.8259973Z [1m[92m   Compiling[0m tracing-serde v0.2.0
2026-10-07T23:46:31.9210900Z [1m[92m   Compiling[0m matchers v0.2.0
2026-10-07T23:46:31.9960089Z [1m[92m   Compiling[0m float_next_after v1.0.0
2026-10-07T23:46:32.0507245Z [1m[92m   Compiling[0m link-section v0.19.2
2026-10-07T23:46:32.2854856Z [1m[92m   Compiling[0m linktime-proc-macro v0.2.2
2026-10-07T23:46:32.5650069Z [1m[92m   Compiling[0m web-time v1.1.0
2026-10-07T23:46:32.6120115Z [1m[92m   Compiling[0m lyon_tessellation v1.0.16
2026-10-07T23:46:32.7530224Z [1m[92m   Compiling[0m ctor v1.0.12
2026-10-07T23:46:32.8500010Z [1m[92m   Compiling[0m tracing-subscriber v0.3.22
2026-10-07T23:46:33.2679992Z [1m[92m   Compiling[0m lyon_algorithms v1.0.16
2026-10-07T23:46:33.6039916Z [1m[92m   Compiling[0m lyon_extra v1.0.3
2026-10-07T23:46:33.7738843Z [1m[92m   Compiling[0m futures-concurrency v7.7.1
2026-10-07T23:46:34.5722561Z [1m[92m   Compiling[0m derive_refineable v0.1.0 (/home/runner/work/koda/koda/crates/refineable/derive_refineable)
2026-10-07T23:46:35.6870444Z [1m[92m   Compiling[0m svg_fmt v0.4.5
2026-10-07T23:46:35.8418346Z [1m[92m   Compiling[0m seahash v4.1.0
2026-10-07T23:46:35.9426980Z [1m[92m   Compiling[0m etagere v0.2.15
2026-10-07T23:46:36.1459908Z [1m[92m   Compiling[0m lyon v1.0.16
2026-10-07T23:46:36.1890000Z [1m[92m   Compiling[0m taffy v0.13.0
2026-10-07T23:46:36.7040014Z [1m[92m   Compiling[0m async-attributes v1.1.2
2026-10-07T23:46:36.9719947Z [1m[92m   Compiling[0m async-std v1.13.2
2026-10-07T23:46:37.4490248Z [1m[92m   Compiling[0m zlog v0.1.0 (/home/runner/work/koda/koda/crates/zlog)
2026-10-07T23:46:37.8609929Z [1m[92m   Compiling[0m hdrhistogram v7.5.4
2026-10-07T23:46:38.0170786Z [1m[92m   Compiling[0m async-tar v0.6.1 (https://github.com/zed-industries/async-tar?rev=bd3ad6f89df9a9da7a8535958756d6bf465936a0#bd3ad6f8)
2026-10-07T23:46:38.5140337Z [1m[92m   Compiling[0m http_client v0.1.0 (/home/runner/work/koda/koda/crates/http_client)
2026-10-07T23:46:38.5820301Z [1m[92m   Compiling[0m gpui_macros v0.1.0 (/home/runner/work/koda/koda/crates/gpui_macros)
2026-10-07T23:46:38.6219991Z [1m[92m   Compiling[0m num_cpus v1.17.0
2026-10-07T23:46:38.8399961Z [1m[92m   Compiling[0m inventory v0.3.21
2026-10-07T23:46:39.4390573Z [1m[92m   Compiling[0m socket2 v0.6.5
2026-10-07T23:46:39.9970016Z [1m[92m   Compiling[0m ar_archive_writer v0.5.1
2026-10-07T23:46:40.6269964Z [1m[92m   Compiling[0m psm v0.1.30
2026-10-07T23:46:40.9070258Z [1m[92m   Compiling[0m sum_tree v0.1.0 (/home/runner/work/koda/koda/crates/sum_tree)
2026-10-07T23:46:41.2050019Z [1m[92m   Compiling[0m rusty-fork v0.3.1
2026-10-07T23:46:41.4464595Z [1m[92m   Compiling[0m tinytemplate v1.2.1
2026-10-07T23:46:41.5930212Z [1m[92m   Compiling[0m refineable v0.1.0 (/home/runner/work/koda/koda/crates/refineable)
2026-10-07T23:46:41.6629924Z [1m[92m   Compiling[0m x11 v2.21.0
2026-10-07T23:46:41.7787949Z [1m[92m   Compiling[0m quick-xml v0.30.0
2026-10-07T23:46:41.8164779Z [1m[92m   Compiling[0m criterion v0.8.2
2026-10-07T23:46:42.2939954Z [1m[92m   Compiling[0m xcb v1.6.0
2026-10-07T23:46:42.9267387Z [1m[92m   Compiling[0m backtrace v0.3.76
2026-10-07T23:46:43.7940519Z [1m[92m   Compiling[0m proptest v1.10.0 (https://github.com/proptest-rs/proptest?rev=3dca198a8fef1b32e3a66f1e1897c955b4dc5b5b#3dca198a)
2026-10-07T23:46:44.6009803Z [1m[92m   Compiling[0m perf-event-data v0.1.8
2026-10-07T23:46:45.3770134Z [1m[92m   Compiling[0m spin v0.10.0
2026-10-07T23:46:45.5090141Z [1m[92m   Compiling[0m stacker v0.1.25
2026-10-07T23:46:45.6789969Z [1m[92m   Compiling[0m perf-event2 v0.7.4
2026-10-07T23:46:46.4659949Z [1m[92m   Compiling[0m rustybuzz v0.20.1
2026-10-07T23:46:46.6553824Z [1m[92m   Compiling[0m embed-resource v3.0.6
2026-10-07T23:46:46.7729767Z [1m[92m   Compiling[0m flume v0.12.0
2026-10-07T23:46:46.8780288Z [1m[92m   Compiling[0m gpui v0.2.2 (/home/runner/work/koda/koda/crates/gpui)
2026-10-07T23:46:47.2049918Z [1m[92m   Compiling[0m postage v0.5.0
2026-10-07T23:46:47.5449972Z [1m[92m   Compiling[0m exr v1.74.0
2026-10-07T23:46:48.5850230Z [1m[92m   Compiling[0m usvg v0.46.0
2026-10-07T23:46:49.9789884Z [1m[92m   Compiling[0m png v0.18.0
2026-10-07T23:46:50.4589967Z [1m[92m   Compiling[0m sysinfo v0.31.4
2026-10-07T23:46:50.7890528Z [1m[92m   Compiling[0m stacksafe-macro v1.0.3
2026-10-07T23:46:50.8600229Z [1m[92m   Compiling[0m image v0.25.10
2026-10-07T23:46:51.0510157Z [1m[92m   Compiling[0m stacksafe v1.0.3
2026-10-07T23:46:51.1430579Z [1m[92m   Compiling[0m zed-scap v0.0.8-zed (https://github.com/zed-industries/scap?rev=4afea48c3b002197176fb19cd0f9b180dd36eaac#4afea48c)
2026-10-07T23:46:51.5400048Z [1m[92m   Compiling[0m resvg v0.46.0
2026-10-07T23:46:51.5740732Z [1m[92m   Compiling[0m scheduler v0.1.0 (/home/runner/work/koda/koda/crates/scheduler)
2026-10-07T23:46:52.1529990Z [1m[92m   Compiling[0m bench_metrics v0.1.0 (/home/runner/work/koda/koda/crates/bench_metrics)
2026-10-07T23:46:52.7921003Z [1m[92m   Compiling[0m encoding_rs v0.8.35
2026-10-07T23:46:53.9380019Z [1m[92m   Compiling[0m cmake v0.1.56
2026-10-07T23:46:54.2172303Z [1m[92m   Compiling[0m fs_extra v1.3.0
2026-10-07T23:46:54.4379710Z [1m[92m   Compiling[0m aws-lc-sys v0.42.0
2026-10-07T23:46:56.4929960Z [1m[92m   Compiling[0m tokio-macros v2.7.0
2026-10-07T23:46:56.9460457Z [1m[92m   Compiling[0m tokio v1.52.1
2026-10-07T23:46:58.3130117Z [1m[92m   Compiling[0m async-trait v0.1.89
2026-10-07T23:46:59.0280086Z [1m[92m   Compiling[0m httparse v1.10.1
2026-10-07T23:46:59.2825738Z [1m[92m   Compiling[0m ring v0.17.14
2026-10-07T23:47:01.3970794Z [1m[92m   Compiling[0m rustls-pki-types v1.12.0
2026-10-07T23:47:01.7304458Z [1m[92m   Compiling[0m untrusted v0.9.0
2026-10-07T23:47:01.7816143Z [1m[92m   Compiling[0m rustls v0.23.40
2026-10-07T23:47:01.8494155Z [1m[92m   Compiling[0m num-integer v0.1.46
2026-10-07T23:47:02.0565915Z [1m[92m   Compiling[0m num-conv v0.2.0
2026-10-07T23:47:02.1231584Z [1m[92m   Compiling[0m time-core v0.1.8
2026-10-07T23:47:02.2127951Z [1m[92m   Compiling[0m powerfmt v0.2.0
2026-10-07T23:47:02.3470066Z [1m[92m   Compiling[0m deranged v0.5.4
2026-10-07T23:47:03.1918094Z [1m[92m   Compiling[0m time-macros v0.2.27
2026-10-07T23:47:04.0089341Z [1m[92m   Compiling[0m num_threads v0.1.7
2026-10-07T23:47:04.1020532Z [1m[92m   Compiling[0m time v0.3.47
2026-10-07T23:47:04.4150722Z [1m[92m   Compiling[0m tower-service v0.3.3
2026-10-07T23:47:04.4620375Z [1m[92m   Compiling[0m aws-lc-rs v1.17.1
2026-10-07T23:47:04.7679327Z [1m[92m   Compiling[0m ipnet v2.11.0
2026-10-07T23:47:05.0860375Z [1m[92m   Compiling[0m untrusted v0.7.1
2026-10-07T23:47:05.1570429Z [1m[92m   Compiling[0m try-lock v0.2.5
2026-10-07T23:47:05.2119997Z [1m[92m   Compiling[0m want v0.3.1
2026-10-07T23:47:05.7702629Z [1m[92m   Compiling[0m http-body-util v0.1.3
2026-10-07T23:47:06.6687276Z [1m[92m   Compiling[0m openssl-probe v0.2.1
2026-10-07T23:47:06.7779916Z [1m[92m   Compiling[0m hex v0.4.3
2026-10-07T23:47:06.9625824Z [1m[92m   Compiling[0m tree-sitter-language v0.1.8 (https://github.com/tree-sitter/tree-sitter?rev=43623ec9bf0eaaf7113285c46e8a09018f181b18#43623ec9)
2026-10-07T23:47:07.2510530Z [1m[92m   Compiling[0m rustls-native-certs v0.8.3
2026-10-07T23:47:07.4395032Z [1m[92m   Compiling[0m tokio-util v0.7.18
2026-10-07T23:47:08.0794152Z [1m[92m   Compiling[0m termcolor v1.4.1
2026-10-07T23:47:08.3028813Z [1m[92m   Compiling[0m imara-diff v0.2.0
2026-10-07T23:47:08.6570374Z [1m[92m   Compiling[0m zeta_prompt v0.1.0 (/home/runner/work/koda/koda/crates/zeta_prompt)
2026-10-07T23:47:09.7523028Z [1m[92m   Compiling[0m tower-layer v0.3.3
2026-10-07T23:47:09.8503196Z [1m[92m   Compiling[0m cloud_llm_client v0.1.0 (/home/runner/work/koda/koda/crates/cloud_llm_client)
2026-10-07T23:47:10.0139903Z [1m[92m   Compiling[0m num-iter v0.1.45
2026-10-07T23:47:10.0799359Z [1m[92m   Compiling[0m sync_wrapper v1.0.2
2026-10-07T23:47:10.1379938Z [1m[92m   Compiling[0m h2 v0.4.19
2026-10-07T23:47:10.4255999Z [1m[92m   Compiling[0m phf_shared v0.13.1
2026-10-07T23:47:10.6310047Z [1m[92m   Compiling[0m phf_generator v0.13.1
2026-10-07T23:47:10.7656013Z [1m[92m   Compiling[0m prettyplease v0.2.37
2026-10-07T23:47:10.8857496Z [1m[92m   Compiling[0m prost-derive v0.14.4
2026-10-07T23:47:11.9600650Z [1m[92m   Compiling[0m wasmtime-internal-core v48.0.1
2026-10-07T23:47:12.0745713Z [1m[92m   Compiling[0m prost v0.14.4
2026-10-07T23:47:12.4982628Z [1m[92m   Compiling[0m target-lexicon v0.13.5
2026-10-07T23:47:12.8363189Z [1m[92m   Compiling[0m prost-types v0.14.4
2026-10-07T23:47:13.0770067Z [1m[92m   Compiling[0m hyper v1.11.1
2026-10-07T23:47:13.6785838Z [1m[92m   Compiling[0m cranelift-srcgen v0.135.1
2026-10-07T23:47:13.8940529Z [1m[92m   Compiling[0m hyper-util v0.1.17
2026-10-07T23:47:14.1180079Z [1m[92m   Compiling[0m cranelift-assembler-x64-meta v0.135.1
2026-10-07T23:47:14.4108052Z [1m[92m   Compiling[0m partial-json-fixer v0.5.3
2026-10-07T23:47:15.0219983Z [1m[92m   Compiling[0m cranelift-bitset v0.135.1
2026-10-07T23:47:15.0970083Z [1m[92m   Compiling[0m pulley-macros v48.0.1
2026-10-07T23:47:15.1750105Z [1m[92m   Compiling[0m leb128fmt v0.1.0
2026-10-07T23:47:15.3130339Z [1m[92m   Compiling[0m language_model_core v0.1.0 (/home/runner/work/koda/koda/crates/language_model_core)
2026-10-07T23:47:15.4157450Z [1m[92m   Compiling[0m cranelift-isle v0.135.1
2026-10-07T23:47:15.5740191Z [1m[92m   Compiling[0m pulley-interpreter v48.0.1
2026-10-07T23:47:15.6427217Z [1m[92m   Compiling[0m cranelift-entity v0.135.1
2026-10-07T23:47:15.9020939Z [1m[92m   Compiling[0m phf_macros v0.13.1
2026-10-07T23:47:16.3230132Z [1m[92m   Compiling[0m petgraph v0.8.3
2026-10-07T23:47:16.4200184Z [1m[92m   Compiling[0m cobs v0.3.0
2026-10-07T23:47:16.5414802Z [1m[92m   Compiling[0m cranelift-codegen-shared v0.135.1
2026-10-07T23:47:16.6027993Z [1m[92m   Compiling[0m multimap v0.8.3
2026-10-07T23:47:16.6790216Z [1m[92m   Compiling[0m postcard v1.1.3
2026-10-07T23:47:16.9129915Z [1m[92m   Compiling[0m phf v0.13.1
2026-10-07T23:47:17.0040283Z [1m[92m   Compiling[0m cranelift-bforest v0.135.1
2026-10-07T23:47:17.2120328Z [1m[92m   Compiling[0m cranelift-assembler-x64 v0.135.1
2026-10-07T23:47:17.4779799Z [1m[92m   Compiling[0m prost-build v0.14.4
2026-10-07T23:47:18.1791693Z [1m[92m   Compiling[0m gimli v0.33.0
2026-10-07T23:47:19.7537450Z [1m[92m   Compiling[0m wasmparser v0.254.0
2026-10-07T23:47:20.7730989Z [1m[92m   Compiling[0m cranelift-codegen-meta v0.135.1
2026-10-07T23:47:21.5310070Z [1m[92m   Compiling[0m logos-codegen v0.15.1
2026-10-07T23:47:21.6530335Z [1m[92m   Compiling[0m wasmtime-internal-versioned-export-macros v48.0.1
2026-10-07T23:47:21.9330087Z [1m[92m   Compiling[0m bumpalo v3.20.3
2026-10-07T23:47:22.1329082Z [1m[92m   Compiling[0m unicode-width v0.2.2
2026-10-07T23:47:22.3119987Z [1m[92m   Compiling[0m arbitrary v1.4.2
2026-10-07T23:47:22.9932227Z [1m[92m   Compiling[0m cpp_demangle v0.5.1
2026-10-07T23:47:23.2451909Z [1m[92m   Compiling[0m cranelift-codegen v0.135.1
2026-10-07T23:47:23.2559712Z [1m[92m   Compiling[0m object v0.39.1
2026-10-07T23:47:23.4509927Z [1m[92m   Compiling[0m cranelift-control v0.135.1
2026-10-07T23:47:23.5110096Z [1m[92m   Compiling[0m regalloc2 v0.15.2
2026-10-07T23:47:31.7522235Z [1m[92m   Compiling[0m beef v0.5.2
2026-10-07T23:47:31.8335404Z [1m[92m   Compiling[0m wasmtime-internal-component-util v48.0.1
2026-10-07T23:47:31.8929966Z [1m[92m   Compiling[0m mime v0.3.17
2026-10-07T23:47:33.2832927Z [1m[92m   Compiling[0m wasm-encoder v0.254.0
2026-10-07T23:47:34.7070074Z [1m[92m   Compiling[0m wasmprinter v0.254.0
2026-10-07T23:47:38.4250439Z [1m[92m   Compiling[0m miette-derive v7.6.0
2026-10-07T23:47:39.2340233Z [1m[92m   Compiling[0m logos-codegen v0.16.1
2026-10-07T23:47:39.7787713Z [1m[92m   Compiling[0m id-arena v2.3.0
2026-10-07T23:47:39.8545251Z [1m[92m   Compiling[0m unicode-width v0.1.14
2026-10-07T23:47:40.0230021Z [1m[92m   Compiling[0m miette v7.6.0
2026-10-07T23:47:40.4220830Z [1m[92m   Compiling[0m logos-derive v0.16.1
2026-10-07T23:47:40.4984948Z [1m[92m   Compiling[0m wit-parser v0.254.0
2026-10-07T23:47:40.6139780Z [1m[92m   Compiling[0m wasmtime-environ v48.0.1
2026-10-07T23:47:44.2031755Z [1m[92m   Compiling[0m wasm-metadata v0.254.0
2026-10-07T23:47:44.4730552Z [1m[92m   Compiling[0m logos-derive v0.15.1
2026-10-07T23:47:44.6539291Z [1m[92m   Compiling[0m wasmtime-internal-unwinder v48.0.1
2026-10-07T23:47:44.8019933Z [1m[92m   Compiling[0m logos v0.15.1
2026-10-07T23:47:44.8945731Z [1m[92m   Compiling[0m wit-component v0.254.0
2026-10-07T23:47:48.1218174Z [1m[92m   Compiling[0m logos v0.16.1
2026-10-07T23:47:48.2060566Z [1m[92m   Compiling[0m wasmtime-internal-fiber v48.0.1
2026-10-07T23:47:48.3400158Z [1m[92m   Compiling[0m wasmtime-internal-component-macro v48.0.1
2026-10-07T23:47:48.4479109Z [1m[92m   Compiling[0m wasmtime-internal-cranelift v48.0.1
2026-10-07T23:47:48.6580880Z [1m[92m   Compiling[0m prost-reflect v0.16.5
2026-10-07T23:47:52.0673042Z [1m[92m   Compiling[0m cranelift-frontend v0.135.1
2026-10-07T23:47:52.8250107Z [1m[92m   Compiling[0m cranelift-native v0.135.1
2026-10-07T23:47:52.9247969Z [1m[92m   Compiling[0m wasmtime-internal-wit-bindgen v48.0.1
2026-10-07T23:47:54.0530531Z [1m[92m   Compiling[0m protox-parse v0.9.0
2026-10-07T23:47:55.0630259Z [1m[92m   Compiling[0m wasmtime v48.0.1
2026-10-07T23:47:55.6419782Z [1m[92m   Compiling[0m protox v0.9.1
2026-10-07T23:48:10.1749987Z [1m[92m   Compiling[0m rustls-webpki v0.103.13
2026-10-07T23:48:11.8352629Z [1m[92m   Compiling[0m wasmtime-internal-jit-icache-coherence v48.0.1
2026-10-07T23:48:11.8890111Z [1m[92m   Compiling[0m const_format_proc_macros v0.2.34
2026-10-07T23:48:12.4700044Z [1m[92m   Compiling[0m memfd v0.6.5
2026-10-07T23:48:12.6249884Z [1m[92m   Compiling[0m block-padding v0.3.3
2026-10-07T23:48:12.6900073Z [1m[92m   Compiling[0m wasmtime-c-api-impl v48.0.1
2026-10-07T23:48:13.0509903Z [1m[92m   Compiling[0m inout v0.1.4
2026-10-07T23:48:15.5493521Z [1m[92m   Compiling[0m tokio-rustls v0.26.4
2026-10-07T23:48:15.7160032Z [1m[92m   Compiling[0m const_format v0.2.35
2026-10-07T23:48:15.9470274Z [1m[92m   Compiling[0m ignore v0.4.24
2026-10-07T23:48:16.9450767Z [1m[92m   Compiling[0m paths v0.1.0 (/home/runner/work/koda/koda/crates/paths)
2026-10-07T23:48:17.0724820Z [1m[92m   Compiling[0m cipher v0.4.4
2026-10-07T23:48:17.2231039Z [1m[92m   Compiling[0m tree-sitter v0.27.0 (https://github.com/tree-sitter/tree-sitter?rev=43623ec9bf0eaaf7113285c46e8a09018f181b18#43623ec9)
2026-10-07T23:48:23.4860099Z [1m[92m   Compiling[0m serde_path_to_error v0.1.20
2026-10-07T23:48:23.7810200Z [1m[92m   Compiling[0m wasmtime-internal-c-api-macros v48.0.1
2026-10-07T23:48:26.1727053Z [1m[92m   Compiling[0m aes v0.8.4
2026-10-07T23:48:26.8130128Z [1m[92m   Compiling[0m streaming-iterator v0.1.9
2026-10-07T23:48:28.7540042Z [1m[92m   Compiling[0m proto v0.1.0 (/home/runner/work/koda/koda/crates/proto)
2026-10-07T23:48:29.1030344Z [1m[92m   Compiling[0m release_channel v0.1.0 (/home/runner/work/koda/koda/crates/release_channel)
2026-10-07T23:48:29.5119946Z [1m[92m   Compiling[0m rope v0.1.0 (/home/runner/work/koda/koda/crates/rope)
2026-10-07T23:48:29.5969975Z [1m[92m   Compiling[0m urlencoding v2.1.3
2026-10-07T23:48:29.7260441Z [1m[92m   Compiling[0m telemetry_events v0.1.0 (/home/runner/work/koda/koda/crates/telemetry_events)
2026-10-07T23:48:30.7040047Z [1m[92m   Compiling[0m net v0.1.0 (/home/runner/work/koda/koda/crates/net)
2026-10-07T23:48:30.7620223Z [1m[92m   Compiling[0m clock v0.1.0 (/home/runner/work/koda/koda/crates/clock)
2026-10-07T23:48:30.9490512Z [1m[92m   Compiling[0m tree-sitter-json v0.24.8
2026-10-07T23:48:31.3415559Z [1m[92m   Compiling[0m inotify-sys v0.1.5
2026-10-07T23:48:31.4520199Z [1m[92m   Compiling[0m text v0.1.0 (/home/runner/work/koda/koda/crates/text)
2026-10-07T23:48:33.4719981Z [1m[92m   Compiling[0m askpass v0.1.0 (/home/runner/work/koda/koda/crates/askpass)
2026-10-07T23:48:33.9094902Z [1m[92m   Compiling[0m webpki-roots v1.0.8
2026-10-07T23:48:33.9770126Z [1m[92m   Compiling[0m rustls-platform-verifier v0.7.0
2026-10-07T23:48:34.1230899Z [1m[92m   Compiling[0m http_client_tls v0.1.0 (/home/runner/work/koda/koda/crates/http_client_tls)
2026-10-07T23:48:34.2430016Z [1m[92m   Compiling[0m rustls-pemfile v2.2.0
2026-10-07T23:48:34.3910671Z [1m[92m   Compiling[0m settings_json v0.1.0 (/home/runner/work/koda/koda/crates/settings_json)
2026-10-07T23:48:34.7639597Z [1m[92m   Compiling[0m telemetry v0.1.0 (/home/runner/work/koda/koda/crates/telemetry)
2026-10-07T23:48:34.8640261Z [1m[92m   Compiling[0m settings_macros v0.1.0 (/home/runner/work/koda/koda/crates/settings_macros)
2026-10-07T23:48:38.2369988Z [1m[92m   Compiling[0m zstd-safe v5.0.2+zstd.1.5.2
2026-10-07T23:48:38.3758188Z [1m[92m   Compiling[0m inotify v0.11.0
2026-10-07T23:48:38.6890500Z [1m[92m   Compiling[0m notify-types v2.1.0 (https://github.com/zed-industries/notify?rev=d842f16b2716bd60f09caf3ae3a894237ab38f54#d842f16b)
2026-10-07T23:48:38.9190202Z [1m[92m   Compiling[0m xxhash-rust v0.8.15
2026-10-07T23:48:39.1161049Z [1m[92m   Compiling[0m notify v9.0.0-rc.4 (https://github.com/zed-industries/notify?rev=d842f16b2716bd60f09caf3ae3a894237ab38f54#d842f16b)
2026-10-07T23:48:40.0730270Z [1m[92m   Compiling[0m settings_content v0.1.0 (/home/runner/work/koda/koda/crates/settings_content)
2026-10-07T23:48:51.7490274Z [1m[92m   Compiling[0m git v0.1.0 (/home/runner/work/koda/koda/crates/git)
2026-10-07T23:48:55.8408135Z [1m[92m   Compiling[0m trash v5.2.5 (https://github.com/zed-industries/trash-rs?rev=41c6c800d884a89351f3b8856d12894cccee261d#41c6c800)
2026-10-07T23:48:56.3659878Z [1m[92m   Compiling[0m is_executable v1.0.5
2026-10-07T23:48:56.4380181Z [1m[92m   Compiling[0m fs v0.1.0 (/home/runner/work/koda/koda/crates/fs)
2026-10-07T23:49:01.4340448Z [1m[92m   Compiling[0m zstd v0.11.2+zstd.1.5.2
2026-10-07T23:49:02.0809953Z [1m[92m   Compiling[0m sha1 v0.10.6
2026-10-07T23:49:02.2479784Z [1m[92m   Compiling[0m palette v0.7.6
2026-10-07T23:49:02.3710016Z [1m[92m   Compiling[0m by_address v1.2.1
2026-10-07T23:49:02.4268393Z [1m[92m   Compiling[0m palette_derive v0.7.6
2026-10-07T23:49:03.1600015Z [1m[92m   Compiling[0m fast-srgb8 v1.0.0
2026-10-07T23:49:03.2210061Z [1m[92m   Compiling[0m unicode-linebreak v0.1.5
2026-10-07T23:49:04.0470240Z [1m[92m   Compiling[0m migrator v0.1.0 (/home/runner/work/koda/koda/crates/migrator)
2026-10-07T23:49:05.4080057Z [1m[92m   Compiling[0m rustversion v1.0.22
2026-10-07T23:49:05.6079785Z [1m[92m   Compiling[0m ec4rs v1.2.0
2026-10-07T23:49:06.0750115Z [1m[92m   Compiling[0m base64ct v1.8.0
2026-10-07T23:49:07.7674999Z [1m[92m   Compiling[0m settings v0.1.0 (/home/runner/work/koda/koda/crates/settings)
2026-10-07T23:49:09.5199915Z [1m[92m   Compiling[0m data-encoding v2.9.0
2026-10-07T23:49:10.2719685Z [1m[92m   Compiling[0m utf-8 v0.7.6
2026-10-07T23:49:10.6420544Z [1m[92m   Compiling[0m syntax_theme v0.1.0 (/home/runner/work/koda/koda/crates/syntax_theme)
2026-10-07T23:49:11.0150448Z [1m[92m   Compiling[0m theme v0.1.0 (/home/runner/work/koda/koda/crates/theme)
2026-10-07T23:49:11.0674078Z [1m[92m   Compiling[0m signature v2.2.0
2026-10-07T23:49:11.1472348Z [1m[92m   Compiling[0m serde_spanned v0.6.9
2026-10-07T23:49:11.2300036Z [1m[92m   Compiling[0m toml_datetime v0.6.11
2026-10-07T23:49:11.4089930Z [1m[92m   Compiling[0m toml_write v0.1.2
2026-10-07T23:49:11.5421865Z [1m[92m   Compiling[0m tungstenite v0.28.0
2026-10-07T23:49:12.2901625Z [1m[92m   Compiling[0m yansi v1.0.1
2026-10-07T23:49:12.5373521Z [1m[92m   Compiling[0m pem-rfc7468 v0.7.0
2026-10-07T23:49:12.7420045Z [1m[92m   Compiling[0m der v0.7.10
2026-10-07T23:49:13.1519948Z [1m[92m   Compiling[0m toml_edit v0.22.27
2026-10-07T23:49:13.8997567Z [1m[92m   Compiling[0m spki v0.7.3
2026-10-07T23:49:14.0590056Z [1m[92m   Compiling[0m arc-swap v1.9.0
2026-10-07T23:49:14.2600138Z [1m[92m   Compiling[0m num-bigint-dig v0.8.6
2026-10-07T23:49:14.3759782Z [1m[92m   Compiling[0m pkcs8 v0.10.2
2026-10-07T23:49:14.5752498Z [1m[92m   Compiling[0m toml v0.8.23
2026-10-07T23:49:15.0580313Z [1m[92m   Compiling[0m pkcs1 v0.7.5
2026-10-07T23:49:16.3355117Z [1m[92m   Compiling[0m async-tungstenite v0.33.0
2026-10-07T23:49:16.6489815Z [1m[92m   Compiling[0m rsa v0.9.10
2026-10-07T23:49:16.7044355Z [1m[92m   Compiling[0m lru v0.16.4
2026-10-07T23:49:16.8210042Z [1m[92m   Compiling[0m shellexpand v3.1.1
2026-10-07T23:49:16.9430060Z [1m[92m   Compiling[0m diff v0.1.13
2026-10-07T23:49:17.1350178Z [1m[92m   Compiling[0m pretty_assertions v1.4.1
2026-10-07T23:49:17.1770076Z [1m[92m   Compiling[0m rpc v0.1.0 (/home/runner/work/koda/koda/crates/rpc)
2026-10-07T23:49:17.2955195Z [1m[92m   Compiling[0m zed_actions v0.1.0 (/home/runner/work/koda/koda/crates/zed_actions)
2026-10-07T23:49:18.7680150Z [1m[92m   Compiling[0m watch v0.1.0 (/home/runner/work/koda/koda/crates/watch)
2026-10-07T23:49:18.8749957Z [1m[92m   Compiling[0m task v0.1.0 (/home/runner/work/koda/koda/crates/task)
2026-10-07T23:49:19.5360018Z [1m[92m   Compiling[0m nucleo-matcher v0.3.1
2026-10-07T23:49:20.1216197Z [1m[92m   Compiling[0m hmac v0.12.1
2026-10-07T23:49:20.2033931Z [1m[92m   Compiling[0m tree-sitter-jsdoc v0.23.2
2026-10-07T23:49:20.3551152Z [1m[92m   Compiling[0m tree-sitter-typescript v0.23.2 (https://github.com/zed-industries/tree-sitter-typescript?rev=e2c53597d6a5d9cf7bbe8dccde576fe1e46c5899#e2c53597)
2026-10-07T23:49:20.3669659Z [1m[92m   Compiling[0m tree-sitter-diff v0.1.0
2026-10-07T23:49:20.4807617Z [1m[92m   Compiling[0m tree-sitter-bash v0.25.1
2026-10-07T23:49:20.4922730Z [1m[92m   Compiling[0m tree-sitter-md v0.3.2 (https://github.com/zed-industries/tree-sitter-markdown?rev=b596e737286780d7bfa9fcddceaeeb754574b352#b596e737)
2026-10-07T23:49:20.6092425Z [1m[92m   Compiling[0m tree-sitter-c v0.24.1
2026-10-07T23:49:20.6099372Z [1m[92m   Compiling[0m tree-sitter-python v0.25.0
2026-10-07T23:49:20.7381246Z [1m[92m   Compiling[0m tree-sitter-gitcommit v0.0.1 (https://github.com/zed-industries/tree-sitter-git-commit?rev=88309716a69dd13ab83443721ba6e0b491d37ee9#88309716)
2026-10-07T23:49:20.7479728Z [1m[92m   Compiling[0m tree-sitter-regex v0.24.3
2026-10-07T23:49:20.8670011Z [1m[92m   Compiling[0m tree-sitter-go v0.25.0
2026-10-07T23:49:20.8810208Z [1m[92m   Compiling[0m tree-sitter-cpp v0.23.4 (https://github.com/tree-sitter/tree-sitter-cpp?rev=5cb9b693cfd7bfacab1d9ff4acac1a4150700609#5cb9b693)
2026-10-07T23:49:20.9920386Z [1m[92m   Compiling[0m tree-sitter-gowork v0.0.1 (https://github.com/zed-industries/tree-sitter-go-work?rev=acb0617bf7f4fda02c6217676cc64acb89536dc7#acb0617b)
2026-10-07T23:49:21.0190177Z [1m[92m   Compiling[0m tree-sitter-css v0.23.2
2026-10-07T23:49:21.1257479Z [1m[92m   Compiling[0m tree-sitter-yaml v0.6.1 (https://github.com/zed-industries/tree-sitter-yaml?rev=baff0b51c64ef6a1fb1f8390f3ad6015b83ec13a#baff0b51)
2026-10-07T23:49:21.1409811Z [1m[92m   Compiling[0m tree-sitter-rust v0.24.2
2026-10-07T23:49:21.2483030Z [1m[92m   Compiling[0m tree-sitter-gomod v1.1.1 (https://github.com/camdencheek/tree-sitter-go-mod?rev=2e886870578eeba1927a2dc4bd2e2b3f598c5f9a#2e886870)
2026-10-07T23:49:21.2660081Z [1m[92m   Compiling[0m httpdate v1.0.3
2026-10-07T23:49:28.1149888Z [1m[92m   Compiling[0m nucleo v0.5.0
2026-10-07T23:49:28.3466325Z [1m[92m   Compiling[0m fuzzy v0.1.0 (/home/runner/work/koda/koda/crates/fuzzy)
2026-10-07T23:49:28.4711174Z [1m[92m   Compiling[0m lsp-types v0.95.1 (https://github.com/zed-industries/lsp-types?rev=f1783e63a7f4eb4397bf51d4148b4895a1f7ab16#f1783e63)
2026-10-07T23:49:28.7697161Z [1m[92m   Compiling[0m async-pipe v0.1.3 (https://github.com/zed-industries/async-pipe-rs?rev=82d00a04211cf4e1236029aa03e6b6ce2a74c553#82d00a04)
2026-10-07T23:49:29.5580253Z [1m[92m   Compiling[0m language_core v0.1.0 (/home/runner/work/koda/koda/crates/language_core)
2026-10-07T23:49:31.4390317Z [1m[92m   Compiling[0m language v0.1.0 (/home/runner/work/koda/koda/crates/language)
2026-10-07T23:49:31.5622097Z [1m[92m   Compiling[0m grammars v0.1.0 (/home/runner/work/koda/koda/crates/grammars)
2026-10-07T23:49:31.5830652Z [1m[92m   Compiling[0m fuzzy_nucleo v0.1.0 (/home/runner/work/koda/koda/crates/fuzzy_nucleo)
2026-10-07T23:49:31.7949933Z [1m[92m   Compiling[0m chardetng v0.1.17
2026-10-07T23:49:32.0199841Z [1m[92m   Compiling[0m diffy v0.4.2
2026-10-07T23:49:32.6495839Z [1m[92m   Compiling[0m credentials_provider v0.1.0 (/home/runner/work/koda/koda/crates/credentials_provider)
2026-10-07T23:49:32.7404379Z [1m[92m   Compiling[0m bzip2-sys v0.1.13+1.0.8
2026-10-07T23:49:34.0550005Z [1m[92m   Compiling[0m tower v0.5.2
2026-10-07T23:49:34.6306877Z [1m[92m   Compiling[0m lsp v0.1.0 (/home/runner/work/koda/koda/crates/lsp)
2026-10-07T23:49:34.7825195Z [1m[92m   Compiling[0m password-hash v0.4.2
2026-10-07T23:49:35.1190098Z [1m[92m   Compiling[0m bzip2 v0.4.4
2026-10-07T23:49:35.2709899Z [1m[92m   Compiling[0m pbkdf2 v0.11.0
2026-10-07T23:49:35.4089990Z [1m[92m   Compiling[0m phf_codegen v0.13.1
2026-10-07T23:49:37.5269964Z [1m[92m   Compiling[0m chunked_transfer v1.5.0
2026-10-07T23:49:37.6170059Z [1m[92m   Compiling[0m ascii v1.1.0
2026-10-07T23:49:37.8900000Z [1m[92m   Compiling[0m hyper-rustls v0.27.9
2026-10-07T23:49:37.9049847Z [1m[92m   Compiling[0m constant_time_eq v0.1.5
2026-10-07T23:49:37.9649922Z [1m[92m   Compiling[0m zip v0.6.6
2026-10-07T23:49:38.1120057Z [1m[92m   Compiling[0m tiny_http v0.12.0
2026-10-07T23:49:38.3130038Z [1m[92m   Compiling[0m cloud_api_types v0.1.0 (/home/runner/work/koda/koda/crates/cloud_api_types)
2026-10-07T23:49:38.5306154Z [1m[92m   Compiling[0m gpui_tokio v0.1.0 (/home/runner/work/koda/koda/crates/gpui_tokio)
2026-10-07T23:49:38.7670526Z [1m[92m   Compiling[0m fs2 v0.4.3
2026-10-07T23:49:38.8310476Z [1m[92m   Compiling[0m icons v0.1.0 (/home/runner/work/koda/koda/crates/icons)
2026-10-07T23:49:38.8850414Z [1m[92m   Compiling[0m nom v8.0.0
2026-10-07T23:49:39.1560797Z [1m[92m   Compiling[0m worktree v0.1.0 (/home/runner/work/koda/koda/crates/worktree)
2026-10-07T23:49:39.2110067Z [1m[92m   Compiling[0m new_debug_unreachable v1.0.6
2026-10-07T23:49:39.2530310Z [1m[92m   Compiling[0m feature_flags_macros v0.1.0 (/home/runner/work/koda/koda/crates/feature_flags_macros)
2026-10-07T23:49:41.1660205Z [1m[92m   Compiling[0m yawc v0.4.2
2026-10-07T23:49:41.8990868Z [1m[92m   Compiling[0m cloud_api_client v0.1.0 (/home/runner/work/koda/koda/crates/cloud_api_client)
2026-10-07T23:49:42.1770716Z [1m[92m   Compiling[0m precomputed-hash v0.1.1
2026-10-07T23:49:42.2280347Z [1m[92m   Compiling[0m proxy_handshake v0.1.0 (/home/runner/work/koda/koda/crates/proxy_handshake)
2026-10-07T23:49:42.2830977Z [1m[92m   Compiling[0m feature_flags v0.1.0 (/home/runner/work/koda/koda/crates/feature_flags)
2026-10-07T23:49:42.4510612Z [1m[92m   Compiling[0m zed_credentials_provider v0.1.0 (/home/runner/work/koda/koda/crates/zed_credentials_provider)
2026-10-07T23:49:42.6132786Z [1m[92m   Compiling[0m mime_guess v2.0.5
2026-10-07T23:49:42.8327260Z [1m[92m   Compiling[0m client v0.1.0 (/home/runner/work/koda/koda/crates/client)
2026-10-07T23:49:42.8459939Z [1m[92m   Compiling[0m itertools v0.15.0
2026-10-07T23:49:42.8763272Z [1m[92m   Compiling[0m arraydeque v0.5.1
2026-10-07T23:49:43.2380068Z [1m[92m   Compiling[0m tokio-socks v0.5.2
2026-10-07T23:49:43.5740288Z [1m[92m   Compiling[0m dtoa v1.0.10
2026-10-07T23:49:43.6654011Z [1m[92m   Compiling[0m ucd-trie v0.1.7
2026-10-07T23:49:43.7270081Z [1m[92m   Compiling[0m dtoa-short v0.3.5
2026-10-07T23:49:43.8070764Z [1m[92m   Compiling[0m tar v0.4.46
2026-10-07T23:49:43.8549207Z [1m[92m   Compiling[0m zed-reqwest v0.12.15-zed (https://github.com/zed-industries/reqwest.git?rev=33bc764aa15ff7b200bf7c93bd96e24878d53e14#33bc764a)
2026-10-07T23:49:44.0722081Z [1m[92m   Compiling[0m node_runtime v0.1.0 (/home/runner/work/koda/koda/crates/node_runtime)
2026-10-07T23:49:44.4680052Z [1m[92m   Compiling[0m optfield v0.4.0
2026-10-07T23:49:44.9040070Z [1m[92m   Compiling[0m minimal-lexical v0.2.1
2026-10-07T23:49:45.0679000Z [1m[92m   Compiling[0m nom v7.1.3
2026-10-07T23:49:45.0963202Z [1m[92m   Compiling[0m documented-macros v0.10.0
2026-10-07T23:49:45.8790134Z [1m[92m   Compiling[0m string_cache_codegen v0.6.1
2026-10-07T23:49:46.2040066Z [1m[92m   Compiling[0m home v0.5.11
2026-10-07T23:49:46.2860227Z [1m[92m   Compiling[0m web_atoms v0.2.6
2026-10-07T23:49:46.3130211Z [1m[92m   Compiling[0m documented v0.10.0
2026-10-07T23:49:46.5093674Z [1m[92m   Compiling[0m ui v0.1.0 (/home/runner/work/koda/koda/crates/ui)
2026-10-07T23:49:46.6317065Z [1m[92m   Compiling[0m string_cache v0.9.0
2026-10-07T23:49:46.7798345Z [1m[92m   Compiling[0m dap-types v0.0.1 (https://github.com/zed-industries/dap-types?rev=1b461b310481d01e02b2603c16d7144b926339f8#1b461b31)
2026-10-07T23:49:46.8360128Z [1m[92m   Compiling[0m num-format v0.4.4
2026-10-07T23:49:46.8830153Z [1m[92m   Compiling[0m ui_macros v0.1.0 (/home/runner/work/koda/koda/crates/ui_macros)
2026-10-07T23:49:47.1782668Z [1m[92m   Compiling[0m android_tools v0.1.0 (/home/runner/work/koda/koda/crates/android_tools)
2026-10-07T23:49:47.2910058Z [1m[92m   Compiling[0m ordered-float v5.5.0
2026-10-07T23:49:47.7060215Z [1m[92m   Compiling[0m unicode-general-category v1.1.0
2026-10-07T23:49:48.7267386Z [1m[92m   Compiling[0m tendril v0.5.1
2026-10-07T23:49:48.9460064Z [1m[92m   Compiling[0m selectors v0.37.0
2026-10-07T23:49:49.1591592Z [1m[92m   Compiling[0m component v0.1.0 (/home/runner/work/koda/koda/crates/component)
2026-10-07T23:49:49.5520272Z [1m[92m   Compiling[0m theme_settings v0.1.0 (/home/runner/work/koda/koda/crates/theme_settings)
2026-10-07T23:49:49.8119997Z [1m[92m   Compiling[0m cssparser-macros v0.6.1
2026-10-07T23:49:49.9810023Z [1m[92m   Compiling[0m icu_locale_fallback_data v2.3.0
2026-10-07T23:49:50.1044764Z [1m[92m   Compiling[0m cssparser v0.36.0
2026-10-07T23:49:50.1116523Z [1m[92m   Compiling[0m dap v0.1.0 (/home/runner/work/koda/koda/crates/dap)
2026-10-07T23:49:50.6600140Z [1m[92m   Compiling[0m markup5ever v0.39.0
2026-10-07T23:49:50.9028009Z [1m[92m   Compiling[0m htmlize v1.1.0
2026-10-07T23:49:51.3189954Z [1m[92m   Compiling[0m menu v0.1.0 (/home/runner/work/koda/koda/crates/menu)
2026-10-07T23:49:51.4790081Z [1m[92m   Compiling[0m servo_arc v0.4.3
2026-10-07T23:49:51.5979887Z [1m[92m   Compiling[0m lalrpop-util v0.23.1
2026-10-07T23:49:51.6290504Z [1m[92m   Compiling[0m icu_collator_data v2.3.0
2026-10-07T23:49:51.9159872Z [1m[92m   Compiling[0m pastey v0.1.1
2026-10-07T23:49:52.2181366Z [1m[92m   Compiling[0m pulldown-cmark v0.13.4
2026-10-07T23:49:52.3053203Z [1m[92m   Compiling[0m vcpkg v0.2.15
2026-10-07T23:49:52.5204346Z [1m[92m   Compiling[0m lol_html v3.0.1
2026-10-07T23:49:52.7719960Z [1m[92m   Compiling[0m icu_locale_fallback v2.3.0
2026-10-07T23:49:53.0767965Z [1m[92m   Compiling[0m html5ever v0.39.0
2026-10-07T23:49:53.7210117Z [1m[92m   Compiling[0m json5 v1.3.1
2026-10-07T23:49:53.7501129Z [1m[92m   Compiling[0m granit-parser v1.0.0
2026-10-07T23:49:54.1159974Z [1m[92m   Compiling[0m dugong-graphlib v0.8.0-alpha.5
2026-10-07T23:49:54.3981629Z [1m[92m   Compiling[0m ryu-js v1.0.2
2026-10-07T23:49:54.5649638Z [1m[92m   Compiling[0m merman-core v0.8.0-alpha.5
2026-10-07T23:49:54.7659860Z [1m[92m   Compiling[0m dugong v0.8.0-alpha.5
2026-10-07T23:49:57.3860388Z [1m[92m   Compiling[0m icu_collator v2.3.0
2026-10-07T23:49:59.7150750Z [1m[92m   Compiling[0m oauth_callback_server v0.1.0 (/home/runner/work/koda/koda/crates/oauth_callback_server)
2026-10-07T23:49:59.9395900Z [1m[92m   Compiling[0m roughr-merman v0.12.3
2026-10-07T23:50:00.3240452Z [1m[92m   Compiling[0m manatee v0.8.0-alpha.5
2026-10-07T23:50:00.8323332Z [1m[92m   Compiling[0m quick-xml v0.41.0
2026-10-07T23:50:01.5860004Z [1m[92m   Compiling[0m indoc v2.0.6
2026-10-07T23:50:01.8440222Z [1m[92m   Compiling[0m extension v0.1.0 (/home/runner/work/koda/koda/crates/extension)
2026-10-07T23:50:01.9350504Z [1m[92m   Compiling[0m sysinfo v0.39.6
2026-10-07T23:50:03.0392447Z [1m[92m   Compiling[0m signal-hook v0.4.4
2026-10-07T23:50:03.1530493Z [1m[92m   Compiling[0m xml5ever v0.39.0
2026-10-07T23:50:03.2869858Z [1m[92m   Compiling[0m cursor-icon v1.2.0
2026-10-07T23:50:03.3499914Z [1m[92m   Compiling[0m vte v0.15.0
2026-10-07T23:50:03.5660737Z [1m[92m   Compiling[0m markup5ever_rcdom v0.39.0+unofficial
2026-10-07T23:50:03.8148708Z [1m[92m   Compiling[0m snippet v0.1.0 (/home/runner/work/koda/koda/crates/snippet)
2026-10-07T23:50:04.0174931Z [1m[92m   Compiling[0m rustix-openpty v0.2.0
2026-10-07T23:50:04.1030717Z [1m[92m   Compiling[0m alacritty_terminal v0.26.1-dev (https://github.com/zed-industries/alacritty?rev=4c129667ce56611becdc82de6e28218c80e2e88f#4c129667)
2026-10-07T23:50:04.1989434Z [1m[92m   Compiling[0m buffer_diff v0.1.0 (/home/runner/work/koda/koda/crates/buffer_diff)
2026-10-07T23:50:05.5619963Z [1m[92m   Compiling[0m fancy-regex v0.19.0
2026-10-07T23:50:05.7680126Z [1m[92m   Compiling[0m snippet_provider v0.1.0 (/home/runner/work/koda/koda/crates/snippet_provider)
2026-10-07T23:50:06.6160074Z [1m[92m   Compiling[0m merman-render v0.8.0-alpha.5
2026-10-07T23:50:06.7500385Z [1m[92m   Compiling[0m pori v0.0.0
2026-10-07T23:50:06.8410301Z [1m[92m   Compiling[0m env_var v0.1.0 (/home/runner/work/koda/koda/crates/env_var)
2026-10-07T23:50:06.9300821Z [1m[92m   Compiling[0m linkify v0.10.0
2026-10-07T23:50:07.0809701Z [1m[92m   Compiling[0m wax v0.7.0
2026-10-07T23:50:13.1540141Z [1m[92m   Compiling[0m terminal v0.1.0 (/home/runner/work/koda/koda/crates/terminal)
2026-10-07T23:50:14.1382003Z [1m[92m   Compiling[0m context_server v0.1.0 (/home/runner/work/koda/koda/crates/context_server)
2026-10-07T23:50:15.2690793Z [1m[92m   Compiling[0m prettier v0.1.0 (/home/runner/work/koda/koda/crates/prettier)
2026-10-07T23:50:15.8392776Z [1m[92m   Compiling[0m remote v0.1.0 (/home/runner/work/koda/koda/crates/remote)
2026-10-07T23:50:17.3120400Z [1m[92m   Compiling[0m git_hosting_providers v0.1.0 (/home/runner/work/koda/koda/crates/git_hosting_providers)
2026-10-07T23:50:18.5570044Z [1m[92m   Compiling[0m circular-buffer v1.2.0
2026-10-07T23:50:18.7120086Z [1m[92m   Compiling[0m libsqlite3-sys v0.30.1
2026-10-07T23:50:19.8870600Z [1m[92m   Compiling[0m language_model v0.1.0 (/home/runner/work/koda/koda/crates/language_model)
2026-10-07T23:50:21.9807041Z [1m[92m   Compiling[0m merman v0.8.0-alpha.5
2026-10-07T23:50:22.2631087Z [1m[92m   Compiling[0m mermaid_render v0.1.0 (/home/runner/work/koda/koda/crates/mermaid_render)
2026-10-07T23:50:22.7322798Z [1m[92m   Compiling[0m markdown v0.1.0 (/home/runner/work/koda/koda/crates/markdown)
2026-10-07T23:50:23.1570010Z [1m[92m   Compiling[0m unicode_categories v0.1.1
2026-10-07T23:50:23.2800078Z [1m[92m   Compiling[0m sqlformat v0.2.6
2026-10-07T23:50:26.0400116Z [1m[92m   Compiling[0m project v0.1.0 (/home/runner/work/koda/koda/crates/project)
2026-10-07T23:50:29.7838289Z [1m[92m   Compiling[0m sqlez v0.1.0 (/home/runner/work/koda/koda/crates/sqlez)
2026-10-07T23:50:30.4720410Z [1m[92m   Compiling[0m sqlez_macros v0.1.0 (/home/runner/work/koda/koda/crates/sqlez_macros)
2026-10-07T23:50:30.4910187Z [1m[92m   Compiling[0m zed_env_vars v0.1.0 (/home/runner/work/koda/koda/crates/zed_env_vars)
2026-10-07T23:50:30.5516093Z [1m[92m   Compiling[0m ui_input v0.1.0 (/home/runner/work/koda/koda/crates/ui_input)
2026-10-07T23:50:30.8070048Z [1m[92m   Compiling[0m db v0.1.0 (/home/runner/work/koda/koda/crates/db)
2026-10-07T23:50:30.8890390Z [1m[92m   Compiling[0m async-recursion v1.1.1
2026-10-07T23:50:31.3023927Z [1m[92m   Compiling[0m session v0.1.0 (/home/runner/work/koda/koda/crates/session)
2026-10-07T23:50:31.3149657Z [1m[92m   Compiling[0m any_vec v0.14.0
2026-10-07T23:50:31.5708184Z [1m[92m   Compiling[0m crunchy v0.2.4
2026-10-07T23:50:31.6759929Z [1m[92m   Compiling[0m tiny-keccak v2.0.2
2026-10-07T23:50:31.7834424Z [1m[92m   Compiling[0m ahash v0.8.12
2026-10-07T23:50:31.9380202Z [1m[92m   Compiling[0m num-bigint v0.4.8
2026-10-07T23:50:31.9589208Z [1m[92m   Compiling[0m const-random-macro v0.1.16
2026-10-07T23:50:32.1010340Z [1m[92m   Compiling[0m toml_edit v0.23.7
2026-10-07T23:50:32.1692128Z [1m[92m   Compiling[0m const-random v0.1.18
2026-10-07T23:50:32.3830409Z [1m[92m   Compiling[0m file_icons v0.1.0 (/home/runner/work/koda/koda/crates/file_icons)
2026-10-07T23:50:32.6962831Z [1m[92m   Compiling[0m proc-macro-crate v3.4.0
2026-10-07T23:50:32.8980572Z [1m[92m   Compiling[0m edit_prediction_types v0.1.0 (/home/runner/work/koda/koda/crates/edit_prediction_types)
2026-10-07T23:50:33.0750493Z [1m[92m   Compiling[0m multi_buffer v0.1.0 (/home/runner/work/koda/koda/crates/multi_buffer)
2026-10-07T23:50:33.4010158Z [1m[92m   Compiling[0m unindent v0.2.4
2026-10-07T23:50:33.6244882Z [1m[92m   Compiling[0m assets v0.1.0 (/home/runner/work/koda/koda/crates/assets)
2026-10-07T23:50:33.7540013Z [1m[92m   Compiling[0m libloading v0.8.9
2026-10-07T23:50:33.8830044Z [1m[92m   Compiling[0m tree-sitter-html v0.23.2
2026-10-07T23:50:33.9090064Z [1m[92m   Compiling[0m fearless_simd v0.4.1
2026-10-07T23:50:34.7150466Z [1m[92m   Compiling[0m vim_mode_setting v0.1.0 (/home/runner/work/koda/koda/crates/vim_mode_setting)
2026-10-07T23:50:35.2030053Z [1m[92m   Compiling[0m emojis v0.9.0
2026-10-07T23:50:36.0610088Z [1m[92m   Compiling[0m hashbrown v0.14.5
2026-10-07T23:50:36.5596474Z [1m[92m   Compiling[0m num-rational v0.4.2
2026-10-07T23:50:36.7130055Z [1m[92m   Compiling[0m betlang v0.1.1
2026-10-07T23:50:36.7520715Z [1m[92m   Compiling[0m winnow v1.0.2
2026-10-07T23:50:37.0542183Z [1m[92m   Compiling[0m language_detection v0.1.0 (/home/runner/work/koda/koda/crates/language_detection)
2026-10-07T23:50:37.5713100Z [1m[92m   Compiling[0m enumflags2_derive v0.7.12
2026-10-07T23:50:37.7269370Z [1m[92m   Compiling[0m zvariant_utils v3.3.1
2026-10-07T23:50:38.0109939Z [1m[92m   Compiling[0m enumflags2 v0.7.12
2026-10-07T23:50:38.1330074Z [1m[92m   Compiling[0m dlib v0.5.3
2026-10-07T23:50:38.1479989Z [1m[92m   Compiling[0m zvariant_derive v5.11.0
2026-10-07T23:50:38.5410122Z [1m[92m   Compiling[0m serde_bytes v0.11.19
2026-10-07T23:50:38.6924073Z [1m[92m   Compiling[0m endi v1.1.0
2026-10-07T23:50:38.8450604Z [1m[92m   Compiling[0m wayland-sys v0.31.11
2026-10-07T23:50:39.8760438Z [1m[92m   Compiling[0m camino v1.2.6
2026-10-07T23:50:39.8980442Z [1m[92m   Compiling[0m zvariant v5.11.0
2026-10-07T23:50:42.1100375Z [1m[92m   Compiling[0m zbus_names v4.3.2
2026-10-07T23:50:43.5485587Z [1m[92m   Compiling[0m scoped-tls v1.0.1
2026-10-07T23:50:43.6039966Z [1m[92m   Compiling[0m quick-xml v0.39.3
2026-10-07T23:50:44.8140379Z [1m[92m   Compiling[0m naga v29.0.4
2026-10-07T23:50:45.1820092Z [1m[92m   Compiling[0m md-5 v0.10.6
2026-10-07T23:50:45.2620104Z [1m[92m   Compiling[0m wayland-backend v0.3.15
2026-10-07T23:50:45.3789932Z [1m[92m   Compiling[0m ash v0.38.0+1.3.281
2026-10-07T23:50:45.4739984Z [1m[92m   Compiling[0m bit-vec v0.9.1
2026-10-07T23:50:45.4852943Z [1m[92m   Compiling[0m sys-locale v0.3.2
2026-10-07T23:50:45.6043514Z [1m[92m   Compiling[0m bit-set v0.9.1
2026-10-07T23:50:45.7430065Z [1m[92m   Compiling[0m zbus_macros v5.13.2
2026-10-07T23:50:46.1914880Z [1m[92m   Compiling[0m codespan-reporting v0.13.0
2026-10-07T23:50:46.5483262Z [1m[92m   Compiling[0m serde_repr v0.1.20
2026-10-07T23:50:46.9350175Z [1m[92m   Compiling[0m async-broadcast v0.7.2
2026-10-07T23:50:47.0831264Z [1m[92m   Compiling[0m spirv v0.4.0+sdk-1.4.341.0
2026-10-07T23:50:47.8349894Z [1m[92m   Compiling[0m ordered-stream v0.2.0
2026-10-07T23:50:48.0498654Z [1m[92m   Compiling[0m quick-xml v0.37.5
2026-10-07T23:50:48.6560019Z [1m[92m   Compiling[0m rustc-hash v1.1.0
2026-10-07T23:50:48.6618900Z [1m[92m   Compiling[0m hexf-parse v0.2.1
2026-10-07T23:50:48.7007585Z [1m[92m   Compiling[0m khronos-egl v6.0.0
2026-10-07T23:50:48.7510662Z [1m[92m   Compiling[0m wayland-client v0.31.11
2026-10-07T23:50:48.7911189Z [1m[92m   Compiling[0m downcast-rs v1.2.1
2026-10-07T23:50:49.8080276Z [1m[92m   Compiling[0m wayland-scanner v0.31.7
2026-10-07T23:50:50.9830414Z [1m[92m   Compiling[0m agent_settings v0.1.0 (/home/runner/work/koda/koda/crates/agent_settings)
2026-10-07T23:50:52.1917115Z [1m[92m   Compiling[0m workspace v0.1.0 (/home/runner/work/koda/koda/crates/workspace)
2026-10-07T23:50:59.0680003Z [1m[92m   Compiling[0m zbus v5.13.2
2026-10-07T23:51:04.5547578Z [1m[92m   Compiling[0m breadcrumbs v0.1.0 (/home/runner/work/koda/koda/crates/breadcrumbs)
2026-10-07T23:51:05.2050890Z [1m[92m   Compiling[0m editor v0.1.0 (/home/runner/work/koda/koda/crates/editor)
2026-10-07T23:51:09.1163959Z [1m[92m   Compiling[0m hkdf v0.12.4
2026-10-07T23:51:09.1940009Z [1m[92m   Compiling[0m wgpu-types v29.0.4
2026-10-07T23:51:11.0890148Z [1m[92m   Compiling[0m wgpu-hal v29.0.4
2026-10-07T23:51:11.3150053Z [1m[92m   Compiling[0m gpu-descriptor-types v0.2.0
2026-10-07T23:51:11.4690330Z [1m[92m   Compiling[0m presser v0.3.1
2026-10-07T23:51:11.5639952Z [1m[92m   Compiling[0m gpu-descriptor v0.3.2
2026-10-07T23:51:11.7530108Z [1m[92m   Compiling[0m wgpu-naga-bridge v29.0.4
2026-10-07T23:51:13.4660013Z [1m[92m   Compiling[0m zbus_xml v5.1.1
2026-10-07T23:51:14.0190390Z [1m[92m   Compiling[0m pathfinder_simd v0.5.6
2026-10-07T23:51:14.1349873Z [1m[92m   Compiling[0m font-types v0.10.0
2026-10-07T23:51:14.4090146Z [1m[92m   Compiling[0m gpu-allocator v0.28.0
2026-10-07T23:51:14.7820132Z [1m[92m   Compiling[0m font-types v0.11.0
2026-10-07T23:51:14.8520255Z [1m[92m   Compiling[0m freetype-sys v0.20.1
2026-10-07T23:51:14.9956757Z [1m[92m   Compiling[0m yeslogic-fontconfig-sys v6.0.0
2026-10-07T23:51:15.0800024Z [1m[92m   Compiling[0m renderdoc-sys v1.1.0
2026-10-07T23:51:15.1130010Z [1m[92m   Compiling[0m glow v0.17.0
2026-10-07T23:51:15.1960588Z [1m[92m   Compiling[0m read-fonts v0.37.0
2026-10-07T23:51:20.8568634Z [1m[92m   Compiling[0m read-fonts v0.35.0
2026-10-07T23:51:21.2460219Z [1m[92m   Compiling[0m zbus-lockstep v0.5.2
2026-10-07T23:51:22.0030112Z [1m[92m   Compiling[0m wgpu-core v29.0.4
2026-10-07T23:51:22.2424304Z [1m[92m   Compiling[0m num-complex v0.4.6
2026-10-07T23:51:22.5690611Z [1m[92m   Compiling[0m litrs v1.0.0
2026-10-07T23:51:22.9320045Z [1m[92m   Compiling[0m document-features v0.2.12
2026-10-07T23:51:23.2900744Z [1m[92m   Compiling[0m num v0.4.3
2026-10-07T23:51:23.5140514Z [1m[92m   Compiling[0m zbus-lockstep-macros v0.5.2
2026-10-07T23:51:24.1279826Z [1m[92m   Compiling[0m wgpu-core-deps-windows-linux-android v29.0.4
2026-10-07T23:51:24.1760457Z [1m[92m   Compiling[0m pathdiff v0.2.3
2026-10-07T23:51:24.2359891Z [1m[92m   Compiling[0m wgpu v29.0.4
2026-10-07T23:51:24.5590158Z [1m[92m   Compiling[0m zeno v0.3.3
2026-10-07T23:51:25.0135806Z [1m[92m   Compiling[0m yazi v0.2.1
2026-10-07T23:51:25.3720590Z [1m[92m   Compiling[0m skrifa v0.37.0
2026-10-07T23:51:26.9448016Z [1m[92m   Compiling[0m zed-font-kit v0.14.1-zed (https://github.com/zed-industries/font-kit?rev=94b0f28166665e8fd2f53ff6d268a14955c82269#94b0f281)
2026-10-07T23:51:27.0995293Z [1m[92m   Compiling[0m swash v0.2.6
2026-10-07T23:51:28.2299933Z [1m[92m   Compiling[0m pathfinder_geometry v0.5.1
2026-10-07T23:51:28.3980117Z [1m[92m   Compiling[0m atspi-common v0.13.0
2026-10-07T23:51:30.3019994Z [1m[92m   Compiling[0m harfrust v0.5.0
2026-10-07T23:51:32.5889962Z [1m[92m   Compiling[0m skrifa v0.40.0
2026-10-07T23:51:33.4750525Z [1m[92m   Compiling[0m wayland-protocols v0.32.9
2026-10-07T23:51:35.1565980Z [1m[92m   Compiling[0m self_cell v1.2.2
2026-10-07T23:51:35.2240548Z [1m[92m   Compiling[0m linebender_resource_handle v0.1.1
2026-10-07T23:51:35.2969975Z [1m[92m   Compiling[0m rangemap v1.7.1
2026-10-07T23:51:35.4530514Z [1m[92m   Compiling[0m float-ord v0.3.2
2026-10-07T23:51:35.4920079Z [1m[92m   Compiling[0m cosmic-text v0.19.0
2026-10-07T23:51:37.2140079Z [1m[92m   Compiling[0m num-bigint-dig v0.9.1
2026-10-07T23:51:37.3008828Z [1m[92m   Compiling[0m as-raw-xcb-connection v1.0.1
2026-10-07T23:51:37.3530323Z [1m[92m   Compiling[0m xcursor v0.3.10
2026-10-07T23:51:37.5911265Z [1m[92m   Compiling[0m xim-parser v0.2.1 (https://github.com/zed-industries/xim-rs.git?rev=16f35a2c881b815a2b6cdfd6687988e84f8447d8#16f35a2c)
2026-10-07T23:51:37.7230154Z [1m[92m   Compiling[0m atspi-proxies v0.13.0
2026-10-07T23:51:38.5370026Z [1m[92m   Compiling[0m accesskit_consumer v0.38.0
2026-10-07T23:51:38.8695983Z [1m[92m   Compiling[0m gethostname v1.1.0
2026-10-07T23:51:38.9280519Z [1m[92m   Compiling[0m is-docker v0.2.0
2026-10-07T23:51:38.9489955Z [1m[92m   Compiling[0m x11rb-protocol v0.13.2
2026-10-07T23:51:39.0339781Z [1m[92m   Compiling[0m is-wsl v0.4.0
2026-10-07T23:51:39.1360054Z [1m[92m   Compiling[0m accesskit_atspi_common v0.19.1
2026-10-07T23:51:39.2629937Z [1m[92m   Compiling[0m atspi v0.29.0
2026-10-07T23:51:39.3190330Z [1m[92m   Compiling[0m gpui_wgpu v0.1.0 (/home/runner/work/koda/koda/crates/gpui_wgpu)
2026-10-07T23:51:40.8029988Z [1m[92m   Compiling[0m ashpd v0.13.5
2026-10-07T23:51:41.5409943Z [1m[92m   Compiling[0m pbkdf2 v0.12.2
2026-10-07T23:51:41.6020022Z [1m[92m   Compiling[0m cbc v0.1.2
2026-10-07T23:51:41.6800701Z [1m[92m   Compiling[0m xim-ctext v0.3.0 (https://github.com/zed-industries/xim-rs.git?rev=16f35a2c881b815a2b6cdfd6687988e84f8447d8#16f35a2c)
2026-10-07T23:51:41.8222888Z [1m[92m   Compiling[0m calloop v0.14.3 (https://github.com/zed-industries/calloop#eb6b4fd1)
2026-10-07T23:51:42.1395089Z [1m[92m   Compiling[0m xkeysym v0.2.1
2026-10-07T23:51:42.3910209Z [1m[92m   Compiling[0m calloop-wayland-source v0.4.1
2026-10-07T23:51:42.4670060Z [1m[92m   Compiling[0m oo7 v0.6.0
2026-10-07T23:51:42.7259968Z [1m[92m   Compiling[0m xkbcommon v0.8.0
2026-10-07T23:51:42.9660100Z [1m[92m   Compiling[0m accesskit_unix v0.22.1
2026-10-07T23:51:43.0770155Z [1m[92m   Compiling[0m open v5.3.2
2026-10-07T23:51:43.2000121Z [1m[92m   Compiling[0m wayland-cursor v0.31.11
2026-10-07T23:51:43.3980134Z [1m[92m   Compiling[0m wayland-protocols-plasma v0.3.9
2026-10-07T23:51:44.5910286Z [1m[92m   Compiling[0m wayland-protocols-wlr v0.3.9
2026-10-07T23:51:45.6660078Z [1m[92m   Compiling[0m notify-rust v4.18.0
2026-10-07T23:51:45.8037761Z [1m[92m   Compiling[0m filedescriptor v0.8.3
2026-10-07T23:51:45.9447925Z [1m[92m   Compiling[0m env_filter v0.1.4
2026-10-07T23:51:46.1669920Z [1m[92m   Compiling[0m jiff v0.2.15
2026-10-07T23:51:46.7340110Z [1m[92m   Compiling[0m picker v0.1.0 (/home/runner/work/koda/koda/crates/picker)
2026-10-07T23:51:47.0520621Z [1m[92m   Compiling[0m reqwest_client v0.1.0 (/home/runner/work/koda/koda/crates/reqwest_client)
2026-10-07T23:51:47.4332393Z [1m[92m   Compiling[0m x11rb v0.13.2
2026-10-07T23:51:48.1210095Z [1m[92m   Compiling[0m glob v0.3.3
2026-10-07T23:51:48.3790528Z [1m[92m   Compiling[0m http v0.2.12
2026-10-07T23:51:48.9101145Z [1m[92m   Compiling[0m zed-xim v0.4.0-zed (https://github.com/zed-industries/xim-rs.git?rev=16f35a2c881b815a2b6cdfd6687988e84f8447d8#16f35a2c)
2026-10-07T23:51:49.1127815Z [1m[92m   Compiling[0m env_logger v0.11.8
2026-10-07T23:51:49.1210335Z [1m[92m   Compiling[0m gpui_linux v0.1.0 (/home/runner/work/koda/koda/crates/gpui_linux)
2026-10-07T23:51:49.3750018Z [1m[92m   Compiling[0m http-body v0.4.6
2026-10-07T23:51:49.5410491Z [1m[92m   Compiling[0m vsimd v0.8.0
2026-10-07T23:51:49.7395428Z [1m[92m   Compiling[0m outref v0.5.2
2026-10-07T23:51:49.7970568Z [1m[92m   Compiling[0m command_palette_hooks v0.1.0 (/home/runner/work/koda/koda/crates/command_palette_hooks)
2026-10-07T23:51:49.8491751Z [1m[92m   Compiling[0m base64-simd v0.8.0
2026-10-07T23:51:50.1610434Z [1m[92m   Compiling[0m bytes-utils v0.1.4
2026-10-07T23:51:50.2204821Z [1m[92m   Compiling[0m pet-fs v0.1.0 (https://github.com/zed-industries/python-environment-tools.git?rev=5aad7164bfc2a58977b103c8ef8fdd7302ed2e9f#5aad7164)
2026-10-07T23:51:50.3556344Z [1m[92m   Compiling[0m aws-smithy-types v1.4.7
2026-10-07T23:51:50.3978905Z [1m[92m   Compiling[0m aws-smithy-async v1.2.14
2026-10-07T23:51:50.4305038Z [1m[92m   Compiling[0m is-terminal v0.4.16
2026-10-07T23:51:50.4809993Z [1m[92m   Compiling[0m ident_case v1.0.1
2026-10-07T23:51:50.5480102Z [1m[92m   Compiling[0m humantime v2.3.0
2026-10-07T23:51:50.5941095Z [1m[92m   Compiling[0m pet-core v0.1.0 (https://github.com/zed-industries/python-environment-tools.git?rev=5aad7164bfc2a58977b103c8ef8fdd7302ed2e9f#5aad7164)
2026-10-07T23:51:50.7471248Z [1m[92m   Compiling[0m env_logger v0.10.2
2026-10-07T23:51:51.0961158Z [1m[92m   Compiling[0m aws-smithy-runtime-api v1.11.4
2026-10-07T23:51:51.3370571Z [1m[92m   Compiling[0m crossbeam-channel v0.5.15
2026-10-07T23:51:51.7119638Z [1m[92m   Compiling[0m der v0.6.1
2026-10-07T23:51:52.2069749Z [1m[92m   Compiling[0m io-lifetimes v2.0.4
2026-10-07T23:51:52.3480296Z [1m[92m   Compiling[0m gpui_platform v0.1.0 (/home/runner/work/koda/koda/crates/gpui_platform)
2026-10-07T23:51:52.3760169Z [1m[92m   Compiling[0m io-lifetimes v3.0.1
2026-10-07T23:51:52.4334437Z [1m[92m   Compiling[0m spki v0.6.0
2026-10-07T23:51:52.5731464Z [1m[92m   Compiling[0m pet-python-utils v0.1.0 (https://github.com/zed-industries/python-environment-tools.git?rev=5aad7164bfc2a58977b103c8ef8fdd7302ed2e9f#5aad7164)
2026-10-07T23:51:52.6820642Z [1m[92m   Compiling[0m io-extras v0.19.0
2026-10-07T23:51:52.9929963Z [1m[92m   Compiling[0m pkcs8 v0.9.0
2026-10-07T23:51:53.0750768Z [1m[92m   Compiling[0m crypto-bigint v0.4.9
2026-10-07T23:51:53.1510169Z [1m[92m   Compiling[0m ff v0.12.1
2026-10-07T23:51:53.2191013Z [1m[92m   Compiling[0m base16ct v0.1.1
2026-10-07T23:51:53.3473297Z [1m[92m   Compiling[0m unsafe-libyaml v0.2.11
2026-10-07T23:51:53.5197900Z [1m[92m   Compiling[0m cap-primitives v4.0.3
2026-10-07T23:51:53.5890122Z [1m[92m   Compiling[0m sec1 v0.3.0
2026-10-07T23:51:53.7927017Z [1m[92m   Compiling[0m group v0.12.1
2026-10-07T23:51:53.8179983Z [1m[92m   Compiling[0m fs-set-times v0.20.3
2026-10-07T23:51:53.9551297Z [1m[92m   Compiling[0m aws-smithy-eventstream v0.60.20
2026-10-07T23:51:53.9665964Z [1m[92m   Compiling[0m tokio-stream v0.1.17
2026-10-07T23:51:54.1871529Z [1m[92m   Compiling[0m rustix-linux-procfs v0.1.1
2026-10-07T23:51:54.2360186Z [1m[92m   Compiling[0m maybe-owned v0.3.4
2026-10-07T23:51:54.2950235Z [1m[92m   Compiling[0m cap-std v4.0.3
2026-10-07T23:51:54.3673426Z [1m[92m   Compiling[0m ambient-authority v0.0.2
2026-10-07T23:51:54.3749695Z [1m[92m   Compiling[0m aws-smithy-http v0.63.4
2026-10-07T23:51:54.5529921Z [1m[92m   Compiling[0m cfg-expr v0.20.9
2026-10-07T23:51:54.7730249Z [1m[92m   Compiling[0m elliptic-curve v0.12.3
2026-10-07T23:51:54.9625501Z [1m[92m   Compiling[0m rfc6979 v0.3.1
2026-10-07T23:51:54.9720014Z [1m[92m   Compiling[0m hashlink v0.8.4
2026-10-07T23:51:55.0112377Z [1m[92m   Compiling[0m signature v1.6.4
2026-10-07T23:51:55.0214592Z [1m[92m   Compiling[0m cpufeatures v0.3.0
2026-10-07T23:51:55.0660732Z [1m[92m   Compiling[0m version-compare v0.2.0
2026-10-07T23:51:55.0950642Z [1m[92m   Compiling[0m cap-fs-ext v4.0.3
2026-10-07T23:51:55.1806710Z [1m[92m   Compiling[0m portable-atomic v1.11.1
2026-10-07T23:51:55.2361793Z [1m[92m   Compiling[0m yaml-rust2 v0.8.1
2026-10-07T23:51:55.3140627Z [1m[92m   Compiling[0m system-deps v7.0.7
2026-10-07T23:51:55.4930074Z [1m[92m   Compiling[0m ecdsa v0.14.8
2026-10-07T23:51:55.7479538Z [1m[92m   Compiling[0m chacha20 v0.10.1
2026-10-07T23:51:55.9191090Z [1m[92m   Compiling[0m aws-credential-types v1.2.12
2026-10-07T23:51:55.9329834Z [1m[92m   Compiling[0m aws-types v1.3.12
2026-10-07T23:51:56.0620024Z [1m[92m   Compiling[0m moka v0.12.11
2026-10-07T23:51:56.1980343Z [1m[92m   Compiling[0m rand v0.10.2
2026-10-07T23:51:56.2129751Z [1m[92m   Compiling[0m p256 v0.11.1
2026-10-07T23:51:56.5704400Z [1m[92m   Compiling[0m aws-smithy-observability v0.2.5
2026-10-07T23:51:56.6670204Z [1m[92m   Compiling[0m aws-smithy-http-client v1.1.10
2026-10-07T23:51:56.7192323Z [1m[92m   Compiling[0m wasmtime-wasi-io v48.0.1
2026-10-07T23:51:56.7750023Z [1m[92m   Compiling[0m crypto-bigint v0.5.5
2026-10-07T23:51:57.1340768Z [1m[92m   Compiling[0m tagptr v0.2.0
2026-10-07T23:51:57.2170006Z [1m[92m   Compiling[0m extension_host v0.1.0 (/home/runner/work/koda/koda/crates/extension_host)
2026-10-07T23:51:57.6637146Z [1m[92m   Compiling[0m aws-smithy-runtime v1.10.1
2026-10-07T23:51:57.6999873Z [1m[92m   Compiling[0m aws-sigv4 v1.4.0
2026-10-07T23:51:58.0950314Z [1m[92m   Compiling[0m wasmtime-wasi v48.0.1
2026-10-07T23:51:58.8466262Z [1m[92m   Compiling[0m pet-virtualenv v0.1.0 (https://github.com/zed-industries/python-environment-tools.git?rev=5aad7164bfc2a58977b103c8ef8fdd7302ed2e9f#5aad7164)
2026-10-07T23:51:58.9629813Z [1m[92m   Compiling[0m aws-smithy-json v0.62.5
2026-10-07T23:51:59.2386491Z [1m[92m   Compiling[0m open_ai v0.1.0 (/home/runner/work/koda/koda/crates/open_ai)
2026-10-07T23:51:59.3409955Z [1m[92m   Compiling[0m phf_shared v0.11.3
2026-10-07T23:51:59.6199999Z [1m[92m   Compiling[0m regex-lite v0.1.8
2026-10-07T23:52:00.2730862Z [1m[92m   Compiling[0m aws-runtime v1.7.0
2026-10-07T23:52:00.8870441Z [1m[92m   Compiling[0m scratch v1.0.9 (/home/runner/work/koda/koda/tooling/corgi/patches/scratch)
2026-10-07T23:52:01.0229913Z [1m[92m   Compiling[0m pest v2.8.3
2026-10-07T23:52:01.8109994Z [1m[92m   Compiling[0m phf_generator v0.11.3
2026-10-07T23:52:01.9570688Z [1m[92m   Compiling[0m darling_core v0.23.0
2026-10-07T23:52:02.0201522Z [1m[92m   Compiling[0m anthropic v0.1.0 (/home/runner/work/koda/koda/crates/anthropic)
2026-10-07T23:52:02.9850270Z [1m[92m   Compiling[0m link-cplusplus v1.0.12
2026-10-07T23:52:03.7638241Z [1m[92m   Compiling[0m phf_macros v0.11.3
2026-10-07T23:52:04.1763612Z [1m[92m   Compiling[0m darling_macro v0.23.0
2026-10-07T23:52:04.2329987Z [1m[92m   Compiling[0m pest_meta v2.8.3
2026-10-07T23:52:04.3909970Z [1m[92m   Compiling[0m glib-sys v0.21.5
2026-10-07T23:52:04.4308357Z [1m[92m   Compiling[0m tower-http v0.6.11
2026-10-07T23:52:04.5460039Z [1m[92m   Compiling[0m pbjson-build v0.9.0
2026-10-07T23:52:04.7379758Z [1m[92m   Compiling[0m bincode v1.3.3
2026-10-07T23:52:05.0609990Z [1m[92m   Compiling[0m cxxbridge-flags v1.0.187
2026-10-07T23:52:05.0929932Z [1m[92m   Compiling[0m pbjson-types v0.9.0
2026-10-07T23:52:05.1048548Z [1m[92m   Compiling[0m cxx v1.0.187
2026-10-07T23:52:05.2710039Z [1m[92m   Compiling[0m pest_generator v2.8.3
2026-10-07T23:52:05.5229854Z [1m[92m   Compiling[0m reqwest v0.12.24
2026-10-07T23:52:05.5949832Z [1m[92m   Compiling[0m darling v0.23.0
2026-10-07T23:52:05.6393027Z [1m[92m   Compiling[0m phf v0.11.3
2026-10-07T23:52:05.7450128Z [1m[92m   Compiling[0m gobject-sys v0.21.5
2026-10-07T23:52:05.8841103Z [1m[92m   Compiling[0m pet-jsonrpc v0.1.0 (https://github.com/zed-industries/python-environment-tools.git?rev=5aad7164bfc2a58977b103c8ef8fdd7302ed2e9f#5aad7164)
2026-10-07T23:52:05.9174330Z [1m[92m   Compiling[0m picker_preview v0.1.0 (/home/runner/work/koda/koda/crates/picker_preview)
2026-10-07T23:52:06.4900105Z [1m[92m   Compiling[0m cxx-build v1.0.187
2026-10-07T23:52:08.5820588Z [1m[92m   Compiling[0m webrtc-sys-build v0.3.13 (https://github.com/zed-industries/livekit-rust-sdks?rev=0a1c519cfce9b365229026b55de9b9dbdb6fed3c#0a1c519c)
2026-10-07T23:52:08.7986386Z [1m[92m   Compiling[0m pet-reporter v0.1.0 (https://github.com/zed-industries/python-environment-tools.git?rev=5aad7164bfc2a58977b103c8ef8fdd7302ed2e9f#5aad7164)
2026-10-07T23:52:08.9738684Z [1m[92m   Compiling[0m pest_derive v2.8.3
2026-10-07T23:52:09.1935379Z [1m[92m   Compiling[0m doxygen-rs v0.4.2
2026-10-07T23:52:09.5565907Z [1m[92m   Compiling[0m gio-sys v0.21.5
2026-10-07T23:52:10.6939956Z [1m[92m   Compiling[0m symphonia-core v0.5.5
2026-10-07T23:52:11.0870079Z [1m[92m   Compiling[0m pbjson v0.9.0
2026-10-07T23:52:11.1280416Z [1m[92m   Compiling[0m alsa-sys v0.3.1
2026-10-07T23:52:11.5333311Z [1m[92m   Compiling[0m lmdb-master-sys v0.2.5
2026-10-07T23:52:11.6860397Z [1m[92m   Compiling[0m webrtc-sys v0.3.23 (https://github.com/zed-industries/livekit-rust-sdks?rev=0a1c519cfce9b365229026b55de9b9dbdb6fed3c#0a1c519c)
2026-10-07T23:52:11.7370298Z [1m[92m   Compiling[0m copilot_chat v0.1.0 (/home/runner/work/koda/koda/crates/copilot_chat)
2026-10-07T23:52:12.3530777Z [1m[92m   Compiling[0m livekit-runtime v0.4.0 (https://github.com/zed-industries/livekit-rust-sdks?rev=0a1c519cfce9b365229026b55de9b9dbdb6fed3c#0a1c519c)
2026-10-07T23:52:12.4150595Z [1m[92m   Compiling[0m channel v0.1.0 (/home/runner/work/koda/koda/crates/channel)
2026-10-07T23:52:12.9840073Z [1m[92m   Compiling[0m cxxbridge-macro v1.0.187
2026-10-07T23:52:14.0630028Z [1m[92m   Compiling[0m xmlparser v0.13.6
2026-10-07T23:52:14.3550160Z [1m[92m   Compiling[0m aws-smithy-xml v0.60.15
2026-10-07T23:52:14.5520802Z [1m[92m   Compiling[0m livekit-protocol v0.7.1 (https://github.com/zed-industries/livekit-rust-sdks?rev=0a1c519cfce9b365229026b55de9b9dbdb6fed3c#0a1c519c)
2026-10-07T23:52:18.0770521Z [1m[92m   Compiling[0m symphonia-metadata v0.5.5
2026-10-07T23:52:18.7060710Z [1m[92m   Compiling[0m pet-conda v0.1.0 (https://github.com/zed-industries/python-environment-tools.git?rev=5aad7164bfc2a58977b103c8ef8fdd7302ed2e9f#5aad7164)
2026-10-07T23:52:19.7929955Z [1m[92m   Compiling[0m serde_yaml_ng v0.10.0
2026-10-07T23:52:20.8690013Z [1m[92m   Compiling[0m glib-macros v0.21.5
2026-10-07T23:52:21.7210020Z [1m[92m   Compiling[0m cpal v0.17.1
2026-10-07T23:52:21.8191898Z [1m[92m   Compiling[0m extended v0.1.0
2026-10-07T23:52:21.9349893Z [1m[92m   Compiling[0m heed-traits v0.20.0
2026-10-07T23:52:22.0129948Z [1m[92m   Compiling[0m heed v0.21.0
2026-10-07T23:52:22.2699828Z [1m[92m   Compiling[0m heed-types v0.21.0
2026-10-07T23:52:22.4950034Z [1m[92m   Compiling[0m symphonia-format-riff v0.5.5
2026-10-07T23:52:22.9271853Z [1m[92m   Compiling[0m alsa v0.10.0
2026-10-07T23:52:23.5700098Z [1m[92m   Compiling[0m glib v0.21.5
2026-10-07T23:52:24.0110340Z [1m[92m   Compiling[0m copilot v0.1.0 (/home/runner/work/koda/koda/crates/copilot)
2026-10-07T23:52:26.1810053Z [1m[92m   Compiling[0m symphonia-codec-pcm v0.5.5
2026-10-07T23:52:26.4580154Z [1m[92m   Compiling[0m aws-smithy-query v0.60.15
2026-10-07T23:52:26.5719589Z [1m[92m   Compiling[0m proxyvars v0.2.0
2026-10-07T23:52:26.7200485Z [1m[92m   Compiling[0m synchronoise v1.0.1
2026-10-07T23:52:26.8650158Z [1m[92m   Compiling[0m dasp_sample v0.11.0
2026-10-07T23:52:27.0439442Z [1m[92m   Compiling[0m shell-words v1.1.0
2026-10-07T23:52:28.5026212Z [1m[92m   Compiling[0m aws-sdk-sts v1.98.0
2026-10-07T23:52:29.7006607Z [1m[92m   Compiling[0m symphonia v0.5.5
2026-10-07T23:52:29.8140242Z [1m[92m   Compiling[0m copilot_ui v0.1.0 (/home/runner/work/koda/koda/crates/copilot_ui)
2026-10-07T23:52:30.9160377Z [1m[92m   Compiling[0m agent_skills v0.1.0 (/home/runner/work/koda/koda/crates/agent_skills)
2026-10-07T23:52:30.9550297Z [1m[92m   Compiling[0m notifications v0.1.0 (/home/runner/work/koda/koda/crates/notifications)
2026-10-07T23:52:31.5369713Z [1m[92m   Compiling[0m handlebars v4.5.0
2026-10-07T23:52:31.7469973Z [1m[92m   Compiling[0m aws-sdk-ssooidc v1.96.0
2026-10-07T23:52:32.3660082Z [1m[92m   Compiling[0m aws-sdk-sso v1.94.0
2026-10-07T23:52:33.3674981Z [1m[92m   Compiling[0m ai_onboarding v0.1.0 (/home/runner/work/koda/koda/crates/ai_onboarding)
2026-10-07T23:52:33.6350594Z [1m[92m   Compiling[0m ollama v0.1.0 (/home/runner/work/koda/koda/crates/ollama)
2026-10-07T23:52:34.3398716Z [1m[92m   Compiling[0m rand_distr v0.5.1
2026-10-07T23:52:34.5950103Z [1m[92m   Compiling[0m hound v3.5.1
2026-10-07T23:52:34.7700559Z [1m[92m   Compiling[0m rtrb v0.3.2
2026-10-07T23:52:34.8160277Z [1m[92m   Compiling[0m aws-config v1.8.14
2026-10-07T23:52:34.9420729Z [1m[92m   Compiling[0m rodio v0.21.1 (https://github.com/RustAudio/rodio?rev=e50e726ddd0292f6ef9de0dda6b90af4ed1fb66a#e50e726d)
2026-10-07T23:52:35.9110823Z [1m[92m   Compiling[0m http_proxy v0.1.0 (/home/runner/work/koda/koda/crates/http_proxy)
2026-10-07T23:52:36.1491770Z [1m[92m   Compiling[0m serde_with_macros v3.22.0
2026-10-07T23:52:36.6006346Z [1m[92m   Compiling[0m auto_update v0.1.0 (/home/runner/work/koda/koda/crates/auto_update)
2026-10-07T23:52:36.7437041Z [1m[92m   Compiling[0m simple_asn1 v0.6.3
2026-10-07T23:52:37.1110115Z [1m[92m   Compiling[0m pem v3.0.6
2026-10-07T23:52:37.3786093Z [1m[92m   Compiling[0m jsonwebtoken v10.3.0
2026-10-07T23:52:37.9510279Z [1m[92m   Compiling[0m serde_with v3.22.0
2026-10-07T23:52:38.2390237Z [1m[92m   Compiling[0m prompt_store v0.1.0 (/home/runner/work/koda/koda/crates/prompt_store)
2026-10-07T23:52:38.5234525Z [1m[92m   Compiling[0m json_schema_store v0.1.0 (/home/runner/work/koda/koda/crates/json_schema_store)
2026-10-07T23:52:39.5500310Z [1m[92m   Compiling[0m google_ai v0.1.0 (/home/runner/work/koda/koda/crates/google_ai)
2026-10-07T23:52:39.6249227Z [1m[92m   Compiling[0m seccompiler v0.5.0
2026-10-07T23:52:39.7989010Z [1m[92m   Compiling[0m pet v0.1.0 (https://github.com/zed-industries/python-environment-tools.git?rev=5aad7164bfc2a58977b103c8ef8fdd7302ed2e9f#5aad7164)
2026-10-07T23:52:39.8073031Z [1m[92m   Compiling[0m agent-client-protocol-schema v1.9.1
2026-10-07T23:52:39.9160721Z [1m[92m   Compiling[0m pet-uv v0.1.0 (https://github.com/zed-industries/python-environment-tools.git?rev=5aad7164bfc2a58977b103c8ef8fdd7302ed2e9f#5aad7164)
2026-10-07T23:52:40.4020939Z [1m[92m   Compiling[0m pet-hatch v0.1.0 (https://github.com/zed-industries/python-environment-tools.git?rev=5aad7164bfc2a58977b103c8ef8fdd7302ed2e9f#5aad7164)
2026-10-07T23:52:40.7700848Z [1m[92m   Compiling[0m pet-global-virtualenvs v0.1.0 (https://github.com/zed-industries/python-environment-tools.git?rev=5aad7164bfc2a58977b103c8ef8fdd7302ed2e9f#5aad7164)
2026-10-07T23:52:40.8230997Z [1m[92m   Compiling[0m pet-env-var-path v0.1.0 (https://github.com/zed-industries/python-environment-tools.git?rev=5aad7164bfc2a58977b103c8ef8fdd7302ed2e9f#5aad7164)
2026-10-07T23:52:40.9031789Z [1m[92m   Compiling[0m pet-pixi v0.1.0 (https://github.com/zed-industries/python-environment-tools.git?rev=5aad7164bfc2a58977b103c8ef8fdd7302ed2e9f#5aad7164)
2026-10-07T23:52:40.9784358Z [1m[92m   Compiling[0m pet-pyenv v0.1.0 (https://github.com/zed-industries/python-environment-tools.git?rev=5aad7164bfc2a58977b103c8ef8fdd7302ed2e9f#5aad7164)
2026-10-07T23:52:41.0026311Z [1m[92m   Compiling[0m pet-homebrew v0.1.0 (https://github.com/zed-industries/python-environment-tools.git?rev=5aad7164bfc2a58977b103c8ef8fdd7302ed2e9f#5aad7164)
2026-10-07T23:52:41.2125940Z [1m[92m   Compiling[0m pet-poetry v0.1.0 (https://github.com/zed-industries/python-environment-tools.git?rev=5aad7164bfc2a58977b103c8ef8fdd7302ed2e9f#5aad7164)
2026-10-07T23:52:41.3412746Z [1m[92m   Compiling[0m pet-pipenv v0.1.0 (https://github.com/zed-industries/python-environment-tools.git?rev=5aad7164bfc2a58977b103c8ef8fdd7302ed2e9f#5aad7164)
2026-10-07T23:52:41.5800802Z [1m[92m   Compiling[0m pet-mac-python-org v0.1.0 (https://github.com/zed-industries/python-environment-tools.git?rev=5aad7164bfc2a58977b103c8ef8fdd7302ed2e9f#5aad7164)
2026-10-07T23:52:41.7421087Z [1m[92m   Compiling[0m pet-mac-xcode v0.1.0 (https://github.com/zed-industries/python-environment-tools.git?rev=5aad7164bfc2a58977b103c8ef8fdd7302ed2e9f#5aad7164)
2026-10-07T23:52:41.7731054Z [1m[92m   Compiling[0m pet-virtualenvwrapper v0.1.0 (https://github.com/zed-industries/python-environment-tools.git?rev=5aad7164bfc2a58977b103c8ef8fdd7302ed2e9f#5aad7164)
2026-10-07T23:52:41.9030812Z [1m[92m   Compiling[0m pet-venv v0.1.0 (https://github.com/zed-industries/python-environment-tools.git?rev=5aad7164bfc2a58977b103c8ef8fdd7302ed2e9f#5aad7164)
2026-10-07T23:52:41.9171159Z [1m[92m   Compiling[0m pet-mac-commandlinetools v0.1.0 (https://github.com/zed-industries/python-environment-tools.git?rev=5aad7164bfc2a58977b103c8ef8fdd7302ed2e9f#5aad7164)
2026-10-07T23:52:42.0168219Z [1m[92m   Compiling[0m pet-linux-global-python v0.1.0 (https://github.com/zed-industries/python-environment-tools.git?rev=5aad7164bfc2a58977b103c8ef8fdd7302ed2e9f#5aad7164)
2026-10-07T23:52:42.0960772Z [1m[92m   Compiling[0m pet-telemetry v0.1.0 (https://github.com/zed-industries/python-environment-tools.git?rev=5aad7164bfc2a58977b103c8ef8fdd7302ed2e9f#5aad7164)
2026-10-07T23:52:42.2529882Z [1m[92m   Compiling[0m agent-client-protocol-derive v2.2.0
2026-10-07T23:52:42.6010741Z [1m[92m   Compiling[0m sandbox v0.1.0 (/home/runner/work/koda/koda/crates/sandbox)
2026-10-07T23:52:43.1280399Z [1m[92m   Compiling[0m action_log v0.1.0 (/home/runner/work/koda/koda/crates/action_log)
2026-10-07T23:52:43.9335391Z [1m[92m   Compiling[0m remote_connection v0.1.0 (/home/runner/work/koda/koda/crates/remote_connection)
2026-10-07T23:52:44.6479981Z [1m[92m   Compiling[0m aws-sdk-bedrockruntime v1.125.0
2026-10-07T23:52:45.2120877Z [1m[92m   Compiling[0m livekit_api v0.1.0 (/home/runner/work/koda/koda/crates/livekit_api)
2026-10-07T23:52:45.4624698Z [1m[92m   Compiling[0m x_ai v0.1.0 (/home/runner/work/koda/koda/crates/x_ai)
2026-10-07T23:52:45.6399952Z [1m[92m   Compiling[0m dotenvy v0.15.7
2026-10-07T23:52:45.9420387Z [1m[92m   Compiling[0m languages v0.1.0 (/home/runner/work/koda/koda/crates/languages)
2026-10-07T23:52:51.4274684Z [1m[92m   Compiling[0m darling_core v0.20.11
2026-10-07T23:52:51.9600100Z [1m[92m   Compiling[0m bedrock v0.1.0 (/home/runner/work/koda/koda/crates/bedrock)
2026-10-07T23:52:52.6515368Z [1m[92m   Compiling[0m x_ai_subscribed v0.1.0 (/home/runner/work/koda/koda/crates/x_ai_subscribed)
2026-10-07T23:52:53.3640096Z [1m[92m   Compiling[0m darling_macro v0.20.11
2026-10-07T23:52:53.5200559Z [1m[92m   Compiling[0m language_models_cloud v0.1.0 (/home/runner/work/koda/koda/crates/language_models_cloud)
2026-10-07T23:52:53.5890170Z [1m[92m   Compiling[0m opencode v0.1.0 (/home/runner/work/koda/koda/crates/opencode)
2026-10-07T23:52:53.8930286Z [1m[92m   Compiling[0m open_router v0.1.0 (/home/runner/work/koda/koda/crates/open_router)
2026-10-07T23:52:54.1510335Z [1m[92m   Compiling[0m openai_subscribed v0.1.0 (/home/runner/work/koda/koda/crates/openai_subscribed)
2026-10-07T23:52:55.0880351Z [1m[92m   Compiling[0m aws_http_client v0.1.0 (/home/runner/work/koda/koda/crates/aws_http_client)
2026-10-07T23:52:55.2851725Z [1m[92m   Compiling[0m agent-client-protocol v2.2.0
2026-10-07T23:52:55.4058147Z [1m[92m   Compiling[0m llama_cpp v0.1.0 (/home/runner/work/koda/koda/crates/llama_cpp)
2026-10-07T23:52:56.3711275Z [1m[92m   Compiling[0m lmstudio v0.1.0 (/home/runner/work/koda/koda/crates/lmstudio)
2026-10-07T23:52:57.1210656Z [1m[92m   Compiling[0m mistral v0.1.0 (/home/runner/work/koda/koda/crates/mistral)
2026-10-07T23:52:58.0760332Z [1m[92m   Compiling[0m deepseek v0.1.0 (/home/runner/work/koda/koda/crates/deepseek)
2026-10-07T23:52:58.6490954Z [1m[92m   Compiling[0m crc-catalog v2.4.0
2026-10-07T23:52:58.7016738Z [1m[92m   Compiling[0m crc v3.3.0
2026-10-07T23:52:58.8570172Z [1m[92m   Compiling[0m darling v0.20.11
2026-10-07T23:52:58.9162726Z [1m[92m   Compiling[0m nanoid v0.4.0
2026-10-07T23:52:59.0203927Z [1m[92m   Compiling[0m peg-runtime v0.8.5
2026-10-07T23:52:59.2432549Z [1m[92m   Compiling[0m peg-macros v0.8.5
2026-10-07T23:53:00.2950638Z [1m[92m   Compiling[0m acp_thread v0.1.0 (/home/runner/work/koda/koda/crates/acp_thread)
2026-10-07T23:53:00.4961173Z [1m[92m   Compiling[0m cached_proc_macro v0.25.0
2026-10-07T23:53:01.1980981Z [1m[92m   Compiling[0m language_models v0.1.0 (/home/runner/work/koda/koda/crates/language_models)
2026-10-07T23:53:03.5555467Z [1m[92m   Compiling[0m git_ui_core v0.1.0 (/home/runner/work/koda/koda/crates/git_ui_core)
2026-10-07T23:53:07.1416149Z [1m[92m   Compiling[0m bon-macros v3.8.2
2026-10-07T23:53:07.3163500Z [1m[92m   Compiling[0m tokio-tungstenite v0.28.0
2026-10-07T23:53:07.7050078Z [1m[92m   Compiling[0m cached_proc_macro_types v0.1.1
2026-10-07T23:53:07.9570692Z [1m[92m   Compiling[0m livekit v0.7.32 (https://github.com/zed-industries/livekit-rust-sdks?rev=0a1c519cfce9b365229026b55de9b9dbdb6fed3c#0a1c519c)
2026-10-07T23:53:08.0970496Z [1m[92m   Compiling[0m peg v0.8.5
2026-10-07T23:53:08.1510693Z [1m[92m   Compiling[0m cached v0.56.0
2026-10-07T23:53:08.4750694Z [1m[92m   Compiling[0m livekit-api v0.4.14 (https://github.com/zed-industries/livekit-rust-sdks?rev=0a1c519cfce9b365229026b55de9b9dbdb6fed3c#0a1c519c)
2026-10-07T23:53:09.0520973Z [1m[92m   Compiling[0m open_path_prompt v0.1.0 (/home/runner/work/koda/koda/crates/open_path_prompt)
2026-10-07T23:53:10.2160196Z [1m[92m   Compiling[0m bon v3.8.2
2026-10-07T23:53:10.2871734Z [1m[92m   Compiling[0m terminal_view v0.1.0 (/home/runner/work/koda/koda/crates/terminal_view)
2026-10-07T23:53:10.3240099Z [1m[92m   Compiling[0m bmrng v0.5.2
2026-10-07T23:53:10.4370667Z [1m[92m   Compiling[0m utf8-chars v3.0.6
2026-10-07T23:53:10.5517074Z [1m[92m   Compiling[0m similar v2.7.0
2026-10-07T23:53:10.6390032Z [1m[92m   Compiling[0m indenter v0.3.4
2026-10-07T23:53:10.7060992Z [1m[92m   Compiling[0m brush-parser v0.3.0
2026-10-07T23:53:11.5710168Z [1m[92m   Compiling[0m platform_title_bar v0.1.0 (/home/runner/work/koda/koda/crates/platform_title_bar)
2026-10-07T23:53:12.5240668Z [1m[92m   Compiling[0m html_to_markdown v0.1.0 (/home/runner/work/koda/koda/crates/html_to_markdown)
2026-10-07T23:53:12.8550040Z [1m[92m   Compiling[0m webpki-roots v0.26.8
2026-10-07T23:53:12.9360545Z [1m[92m   Compiling[0m hashlink v0.10.0
2026-10-07T23:53:13.1431951Z [1m[92m   Compiling[0m edit_prediction_metrics v0.1.0 (/home/runner/work/koda/koda/crates/edit_prediction_metrics)
2026-10-07T23:53:13.2520818Z [1m[92m   Compiling[0m search v0.1.0 (/home/runner/work/koda/koda/crates/search)
2026-10-07T23:53:14.4020161Z [1m[92m   Compiling[0m serde_yaml v0.9.34+deprecated
2026-10-07T23:53:14.6970307Z [1m[92m   Compiling[0m web_search v0.1.0 (/home/runner/work/koda/koda/crates/web_search)
2026-10-07T23:53:15.0110190Z [1m[92m   Compiling[0m scroll_derive v0.12.1
2026-10-07T23:53:15.5483193Z [1m[92m   Compiling[0m bigdecimal v0.4.8
2026-10-07T23:53:15.7131065Z [1m[92m   Compiling[0m rust_decimal v1.39.0
2026-10-07T23:53:15.9850126Z [1m[92m   Compiling[0m scroll v0.12.0
2026-10-07T23:53:16.1850530Z [1m[92m   Compiling[0m shell_command_parser v0.1.0 (/home/runner/work/koda/koda/crates/shell_command_parser)
2026-10-07T23:53:16.9380348Z [1m[92m   Compiling[0m agent_servers v0.1.0 (/home/runner/work/koda/koda/crates/agent_servers)
2026-10-07T23:53:17.9468719Z [1m[92m   Compiling[0m language_extension v0.1.0 (/home/runner/work/koda/koda/crates/language_extension)
2026-10-07T23:53:18.3170743Z [1m[92m   Compiling[0m edit_prediction_context v0.1.0 (/home/runner/work/koda/koda/crates/edit_prediction_context)
2026-10-07T23:53:18.9540706Z [1m[92m   Compiling[0m openssl-sys v0.9.117
2026-10-07T23:53:19.2494350Z [1m[92m   Compiling[0m streaming_diff v0.1.0 (/home/runner/work/koda/koda/crates/streaming_diff)
2026-10-07T23:53:19.4959099Z [1m[92m   Compiling[0m atoi v2.0.0
2026-10-07T23:53:20.8450576Z [1m[92m   Compiling[0m debug_adapter_extension v0.1.0 (/home/runner/work/koda/koda/crates/debug_adapter_extension)
2026-10-07T23:53:20.8823480Z [1m[92m   Compiling[0m futures-intrusive v0.5.0
2026-10-07T23:53:21.3613837Z [1m[92m   Compiling[0m unicode-normalization v0.1.25
2026-10-07T23:53:21.5424534Z [1m[92m   Compiling[0m debugid v0.8.0
2026-10-07T23:53:21.6290487Z [1m[92m   Compiling[0m process-reader v0.1.0
2026-10-07T23:53:21.7140554Z [1m[92m   Compiling[0m num-derive v0.4.2
2026-10-07T23:53:21.8789945Z [1m[92m   Compiling[0m smart-default v0.7.1
2026-10-07T23:53:22.2508112Z [1m[92m   Compiling[0m range-map v0.2.0
2026-10-07T23:53:22.4132627Z [1m[92m   Compiling[0m crash-context v0.8.0
2026-10-07T23:53:22.4249585Z [1m[92m   Compiling[0m plain v0.2.3
2026-10-07T23:53:22.4839977Z [1m[92m   Compiling[0m minidump-writer v0.13.0
2026-10-07T23:53:22.4960186Z [1m[92m   Compiling[0m goblin v0.9.3
2026-10-07T23:53:22.6098360Z [1m[92m   Compiling[0m minidump-common v0.26.1
2026-10-07T23:53:24.3452941Z [1m[92m   Compiling[0m process-backend v0.1.0
2026-10-07T23:53:24.5593852Z [1m[92m   Compiling[0m stringprep v0.1.5
2026-10-07T23:53:24.8840399Z [1m[92m   Compiling[0m sqlx-core v0.8.6
2026-10-07T23:53:26.0850616Z [1m[92m   Compiling[0m agent v0.1.0 (/home/runner/work/koda/koda/crates/agent)
2026-10-07T23:53:26.1487123Z [1m[92m   Compiling[0m edit_prediction v0.1.0 (/home/runner/work/koda/koda/crates/edit_prediction)
2026-10-07T23:53:27.2767129Z [1m[92m   Compiling[0m h2 v0.3.27
2026-10-07T23:53:30.6600709Z [1m[92m   Compiling[0m procfs-core v0.18.0
2026-10-07T23:53:32.8390052Z [1m[92m   Compiling[0m error-graph v0.1.1
2026-10-07T23:53:32.9290061Z [1m[92m   Compiling[0m socket2 v0.5.10
2026-10-07T23:53:33.2787873Z [1m[92m   Compiling[0m pciid-parser v0.8.0
2026-10-07T23:53:33.5419851Z [1m[92m   Compiling[0m whoami v1.6.1
2026-10-07T23:53:33.7764474Z [1m[92m   Compiling[0m base64 v0.21.7
2026-10-07T23:53:34.0249951Z [1m[92m   Compiling[0m human_bytes v0.4.3
2026-10-07T23:53:34.0786253Z [1m[92m   Compiling[0m failspot v0.2.0
2026-10-07T23:53:34.1307354Z [1m[92m   Compiling[0m system_specs v0.1.0 (/home/runner/work/koda/koda/crates/system_specs)
2026-10-07T23:53:34.5760724Z [1m[92m   Compiling[0m hyper v0.14.32
2026-10-07T23:53:37.2560379Z [1m[92m   Compiling[0m dev_container v0.1.0 (/home/runner/work/koda/koda/crates/dev_container)
2026-10-07T23:53:39.6215005Z [1m[92m   Compiling[0m flume v0.11.1
2026-10-07T23:53:40.7180009Z [1m[92m   Compiling[0m uds v0.4.2
2026-10-07T23:53:40.7862861Z [1m[92m   Compiling[0m foreign-types-shared v0.1.1
2026-10-07T23:53:40.8337533Z [1m[92m   Compiling[0m openssl v0.10.81
2026-10-07T23:53:41.0036737Z [1m[92m   Compiling[0m minidumper v0.11.0
2026-10-07T23:53:41.0540103Z [1m[92m   Compiling[0m foreign-types v0.3.2
2026-10-07T23:53:41.1070136Z [1m[92m   Compiling[0m sqlx-postgres v0.8.6
2026-10-07T23:53:45.4810383Z [1m[92m   Compiling[0m sqlx-sqlite v0.8.6
2026-10-07T23:53:46.7637136Z [1m[92m   Compiling[0m cargo_toml v0.21.0
2026-10-07T23:53:48.4691092Z [1m[92m   Compiling[0m crash-handler v0.8.0
2026-10-07T23:53:48.9171179Z [1m[92m   Compiling[0m dap_adapters v0.1.0 (/home/runner/work/koda/koda/crates/dap_adapters)
2026-10-07T23:53:48.9273186Z [1m[92m   Compiling[0m headers-core v0.2.0
2026-10-07T23:53:49.2440592Z [1m[92m   Compiling[0m openssl-macros v0.1.1
2026-10-07T23:53:49.4899581Z [1m[92m   Compiling[0m heck v0.4.1
2026-10-07T23:53:49.6658644Z [1m[92m   Compiling[0m proc-macro2-diagnostics v0.10.1
2026-10-07T23:53:49.7619967Z [1m[92m   Compiling[0m native-tls v0.2.18
2026-10-07T23:53:49.8830420Z [1m[92m   Compiling[0m windows_resources v0.1.0 (/home/runner/work/koda/koda/crates/windows_resources)
2026-10-07T23:53:49.9300017Z [1m[92m   Compiling[0m borrow-or-share v0.2.4
2026-10-07T23:53:49.9877859Z [1m[92m   Compiling[0m fluent-uri v0.4.1
2026-10-07T23:53:51.2080051Z [1m[92m   Compiling[0m headers v0.3.9
2026-10-07T23:53:51.7840278Z [1m[92m   Compiling[0m remote_server v0.1.0 (/home/runner/work/koda/koda/crates/remote_server)
2026-10-07T23:53:52.0210154Z [1m[92m   Compiling[0m sqlx-macros-core v0.8.6
2026-10-07T23:53:52.2711155Z [1m[92m   Compiling[0m recent_projects v0.1.0 (/home/runner/work/koda/koda/crates/recent_projects)
2026-10-07T23:53:53.1010614Z [1m[92m   Compiling[0m fraction v0.16.0
2026-10-07T23:53:55.6210728Z [1m[92m   Compiling[0m micromap v0.3.0
2026-10-07T23:53:55.7690094Z [1m[92m   Compiling[0m num-cmp v0.1.0
2026-10-07T23:53:55.8140128Z [1m[92m   Compiling[0m bytecount v0.6.9
2026-10-07T23:53:55.9434782Z [1m[92m   Compiling[0m referencing v0.51.0
2026-10-07T23:53:55.9594907Z [1m[92m   Compiling[0m jsonschema-value v0.51.0
2026-10-07T23:53:59.8563556Z [1m[92m   Compiling[0m sqlx-macros v0.8.6
2026-10-07T23:54:00.7220247Z [1m[92m   Compiling[0m crashes v0.1.0 (/home/runner/work/koda/koda/crates/crashes)
2026-10-07T23:54:01.2650534Z [1m[92m   Compiling[0m eval_utils v0.1.0 (/home/runner/work/koda/koda/crates/eval_utils)
2026-10-07T23:54:01.4330435Z [1m[92m   Compiling[0m uuid-simd v0.8.0
2026-10-07T23:54:01.6319986Z [1m[92m   Compiling[0m axum-core v0.3.4
2026-10-07T23:54:01.9682628Z [1m[92m   Compiling[0m email_address v0.2.9
2026-10-07T23:54:02.1479959Z [1m[92m   Compiling[0m inherent v1.0.13
2026-10-07T23:54:02.2050246Z [1m[92m   Compiling[0m jsonschema-regex v0.51.0
2026-10-07T23:54:02.4685821Z [1m[92m   Compiling[0m ordered-float v4.6.0
2026-10-07T23:54:02.5027847Z [1m[92m   Compiling[0m cargo-platform v0.3.2
2026-10-07T23:54:02.7040145Z [1m[92m   Compiling[0m protobuf v3.7.2
2026-10-07T23:54:02.9117224Z [1m[92m   Compiling[0m sea-query v0.32.7
2026-10-07T23:54:03.4417245Z [1m[92m   Compiling[0m jsonschema v0.51.0
2026-10-07T23:54:05.0050207Z [1m[92m   Compiling[0m sqlx v0.8.6
2026-10-07T23:54:06.5100089Z [1m[92m   Compiling[0m ouroboros_macro v0.18.5
2026-10-07T23:54:07.5189953Z [1m[92m   Compiling[0m tokio-native-tls v0.3.1
2026-10-07T23:54:08.2749994Z [1m[92m   Compiling[0m sea-bae v0.2.2
2026-10-07T23:54:08.6560027Z [1m[92m   Compiling[0m crc-fast v1.9.0
2026-10-07T23:54:11.1110334Z [1m[92m   Compiling[0m command_palette v0.1.0 (/home/runner/work/koda/koda/crates/command_palette)
2026-10-07T23:54:11.3797882Z [1m[92m   Compiling[0m tungstenite v0.20.1
2026-10-07T23:54:12.0071711Z [1m[92m   Compiling[0m android_ui v0.1.0 (/home/runner/work/koda/koda/crates/android_ui)
2026-10-07T23:54:13.5357994Z [1m[92m   Compiling[0m time_format v0.1.0 (/home/runner/work/koda/koda/crates/time_format)
2026-10-07T23:54:14.5959286Z [1m[92m   Compiling[0m axum v0.6.20
2026-10-07T23:54:14.6850025Z [1m[92m   Compiling[0m protobuf-support v3.7.2
2026-10-07T23:54:14.7150614Z [1m[92m   Compiling[0m async-stream-impl v0.3.6
2026-10-07T23:54:15.0147479Z [1m[92m   Compiling[0m aliasable v0.1.3
2026-10-07T23:54:15.1220479Z [1m[92m   Compiling[0m sync_wrapper v0.1.2
2026-10-07T23:54:15.1490007Z [1m[92m   Compiling[0m prometheus v0.14.0
2026-10-07T23:54:15.1882523Z [1m[92m   Compiling[0m async-stream v0.3.6
2026-10-07T23:54:15.2720168Z [1m[92m   Compiling[0m ouroboros v0.18.5
2026-10-07T23:54:19.9940093Z [1m[92m   Compiling[0m tokio-tungstenite v0.20.1
2026-10-07T23:54:20.1585321Z [1m[92m   Compiling[0m aws-smithy-checksums v0.64.4
2026-10-07T23:54:20.1810042Z [1m[92m   Compiling[0m sea-orm-macros v1.1.10
2026-10-07T23:54:20.5880090Z [1m[92m   Compiling[0m hyper-tls v0.5.0
2026-10-07T23:54:21.9579876Z [1m[92m   Compiling[0m sea-query-binder v0.7.0
2026-10-07T23:54:22.6051699Z [1m[92m   Compiling[0m rustls-pemfile v1.0.4
2026-10-07T23:54:22.7449950Z [1m[92m   Compiling[0m tower v0.4.13
2026-10-07T23:54:23.0110026Z [1m[92m   Compiling[0m clap_complete v4.5.59
2026-10-07T23:54:23.5129993Z [1m[92m   Compiling[0m proc-macro-error-attr v1.0.4
2026-10-07T23:54:23.6023342Z [1m[92m   Compiling[0m rand v0.4.6
2026-10-07T23:54:24.1171788Z [1m[92m   Compiling[0m matchit v0.7.3
2026-10-07T23:54:24.3330233Z [1m[92m   Compiling[0m fastrand v1.9.0
2026-10-07T23:54:24.4956401Z [1m[92m   Compiling[0m http-range-header v0.3.1
2026-10-07T23:54:24.6221471Z [1m[92m   Compiling[0m strum v0.26.3
2026-10-07T23:54:24.6597905Z [1m[92m   Compiling[0m sea-orm v1.1.10
2026-10-07T23:54:25.2190334Z [1m[92m   Compiling[0m tower-http v0.4.4
2026-10-07T23:54:25.7350117Z [1m[92m   Compiling[0m futures-lite v1.13.0
2026-10-07T23:54:29.4810291Z [1m[92m   Compiling[0m rand v0.3.23
2026-10-07T23:54:29.5595390Z [1m[92m   Compiling[0m reqwest v0.11.27
2026-10-07T23:54:31.0561451Z [1m[92m   Compiling[0m aws-sdk-s3 v1.123.0
2026-10-07T23:54:33.3950442Z [1m[92m   Compiling[0m cargo_metadata v0.23.1
2026-10-07T23:54:34.5990927Z [1m[92m   Compiling[0m codestral v0.1.0 (/home/runner/work/koda/koda/crates/codestral)
2026-10-07T23:54:34.8690080Z [1m[92m   Compiling[0m aws-sdk-kinesis v1.100.0
2026-10-07T23:54:35.7205066Z [1m[92m   Compiling[0m tasks_ui v0.1.0 (/home/runner/work/koda/koda/crates/tasks_ui)
2026-10-07T23:54:37.5850300Z [1m[92m   Compiling[0m debugger_tools v0.1.0 (/home/runner/work/koda/koda/crates/debugger_tools)
2026-10-07T23:54:39.2319961Z [1m[92m   Compiling[0m dashmap v6.1.0
2026-10-07T23:54:39.5540040Z [1m[92m   Compiling[0m jupyter-protocol v1.4.0
2026-10-07T23:54:42.4648799Z [1m[92m   Compiling[0m envy v0.4.2
2026-10-07T23:54:42.5785534Z [1m[92m   Compiling[0m parse_int v0.9.0
2026-10-07T23:54:42.6529946Z [1m[92m   Compiling[0m proc-macro-error v1.0.4
2026-10-07T23:54:42.7500022Z [1m[92m   Compiling[0m sdd v4.6.2
2026-10-07T23:54:43.0530138Z [1m[92m   Compiling[0m saa v5.4.9
2026-10-07T23:54:43.3220099Z [1m[92m   Compiling[0m scc v3.5.6
2026-10-07T23:54:43.9901080Z [1m[92m   Compiling[0m octocrab v0.49.7
2026-10-07T23:54:44.1746314Z [1m[92m   Compiling[0m random_choice v0.3.2
2026-10-07T23:54:44.2231069Z [1m[92m   Compiling[0m async-dispatcher v0.1.2
2026-10-07T23:54:44.3660203Z [1m[92m   Compiling[0m cli v0.1.0 (/home/runner/work/koda/koda/crates/cli)
2026-10-07T23:54:44.4889719Z [1m[92m   Compiling[0m darling_core v0.21.3
2026-10-07T23:54:44.5265383Z [1m[92m   Compiling[0m markdown_preview v0.1.0 (/home/runner/work/koda/koda/crates/markdown_preview)
2026-10-07T23:54:46.4650170Z [1m[92m   Compiling[0m console v0.16.3
2026-10-07T23:54:46.7199867Z [1m[92m   Compiling[0m rand_pcg v0.3.1
2026-10-07T23:54:46.8287471Z [1m[92m   Compiling[0m itertools v0.10.5
2026-10-07T23:54:46.9080276Z [1m[92m   Compiling[0m asynchronous-codec v0.7.0
2026-10-07T23:54:47.0880084Z [1m[92m   Compiling[0m triomphe v0.1.15
2026-10-07T23:54:47.3139885Z [1m[92m   Compiling[0m snafu-derive v0.8.9
2026-10-07T23:54:47.8019911Z [1m[92m   Compiling[0m sha-1 v0.10.1
2026-10-07T23:54:47.9626075Z [1m[92m   Compiling[0m errno v0.2.8
2026-10-07T23:54:48.0666420Z [1m[92m   Compiling[0m edit_prediction_cli v0.1.0 (/home/runner/work/koda/koda/crates/edit_prediction_cli)
2026-10-07T23:54:48.1860382Z [1m[92m   Compiling[0m guppy-workspace-hack v0.1.0
2026-10-07T23:54:48.2633481Z [1m[92m   Compiling[0m shingles v0.1.1
2026-10-07T23:54:48.3491012Z [1m[92m   Compiling[0m siphasher v0.3.11
2026-10-07T23:54:48.4399876Z [1m[92m   Compiling[0m gaoya v0.2.0
2026-10-07T23:54:48.6114808Z [1m[92m   Compiling[0m snafu v0.8.9
2026-10-07T23:54:48.8271220Z [1m[92m   Compiling[0m exec v0.3.1
2026-10-07T23:54:48.9470515Z [1m[92m   Compiling[0m zeromq v0.5.0
2026-10-07T23:54:49.0880003Z [1m[92m   Compiling[0m dialoguer v0.12.0
2026-10-07T23:54:49.4309268Z [1m[92m   Compiling[0m collab v0.44.0 (/home/runner/work/koda/koda/crates/collab)
2026-10-07T23:54:50.6680437Z [1m[92m   Compiling[0m darling_macro v0.21.3
2026-10-07T23:54:51.2045936Z [1m[92m   Compiling[0m debugger_ui v0.1.0 (/home/runner/work/koda/koda/crates/debugger_ui)
2026-10-07T23:55:00.1564150Z [1m[92m   Compiling[0m edit_prediction_ui v0.1.0 (/home/runner/work/koda/koda/crates/edit_prediction_ui)
2026-10-07T23:55:00.5350323Z [1m[92m   Compiling[0m clap_complete_nushell v4.6.0
2026-10-07T23:55:00.7040795Z [1m[92m   Compiling[0m file_finder v0.1.0 (/home/runner/work/koda/koda/crates/file_finder)
2026-10-07T23:55:01.7280615Z [1m[92m   Compiling[0m libwebrtc v0.3.26 (https://github.com/zed-industries/livekit-rust-sdks?rev=0a1c519cfce9b365229026b55de9b9dbdb6fed3c#0a1c519c)
2026-10-07T23:55:02.6271799Z [1m[92m   Compiling[0m outline v0.1.0 (/home/runner/work/koda/koda/crates/outline)
2026-10-07T23:55:02.8340249Z [1m[92m   Compiling[0m ipc-channel v0.19.0
2026-10-07T23:55:03.4110160Z [1m[92m   Compiling[0m audio v0.1.0 (/home/runner/work/koda/koda/crates/audio)
2026-10-07T23:55:04.1290682Z [1m[92m   Compiling[0m agent_ui v0.1.0 (/home/runner/work/koda/koda/crates/agent_ui)
2026-10-07T23:55:04.4590070Z [1m[92m   Compiling[0m tungstenite v0.21.0
2026-10-07T23:55:05.0680138Z [1m[92m   Compiling[0m inotify v0.9.6
2026-10-07T23:55:05.3109921Z [1m[92m   Compiling[0m hyper-timeout v0.5.2
2026-10-07T23:55:05.4370016Z [1m[92m   Compiling[0m simplelog v0.12.2
2026-10-07T23:55:05.8149921Z [1m[92m   Compiling[0m secrecy v0.10.3
2026-10-07T23:55:05.9105239Z [1m[92m   Compiling[0m mio v0.8.11
2026-10-07T23:55:06.1590754Z [1m[92m   Compiling[0m proptest-derive v0.8.0
2026-10-07T23:55:07.1520274Z [1m[92m   Compiling[0m livekit_client v0.1.0 (/home/runner/work/koda/koda/crates/livekit_client)
2026-10-07T23:55:08.4040211Z [1m[92m   Compiling[0m call v0.1.0 (/home/runner/work/koda/koda/crates/call)
2026-10-07T23:55:09.8549879Z [1m[92m   Compiling[0m fork v0.4.0
2026-10-07T23:55:09.9740207Z [1m[92m   Compiling[0m git_ui v0.1.0 (/home/runner/work/koda/koda/crates/git_ui)
2026-10-07T23:55:11.1610475Z [1m[92m   Compiling[0m title_bar v0.1.0 (/home/runner/work/koda/koda/crates/title_bar)
2026-10-07T23:55:14.0200305Z [1m[92m   Compiling[0m collab_ui v0.1.0 (/home/runner/work/koda/koda/crates/collab_ui)
2026-10-07T23:55:19.2596642Z [1m[92m   Compiling[0m pulldown-cmark v0.10.3
2026-10-07T23:55:19.3481147Z [1m[92m   Compiling[0m target-spec v3.7.0
2026-10-07T23:55:19.5680438Z [1m[92m   Compiling[0m notify v6.1.1
2026-10-07T23:55:21.6050078Z [1m[92m   Compiling[0m tokio-tungstenite v0.21.0
2026-10-07T23:55:23.9760031Z [1m[92m   Compiling[0m merge_derive v0.1.0
2026-10-07T23:55:24.3277736Z [1m[92m   Compiling[0m darling v0.21.3
2026-10-07T23:55:24.3800088Z [1m[92m   Compiling[0m runtimelib v1.4.0
2026-10-07T23:55:25.6217679Z [1m[92m   Compiling[0m nbformat v1.2.0
2026-10-07T23:55:26.7560075Z [1m[92m   Compiling[0m jupyter-websocket-client v1.1.0
2026-10-07T23:55:27.0980211Z [1m[92m   Compiling[0m cssparser v0.37.0
2026-10-07T23:55:27.6327945Z [1m[92m   Compiling[0m extension_suggest v0.1.0 (/home/runner/work/koda/koda/crates/extension_suggest)
2026-10-07T23:55:27.7930114Z [1m[92m   Compiling[0m tree-sitter-ruby v0.23.1
2026-10-07T23:55:27.9200550Z [1m[92m   Compiling[0m tree-sitter-embedded-template v0.23.2
2026-10-07T23:55:27.9951087Z [1m[92m   Compiling[0m tree-sitter-heex v0.0.1 (https://github.com/zed-industries/tree-sitter-heex?rev=1dd45142fbb05562e35b2040c6129c9bca346592#1dd45142)
2026-10-07T23:55:28.0564963Z [1m[92m   Compiling[0m tree-sitter-elixir v0.3.4
2026-10-07T23:55:28.1302371Z [1m[92m   Compiling[0m maplit v1.0.2
2026-10-07T23:55:28.1907410Z [1m[92m   Compiling[0m pulldown-cmark-escape v0.10.1
2026-10-07T23:55:29.2639831Z [1m[92m   Compiling[0m ammonia v4.1.4
2026-10-07T23:55:31.3542926Z [1m[92m   Compiling[0m derive_setters v0.1.9
2026-10-07T23:55:31.6848036Z [1m[92m   Compiling[0m merge v0.1.0
2026-10-07T23:55:31.7450402Z [1m[92m   Compiling[0m warp v0.3.7
2026-10-07T23:55:32.1343013Z [1m[92m   Compiling[0m notify-debouncer-mini v0.4.1
2026-10-07T23:55:32.6100238Z [1m[92m   Compiling[0m settings_ui v0.1.0 (/home/runner/work/koda/koda/crates/settings_ui)
2026-10-07T23:55:33.9721113Z [1m[92m   Compiling[0m outline_panel v0.1.0 (/home/runner/work/koda/koda/crates/outline_panel)
2026-10-07T23:55:34.2320351Z [1m[92m   Compiling[0m project_panel v0.1.0 (/home/runner/work/koda/koda/crates/project_panel)
2026-10-07T23:55:37.5051649Z [1m[92m   Compiling[0m vim v0.1.0 (/home/runner/work/koda/koda/crates/vim)
2026-10-07T23:55:39.4467295Z [1m[92m   Compiling[0m auto_update_helper v0.1.0 (/home/runner/work/koda/koda/crates/auto_update_helper)
2026-10-07T23:55:39.5427523Z [1m[92m   Compiling[0m zed v1.23.0 (/home/runner/work/koda/koda/crates/zed)
2026-10-07T23:55:40.6321017Z [1m[92m   Compiling[0m component_preview v0.1.0 (/home/runner/work/koda/koda/crates/component_preview)
2026-10-07T23:55:41.8238367Z [1m[92m   Compiling[0m handlebars v5.1.2
2026-10-07T23:55:42.1380299Z [1m[92m   Compiling[0m go_to_line v0.1.0 (/home/runner/work/koda/koda/crates/go_to_line)
2026-10-07T23:55:43.2530932Z [1m[92m   Compiling[0m theme_extension v0.1.0 (/home/runner/work/koda/koda/crates/theme_extension)
2026-10-07T23:55:43.7921095Z [1m[92m   Compiling[0m opener v0.7.2
2026-10-07T23:55:44.2519864Z [1m[92m   Compiling[0m cargo-platform v0.1.9
2026-10-07T23:55:44.4372786Z [1m[92m   Compiling[0m elasticlunr-rs v3.0.2
2026-10-07T23:55:44.9799955Z [1m[92m   Compiling[0m toml v0.5.11
2026-10-07T23:55:45.1971117Z [1m[92m   Compiling[0m strum_macros v0.27.2
2026-10-07T23:55:45.9220900Z [1m[92m   Compiling[0m gh-workflow-macros v0.8.0 (https://github.com/zed-industries/gh-workflow?rev=37f3c0575d379c218a9c455ee67585184e40d43f#37f3c057)
2026-10-07T23:55:46.1880218Z [1m[92m   Compiling[0m gpui_windows v0.1.0 (/home/runner/work/koda/koda/crates/gpui_windows)
2026-10-07T23:55:46.2795887Z [1m[92m   Compiling[0m eval_cli v0.1.0 (/home/runner/work/koda/koda/crates/eval_cli)
2026-10-07T23:55:46.3240185Z [1m[92m   Compiling[0m gpui_apple v0.1.0 (/home/runner/work/koda/koda/crates/gpui_apple)
2026-10-07T23:55:46.4318350Z [1m[92m   Compiling[0m debug-ignore v1.0.5
2026-10-07T23:55:46.4420188Z [1m[92m   Compiling[0m topological-sort v0.2.2
2026-10-07T23:55:46.4880532Z [1m[92m   Compiling[0m nested v0.1.1
2026-10-07T23:55:46.5147590Z [1m[92m   Compiling[0m mdbook v0.4.40
2026-10-07T23:55:46.5900484Z [1m[92m   Compiling[0m guppy v0.18.0
2026-10-07T23:55:46.7540657Z [1m[92m   Compiling[0m gh-workflow v0.8.0 (https://github.com/zed-industries/gh-workflow?rev=37f3c0575d379c218a9c455ee67585184e40d43f#37f3c057)
2026-10-07T23:55:49.0100069Z [1m[92m   Compiling[0m cargo_metadata v0.19.2
2026-10-07T23:55:49.8660307Z [1m[92m   Compiling[0m compliance v0.1.0 (/home/runner/work/koda/koda/tooling/compliance)
2026-10-07T23:55:50.1960295Z [1m[92m   Compiling[0m extensions_ui v0.1.0 (/home/runner/work/koda/koda/crates/extensions_ui)
2026-10-07T23:55:50.2330565Z [1m[92m   Compiling[0m repl v0.1.0 (/home/runner/work/koda/koda/crates/repl)
2026-10-07T23:55:52.4844093Z [1m[92m   Compiling[0m acp_tools v0.1.0 (/home/runner/work/koda/koda/crates/acp_tools)
2026-10-07T23:55:53.1890130Z [1m[92m   Compiling[0m sidebar v0.1.0 (/home/runner/work/koda/koda/crates/sidebar)
2026-10-07T23:55:54.0923338Z [1m[92m   Compiling[0m auto_update_ui v0.1.0 (/home/runner/work/koda/koda/crates/auto_update_ui)
2026-10-07T23:55:55.2550326Z [1m[92m   Compiling[0m keymap_editor v0.1.0 (/home/runner/work/koda/koda/crates/keymap_editor)
2026-10-07T23:55:56.7390166Z [1m[92m   Compiling[0m which_key v0.1.0 (/home/runner/work/koda/koda/crates/which_key)
2026-10-07T23:55:57.5600005Z [1m[92m   Compiling[0m feedback v0.1.0 (/home/runner/work/koda/koda/crates/feedback)
2026-10-07T23:55:57.7381005Z [1m[92m   Compiling[0m language_tools v0.1.0 (/home/runner/work/koda/koda/crates/language_tools)
2026-10-07T23:55:58.1270531Z [1m[92m   Compiling[0m web_search_providers v0.1.0 (/home/runner/work/koda/koda/crates/web_search_providers)
2026-10-07T23:55:58.1670700Z [1m[92m   Compiling[0m snippets_ui v0.1.0 (/home/runner/work/koda/koda/crates/snippets_ui)
2026-10-07T23:55:58.4641167Z [1m[92m   Compiling[0m toolchain_selector v0.1.0 (/home/runner/work/koda/koda/crates/toolchain_selector)
2026-10-07T23:55:58.7570381Z [1m[92m   Compiling[0m language_selector v0.1.0 (/home/runner/work/koda/koda/crates/language_selector)
2026-10-07T23:55:59.3611266Z [1m[92m   Compiling[0m activity_indicator v0.1.0 (/home/runner/work/koda/koda/crates/activity_indicator)
2026-10-07T23:56:00.0590345Z [1m[92m   Compiling[0m onboarding v0.1.0 (/home/runner/work/koda/koda/crates/onboarding)
2026-10-07T23:56:00.3170296Z [1m[92m   Compiling[0m project_symbols v0.1.0 (/home/runner/work/koda/koda/crates/project_symbols)
2026-10-07T23:56:00.5621156Z [1m[92m   Compiling[0m lsp_locations v0.1.0 (/home/runner/work/koda/koda/crates/lsp_locations)
2026-10-07T23:56:01.4905087Z [1m[92m   Compiling[0m inspector_ui v0.1.0 (/home/runner/work/koda/koda/crates/inspector_ui)
2026-10-07T23:56:01.5920606Z [1m[92m   Compiling[0m miniprofiler_ui v0.1.0 (/home/runner/work/koda/koda/crates/miniprofiler_ui)
2026-10-07T23:56:02.2235158Z [1m[92m   Compiling[0m tabular_data_preview v0.1.0 (/home/runner/work/koda/koda/crates/tabular_data_preview)
2026-10-07T23:56:02.6890687Z [1m[92m   Compiling[0m line_ending_selector v0.1.0 (/home/runner/work/koda/koda/crates/line_ending_selector)
2026-10-07T23:56:02.9020374Z [1m[92m   Compiling[0m lsp_command_selector v0.1.0 (/home/runner/work/koda/koda/crates/lsp_command_selector)
2026-10-07T23:56:03.9590490Z [1m[92m   Compiling[0m call_hierarchy v0.1.0 (/home/runner/work/koda/koda/crates/call_hierarchy)
2026-10-07T23:56:04.4590497Z [1m[92m   Compiling[0m theme_selector v0.1.0 (/home/runner/work/koda/koda/crates/theme_selector)
2026-10-07T23:56:04.8940293Z [1m[92m   Compiling[0m tab_switcher v0.1.0 (/home/runner/work/koda/koda/crates/tab_switcher)
2026-10-07T23:56:05.8584920Z [1m[92m   Compiling[0m settings_profile_selector v0.1.0 (/home/runner/work/koda/koda/crates/settings_profile_selector)
2026-10-07T23:56:06.1390306Z [1m[92m   Compiling[0m encoding_selector v0.1.0 (/home/runner/work/koda/koda/crates/encoding_selector)
2026-10-07T23:56:06.1627566Z [1m[92m   Compiling[0m language_onboarding v0.1.0 (/home/runner/work/koda/koda/crates/language_onboarding)
2026-10-07T23:56:06.5246967Z [1m[92m   Compiling[0m image_viewer v0.1.0 (/home/runner/work/koda/koda/crates/image_viewer)
2026-10-07T23:56:06.9170181Z [1m[92m   Compiling[0m journal v0.1.0 (/home/runner/work/koda/koda/crates/journal)
2026-10-07T23:56:07.1440428Z [1m[92m   Compiling[0m diagnostics v0.1.0 (/home/runner/work/koda/koda/crates/diagnostics)
2026-10-07T23:56:07.5240809Z [1m[92m   Compiling[0m install_cli v0.1.0 (/home/runner/work/koda/koda/crates/install_cli)
2026-10-07T23:56:07.9220685Z [1m[92m   Compiling[0m svg_preview v0.1.0 (/home/runner/work/koda/koda/crates/svg_preview)
2026-10-07T23:56:07.9634837Z [1m[92m   Compiling[0m ui_prompt v0.1.0 (/home/runner/work/koda/koda/crates/ui_prompt)
2026-10-07T23:56:08.7700703Z [1m[92m   Compiling[0m zlog_settings v0.1.0 (/home/runner/work/koda/koda/crates/zlog_settings)
2026-10-07T23:56:09.0690377Z [1m[92m   Compiling[0m input_latency_ui v0.1.0 (/home/runner/work/koda/koda/crates/input_latency_ui)
2026-10-07T23:56:09.1469565Z [1m[92m   Compiling[0m hang_telemetry v0.1.0 (/home/runner/work/koda/koda/crates/hang_telemetry)
2026-10-07T23:56:09.5450821Z [1m[92m   Compiling[0m annotate-snippets v0.12.12
2026-10-07T23:56:09.6210122Z [1m[92m   Compiling[0m ctrlc v3.5.0
2026-10-07T23:56:09.7380077Z [1m[92m   Compiling[0m vscode_theme v0.2.0
2026-10-07T23:56:10.6051959Z [1m[92m   Compiling[0m xtask v0.1.0 (/home/runner/work/koda/koda/tooling/xtask)
2026-10-07T23:56:14.1105368Z [1m[92m   Compiling[0m theme_importer v0.1.0 (/home/runner/work/koda/koda/crates/theme_importer)
2026-10-07T23:56:20.2700443Z [1m[92m   Compiling[0m docs_preprocessor v0.1.0 (/home/runner/work/koda/koda/crates/docs_preprocessor)
2026-10-08T00:00:16.6294791Z [1m[92m   Compiling[0m extension_cli v0.1.0 (/home/runner/work/koda/koda/crates/extension_cli)
2026-10-08T00:00:20.3004138Z [1m[92m   Compiling[0m fs_benchmarks v0.1.0 (/home/runner/work/koda/koda/crates/fs_benchmarks)
2026-10-08T00:00:39.4807316Z [1m[92m   Compiling[0m editor_benchmarks v0.1.0 (/home/runner/work/koda/koda/crates/editor_benchmarks)
2026-10-08T00:00:43.0504942Z [1m[92m   Compiling[0m worktree_benchmarks v0.1.0 (/home/runner/work/koda/koda/crates/worktree_benchmarks)
2026-10-08T00:00:48.2414049Z [1m[92m   Compiling[0m schema_generator v0.1.0 (/home/runner/work/koda/koda/crates/schema_generator)
2026-10-08T00:01:45.8484848Z [1m[33mwarning[0m[1m: unused import: `ARCH`[0m
2026-10-08T00:01:45.8491007Z   [1m[94m--> [0mcrates/auto_update/src/auto_update.rs:29:18
2026-10-08T00:01:45.8494059Z    [1m[94m|[0m
2026-10-08T00:01:45.8664951Z [1m[94m29[0m [1m[94m|[0m         consts::{ARCH, OS},
2026-10-08T00:01:45.8684697Z    [1m[94m|[0m                  [1m[33m^^^^[0m
2026-10-08T00:01:45.8687202Z    [1m[94m|[0m
2026-10-08T00:01:45.8689887Z    [1m[94m= [0m[1mnote[0m: `#[warn(unused_imports)]` (part of `#[warn(unused)]`) on by default
2026-10-08T00:01:45.8692371Z 
2026-10-08T00:01:45.8696788Z [1m[33mwarning[0m[1m: unused import: `release_channel::AppCommitSha`[0m
2026-10-08T00:01:45.8699305Z     [1m[94m--> [0mcrates/auto_update/src/auto_update.rs:1461:9
2026-10-08T00:01:45.8701893Z      [1m[94m|[0m
2026-10-08T00:01:45.8702794Z [1m[94m1461[0m [1m[94m|[0m     use release_channel::AppCommitSha;
2026-10-08T00:01:45.8705529Z      [1m[94m|[0m         [1m[33m^^^^^^^^^^^^^^^^^^^^^^^^^^^^^[0m
2026-10-08T00:01:45.8707894Z 
2026-10-08T00:01:50.4026711Z [1m[33mwarning[0m: `auto_update` (lib test) generated 2 warnings (run `cargo fix --lib -p auto_update --tests` to apply 2 suggestions)
2026-10-08T00:02:44.1038956Z [1m[92m   Compiling[0m gpui_macos v0.1.0 (/home/runner/work/koda/koda/crates/gpui_macos)
2026-10-08T00:02:44.2781666Z [1m[92m   Compiling[0m gpui_web v0.1.0 (/home/runner/work/koda/koda/crates/gpui_web)
2026-10-08T00:02:55.7861524Z [1m[92m    Finished[0m `test` profile [unoptimized] target(s) in 17m 28s
2026-10-08T00:03:08.4176230Z ────────────
2026-10-08T00:03:08.4178821Z [32;1m Nextest run[0m ID [1m7cd8d40a-59a8-4045-a93e-2551711669f2[0m with nextest profile: [1mdefault[0m
2026-10-08T00:03:08.4181520Z [32;1m    Starting[0m [1m10510[0m tests across [1m211[0m binaries ([1m23[0m tests [33;1mskipped[0m)
2026-10-08T00:28:51.1435599Z ────────────
2026-10-08T00:28:51.1440045Z [32;1m     Summary[0m [1542.726s] [1m10510[0m tests run: [1m10510[0m [32;1mpassed[0m, [1m23[0m [33;1mskipped[0m
2026-10-08T00:28:52.5921423Z Workspace tests (build and execution): 2611.0s (exit 0)
2026-10-08T00:28:53.0080568Z ##[group]Run python3 script/ci-run stage 'Linux app build' -- cargo build --locked --keep-going -p zed --bin koda
2026-10-08T00:28:53.0087240Z [36;1mpython3 script/ci-run stage 'Linux app build' -- cargo build --locked --keep-going -p zed --bin koda[0m
2026-10-08T00:28:53.1819337Z shell: /usr/bin/bash --noprofile --norc -e -o pipefail {0}
2026-10-08T00:28:53.1819627Z env:
2026-10-08T00:28:53.1819795Z   CARGO_TERM_COLOR: always
2026-10-08T00:28:53.1819998Z   CARGO_INCREMENTAL: 0
2026-10-08T00:28:53.1820182Z   CARGO_PROFILE_DEV_DEBUG: 0
2026-10-08T00:28:53.1820389Z   CARGO_PROFILE_DEV_BUILD_OVERRIDE_DEBUG: 0
2026-10-08T00:28:53.1820607Z   RUST_BACKTRACE: 1
2026-10-08T00:28:53.1820769Z   CC: clang
2026-10-08T00:28:53.1820938Z   CXX: clang++
2026-10-08T00:28:53.1821090Z   WGPU_BACKEND: vulkan
2026-10-08T00:28:53.1821254Z   CI_TEST_FILTER: 
2026-10-08T00:28:53.1821409Z   CI_TEST_MODE: full
2026-10-08T00:28:53.1821569Z   CARGO_BUILD_JOBS: 4
2026-10-08T00:28:53.1821764Z   CI_TEST_THREADS: 4
2026-10-08T00:28:53.1821967Z   VK_DRIVER_FILES: /usr/share/vulkan/icd.d/lvp_icd.json
2026-10-08T00:28:53.1822208Z ##[endgroup]
2026-10-08T00:28:56.9258812Z [1m[92m   Compiling[0m serde_core v1.0.229
2026-10-08T00:28:56.9393309Z [1m[92m   Compiling[0m hashbrown v0.17.1
2026-10-08T00:28:56.9395870Z [1m[92m   Compiling[0m either v1.15.0
2026-10-08T00:28:56.9519649Z [1m[92m   Compiling[0m serde_json v1.0.151
2026-10-08T00:28:57.0890477Z [1m[92m   Compiling[0m itertools v0.14.0
2026-10-08T00:28:57.1233845Z [1m[92m   Compiling[0m subtle v2.6.1
2026-10-08T00:28:57.2079304Z [1m[92m   Compiling[0m digest v0.10.7
2026-10-08T00:28:57.3949944Z [1m[92m   Compiling[0m sha2 v0.10.9
2026-10-08T00:28:57.6010741Z [1m[92m   Compiling[0m nix v0.30.1
2026-10-08T00:28:57.7980211Z [1m[92m   Compiling[0m fastrand v2.3.0
2026-10-08T00:28:57.8950054Z [1m[92m   Compiling[0m rayon v1.11.0
2026-10-08T00:28:57.9770050Z [1m[92m   Compiling[0m semver v1.0.28
2026-10-08T00:28:58.2316001Z [1m[92m   Compiling[0m rand v0.8.6
2026-10-08T00:28:58.2868367Z [1m[92m   Compiling[0m lyon_path v1.0.16
2026-10-08T00:28:58.7260565Z [1m[92m   Compiling[0m unicode-properties v0.1.3
2026-10-08T00:28:58.8450468Z [1m[92m   Compiling[0m lyon_tessellation v1.0.16
2026-10-08T00:28:58.8859118Z [1m[92m   Compiling[0m lyon_algorithms v1.0.16
2026-10-08T00:28:59.0710076Z [1m[92m   Compiling[0m serde v1.0.229
2026-10-08T00:28:59.2900038Z [1m[92m   Compiling[0m erased-serde v0.4.9
2026-10-08T00:28:59.5246221Z [1m[92m   Compiling[0m serde_fmt v1.0.3
2026-10-08T00:28:59.5585799Z [1m[92m   Compiling[0m bitflags v2.13.1
2026-10-08T00:28:59.6411354Z [1m[92m   Compiling[0m value-bag-serde1 v1.12.0
2026-10-08T00:28:59.6505698Z [1m[92m   Compiling[0m smallvec v1.16.1
2026-10-08T00:28:59.6950322Z [1m[92m   Compiling[0m value-bag v1.12.0
2026-10-08T00:28:59.7400270Z [1m[92m   Compiling[0m rustix v1.1.4
2026-10-08T00:28:59.8140308Z [1m[92m   Compiling[0m indexmap v2.14.0
2026-10-08T00:29:00.0300056Z [1m[92m   Compiling[0m log v0.4.29
2026-10-08T00:29:00.3490300Z [1m[92m   Compiling[0m parking_lot_core v0.9.12
2026-10-08T00:29:00.3690344Z [1m[92m   Compiling[0m tracing v0.1.43
2026-10-08T00:29:00.5650710Z [1m[92m   Compiling[0m parking_lot v0.12.5
2026-10-08T00:29:00.5769842Z [1m[92m   Compiling[0m icu_normalizer v2.3.0
2026-10-08T00:29:00.8802641Z [1m[92m   Compiling[0m uuid v1.18.1
2026-10-08T00:29:01.2120016Z [1m[92m   Compiling[0m idna_adapter v1.2.1
2026-10-08T00:29:01.2400563Z [1m[92m   Compiling[0m gpui_util v0.1.0 (/home/runner/work/koda/koda/crates/gpui_util)
2026-10-08T00:29:01.3130073Z [1m[92m   Compiling[0m idna v1.1.0
2026-10-08T00:29:01.4310049Z [1m[92m   Compiling[0m globset v0.4.17
2026-10-08T00:29:01.8190413Z [1m[92m   Compiling[0m url v2.5.7
2026-10-08T00:29:02.1000613Z [1m[92m   Compiling[0m schemars v1.0.4
2026-10-08T00:29:03.2710105Z [1m[92m   Compiling[0m rust-embed-utils v8.11.0
2026-10-08T00:29:03.4513492Z [1m[92m   Compiling[0m rust-embed-impl v8.11.0
2026-10-08T00:29:04.1209940Z [1m[92m   Compiling[0m polling v3.11.0
2026-10-08T00:29:04.3769938Z [1m[92m   Compiling[0m async-io v2.6.0
2026-10-08T00:29:04.3950095Z [1m[92m   Compiling[0m serde_urlencoded v0.7.1
2026-10-08T00:29:04.5740297Z [1m[92m   Compiling[0m path v0.1.0 (/home/runner/work/koda/koda/crates/path)
2026-10-08T00:29:04.7940005Z [1m[92m   Compiling[0m async-signal v0.2.13
2026-10-08T00:29:04.8930475Z [1m[92m   Compiling[0m collections v0.1.0 (/home/runner/work/koda/koda/crates/collections)
2026-10-08T00:29:04.9251252Z [1m[92m   Compiling[0m async-process v2.5.0 (https://github.com/zed-industries/async-process.git?rev=0b6d6713570af61806e1e5cb40e0f757cb93fd9d#0b6d6713)
2026-10-08T00:29:04.9476308Z [1m[92m   Compiling[0m async-net v2.0.0
2026-10-08T00:29:04.9683891Z [1m[92m   Compiling[0m tempfile v3.27.0
2026-10-08T00:29:05.2580004Z [1m[92m   Compiling[0m smol v2.0.2
2026-10-08T00:29:05.4413160Z [1m[92m   Compiling[0m serde_json_lenient v0.2.4
2026-10-08T00:29:05.5369177Z [1m[92m   Compiling[0m rust-embed v8.11.0
2026-10-08T00:29:05.5653079Z [1m[92m   Compiling[0m chrono v0.4.42
2026-10-08T00:29:05.6334612Z [1m[92m   Compiling[0m async-global-executor v2.4.1
2026-10-08T00:29:05.9800556Z [1m[92m   Compiling[0m kv-log-macro v1.0.7
2026-10-08T00:29:06.0689911Z [1m[92m   Compiling[0m async-std v1.13.2
2026-10-08T00:29:06.4880434Z [1m[92m   Compiling[0m xattr v1.6.1
2026-10-08T00:29:06.7360024Z [1m[92m   Compiling[0m command-fds v0.3.2
2026-10-08T00:29:06.8020044Z [1m[92m   Compiling[0m mio v1.2.0
2026-10-08T00:29:06.8936860Z [1m[92m   Compiling[0m util v0.1.0 (/home/runner/work/koda/koda/crates/util)
2026-10-08T00:29:06.9595586Z [1m[92m   Compiling[0m gpui_shared_string v0.1.0 (/home/runner/work/koda/koda/crates/gpui_shared_string)
2026-10-08T00:29:07.0530776Z [1m[92m   Compiling[0m tracing-log v0.2.0
2026-10-08T00:29:07.1750039Z [1m[92m   Compiling[0m tracing-serde v0.2.0
2026-10-08T00:29:07.2590065Z [1m[92m   Compiling[0m tracing-subscriber v0.3.22
2026-10-08T00:29:07.2682823Z [1m[92m   Compiling[0m kurbo v0.13.1
2026-10-08T00:29:07.7869770Z [1m[92m   Compiling[0m async-tar v0.6.1 (https://github.com/zed-industries/async-tar?rev=bd3ad6f89df9a9da7a8535958756d6bf465936a0#bd3ad6f8)
2026-10-08T00:29:08.3528079Z [1m[92m   Compiling[0m http_client v0.1.0 (/home/runner/work/koda/koda/crates/http_client)
2026-10-08T00:29:08.3679867Z [1m[92m   Compiling[0m svgtypes v0.16.1
2026-10-08T00:29:08.3880791Z [1m[92m   Compiling[0m zlog v0.1.0 (/home/runner/work/koda/koda/crates/zlog)
2026-10-08T00:29:08.9828213Z [1m[92m   Compiling[0m ztracing v0.1.0 (/home/runner/work/koda/koda/crates/ztracing)
2026-10-08T00:29:08.9939838Z [1m[92m   Compiling[0m accesskit v0.24.1
2026-10-08T00:29:09.0214146Z [1m[92m   Compiling[0m sum_tree v0.1.0 (/home/runner/work/koda/koda/crates/sum_tree)
2026-10-08T00:29:09.0313611Z [1m[92m   Compiling[0m fontdb v0.23.0
2026-10-08T00:29:09.3530094Z [1m[92m   Compiling[0m rustybuzz v0.20.1
2026-10-08T00:29:09.3910633Z [1m[92m   Compiling[0m simplecss v0.2.2
2026-10-08T00:29:09.4760511Z [1m[92m   Compiling[0m perf v0.1.0 (/home/runner/work/koda/koda/tooling/perf)
2026-10-08T00:29:09.6490027Z [1m[92m   Compiling[0m postage v0.5.0
2026-10-08T00:29:09.7290210Z [1m[92m   Compiling[0m tiny-skia v0.11.4
2026-10-08T00:29:10.0770098Z [1m[92m   Compiling[0m exr v1.74.0
2026-10-08T00:29:10.2140513Z [1m[92m   Compiling[0m futures-concurrency v7.7.1
2026-10-08T00:29:11.2510079Z [1m[92m   Compiling[0m usvg v0.46.0
2026-10-08T00:29:11.8561644Z [1m[92m   Compiling[0m png v0.18.0
2026-10-08T00:29:12.7680057Z [1m[92m   Compiling[0m sysinfo v0.31.4
2026-10-08T00:29:12.8212115Z [1m[92m   Compiling[0m gpui v0.2.2 (/home/runner/work/koda/koda/crates/gpui)
2026-10-08T00:29:12.9524881Z [1m[92m   Compiling[0m scheduler v0.1.0 (/home/runner/work/koda/koda/crates/scheduler)
2026-10-08T00:29:13.6111357Z [1m[92m   Compiling[0m zed-scap v0.0.8-zed (https://github.com/zed-industries/scap?rev=4afea48c3b002197176fb19cd0f9b180dd36eaac#4afea48c)
2026-10-08T00:29:13.6829997Z [1m[92m   Compiling[0m resvg v0.46.0
2026-10-08T00:29:13.8950065Z [1m[92m   Compiling[0m image v0.25.10
2026-10-08T00:29:14.0563215Z [1m[92m   Compiling[0m util_macros v0.1.0 (/home/runner/work/koda/koda/crates/util_macros)
2026-10-08T00:29:14.0829102Z [1m[92m   Compiling[0m taffy v0.13.0
2026-10-08T00:29:17.2787656Z [1m[92m   Compiling[0m lyon v1.0.16
2026-10-08T00:29:17.3311101Z [1m[92m   Compiling[0m gpui_macros v0.1.0 (/home/runner/work/koda/koda/crates/gpui_macros)
2026-10-08T00:29:18.6849988Z [1m[92m   Compiling[0m tokio v1.52.1
2026-10-08T00:29:20.5504151Z [1m[92m   Compiling[0m linux-raw-sys v0.12.1
2026-10-08T00:29:20.8220061Z [1m[92m   Compiling[0m rustc_version v0.4.1
2026-10-08T00:29:21.0380331Z [1m[92m   Compiling[0m wasmtime-internal-core v48.0.1
2026-10-08T00:29:21.5590401Z [1m[92m   Compiling[0m deranged v0.5.4
2026-10-08T00:29:22.7063233Z [1m[92m   Compiling[0m time v0.3.47
2026-10-08T00:29:24.3548390Z [1m[92m   Compiling[0m cranelift-bitset v0.135.1
2026-10-08T00:29:24.5116798Z [1m[92m   Compiling[0m prost-derive v0.14.4
2026-10-08T00:29:24.5250233Z [1m[92m   Compiling[0m zeta_prompt v0.1.0 (/home/runner/work/koda/koda/crates/zeta_prompt)
2026-10-08T00:29:25.5180034Z [1m[92m   Compiling[0m pulley-interpreter v48.0.1
2026-10-08T00:29:25.8260499Z [1m[92m   Compiling[0m prost v0.14.4
2026-10-08T00:29:26.1047112Z [1m[92m   Compiling[0m cranelift-entity v0.135.1
2026-10-08T00:29:26.1530753Z [1m[92m   Compiling[0m postcard v1.1.3
2026-10-08T00:29:26.3930250Z [1m[92m   Compiling[0m cranelift-bforest v0.135.1
2026-10-08T00:29:26.4389906Z [1m[92m   Compiling[0m prost-types v0.14.4
2026-10-08T00:29:26.6230108Z [1m[92m   Compiling[0m gimli v0.33.0
2026-10-08T00:29:26.9520116Z [1m[92m   Compiling[0m cranelift-codegen-meta v0.135.1
2026-10-08T00:29:27.3400333Z [1m[92m   Compiling[0m cloud_llm_client v0.1.0 (/home/runner/work/koda/koda/crates/cloud_llm_client)
2026-10-08T00:29:27.9909893Z [1m[92m   Compiling[0m wasmparser v0.254.0
2026-10-08T00:29:29.4230318Z [1m[92m   Compiling[0m cranelift-codegen v0.135.1
2026-10-08T00:29:29.6860026Z [1m[92m   Compiling[0m regalloc2 v0.15.2
2026-10-08T00:29:37.6193064Z [1m[92m   Compiling[0m wasm-encoder v0.254.0
2026-10-08T00:29:39.1569983Z [1m[92m   Compiling[0m object v0.39.1
2026-10-08T00:29:42.2950409Z [1m[92m   Compiling[0m wasmprinter v0.254.0
2026-10-08T00:29:43.0650065Z [1m[92m   Compiling[0m hashbrown v0.15.5
2026-10-08T00:29:43.5421375Z [1m[92m   Compiling[0m id-arena v2.3.0
2026-10-08T00:29:43.6160023Z [1m[92m   Compiling[0m wit-parser v0.254.0
2026-10-08T00:29:44.2010428Z [1m[92m   Compiling[0m wasmtime-environ v48.0.1
2026-10-08T00:29:47.7780621Z [1m[92m   Compiling[0m petgraph v0.8.3
2026-10-08T00:29:49.1490012Z [1m[92m   Compiling[0m wasm-metadata v0.254.0
2026-10-08T00:29:49.4280356Z [1m[92m   Compiling[0m language_model_core v0.1.0 (/home/runner/work/koda/koda/crates/language_model_core)
2026-10-08T00:29:50.7330102Z [1m[92m   Compiling[0m prost-build v0.14.4
2026-10-08T00:29:51.8070043Z [1m[92m   Compiling[0m wit-component v0.254.0
2026-10-08T00:29:52.9993281Z [1m[92m   Compiling[0m logos-codegen v0.15.1
2026-10-08T00:29:53.3190694Z [1m[92m   Compiling[0m wasmtime-internal-jit-icache-coherence v48.0.1
2026-10-08T00:29:53.3789916Z [1m[92m   Compiling[0m memfd v0.6.5
2026-10-08T00:29:54.9080308Z [1m[92m   Compiling[0m wasmtime-internal-wit-bindgen v48.0.1
2026-10-08T00:29:55.5129036Z [1m[92m   Compiling[0m wasmtime-internal-fiber v48.0.1
2026-10-08T00:29:55.8775529Z [1m[92m   Compiling[0m tokio-util v0.7.18
2026-10-08T00:29:55.9990193Z [1m[92m   Compiling[0m wasmtime-internal-component-macro v48.0.1
2026-10-08T00:29:56.3987791Z [1m[92m   Compiling[0m logos-derive v0.15.1
2026-10-08T00:29:56.5849384Z [1m[92m   Compiling[0m tree-sitter v0.27.0 (https://github.com/tree-sitter/tree-sitter?rev=43623ec9bf0eaaf7113285c46e8a09018f181b18#43623ec9)
2026-10-08T00:29:57.7488253Z [1m[92m   Compiling[0m logos v0.15.1
2026-10-08T00:29:57.8716705Z [1m[92m   Compiling[0m paths v0.1.0 (/home/runner/work/koda/koda/crates/paths)
2026-10-08T00:29:58.0020502Z [1m[92m   Compiling[0m prost-reflect v0.16.5
2026-10-08T00:30:01.8170334Z [1m[92m   Compiling[0m wasmtime-internal-unwinder v48.0.1
2026-10-08T00:30:02.0662214Z [1m[92m   Compiling[0m cranelift-native v0.135.1
2026-10-08T00:30:02.1709933Z [1m[92m   Compiling[0m cranelift-frontend v0.135.1
2026-10-08T00:30:03.0387912Z [1m[92m   Compiling[0m wasmtime-internal-cranelift v48.0.1
2026-10-08T00:30:04.8565134Z [1m[92m   Compiling[0m protox-parse v0.9.0
2026-10-08T00:30:06.0229818Z [1m[92m   Compiling[0m ignore v0.4.24
2026-10-08T00:30:07.0610084Z [1m[92m   Compiling[0m wasmtime v48.0.1
2026-10-08T00:30:17.6380001Z [1m[92m   Compiling[0m getrandom v0.2.16
2026-10-08T00:30:17.9979887Z [1m[92m   Compiling[0m protox v0.9.1
2026-10-08T00:30:18.5220181Z [1m[92m   Compiling[0m release_channel v0.1.0 (/home/runner/work/koda/koda/crates/release_channel)
2026-10-08T00:30:18.8548227Z [1m[92m   Compiling[0m wasmtime-c-api-impl v48.0.1
2026-10-08T00:30:22.9910058Z [1m[92m   Compiling[0m rustls-webpki v0.103.13
2026-10-08T00:30:23.8549898Z [1m[92m   Compiling[0m rustls v0.23.40
2026-10-08T00:30:28.9600227Z [1m[92m   Compiling[0m proto v0.1.0 (/home/runner/work/koda/koda/crates/proto)
2026-10-08T00:30:29.8694181Z [1m[92m   Compiling[0m telemetry_events v0.1.0 (/home/runner/work/koda/koda/crates/telemetry_events)
2026-10-08T00:30:30.0770219Z [1m[92m   Compiling[0m rope v0.1.0 (/home/runner/work/koda/koda/crates/rope)
2026-10-08T00:30:31.0530288Z [1m[92m   Compiling[0m net v0.1.0 (/home/runner/work/koda/koda/crates/net)
2026-10-08T00:30:31.1300274Z [1m[92m   Compiling[0m askpass v0.1.0 (/home/runner/work/koda/koda/crates/askpass)
2026-10-08T00:30:35.5570204Z [1m[92m   Compiling[0m clock v0.1.0 (/home/runner/work/koda/koda/crates/clock)
2026-10-08T00:30:35.7569983Z [1m[92m   Compiling[0m serde_path_to_error v0.1.20
2026-10-08T00:30:36.1034188Z [1m[92m   Compiling[0m inotify v0.11.0
2026-10-08T00:30:36.4900312Z [1m[92m   Compiling[0m settings_json v0.1.0 (/home/runner/work/koda/koda/crates/settings_json)
2026-10-08T00:30:36.9260644Z [1m[92m   Compiling[0m text v0.1.0 (/home/runner/work/koda/koda/crates/text)
2026-10-08T00:30:39.0952514Z [1m[92m   Compiling[0m telemetry v0.1.0 (/home/runner/work/koda/koda/crates/telemetry)
2026-10-08T00:30:39.2110470Z [1m[92m   Compiling[0m phf_generator v0.13.1
2026-10-08T00:30:39.3580721Z [1m[92m   Compiling[0m notify-types v2.1.0 (https://github.com/zed-industries/notify?rev=d842f16b2716bd60f09caf3ae3a894237ab38f54#d842f16b)
2026-10-08T00:30:39.5979625Z [1m[92m   Compiling[0m notify v9.0.0-rc.4 (https://github.com/zed-industries/notify?rev=d842f16b2716bd60f09caf3ae3a894237ab38f54#d842f16b)
2026-10-08T00:30:40.4390511Z [1m[92m   Compiling[0m settings_content v0.1.0 (/home/runner/work/koda/koda/crates/settings_content)
2026-10-08T00:30:55.3108823Z [1m[92m   Compiling[0m git v0.1.0 (/home/runner/work/koda/koda/crates/git)
2026-10-08T00:30:59.7610014Z [1m[92m   Compiling[0m tokio-rustls v0.26.4
2026-10-08T00:30:59.9550701Z [1m[92m   Compiling[0m trash v5.2.5 (https://github.com/zed-industries/trash-rs?rev=41c6c800d884a89351f3b8856d12894cccee261d#41c6c800)
2026-10-08T00:31:00.4241362Z [1m[92m   Compiling[0m fs v0.1.0 (/home/runner/work/koda/koda/crates/fs)
2026-10-08T00:31:03.0217742Z [1m[92m   Compiling[0m migrator v0.1.0 (/home/runner/work/koda/koda/crates/migrator)
2026-10-08T00:31:04.2604392Z [1m[92m   Compiling[0m settings v0.1.0 (/home/runner/work/koda/koda/crates/settings)
2026-10-08T00:31:05.1347354Z [1m[92m   Compiling[0m tungstenite v0.28.0
2026-10-08T00:31:05.8800240Z [1m[92m   Compiling[0m syntax_theme v0.1.0 (/home/runner/work/koda/koda/crates/syntax_theme)
2026-10-08T00:31:06.1311370Z [1m[92m   Compiling[0m theme v0.1.0 (/home/runner/work/koda/koda/crates/theme)
2026-10-08T00:31:06.2331956Z [1m[92m   Compiling[0m phf_macros v0.13.1
2026-10-08T00:31:06.8580347Z [1m[92m   Compiling[0m futures-util v0.3.34
2026-10-08T00:31:06.9334661Z [1m[92m   Compiling[0m phf v0.13.1
2026-10-08T00:31:07.0346425Z [1m[92m   Compiling[0m toml_datetime v0.6.11
2026-10-08T00:31:07.2329956Z [1m[92m   Compiling[0m serde_spanned v0.6.9
2026-10-08T00:31:07.3217641Z [1m[92m   Compiling[0m toml_edit v0.22.27
2026-10-08T00:31:08.2898028Z [1m[92m   Compiling[0m rand_core v0.6.4
2026-10-08T00:31:08.8622936Z [1m[92m   Compiling[0m toml v0.8.23
2026-10-08T00:31:08.9948784Z [1m[92m   Compiling[0m h2 v0.4.19
2026-10-08T00:31:09.8165549Z [1m[92m   Compiling[0m num-bigint-dig v0.8.6
2026-10-08T00:31:10.8161914Z [1m[92m   Compiling[0m async-tungstenite v0.33.0
2026-10-08T00:31:11.1349812Z [1m[92m   Compiling[0m signature v2.2.0
2026-10-08T00:31:11.2269928Z [1m[92m   Compiling[0m rsa v0.9.10
2026-10-08T00:31:11.8239993Z [1m[92m   Compiling[0m hyper v1.11.1
2026-10-08T00:31:12.9810193Z [1m[92m   Compiling[0m hyper-util v0.1.17
2026-10-08T00:31:13.2310366Z [1m[92m   Compiling[0m zed_actions v0.1.0 (/home/runner/work/koda/koda/crates/zed_actions)
2026-10-08T00:31:14.0711810Z [1m[92m   Compiling[0m language_core v0.1.0 (/home/runner/work/koda/koda/crates/language_core)
2026-10-08T00:31:14.5020467Z [1m[92m   Compiling[0m nucleo v0.5.0
2026-10-08T00:31:14.7750322Z [1m[92m   Compiling[0m task v0.1.0 (/home/runner/work/koda/koda/crates/task)
2026-10-08T00:31:15.4290221Z [1m[92m   Compiling[0m watch v0.1.0 (/home/runner/work/koda/koda/crates/watch)
2026-10-08T00:31:16.1410348Z [1m[92m   Compiling[0m rpc v0.1.0 (/home/runner/work/koda/koda/crates/rpc)
2026-10-08T00:31:16.1569934Z [1m[92m   Compiling[0m phf_codegen v0.13.1
2026-10-08T00:31:16.2350331Z [1m[92m   Compiling[0m fuzzy v0.1.0 (/home/runner/work/koda/koda/crates/fuzzy)
2026-10-08T00:31:16.2467106Z [1m[92m   Compiling[0m lsp-types v0.95.1 (https://github.com/zed-industries/lsp-types?rev=f1783e63a7f4eb4397bf51d4148b4895a1f7ab16#f1783e63)
2026-10-08T00:31:16.6690308Z [1m[92m   Compiling[0m language v0.1.0 (/home/runner/work/koda/koda/crates/language)
2026-10-08T00:31:16.7730017Z [1m[92m   Compiling[0m zeroize v1.8.2
2026-10-08T00:31:16.8970125Z [1m[92m   Compiling[0m rustls-pki-types v1.12.0
2026-10-08T00:31:17.3090284Z [1m[92m   Compiling[0m fuzzy_nucleo v0.1.0 (/home/runner/work/koda/koda/crates/fuzzy_nucleo)
2026-10-08T00:31:17.6708161Z [1m[92m   Compiling[0m tracing-core v0.1.35
2026-10-08T00:31:18.2540250Z [1m[92m   Compiling[0m ring v0.17.14
2026-10-08T00:31:18.2719929Z [1m[92m   Compiling[0m credentials_provider v0.1.0 (/home/runner/work/koda/koda/crates/credentials_provider)
2026-10-08T00:31:20.5840198Z [1m[92m   Compiling[0m rustls-platform-verifier v0.7.0
2026-10-08T00:31:20.7606501Z [1m[92m   Compiling[0m tiny_http v0.12.0
2026-10-08T00:31:20.8760813Z [1m[92m   Compiling[0m http_client_tls v0.1.0 (/home/runner/work/koda/koda/crates/http_client_tls)
2026-10-08T00:31:22.9744781Z [1m[92m   Compiling[0m lsp v0.1.0 (/home/runner/work/koda/koda/crates/lsp)
2026-10-08T00:31:23.3039927Z [1m[92m   Compiling[0m ciborium v0.2.2
2026-10-08T00:31:23.7960098Z [1m[92m   Compiling[0m rustls-native-certs v0.8.3
2026-10-08T00:31:23.9850088Z [1m[92m   Compiling[0m tower v0.5.2
2026-10-08T00:31:25.5530159Z [1m[92m   Compiling[0m gpui_tokio v0.1.0 (/home/runner/work/koda/koda/crates/gpui_tokio)
2026-10-08T00:31:25.6452927Z [1m[92m   Compiling[0m inout v0.1.4
2026-10-08T00:31:25.7648987Z [1m[92m   Compiling[0m password-hash v0.4.2
2026-10-08T00:31:25.8015680Z [1m[92m   Compiling[0m cipher v0.4.4
2026-10-08T00:31:26.1980224Z [1m[92m   Compiling[0m yawc v0.4.2
2026-10-08T00:31:26.3789637Z [1m[92m   Compiling[0m hyper-rustls v0.27.9
2026-10-08T00:31:26.8390485Z [1m[92m   Compiling[0m cloud_api_types v0.1.0 (/home/runner/work/koda/koda/crates/cloud_api_types)
2026-10-08T00:31:27.8789613Z [1m[92m   Compiling[0m hmac v0.12.1
2026-10-08T00:31:27.9572547Z [1m[92m   Compiling[0m pbkdf2 v0.11.0
2026-10-08T00:31:28.1106552Z [1m[92m   Compiling[0m cloud_api_client v0.1.0 (/home/runner/work/koda/koda/crates/cloud_api_client)
2026-10-08T00:31:28.7952157Z [1m[92m   Compiling[0m aes v0.8.4
2026-10-08T00:31:29.1949970Z [1m[92m   Compiling[0m icons v0.1.0 (/home/runner/work/koda/koda/crates/icons)
2026-10-08T00:31:29.2189845Z [1m[92m   Compiling[0m sha1 v0.10.6
2026-10-08T00:31:29.3807029Z [1m[92m   Compiling[0m zip v0.6.6
2026-10-08T00:31:29.4994168Z [1m[92m   Compiling[0m feature_flags v0.1.0 (/home/runner/work/koda/koda/crates/feature_flags)
2026-10-08T00:31:29.7170238Z [1m[92m   Compiling[0m worktree v0.1.0 (/home/runner/work/koda/koda/crates/worktree)
2026-10-08T00:31:30.0241006Z [1m[92m   Compiling[0m zed_credentials_provider v0.1.0 (/home/runner/work/koda/koda/crates/zed_credentials_provider)
2026-10-08T00:31:30.1090449Z [1m[92m   Compiling[0m proxy_handshake v0.1.0 (/home/runner/work/koda/koda/crates/proxy_handshake)
2026-10-08T00:31:30.3492149Z [1m[92m   Compiling[0m string_cache_codegen v0.6.1
2026-10-08T00:31:30.4050065Z [1m[92m   Compiling[0m selectors v0.37.0
2026-10-08T00:31:30.6990279Z [1m[92m   Compiling[0m web_atoms v0.2.6
2026-10-08T00:31:30.7605491Z [1m[92m   Compiling[0m cssparser v0.36.0
2026-10-08T00:31:31.3149802Z [1m[92m   Compiling[0m htmlize v1.1.0
2026-10-08T00:31:31.3449931Z [1m[92m   Compiling[0m string_cache v0.9.0
2026-10-08T00:31:31.5111962Z [1m[92m   Compiling[0m node_runtime v0.1.0 (/home/runner/work/koda/koda/crates/node_runtime)
2026-10-08T00:31:31.8161777Z [1m[92m   Compiling[0m client v0.1.0 (/home/runner/work/koda/koda/crates/client)
2026-10-08T00:31:32.5860407Z [1m[92m   Compiling[0m itertools v0.15.0
2026-10-08T00:31:33.9773677Z [1m[92m   Compiling[0m documented-macros v0.10.0
2026-10-08T00:31:34.7609566Z [1m[92m   Compiling[0m dap-types v0.0.1 (https://github.com/zed-industries/dap-types?rev=1b461b310481d01e02b2603c16d7144b926339f8#1b461b31)
2026-10-08T00:31:35.4557988Z [1m[92m   Compiling[0m markup5ever v0.39.0
2026-10-08T00:31:35.6163906Z [1m[92m   Compiling[0m documented v0.10.0
2026-10-08T00:31:35.6800608Z [1m[92m   Compiling[0m lol_html v3.0.1
2026-10-08T00:31:35.7199932Z [1m[92m   Compiling[0m json5 v1.3.1
2026-10-08T00:31:36.1420293Z [1m[92m   Compiling[0m granit-parser v1.0.0
2026-10-08T00:31:36.8100752Z [1m[92m   Compiling[0m component v0.1.0 (/home/runner/work/koda/koda/crates/component)
2026-10-08T00:31:37.0200532Z [1m[92m   Compiling[0m menu v0.1.0 (/home/runner/work/koda/koda/crates/menu)
2026-10-08T00:31:37.2439983Z [1m[92m   Compiling[0m dugong-graphlib v0.8.0-alpha.5
2026-10-08T00:31:37.3339910Z [1m[92m   Compiling[0m futures-lite v2.6.1
2026-10-08T00:31:37.7870340Z [1m[92m   Compiling[0m dap v0.1.0 (/home/runner/work/koda/koda/crates/dap)
2026-10-08T00:31:37.9415859Z [1m[92m   Compiling[0m ui v0.1.0 (/home/runner/work/koda/koda/crates/ui)
2026-10-08T00:31:37.9416800Z [1m[92m   Compiling[0m merman-core v0.8.0-alpha.5
2026-10-08T00:31:38.8428189Z [1m[92m   Compiling[0m dugong v0.8.0-alpha.5
2026-10-08T00:31:41.6162612Z [1m[92m   Compiling[0m icu_collator v2.3.0
2026-10-08T00:31:42.8017822Z [1m[92m   Compiling[0m pulldown-cmark v0.13.4
2026-10-08T00:31:43.9620046Z [1m[92m   Compiling[0m rustls-pemfile v2.2.0
2026-10-08T00:31:44.1079879Z [1m[92m   Compiling[0m tokio-socks v0.5.2
2026-10-08T00:31:44.5050080Z [1m[92m   Compiling[0m roughr-merman v0.12.3
2026-10-08T00:31:45.1800401Z [1m[92m   Compiling[0m env_var v0.1.0 (/home/runner/work/koda/koda/crates/env_var)
2026-10-08T00:31:45.2709989Z [1m[92m   Compiling[0m manatee v0.8.0-alpha.5
2026-10-08T00:31:46.5560215Z [1m[92m   Compiling[0m tar v0.4.46
2026-10-08T00:31:47.0179322Z [1m[92m   Compiling[0m zed-reqwest v0.12.15-zed (https://github.com/zed-industries/reqwest.git?rev=33bc764aa15ff7b200bf7c93bd96e24878d53e14#33bc764a)
2026-10-08T00:31:47.2140295Z [1m[92m   Compiling[0m extension v0.1.0 (/home/runner/work/koda/koda/crates/extension)
2026-10-08T00:31:47.2970422Z [1m[92m   Compiling[0m xml5ever v0.39.0
2026-10-08T00:31:47.7650431Z [1m[92m   Compiling[0m html5ever v0.39.0
2026-10-08T00:31:48.4240790Z [1m[92m   Compiling[0m oauth_callback_server v0.1.0 (/home/runner/work/koda/koda/crates/oauth_callback_server)
2026-10-08T00:31:48.6450433Z [1m[92m   Compiling[0m theme_settings v0.1.0 (/home/runner/work/koda/koda/crates/theme_settings)
2026-10-08T00:31:48.7100668Z [1m[92m   Compiling[0m event-listener-strategy v0.5.4
2026-10-08T00:31:48.7860496Z [1m[92m   Compiling[0m bit-vec v0.8.0
2026-10-08T00:31:48.9602816Z [1m[92m   Compiling[0m vte v0.15.0
2026-10-08T00:31:49.3796447Z [1m[92m   Compiling[0m bit-set v0.8.0
2026-10-08T00:31:49.4920161Z [1m[92m   Compiling[0m markup5ever_rcdom v0.39.0+unofficial
2026-10-08T00:31:49.7730068Z [1m[92m   Compiling[0m rustix-openpty v0.2.0
2026-10-08T00:31:49.9355093Z [1m[92m   Compiling[0m alacritty_terminal v0.26.1-dev (https://github.com/zed-industries/alacritty?rev=4c129667ce56611becdc82de6e28218c80e2e88f#4c129667)
2026-10-08T00:31:50.0093880Z [1m[92m   Compiling[0m fancy-regex v0.19.0
2026-10-08T00:31:50.1240864Z [1m[92m   Compiling[0m android_tools v0.1.0 (/home/runner/work/koda/koda/crates/android_tools)
2026-10-08T00:31:51.1060136Z [1m[92m   Compiling[0m merman-render v0.8.0-alpha.5
2026-10-08T00:31:51.1461474Z [1m[92m   Compiling[0m buffer_diff v0.1.0 (/home/runner/work/koda/koda/crates/buffer_diff)
2026-10-08T00:31:52.2620036Z [1m[92m   Compiling[0m async-channel v2.5.0
2026-10-08T00:31:52.6426901Z [1m[92m   Compiling[0m snippet v0.1.0 (/home/runner/work/koda/koda/crates/snippet)
2026-10-08T00:31:52.8350797Z [1m[92m   Compiling[0m snippet_provider v0.1.0 (/home/runner/work/koda/koda/crates/snippet_provider)
2026-10-08T00:31:54.2870004Z [1m[92m   Compiling[0m wax v0.7.0
2026-10-08T00:31:57.9790263Z [1m[92m   Compiling[0m terminal v0.1.0 (/home/runner/work/koda/koda/crates/terminal)
2026-10-08T00:32:00.0840526Z [1m[92m   Compiling[0m context_server v0.1.0 (/home/runner/work/koda/koda/crates/context_server)
2026-10-08T00:32:01.6900230Z [1m[92m   Compiling[0m prettier v0.1.0 (/home/runner/work/koda/koda/crates/prettier)
2026-10-08T00:32:02.2700614Z [1m[92m   Compiling[0m remote v0.1.0 (/home/runner/work/koda/koda/crates/remote)
2026-10-08T00:32:03.0373940Z [1m[92m   Compiling[0m git_hosting_providers v0.1.0 (/home/runner/work/koda/koda/crates/git_hosting_providers)
2026-10-08T00:32:04.3450302Z [1m[92m   Compiling[0m piper v0.2.4
2026-10-08T00:32:04.5288248Z [1m[92m   Compiling[0m blocking v1.6.2
2026-10-08T00:32:04.7317804Z [1m[92m   Compiling[0m async-lock v3.4.2
2026-10-08T00:32:05.1424921Z [1m[92m   Compiling[0m language_model v0.1.0 (/home/runner/work/koda/koda/crates/language_model)
2026-10-08T00:32:05.2559956Z [1m[92m   Compiling[0m libsqlite3-sys v0.30.1
2026-10-08T00:32:05.8490481Z [1m[92m   Compiling[0m compression-codecs v0.4.31
2026-10-08T00:32:06.0010366Z [1m[92m   Compiling[0m getrandom v0.3.4
2026-10-08T00:32:06.1930126Z [1m[92m   Compiling[0m merman v0.8.0-alpha.5
2026-10-08T00:32:06.2250075Z [1m[92m   Compiling[0m async-compression v0.4.32
2026-10-08T00:32:06.7867108Z [1m[92m   Compiling[0m mermaid_render v0.1.0 (/home/runner/work/koda/koda/crates/mermaid_render)
2026-10-08T00:32:07.3991400Z [1m[92m   Compiling[0m markdown v0.1.0 (/home/runner/work/koda/koda/crates/markdown)
2026-10-08T00:32:11.0570221Z [1m[92m   Compiling[0m async-fs v2.2.0
2026-10-08T00:32:11.3619814Z [1m[92m   Compiling[0m async-executor v1.13.3
2026-10-08T00:32:11.6000455Z [1m[92m   Compiling[0m futures-executor v0.3.34
2026-10-08T00:32:11.7050415Z [1m[92m   Compiling[0m scopeguard v1.2.0
2026-10-08T00:32:11.7613196Z [1m[92m   Compiling[0m lock_api v0.4.14
2026-10-08T00:32:11.7964791Z [1m[92m   Compiling[0m futures v0.3.34
2026-10-08T00:32:12.0912492Z [1m[92m   Compiling[0m async_zip v0.0.18
2026-10-08T00:32:14.2750029Z [1m[92m   Compiling[0m sqlez v0.1.0 (/home/runner/work/koda/koda/crates/sqlez)
2026-10-08T00:32:14.9650704Z [1m[92m   Compiling[0m sqlez_macros v0.1.0 (/home/runner/work/koda/koda/crates/sqlez_macros)
2026-10-08T00:32:15.3800525Z [1m[92m   Compiling[0m zed_env_vars v0.1.0 (/home/runner/work/koda/koda/crates/zed_env_vars)
2026-10-08T00:32:15.4291671Z [1m[92m   Compiling[0m ui_input v0.1.0 (/home/runner/work/koda/koda/crates/ui_input)
2026-10-08T00:32:15.4530543Z [1m[92m   Compiling[0m db v0.1.0 (/home/runner/work/koda/koda/crates/db)
2026-10-08T00:32:15.7312097Z [1m[92m   Compiling[0m edit_prediction_types v0.1.0 (/home/runner/work/koda/koda/crates/edit_prediction_types)
2026-10-08T00:32:15.8779780Z [1m[92m   Compiling[0m session v0.1.0 (/home/runner/work/koda/koda/crates/session)
2026-10-08T00:32:16.1940562Z [1m[92m   Compiling[0m file_icons v0.1.0 (/home/runner/work/koda/koda/crates/file_icons)
2026-10-08T00:32:16.2470796Z [1m[92m   Compiling[0m multi_buffer v0.1.0 (/home/runner/work/koda/koda/crates/multi_buffer)
2026-10-08T00:32:16.5030219Z [1m[92m   Compiling[0m assets v0.1.0 (/home/runner/work/koda/koda/crates/assets)
2026-10-08T00:32:16.5906670Z [1m[92m   Compiling[0m vim_mode_setting v0.1.0 (/home/runner/work/koda/koda/crates/vim_mode_setting)
2026-10-08T00:32:16.7040118Z [1m[92m   Compiling[0m toml_datetime v0.7.3
2026-10-08T00:32:16.8715248Z [1m[92m   Compiling[0m language_detection v0.1.0 (/home/runner/work/koda/koda/crates/language_detection)
2026-10-08T00:32:16.9519521Z [1m[92m   Compiling[0m emojis v0.9.0
2026-10-08T00:32:17.3891913Z [1m[92m   Compiling[0m toml_edit v0.23.7
2026-10-08T00:32:17.7556785Z [1m[92m   Compiling[0m const-random-macro v0.1.16
2026-10-08T00:32:18.0930180Z [1m[92m   Compiling[0m proc-macro-crate v3.4.0
2026-10-08T00:32:18.1335409Z [1m[92m   Compiling[0m const-random v0.1.18
2026-10-08T00:32:18.1843717Z [1m[92m   Compiling[0m ahash v0.8.12
2026-10-08T00:32:18.4238376Z [1m[92m   Compiling[0m terminal_size v0.4.3
2026-10-08T00:32:18.4743352Z [1m[92m   Compiling[0m bytes-utils v0.1.4
2026-10-08T00:32:18.5425875Z [1m[92m   Compiling[0m clap_builder v4.5.49
2026-10-08T00:32:18.9110008Z [1m[92m   Compiling[0m aws-smithy-types v1.4.7
2026-10-08T00:32:19.2800513Z [1m[92m   Compiling[0m pet-fs v0.1.0 (https://github.com/zed-industries/python-environment-tools.git?rev=5aad7164bfc2a58977b103c8ef8fdd7302ed2e9f#5aad7164)
2026-10-08T00:32:19.4030731Z [1m[92m   Compiling[0m serde_spanned v1.0.3
2026-10-08T00:32:19.4557177Z [1m[92m   Compiling[0m env_logger v0.10.2
2026-10-08T00:32:19.7940101Z [1m[92m   Compiling[0m toml v0.9.8
2026-10-08T00:32:20.1680079Z [1m[92m   Compiling[0m cfg-expr v0.20.9
2026-10-08T00:32:20.3500047Z [1m[92m   Compiling[0m zvariant_utils v3.3.1
2026-10-08T00:32:20.6079999Z [1m[92m   Compiling[0m system-deps v7.0.7
2026-10-08T00:32:20.7729957Z [1m[92m   Compiling[0m enumflags2 v0.7.12
2026-10-08T00:32:20.8929894Z [1m[92m   Compiling[0m clap v4.5.49
2026-10-08T00:32:20.9450838Z [1m[92m   Compiling[0m pet-core v0.1.0 (https://github.com/zed-industries/python-environment-tools.git?rev=5aad7164bfc2a58977b103c8ef8fdd7302ed2e9f#5aad7164)
2026-10-08T00:32:21.2130059Z [1m[92m   Compiling[0m zvariant_derive v5.11.0
2026-10-08T00:32:21.6593187Z [1m[92m   Compiling[0m aws-smithy-async v1.2.14
2026-10-08T00:32:21.7521453Z [1m[92m   Compiling[0m pet-python-utils v0.1.0 (https://github.com/zed-industries/python-environment-tools.git?rev=5aad7164bfc2a58977b103c8ef8fdd7302ed2e9f#5aad7164)
2026-10-08T00:32:21.8630630Z [1m[92m   Compiling[0m aws-smithy-runtime-api v1.11.4
2026-10-08T00:32:21.9420353Z [1m[92m   Compiling[0m hashbrown v0.14.5
2026-10-08T00:32:22.3879940Z [1m[92m   Compiling[0m fs-set-times v0.20.3
2026-10-08T00:32:22.5079981Z [1m[92m   Compiling[0m glib-sys v0.21.5
2026-10-08T00:32:22.6432165Z [1m[92m   Compiling[0m tower-http v0.6.11
2026-10-08T00:32:22.6559541Z [1m[92m   Compiling[0m pbjson-build v0.9.0
2026-10-08T00:32:22.9583280Z [1m[92m   Compiling[0m rustix-linux-procfs v0.1.1
2026-10-08T00:32:23.0790098Z [1m[92m   Compiling[0m reqwest v0.12.24
2026-10-08T00:32:23.1590447Z [1m[92m   Compiling[0m cap-primitives v4.0.3
2026-10-08T00:32:23.1840636Z [1m[92m   Compiling[0m pbjson-types v0.9.0
2026-10-08T00:32:23.8838018Z [1m[92m   Compiling[0m syn v2.0.117
2026-10-08T00:32:23.8974562Z [1m[92m   Compiling[0m wayland-sys v0.31.11
2026-10-08T00:32:24.1419870Z [1m[92m   Compiling[0m zvariant v5.11.0
2026-10-08T00:32:25.8949928Z [1m[92m   Compiling[0m gobject-sys v0.21.5
2026-10-08T00:32:26.0265941Z [1m[92m   Compiling[0m aws-smithy-eventstream v0.60.20
2026-10-08T00:32:26.3140015Z [1m[92m   Compiling[0m cxx-build v1.0.187
2026-10-08T00:32:26.6779194Z [1m[92m   Compiling[0m phf_generator v0.11.3
2026-10-08T00:32:27.3020068Z [1m[92m   Compiling[0m aws-smithy-http v0.63.4
2026-10-08T00:32:27.7480393Z [1m[92m   Compiling[0m zbus_names v4.3.2
2026-10-08T00:32:28.3440523Z [1m[92m   Compiling[0m webrtc-sys-build v0.3.13 (https://github.com/zed-industries/livekit-rust-sdks?rev=0a1c519cfce9b365229026b55de9b9dbdb6fed3c#0a1c519c)
2026-10-08T00:32:28.8680027Z [1m[92m   Compiling[0m cap-std v4.0.3
2026-10-08T00:32:29.0487561Z [1m[92m   Compiling[0m project v0.1.0 (/home/runner/work/koda/koda/crates/project)
2026-10-08T00:32:29.1940499Z [1m[92m   Compiling[0m aws-credential-types v1.2.12
2026-10-08T00:32:29.4999962Z [1m[92m   Compiling[0m gio-sys v0.21.5
2026-10-08T00:32:29.6409998Z [1m[92m   Compiling[0m tokio-stream v0.1.17
2026-10-08T00:32:30.0140812Z [1m[92m   Compiling[0m aws-types v1.3.12
2026-10-08T00:32:30.1740000Z [1m[92m   Compiling[0m symphonia-core v0.5.5
2026-10-08T00:32:31.1960932Z [1m[92m   Compiling[0m pbjson v0.9.0
2026-10-08T00:32:31.3059803Z [1m[92m   Compiling[0m serde_bytes v0.11.19
2026-10-08T00:32:33.6649850Z [1m[92m   Compiling[0m livekit-runtime v0.4.0 (https://github.com/zed-industries/livekit-rust-sdks?rev=0a1c519cfce9b365229026b55de9b9dbdb6fed3c#0a1c519c)
2026-10-08T00:32:33.7620002Z [1m[92m   Compiling[0m cap-fs-ext v4.0.3
2026-10-08T00:32:34.0738949Z [1m[92m   Compiling[0m webrtc-sys v0.3.23 (https://github.com/zed-industries/livekit-rust-sdks?rev=0a1c519cfce9b365229026b55de9b9dbdb6fed3c#0a1c519c)
2026-10-08T00:32:34.7900972Z [1m[92m   Compiling[0m phf_macros v0.11.3
2026-10-08T00:32:34.9519185Z [1m[92m   Compiling[0m aws-smithy-observability v0.2.5
2026-10-08T00:32:35.1437496Z [1m[92m   Compiling[0m hashlink v0.8.4
2026-10-08T00:32:35.2535957Z [1m[92m   Compiling[0m channel v0.1.0 (/home/runner/work/koda/koda/crates/channel)
2026-10-08T00:32:35.3579836Z [1m[92m   Compiling[0m wasmtime-wasi-io v48.0.1
2026-10-08T00:32:36.2810208Z [1m[92m   Compiling[0m open_ai v0.1.0 (/home/runner/work/koda/koda/crates/open_ai)
2026-10-08T00:32:36.8060441Z [1m[92m   Compiling[0m anthropic v0.1.0 (/home/runner/work/koda/koda/crates/anthropic)
2026-10-08T00:32:39.1531002Z [1m[92m   Compiling[0m cxxbridge-macro v1.0.187
2026-10-08T00:32:39.9593597Z [1m[92m   Compiling[0m moka v0.12.11
2026-10-08T00:32:40.8450498Z [1m[92m   Compiling[0m wasmtime-wasi v48.0.1
2026-10-08T00:32:42.0059925Z [1m[92m   Compiling[0m cxx v1.0.187
2026-10-08T00:32:42.7919983Z [1m[92m   Compiling[0m yaml-rust2 v0.8.1
2026-10-08T00:32:43.5580409Z [1m[92m   Compiling[0m phf v0.11.3
2026-10-08T00:32:43.6620551Z [1m[92m   Compiling[0m aws-smithy-runtime v1.10.1
2026-10-08T00:32:48.6750598Z [1m[92m   Compiling[0m livekit-protocol v0.7.1 (https://github.com/zed-industries/livekit-rust-sdks?rev=0a1c519cfce9b365229026b55de9b9dbdb6fed3c#0a1c519c)
2026-10-08T00:32:55.2440793Z [1m[92m   Compiling[0m agent_settings v0.1.0 (/home/runner/work/koda/koda/crates/agent_settings)
2026-10-08T00:32:56.3660196Z [1m[92m   Compiling[0m workspace v0.1.0 (/home/runner/work/koda/koda/crates/workspace)
2026-10-08T00:32:58.3869883Z [1m[92m   Compiling[0m symphonia-metadata v0.5.5
2026-10-08T00:32:58.8520148Z [1m[92m   Compiling[0m aws-sigv4 v1.4.0
2026-10-08T00:32:59.5440998Z [1m[92m   Compiling[0m pet-virtualenv v0.1.0 (https://github.com/zed-industries/python-environment-tools.git?rev=5aad7164bfc2a58977b103c8ef8fdd7302ed2e9f#5aad7164)
2026-10-08T00:32:59.7570024Z [1m[92m   Compiling[0m glib-macros v0.21.5
2026-10-08T00:33:02.4539872Z [1m[92m   Compiling[0m symphonia-format-riff v0.5.5
2026-10-08T00:33:02.6954166Z [1m[92m   Compiling[0m glib v0.21.5
2026-10-08T00:33:09.8205260Z [1m[92m   Compiling[0m breadcrumbs v0.1.0 (/home/runner/work/koda/koda/crates/breadcrumbs)
2026-10-08T00:33:10.5190214Z [1m[92m   Compiling[0m editor v0.1.0 (/home/runner/work/koda/koda/crates/editor)
2026-10-08T00:33:13.4530303Z [1m[92m   Compiling[0m picker v0.1.0 (/home/runner/work/koda/koda/crates/picker)
2026-10-08T00:33:14.8038893Z [1m[92m   Compiling[0m command_palette_hooks v0.1.0 (/home/runner/work/koda/koda/crates/command_palette_hooks)
2026-10-08T00:33:15.3800114Z [1m[92m   Compiling[0m auto_update v0.1.0 (/home/runner/work/koda/koda/crates/auto_update)
2026-10-08T00:33:17.0490701Z [1m[92m   Compiling[0m notifications v0.1.0 (/home/runner/work/koda/koda/crates/notifications)
2026-10-08T00:33:18.2604964Z [1m[92m   Compiling[0m aws-runtime v1.7.0
2026-10-08T00:33:19.6800002Z [1m[92m   Compiling[0m alsa v0.10.0
2026-10-08T00:33:20.8830170Z [1m[92m   Compiling[0m extension_host v0.1.0 (/home/runner/work/koda/koda/crates/extension_host)
2026-10-08T00:33:33.5135480Z [1m[92m   Compiling[0m picker_preview v0.1.0 (/home/runner/work/koda/koda/crates/picker_preview)
2026-10-08T00:33:34.4970188Z [1m[92m   Compiling[0m doxygen-rs v0.4.2
2026-10-08T00:33:34.7690558Z [1m[92m   Compiling[0m copilot_chat v0.1.0 (/home/runner/work/koda/koda/crates/copilot_chat)
2026-10-08T00:33:37.7720833Z [1m[92m   Compiling[0m symphonia-codec-pcm v0.5.5
2026-10-08T00:33:38.0830064Z [1m[92m   Compiling[0m aws-smithy-json v0.62.5
2026-10-08T00:33:38.3740004Z [1m[92m   Compiling[0m bincode v1.3.3
2026-10-08T00:33:38.7318111Z [1m[92m   Compiling[0m quick-xml v0.39.3
2026-10-08T00:33:40.0449901Z [1m[92m   Compiling[0m cpal v0.17.1
2026-10-08T00:33:40.5876728Z [1m[92m   Compiling[0m symphonia v0.5.5
2026-10-08T00:33:40.6611999Z [1m[92m   Compiling[0m copilot v0.1.0 (/home/runner/work/koda/koda/crates/copilot)
2026-10-08T00:33:42.8375217Z [1m[92m   Compiling[0m lmdb-master-sys v0.2.5
2026-10-08T00:33:43.0196384Z [1m[92m   Compiling[0m zbus_macros v5.13.2
2026-10-08T00:33:45.4359721Z [1m[92m   Compiling[0m wayland-backend v0.3.15
2026-10-08T00:33:45.9910396Z [1m[92m   Compiling[0m rodio v0.21.1 (https://github.com/RustAudio/rodio?rev=e50e726ddd0292f6ef9de0dda6b90af4ed1fb66a#e50e726d)
2026-10-08T00:33:46.5678020Z [1m[92m   Compiling[0m zbus v5.13.2
2026-10-08T00:33:47.1671893Z [1m[92m   Compiling[0m copilot_ui v0.1.0 (/home/runner/work/koda/koda/crates/copilot_ui)
2026-10-08T00:33:48.0525507Z [1m[92m   Compiling[0m pet-jsonrpc v0.1.0 (https://github.com/zed-industries/python-environment-tools.git?rev=5aad7164bfc2a58977b103c8ef8fdd7302ed2e9f#5aad7164)
2026-10-08T00:33:48.2171196Z [1m[92m   Compiling[0m ai_onboarding v0.1.0 (/home/runner/work/koda/koda/crates/ai_onboarding)
2026-10-08T00:33:48.9640349Z [1m[92m   Compiling[0m ollama v0.1.0 (/home/runner/work/koda/koda/crates/ollama)
2026-10-08T00:33:49.0796897Z [1m[92m   Compiling[0m heed-types v0.21.0
2026-10-08T00:33:49.3440842Z [1m[92m   Compiling[0m pet-reporter v0.1.0 (https://github.com/zed-industries/python-environment-tools.git?rev=5aad7164bfc2a58977b103c8ef8fdd7302ed2e9f#5aad7164)
2026-10-08T00:33:49.7267074Z [1m[92m   Compiling[0m serde_with v3.22.0
2026-10-08T00:33:49.8235354Z [1m[92m   Compiling[0m wayland-client v0.31.11
2026-10-08T00:33:51.2104222Z [1m[92m   Compiling[0m zbus_xml v5.1.1
2026-10-08T00:33:51.4570369Z [1m[92m   Compiling[0m remote_connection v0.1.0 (/home/runner/work/koda/koda/crates/remote_connection)
2026-10-08T00:33:51.8069993Z [1m[92m   Compiling[0m serde_yaml_ng v0.10.0
2026-10-08T00:33:52.5605301Z [1m[92m   Compiling[0m google_ai v0.1.0 (/home/runner/work/koda/koda/crates/google_ai)
2026-10-08T00:33:52.9981280Z [1m[92m   Compiling[0m spirv v0.4.0+sdk-1.4.341.0
2026-10-08T00:33:53.5731703Z [1m[92m   Compiling[0m heed v0.21.0
2026-10-08T00:33:53.7640290Z [1m[92m   Compiling[0m agent_skills v0.1.0 (/home/runner/work/koda/koda/crates/agent_skills)
2026-10-08T00:33:54.3969929Z [1m[92m   Compiling[0m naga v29.0.4
2026-10-08T00:33:54.4440111Z [1m[92m   Compiling[0m http_proxy v0.1.0 (/home/runner/work/koda/koda/crates/http_proxy)
2026-10-08T00:33:54.5161141Z [1m[92m   Compiling[0m handlebars v4.5.0
2026-10-08T00:33:54.9559993Z [1m[92m   Compiling[0m zbus-lockstep v0.5.2
2026-10-08T00:33:55.1178101Z [1m[92m   Compiling[0m agent-client-protocol-schema v1.9.1
2026-10-08T00:33:57.3852145Z [1m[92m   Compiling[0m open_path_prompt v0.1.0 (/home/runner/work/koda/koda/crates/open_path_prompt)
2026-10-08T00:33:58.7920178Z [1m[92m   Compiling[0m aws-smithy-query v0.60.15
2026-10-08T00:33:58.9126243Z [1m[92m   Compiling[0m wgpu-types v29.0.4
2026-10-08T00:34:00.5976388Z [1m[92m   Compiling[0m gpu-descriptor-types v0.2.0
2026-10-08T00:34:00.7898047Z [1m[92m   Compiling[0m gpu-allocator v0.28.0
2026-10-08T00:34:01.4440040Z [1m[92m   Compiling[0m wgpu-naga-bridge v29.0.4
2026-10-08T00:34:01.5259992Z [1m[92m   Compiling[0m cached v0.56.0
2026-10-08T00:34:01.7265141Z [1m[92m   Compiling[0m sandbox v0.1.0 (/home/runner/work/koda/koda/crates/sandbox)
2026-10-08T00:34:02.4508789Z [1m[92m   Compiling[0m gpu-descriptor v0.3.2
2026-10-08T00:34:02.5980629Z [1m[92m   Compiling[0m aws-sdk-sts v1.98.0
2026-10-08T00:34:05.6616758Z [1m[92m   Compiling[0m prompt_store v0.1.0 (/home/runner/work/koda/koda/crates/prompt_store)
2026-10-08T00:34:07.1630769Z [1m[92m   Compiling[0m zbus-lockstep-macros v0.5.2
2026-10-08T00:34:07.4235717Z [1m[92m   Compiling[0m git_ui_core v0.1.0 (/home/runner/work/koda/koda/crates/git_ui_core)
2026-10-08T00:34:07.4639023Z [1m[92m   Compiling[0m pet-conda v0.1.0 (https://github.com/zed-industries/python-environment-tools.git?rev=5aad7164bfc2a58977b103c8ef8fdd7302ed2e9f#5aad7164)
2026-10-08T00:34:08.7981349Z [1m[92m   Compiling[0m aws-sdk-sso v1.94.0
2026-10-08T00:34:10.8168954Z [1m[92m   Compiling[0m agent-client-protocol v2.2.0
2026-10-08T00:34:11.0369954Z [1m[92m   Compiling[0m aws-sdk-bedrockruntime v1.125.0
2026-10-08T00:34:14.0620048Z [1m[92m   Compiling[0m aws-sdk-ssooidc v1.96.0
2026-10-08T00:34:16.2775625Z [1m[92m   Compiling[0m search v0.1.0 (/home/runner/work/koda/koda/crates/search)
2026-10-08T00:34:17.9648863Z [1m[92m   Compiling[0m action_log v0.1.0 (/home/runner/work/koda/koda/crates/action_log)
2026-10-08T00:34:19.2504943Z [1m[92m   Compiling[0m tokio-tungstenite v0.28.0
2026-10-08T00:34:19.2910080Z [1m[92m   Compiling[0m pathfinder_simd v0.5.6
2026-10-08T00:34:19.4120156Z [1m[92m   Compiling[0m x_ai v0.1.0 (/home/runner/work/koda/koda/crates/x_ai)
2026-10-08T00:34:19.4972371Z [1m[92m   Compiling[0m num-traits v0.2.19
2026-10-08T00:34:19.5902539Z [1m[92m   Compiling[0m wgpu-hal v29.0.4
2026-10-08T00:34:19.6732505Z [1m[92m   Compiling[0m brush-parser v0.3.0
2026-10-08T00:34:21.1934352Z [1m[92m   Compiling[0m x_ai_subscribed v0.1.0 (/home/runner/work/koda/koda/crates/x_ai_subscribed)
2026-10-08T00:34:21.9278802Z [1m[92m   Compiling[0m livekit-api v0.4.14 (https://github.com/zed-industries/livekit-rust-sdks?rev=0a1c519cfce9b365229026b55de9b9dbdb6fed3c#0a1c519c)
2026-10-08T00:34:22.0458180Z [1m[92m   Compiling[0m acp_thread v0.1.0 (/home/runner/work/koda/koda/crates/acp_thread)
2026-10-08T00:34:22.3893776Z [1m[92m   Compiling[0m aws-config v1.8.14
2026-10-08T00:34:24.0558913Z [1m[92m   Compiling[0m bedrock v0.1.0 (/home/runner/work/koda/koda/crates/bedrock)
2026-10-08T00:34:24.7250019Z [1m[92m   Compiling[0m atspi-common v0.13.0
2026-10-08T00:34:25.6273356Z [1m[92m   Compiling[0m language_models_cloud v0.1.0 (/home/runner/work/koda/koda/crates/language_models_cloud)
2026-10-08T00:34:26.1131627Z [1m[92m   Compiling[0m opencode v0.1.0 (/home/runner/work/koda/koda/crates/opencode)
2026-10-08T00:34:26.1518915Z [1m[92m   Compiling[0m wayland-protocols v0.32.9
2026-10-08T00:34:26.3812801Z [1m[92m   Compiling[0m platform_title_bar v0.1.0 (/home/runner/work/koda/koda/crates/platform_title_bar)
2026-10-08T00:34:27.5649727Z [1m[92m   Compiling[0m openai_subscribed v0.1.0 (/home/runner/work/koda/koda/crates/openai_subscribed)
2026-10-08T00:34:28.6890327Z [1m[92m   Compiling[0m open_router v0.1.0 (/home/runner/work/koda/koda/crates/open_router)
2026-10-08T00:34:28.7342753Z [1m[92m   Compiling[0m aws_http_client v0.1.0 (/home/runner/work/koda/koda/crates/aws_http_client)
2026-10-08T00:34:28.9281025Z [1m[92m   Compiling[0m html_to_markdown v0.1.0 (/home/runner/work/koda/koda/crates/html_to_markdown)
2026-10-08T00:34:29.6840111Z [1m[92m   Compiling[0m llama_cpp v0.1.0 (/home/runner/work/koda/koda/crates/llama_cpp)
2026-10-08T00:34:29.8690186Z [1m[92m   Compiling[0m lmstudio v0.1.0 (/home/runner/work/koda/koda/crates/lmstudio)
2026-10-08T00:34:30.6264634Z [1m[92m   Compiling[0m web_search v0.1.0 (/home/runner/work/koda/koda/crates/web_search)
2026-10-08T00:34:30.6450194Z [1m[92m   Compiling[0m bmrng v0.5.2
2026-10-08T00:34:30.7595266Z [1m[92m   Compiling[0m deepseek v0.1.0 (/home/runner/work/koda/koda/crates/deepseek)
2026-10-08T00:34:30.8530521Z [1m[92m   Compiling[0m mistral v0.1.0 (/home/runner/work/koda/koda/crates/mistral)
2026-10-08T00:34:31.4979474Z [1m[92m   Compiling[0m fluent-uri v0.4.1
2026-10-08T00:34:31.5262242Z [1m[92m   Compiling[0m edit_prediction_metrics v0.1.0 (/home/runner/work/koda/koda/crates/edit_prediction_metrics)
2026-10-08T00:34:31.8110699Z [1m[92m   Compiling[0m language_models v0.1.0 (/home/runner/work/koda/koda/crates/language_models)
2026-10-08T00:34:32.0710278Z [1m[92m   Compiling[0m agent_servers v0.1.0 (/home/runner/work/koda/koda/crates/agent_servers)
2026-10-08T00:34:32.5589785Z [1m[92m   Compiling[0m wgpu-core-deps-windows-linux-android v29.0.4
2026-10-08T00:34:32.9628110Z [1m[92m   Compiling[0m shell_command_parser v0.1.0 (/home/runner/work/koda/koda/crates/shell_command_parser)
2026-10-08T00:34:33.8720344Z [1m[92m   Compiling[0m terminal_view v0.1.0 (/home/runner/work/koda/koda/crates/terminal_view)
2026-10-08T00:34:37.9459163Z [1m[92m   Compiling[0m edit_prediction_context v0.1.0 (/home/runner/work/koda/koda/crates/edit_prediction_context)
2026-10-08T00:34:37.9690115Z [1m[92m   Compiling[0m serde_yaml v0.9.34+deprecated
2026-10-08T00:34:39.1465090Z [1m[92m   Compiling[0m streaming_diff v0.1.0 (/home/runner/work/koda/koda/crates/streaming_diff)
2026-10-08T00:34:39.7369957Z [1m[92m   Compiling[0m nanoid v0.4.0
2026-10-08T00:34:39.8433634Z [1m[92m   Compiling[0m half v2.7.1
2026-10-08T00:34:40.0515722Z [1m[92m   Compiling[0m referencing v0.51.0
2026-10-08T00:34:40.4083880Z [1m[92m   Compiling[0m jsonschema-value v0.51.0
2026-10-08T00:34:40.7820614Z [1m[92m   Compiling[0m agent v0.1.0 (/home/runner/work/koda/koda/crates/agent)
2026-10-08T00:34:41.1848677Z [1m[92m   Compiling[0m edit_prediction v0.1.0 (/home/runner/work/koda/koda/crates/edit_prediction)
2026-10-08T00:34:41.7799008Z [1m[92m   Compiling[0m dev_container v0.1.0 (/home/runner/work/koda/koda/crates/dev_container)
2026-10-08T00:34:45.4630009Z [1m[92m   Compiling[0m pxfm v0.1.25
2026-10-08T00:34:47.0400161Z [1m[92m   Compiling[0m pathfinder_geometry v0.5.1
2026-10-08T00:34:47.2208639Z [1m[92m   Compiling[0m wgpu-core v29.0.4
2026-10-08T00:34:47.9084823Z [1m[92m   Compiling[0m atspi-proxies v0.13.0
2026-10-08T00:34:49.1430732Z [1m[92m   Compiling[0m harfrust v0.5.0
2026-10-08T00:34:52.2414916Z [1m[92m   Compiling[0m jupyter-protocol v1.4.0
2026-10-08T00:34:53.9356864Z [1m[92m   Compiling[0m accesskit_consumer v0.38.0
2026-10-08T00:34:54.5929608Z [1m[92m   Compiling[0m gethostname v1.1.0
2026-10-08T00:34:54.6770074Z [1m[92m   Compiling[0m debugid v0.8.0
2026-10-08T00:34:54.7021481Z [1m[92m   Compiling[0m process-reader v0.1.0
2026-10-08T00:34:54.8399957Z [1m[92m   Compiling[0m email_address v0.2.9
2026-10-08T00:34:54.9709878Z [1m[92m   Compiling[0m bytemuck v1.24.0
2026-10-08T00:34:55.0072874Z [1m[92m   Compiling[0m zed-font-kit v0.14.1-zed (https://github.com/zed-industries/font-kit?rev=94b0f28166665e8fd2f53ff6d268a14955c82269#94b0f281)
2026-10-08T00:34:55.1588325Z [1m[92m   Compiling[0m qoi v0.4.1
2026-10-08T00:34:55.2564271Z [1m[92m   Compiling[0m cosmic-text v0.19.0
2026-10-08T00:34:55.3030640Z [1m[92m   Compiling[0m goblin v0.9.3
2026-10-08T00:34:55.5753697Z [1m[92m   Compiling[0m x11rb v0.13.2
2026-10-08T00:34:56.9505597Z [1m[92m   Compiling[0m minidump-common v0.26.1
2026-10-08T00:34:57.1775797Z [1m[92m   Compiling[0m jsonschema v0.51.0
2026-10-08T00:34:58.2907758Z [1m[92m   Compiling[0m process-backend v0.1.0
2026-10-08T00:34:58.5440231Z [1m[92m   Compiling[0m accesskit_atspi_common v0.19.1
2026-10-08T00:34:59.3190024Z [1m[92m   Compiling[0m wgpu v29.0.4
2026-10-08T00:34:59.8109728Z [1m[92m   Compiling[0m atspi v0.29.0
2026-10-08T00:34:59.8722639Z [1m[92m   Compiling[0m moxcms v0.8.1
2026-10-08T00:35:01.7760321Z [1m[92m   Compiling[0m recent_projects v0.1.0 (/home/runner/work/koda/koda/crates/recent_projects)
2026-10-08T00:35:04.8409170Z [1m[92m   Compiling[0m num-bigint-dig v0.9.1
2026-10-08T00:35:05.7505002Z [1m[92m   Compiling[0m tiff v0.11.3
2026-10-08T00:35:06.8299895Z [1m[92m   Compiling[0m xim-parser v0.2.1 (https://github.com/zed-industries/xim-rs.git?rev=16f35a2c881b815a2b6cdfd6687988e84f8447d8#16f35a2c)
2026-10-08T00:35:07.6074019Z [1m[92m   Compiling[0m ashpd v0.13.5
2026-10-08T00:35:07.8020376Z [1m[92m   Compiling[0m command_palette v0.1.0 (/home/runner/work/koda/koda/crates/command_palette)
2026-10-08T00:35:08.6879600Z [1m[92m   Compiling[0m pbkdf2 v0.12.2
2026-10-08T00:35:08.7450693Z [1m[92m   Compiling[0m hkdf v0.12.4
2026-10-08T00:35:08.8290204Z [1m[92m   Compiling[0m procfs-core v0.18.0
2026-10-08T00:35:09.8129309Z [1m[92m   Compiling[0m calloop v0.14.3 (https://github.com/zed-industries/calloop#eb6b4fd1)
2026-10-08T00:35:10.3277262Z [1m[92m   Compiling[0m error-graph v0.1.1
2026-10-08T00:35:10.3781413Z [1m[92m   Compiling[0m pathdiff v0.2.3
2026-10-08T00:35:10.4327900Z [1m[92m   Compiling[0m system_specs v0.1.0 (/home/runner/work/koda/koda/crates/system_specs)
2026-10-08T00:35:10.4544412Z [1m[92m   Compiling[0m open v5.3.2
2026-10-08T00:35:10.5742743Z [1m[92m   Compiling[0m oo7 v0.6.0
2026-10-08T00:35:10.8449772Z [1m[92m   Compiling[0m zeromq v0.5.0
2026-10-08T00:35:12.9089053Z [1m[92m   Compiling[0m calloop-wayland-source v0.4.1
2026-10-08T00:35:12.9839184Z [1m[92m   Compiling[0m zed-xim v0.4.0-zed (https://github.com/zed-industries/xim-rs.git?rev=16f35a2c881b815a2b6cdfd6687988e84f8447d8#16f35a2c)
2026-10-08T00:35:13.1408251Z [1m[92m   Compiling[0m gpui_wgpu v0.1.0 (/home/runner/work/koda/koda/crates/gpui_wgpu)
2026-10-08T00:35:13.6525690Z [1m[92m   Compiling[0m minidump-writer v0.13.0
2026-10-08T00:35:14.3690734Z [1m[92m   Compiling[0m accesskit_unix v0.22.1
2026-10-08T00:35:15.0300104Z [1m[92m   Compiling[0m codestral v0.1.0 (/home/runner/work/koda/koda/crates/codestral)
2026-10-08T00:35:15.9850435Z [1m[92m   Compiling[0m pet-hatch v0.1.0 (https://github.com/zed-industries/python-environment-tools.git?rev=5aad7164bfc2a58977b103c8ef8fdd7302ed2e9f#5aad7164)
2026-10-08T00:35:16.4760941Z [1m[92m   Compiling[0m pet-uv v0.1.0 (https://github.com/zed-industries/python-environment-tools.git?rev=5aad7164bfc2a58977b103c8ef8fdd7302ed2e9f#5aad7164)
2026-10-08T00:35:16.9459884Z [1m[92m   Compiling[0m wayland-cursor v0.31.11
2026-10-08T00:35:17.1489969Z [1m[92m   Compiling[0m wayland-protocols-wlr v0.3.9
2026-10-08T00:35:18.2595765Z [1m[92m   Compiling[0m wayland-protocols-plasma v0.3.9
2026-10-08T00:35:18.3534781Z [1m[92m   Compiling[0m pet-env-var-path v0.1.0 (https://github.com/zed-industries/python-environment-tools.git?rev=5aad7164bfc2a58977b103c8ef8fdd7302ed2e9f#5aad7164)
2026-10-08T00:35:18.4141718Z [1m[92m   Compiling[0m pet-global-virtualenvs v0.1.0 (https://github.com/zed-industries/python-environment-tools.git?rev=5aad7164bfc2a58977b103c8ef8fdd7302ed2e9f#5aad7164)
2026-10-08T00:35:18.5172472Z [1m[92m   Compiling[0m pet-pixi v0.1.0 (https://github.com/zed-industries/python-environment-tools.git?rev=5aad7164bfc2a58977b103c8ef8fdd7302ed2e9f#5aad7164)
2026-10-08T00:35:18.5650977Z [1m[92m   Compiling[0m pet-homebrew v0.1.0 (https://github.com/zed-industries/python-environment-tools.git?rev=5aad7164bfc2a58977b103c8ef8fdd7302ed2e9f#5aad7164)
2026-10-08T00:35:18.6281080Z [1m[92m   Compiling[0m pet-pyenv v0.1.0 (https://github.com/zed-industries/python-environment-tools.git?rev=5aad7164bfc2a58977b103c8ef8fdd7302ed2e9f#5aad7164)
2026-10-08T00:35:18.8070426Z [1m[92m   Compiling[0m notify-rust v4.18.0
2026-10-08T00:35:18.8377071Z [1m[92m   Compiling[0m pet-poetry v0.1.0 (https://github.com/zed-industries/python-environment-tools.git?rev=5aad7164bfc2a58977b103c8ef8fdd7302ed2e9f#5aad7164)
2026-10-08T00:35:19.3799357Z [1m[92m   Compiling[0m android_ui v0.1.0 (/home/runner/work/koda/koda/crates/android_ui)
2026-10-08T00:35:19.9206481Z [1m[92m   Compiling[0m markdown_preview v0.1.0 (/home/runner/work/koda/koda/crates/markdown_preview)
2026-10-08T00:35:20.6230614Z [1m[92m   Compiling[0m pet-venv v0.1.0 (https://github.com/zed-industries/python-environment-tools.git?rev=5aad7164bfc2a58977b103c8ef8fdd7302ed2e9f#5aad7164)
2026-10-08T00:35:20.7410165Z [1m[92m   Compiling[0m pet-linux-global-python v0.1.0 (https://github.com/zed-industries/python-environment-tools.git?rev=5aad7164bfc2a58977b103c8ef8fdd7302ed2e9f#5aad7164)
2026-10-08T00:35:20.8998653Z [1m[92m   Compiling[0m pet-pipenv v0.1.0 (https://github.com/zed-industries/python-environment-tools.git?rev=5aad7164bfc2a58977b103c8ef8fdd7302ed2e9f#5aad7164)
2026-10-08T00:35:21.0585212Z [1m[92m   Compiling[0m pet-mac-commandlinetools v0.1.0 (https://github.com/zed-industries/python-environment-tools.git?rev=5aad7164bfc2a58977b103c8ef8fdd7302ed2e9f#5aad7164)
2026-10-08T00:35:21.1830888Z [1m[92m   Compiling[0m pet-mac-python-org v0.1.0 (https://github.com/zed-industries/python-environment-tools.git?rev=5aad7164bfc2a58977b103c8ef8fdd7302ed2e9f#5aad7164)
2026-10-08T00:35:21.3481163Z [1m[92m   Compiling[0m pet-mac-xcode v0.1.0 (https://github.com/zed-industries/python-environment-tools.git?rev=5aad7164bfc2a58977b103c8ef8fdd7302ed2e9f#5aad7164)
2026-10-08T00:35:21.5241328Z [1m[92m   Compiling[0m pet-virtualenvwrapper v0.1.0 (https://github.com/zed-industries/python-environment-tools.git?rev=5aad7164bfc2a58977b103c8ef8fdd7302ed2e9f#5aad7164)
2026-10-08T00:35:21.6570330Z [1m[92m   Compiling[0m json_schema_store v0.1.0 (/home/runner/work/koda/koda/crates/json_schema_store)
2026-10-08T00:35:21.9850777Z [1m[92m   Compiling[0m pet-telemetry v0.1.0 (https://github.com/zed-industries/python-environment-tools.git?rev=5aad7164bfc2a58977b103c8ef8fdd7302ed2e9f#5aad7164)
2026-10-08T00:35:22.1219811Z [1m[92m   Compiling[0m clap_complete v4.5.59
2026-10-08T00:35:22.6379995Z [1m[92m   Compiling[0m env_filter v0.1.4
2026-10-08T00:35:22.8921027Z [1m[92m   Compiling[0m env_logger v0.11.8
2026-10-08T00:35:23.1578108Z [1m[92m   Compiling[0m minidumper v0.11.0
2026-10-08T00:35:25.2252344Z [1m[92m   Compiling[0m gpui_linux v0.1.0 (/home/runner/work/koda/koda/crates/gpui_linux)
2026-10-08T00:35:25.4736451Z [1m[92m   Compiling[0m clap_complete_nushell v4.6.0
2026-10-08T00:35:25.6710511Z [1m[92m   Compiling[0m pet v0.1.0 (https://github.com/zed-industries/python-environment-tools.git?rev=5aad7164bfc2a58977b103c8ef8fdd7302ed2e9f#5aad7164)
2026-10-08T00:35:26.6254114Z [1m[92m   Compiling[0m zed v1.23.0 (/home/runner/work/koda/koda/crates/zed)
2026-10-08T00:35:26.7991279Z [1m[92m   Compiling[0m edit_prediction_ui v0.1.0 (/home/runner/work/koda/koda/crates/edit_prediction_ui)
2026-10-08T00:35:29.0190337Z [1m[92m   Compiling[0m grammars v0.1.0 (/home/runner/work/koda/koda/crates/grammars)
2026-10-08T00:35:29.2512969Z [1m[92m   Compiling[0m runtimelib v1.4.0
2026-10-08T00:35:29.3700928Z [1m[92m   Compiling[0m crash-handler v0.8.0
2026-10-08T00:35:29.5650189Z [1m[92m   Compiling[0m jupyter-websocket-client v1.1.0
2026-10-08T00:35:30.1973861Z [1m[92m   Compiling[0m nbformat v1.2.0
2026-10-08T00:35:30.2929948Z [1m[92m   Compiling[0m time_format v0.1.0 (/home/runner/work/koda/koda/crates/time_format)
2026-10-08T00:35:30.4265984Z [1m[92m   Compiling[0m ipc-channel v0.19.0
2026-10-08T00:35:30.9478672Z [1m[92m   Compiling[0m outline v0.1.0 (/home/runner/work/koda/koda/crates/outline)
2026-10-08T00:35:31.6376506Z [1m[92m   Compiling[0m debugger_tools v0.1.0 (/home/runner/work/koda/koda/crates/debugger_tools)
2026-10-08T00:35:32.3648219Z [1m[92m   Compiling[0m tasks_ui v0.1.0 (/home/runner/work/koda/koda/crates/tasks_ui)
2026-10-08T00:35:33.1694815Z [1m[92m   Compiling[0m extension_suggest v0.1.0 (/home/runner/work/koda/koda/crates/extension_suggest)
2026-10-08T00:35:33.3216421Z [1m[92m   Compiling[0m dap_adapters v0.1.0 (/home/runner/work/koda/koda/crates/dap_adapters)
2026-10-08T00:35:33.3321372Z [1m[92m   Compiling[0m debugger_ui v0.1.0 (/home/runner/work/koda/koda/crates/debugger_ui)
2026-10-08T00:35:33.9454066Z [1m[92m   Compiling[0m extensions_ui v0.1.0 (/home/runner/work/koda/koda/crates/extensions_ui)
2026-10-08T00:35:35.2300169Z [1m[92m   Compiling[0m cli v0.1.0 (/home/runner/work/koda/koda/crates/cli)
2026-10-08T00:35:35.4706552Z [1m[92m   Compiling[0m outline_panel v0.1.0 (/home/runner/work/koda/koda/crates/outline_panel)
2026-10-08T00:35:35.9240570Z [1m[92m   Compiling[0m libwebrtc v0.3.26 (https://github.com/zed-industries/livekit-rust-sdks?rev=0a1c519cfce9b365229026b55de9b9dbdb6fed3c#0a1c519c)
2026-10-08T00:35:36.8200154Z [1m[92m   Compiling[0m repl v0.1.0 (/home/runner/work/koda/koda/crates/repl)
2026-10-08T00:35:37.8314238Z [1m[92m   Compiling[0m audio v0.1.0 (/home/runner/work/koda/koda/crates/audio)
2026-10-08T00:35:38.7130463Z [1m[92m   Compiling[0m livekit v0.7.32 (https://github.com/zed-industries/livekit-rust-sdks?rev=0a1c519cfce9b365229026b55de9b9dbdb6fed3c#0a1c519c)
2026-10-08T00:35:38.9729414Z [1m[92m   Compiling[0m agent_ui v0.1.0 (/home/runner/work/koda/koda/crates/agent_ui)
2026-10-08T00:35:41.8431400Z [1m[92m   Compiling[0m livekit_client v0.1.0 (/home/runner/work/koda/koda/crates/livekit_client)
2026-10-08T00:35:43.5240665Z [1m[92m   Compiling[0m call v0.1.0 (/home/runner/work/koda/koda/crates/call)
2026-10-08T00:35:43.8641726Z [1m[92m   Compiling[0m settings_ui v0.1.0 (/home/runner/work/koda/koda/crates/settings_ui)
2026-10-08T00:35:45.1220156Z [1m[92m   Compiling[0m crashes v0.1.0 (/home/runner/work/koda/koda/crates/crashes)
2026-10-08T00:35:45.7600236Z [1m[92m   Compiling[0m title_bar v0.1.0 (/home/runner/work/koda/koda/crates/title_bar)
2026-10-08T00:35:48.0180282Z [1m[92m   Compiling[0m collab_ui v0.1.0 (/home/runner/work/koda/koda/crates/collab_ui)
2026-10-08T00:35:48.6006365Z [1m[92m   Compiling[0m git_ui v0.1.0 (/home/runner/work/koda/koda/crates/git_ui)
2026-10-08T00:35:53.2899096Z [1m[92m   Compiling[0m acp_tools v0.1.0 (/home/runner/work/koda/koda/crates/acp_tools)
2026-10-08T00:35:55.1203248Z [1m[92m   Compiling[0m sidebar v0.1.0 (/home/runner/work/koda/koda/crates/sidebar)
2026-10-08T00:35:57.7780152Z [1m[92m   Compiling[0m languages v0.1.0 (/home/runner/work/koda/koda/crates/languages)
2026-10-08T00:36:00.1670418Z [1m[92m   Compiling[0m gpui_platform v0.1.0 (/home/runner/work/koda/koda/crates/gpui_platform)
2026-10-08T00:36:00.3909327Z [1m[92m   Compiling[0m reqwest_client v0.1.0 (/home/runner/work/koda/koda/crates/reqwest_client)
2026-10-08T00:36:00.7463779Z [1m[92m   Compiling[0m vim v0.1.0 (/home/runner/work/koda/koda/crates/vim)
2026-10-08T00:36:03.6765582Z [1m[92m   Compiling[0m keymap_editor v0.1.0 (/home/runner/work/koda/koda/crates/keymap_editor)
2026-10-08T00:36:05.5269584Z [1m[92m   Compiling[0m project_panel v0.1.0 (/home/runner/work/koda/koda/crates/project_panel)
2026-10-08T00:36:05.6899010Z [1m[92m   Compiling[0m auto_update_ui v0.1.0 (/home/runner/work/koda/koda/crates/auto_update_ui)
2026-10-08T00:36:06.4663057Z [1m[92m   Compiling[0m feedback v0.1.0 (/home/runner/work/koda/koda/crates/feedback)
2026-10-08T00:36:06.8025704Z [1m[92m   Compiling[0m which_key v0.1.0 (/home/runner/work/koda/koda/crates/which_key)
2026-10-08T00:36:07.3972811Z [1m[92m   Compiling[0m language_tools v0.1.0 (/home/runner/work/koda/koda/crates/language_tools)
2026-10-08T00:36:08.1794252Z [1m[92m   Compiling[0m web_search_providers v0.1.0 (/home/runner/work/koda/koda/crates/web_search_providers)
2026-10-08T00:36:08.7740277Z [1m[92m   Compiling[0m toolchain_selector v0.1.0 (/home/runner/work/koda/koda/crates/toolchain_selector)
2026-10-08T00:36:10.3229648Z [1m[92m   Compiling[0m file_finder v0.1.0 (/home/runner/work/koda/koda/crates/file_finder)
2026-10-08T00:36:10.6351381Z [1m[92m   Compiling[0m language_selector v0.1.0 (/home/runner/work/koda/koda/crates/language_selector)
2026-10-08T00:36:11.3030191Z [1m[92m   Compiling[0m snippets_ui v0.1.0 (/home/runner/work/koda/koda/crates/snippets_ui)
2026-10-08T00:36:11.9034436Z [1m[92m   Compiling[0m activity_indicator v0.1.0 (/home/runner/work/koda/koda/crates/activity_indicator)
2026-10-08T00:36:12.4348300Z [1m[92m   Compiling[0m project_symbols v0.1.0 (/home/runner/work/koda/koda/crates/project_symbols)
2026-10-08T00:36:12.5907230Z [1m[92m   Compiling[0m lsp_locations v0.1.0 (/home/runner/work/koda/koda/crates/lsp_locations)
2026-10-08T00:36:12.8670280Z [1m[92m   Compiling[0m call_hierarchy v0.1.0 (/home/runner/work/koda/koda/crates/call_hierarchy)
2026-10-08T00:36:13.0980592Z [1m[92m   Compiling[0m tab_switcher v0.1.0 (/home/runner/work/koda/koda/crates/tab_switcher)
2026-10-08T00:36:13.6871818Z [1m[92m   Compiling[0m image_viewer v0.1.0 (/home/runner/work/koda/koda/crates/image_viewer)
2026-10-08T00:36:14.2031485Z [1m[92m   Compiling[0m encoding_selector v0.1.0 (/home/runner/work/koda/koda/crates/encoding_selector)
2026-10-08T00:36:14.6910283Z [1m[92m   Compiling[0m go_to_line v0.1.0 (/home/runner/work/koda/koda/crates/go_to_line)
2026-10-08T00:36:14.7682123Z [1m[92m   Compiling[0m lsp_command_selector v0.1.0 (/home/runner/work/koda/koda/crates/lsp_command_selector)
2026-10-08T00:36:15.1384310Z [1m[92m   Compiling[0m language_onboarding v0.1.0 (/home/runner/work/koda/koda/crates/language_onboarding)
2026-10-08T00:36:15.5441676Z [1m[92m   Compiling[0m inspector_ui v0.1.0 (/home/runner/work/koda/koda/crates/inspector_ui)
2026-10-08T00:36:15.7682890Z [1m[92m   Compiling[0m diagnostics v0.1.0 (/home/runner/work/koda/koda/crates/diagnostics)
2026-10-08T00:36:15.8790503Z [1m[92m   Compiling[0m line_ending_selector v0.1.0 (/home/runner/work/koda/koda/crates/line_ending_selector)
2026-10-08T00:36:16.2130342Z [1m[92m   Compiling[0m tabular_data_preview v0.1.0 (/home/runner/work/koda/koda/crates/tabular_data_preview)
2026-10-08T00:36:17.0632311Z [1m[92m   Compiling[0m journal v0.1.0 (/home/runner/work/koda/koda/crates/journal)
2026-10-08T00:36:17.9956060Z [1m[92m   Compiling[0m onboarding v0.1.0 (/home/runner/work/koda/koda/crates/onboarding)
2026-10-08T00:36:18.0447953Z [1m[92m   Compiling[0m component_preview v0.1.0 (/home/runner/work/koda/koda/crates/component_preview)
2026-10-08T00:36:18.9539975Z [1m[92m   Compiling[0m miniprofiler_ui v0.1.0 (/home/runner/work/koda/koda/crates/miniprofiler_ui)
2026-10-08T00:36:19.4340652Z [1m[92m   Compiling[0m settings_profile_selector v0.1.0 (/home/runner/work/koda/koda/crates/settings_profile_selector)
2026-10-08T00:36:20.1583740Z [1m[92m   Compiling[0m theme_selector v0.1.0 (/home/runner/work/koda/koda/crates/theme_selector)
2026-10-08T00:36:20.4277905Z [1m[92m   Compiling[0m ui_prompt v0.1.0 (/home/runner/work/koda/koda/crates/ui_prompt)
2026-10-08T00:36:20.7650449Z [1m[92m   Compiling[0m svg_preview v0.1.0 (/home/runner/work/koda/koda/crates/svg_preview)
2026-10-08T00:36:20.7770514Z [1m[92m   Compiling[0m install_cli v0.1.0 (/home/runner/work/koda/koda/crates/install_cli)
2026-10-08T00:36:21.2244867Z [1m[92m   Compiling[0m language_extension v0.1.0 (/home/runner/work/koda/koda/crates/language_extension)
2026-10-08T00:36:21.6120794Z [1m[92m   Compiling[0m theme_extension v0.1.0 (/home/runner/work/koda/koda/crates/theme_extension)
2026-10-08T00:36:21.7822133Z [1m[92m   Compiling[0m debug_adapter_extension v0.1.0 (/home/runner/work/koda/koda/crates/debug_adapter_extension)
2026-10-08T00:36:21.9530353Z [1m[92m   Compiling[0m zlog_settings v0.1.0 (/home/runner/work/koda/koda/crates/zlog_settings)
2026-10-08T00:36:22.1089219Z [1m[92m   Compiling[0m input_latency_ui v0.1.0 (/home/runner/work/koda/koda/crates/input_latency_ui)
2026-10-08T00:36:22.1900208Z [1m[92m   Compiling[0m hang_telemetry v0.1.0 (/home/runner/work/koda/koda/crates/hang_telemetry)
2026-10-08T00:36:49.7375511Z [1m[92m    Finished[0m `dev` profile [unoptimized] target(s) in 7m 56s
2026-10-08T00:36:49.9282640Z Linux app build: 476.7s (exit 0)
2026-10-08T00:36:50.2883194Z Post job cleanup.
2026-10-08T00:36:50.7651867Z Post job cleanup.
2026-10-08T00:36:50.8395418Z [command]/usr/bin/git version
2026-10-08T00:36:50.8433269Z git version 2.55.0
2026-10-08T00:36:50.8469009Z Temporarily overriding HOME='/home/runner/work/_temp/88906abb-148e-4d96-bb7c-36f6a8eb745d' before making global git config changes
2026-10-08T00:36:50.8470091Z Adding repository directory to the temporary git global config as a safe directory
2026-10-08T00:36:50.8470847Z [command]/usr/bin/git config --global --add safe.directory /home/runner/work/koda/koda
2026-10-08T00:36:50.8510112Z [command]/usr/bin/git config --local --name-only --get-regexp core\.sshCommand
2026-10-08T00:36:50.8540005Z [command]/usr/bin/git submodule foreach --recursive sh -c "git config --local --name-only --get-regexp 'core\.sshCommand' && git config --local --unset-all 'core.sshCommand' || :"
2026-10-08T00:36:50.8931415Z [command]/usr/bin/git config --local --name-only --get-regexp http\.https\:\/\/github\.com\/\.extraheader
2026-10-08T00:36:50.8971737Z [command]/usr/bin/git submodule foreach --recursive sh -c "git config --local --name-only --get-regexp 'http\.https\:\/\/github\.com\/\.extraheader' && git config --local --unset-all 'http.https://github.com/.extraheader' || :"
2026-10-08T00:36:50.9186810Z [command]/usr/bin/git config --local --name-only --get-regexp ^includeIf\.gitdir:
2026-10-08T00:36:50.9228323Z [command]/usr/bin/git submodule foreach --recursive git config --local --show-origin --name-only --get-regexp remote.origin.url
2026-10-08T00:36:50.9549926Z Print service container logs: 91cf27d6d5544459801fc6ade73971a1_postgres15sha2561b92e7a80c021647bf70f5d3eb66066a998e4f5cf43c07bb9dc9f729782cf88e_b05e4b
2026-10-08T00:36:50.9559692Z ##[command]/usr/bin/docker logs --details 6e096e962c7257e4408f699029da835767e974cca5ef2198d66d422728268eae
2026-10-08T00:36:51.1101272Z  ********************************************************************************
2026-10-08T00:36:51.1103865Z  The files belonging to this database system will be owned by user "postgres".
2026-10-08T00:36:51.1104335Z  WARNING: POSTGRES_HOST_AUTH_METHOD has been set to "trust". This will allow
2026-10-08T00:36:51.1104738Z           anyone with access to the Postgres port to access your database without
2026-10-08T00:36:51.1105106Z           a password, even if POSTGRES_PASSWORD is set. See PostgreSQL
2026-10-08T00:36:51.1105386Z           documentation about "trust":
2026-10-08T00:36:51.1105673Z           https://www.postgresql.org/docs/current/auth-trust.html
2026-10-08T00:36:51.1106050Z           In Docker's default configuration, this is effectively any other
2026-10-08T00:36:51.1106337Z           container on the same system.
2026-10-08T00:36:51.1106531Z  
2026-10-08T00:36:51.1106749Z           It is not recommended to use POSTGRES_HOST_AUTH_METHOD=trust. Replace
2026-10-08T00:36:51.1107114Z           it with "-e POSTGRES_PASSWORD=password" instead to set a password in
2026-10-08T00:36:51.1107400Z           "docker run".
2026-10-08T00:36:51.1107606Z  ********************************************************************************
2026-10-08T00:36:51.1107922Z  initdb: warning: enabling "trust" authentication for local connections
2026-10-08T00:36:51.1108627Z  initdb: hint: You can change this by editing pg_hba.conf or using the option -A, or --auth-local and --auth-host, the next time you run initdb.
2026-10-08T00:36:51.1109341Z  2026-10-07 23:39:07.984 UTC [1] LOG:  starting PostgreSQL 15.18 (Debian 15.18-1.pgdg13+1) on x86_64-pc-linux-gnu, compiled by gcc (Debian 14.2.0-19) 14.2.0, 64-bit
2026-10-08T00:36:51.1109875Z  2026-10-07 23:39:07.984 UTC [1] LOG:  listening on IPv4 address "0.0.0.0", port 5432
2026-10-08T00:36:51.1110223Z  2026-10-07 23:39:07.984 UTC [1] LOG:  listening on IPv6 address "::", port 5432
2026-10-08T00:36:51.1110605Z  2026-10-07 23:39:07.984 UTC [1] LOG:  listening on Unix socket "/var/run/postgresql/.s.PGSQL.5432"
2026-10-08T00:36:51.1111016Z  2026-10-07 23:39:07.986 UTC [63] LOG:  database system was shut down at 2026-10-07 23:39:07 UTC
2026-10-08T00:36:51.1111413Z  2026-10-07 23:39:07.990 UTC [1] LOG:  database system is ready to accept connections
2026-10-08T00:36:51.1111745Z  2026-10-07 23:44:08.041 UTC [61] LOG:  checkpoint starting: time
2026-10-08T00:36:51.1112460Z  2026-10-07 23:44:12.090 UTC [61] LOG:  checkpoint complete: wrote 43 buffers (0.3%); 0 WAL file(s) added, 0 removed, 0 recycled; write=4.009 s, sync=0.001 s, total=4.050 s; sync files=11, longest=0.001 s, average=0.001 s; distance=252 kB, estimate=252 kB
2026-10-08T00:36:51.1113210Z  2026-10-08 00:06:10.686 UTC [61] LOG:  checkpoint starting: immediate force wait
2026-10-08T00:36:51.1113919Z  2026-10-08 00:06:11.127 UTC [61] LOG:  checkpoint complete: wrote 1185 buffers (7.2%); 0 WAL file(s) added, 0 removed, 1 recycled; write=0.399 s, sync=0.010 s, total=0.442 s; sync files=4, longest=0.009 s, average=0.003 s; distance=20928 kB, estimate=20928 kB
2026-10-08T00:36:51.1114614Z  2026-10-08 00:06:11.128 UTC [61] LOG:  checkpoint starting: immediate force wait
2026-10-08T00:36:51.1115543Z  2026-10-08 00:06:11.157 UTC [61] LOG:  checkpoint complete: wrote 2 buffers (0.0%); 0 WAL file(s) added, 0 removed, 0 recycled; write=0.010 s, sync=0.004 s, total=0.029 s; sync files=2, longest=0.004 s, average=0.002 s; distance=65 kB, estimate=18842 kB
2026-10-08T00:36:51.1116223Z  2026-10-08 00:06:12.820 UTC [61] LOG:  checkpoint starting: immediate force wait
2026-10-08T00:36:51.1117085Z  2026-10-08 00:06:13.009 UTC [61] LOG:  checkpoint complete: wrote 2232 buffers (13.6%); 0 WAL file(s) added, 0 removed, 1 recycled; write=0.181 s, sync=0.004 s, total=0.190 s; sync files=474, longest=0.002 s, average=0.001 s; distance=20927 kB, estimate=20927 kB
2026-10-08T00:36:51.1117804Z  2026-10-08 00:06:13.010 UTC [61] LOG:  checkpoint starting: immediate force wait
2026-10-08T00:36:51.1118673Z  2026-10-08 00:06:13.078 UTC [61] LOG:  checkpoint complete: wrote 15 buffers (0.1%); 0 WAL file(s) added, 0 removed, 0 recycled; write=0.001 s, sync=0.061 s, total=0.068 s; sync files=12, longest=0.061 s, average=0.006 s; distance=15 kB, estimate=18836 kB
2026-10-08T00:36:51.1119746Z  2026-10-08 00:06:13.110 UTC [61] LOG:  checkpoint starting: immediate force wait
2026-10-08T00:36:51.1120774Z  2026-10-08 00:06:13.117 UTC [61] LOG:  checkpoint complete: wrote 2 buffers (0.0%); 0 WAL file(s) added, 0 removed, 0 recycled; write=0.003 s, sync=0.001 s, total=0.008 s; sync files=2, longest=0.001 s, average=0.001 s; distance=3 kB, estimate=16952 kB
2026-10-08T00:36:51.1121817Z  2026-10-08 00:06:13.834 UTC [61] LOG:  checkpoint starting: immediate force wait
2026-10-08T00:36:51.1122864Z  2026-10-08 00:06:14.107 UTC [61] LOG:  checkpoint complete: wrote 3092 buffers (18.9%); 0 WAL file(s) added, 0 removed, 2 recycled; write=0.233 s, sync=0.038 s, total=0.273 s; sync files=1414, longest=0.007 s, average=0.001 s; distance=20596 kB, estimate=20596 kB
2026-10-08T00:36:51.1123918Z  2026-10-08 00:06:14.196 UTC [61] LOG:  checkpoint starting: immediate force wait
2026-10-08T00:36:51.1124957Z  2026-10-08 00:06:14.202 UTC [61] LOG:  checkpoint complete: wrote 167 buffers (1.0%); 0 WAL file(s) added, 0 removed, 0 recycled; write=0.003 s, sync=0.001 s, total=0.006 s; sync files=73, longest=0.001 s, average=0.001 s; distance=624 kB, estimate=18599 kB
2026-10-08T00:36:51.1125974Z  2026-10-08 00:06:14.483 UTC [61] LOG:  checkpoint starting: immediate force wait
2026-10-08T00:36:51.1127024Z  2026-10-08 00:06:14.732 UTC [61] LOG:  checkpoint complete: wrote 986 buffers (6.0%); 0 WAL file(s) added, 0 removed, 0 recycled; write=0.081 s, sync=0.166 s, total=0.249 s; sync files=697, longest=0.008 s, average=0.001 s; distance=4673 kB, estimate=17206 kB
2026-10-08T00:36:51.1128064Z  2026-10-08 00:06:14.734 UTC [61] LOG:  checkpoint starting: immediate force wait
2026-10-08T00:36:51.1129272Z  2026-10-08 00:06:14.825 UTC [61] LOG:  checkpoint complete: wrote 1126 buffers (6.9%); 0 WAL file(s) added, 0 removed, 0 recycled; write=0.057 s, sync=0.034 s, total=0.092 s; sync files=539, longest=0.016 s, average=0.001 s; distance=5901 kB, estimate=16076 kB
2026-10-08T00:36:51.1130299Z  2026-10-08 00:06:14.871 UTC [61] LOG:  checkpoint starting: immediate force wait
2026-10-08T00:36:51.1131475Z  2026-10-08 00:06:14.878 UTC [61] LOG:  checkpoint complete: wrote 94 buffers (0.6%); 0 WAL file(s) added, 0 removed, 0 recycled; write=0.004 s, sync=0.002 s, total=0.008 s; sync files=47, longest=0.002 s, average=0.001 s; distance=446 kB, estimate=14513 kB
2026-10-08T00:36:51.1132650Z  2026-10-08 00:06:14.967 UTC [61] LOG:  checkpoint starting: immediate force wait
2026-10-08T00:36:51.1133732Z  2026-10-08 00:06:14.974 UTC [61] LOG:  checkpoint complete: wrote 2 buffers (0.0%); 0 WAL file(s) added, 0 removed, 0 recycled; write=0.002 s, sync=0.001 s, total=0.007 s; sync files=2, longest=0.001 s, average=0.001 s; distance=6 kB, estimate=13062 kB
2026-10-08T00:36:51.1134950Z  2026-10-08 00:11:15.073 UTC [61] LOG:  checkpoint starting: time
2026-10-08T00:36:51.1136047Z  2026-10-08 00:11:15.176 UTC [61] LOG:  checkpoint complete: wrote 2 buffers (0.0%); 0 WAL file(s) added, 0 removed, 0 recycled; write=0.101 s, sync=0.001 s, total=0.103 s; sync files=2, longest=0.001 s, average=0.001 s; distance=0 kB, estimate=11756 kB
2026-10-08T00:36:51.1136840Z  This user must also own the server process.
2026-10-08T00:36:51.1137055Z  
2026-10-08T00:36:51.1137277Z  The database cluster will be initialized with locale "en_US.utf8".
2026-10-08T00:36:51.1137608Z  The default database encoding has accordingly been set to "UTF8".
2026-10-08T00:36:51.1138035Z  The default text search configuration will be set to "english".
2026-10-08T00:36:51.1138294Z  
2026-10-08T00:36:51.1138616Z  Data page checksums are disabled.
2026-10-08T00:36:51.1138859Z  
2026-10-08T00:36:51.1139090Z  fixing permissions on existing directory /var/lib/postgresql/data ... ok
2026-10-08T00:36:51.1139395Z  creating subdirectories ... ok
2026-10-08T00:36:51.1139640Z  selecting dynamic shared memory implementation ... posix
2026-10-08T00:36:51.1139908Z  selecting default max_connections ... 100
2026-10-08T00:36:51.1140147Z  selecting default shared_buffers ... 128MB
2026-10-08T00:36:51.1140378Z  selecting default time zone ... Etc/UTC
2026-10-08T00:36:51.1140600Z  creating configuration files ... ok
2026-10-08T00:36:51.1140813Z  running bootstrap script ... ok
2026-10-08T00:36:51.1141048Z  performing post-bootstrap initialization ... ok
2026-10-08T00:36:51.1141284Z  syncing data to disk ... ok
2026-10-08T00:36:51.1141461Z  
2026-10-08T00:36:51.1141595Z  
2026-10-08T00:36:51.1141775Z  Success. You can now start the database server using:
2026-10-08T00:36:51.1142012Z  
2026-10-08T00:36:51.1142196Z      pg_ctl -D /var/lib/postgresql/data -l logfile start
2026-10-08T00:36:51.1142420Z  
2026-10-08T00:36:51.1142926Z  waiting for server to start....2026-10-07 23:39:07.753 UTC [49] LOG:  starting PostgreSQL 15.18 (Debian 15.18-1.pgdg13+1) on x86_64-pc-linux-gnu, compiled by gcc (Debian 14.2.0-19) 14.2.0, 64-bit
2026-10-08T00:36:51.1143569Z  2026-10-07 23:39:07.753 UTC [49] LOG:  listening on Unix socket "/var/run/postgresql/.s.PGSQL.5432"
2026-10-08T00:36:51.1143997Z  2026-10-07 23:39:07.756 UTC [52] LOG:  database system was shut down at 2026-10-07 23:39:07 UTC
2026-10-08T00:36:51.1144393Z  2026-10-07 23:39:07.758 UTC [49] LOG:  database system is ready to accept connections
2026-10-08T00:36:51.1144673Z   done
2026-10-08T00:36:51.1144821Z  server started
2026-10-08T00:36:51.1144979Z  
2026-10-08T00:36:51.1145231Z  /usr/local/bin/docker-entrypoint.sh: ignoring /docker-entrypoint-initdb.d/*
2026-10-08T00:36:51.1145524Z  
2026-10-08T00:36:51.1145722Z  2026-10-07 23:39:07.867 UTC [49] LOG:  received fast shutdown request
2026-10-08T00:36:51.1146118Z  waiting for server to shut down....2026-10-07 23:39:07.867 UTC [49] LOG:  aborting any active transactions
2026-10-08T00:36:51.1146623Z  2026-10-07 23:39:07.869 UTC [49] LOG:  background worker "logical replication launcher" (PID 55) exited with exit code 1
2026-10-08T00:36:51.1147020Z  2026-10-07 23:39:07.869 UTC [50] LOG:  shutting down
2026-10-08T00:36:51.1147321Z  2026-10-07 23:39:07.869 UTC [50] LOG:  checkpoint starting: shutdown immediate
2026-10-08T00:36:51.1148005Z  2026-10-07 23:39:07.871 UTC [50] LOG:  checkpoint complete: wrote 3 buffers (0.0%); 0 WAL file(s) added, 0 removed, 0 recycled; write=0.001 s, sync=0.001 s, total=0.003 s; sync files=2, longest=0.001 s, average=0.001 s; distance=0 kB, estimate=0 kB
2026-10-08T00:36:51.1148816Z  2026-10-07 23:39:07.875 UTC [49] LOG:  database system is shut down
2026-10-08T00:36:51.1149063Z   done
2026-10-08T00:36:51.1149215Z  server stopped
2026-10-08T00:36:51.1149380Z  
2026-10-08T00:36:51.1149569Z  PostgreSQL init process complete; ready for start up.
2026-10-08T00:36:51.1149800Z  
2026-10-08T00:36:51.1154414Z Stop and remove container: 91cf27d6d5544459801fc6ade73971a1_postgres15sha2561b92e7a80c021647bf70f5d3eb66066a998e4f5cf43c07bb9dc9f729782cf88e_b05e4b
2026-10-08T00:36:51.1159287Z ##[command]/usr/bin/docker rm --force 6e096e962c7257e4408f699029da835767e974cca5ef2198d66d422728268eae
2026-10-08T00:36:57.0491785Z 6e096e962c7257e4408f699029da835767e974cca5ef2198d66d422728268eae
2026-10-08T00:36:57.0523680Z Remove container network: github_network_fe40dfe31c5c4c7cbfc4627d61a235fc
2026-10-08T00:36:57.0527146Z ##[command]/usr/bin/docker network rm github_network_fe40dfe31c5c4c7cbfc4627d61a235fc
2026-10-08T00:36:57.2817393Z github_network_fe40dfe31c5c4c7cbfc4627d61a235fc
2026-10-08T00:36:57.2915862Z Cleaning up orphan processes
2026-10-08T00:36:57.3520931Z ##[warning]Node.js 20 is deprecated. The following actions target Node.js 20 but are being forced to run on Node.js 24: actions/cache/restore@0057852bfaa89a56745cba8c7296529d2fc39830. For more information see: https://github.blog/changelog/2025-09-19-deprecation-of-node-20-on-github-actions-runners/
