2026-10-07T19:33:53.1766376Z Current runner version: '2.337.0'
2026-10-07T19:33:53.1786569Z ##[group]Runner Image Provisioner
2026-10-07T19:33:53.1787231Z Hosted Compute Agent
2026-10-07T19:33:53.1787794Z Version: 20260901.588
2026-10-07T19:33:53.1788299Z Commit: f88ec8081b781fac6c440065ac7ff9e710ce3d0b
2026-10-07T19:33:53.1788866Z Build Date: 2026-09-01T19:56:44Z
2026-10-07T19:33:53.1789466Z Worker ID: {ca146785-afae-44c5-9409-f3ed65dbe849}
2026-10-07T19:33:53.1790069Z Azure Region: eastus
2026-10-07T19:33:53.1790626Z ##[endgroup]
2026-10-07T19:33:53.1792084Z ##[group]Operating System
2026-10-07T19:33:53.1792592Z Ubuntu
2026-10-07T19:33:53.1793133Z 24.04.5
2026-10-07T19:33:53.1793558Z LTS
2026-10-07T19:33:53.1794057Z ##[endgroup]
2026-10-07T19:33:53.1794530Z ##[group]Runner Image
2026-10-07T19:33:53.1795012Z Image: ubuntu-24.04
2026-10-07T19:33:53.1795528Z Version: 20260927.320.1
2026-10-07T19:33:53.1796598Z Included Software: https://github.com/actions/runner-images/blob/ubuntu24/20260927.320/images/ubuntu/Ubuntu2404-Readme.md
2026-10-07T19:33:53.1797866Z Image Release: https://github.com/actions/runner-images/releases/tag/ubuntu24%2F20260927.320
2026-10-07T19:33:53.1798649Z ##[endgroup]
2026-10-07T19:33:53.1799627Z ##[group]GITHUB_TOKEN Permissions
2026-10-07T19:33:53.1801494Z Contents: read
2026-10-07T19:33:53.1802097Z Metadata: read
2026-10-07T19:33:53.1802559Z ##[endgroup]
2026-10-07T19:33:53.1804245Z Secret source: Actions
2026-10-07T19:33:53.1805078Z Cache mode: write
2026-10-07T19:33:53.1805802Z Prepare workflow directory
2026-10-07T19:33:53.2249810Z Prepare all required actions
2026-10-07T19:33:53.2288982Z Getting action download info
2026-10-07T19:33:53.4154431Z Download action repository 'actions/checkout@93cb6efe18208431cddfb8368fd83d5badbf9bfd' (SHA:93cb6efe18208431cddfb8368fd83d5badbf9bfd)
2026-10-07T19:33:53.5168110Z Download action repository 'actions/cache@0057852bfaa89a56745cba8c7296529d2fc39830' (SHA:0057852bfaa89a56745cba8c7296529d2fc39830)
2026-10-07T19:33:53.6498114Z Download action repository 'actions/setup-node@48b55a011bda9f5d6aeb4c2d9c7362e8dae4041e' (SHA:48b55a011bda9f5d6aeb4c2d9c7362e8dae4041e)
2026-10-07T19:33:53.7582667Z Download action repository 'taiki-e/install-action@a6b2e2dcd845ddd7f509ce4f3ed3d922b80cc5d9' (SHA:a6b2e2dcd845ddd7f509ce4f3ed3d922b80cc5d9)
2026-10-07T19:33:54.0151533Z Complete job name: Linux build and workspace tests
2026-10-07T19:33:54.0632746Z ##[group]Checking docker version
2026-10-07T19:33:54.0642899Z ##[command]/usr/bin/docker version --format '{{.Server.APIVersion}}'
2026-10-07T19:33:54.1768755Z '1.48'
2026-10-07T19:33:54.1783138Z Docker daemon API version: '1.48'
2026-10-07T19:33:54.1783778Z ##[command]/usr/bin/docker version --format '{{.Client.APIVersion}}'
2026-10-07T19:33:54.2005737Z '1.48'
2026-10-07T19:33:54.2017219Z Docker client API version: '1.48'
2026-10-07T19:33:54.2021630Z ##[endgroup]
2026-10-07T19:33:54.2024319Z ##[group]Clean up resources from previous jobs
2026-10-07T19:33:54.2028064Z ##[command]/usr/bin/docker ps --all --quiet --no-trunc --filter "label=549b97"
2026-10-07T19:33:54.2156611Z ##[command]/usr/bin/docker network prune --force --filter "label=549b97"
2026-10-07T19:33:54.2276071Z ##[endgroup]
2026-10-07T19:33:54.2276481Z ##[group]Create local container network
2026-10-07T19:33:54.2284899Z ##[command]/usr/bin/docker network create --label 549b97 github_network_a8ffb4e4ea984f479163549394064904
2026-10-07T19:33:54.2907135Z 13a121c40fafa48f8d0b01af1668974deb5331d078f7be210123d7bc8a830273
2026-10-07T19:33:54.2921897Z ##[endgroup]
2026-10-07T19:33:54.2941685Z ##[group]Starting postgres service container
2026-10-07T19:33:54.2958668Z ##[command]/usr/bin/docker pull postgres:15@sha256:1b92e7a80c021647bf70f5d3eb66066a998e4f5cf43c07bb9dc9f729782cf88e
2026-10-07T19:33:54.5913961Z docker.io/library/postgres@sha256:1b92e7a80c021647bf70f5d3eb66066a998e4f5cf43c07bb9dc9f729782cf88e: Pulling from library/postgres
2026-10-07T19:33:54.6727301Z 5b4d6ff92fc4: Pulling fs layer
2026-10-07T19:33:54.6728850Z faac557a4014: Pulling fs layer
2026-10-07T19:33:54.6730017Z 23ae1f680f8f: Pulling fs layer
2026-10-07T19:33:54.6732131Z d85a6fe690f8: Pulling fs layer
2026-10-07T19:33:54.6733288Z a1b56273edfa: Pulling fs layer
2026-10-07T19:33:54.6734349Z 74e78423263b: Pulling fs layer
2026-10-07T19:33:54.6735424Z e64c84d18f15: Pulling fs layer
2026-10-07T19:33:54.6736474Z e15d3b4493f3: Pulling fs layer
2026-10-07T19:33:54.6737565Z 450a0feadfd8: Pulling fs layer
2026-10-07T19:33:54.6738606Z 4f7b5a6f4005: Pulling fs layer
2026-10-07T19:33:54.6739668Z 02dde53e1bfd: Pulling fs layer
2026-10-07T19:33:54.6740781Z ec2378712a6f: Pulling fs layer
2026-10-07T19:33:54.6742237Z 1622e7a6bba6: Pulling fs layer
2026-10-07T19:33:54.6743001Z 3b99619cea16: Pulling fs layer
2026-10-07T19:33:54.6743740Z d85a6fe690f8: Waiting
2026-10-07T19:33:54.6744457Z a1b56273edfa: Waiting
2026-10-07T19:33:54.6745111Z 450a0feadfd8: Waiting
2026-10-07T19:33:54.6745833Z 4f7b5a6f4005: Waiting
2026-10-07T19:33:54.6746529Z ec2378712a6f: Waiting
2026-10-07T19:33:54.6747276Z 1622e7a6bba6: Waiting
2026-10-07T19:33:54.6748125Z 02dde53e1bfd: Waiting
2026-10-07T19:33:54.6749111Z 3b99619cea16: Waiting
2026-10-07T19:33:54.6750015Z 74e78423263b: Waiting
2026-10-07T19:33:54.6750907Z e64c84d18f15: Waiting
2026-10-07T19:33:54.6752048Z e15d3b4493f3: Waiting
2026-10-07T19:33:54.7896026Z faac557a4014: Verifying Checksum
2026-10-07T19:33:54.7898305Z faac557a4014: Download complete
2026-10-07T19:33:55.0105757Z d85a6fe690f8: Verifying Checksum
2026-10-07T19:33:55.0107287Z d85a6fe690f8: Download complete
2026-10-07T19:33:55.0206666Z 23ae1f680f8f: Verifying Checksum
2026-10-07T19:33:55.0207182Z 23ae1f680f8f: Download complete
2026-10-07T19:33:55.1158258Z 5b4d6ff92fc4: Verifying Checksum
2026-10-07T19:33:55.1158799Z 5b4d6ff92fc4: Download complete
2026-10-07T19:33:55.2028928Z e64c84d18f15: Verifying Checksum
2026-10-07T19:33:55.2029479Z e64c84d18f15: Download complete
2026-10-07T19:33:55.2534417Z 74e78423263b: Verifying Checksum
2026-10-07T19:33:55.2875845Z 74e78423263b: Download complete
2026-10-07T19:33:55.2876314Z e15d3b4493f3: Verifying Checksum
2026-10-07T19:33:55.2879435Z e15d3b4493f3: Download complete
2026-10-07T19:33:55.3406989Z a1b56273edfa: Verifying Checksum
2026-10-07T19:33:55.3407497Z a1b56273edfa: Download complete
2026-10-07T19:33:55.3707661Z 4f7b5a6f4005: Verifying Checksum
2026-10-07T19:33:55.3710609Z 4f7b5a6f4005: Download complete
2026-10-07T19:33:55.4199091Z 02dde53e1bfd: Verifying Checksum
2026-10-07T19:33:55.4199888Z 02dde53e1bfd: Download complete
2026-10-07T19:33:55.4536157Z ec2378712a6f: Download complete
2026-10-07T19:33:55.5141118Z 1622e7a6bba6: Verifying Checksum
2026-10-07T19:33:55.5141650Z 1622e7a6bba6: Download complete
2026-10-07T19:33:55.5403604Z 3b99619cea16: Verifying Checksum
2026-10-07T19:33:55.5414968Z 3b99619cea16: Download complete
2026-10-07T19:33:55.8858660Z 450a0feadfd8: Download complete
2026-10-07T19:33:55.9636107Z 5b4d6ff92fc4: Pull complete
2026-10-07T19:34:02.7931970Z faac557a4014: Pull complete
2026-10-07T19:34:03.0274253Z 23ae1f680f8f: Pull complete
2026-10-07T19:34:03.0760835Z d85a6fe690f8: Pull complete
2026-10-07T19:34:03.6737218Z a1b56273edfa: Pull complete
2026-10-07T19:34:03.8043762Z 74e78423263b: Pull complete
2026-10-07T19:34:03.8132259Z e64c84d18f15: Pull complete
2026-10-07T19:34:03.8230609Z e15d3b4493f3: Pull complete
2026-10-07T19:34:07.6386928Z 450a0feadfd8: Pull complete
2026-10-07T19:34:07.6501071Z 4f7b5a6f4005: Pull complete
2026-10-07T19:34:07.6568650Z 02dde53e1bfd: Pull complete
2026-10-07T19:34:07.6641630Z ec2378712a6f: Pull complete
2026-10-07T19:34:07.6739088Z 1622e7a6bba6: Pull complete
2026-10-07T19:34:07.6815948Z 3b99619cea16: Pull complete
2026-10-07T19:34:07.6849809Z Digest: sha256:1b92e7a80c021647bf70f5d3eb66066a998e4f5cf43c07bb9dc9f729782cf88e
2026-10-07T19:34:07.6856512Z Status: Downloaded newer image for postgres@sha256:1b92e7a80c021647bf70f5d3eb66066a998e4f5cf43c07bb9dc9f729782cf88e
2026-10-07T19:34:07.6870397Z docker.io/library/postgres:15@sha256:1b92e7a80c021647bf70f5d3eb66066a998e4f5cf43c07bb9dc9f729782cf88e
2026-10-07T19:34:07.6919367Z ##[command]/usr/bin/docker create --name 571c26b94df34f7798bf1e97dab2a9b8_postgres15sha2561b92e7a80c021647bf70f5d3eb66066a998e4f5cf43c07bb9dc9f729782cf88e_370676 --label 549b97 --network github_network_a8ffb4e4ea984f479163549394064904 --network-alias postgres -p 5432:5432 --health-cmd "pg_isready -U postgres" --health-interval 5s --health-timeout 5s --health-retries 10 -e "POSTGRES_HOST_AUTH_METHOD=trust" -e GITHUB_ACTIONS=true -e CI=true postgres:15@sha256:1b92e7a80c021647bf70f5d3eb66066a998e4f5cf43c07bb9dc9f729782cf88e
2026-10-07T19:34:07.7129783Z 10e0c73f08a7c76ae545aacb4adca4a5a2b326dcf9d03521ccc485be5dc85b45
2026-10-07T19:34:07.7147188Z ##[command]/usr/bin/docker start 10e0c73f08a7c76ae545aacb4adca4a5a2b326dcf9d03521ccc485be5dc85b45
2026-10-07T19:34:07.9204213Z 10e0c73f08a7c76ae545aacb4adca4a5a2b326dcf9d03521ccc485be5dc85b45
2026-10-07T19:34:07.9218574Z ##[command]/usr/bin/docker ps --all --filter id=10e0c73f08a7c76ae545aacb4adca4a5a2b326dcf9d03521ccc485be5dc85b45 --filter status=running --no-trunc --format "{{.ID}} {{.Status}}"
2026-10-07T19:34:07.9335705Z 10e0c73f08a7c76ae545aacb4adca4a5a2b326dcf9d03521ccc485be5dc85b45 Up Less than a second (health: starting)
2026-10-07T19:34:07.9359239Z ##[command]/usr/bin/docker port 10e0c73f08a7c76ae545aacb4adca4a5a2b326dcf9d03521ccc485be5dc85b45
2026-10-07T19:34:07.9484217Z 5432/tcp -> 0.0.0.0:5432
2026-10-07T19:34:07.9484642Z 5432/tcp -> [::]:5432
2026-10-07T19:34:07.9522006Z ##[endgroup]
2026-10-07T19:34:07.9528823Z ##[group]Waiting for all services to be ready
2026-10-07T19:34:07.9540331Z ##[command]/usr/bin/docker inspect --format="{{if .Config.Healthcheck}}{{print .State.Health.Status}}{{end}}" 10e0c73f08a7c76ae545aacb4adca4a5a2b326dcf9d03521ccc485be5dc85b45
2026-10-07T19:34:07.9655349Z starting
2026-10-07T19:34:07.9674491Z postgres service is starting, waiting 2 seconds before checking again.
2026-10-07T19:34:09.9674264Z ##[command]/usr/bin/docker inspect --format="{{if .Config.Healthcheck}}{{print .State.Health.Status}}{{end}}" 10e0c73f08a7c76ae545aacb4adca4a5a2b326dcf9d03521ccc485be5dc85b45
2026-10-07T19:34:09.9781100Z starting
2026-10-07T19:34:09.9790819Z postgres service is starting, waiting 4 seconds before checking again.
2026-10-07T19:34:14.3054789Z ##[command]/usr/bin/docker inspect --format="{{if .Config.Healthcheck}}{{print .State.Health.Status}}{{end}}" 10e0c73f08a7c76ae545aacb4adca4a5a2b326dcf9d03521ccc485be5dc85b45
2026-10-07T19:34:14.3162157Z healthy
2026-10-07T19:34:14.3180047Z postgres service is healthy.
2026-10-07T19:34:14.3180578Z ##[endgroup]
2026-10-07T19:34:14.3393395Z ##[group]Run actions/checkout@93cb6efe18208431cddfb8368fd83d5badbf9bfd
2026-10-07T19:34:14.3393872Z with:
2026-10-07T19:34:14.3394048Z   persist-credentials: false
2026-10-07T19:34:14.3394275Z   ref: d891daa45eefa8796af71bae25436174a2a401f7
2026-10-07T19:34:14.3394521Z   repository: anilbeesetti/koda
2026-10-07T19:34:14.3396582Z   token: ***
2026-10-07T19:34:14.3396755Z   ssh-strict: true
2026-10-07T19:34:14.3396920Z   ssh-user: git
2026-10-07T19:34:14.3397076Z   clean: true
2026-10-07T19:34:14.3397250Z   sparse-checkout-cone-mode: true
2026-10-07T19:34:14.3397484Z   fetch-depth: 1
2026-10-07T19:34:14.3397649Z   fetch-tags: false
2026-10-07T19:34:14.3397819Z   show-progress: true
2026-10-07T19:34:14.3397985Z   lfs: false
2026-10-07T19:34:14.3398137Z   submodules: false
2026-10-07T19:34:14.3398303Z   set-safe-directory: true
2026-10-07T19:34:14.3398604Z env:
2026-10-07T19:34:14.3398757Z   CARGO_TERM_COLOR: always
2026-10-07T19:34:14.3398933Z   CARGO_INCREMENTAL: 0
2026-10-07T19:34:14.3399149Z   CARGO_PROFILE_DEV_DEBUG: 0
2026-10-07T19:34:14.3399351Z   CARGO_PROFILE_DEV_BUILD_OVERRIDE_DEBUG: 0
2026-10-07T19:34:14.3399572Z   RUST_BACKTRACE: 1
2026-10-07T19:34:14.3399727Z   CC: clang
2026-10-07T19:34:14.3399869Z   CXX: clang++
2026-10-07T19:34:14.3400022Z   WGPU_BACKEND: vulkan
2026-10-07T19:34:14.3400189Z   CI_TEST_FILTER: 
2026-10-07T19:34:14.3400347Z   CI_TEST_MODE: full
2026-10-07T19:34:14.3400518Z ##[endgroup]
2026-10-07T19:34:14.4206872Z Syncing repository: anilbeesetti/koda
2026-10-07T19:34:14.4208293Z ##[group]Getting Git version info
2026-10-07T19:34:14.4209073Z Working directory is '/home/runner/work/koda/koda'
2026-10-07T19:34:14.4209727Z [command]/usr/bin/git version
2026-10-07T19:34:14.4302335Z git version 2.55.0
2026-10-07T19:34:14.4311928Z ##[endgroup]
2026-10-07T19:34:14.4318851Z Temporarily overriding HOME='/home/runner/work/_temp/9bb38d11-4ecd-4716-9542-b1cfe7c8312e' before making global git config changes
2026-10-07T19:34:14.4319996Z Adding repository directory to the temporary git global config as a safe directory
2026-10-07T19:34:14.4321760Z [command]/usr/bin/git config --global --add safe.directory /home/runner/work/koda/koda
2026-10-07T19:34:14.4365025Z Deleting the contents of '/home/runner/work/koda/koda'
2026-10-07T19:34:14.4367801Z ##[group]Initializing the repository
2026-10-07T19:34:14.4370656Z [command]/usr/bin/git init /home/runner/work/koda/koda
2026-10-07T19:34:14.4468760Z hint: Using 'master' as the name for the initial branch. This default branch name
2026-10-07T19:34:14.4469513Z hint: will change to "main" in Git 3.0. To configure the initial branch name
2026-10-07T19:34:14.4470150Z hint: to use in all of your new repositories, which will suppress this warning,
2026-10-07T19:34:14.4470610Z hint: call:
2026-10-07T19:34:14.4470833Z hint:
2026-10-07T19:34:14.4471086Z hint: 	git config --global init.defaultBranch <name>
2026-10-07T19:34:14.4471533Z hint:
2026-10-07T19:34:14.4471776Z hint: Names commonly chosen instead of 'master' are 'main', 'trunk' and
2026-10-07T19:34:14.4472270Z hint: 'development'. The just-created branch can be renamed via this command:
2026-10-07T19:34:14.4472567Z hint:
2026-10-07T19:34:14.4472743Z hint: 	git branch -m <name>
2026-10-07T19:34:14.4472995Z hint:
2026-10-07T19:34:14.4473262Z hint: Disable this message with "git config set advice.defaultBranchName false"
2026-10-07T19:34:14.4478034Z Initialized empty Git repository in /home/runner/work/koda/koda/.git/
2026-10-07T19:34:14.4486497Z [command]/usr/bin/git remote add origin https://github.com/anilbeesetti/koda
2026-10-07T19:34:14.4534288Z ##[endgroup]
2026-10-07T19:34:14.4534988Z ##[group]Disabling automatic garbage collection
2026-10-07T19:34:14.4539119Z [command]/usr/bin/git config --local gc.auto 0
2026-10-07T19:34:14.4565452Z ##[endgroup]
2026-10-07T19:34:14.4570830Z ##[group]Setting up auth
2026-10-07T19:34:14.4571454Z [command]/usr/bin/git config --local --name-only --get-regexp core\.sshCommand
2026-10-07T19:34:14.4606134Z [command]/usr/bin/git submodule foreach --recursive sh -c "git config --local --name-only --get-regexp 'core\.sshCommand' && git config --local --unset-all 'core.sshCommand' || :"
2026-10-07T19:34:14.4937303Z [command]/usr/bin/git config --local --name-only --get-regexp http\.https\:\/\/github\.com\/\.extraheader
2026-10-07T19:34:14.4972981Z [command]/usr/bin/git submodule foreach --recursive sh -c "git config --local --name-only --get-regexp 'http\.https\:\/\/github\.com\/\.extraheader' && git config --local --unset-all 'http.https://github.com/.extraheader' || :"
2026-10-07T19:34:14.5162979Z [command]/usr/bin/git config --local --name-only --get-regexp ^includeIf\.gitdir:
2026-10-07T19:34:14.5193340Z [command]/usr/bin/git submodule foreach --recursive git config --local --show-origin --name-only --get-regexp remote.origin.url
2026-10-07T19:34:14.5383350Z [command]/usr/bin/git config --local http.https://github.com/.extraheader AUTHORIZATION: basic ***
2026-10-07T19:34:14.5418190Z ##[endgroup]
2026-10-07T19:34:14.5418668Z ##[group]Fetching the repository
2026-10-07T19:34:14.5425713Z [command]/usr/bin/git -c protocol.version=2 fetch --no-tags --prune --no-recurse-submodules --depth=1 origin d891daa45eefa8796af71bae25436174a2a401f7
2026-10-07T19:34:18.8459314Z From https://github.com/anilbeesetti/koda
2026-10-07T19:34:18.8459894Z  * branch            d891daa45eefa8796af71bae25436174a2a401f7 -> FETCH_HEAD
2026-10-07T19:34:18.8463579Z ##[endgroup]
2026-10-07T19:34:18.8464165Z ##[group]Determining the checkout info
2026-10-07T19:34:18.8466220Z ##[endgroup]
2026-10-07T19:34:18.8472813Z [command]/usr/bin/git sparse-checkout disable
2026-10-07T19:34:18.8523907Z [command]/usr/bin/git config --local --unset-all extensions.worktreeConfig
2026-10-07T19:34:18.8548935Z ##[group]Checking out the ref
2026-10-07T19:34:18.8553216Z [command]/usr/bin/git checkout --progress --force d891daa45eefa8796af71bae25436174a2a401f7
2026-10-07T19:34:19.2798382Z Note: switching to 'd891daa45eefa8796af71bae25436174a2a401f7'.
2026-10-07T19:34:19.2798750Z 
2026-10-07T19:34:19.2799066Z You are in 'detached HEAD' state. You can look around, make experimental
2026-10-07T19:34:19.2799634Z changes and commit them, and you can discard any commits you make in this
2026-10-07T19:34:19.2800196Z state without impacting any branches by switching back to a branch.
2026-10-07T19:34:19.2800530Z 
2026-10-07T19:34:19.2800884Z If you want to create a new branch to retain commits you create, you may
2026-10-07T19:34:19.2801564Z do so (now or later) by using -c with the switch command. Example:
2026-10-07T19:34:19.2801854Z 
2026-10-07T19:34:19.2801965Z   git switch -c <new-branch-name>
2026-10-07T19:34:19.2802199Z 
2026-10-07T19:34:19.2802322Z Or undo this operation with:
2026-10-07T19:34:19.2802495Z 
2026-10-07T19:34:19.2802600Z   git switch -
2026-10-07T19:34:19.2802742Z 
2026-10-07T19:34:19.2802994Z Turn off this advice by setting config variable advice.detachedHead to false
2026-10-07T19:34:19.2803329Z 
2026-10-07T19:34:19.2803717Z HEAD is now at d891daa Merge 93155342aa84f5d14d2d75b89d406414110757f3 into ac58815bb268d338bea40a31fff630734cd719f4
2026-10-07T19:34:19.2822590Z ##[endgroup]
2026-10-07T19:34:19.2865503Z [command]/usr/bin/git log -1 --format=%H
2026-10-07T19:34:19.2888935Z d891daa45eefa8796af71bae25436174a2a401f7
2026-10-07T19:34:19.2904182Z ##[group]Removing auth
2026-10-07T19:34:19.2904665Z [command]/usr/bin/git config --local --name-only --get-regexp core\.sshCommand
2026-10-07T19:34:19.2929957Z [command]/usr/bin/git submodule foreach --recursive sh -c "git config --local --name-only --get-regexp 'core\.sshCommand' && git config --local --unset-all 'core.sshCommand' || :"
2026-10-07T19:34:19.3125223Z [command]/usr/bin/git config --local --name-only --get-regexp http\.https\:\/\/github\.com\/\.extraheader
2026-10-07T19:34:19.3151442Z http.https://github.com/.extraheader
2026-10-07T19:34:19.3158974Z [command]/usr/bin/git config --local --unset-all http.https://github.com/.extraheader
2026-10-07T19:34:19.3189511Z [command]/usr/bin/git submodule foreach --recursive sh -c "git config --local --name-only --get-regexp 'http\.https\:\/\/github\.com\/\.extraheader' && git config --local --unset-all 'http.https://github.com/.extraheader' || :"
2026-10-07T19:34:19.3384219Z [command]/usr/bin/git config --local --name-only --get-regexp ^includeIf\.gitdir:
2026-10-07T19:34:19.3422342Z [command]/usr/bin/git submodule foreach --recursive git config --local --show-origin --name-only --get-regexp remote.origin.url
2026-10-07T19:34:19.3615228Z ##[endgroup]
2026-10-07T19:34:19.3781988Z ##[group]Run python3 script/ci-run resources --github-env "$GITHUB_ENV"
2026-10-07T19:34:19.3782455Z [36;1mpython3 script/ci-run resources --github-env "$GITHUB_ENV"[0m
2026-10-07T19:34:19.3961700Z shell: /usr/bin/bash --noprofile --norc -e -o pipefail {0}
2026-10-07T19:34:19.3961981Z env:
2026-10-07T19:34:19.3962154Z   CARGO_TERM_COLOR: always
2026-10-07T19:34:19.3962347Z   CARGO_INCREMENTAL: 0
2026-10-07T19:34:19.3962524Z   CARGO_PROFILE_DEV_DEBUG: 0
2026-10-07T19:34:19.3962732Z   CARGO_PROFILE_DEV_BUILD_OVERRIDE_DEBUG: 0
2026-10-07T19:34:19.3962949Z   RUST_BACKTRACE: 1
2026-10-07T19:34:19.3963111Z   CC: clang
2026-10-07T19:34:19.3963258Z   CXX: clang++
2026-10-07T19:34:19.3963414Z   WGPU_BACKEND: vulkan
2026-10-07T19:34:19.3963580Z   CI_TEST_FILTER: 
2026-10-07T19:34:19.3963741Z   CI_TEST_MODE: full
2026-10-07T19:34:19.3963912Z ##[endgroup]
2026-10-07T19:34:19.4300025Z Linux: 4 CPUs, 15.6 GiB RAM; Cargo jobs=4, nextest threads=4
2026-10-07T19:34:19.4381784Z ##[group]Run sudo rm -rf /usr/share/dotnet /usr/local/lib/android /opt/ghc
2026-10-07T19:34:19.4382224Z [36;1msudo rm -rf /usr/share/dotnet /usr/local/lib/android /opt/ghc[0m
2026-10-07T19:34:19.4435924Z shell: /usr/bin/bash --noprofile --norc -e -o pipefail {0}
2026-10-07T19:34:19.4436182Z env:
2026-10-07T19:34:19.4436346Z   CARGO_TERM_COLOR: always
2026-10-07T19:34:19.4436530Z   CARGO_INCREMENTAL: 0
2026-10-07T19:34:19.4436706Z   CARGO_PROFILE_DEV_DEBUG: 0
2026-10-07T19:34:19.4436917Z   CARGO_PROFILE_DEV_BUILD_OVERRIDE_DEBUG: 0
2026-10-07T19:34:19.4437130Z   RUST_BACKTRACE: 1
2026-10-07T19:34:19.4437295Z   CC: clang
2026-10-07T19:34:19.4437435Z   CXX: clang++
2026-10-07T19:34:19.4437591Z   WGPU_BACKEND: vulkan
2026-10-07T19:34:19.4437758Z   CI_TEST_FILTER: 
2026-10-07T19:34:19.4437915Z   CI_TEST_MODE: full
2026-10-07T19:34:19.4438080Z   CARGO_BUILD_JOBS: 4
2026-10-07T19:34:19.4438246Z   CI_TEST_THREADS: 4
2026-10-07T19:34:19.4438405Z ##[endgroup]
2026-10-07T19:35:53.0849034Z ##[group]Run ./script/linux
2026-10-07T19:35:53.0849277Z [36;1m./script/linux[0m
2026-10-07T19:35:53.0905954Z shell: /usr/bin/bash --noprofile --norc -e -o pipefail {0}
2026-10-07T19:35:53.0906240Z env:
2026-10-07T19:35:53.0906400Z   CARGO_TERM_COLOR: always
2026-10-07T19:35:53.0906593Z   CARGO_INCREMENTAL: 0
2026-10-07T19:35:53.0906774Z   CARGO_PROFILE_DEV_DEBUG: 0
2026-10-07T19:35:53.0906977Z   CARGO_PROFILE_DEV_BUILD_OVERRIDE_DEBUG: 0
2026-10-07T19:35:53.0907197Z   RUST_BACKTRACE: 1
2026-10-07T19:35:53.0907362Z   CC: clang
2026-10-07T19:35:53.0907511Z   CXX: clang++
2026-10-07T19:35:53.0907667Z   WGPU_BACKEND: vulkan
2026-10-07T19:35:53.0907840Z   CI_TEST_FILTER: 
2026-10-07T19:35:53.0908002Z   CI_TEST_MODE: full
2026-10-07T19:35:53.0908165Z   CARGO_BUILD_JOBS: 4
2026-10-07T19:35:53.0908334Z   CI_TEST_THREADS: 4
2026-10-07T19:35:53.0908500Z ##[endgroup]
2026-10-07T19:35:53.1000061Z ++ id -u
2026-10-07T19:35:53.1013556Z + '[' 1001 -eq 0 ']'
2026-10-07T19:35:53.1015998Z ++ command -v sudo
2026-10-07T19:35:53.1018527Z + maysudo=/usr/bin/sudo
2026-10-07T19:35:53.1021316Z ++ command -v apt-get
2026-10-07T19:35:53.1023516Z + apt=/usr/bin/apt-get
2026-10-07T19:35:53.1024314Z + [[ -n /usr/bin/apt-get ]]
2026-10-07T19:35:53.1027476Z + deps=(gcc g++ libasound2-dev libfontconfig-dev libgit2-dev libglib2.0-dev libssl-dev libva-dev libvulkan1 libwayland-dev libx11-xcb-dev libxkbcommon-x11-dev libzstd-dev make cmake clang lld llvm jq git curl gettext-base elfutils libsqlite3-dev musl-tools musl-dev build-essential pipewire xdg-desktop-portal)
2026-10-07T19:35:53.1029280Z + grep -qP 'PRETTY_NAME="(Debian|Raspbian).+13' /etc/os-release
2026-10-07T19:35:53.1042334Z + grep -qP 'PRETTY_NAME="(Linux Mint 22|.+24\.(04|10))' /etc/os-release
2026-10-07T19:35:53.1052773Z + deps+=(libstdc++-14-dev)
2026-10-07T19:35:53.1053112Z + /usr/bin/sudo /usr/bin/apt-get update
2026-10-07T19:35:53.2561344Z Get:1 file:/etc/apt/apt-mirrors.txt Mirrorlist [144 B]
2026-10-07T19:35:53.2842946Z Get:6 https://packages.microsoft.com/ubuntu/24.04/prod noble InRelease [3600 B]
2026-10-07T19:35:53.3660214Z Hit:2 http://azure.archive.ubuntu.com/ubuntu noble InRelease
2026-10-07T19:35:53.3669747Z Get:3 http://azure.archive.ubuntu.com/ubuntu noble-updates InRelease [126 kB]
2026-10-07T19:35:53.3688720Z Get:4 http://azure.archive.ubuntu.com/ubuntu noble-backports InRelease [126 kB]
2026-10-07T19:35:53.3701507Z Get:5 http://azure.archive.ubuntu.com/ubuntu noble-security InRelease [126 kB]
2026-10-07T19:35:53.3924448Z Get:7 https://packages.microsoft.com/ubuntu/24.04/prod noble/main arm64 Packages [463 kB]
2026-10-07T19:35:53.4055593Z Get:8 https://packages.microsoft.com/ubuntu/24.04/prod noble/main armhf Packages [12.6 kB]
2026-10-07T19:35:53.4082725Z Get:9 https://packages.microsoft.com/ubuntu/24.04/prod noble/main amd64 Packages [519 kB]
2026-10-07T19:35:53.5008465Z Get:10 http://azure.archive.ubuntu.com/ubuntu noble-updates/main amd64 Packages [1375 kB]
2026-10-07T19:35:53.5079291Z Get:11 http://azure.archive.ubuntu.com/ubuntu noble-updates/main Translation-en [306 kB]
2026-10-07T19:35:53.5092135Z Get:12 http://azure.archive.ubuntu.com/ubuntu noble-updates/main amd64 Components [181 kB]
2026-10-07T19:35:53.5112308Z Get:13 http://azure.archive.ubuntu.com/ubuntu noble-updates/universe amd64 Packages [1702 kB]
2026-10-07T19:35:53.5177624Z Get:14 http://azure.archive.ubuntu.com/ubuntu noble-updates/universe Translation-en [341 kB]
2026-10-07T19:35:53.5199786Z Get:15 http://azure.archive.ubuntu.com/ubuntu noble-updates/universe amd64 Components [388 kB]
2026-10-07T19:35:53.5217761Z Get:16 http://azure.archive.ubuntu.com/ubuntu noble-updates/restricted amd64 Packages [1730 kB]
2026-10-07T19:35:53.5290533Z Get:17 http://azure.archive.ubuntu.com/ubuntu noble-updates/restricted Translation-en [396 kB]
2026-10-07T19:35:53.5312057Z Get:18 http://azure.archive.ubuntu.com/ubuntu noble-updates/multiverse Translation-en [13.3 kB]
2026-10-07T19:35:53.5319002Z Get:19 http://azure.archive.ubuntu.com/ubuntu noble-updates/multiverse amd64 Components [940 B]
2026-10-07T19:35:53.5950009Z Get:20 http://azure.archive.ubuntu.com/ubuntu noble-backports/main amd64 Components [5752 B]
2026-10-07T19:35:53.5958722Z Get:21 http://azure.archive.ubuntu.com/ubuntu noble-backports/universe amd64 Components [12.6 kB]
2026-10-07T19:35:53.5967124Z Get:22 http://azure.archive.ubuntu.com/ubuntu noble-security/main amd64 Packages [1073 kB]
2026-10-07T19:35:53.6014599Z Get:23 http://azure.archive.ubuntu.com/ubuntu noble-security/main Translation-en [223 kB]
2026-10-07T19:35:53.6028720Z Get:24 http://azure.archive.ubuntu.com/ubuntu noble-security/main amd64 Components [46.4 kB]
2026-10-07T19:35:53.6038321Z Get:25 http://azure.archive.ubuntu.com/ubuntu noble-security/universe amd64 Packages [1218 kB]
2026-10-07T19:35:53.6093378Z Get:26 http://azure.archive.ubuntu.com/ubuntu noble-security/universe Translation-en [245 kB]
2026-10-07T19:35:53.6108852Z Get:27 http://azure.archive.ubuntu.com/ubuntu noble-security/universe amd64 Components [76.3 kB]
2026-10-07T19:35:53.6119267Z Get:28 http://azure.archive.ubuntu.com/ubuntu noble-security/restricted amd64 Packages [1566 kB]
2026-10-07T19:35:53.6187510Z Get:29 http://azure.archive.ubuntu.com/ubuntu noble-security/restricted Translation-en [361 kB]
2026-10-07T19:35:53.6206173Z Get:30 http://azure.archive.ubuntu.com/ubuntu noble-security/multiverse Translation-en [11.6 kB]
2026-10-07T19:36:02.9990552Z Fetched 12.6 MB in 1s (10.6 MB/s)
2026-10-07T19:36:03.6445107Z Reading package lists...
2026-10-07T19:36:03.6544668Z + /usr/bin/sudo /usr/bin/apt-get install -y gcc g++ libasound2-dev libfontconfig-dev libgit2-dev libglib2.0-dev libssl-dev libva-dev libvulkan1 libwayland-dev libx11-xcb-dev libxkbcommon-x11-dev libzstd-dev make cmake clang lld llvm jq git curl gettext-base elfutils libsqlite3-dev musl-tools musl-dev build-essential pipewire xdg-desktop-portal libstdc++-14-dev
2026-10-07T19:36:03.6713816Z Reading package lists...
2026-10-07T19:36:03.8425067Z Building dependency tree...
2026-10-07T19:36:03.8431045Z Reading state information...
2026-10-07T19:36:03.9874041Z gcc is already the newest version (4:13.2.0-7ubuntu1).
2026-10-07T19:36:03.9874512Z g++ is already the newest version (4:13.2.0-7ubuntu1).
2026-10-07T19:36:03.9874884Z libvulkan1 is already the newest version (1.3.275.0-1build1).
2026-10-07T19:36:03.9875278Z libvulkan1 set to manually installed.
2026-10-07T19:36:03.9875636Z libzstd-dev is already the newest version (1.5.5+dfsg2-2build1.1).
2026-10-07T19:36:03.9876002Z libzstd-dev set to manually installed.
2026-10-07T19:36:03.9876374Z make is already the newest version (4.3-4.1build2).
2026-10-07T19:36:03.9876740Z jq is already the newest version (1.7.1-3ubuntu0.24.04.2).
2026-10-07T19:36:03.9877131Z git is already the newest version (1:2.55.0-0ppa1~ubuntu24.04.2).
2026-10-07T19:36:03.9877490Z git set to manually installed.
2026-10-07T19:36:03.9877801Z curl is already the newest version (8.5.0-2ubuntu10.15).
2026-10-07T19:36:03.9878251Z gettext-base is already the newest version (0.21-14ubuntu2).
2026-10-07T19:36:03.9878629Z gettext-base set to manually installed.
2026-10-07T19:36:03.9878914Z libsqlite3-dev is already the newest version (3.45.1-1ubuntu2.8).
2026-10-07T19:36:03.9879266Z libstdc++-14-dev is already the newest version (14.2.0-4ubuntu2~24.04.1).
2026-10-07T19:36:03.9879939Z libstdc++-14-dev set to manually installed.
2026-10-07T19:36:03.9880200Z The following additional packages will be installed:
2026-10-07T19:36:03.9880525Z   bubblewrap bzip2-doc cmake-data glib-networking glib-networking-common
2026-10-07T19:36:03.9880896Z   glib-networking-services gsettings-desktop-schemas i965-va-driver
2026-10-07T19:36:03.9881457Z   intel-media-va-driver libasm1t64 libasyncns0 libblkid-dev libbrotli-dev
2026-10-07T19:36:03.9882165Z   libbz2-dev libflac12t64 libfreetype-dev libfreetype6 libgbm1
2026-10-07T19:36:03.9882735Z   libgirepository-2.0-0 libgit2-1.7 libgl1-mesa-dri libglib2.0-dev-bin
2026-10-07T19:36:03.9883363Z   libglx-mesa0 libhttp-parser-dev libhttp-parser2.9 libigdgmm12 libjsoncpp25
2026-10-07T19:36:03.9884145Z   libmount-dev libmp3lame0 libmpg123-0t64 libopus0 libpipewire-0.3-0t64
2026-10-07T19:36:03.9884727Z   libpipewire-0.3-common libpipewire-0.3-modules libpng-dev libpng-tools
2026-10-07T19:36:03.9885277Z   libproxy1v5 libpthread-stubs0-dev libpulse0 librhash0 libroc0.3
2026-10-07T19:36:03.9885805Z   libselinux1-dev libsepol-dev libset-scalar-perl libsnapd-glib-2-1
2026-10-07T19:36:03.9886384Z   libsndfile1 libsoup-3.0-0 libsoup-3.0-common libspa-0.2-modules libspeexdsp1
2026-10-07T19:36:03.9886958Z   libssh2-1-dev libssl3t64 libva-drm2 libva-glx2 libva-wayland2 libva-x11-2
2026-10-07T19:36:03.9887307Z   libva2 libvorbisenc2 libwayland-bin libwayland-server0
2026-10-07T19:36:03.9887644Z   libwebrtc-audio-processing1 libwireplumber-0.4-0 libx11-dev libxau-dev
2026-10-07T19:36:03.9888012Z   libxcb-xkb-dev libxcb-xkb1 libxcb1-dev libxdmcp-dev libxkbcommon-dev
2026-10-07T19:36:03.9888404Z   libxkbcommon-x11-0 llvm-runtime mesa-libgallium mesa-va-drivers musl openssl
2026-10-07T19:36:03.9888803Z   pipewire-bin pipewire-pulse rtkit session-migration uuid-dev va-driver-all
2026-10-07T19:36:03.9889152Z   wireplumber x11proto-dev xorg-sgml-doctools xtrans-dev
2026-10-07T19:36:03.9889395Z Suggested packages:
2026-10-07T19:36:03.9889653Z   cmake-doc cmake-format elpa-cmake-mode ninja-build i965-va-driver-shaders
2026-10-07T19:36:03.9890016Z   libasound2-doc freetype2-doc gir1.2-glib-2.0-dev libglib2.0-doc
2026-10-07T19:36:03.9890358Z   libgdk-pixbuf2.0-bin libxml2-utils opus-tools pulseaudio libssl-doc
2026-10-07T19:36:03.9890726Z   libwayland-doc libx11-doc libxcb-doc libspa-0.2-bluetooth pulseaudio-utils
2026-10-07T19:36:03.9891054Z   libspa-0.2-libcamera wireplumber-doc
2026-10-07T19:36:04.0399138Z The following NEW packages will be installed:
2026-10-07T19:36:04.0399679Z   bubblewrap build-essential bzip2-doc clang cmake cmake-data elfutils
2026-10-07T19:36:04.0400208Z   glib-networking glib-networking-common glib-networking-services
2026-10-07T19:36:04.0400838Z   gsettings-desktop-schemas i965-va-driver intel-media-va-driver libasm1t64
2026-10-07T19:36:04.0401554Z   libasound2-dev libasyncns0 libblkid-dev libbrotli-dev libbz2-dev
2026-10-07T19:36:04.0401920Z   libflac12t64 libfontconfig-dev libfreetype-dev libgirepository-2.0-0
2026-10-07T19:36:04.0402319Z   libgit2-1.7 libgit2-dev libglib2.0-dev libglib2.0-dev-bin libhttp-parser-dev
2026-10-07T19:36:04.0402780Z   libhttp-parser2.9 libigdgmm12 libjsoncpp25 libmount-dev libmp3lame0
2026-10-07T19:36:04.0403359Z   libmpg123-0t64 libopus0 libpipewire-0.3-0t64 libpipewire-0.3-common
2026-10-07T19:36:04.0403706Z   libpipewire-0.3-modules libpng-dev libpng-tools libproxy1v5
2026-10-07T19:36:04.0404168Z   libpthread-stubs0-dev libpulse0 librhash0 libroc0.3 libselinux1-dev
2026-10-07T19:36:04.0404565Z   libsepol-dev libset-scalar-perl libsnapd-glib-2-1 libsndfile1 libsoup-3.0-0
2026-10-07T19:36:04.0404975Z   libsoup-3.0-common libspa-0.2-modules libspeexdsp1 libssh2-1-dev libva-dev
2026-10-07T19:36:04.0405373Z   libva-drm2 libva-glx2 libva-wayland2 libva-x11-2 libva2 libvorbisenc2
2026-10-07T19:36:04.0405998Z   libwayland-bin libwayland-dev libwayland-server0 libwebrtc-audio-processing1
2026-10-07T19:36:04.0406649Z   libwireplumber-0.4-0 libx11-dev libx11-xcb-dev libxau-dev libxcb-xkb-dev
2026-10-07T19:36:04.0407343Z   libxcb-xkb1 libxcb1-dev libxdmcp-dev libxkbcommon-dev libxkbcommon-x11-0
2026-10-07T19:36:04.0407721Z   libxkbcommon-x11-dev lld llvm llvm-runtime mesa-va-drivers musl musl-dev
2026-10-07T19:36:04.0408092Z   musl-tools pipewire pipewire-bin pipewire-pulse rtkit session-migration
2026-10-07T19:36:04.0408460Z   uuid-dev va-driver-all wireplumber x11proto-dev xdg-desktop-portal
2026-10-07T19:36:04.0408745Z   xorg-sgml-doctools xtrans-dev
2026-10-07T19:36:04.0410505Z The following packages will be upgraded:
2026-10-07T19:36:04.0413385Z   libfreetype6 libgbm1 libgl1-mesa-dri libglx-mesa0 libssl-dev libssl3t64
2026-10-07T19:36:04.0414829Z   mesa-libgallium openssl
2026-10-07T19:36:04.0583004Z 8 upgraded, 96 newly installed, 0 to remove and 22 not upgraded.
2026-10-07T19:36:04.0583569Z Need to get 49.5 MB of archives.
2026-10-07T19:36:04.0583845Z After this operation, 129 MB of additional disk space will be used.
2026-10-07T19:36:04.0584312Z Get:1 file:/etc/apt/apt-mirrors.txt Mirrorlist [144 B]
2026-10-07T19:36:04.1757435Z Get:2 http://azure.archive.ubuntu.com/ubuntu noble-updates/main amd64 libssl-dev amd64 3.0.13-0ubuntu3.16 [2409 kB]
2026-10-07T19:36:04.3648010Z Get:3 http://azure.archive.ubuntu.com/ubuntu noble-updates/main amd64 libssl3t64 amd64 3.0.13-0ubuntu3.16 [1945 kB]
2026-10-07T19:36:04.5414634Z Get:4 http://azure.archive.ubuntu.com/ubuntu noble-updates/main amd64 openssl amd64 3.0.13-0ubuntu3.16 [1004 kB]
2026-10-07T19:36:04.6868586Z Get:5 http://azure.archive.ubuntu.com/ubuntu noble-updates/main amd64 bubblewrap amd64 0.9.0-1ubuntu0.3 [50.4 kB]
2026-10-07T19:36:12.8195547Z Get:6 http://azure.archive.ubuntu.com/ubuntu noble/main amd64 build-essential amd64 12.10ubuntu1 [4928 B]
2026-10-07T19:36:12.9208143Z Get:7 http://azure.archive.ubuntu.com/ubuntu noble-updates/main amd64 bzip2-doc all 1.0.8-5.1ubuntu0.1 [499 kB]
2026-10-07T19:36:13.0367912Z Get:8 http://azure.archive.ubuntu.com/ubuntu noble/universe amd64 clang amd64 1:18.0-59~exp2 [5846 B]
2026-10-07T19:36:13.1379064Z Get:9 http://azure.archive.ubuntu.com/ubuntu noble/main amd64 libjsoncpp25 amd64 1.9.5-6build1 [82.8 kB]
2026-10-07T19:36:13.2424839Z Get:10 http://azure.archive.ubuntu.com/ubuntu noble/main amd64 librhash0 amd64 1.4.3-3build1 [129 kB]
2026-10-07T19:36:13.3780923Z Get:11 http://azure.archive.ubuntu.com/ubuntu noble/main amd64 cmake-data all 3.28.3-1build7 [2155 kB]
2026-10-07T19:36:13.5615146Z Get:12 http://azure.archive.ubuntu.com/ubuntu noble/main amd64 cmake amd64 3.28.3-1build7 [11.2 MB]
2026-10-07T19:36:14.0945817Z Get:13 http://azure.archive.ubuntu.com/ubuntu noble-updates/main amd64 libasm1t64 amd64 0.190-1.1ubuntu0.1 [17.5 kB]
2026-10-07T19:36:14.1965142Z Get:14 http://azure.archive.ubuntu.com/ubuntu noble-updates/main amd64 elfutils amd64 0.190-1.1ubuntu0.1 [525 kB]
2026-10-07T19:36:14.3096422Z Get:15 http://azure.archive.ubuntu.com/ubuntu noble/main amd64 libproxy1v5 amd64 0.5.4-4build1 [26.5 kB]
2026-10-07T19:36:14.4115679Z Get:16 http://azure.archive.ubuntu.com/ubuntu noble/main amd64 glib-networking-common all 2.80.0-1build1 [6702 B]
2026-10-07T19:36:14.5159574Z Get:17 http://azure.archive.ubuntu.com/ubuntu noble/main amd64 glib-networking-services amd64 2.80.0-1build1 [12.8 kB]
2026-10-07T19:36:14.6220633Z Get:18 http://azure.archive.ubuntu.com/ubuntu noble/main amd64 session-migration amd64 0.3.9build1 [9034 B]
2026-10-07T19:36:14.7232710Z Get:19 http://azure.archive.ubuntu.com/ubuntu noble-updates/main amd64 gsettings-desktop-schemas all 46.1-0ubuntu1 [35.6 kB]
2026-10-07T19:36:14.8247864Z Get:20 http://azure.archive.ubuntu.com/ubuntu noble/main amd64 glib-networking amd64 2.80.0-1build1 [64.1 kB]
2026-10-07T19:36:14.9353561Z Get:21 http://azure.archive.ubuntu.com/ubuntu noble-updates/universe amd64 libva2 amd64 2.20.0-2ubuntu0.2 [66.4 kB]
2026-10-07T19:36:15.0371996Z Get:22 http://azure.archive.ubuntu.com/ubuntu noble-updates/universe amd64 libigdgmm12 amd64 22.3.17+ds1-1ubuntu1 [145 kB]
2026-10-07T19:36:15.1405309Z Get:23 http://azure.archive.ubuntu.com/ubuntu noble-updates/universe amd64 intel-media-va-driver amd64 24.1.0+dfsg1-1ubuntu0.2 [3163 kB]
2026-10-07T19:36:15.3428738Z Get:24 http://azure.archive.ubuntu.com/ubuntu noble-updates/main amd64 libasound2-dev amd64 1.2.11-1ubuntu0.3 [115 kB]
2026-10-07T19:36:15.4458072Z Get:25 http://azure.archive.ubuntu.com/ubuntu noble/main amd64 libasyncns0 amd64 0.8-6build4 [11.3 kB]
2026-10-07T19:36:15.5471164Z Get:26 http://azure.archive.ubuntu.com/ubuntu noble/main amd64 libbrotli-dev amd64 1.1.0-2build2 [353 kB]
2026-10-07T19:36:15.6631603Z Get:27 http://azure.archive.ubuntu.com/ubuntu noble-updates/main amd64 libbz2-dev amd64 1.0.8-5.1ubuntu0.1 [33.6 kB]
2026-10-07T19:36:15.7645649Z Get:28 http://azure.archive.ubuntu.com/ubuntu noble/main amd64 libflac12t64 amd64 1.4.3+ds-2.1ubuntu2 [197 kB]
2026-10-07T19:36:15.8682442Z Get:29 http://azure.archive.ubuntu.com/ubuntu noble-updates/main amd64 libfreetype6 amd64 2.13.2+dfsg-1ubuntu0.2 [403 kB]
2026-10-07T19:36:15.9812819Z Get:30 http://azure.archive.ubuntu.com/ubuntu noble-updates/main amd64 libpng-dev amd64 1.6.43-5ubuntu0.6 [265 kB]
2026-10-07T19:36:16.0875665Z Get:31 http://azure.archive.ubuntu.com/ubuntu noble-updates/main amd64 libfreetype-dev amd64 2.13.2+dfsg-1ubuntu0.2 [574 kB]
2026-10-07T19:36:16.1994642Z Get:32 http://azure.archive.ubuntu.com/ubuntu noble-updates/main amd64 uuid-dev amd64 2.39.3-9ubuntu6.6 [33.5 kB]
2026-10-07T19:36:16.3025560Z Get:33 http://azure.archive.ubuntu.com/ubuntu noble/main amd64 libfontconfig-dev amd64 2.15.0-1.1ubuntu2 [161 kB]
2026-10-07T19:36:16.4068856Z Get:34 http://azure.archive.ubuntu.com/ubuntu noble-updates/main amd64 libgl1-mesa-dri amd64 25.2.8-0ubuntu0.24.04.4 [38.0 kB]
2026-10-07T19:36:16.5083216Z Get:35 http://azure.archive.ubuntu.com/ubuntu noble-updates/main amd64 libglx-mesa0 amd64 25.2.8-0ubuntu0.24.04.4 [110 kB]
2026-10-07T19:36:16.6103812Z Get:36 http://azure.archive.ubuntu.com/ubuntu noble-updates/main amd64 libgbm1 amd64 25.2.8-0ubuntu0.24.04.4 [34.2 kB]
2026-10-07T19:36:16.7127054Z Get:37 http://azure.archive.ubuntu.com/ubuntu noble-updates/main amd64 mesa-libgallium amd64 25.2.8-0ubuntu0.24.04.4 [10.8 MB]
2026-10-07T19:36:17.1469310Z Get:38 http://azure.archive.ubuntu.com/ubuntu noble-updates/main amd64 libgirepository-2.0-0 amd64 2.80.0-6ubuntu3.9 [73.5 kB]
2026-10-07T19:36:32.2651915Z Ign:39 http://azure.archive.ubuntu.com/ubuntu noble/main amd64 libhttp-parser2.9 amd64 2.9.4-6build1
2026-10-07T19:36:47.3735709Z Get:40 http://azure.archive.ubuntu.com/ubuntu noble-updates/main amd64 libgit2-1.7 amd64 1.7.2+ds-1ubuntu3.2 [529 kB]
2026-10-07T19:36:47.4623884Z Get:41 http://azure.archive.ubuntu.com/ubuntu noble-updates/main amd64 libglib2.0-dev-bin amd64 2.80.0-6ubuntu3.9 [138 kB]
2026-10-07T19:36:47.5452326Z Get:42 http://azure.archive.ubuntu.com/ubuntu noble-updates/main amd64 libblkid-dev amd64 2.39.3-9ubuntu6.6 [205 kB]
2026-10-07T19:36:47.6291453Z Get:43 http://azure.archive.ubuntu.com/ubuntu noble/main amd64 libsepol-dev amd64 3.5-2build1 [384 kB]
2026-10-07T19:36:47.7154741Z Get:44 http://azure.archive.ubuntu.com/ubuntu noble-updates/main amd64 libselinux1-dev amd64 3.5-2ubuntu2.1 [164 kB]
2026-10-07T19:36:47.7981057Z Get:45 http://azure.archive.ubuntu.com/ubuntu noble-updates/main amd64 libmount-dev amd64 2.39.3-9ubuntu6.6 [14.9 kB]
2026-10-07T19:36:47.8798938Z Get:46 http://azure.archive.ubuntu.com/ubuntu noble-updates/main amd64 libglib2.0-dev amd64 2.80.0-6ubuntu3.9 [1860 kB]
2026-10-07T19:36:48.0351447Z Get:47 http://azure.archive.ubuntu.com/ubuntu noble/main amd64 libmp3lame0 amd64 3.100-6build1 [142 kB]
2026-10-07T19:36:48.1208832Z Get:48 http://azure.archive.ubuntu.com/ubuntu noble-updates/main amd64 libmpg123-0t64 amd64 1.32.5-1ubuntu1.1 [169 kB]
2026-10-07T19:36:48.2074333Z Get:49 http://azure.archive.ubuntu.com/ubuntu noble/main amd64 libopus0 amd64 1.4-1build1 [208 kB]
2026-10-07T19:36:48.2952980Z Get:50 http://azure.archive.ubuntu.com/ubuntu noble/main amd64 libwebrtc-audio-processing1 amd64 0.3.1-0ubuntu6 [290 kB]
2026-10-07T19:36:48.3848671Z Get:51 http://azure.archive.ubuntu.com/ubuntu noble-updates/main amd64 libspa-0.2-modules amd64 1.0.5-1ubuntu3.3 [628 kB]
2026-10-07T19:36:48.4846570Z Get:52 http://azure.archive.ubuntu.com/ubuntu noble-updates/main amd64 libpipewire-0.3-0t64 amd64 1.0.5-1ubuntu3.3 [252 kB]
2026-10-07T19:36:48.5729681Z Get:53 http://azure.archive.ubuntu.com/ubuntu noble-updates/main amd64 libpipewire-0.3-common all 1.0.5-1ubuntu3.3 [19.5 kB]
2026-10-07T19:36:48.6547893Z Get:54 http://azure.archive.ubuntu.com/ubuntu noble/main amd64 libvorbisenc2 amd64 1.3.7-1build3 [80.8 kB]
2026-10-07T19:36:48.7378997Z Get:55 http://azure.archive.ubuntu.com/ubuntu noble-updates/main amd64 libsndfile1 amd64 1.2.2-1ubuntu5.24.04.1 [209 kB]
2026-10-07T19:36:48.8248136Z Get:56 http://azure.archive.ubuntu.com/ubuntu noble-updates/main amd64 libpulse0 amd64 1:16.1+dfsg1-2ubuntu10.1 [292 kB]
2026-10-07T19:36:48.9139697Z Get:57 http://azure.archive.ubuntu.com/ubuntu noble/main amd64 libspeexdsp1 amd64 1.2.1-1ubuntu3 [43.1 kB]
2026-10-07T19:36:48.9982752Z Get:58 http://azure.archive.ubuntu.com/ubuntu noble/main amd64 libroc0.3 amd64 0.3.0+dfsg-7ubuntu2 [247 kB]
2026-10-07T19:36:49.0865396Z Get:59 http://azure.archive.ubuntu.com/ubuntu noble-updates/main amd64 libsoup-3.0-common all 3.4.4-5ubuntu0.9 [12.3 kB]
2026-10-07T19:36:49.1684752Z Get:60 http://azure.archive.ubuntu.com/ubuntu noble-updates/main amd64 libsoup-3.0-0 amd64 3.4.4-5ubuntu0.9 [291 kB]
2026-10-07T19:36:49.2576026Z Get:61 http://azure.archive.ubuntu.com/ubuntu noble/main amd64 libsnapd-glib-2-1 amd64 1.64-0ubuntu5 [107 kB]
2026-10-07T19:36:49.3419689Z Get:62 http://azure.archive.ubuntu.com/ubuntu noble-updates/main amd64 libpipewire-0.3-modules amd64 1.0.5-1ubuntu3.3 [815 kB]
2026-10-07T19:36:49.4471541Z Get:63 http://azure.archive.ubuntu.com/ubuntu noble-updates/main amd64 libpng-tools amd64 1.6.43-5ubuntu0.6 [28.5 kB]
2026-10-07T19:36:49.5298478Z Get:64 http://azure.archive.ubuntu.com/ubuntu noble/main amd64 libpthread-stubs0-dev amd64 0.4-1build3 [4746 B]
2026-10-07T19:36:49.6127812Z Get:65 http://azure.archive.ubuntu.com/ubuntu noble-updates/main amd64 libssh2-1-dev amd64 1.11.0-4.1ubuntu0.24.04.4 [260 kB]
2026-10-07T19:36:49.7002629Z Get:66 http://azure.archive.ubuntu.com/ubuntu noble-updates/universe amd64 libva-drm2 amd64 2.20.0-2ubuntu0.2 [7124 B]
2026-10-07T19:36:49.7820071Z Get:67 http://azure.archive.ubuntu.com/ubuntu noble-updates/universe amd64 libva-x11-2 amd64 2.20.0-2ubuntu0.2 [12.0 kB]
2026-10-07T19:36:49.8662170Z Get:68 http://azure.archive.ubuntu.com/ubuntu noble-updates/universe amd64 libva-glx2 amd64 2.20.0-2ubuntu0.2 [11.4 kB]
2026-10-07T19:36:49.9492027Z Get:69 http://azure.archive.ubuntu.com/ubuntu noble-updates/universe amd64 libva-wayland2 amd64 2.20.0-2ubuntu0.2 [10.9 kB]
2026-10-07T19:36:50.0320466Z Get:70 http://azure.archive.ubuntu.com/ubuntu noble/main amd64 libwayland-server0 amd64 1.22.0-2.1build1 [33.9 kB]
2026-10-07T19:36:50.1148409Z Get:71 http://azure.archive.ubuntu.com/ubuntu noble/main amd64 libwayland-bin amd64 1.22.0-2.1build1 [20.6 kB]
2026-10-07T19:36:50.1977865Z Get:72 http://azure.archive.ubuntu.com/ubuntu noble/main amd64 libwayland-dev amd64 1.22.0-2.1build1 [71.3 kB]
2026-10-07T19:36:50.2803479Z Get:73 http://azure.archive.ubuntu.com/ubuntu noble/universe amd64 libset-scalar-perl all 1.29-3 [28.6 kB]
2026-10-07T19:36:50.3635398Z Get:74 http://azure.archive.ubuntu.com/ubuntu noble-updates/universe amd64 libva-dev amd64 2.20.0-2ubuntu0.2 [114 kB]
2026-10-07T19:36:50.4481583Z Get:75 http://azure.archive.ubuntu.com/ubuntu noble-updates/main amd64 libwireplumber-0.4-0 amd64 0.4.17-1ubuntu4.1 [247 kB]
2026-10-07T19:36:50.5358709Z Get:76 http://azure.archive.ubuntu.com/ubuntu noble/main amd64 xorg-sgml-doctools all 1:1.11-1.1 [10.9 kB]
2026-10-07T19:36:50.6188151Z Get:77 http://azure.archive.ubuntu.com/ubuntu noble/main amd64 x11proto-dev all 2023.2-1 [602 kB]
2026-10-07T19:36:50.7164825Z Get:78 http://azure.archive.ubuntu.com/ubuntu noble/main amd64 libxau-dev amd64 1:1.0.9-1build6 [9570 B]
2026-10-07T19:36:50.7992289Z Get:79 http://azure.archive.ubuntu.com/ubuntu noble/main amd64 libxdmcp-dev amd64 1:1.1.3-0ubuntu6 [26.5 kB]
2026-10-07T19:36:50.8826698Z Get:80 http://azure.archive.ubuntu.com/ubuntu noble/main amd64 xtrans-dev all 1.4.0-1 [68.9 kB]
2026-10-07T19:36:50.9703915Z Get:81 http://azure.archive.ubuntu.com/ubuntu noble/main amd64 libxcb1-dev amd64 1.15-1ubuntu2 [85.8 kB]
2026-10-07T19:36:51.0486260Z Get:82 http://azure.archive.ubuntu.com/ubuntu noble/main amd64 libx11-dev amd64 2:1.8.7-1build1 [732 kB]
2026-10-07T19:36:51.1511180Z Get:83 http://azure.archive.ubuntu.com/ubuntu noble/main amd64 libx11-xcb-dev amd64 2:1.8.7-1build1 [9950 B]
2026-10-07T19:36:51.2341504Z Get:84 http://azure.archive.ubuntu.com/ubuntu noble/main amd64 libxcb-xkb1 amd64 1.15-1ubuntu2 [32.3 kB]
2026-10-07T19:36:51.3173157Z Get:85 http://azure.archive.ubuntu.com/ubuntu noble/main amd64 libxcb-xkb-dev amd64 1.15-1ubuntu2 [42.5 kB]
2026-10-07T19:36:51.3998211Z Get:86 http://azure.archive.ubuntu.com/ubuntu noble/main amd64 libxkbcommon-dev amd64 1.6.0-1build1 [56.3 kB]
2026-10-07T19:36:51.4835265Z Get:87 http://azure.archive.ubuntu.com/ubuntu noble/main amd64 libxkbcommon-x11-0 amd64 1.6.0-1build1 [14.5 kB]
2026-10-07T19:36:51.5678681Z Get:88 http://azure.archive.ubuntu.com/ubuntu noble/universe amd64 lld amd64 1:18.0-59~exp2 [5494 B]
2026-10-07T19:36:51.6510616Z Get:89 http://azure.archive.ubuntu.com/ubuntu noble/universe amd64 llvm-runtime amd64 1:18.0-59~exp2 [5496 B]
2026-10-07T19:36:51.7330698Z Get:90 http://azure.archive.ubuntu.com/ubuntu noble/universe amd64 llvm amd64 1:18.0-59~exp2 [4146 B]
2026-10-07T19:36:51.8168844Z Get:91 http://azure.archive.ubuntu.com/ubuntu noble-updates/universe amd64 mesa-va-drivers amd64 25.2.8-0ubuntu0.24.04.4 [6778 B]
2026-10-07T19:36:51.9008778Z Get:92 http://azure.archive.ubuntu.com/ubuntu noble-updates/main amd64 pipewire-bin amd64 1.0.5-1ubuntu3.3 [365 kB]
2026-10-07T19:36:51.9898629Z Get:93 http://azure.archive.ubuntu.com/ubuntu noble-updates/main amd64 pipewire amd64 1.0.5-1ubuntu3.3 [90.1 kB]
2026-10-07T19:36:52.0732666Z Get:94 http://azure.archive.ubuntu.com/ubuntu noble-updates/main amd64 pipewire-pulse amd64 1.0.5-1ubuntu3.3 [8454 B]
2026-10-07T19:36:52.1562241Z Get:95 http://azure.archive.ubuntu.com/ubuntu noble/main amd64 rtkit amd64 0.13-5build1 [34.6 kB]
2026-10-07T19:36:52.2385617Z Get:96 http://azure.archive.ubuntu.com/ubuntu noble-updates/universe amd64 i965-va-driver amd64 2.4.1+dfsg1-1ubuntu0.2 [332 kB]
2026-10-07T19:36:52.3288951Z Get:97 http://azure.archive.ubuntu.com/ubuntu noble-updates/universe amd64 va-driver-all amd64 2.20.0-2ubuntu0.2 [5014 B]
2026-10-07T19:36:52.4111093Z Get:98 http://azure.archive.ubuntu.com/ubuntu noble-updates/main amd64 wireplumber amd64 0.4.17-1ubuntu4.1 [80.0 kB]
2026-10-07T19:36:52.4961643Z Get:99 http://azure.archive.ubuntu.com/ubuntu noble-updates/main amd64 xdg-desktop-portal amd64 1.18.4-1ubuntu2.24.04.3 [307 kB]
2026-10-07T19:36:52.5851637Z Get:100 http://azure.archive.ubuntu.com/ubuntu noble/main amd64 libhttp-parser-dev amd64 2.9.4-6build1 [21.5 kB]
2026-10-07T19:36:52.6681574Z Get:101 http://azure.archive.ubuntu.com/ubuntu noble-updates/main amd64 libgit2-dev amd64 1.7.2+ds-1ubuntu3.2 [814 kB]
2026-10-07T19:36:52.7701564Z Get:102 http://azure.archive.ubuntu.com/ubuntu noble/main amd64 libxkbcommon-x11-dev amd64 1.6.0-1build1 [5586 B]
2026-10-07T19:36:52.8549281Z Get:103 http://azure.archive.ubuntu.com/ubuntu noble/universe amd64 musl amd64 1.2.4-2 [416 kB]
2026-10-07T19:36:52.9479905Z Get:104 http://azure.archive.ubuntu.com/ubuntu noble/universe amd64 musl-dev amd64 1.2.4-2 [616 kB]
2026-10-07T19:36:53.0449276Z Get:105 http://azure.archive.ubuntu.com/ubuntu noble/universe amd64 musl-tools amd64 1.2.4-2 [5540 B]
2026-10-07T19:36:53.1319805Z Get:39 http://azure.archive.ubuntu.com/ubuntu noble/main amd64 libhttp-parser2.9 amd64 2.9.4-6build1 [22.3 kB]
2026-10-07T19:36:53.4157498Z Fetched 49.5 MB in 49s (1009 kB/s)
2026-10-07T19:36:53.5463339Z (Reading database ... 
2026-10-07T19:36:53.5463729Z (Reading database ... 5%
2026-10-07T19:36:53.5463927Z (Reading database ... 10%
2026-10-07T19:36:53.5464118Z (Reading database ... 15%
2026-10-07T19:36:53.5464290Z (Reading database ... 20%
2026-10-07T19:36:53.5464457Z (Reading database ... 25%
2026-10-07T19:36:53.5464957Z (Reading database ... 30%
2026-10-07T19:36:53.5465142Z (Reading database ... 35%
2026-10-07T19:36:53.5465313Z (Reading database ... 40%
2026-10-07T19:36:53.5465483Z (Reading database ... 45%
2026-10-07T19:36:53.5465664Z (Reading database ... 50%
2026-10-07T19:36:53.7438117Z (Reading database ... 55%
2026-10-07T19:36:53.8464007Z (Reading database ... 60%
2026-10-07T19:36:54.0094890Z (Reading database ... 65%
2026-10-07T19:36:54.2108483Z (Reading database ... 70%
2026-10-07T19:36:54.3585015Z (Reading database ... 75%
2026-10-07T19:36:54.5366448Z (Reading database ... 80%
2026-10-07T19:36:54.7004100Z (Reading database ... 85%
2026-10-07T19:36:54.8598778Z (Reading database ... 90%
2026-10-07T19:36:54.9663973Z (Reading database ... 95%
2026-10-07T19:36:54.9664629Z (Reading database ... 100%
2026-10-07T19:36:54.9664915Z (Reading database ... 202296 files and directories currently installed.)
2026-10-07T19:36:54.9701562Z Preparing to unpack .../libssl-dev_3.0.13-0ubuntu3.16_amd64.deb ...
2026-10-07T19:36:54.9731061Z Unpacking libssl-dev:amd64 (3.0.13-0ubuntu3.16) over (3.0.13-0ubuntu3.15) ...
2026-10-07T19:36:55.1683826Z Preparing to unpack .../libssl3t64_3.0.13-0ubuntu3.16_amd64.deb ...
2026-10-07T19:36:55.1895371Z Unpacking libssl3t64:amd64 (3.0.13-0ubuntu3.16) over (3.0.13-0ubuntu3.15) ...
2026-10-07T19:36:55.4698682Z Setting up libssl3t64:amd64 (3.0.13-0ubuntu3.16) ...
2026-10-07T19:36:55.8367981Z (Reading database ... 
2026-10-07T19:36:55.8368242Z (Reading database ... 5%
2026-10-07T19:36:55.8368442Z (Reading database ... 10%
2026-10-07T19:36:55.8368627Z (Reading database ... 15%
2026-10-07T19:36:55.8368803Z (Reading database ... 20%
2026-10-07T19:36:55.8368972Z (Reading database ... 25%
2026-10-07T19:36:55.8369141Z (Reading database ... 30%
2026-10-07T19:36:55.8369336Z (Reading database ... 35%
2026-10-07T19:36:55.8369507Z (Reading database ... 40%
2026-10-07T19:36:55.8369673Z (Reading database ... 45%
2026-10-07T19:36:55.8369840Z (Reading database ... 50%
2026-10-07T19:36:55.8377614Z (Reading database ... 55%
2026-10-07T19:36:55.8463654Z (Reading database ... 60%
2026-10-07T19:36:55.8487130Z (Reading database ... 65%
2026-10-07T19:36:55.8504112Z (Reading database ... 70%
2026-10-07T19:36:55.8532645Z (Reading database ... 75%
2026-10-07T19:36:55.8557425Z (Reading database ... 80%
2026-10-07T19:36:55.8579377Z (Reading database ... 85%
2026-10-07T19:36:55.8698212Z (Reading database ... 90%
2026-10-07T19:36:55.8903753Z (Reading database ... 95%
2026-10-07T19:36:55.8904074Z (Reading database ... 100%
2026-10-07T19:36:55.8904483Z (Reading database ... 202296 files and directories currently installed.)
2026-10-07T19:36:55.8940505Z Preparing to unpack .../000-openssl_3.0.13-0ubuntu3.16_amd64.deb ...
2026-10-07T19:36:55.8957646Z Unpacking openssl (3.0.13-0ubuntu3.16) over (3.0.13-0ubuntu3.15) ...
2026-10-07T19:36:55.9890764Z Selecting previously unselected package bubblewrap.
2026-10-07T19:36:56.0003465Z Preparing to unpack .../001-bubblewrap_0.9.0-1ubuntu0.3_amd64.deb ...
2026-10-07T19:36:56.0009315Z Unpacking bubblewrap (0.9.0-1ubuntu0.3) ...
2026-10-07T19:36:56.0196446Z Selecting previously unselected package build-essential.
2026-10-07T19:36:56.0301180Z Preparing to unpack .../002-build-essential_12.10ubuntu1_amd64.deb ...
2026-10-07T19:36:56.0307269Z Unpacking build-essential (12.10ubuntu1) ...
2026-10-07T19:36:56.0460992Z Selecting previously unselected package bzip2-doc.
2026-10-07T19:36:56.0567199Z Preparing to unpack .../003-bzip2-doc_1.0.8-5.1ubuntu0.1_all.deb ...
2026-10-07T19:36:56.0572234Z Unpacking bzip2-doc (1.0.8-5.1ubuntu0.1) ...
2026-10-07T19:36:56.0767223Z Selecting previously unselected package clang.
2026-10-07T19:36:56.0873597Z Preparing to unpack .../004-clang_1%3a18.0-59~exp2_amd64.deb ...
2026-10-07T19:36:56.0879480Z Unpacking clang (1:18.0-59~exp2) ...
2026-10-07T19:36:56.1041780Z Selecting previously unselected package libjsoncpp25:amd64.
2026-10-07T19:36:56.1149696Z Preparing to unpack .../005-libjsoncpp25_1.9.5-6build1_amd64.deb ...
2026-10-07T19:36:56.1156056Z Unpacking libjsoncpp25:amd64 (1.9.5-6build1) ...
2026-10-07T19:36:56.1328566Z Selecting previously unselected package librhash0:amd64.
2026-10-07T19:36:56.1434470Z Preparing to unpack .../006-librhash0_1.4.3-3build1_amd64.deb ...
2026-10-07T19:36:56.1441024Z Unpacking librhash0:amd64 (1.4.3-3build1) ...
2026-10-07T19:36:56.1618454Z Selecting previously unselected package cmake-data.
2026-10-07T19:36:56.1726050Z Preparing to unpack .../007-cmake-data_3.28.3-1build7_all.deb ...
2026-10-07T19:36:56.1780355Z Unpacking cmake-data (3.28.3-1build7) ...
2026-10-07T19:36:56.5904087Z Selecting previously unselected package cmake.
2026-10-07T19:36:56.6028651Z Preparing to unpack .../008-cmake_3.28.3-1build7_amd64.deb ...
2026-10-07T19:36:56.6034158Z Unpacking cmake (3.28.3-1build7) ...
2026-10-07T19:36:56.8278823Z Selecting previously unselected package libasm1t64:amd64.
2026-10-07T19:36:56.8391004Z Preparing to unpack .../009-libasm1t64_0.190-1.1ubuntu0.1_amd64.deb ...
2026-10-07T19:36:56.8397339Z Unpacking libasm1t64:amd64 (0.190-1.1ubuntu0.1) ...
2026-10-07T19:36:56.8547643Z Selecting previously unselected package elfutils.
2026-10-07T19:36:56.8653312Z Preparing to unpack .../010-elfutils_0.190-1.1ubuntu0.1_amd64.deb ...
2026-10-07T19:36:56.8660025Z Unpacking elfutils (0.190-1.1ubuntu0.1) ...
2026-10-07T19:36:56.8993814Z Selecting previously unselected package libproxy1v5:amd64.
2026-10-07T19:36:56.9103821Z Preparing to unpack .../011-libproxy1v5_0.5.4-4build1_amd64.deb ...
2026-10-07T19:36:56.9109896Z Unpacking libproxy1v5:amd64 (0.5.4-4build1) ...
2026-10-07T19:36:56.9271189Z Selecting previously unselected package glib-networking-common.
2026-10-07T19:36:56.9379026Z Preparing to unpack .../012-glib-networking-common_2.80.0-1build1_all.deb ...
2026-10-07T19:36:56.9384314Z Unpacking glib-networking-common (2.80.0-1build1) ...
2026-10-07T19:36:56.9534237Z Selecting previously unselected package glib-networking-services.
2026-10-07T19:36:56.9641003Z Preparing to unpack .../013-glib-networking-services_2.80.0-1build1_amd64.deb ...
2026-10-07T19:36:56.9646284Z Unpacking glib-networking-services (2.80.0-1build1) ...
2026-10-07T19:36:56.9811001Z Selecting previously unselected package session-migration.
2026-10-07T19:36:56.9915388Z Preparing to unpack .../014-session-migration_0.3.9build1_amd64.deb ...
2026-10-07T19:36:56.9994295Z Unpacking session-migration (0.3.9build1) ...
2026-10-07T19:36:57.0158049Z Selecting previously unselected package gsettings-desktop-schemas.
2026-10-07T19:36:57.0263316Z Preparing to unpack .../015-gsettings-desktop-schemas_46.1-0ubuntu1_all.deb ...
2026-10-07T19:36:57.0269733Z Unpacking gsettings-desktop-schemas (46.1-0ubuntu1) ...
2026-10-07T19:36:57.0487039Z Selecting previously unselected package glib-networking:amd64.
2026-10-07T19:36:57.0592716Z Preparing to unpack .../016-glib-networking_2.80.0-1build1_amd64.deb ...
2026-10-07T19:36:57.0599653Z Unpacking glib-networking:amd64 (2.80.0-1build1) ...
2026-10-07T19:36:57.0777254Z Selecting previously unselected package libva2:amd64.
2026-10-07T19:36:57.0883349Z Preparing to unpack .../017-libva2_2.20.0-2ubuntu0.2_amd64.deb ...
2026-10-07T19:36:57.0890470Z Unpacking libva2:amd64 (2.20.0-2ubuntu0.2) ...
2026-10-07T19:36:57.1053192Z Selecting previously unselected package libigdgmm12:amd64.
2026-10-07T19:36:57.1162550Z Preparing to unpack .../018-libigdgmm12_22.3.17+ds1-1ubuntu1_amd64.deb ...
2026-10-07T19:36:57.1168557Z Unpacking libigdgmm12:amd64 (22.3.17+ds1-1ubuntu1) ...
2026-10-07T19:36:57.1341576Z Selecting previously unselected package intel-media-va-driver:amd64.
2026-10-07T19:36:57.1451166Z Preparing to unpack .../019-intel-media-va-driver_24.1.0+dfsg1-1ubuntu0.2_amd64.deb ...
2026-10-07T19:36:57.1457559Z Unpacking intel-media-va-driver:amd64 (24.1.0+dfsg1-1ubuntu0.2) ...
2026-10-07T19:36:57.2771796Z Selecting previously unselected package libasound2-dev:amd64.
2026-10-07T19:36:57.2885180Z Preparing to unpack .../020-libasound2-dev_1.2.11-1ubuntu0.3_amd64.deb ...
2026-10-07T19:36:57.2910989Z Unpacking libasound2-dev:amd64 (1.2.11-1ubuntu0.3) ...
2026-10-07T19:36:57.3154977Z Selecting previously unselected package libasyncns0:amd64.
2026-10-07T19:36:57.3264593Z Preparing to unpack .../021-libasyncns0_0.8-6build4_amd64.deb ...
2026-10-07T19:36:57.3271864Z Unpacking libasyncns0:amd64 (0.8-6build4) ...
2026-10-07T19:36:57.3425448Z Selecting previously unselected package libbrotli-dev:amd64.
2026-10-07T19:36:57.3534832Z Preparing to unpack .../022-libbrotli-dev_1.1.0-2build2_amd64.deb ...
2026-10-07T19:36:57.3542063Z Unpacking libbrotli-dev:amd64 (1.1.0-2build2) ...
2026-10-07T19:36:57.3742619Z Selecting previously unselected package libbz2-dev:amd64.
2026-10-07T19:36:57.3851053Z Preparing to unpack .../023-libbz2-dev_1.0.8-5.1ubuntu0.1_amd64.deb ...
2026-10-07T19:36:57.3858060Z Unpacking libbz2-dev:amd64 (1.0.8-5.1ubuntu0.1) ...
2026-10-07T19:36:57.4024487Z Selecting previously unselected package libflac12t64:amd64.
2026-10-07T19:36:57.4132665Z Preparing to unpack .../024-libflac12t64_1.4.3+ds-2.1ubuntu2_amd64.deb ...
2026-10-07T19:36:57.4139536Z Unpacking libflac12t64:amd64 (1.4.3+ds-2.1ubuntu2) ...
2026-10-07T19:36:57.4431975Z Preparing to unpack .../025-libfreetype6_2.13.2+dfsg-1ubuntu0.2_amd64.deb ...
2026-10-07T19:36:57.4449119Z Unpacking libfreetype6:amd64 (2.13.2+dfsg-1ubuntu0.2) over (2.13.2+dfsg-1ubuntu0.1) ...
2026-10-07T19:36:57.4663138Z Selecting previously unselected package libpng-dev:amd64.
2026-10-07T19:36:57.4774304Z Preparing to unpack .../026-libpng-dev_1.6.43-5ubuntu0.6_amd64.deb ...
2026-10-07T19:36:57.4780633Z Unpacking libpng-dev:amd64 (1.6.43-5ubuntu0.6) ...
2026-10-07T19:36:57.5004617Z Selecting previously unselected package libfreetype-dev:amd64.
2026-10-07T19:36:57.5115271Z Preparing to unpack .../027-libfreetype-dev_2.13.2+dfsg-1ubuntu0.2_amd64.deb ...
2026-10-07T19:36:57.5121860Z Unpacking libfreetype-dev:amd64 (2.13.2+dfsg-1ubuntu0.2) ...
2026-10-07T19:36:57.5444982Z Selecting previously unselected package uuid-dev:amd64.
2026-10-07T19:36:57.5554774Z Preparing to unpack .../028-uuid-dev_2.39.3-9ubuntu6.6_amd64.deb ...
2026-10-07T19:36:57.5561741Z Unpacking uuid-dev:amd64 (2.39.3-9ubuntu6.6) ...
2026-10-07T19:36:57.5757622Z Selecting previously unselected package libfontconfig-dev:amd64.
2026-10-07T19:36:57.5869114Z Preparing to unpack .../029-libfontconfig-dev_2.15.0-1.1ubuntu2_amd64.deb ...
2026-10-07T19:36:57.5874369Z Unpacking libfontconfig-dev:amd64 (2.15.0-1.1ubuntu2) ...
2026-10-07T19:36:57.6177795Z Preparing to unpack .../030-libgl1-mesa-dri_25.2.8-0ubuntu0.24.04.4_amd64.deb ...
2026-10-07T19:36:57.6299140Z Unpacking libgl1-mesa-dri:amd64 (25.2.8-0ubuntu0.24.04.4) over (25.2.8-0ubuntu0.24.04.2) ...
2026-10-07T19:36:57.6709373Z Preparing to unpack .../031-libglx-mesa0_25.2.8-0ubuntu0.24.04.4_amd64.deb ...
2026-10-07T19:36:57.6728489Z Unpacking libglx-mesa0:amd64 (25.2.8-0ubuntu0.24.04.4) over (25.2.8-0ubuntu0.24.04.2) ...
2026-10-07T19:36:57.7044566Z Preparing to unpack .../032-libgbm1_25.2.8-0ubuntu0.24.04.4_amd64.deb ...
2026-10-07T19:36:57.7062779Z Unpacking libgbm1:amd64 (25.2.8-0ubuntu0.24.04.4) over (25.2.8-0ubuntu0.24.04.2) ...
2026-10-07T19:36:57.7375502Z Preparing to unpack .../033-mesa-libgallium_25.2.8-0ubuntu0.24.04.4_amd64.deb ...
2026-10-07T19:36:57.7397228Z Unpacking mesa-libgallium:amd64 (25.2.8-0ubuntu0.24.04.4) over (25.2.8-0ubuntu0.24.04.2) ...
2026-10-07T19:36:58.0804859Z Selecting previously unselected package libgirepository-2.0-0:amd64.
2026-10-07T19:36:58.0917865Z Preparing to unpack .../034-libgirepository-2.0-0_2.80.0-6ubuntu3.9_amd64.deb ...
2026-10-07T19:36:58.0924424Z Unpacking libgirepository-2.0-0:amd64 (2.80.0-6ubuntu3.9) ...
2026-10-07T19:36:58.1095279Z Selecting previously unselected package libhttp-parser2.9:amd64.
2026-10-07T19:36:58.1202596Z Preparing to unpack .../035-libhttp-parser2.9_2.9.4-6build1_amd64.deb ...
2026-10-07T19:36:58.1209629Z Unpacking libhttp-parser2.9:amd64 (2.9.4-6build1) ...
2026-10-07T19:36:58.1377921Z Selecting previously unselected package libgit2-1.7:amd64.
2026-10-07T19:36:58.1483311Z Preparing to unpack .../036-libgit2-1.7_1.7.2+ds-1ubuntu3.2_amd64.deb ...
2026-10-07T19:36:58.1489615Z Unpacking libgit2-1.7:amd64 (1.7.2+ds-1ubuntu3.2) ...
2026-10-07T19:36:58.1692170Z Selecting previously unselected package libglib2.0-dev-bin.
2026-10-07T19:36:58.1794081Z Preparing to unpack .../037-libglib2.0-dev-bin_2.80.0-6ubuntu3.9_amd64.deb ...
2026-10-07T19:36:58.1800381Z Unpacking libglib2.0-dev-bin (2.80.0-6ubuntu3.9) ...
2026-10-07T19:36:58.2014034Z Selecting previously unselected package libblkid-dev:amd64.
2026-10-07T19:36:58.2117674Z Preparing to unpack .../038-libblkid-dev_2.39.3-9ubuntu6.6_amd64.deb ...
2026-10-07T19:36:58.2123530Z Unpacking libblkid-dev:amd64 (2.39.3-9ubuntu6.6) ...
2026-10-07T19:36:58.2313068Z Selecting previously unselected package libsepol-dev:amd64.
2026-10-07T19:36:58.2419244Z Preparing to unpack .../039-libsepol-dev_3.5-2build1_amd64.deb ...
2026-10-07T19:36:58.2483653Z Unpacking libsepol-dev:amd64 (3.5-2build1) ...
2026-10-07T19:36:58.2793414Z Selecting previously unselected package libselinux1-dev:amd64.
2026-10-07T19:36:58.2902309Z Preparing to unpack .../040-libselinux1-dev_3.5-2ubuntu2.1_amd64.deb ...
2026-10-07T19:36:58.3905514Z Unpacking libselinux1-dev:amd64 (3.5-2ubuntu2.1) ...
2026-10-07T19:36:58.4247382Z Selecting previously unselected package libmount-dev:amd64.
2026-10-07T19:36:58.4360778Z Preparing to unpack .../041-libmount-dev_2.39.3-9ubuntu6.6_amd64.deb ...
2026-10-07T19:36:58.4369272Z Unpacking libmount-dev:amd64 (2.39.3-9ubuntu6.6) ...
2026-10-07T19:36:58.4527633Z Selecting previously unselected package libglib2.0-dev:amd64.
2026-10-07T19:36:58.4634525Z Preparing to unpack .../042-libglib2.0-dev_2.80.0-6ubuntu3.9_amd64.deb ...
2026-10-07T19:36:58.4661850Z Unpacking libglib2.0-dev:amd64 (2.80.0-6ubuntu3.9) ...
2026-10-07T19:36:58.6412972Z Selecting previously unselected package libmp3lame0:amd64.
2026-10-07T19:36:58.6527381Z Preparing to unpack .../043-libmp3lame0_3.100-6build1_amd64.deb ...
2026-10-07T19:36:58.6532726Z Unpacking libmp3lame0:amd64 (3.100-6build1) ...
2026-10-07T19:36:58.6727621Z Selecting previously unselected package libmpg123-0t64:amd64.
2026-10-07T19:36:58.6834710Z Preparing to unpack .../044-libmpg123-0t64_1.32.5-1ubuntu1.1_amd64.deb ...
2026-10-07T19:36:58.6841963Z Unpacking libmpg123-0t64:amd64 (1.32.5-1ubuntu1.1) ...
2026-10-07T19:36:58.7023967Z Selecting previously unselected package libopus0:amd64.
2026-10-07T19:36:58.7127963Z Preparing to unpack .../045-libopus0_1.4-1build1_amd64.deb ...
2026-10-07T19:36:58.7134231Z Unpacking libopus0:amd64 (1.4-1build1) ...
2026-10-07T19:36:58.7311316Z Selecting previously unselected package libwebrtc-audio-processing1:amd64.
2026-10-07T19:36:58.7417973Z Preparing to unpack .../046-libwebrtc-audio-processing1_0.3.1-0ubuntu6_amd64.deb ...
2026-10-07T19:36:58.7424268Z Unpacking libwebrtc-audio-processing1:amd64 (0.3.1-0ubuntu6) ...
2026-10-07T19:36:58.8625601Z Selecting previously unselected package libspa-0.2-modules:amd64.
2026-10-07T19:36:58.8738267Z Preparing to unpack .../047-libspa-0.2-modules_1.0.5-1ubuntu3.3_amd64.deb ...
2026-10-07T19:36:58.8744056Z Unpacking libspa-0.2-modules:amd64 (1.0.5-1ubuntu3.3) ...
2026-10-07T19:36:58.8994281Z Selecting previously unselected package libpipewire-0.3-0t64:amd64.
2026-10-07T19:36:58.9103300Z Preparing to unpack .../048-libpipewire-0.3-0t64_1.0.5-1ubuntu3.3_amd64.deb ...
2026-10-07T19:36:58.9110668Z Unpacking libpipewire-0.3-0t64:amd64 (1.0.5-1ubuntu3.3) ...
2026-10-07T19:36:58.9293168Z Selecting previously unselected package libpipewire-0.3-common.
2026-10-07T19:36:58.9399739Z Preparing to unpack .../049-libpipewire-0.3-common_1.0.5-1ubuntu3.3_all.deb ...
2026-10-07T19:36:58.9407344Z Unpacking libpipewire-0.3-common (1.0.5-1ubuntu3.3) ...
2026-10-07T19:36:58.9568082Z Selecting previously unselected package libvorbisenc2:amd64.
2026-10-07T19:36:58.9673514Z Preparing to unpack .../050-libvorbisenc2_1.3.7-1build3_amd64.deb ...
2026-10-07T19:36:58.9680426Z Unpacking libvorbisenc2:amd64 (1.3.7-1build3) ...
2026-10-07T19:36:59.1580516Z Selecting previously unselected package libsndfile1:amd64.
2026-10-07T19:36:59.1692471Z Preparing to unpack .../051-libsndfile1_1.2.2-1ubuntu5.24.04.1_amd64.deb ...
2026-10-07T19:36:59.1698893Z Unpacking libsndfile1:amd64 (1.2.2-1ubuntu5.24.04.1) ...
2026-10-07T19:36:59.1896430Z Selecting previously unselected package libpulse0:amd64.
2026-10-07T19:36:59.2003253Z Preparing to unpack .../052-libpulse0_1%3a16.1+dfsg1-2ubuntu10.1_amd64.deb ...
2026-10-07T19:36:59.2162594Z Unpacking libpulse0:amd64 (1:16.1+dfsg1-2ubuntu10.1) ...
2026-10-07T19:36:59.2371828Z Selecting previously unselected package libspeexdsp1:amd64.
2026-10-07T19:36:59.2481102Z Preparing to unpack .../053-libspeexdsp1_1.2.1-1ubuntu3_amd64.deb ...
2026-10-07T19:36:59.2487445Z Unpacking libspeexdsp1:amd64 (1.2.1-1ubuntu3) ...
2026-10-07T19:36:59.2676616Z Selecting previously unselected package libroc0.3:amd64.
2026-10-07T19:36:59.2783621Z Preparing to unpack .../054-libroc0.3_0.3.0+dfsg-7ubuntu2_amd64.deb ...
2026-10-07T19:36:59.2789773Z Unpacking libroc0.3:amd64 (0.3.0+dfsg-7ubuntu2) ...
2026-10-07T19:36:59.2981463Z Selecting previously unselected package libsoup-3.0-common.
2026-10-07T19:36:59.3087474Z Preparing to unpack .../055-libsoup-3.0-common_3.4.4-5ubuntu0.9_all.deb ...
2026-10-07T19:36:59.3093375Z Unpacking libsoup-3.0-common (3.4.4-5ubuntu0.9) ...
2026-10-07T19:36:59.3252183Z Selecting previously unselected package libsoup-3.0-0:amd64.
2026-10-07T19:36:59.3355645Z Preparing to unpack .../056-libsoup-3.0-0_3.4.4-5ubuntu0.9_amd64.deb ...
2026-10-07T19:36:59.3362766Z Unpacking libsoup-3.0-0:amd64 (3.4.4-5ubuntu0.9) ...
2026-10-07T19:36:59.3550324Z Selecting previously unselected package libsnapd-glib-2-1:amd64.
2026-10-07T19:36:59.3653370Z Preparing to unpack .../057-libsnapd-glib-2-1_1.64-0ubuntu5_amd64.deb ...
2026-10-07T19:36:59.3659512Z Unpacking libsnapd-glib-2-1:amd64 (1.64-0ubuntu5) ...
2026-10-07T19:36:59.3824664Z Selecting previously unselected package libpipewire-0.3-modules:amd64.
2026-10-07T19:36:59.3925345Z Preparing to unpack .../058-libpipewire-0.3-modules_1.0.5-1ubuntu3.3_amd64.deb ...
2026-10-07T19:36:59.3931604Z Unpacking libpipewire-0.3-modules:amd64 (1.0.5-1ubuntu3.3) ...
2026-10-07T19:36:59.5273425Z Selecting previously unselected package libpng-tools.
2026-10-07T19:36:59.5385276Z Preparing to unpack .../059-libpng-tools_1.6.43-5ubuntu0.6_amd64.deb ...
2026-10-07T19:36:59.5391308Z Unpacking libpng-tools (1.6.43-5ubuntu0.6) ...
2026-10-07T19:36:59.5605923Z Selecting previously unselected package libpthread-stubs0-dev:amd64.
2026-10-07T19:36:59.5711689Z Preparing to unpack .../060-libpthread-stubs0-dev_0.4-1build3_amd64.deb ...
2026-10-07T19:36:59.5718090Z Unpacking libpthread-stubs0-dev:amd64 (0.4-1build3) ...
2026-10-07T19:36:59.5870187Z Selecting previously unselected package libssh2-1-dev:amd64.
2026-10-07T19:36:59.5972417Z Preparing to unpack .../061-libssh2-1-dev_1.11.0-4.1ubuntu0.24.04.4_amd64.deb ...
2026-10-07T19:36:59.5978080Z Unpacking libssh2-1-dev:amd64 (1.11.0-4.1ubuntu0.24.04.4) ...
2026-10-07T19:36:59.6383757Z Selecting previously unselected package libva-drm2:amd64.
2026-10-07T19:36:59.6506972Z Preparing to unpack .../062-libva-drm2_2.20.0-2ubuntu0.2_amd64.deb ...
2026-10-07T19:36:59.6512064Z Unpacking libva-drm2:amd64 (2.20.0-2ubuntu0.2) ...
2026-10-07T19:36:59.6695376Z Selecting previously unselected package libva-x11-2:amd64.
2026-10-07T19:36:59.6836092Z Preparing to unpack .../063-libva-x11-2_2.20.0-2ubuntu0.2_amd64.deb ...
2026-10-07T19:36:59.6842678Z Unpacking libva-x11-2:amd64 (2.20.0-2ubuntu0.2) ...
2026-10-07T19:36:59.7012842Z Selecting previously unselected package libva-glx2:amd64.
2026-10-07T19:36:59.7121705Z Preparing to unpack .../064-libva-glx2_2.20.0-2ubuntu0.2_amd64.deb ...
2026-10-07T19:36:59.7128176Z Unpacking libva-glx2:amd64 (2.20.0-2ubuntu0.2) ...
2026-10-07T19:36:59.7303123Z Selecting previously unselected package libva-wayland2:amd64.
2026-10-07T19:36:59.7409715Z Preparing to unpack .../065-libva-wayland2_2.20.0-2ubuntu0.2_amd64.deb ...
2026-10-07T19:36:59.7416847Z Unpacking libva-wayland2:amd64 (2.20.0-2ubuntu0.2) ...
2026-10-07T19:36:59.7578492Z Selecting previously unselected package libwayland-server0:amd64.
2026-10-07T19:36:59.7683796Z Preparing to unpack .../066-libwayland-server0_1.22.0-2.1build1_amd64.deb ...
2026-10-07T19:36:59.7690685Z Unpacking libwayland-server0:amd64 (1.22.0-2.1build1) ...
2026-10-07T19:36:59.7857407Z Selecting previously unselected package libwayland-bin.
2026-10-07T19:36:59.7963090Z Preparing to unpack .../067-libwayland-bin_1.22.0-2.1build1_amd64.deb ...
2026-10-07T19:36:59.7969676Z Unpacking libwayland-bin (1.22.0-2.1build1) ...
2026-10-07T19:36:59.8139937Z Selecting previously unselected package libwayland-dev:amd64.
2026-10-07T19:36:59.8245980Z Preparing to unpack .../068-libwayland-dev_1.22.0-2.1build1_amd64.deb ...
2026-10-07T19:36:59.8251669Z Unpacking libwayland-dev:amd64 (1.22.0-2.1build1) ...
2026-10-07T19:36:59.8553805Z Selecting previously unselected package libset-scalar-perl.
2026-10-07T19:36:59.8659910Z Preparing to unpack .../069-libset-scalar-perl_1.29-3_all.deb ...
2026-10-07T19:36:59.8665973Z Unpacking libset-scalar-perl (1.29-3) ...
2026-10-07T19:36:59.8839780Z Selecting previously unselected package libva-dev:amd64.
2026-10-07T19:36:59.8944856Z Preparing to unpack .../070-libva-dev_2.20.0-2ubuntu0.2_amd64.deb ...
2026-10-07T19:36:59.9255093Z Unpacking libva-dev:amd64 (2.20.0-2ubuntu0.2) ...
2026-10-07T19:36:59.9494294Z Selecting previously unselected package libwireplumber-0.4-0:amd64.
2026-10-07T19:36:59.9603297Z Preparing to unpack .../071-libwireplumber-0.4-0_0.4.17-1ubuntu4.1_amd64.deb ...
2026-10-07T19:36:59.9610006Z Unpacking libwireplumber-0.4-0:amd64 (0.4.17-1ubuntu4.1) ...
2026-10-07T19:36:59.9808054Z Selecting previously unselected package xorg-sgml-doctools.
2026-10-07T19:36:59.9910792Z Preparing to unpack .../072-xorg-sgml-doctools_1%3a1.11-1.1_all.deb ...
2026-10-07T19:36:59.9917164Z Unpacking xorg-sgml-doctools (1:1.11-1.1) ...
2026-10-07T19:37:00.0099082Z Selecting previously unselected package x11proto-dev.
2026-10-07T19:37:00.0202843Z Preparing to unpack .../073-x11proto-dev_2023.2-1_all.deb ...
2026-10-07T19:37:00.0212887Z Unpacking x11proto-dev (2023.2-1) ...
2026-10-07T19:37:00.0741860Z Selecting previously unselected package libxau-dev:amd64.
2026-10-07T19:37:00.0850634Z Preparing to unpack .../074-libxau-dev_1%3a1.0.9-1build6_amd64.deb ...
2026-10-07T19:37:00.0857457Z Unpacking libxau-dev:amd64 (1:1.0.9-1build6) ...
2026-10-07T19:37:00.1434114Z Selecting previously unselected package libxdmcp-dev:amd64.
2026-10-07T19:37:00.1543119Z Preparing to unpack .../075-libxdmcp-dev_1%3a1.1.3-0ubuntu6_amd64.deb ...
2026-10-07T19:37:00.1552395Z Unpacking libxdmcp-dev:amd64 (1:1.1.3-0ubuntu6) ...
2026-10-07T19:37:00.1893930Z Selecting previously unselected package xtrans-dev.
2026-10-07T19:37:00.2000545Z Preparing to unpack .../076-xtrans-dev_1.4.0-1_all.deb ...
2026-10-07T19:37:00.2006745Z Unpacking xtrans-dev (1.4.0-1) ...
2026-10-07T19:37:00.2207481Z Selecting previously unselected package libxcb1-dev:amd64.
2026-10-07T19:37:00.2310299Z Preparing to unpack .../077-libxcb1-dev_1.15-1ubuntu2_amd64.deb ...
2026-10-07T19:37:00.2316896Z Unpacking libxcb1-dev:amd64 (1.15-1ubuntu2) ...
2026-10-07T19:37:00.2497681Z Selecting previously unselected package libx11-dev:amd64.
2026-10-07T19:37:00.2602801Z Preparing to unpack .../078-libx11-dev_2%3a1.8.7-1build1_amd64.deb ...
2026-10-07T19:37:00.2609244Z Unpacking libx11-dev:amd64 (2:1.8.7-1build1) ...
2026-10-07T19:37:00.2922595Z Selecting previously unselected package libx11-xcb-dev:amd64.
2026-10-07T19:37:00.3031922Z Preparing to unpack .../079-libx11-xcb-dev_2%3a1.8.7-1build1_amd64.deb ...
2026-10-07T19:37:00.3038403Z Unpacking libx11-xcb-dev:amd64 (2:1.8.7-1build1) ...
2026-10-07T19:37:00.3212043Z Selecting previously unselected package libxcb-xkb1:amd64.
2026-10-07T19:37:00.3319838Z Preparing to unpack .../080-libxcb-xkb1_1.15-1ubuntu2_amd64.deb ...
2026-10-07T19:37:00.3326288Z Unpacking libxcb-xkb1:amd64 (1.15-1ubuntu2) ...
2026-10-07T19:37:00.3487331Z Selecting previously unselected package libxcb-xkb-dev:amd64.
2026-10-07T19:37:00.3599622Z Preparing to unpack .../081-libxcb-xkb-dev_1.15-1ubuntu2_amd64.deb ...
2026-10-07T19:37:00.3611635Z Unpacking libxcb-xkb-dev:amd64 (1.15-1ubuntu2) ...
2026-10-07T19:37:00.3780202Z Selecting previously unselected package libxkbcommon-dev:amd64.
2026-10-07T19:37:00.3893285Z Preparing to unpack .../082-libxkbcommon-dev_1.6.0-1build1_amd64.deb ...
2026-10-07T19:37:00.3899243Z Unpacking libxkbcommon-dev:amd64 (1.6.0-1build1) ...
2026-10-07T19:37:00.4093151Z Selecting previously unselected package libxkbcommon-x11-0:amd64.
2026-10-07T19:37:00.4207961Z Preparing to unpack .../083-libxkbcommon-x11-0_1.6.0-1build1_amd64.deb ...
2026-10-07T19:37:00.4213830Z Unpacking libxkbcommon-x11-0:amd64 (1.6.0-1build1) ...
2026-10-07T19:37:00.4377050Z Selecting previously unselected package lld:amd64.
2026-10-07T19:37:00.4491055Z Preparing to unpack .../084-lld_1%3a18.0-59~exp2_amd64.deb ...
2026-10-07T19:37:00.4496667Z Unpacking lld:amd64 (1:18.0-59~exp2) ...
2026-10-07T19:37:00.4732721Z Selecting previously unselected package llvm-runtime:amd64.
2026-10-07T19:37:00.4847590Z Preparing to unpack .../085-llvm-runtime_1%3a18.0-59~exp2_amd64.deb ...
2026-10-07T19:37:00.4852663Z Unpacking llvm-runtime:amd64 (1:18.0-59~exp2) ...
2026-10-07T19:37:00.5018764Z Selecting previously unselected package llvm.
2026-10-07T19:37:00.5131880Z Preparing to unpack .../086-llvm_1%3a18.0-59~exp2_amd64.deb ...
2026-10-07T19:37:00.5157247Z Unpacking llvm (1:18.0-59~exp2) ...
2026-10-07T19:37:00.5387748Z Selecting previously unselected package mesa-va-drivers:amd64.
2026-10-07T19:37:00.5500236Z Preparing to unpack .../087-mesa-va-drivers_25.2.8-0ubuntu0.24.04.4_amd64.deb ...
2026-10-07T19:37:00.5506191Z Unpacking mesa-va-drivers:amd64 (25.2.8-0ubuntu0.24.04.4) ...
2026-10-07T19:37:00.5779602Z Selecting previously unselected package pipewire-bin.
2026-10-07T19:37:00.5893629Z Preparing to unpack .../088-pipewire-bin_1.0.5-1ubuntu3.3_amd64.deb ...
2026-10-07T19:37:00.6305520Z Unpacking pipewire-bin (1.0.5-1ubuntu3.3) ...
2026-10-07T19:37:00.6694289Z Selecting previously unselected package pipewire:amd64.
2026-10-07T19:37:00.6810644Z Preparing to unpack .../089-pipewire_1.0.5-1ubuntu3.3_amd64.deb ...
2026-10-07T19:37:00.6817712Z Unpacking pipewire:amd64 (1.0.5-1ubuntu3.3) ...
2026-10-07T19:37:00.6994781Z Selecting previously unselected package pipewire-pulse.
2026-10-07T19:37:00.7111990Z Preparing to unpack .../090-pipewire-pulse_1.0.5-1ubuntu3.3_amd64.deb ...
2026-10-07T19:37:00.7122038Z Unpacking pipewire-pulse (1.0.5-1ubuntu3.3) ...
2026-10-07T19:37:00.7303869Z Selecting previously unselected package rtkit.
2026-10-07T19:37:00.7419427Z Preparing to unpack .../091-rtkit_0.13-5build1_amd64.deb ...
2026-10-07T19:37:00.7474859Z Unpacking rtkit (0.13-5build1) ...
2026-10-07T19:37:00.7694582Z Selecting previously unselected package i965-va-driver:amd64.
2026-10-07T19:37:00.7809630Z Preparing to unpack .../092-i965-va-driver_2.4.1+dfsg1-1ubuntu0.2_amd64.deb ...
2026-10-07T19:37:00.7817968Z Unpacking i965-va-driver:amd64 (2.4.1+dfsg1-1ubuntu0.2) ...
2026-10-07T19:37:00.8029813Z Selecting previously unselected package va-driver-all:amd64.
2026-10-07T19:37:00.8144041Z Preparing to unpack .../093-va-driver-all_2.20.0-2ubuntu0.2_amd64.deb ...
2026-10-07T19:37:00.8151726Z Unpacking va-driver-all:amd64 (2.20.0-2ubuntu0.2) ...
2026-10-07T19:37:00.8331600Z Selecting previously unselected package wireplumber.
2026-10-07T19:37:00.8447073Z Preparing to unpack .../094-wireplumber_0.4.17-1ubuntu4.1_amd64.deb ...
2026-10-07T19:37:00.9070841Z Unpacking wireplumber (0.4.17-1ubuntu4.1) ...
2026-10-07T19:37:01.0305564Z Selecting previously unselected package xdg-desktop-portal.
2026-10-07T19:37:01.0419331Z Preparing to unpack .../095-xdg-desktop-portal_1.18.4-1ubuntu2.24.04.3_amd64.deb ...
2026-10-07T19:37:01.0426416Z Unpacking xdg-desktop-portal (1.18.4-1ubuntu2.24.04.3) ...
2026-10-07T19:37:01.0641937Z Selecting previously unselected package libhttp-parser-dev:amd64.
2026-10-07T19:37:01.0753245Z Preparing to unpack .../096-libhttp-parser-dev_2.9.4-6build1_amd64.deb ...
2026-10-07T19:37:01.0758471Z Unpacking libhttp-parser-dev:amd64 (2.9.4-6build1) ...
2026-10-07T19:37:01.0928589Z Selecting previously unselected package libgit2-dev:amd64.
2026-10-07T19:37:01.1037277Z Preparing to unpack .../097-libgit2-dev_1.7.2+ds-1ubuntu3.2_amd64.deb ...
2026-10-07T19:37:01.1044246Z Unpacking libgit2-dev:amd64 (1.7.2+ds-1ubuntu3.2) ...
2026-10-07T19:37:01.1508140Z Selecting previously unselected package libxkbcommon-x11-dev:amd64.
2026-10-07T19:37:01.1618781Z Preparing to unpack .../098-libxkbcommon-x11-dev_1.6.0-1build1_amd64.deb ...
2026-10-07T19:37:01.1626320Z Unpacking libxkbcommon-x11-dev:amd64 (1.6.0-1build1) ...
2026-10-07T19:37:01.1787169Z Selecting previously unselected package musl:amd64.
2026-10-07T19:37:01.1897065Z Preparing to unpack .../099-musl_1.2.4-2_amd64.deb ...
2026-10-07T19:37:01.2036835Z Unpacking musl:amd64 (1.2.4-2) ...
2026-10-07T19:37:01.2247384Z Selecting previously unselected package musl-dev:amd64.
2026-10-07T19:37:01.2358159Z Preparing to unpack .../100-musl-dev_1.2.4-2_amd64.deb ...
2026-10-07T19:37:01.2364162Z Unpacking musl-dev:amd64 (1.2.4-2) ...
2026-10-07T19:37:01.2877825Z Selecting previously unselected package musl-tools.
2026-10-07T19:37:01.2990965Z Preparing to unpack .../101-musl-tools_1.2.4-2_amd64.deb ...
2026-10-07T19:37:01.2997006Z Unpacking musl-tools (1.2.4-2) ...
2026-10-07T19:37:01.3449839Z Setting up libpipewire-0.3-common (1.0.5-1ubuntu3.3) ...
2026-10-07T19:37:01.3469884Z Setting up bubblewrap (0.9.0-1ubuntu0.3) ...
2026-10-07T19:37:01.3503908Z Setting up libglib2.0-dev-bin (2.80.0-6ubuntu3.9) ...
2026-10-07T19:37:01.4657502Z Setting up bzip2-doc (1.0.8-5.1ubuntu0.1) ...
2026-10-07T19:37:01.4672117Z Setting up libwayland-server0:amd64 (1.22.0-2.1build1) ...
2026-10-07T19:37:01.4687252Z Setting up mesa-libgallium:amd64 (25.2.8-0ubuntu0.24.04.4) ...
2026-10-07T19:37:01.4973037Z Setting up session-migration (0.3.9build1) ...
2026-10-07T19:37:01.5836546Z Created symlink /etc/systemd/user/graphical-session-pre.target.wants/session-migration.service → /usr/lib/systemd/user/session-migration.service.
2026-10-07T19:37:01.5837084Z 
2026-10-07T19:37:01.5859041Z Setting up rtkit (0.13-5build1) ...
2026-10-07T19:37:01.8028011Z Setting up libproxy1v5:amd64 (0.5.4-4build1) ...
2026-10-07T19:37:01.8043517Z Setting up libgbm1:amd64 (25.2.8-0ubuntu0.24.04.4) ...
2026-10-07T19:37:01.8061616Z Setting up libpng-tools (1.6.43-5ubuntu0.6) ...
2026-10-07T19:37:01.8077894Z Setting up libgirepository-2.0-0:amd64 (2.80.0-6ubuntu3.9) ...
2026-10-07T19:37:01.8091782Z Setting up lld:amd64 (1:18.0-59~exp2) ...
2026-10-07T19:37:01.8109093Z Setting up libxkbcommon-dev:amd64 (1.6.0-1build1) ...
2026-10-07T19:37:01.8127921Z Setting up libgl1-mesa-dri:amd64 (25.2.8-0ubuntu0.24.04.4) ...
2026-10-07T19:37:01.8197278Z Setting up libpng-dev:amd64 (1.6.43-5ubuntu0.6) ...
2026-10-07T19:37:01.8211700Z Setting up libwebrtc-audio-processing1:amd64 (0.3.1-0ubuntu6) ...
2026-10-07T19:37:01.8227671Z Setting up libigdgmm12:amd64 (22.3.17+ds1-1ubuntu1) ...
2026-10-07T19:37:01.8242473Z Setting up libsoup-3.0-common (3.4.4-5ubuntu0.9) ...
2026-10-07T19:37:01.8260915Z Setting up libmpg123-0t64:amd64 (1.32.5-1ubuntu1.1) ...
2026-10-07T19:37:01.8284257Z Setting up libpthread-stubs0-dev:amd64 (0.4-1build3) ...
2026-10-07T19:37:01.8301914Z Setting up libxcb-xkb1:amd64 (1.15-1ubuntu2) ...
2026-10-07T19:37:01.8318840Z Setting up xtrans-dev (1.4.0-1) ...
2026-10-07T19:37:01.8334035Z Setting up libwayland-bin (1.22.0-2.1build1) ...
2026-10-07T19:37:01.8351172Z Setting up libva2:amd64 (2.20.0-2ubuntu0.2) ...
2026-10-07T19:37:01.8371071Z Setting up libfreetype6:amd64 (2.13.2+dfsg-1ubuntu0.2) ...
2026-10-07T19:37:01.8386095Z Setting up libspa-0.2-modules:amd64 (1.0.5-1ubuntu3.3) ...
2026-10-07T19:37:01.8400748Z Setting up uuid-dev:amd64 (2.39.3-9ubuntu6.6) ...
2026-10-07T19:37:01.8417556Z Setting up clang (1:18.0-59~exp2) ...
2026-10-07T19:37:01.8609584Z Setting up llvm-runtime:amd64 (1:18.0-59~exp2) ...
2026-10-07T19:37:01.8625032Z Setting up libasm1t64:amd64 (0.190-1.1ubuntu0.1) ...
2026-10-07T19:37:01.8643570Z Setting up libopus0:amd64 (1.4-1build1) ...
2026-10-07T19:37:01.8663130Z Setting up libxkbcommon-x11-0:amd64 (1.6.0-1build1) ...
2026-10-07T19:37:01.8678827Z Setting up intel-media-va-driver:amd64 (24.1.0+dfsg1-1ubuntu0.2) ...
2026-10-07T19:37:01.8694426Z Setting up libssl-dev:amd64 (3.0.13-0ubuntu3.16) ...
2026-10-07T19:37:01.8709350Z Setting up libjsoncpp25:amd64 (1.9.5-6build1) ...
2026-10-07T19:37:01.8724830Z Setting up llvm (1:18.0-59~exp2) ...
2026-10-07T19:37:01.8741725Z Setting up libsepol-dev:amd64 (3.5-2build1) ...
2026-10-07T19:37:01.8756404Z Setting up libssh2-1-dev:amd64 (1.11.0-4.1ubuntu0.24.04.4) ...
2026-10-07T19:37:01.8772633Z Setting up libset-scalar-perl (1.29-3) ...
2026-10-07T19:37:01.8787764Z Setting up libva-wayland2:amd64 (2.20.0-2ubuntu0.2) ...
2026-10-07T19:37:01.8803392Z Setting up musl:amd64 (1.2.4-2) ...
2026-10-07T19:37:01.8831832Z Setting up libva-drm2:amd64 (2.20.0-2ubuntu0.2) ...
2026-10-07T19:37:01.8849309Z Setting up libasyncns0:amd64 (0.8-6build4) ...
2026-10-07T19:37:01.8867032Z Setting up librhash0:amd64 (1.4.3-3build1) ...
2026-10-07T19:37:01.8880754Z Setting up libspeexdsp1:amd64 (1.2.1-1ubuntu3) ...
2026-10-07T19:37:01.8897003Z Setting up build-essential (12.10ubuntu1) ...
2026-10-07T19:37:01.8914352Z Setting up xorg-sgml-doctools (1:1.11-1.1) ...
2026-10-07T19:37:01.8930977Z Setting up cmake-data (3.28.3-1build7) ...
2026-10-07T19:37:01.8986098Z Setting up libflac12t64:amd64 (1.4.3+ds-2.1ubuntu2) ...
2026-10-07T19:37:01.9003859Z Setting up mesa-va-drivers:amd64 (25.2.8-0ubuntu0.24.04.4) ...
2026-10-07T19:37:01.9020764Z Setting up glib-networking-common (2.80.0-1build1) ...
2026-10-07T19:37:01.9035613Z Setting up libasound2-dev:amd64 (1.2.11-1ubuntu0.3) ...
2026-10-07T19:37:01.9054030Z Setting up libva-x11-2:amd64 (2.20.0-2ubuntu0.2) ...
2026-10-07T19:37:01.9069827Z Setting up openssl (3.0.13-0ubuntu3.16) ...
2026-10-07T19:37:01.9102501Z Setting up libva-glx2:amd64 (2.20.0-2ubuntu0.2) ...
2026-10-07T19:37:01.9125247Z Setting up libpipewire-0.3-0t64:amd64 (1.0.5-1ubuntu3.3) ...
2026-10-07T19:37:01.9140762Z Setting up libbrotli-dev:amd64 (1.1.0-2build2) ...
2026-10-07T19:37:01.9160533Z Setting up libmp3lame0:amd64 (3.100-6build1) ...
2026-10-07T19:37:01.9177437Z Setting up i965-va-driver:amd64 (2.4.1+dfsg1-1ubuntu0.2) ...
2026-10-07T19:37:01.9194171Z Setting up libhttp-parser2.9:amd64 (2.9.4-6build1) ...
2026-10-07T19:37:01.9211355Z Setting up libvorbisenc2:amd64 (1.3.7-1build3) ...
2026-10-07T19:37:01.9227345Z Setting up libbz2-dev:amd64 (1.0.8-5.1ubuntu0.1) ...
2026-10-07T19:37:01.9247301Z Setting up gsettings-desktop-schemas (46.1-0ubuntu1) ...
2026-10-07T19:37:01.9262946Z Setting up glib-networking-services (2.80.0-1build1) ...
2026-10-07T19:37:01.9283028Z Setting up libblkid-dev:amd64 (2.39.3-9ubuntu6.6) ...
2026-10-07T19:37:01.9298620Z Setting up libhttp-parser-dev:amd64 (2.9.4-6build1) ...
2026-10-07T19:37:01.9313782Z Setting up elfutils (0.190-1.1ubuntu0.1) ...
2026-10-07T19:37:01.9331519Z Setting up libglx-mesa0:amd64 (25.2.8-0ubuntu0.24.04.4) ...
2026-10-07T19:37:01.9348591Z Setting up xdg-desktop-portal (1.18.4-1ubuntu2.24.04.3) ...
2026-10-07T19:37:02.0163064Z Created symlink /etc/systemd/user/graphical-session-pre.target.wants/xdg-desktop-portal-rewrite-launchers.service → /usr/lib/systemd/user/xdg-desktop-portal-rewrite-launchers.service.
2026-10-07T19:37:02.0163864Z 
2026-10-07T19:37:02.0185240Z Setting up libwireplumber-0.4-0:amd64 (0.4.17-1ubuntu4.1) ...
2026-10-07T19:37:02.0202738Z Setting up libselinux1-dev:amd64 (3.5-2ubuntu2.1) ...
2026-10-07T19:37:02.0220516Z Setting up libroc0.3:amd64 (0.3.0+dfsg-7ubuntu2) ...
2026-10-07T19:37:02.0237170Z Setting up libwayland-dev:amd64 (1.22.0-2.1build1) ...
2026-10-07T19:37:02.0251514Z Setting up libfreetype-dev:amd64 (2.13.2+dfsg-1ubuntu0.2) ...
2026-10-07T19:37:02.0271593Z Setting up libva-dev:amd64 (2.20.0-2ubuntu0.2) ...
2026-10-07T19:37:02.0288594Z Setting up musl-dev:amd64 (1.2.4-2) ...
2026-10-07T19:37:02.0318231Z Setting up va-driver-all:amd64 (2.20.0-2ubuntu0.2) ...
2026-10-07T19:37:02.0341142Z Setting up cmake (3.28.3-1build7) ...
2026-10-07T19:37:02.0356310Z Setting up libgit2-1.7:amd64 (1.7.2+ds-1ubuntu3.2) ...
2026-10-07T19:37:02.0373139Z Setting up libsndfile1:amd64 (1.2.2-1ubuntu5.24.04.1) ...
2026-10-07T19:37:02.0388381Z Setting up libmount-dev:amd64 (2.39.3-9ubuntu6.6) ...
2026-10-07T19:37:02.0420913Z Setting up libgit2-dev:amd64 (1.7.2+ds-1ubuntu3.2) ...
2026-10-07T19:37:02.0839937Z Setting up libpulse0:amd64 (1:16.1+dfsg1-2ubuntu10.1) ...
2026-10-07T19:37:02.0900679Z Setting up libfontconfig-dev:amd64 (2.15.0-1.1ubuntu2) ...
2026-10-07T19:37:02.0917287Z Setting up musl-tools (1.2.4-2) ...
2026-10-07T19:37:02.0935365Z Setting up libglib2.0-dev:amd64 (2.80.0-6ubuntu3.9) ...
2026-10-07T19:37:02.1059977Z Processing triggers for sgml-base (1.31) ...
2026-10-07T19:37:02.1162777Z Processing triggers for install-info (7.1-3build2) ...
2026-10-07T19:37:02.2058432Z Setting up x11proto-dev (2023.2-1) ...
2026-10-07T19:37:02.2077523Z Setting up libxau-dev:amd64 (1:1.0.9-1build6) ...
2026-10-07T19:37:02.2271690Z Processing triggers for libc-bin (2.39-0ubuntu8.9) ...
2026-10-07T19:37:02.4641937Z Processing triggers for man-db (2.12.0-4build2) ...
2026-10-07T19:37:02.4663384Z Not building database; man-db/auto-update is not 'true'.
2026-10-07T19:37:02.4683559Z Setting up libxdmcp-dev:amd64 (1:1.1.3-0ubuntu6) ...
2026-10-07T19:37:02.4701889Z Processing triggers for libglib2.0-0t64:amd64 (2.80.0-6ubuntu3.9) ...
2026-10-07T19:37:02.4884810Z Processing triggers for dbus (1.14.10-4ubuntu4.1) ...
2026-10-07T19:37:02.5007775Z Setting up glib-networking:amd64 (2.80.0-1build1) ...
2026-10-07T19:37:02.5033435Z Setting up libxcb1-dev:amd64 (1.15-1ubuntu2) ...
2026-10-07T19:37:02.5052601Z Setting up libxcb-xkb-dev:amd64 (1.15-1ubuntu2) ...
2026-10-07T19:37:02.5071523Z Setting up libsoup-3.0-0:amd64 (3.4.4-5ubuntu0.9) ...
2026-10-07T19:37:02.5095051Z Setting up libx11-dev:amd64 (2:1.8.7-1build1) ...
2026-10-07T19:37:02.5132264Z Setting up libsnapd-glib-2-1:amd64 (1.64-0ubuntu5) ...
2026-10-07T19:37:02.5351586Z Setting up libxkbcommon-x11-dev:amd64 (1.6.0-1build1) ...
2026-10-07T19:37:02.5370199Z Setting up libx11-xcb-dev:amd64 (2:1.8.7-1build1) ...
2026-10-07T19:37:02.5397321Z Setting up libpipewire-0.3-modules:amd64 (1.0.5-1ubuntu3.3) ...
2026-10-07T19:37:02.5438595Z Setting up pipewire-bin (1.0.5-1ubuntu3.3) ...
2026-10-07T19:37:02.5868369Z Setting up pipewire:amd64 (1.0.5-1ubuntu3.3) ...
2026-10-07T19:37:02.7066538Z Created symlink /etc/systemd/user/default.target.wants/filter-chain.service → /usr/lib/systemd/user/filter-chain.service.
2026-10-07T19:37:02.7067127Z 
2026-10-07T19:37:02.7069487Z Created symlink /etc/systemd/user/sockets.target.wants/pipewire.socket → /usr/lib/systemd/user/pipewire.socket.
2026-10-07T19:37:02.7070213Z 
2026-10-07T19:37:02.7871426Z Created symlink /etc/systemd/user/default.target.wants/pipewire.service → /usr/lib/systemd/user/pipewire.service.
2026-10-07T19:37:02.7872022Z 
2026-10-07T19:37:02.8703011Z Setting up wireplumber (0.4.17-1ubuntu4.1) ...
2026-10-07T19:37:02.9501664Z Created symlink /etc/systemd/user/pipewire.service.wants/wireplumber.service → /usr/lib/systemd/user/wireplumber.service.
2026-10-07T19:37:02.9502115Z 
2026-10-07T19:37:03.0127955Z Setting up pipewire-pulse (1.0.5-1ubuntu3.3) ...
2026-10-07T19:37:03.0932245Z Created symlink /etc/systemd/user/default.target.wants/pipewire-pulse.service → /usr/lib/systemd/user/pipewire-pulse.service.
2026-10-07T19:37:03.0932674Z 
2026-10-07T19:37:03.0933221Z Created symlink /etc/systemd/user/sockets.target.wants/pipewire-pulse.socket → /usr/lib/systemd/user/pipewire-pulse.socket.
2026-10-07T19:37:03.0933844Z 
2026-10-07T19:37:03.1753481Z Processing triggers for libc-bin (2.39-0ubuntu8.9) ...
2026-10-07T19:37:03.7022058Z 
2026-10-07T19:37:03.7022492Z Running kernel seems to be up-to-date.
2026-10-07T19:37:03.7022696Z 
2026-10-07T19:37:03.7022780Z Restarting services...
2026-10-07T19:37:03.7419763Z  /etc/needrestart/restart.d/systemd-manager
2026-10-07T19:37:04.0243114Z  systemctl restart packagekit.service php8.3-fpm.service systemd-journald.service systemd-networkd.service systemd-resolved.service systemd-udevd.service udisks2.service
2026-10-07T19:37:04.1716972Z 
2026-10-07T19:37:04.1717647Z Service restarts being deferred:
2026-10-07T19:37:04.1718105Z  systemctl restart hosted-compute-agent.service
2026-10-07T19:37:04.1722821Z  systemctl restart systemd-logind.service
2026-10-07T19:37:04.1723061Z  systemctl restart walinuxagent.service
2026-10-07T19:37:04.1723207Z 
2026-10-07T19:37:04.1723373Z No containers need to be restarted.
2026-10-07T19:37:04.1723521Z 
2026-10-07T19:37:04.1723611Z User sessions running outdated binaries:
2026-10-07T19:37:04.1817454Z  runner @ user manager service: systemd[1023]
2026-10-07T19:37:04.1817649Z 
2026-10-07T19:37:04.1817972Z No VM guests are running outdated hypervisor (qemu) binaries on this host.
2026-10-07T19:37:04.9520607Z + finalize
2026-10-07T19:37:04.9520888Z + which rustup
2026-10-07T19:37:04.9530547Z + cat
2026-10-07T19:37:04.9539093Z Finished installing Linux dependencies with script/linux
2026-10-07T19:37:04.9540300Z + exit 0
2026-10-07T19:37:04.9583740Z ##[group]Run sudo apt-get update
2026-10-07T19:37:04.9584188Z [36;1msudo apt-get update[0m
2026-10-07T19:37:04.9584598Z [36;1msudo apt-get install -y libvulkan1 mesa-vulkan-drivers[0m
2026-10-07T19:37:04.9585225Z [36;1mvulkan_icd="$(find /usr/share/vulkan/icd.d -name 'lvp_icd*.json' -print -quit)"[0m
2026-10-07T19:37:04.9585784Z [36;1mtest -n "$vulkan_icd"[0m
2026-10-07T19:37:04.9586167Z [36;1mecho "VK_DRIVER_FILES=$vulkan_icd" >> "$GITHUB_ENV"[0m
2026-10-07T19:37:04.9671086Z shell: /usr/bin/bash --noprofile --norc -e -o pipefail {0}
2026-10-07T19:37:04.9671727Z env:
2026-10-07T19:37:04.9671972Z   CARGO_TERM_COLOR: always
2026-10-07T19:37:04.9672261Z   CARGO_INCREMENTAL: 0
2026-10-07T19:37:04.9672537Z   CARGO_PROFILE_DEV_DEBUG: 0
2026-10-07T19:37:04.9672854Z   CARGO_PROFILE_DEV_BUILD_OVERRIDE_DEBUG: 0
2026-10-07T19:37:04.9673195Z   RUST_BACKTRACE: 1
2026-10-07T19:37:04.9673434Z   CC: clang
2026-10-07T19:37:04.9673653Z   CXX: clang++
2026-10-07T19:37:04.9673958Z   WGPU_BACKEND: vulkan
2026-10-07T19:37:04.9674215Z   CI_TEST_FILTER: 
2026-10-07T19:37:04.9674459Z   CI_TEST_MODE: full
2026-10-07T19:37:04.9674708Z   CARGO_BUILD_JOBS: 4
2026-10-07T19:37:04.9674955Z   CI_TEST_THREADS: 4
2026-10-07T19:37:04.9675195Z ##[endgroup]
2026-10-07T19:37:05.0300782Z Get:1 file:/etc/apt/apt-mirrors.txt Mirrorlist [144 B]
2026-10-07T19:37:05.0601042Z Hit:6 https://packages.microsoft.com/ubuntu/24.04/prod noble InRelease
2026-10-07T19:37:05.0602116Z Hit:2 http://azure.archive.ubuntu.com/ubuntu noble InRelease
2026-10-07T19:37:05.0615281Z Hit:3 http://azure.archive.ubuntu.com/ubuntu noble-updates InRelease
2026-10-07T19:37:05.0622746Z Hit:4 http://azure.archive.ubuntu.com/ubuntu noble-backports InRelease
2026-10-07T19:37:05.0630564Z Hit:5 http://azure.archive.ubuntu.com/ubuntu noble-security InRelease
2026-10-07T19:37:06.0106608Z Reading package lists...
2026-10-07T19:37:06.0358679Z Reading package lists...
2026-10-07T19:37:06.2037566Z Building dependency tree...
2026-10-07T19:37:06.2045500Z Reading state information...
2026-10-07T19:37:06.3484902Z libvulkan1 is already the newest version (1.3.275.0-1build1).
2026-10-07T19:37:06.3485509Z The following NEW packages will be installed:
2026-10-07T19:37:06.3501843Z   mesa-vulkan-drivers
2026-10-07T19:37:06.3627303Z 0 upgraded, 1 newly installed, 0 to remove and 22 not upgraded.
2026-10-07T19:37:06.3627771Z Need to get 17.5 MB of archives.
2026-10-07T19:37:06.3628126Z After this operation, 98.5 MB of additional disk space will be used.
2026-10-07T19:37:06.3628454Z Get:1 file:/etc/apt/apt-mirrors.txt Mirrorlist [144 B]
2026-10-07T19:37:21.4797311Z Get:2 http://azure.archive.ubuntu.com/ubuntu noble-updates/main amd64 mesa-vulkan-drivers amd64 25.2.8-0ubuntu0.24.04.4 [17.5 MB]
2026-10-07T19:37:22.7274482Z Fetched 17.5 MB in 16s (1083 kB/s)
2026-10-07T19:37:22.7432638Z Selecting previously unselected package mesa-vulkan-drivers:amd64.
2026-10-07T19:37:22.7489144Z (Reading database ... 
2026-10-07T19:37:22.7489396Z (Reading database ... 5%
2026-10-07T19:37:22.7489620Z (Reading database ... 10%
2026-10-07T19:37:22.7489807Z (Reading database ... 15%
2026-10-07T19:37:22.7490210Z (Reading database ... 20%
2026-10-07T19:37:22.7490834Z (Reading database ... 25%
2026-10-07T19:37:22.7491090Z (Reading database ... 30%
2026-10-07T19:37:22.7491512Z (Reading database ... 35%
2026-10-07T19:37:22.7491848Z (Reading database ... 40%
2026-10-07T19:37:22.7492156Z (Reading database ... 45%
2026-10-07T19:37:22.7492497Z (Reading database ... 50%
2026-10-07T19:37:22.7508357Z (Reading database ... 55%
2026-10-07T19:37:22.7595195Z (Reading database ... 60%
2026-10-07T19:37:22.7621491Z (Reading database ... 65%
2026-10-07T19:37:22.7640376Z (Reading database ... 70%
2026-10-07T19:37:22.7677526Z (Reading database ... 75%
2026-10-07T19:37:22.7709523Z (Reading database ... 80%
2026-10-07T19:37:22.7827742Z (Reading database ... 85%
2026-10-07T19:37:22.7902038Z (Reading database ... 90%
2026-10-07T19:37:22.8127758Z (Reading database ... 95%
2026-10-07T19:37:22.8128539Z (Reading database ... 100%
2026-10-07T19:37:22.8128943Z (Reading database ... 208585 files and directories currently installed.)
2026-10-07T19:37:22.8171599Z Preparing to unpack .../mesa-vulkan-drivers_25.2.8-0ubuntu0.24.04.4_amd64.deb ...
2026-10-07T19:37:22.8184718Z Unpacking mesa-vulkan-drivers:amd64 (25.2.8-0ubuntu0.24.04.4) ...
2026-10-07T19:37:23.5072077Z Setting up mesa-vulkan-drivers:amd64 (25.2.8-0ubuntu0.24.04.4) ...
2026-10-07T19:37:23.5089894Z Processing triggers for libc-bin (2.39-0ubuntu8.9) ...
2026-10-07T19:37:23.8676917Z 
2026-10-07T19:37:23.8677391Z Running kernel seems to be up-to-date.
2026-10-07T19:37:23.8677613Z 
2026-10-07T19:37:23.8677697Z Restarting services...
2026-10-07T19:37:23.8854091Z 
2026-10-07T19:37:23.8854405Z Service restarts being deferred:
2026-10-07T19:37:23.8854781Z  systemctl restart hosted-compute-agent.service
2026-10-07T19:37:23.8855072Z  systemctl restart systemd-logind.service
2026-10-07T19:37:23.8855466Z  systemctl restart walinuxagent.service
2026-10-07T19:37:23.8855698Z 
2026-10-07T19:37:23.8855858Z No containers need to be restarted.
2026-10-07T19:37:23.8856039Z 
2026-10-07T19:37:23.8856127Z User sessions running outdated binaries:
2026-10-07T19:37:23.8857004Z  runner @ user manager service: systemd[1023]
2026-10-07T19:37:23.8905847Z 
2026-10-07T19:37:23.8906340Z No VM guests are running outdated hypervisor (qemu) binaries on this host.
2026-10-07T19:37:24.7350802Z ##[group]Run rustup show active-toolchain
2026-10-07T19:37:24.7351370Z [36;1mrustup show active-toolchain[0m
2026-10-07T19:37:24.7433033Z shell: /usr/bin/bash --noprofile --norc -e -o pipefail {0}
2026-10-07T19:37:24.7433448Z env:
2026-10-07T19:37:24.7433695Z   CARGO_TERM_COLOR: always
2026-10-07T19:37:24.7433988Z   CARGO_INCREMENTAL: 0
2026-10-07T19:37:24.7434266Z   CARGO_PROFILE_DEV_DEBUG: 0
2026-10-07T19:37:24.7434586Z   CARGO_PROFILE_DEV_BUILD_OVERRIDE_DEBUG: 0
2026-10-07T19:37:24.7434933Z   RUST_BACKTRACE: 1
2026-10-07T19:37:24.7435177Z   CC: clang
2026-10-07T19:37:24.7435402Z   CXX: clang++
2026-10-07T19:37:24.7435653Z   WGPU_BACKEND: vulkan
2026-10-07T19:37:24.7435919Z   CI_TEST_FILTER: 
2026-10-07T19:37:24.7436188Z   CI_TEST_MODE: full
2026-10-07T19:37:24.7436444Z   CARGO_BUILD_JOBS: 4
2026-10-07T19:37:24.7436699Z   CI_TEST_THREADS: 4
2026-10-07T19:37:24.7437013Z   VK_DRIVER_FILES: /usr/share/vulkan/icd.d/lvp_icd.json
2026-10-07T19:37:24.7437392Z ##[endgroup]
2026-10-07T19:37:25.2486962Z info: syncing channel updates for 1.98.1-x86_64-unknown-linux-gnu
2026-10-07T19:37:25.5556175Z info: latest update on 2026-09-03 for version 1.98.1 (48a229cea 2026-09-01)
2026-10-07T19:37:25.5558399Z info: downloading 10 components
2026-10-07T19:37:38.4291769Z warn: the missing active toolchain `1.98.1-x86_64-unknown-linux-gnu` has been auto-installed
2026-10-07T19:37:38.4292517Z warn: auto-installation is deprecated for most `rustup` commands
2026-10-07T19:37:38.4293053Z warn: scripts relying on this behavior in `rustup` may stop working in the future
2026-10-07T19:37:38.4293674Z 1.98.1-x86_64-unknown-linux-gnu (overridden by '/home/runner/work/koda/koda/rust-toolchain.toml')
2026-10-07T19:37:38.4294341Z warn: to install the active toolchain, use `rustup install` instead
2026-10-07T19:37:38.4295175Z warn: see <https://github.com/rust-lang/rustup/issues/4836> for more info
2026-10-07T19:37:38.5748205Z ##[group]Run actions/cache/restore@0057852bfaa89a56745cba8c7296529d2fc39830
2026-10-07T19:37:38.5748541Z with:
2026-10-07T19:37:38.5748786Z   path: .ci-cache/cargo-sources/registry
.ci-cache/cargo-sources/git

2026-10-07T19:37:38.5749074Z   enableCrossOsArchive: true
2026-10-07T19:37:38.5749653Z   key: fork-ci-source-v3-shared-eff68d54502d28a838f84354ec306df7a6499991c0c1d8518658bc8ecc2758fa-62433dcec7df1eda715520c2f18b1f29c6d8044897077192799fc2bdd7cd0f98
2026-10-07T19:37:38.5750428Z   restore-keys: fork-ci-source-v3-shared-eff68d54502d28a838f84354ec306df7a6499991c0c1d8518658bc8ecc2758fa-
2026-10-07T19:37:38.5750826Z   fail-on-cache-miss: false
2026-10-07T19:37:38.5751014Z   lookup-only: false
2026-10-07T19:37:38.5751181Z env:
2026-10-07T19:37:38.5751535Z   CARGO_TERM_COLOR: always
2026-10-07T19:37:38.5751721Z   CARGO_INCREMENTAL: 0
2026-10-07T19:37:38.5751913Z   CARGO_PROFILE_DEV_DEBUG: 0
2026-10-07T19:37:38.5752110Z   CARGO_PROFILE_DEV_BUILD_OVERRIDE_DEBUG: 0
2026-10-07T19:37:38.5752365Z   RUST_BACKTRACE: 1
2026-10-07T19:37:38.5752524Z   CC: clang
2026-10-07T19:37:38.5752668Z   CXX: clang++
2026-10-07T19:37:38.5752824Z   WGPU_BACKEND: vulkan
2026-10-07T19:37:38.5752987Z   CI_TEST_FILTER: 
2026-10-07T19:37:38.5753144Z   CI_TEST_MODE: full
2026-10-07T19:37:38.5753304Z   CARGO_BUILD_JOBS: 4
2026-10-07T19:37:38.5753462Z   CI_TEST_THREADS: 4
2026-10-07T19:37:38.5753662Z   VK_DRIVER_FILES: /usr/share/vulkan/icd.d/lvp_icd.json
2026-10-07T19:37:38.5753902Z ##[endgroup]
2026-10-07T19:37:38.6602309Z (node:5988) [DEP0040] DeprecationWarning: The `punycode` module is deprecated. Please use a userland alternative instead.
2026-10-07T19:37:38.6602865Z (Use `node --trace-deprecation ...` to show where the warning was created)
2026-10-07T19:37:38.7367925Z Cache not found for input keys: fork-ci-source-v3-shared-eff68d54502d28a838f84354ec306df7a6499991c0c1d8518658bc8ecc2758fa-62433dcec7df1eda715520c2f18b1f29c6d8044897077192799fc2bdd7cd0f98, fork-ci-source-v3-shared-eff68d54502d28a838f84354ec306df7a6499991c0c1d8518658bc8ecc2758fa-
2026-10-07T19:37:38.8368683Z ##[group]Run actions/cache/restore@0057852bfaa89a56745cba8c7296529d2fc39830
2026-10-07T19:37:38.8368993Z with:
2026-10-07T19:37:38.8369167Z   path: ~/.cargo/registry
~/.cargo/git

2026-10-07T19:37:38.8369780Z   key: fork-ci-source-v2-Linux-X64-eff68d54502d28a838f84354ec306df7a6499991c0c1d8518658bc8ecc2758fa-62433dcec7df1eda715520c2f18b1f29c6d8044897077192799fc2bdd7cd0f98
2026-10-07T19:37:38.8370398Z   restore-keys: fork-ci-source-v2-Linux-X64-
2026-10-07T19:37:38.8370631Z   enableCrossOsArchive: false
2026-10-07T19:37:38.8370836Z   fail-on-cache-miss: false
2026-10-07T19:37:38.8371023Z   lookup-only: false
2026-10-07T19:37:38.8371186Z env:
2026-10-07T19:37:38.8371554Z   CARGO_TERM_COLOR: always
2026-10-07T19:37:38.8371771Z   CARGO_INCREMENTAL: 0
2026-10-07T19:37:38.8371945Z   CARGO_PROFILE_DEV_DEBUG: 0
2026-10-07T19:37:38.8372161Z   CARGO_PROFILE_DEV_BUILD_OVERRIDE_DEBUG: 0
2026-10-07T19:37:38.8372376Z   RUST_BACKTRACE: 1
2026-10-07T19:37:38.8372534Z   CC: clang
2026-10-07T19:37:38.8372715Z   CXX: clang++
2026-10-07T19:37:38.8372869Z   WGPU_BACKEND: vulkan
2026-10-07T19:37:38.8373033Z   CI_TEST_FILTER: 
2026-10-07T19:37:38.8373191Z   CI_TEST_MODE: full
2026-10-07T19:37:38.8373352Z   CARGO_BUILD_JOBS: 4
2026-10-07T19:37:38.8373516Z   CI_TEST_THREADS: 4
2026-10-07T19:37:38.8373714Z   VK_DRIVER_FILES: /usr/share/vulkan/icd.d/lvp_icd.json
2026-10-07T19:37:38.8373951Z ##[endgroup]
2026-10-07T19:37:38.9199798Z (node:6023) [DEP0040] DeprecationWarning: The `punycode` module is deprecated. Please use a userland alternative instead.
2026-10-07T19:37:38.9200642Z (Use `node --trace-deprecation ...` to show where the warning was created)
2026-10-07T19:37:38.9883564Z Cache not found for input keys: fork-ci-source-v2-Linux-X64-eff68d54502d28a838f84354ec306df7a6499991c0c1d8518658bc8ecc2758fa-62433dcec7df1eda715520c2f18b1f29c6d8044897077192799fc2bdd7cd0f98, fork-ci-source-v2-Linux-X64-
2026-10-07T19:37:39.2240082Z ##[group]Run actions/cache/restore@0057852bfaa89a56745cba8c7296529d2fc39830
2026-10-07T19:37:39.2240598Z with:
2026-10-07T19:37:39.2244199Z   path: target/debug/.fingerprint
target/debug/build
target/debug/deps/*.rlib
target/debug/deps/*.rmeta
target/debug/deps/*.so
target/debug/deps/*.a
target/debug/deps/*.d
extensions/test-extension/target/debug/.fingerprint
extensions/test-extension/target/debug/build
extensions/test-extension/target/debug/deps/*.rlib
extensions/test-extension/target/debug/deps/*.rmeta
extensions/test-extension/target/debug/deps/*.so
extensions/test-extension/target/debug/deps/*.a
extensions/test-extension/target/debug/deps/*.d
extensions/test-extension/target/wasm32-wasip2/debug/.fingerprint
extensions/test-extension/target/wasm32-wasip2/debug/build
extensions/test-extension/target/wasm32-wasip2/debug/deps
extensions/test-extension/target/wasm32-wasip2/debug/*.wasm

2026-10-07T19:37:39.2249165Z   key: fork-ci-build-v2-Linux-X64-ubuntu24.04-dev-debug0-eff68d54502d28a838f84354ec306df7a6499991c0c1d8518658bc8ecc2758fa-62433dcec7df1eda715520c2f18b1f29c6d8044897077192799fc2bdd7cd0f98-ac58815bb268d338bea40a31fff630734cd719f4
2026-10-07T19:37:39.2252539Z   restore-keys: fork-ci-build-v2-Linux-X64-ubuntu24.04-dev-debug0-eff68d54502d28a838f84354ec306df7a6499991c0c1d8518658bc8ecc2758fa-62433dcec7df1eda715520c2f18b1f29c6d8044897077192799fc2bdd7cd0f98-
fork-ci-build-v2-Linux-X64-ubuntu24.04-dev-debug0-eff68d54502d28a838f84354ec306df7a6499991c0c1d8518658bc8ecc2758fa-

2026-10-07T19:37:39.2254449Z   enableCrossOsArchive: false
2026-10-07T19:37:39.2254768Z   fail-on-cache-miss: false
2026-10-07T19:37:39.2255058Z   lookup-only: false
2026-10-07T19:37:39.2255311Z env:
2026-10-07T19:37:39.2255547Z   CARGO_TERM_COLOR: always
2026-10-07T19:37:39.2255831Z   CARGO_INCREMENTAL: 0
2026-10-07T19:37:39.2256166Z   CARGO_PROFILE_DEV_DEBUG: 0
2026-10-07T19:37:39.2256483Z   CARGO_PROFILE_DEV_BUILD_OVERRIDE_DEBUG: 0
2026-10-07T19:37:39.2256834Z   RUST_BACKTRACE: 1
2026-10-07T19:37:39.2257080Z   CC: clang
2026-10-07T19:37:39.2257302Z   CXX: clang++
2026-10-07T19:37:39.2257542Z   WGPU_BACKEND: vulkan
2026-10-07T19:37:39.2257800Z   CI_TEST_FILTER: 
2026-10-07T19:37:39.2258041Z   CI_TEST_MODE: full
2026-10-07T19:37:39.2258289Z   CARGO_BUILD_JOBS: 4
2026-10-07T19:37:39.2258550Z   CI_TEST_THREADS: 4
2026-10-07T19:37:39.2258863Z   VK_DRIVER_FILES: /usr/share/vulkan/icd.d/lvp_icd.json
2026-10-07T19:37:39.2259254Z ##[endgroup]
2026-10-07T19:37:39.3152109Z (node:6093) [DEP0040] DeprecationWarning: The `punycode` module is deprecated. Please use a userland alternative instead.
2026-10-07T19:37:39.3152823Z (Use `node --trace-deprecation ...` to show where the warning was created)
2026-10-07T19:37:39.3997520Z Cache not found for input keys: fork-ci-build-v2-Linux-X64-ubuntu24.04-dev-debug0-eff68d54502d28a838f84354ec306df7a6499991c0c1d8518658bc8ecc2758fa-62433dcec7df1eda715520c2f18b1f29c6d8044897077192799fc2bdd7cd0f98-ac58815bb268d338bea40a31fff630734cd719f4, fork-ci-build-v2-Linux-X64-ubuntu24.04-dev-debug0-eff68d54502d28a838f84354ec306df7a6499991c0c1d8518658bc8ecc2758fa-62433dcec7df1eda715520c2f18b1f29c6d8044897077192799fc2bdd7cd0f98-, fork-ci-build-v2-Linux-X64-ubuntu24.04-dev-debug0-eff68d54502d28a838f84354ec306df7a6499991c0c1d8518658bc8ecc2758fa-
2026-10-07T19:37:39.4062952Z ##[group]Run printf 'Shared source exact hit: %s; shared key: %s; legacy source key: %s; build exact hit: %s; build key: %s\n' \
2026-10-07T19:37:39.4063554Z [36;1mprintf 'Shared source exact hit: %s; shared key: %s; legacy source key: %s; build exact hit: %s; build key: %s\n' \[0m
2026-10-07T19:37:39.4064017Z [36;1m  "$SOURCE_CACHE_HIT" "$SOURCE_CACHE_KEY" "$LEGACY_SOURCE_CACHE_KEY" \[0m
2026-10-07T19:37:39.4064377Z [36;1m  "$BUILD_CACHE_HIT" "$BUILD_CACHE_KEY" | tee -a "$GITHUB_STEP_SUMMARY"[0m
2026-10-07T19:37:39.4122417Z shell: /usr/bin/bash --noprofile --norc -e -o pipefail {0}
2026-10-07T19:37:39.4122680Z env:
2026-10-07T19:37:39.4122838Z   CARGO_TERM_COLOR: always
2026-10-07T19:37:39.4123180Z   CARGO_INCREMENTAL: 0
2026-10-07T19:37:39.4123351Z   CARGO_PROFILE_DEV_DEBUG: 0
2026-10-07T19:37:39.4123552Z   CARGO_PROFILE_DEV_BUILD_OVERRIDE_DEBUG: 0
2026-10-07T19:37:39.4123762Z   RUST_BACKTRACE: 1
2026-10-07T19:37:39.4123920Z   CC: clang
2026-10-07T19:37:39.4124097Z   CXX: clang++
2026-10-07T19:37:39.4124250Z   WGPU_BACKEND: vulkan
2026-10-07T19:37:39.4124413Z   CI_TEST_FILTER: 
2026-10-07T19:37:39.4124570Z   CI_TEST_MODE: full
2026-10-07T19:37:39.4124732Z   CARGO_BUILD_JOBS: 4
2026-10-07T19:37:39.4124890Z   CI_TEST_THREADS: 4
2026-10-07T19:37:39.4125087Z   VK_DRIVER_FILES: /usr/share/vulkan/icd.d/lvp_icd.json
2026-10-07T19:37:39.4125320Z   SOURCE_CACHE_HIT: 
2026-10-07T19:37:39.4125480Z   SOURCE_CACHE_KEY: 
2026-10-07T19:37:39.4125643Z   LEGACY_SOURCE_CACHE_KEY: 
2026-10-07T19:37:39.4125817Z   BUILD_CACHE_HIT: 
2026-10-07T19:37:39.4125970Z   BUILD_CACHE_KEY: 
2026-10-07T19:37:39.4126124Z ##[endgroup]
2026-10-07T19:37:39.4204449Z Shared source exact hit: ; shared key: ; legacy source key: ; build exact hit: ; build key: 
2026-10-07T19:37:39.4256997Z ##[group]Run actions/setup-node@48b55a011bda9f5d6aeb4c2d9c7362e8dae4041e
2026-10-07T19:37:39.4257296Z with:
2026-10-07T19:37:39.4257453Z   node-version: 24
2026-10-07T19:37:39.4257630Z   package-manager-cache: false
2026-10-07T19:37:39.4257826Z   check-latest: false
2026-10-07T19:37:39.4259839Z   token: ***
2026-10-07T19:37:39.4259993Z env:
2026-10-07T19:37:39.4260144Z   CARGO_TERM_COLOR: always
2026-10-07T19:37:39.4260323Z   CARGO_INCREMENTAL: 0
2026-10-07T19:37:39.4260498Z   CARGO_PROFILE_DEV_DEBUG: 0
2026-10-07T19:37:39.4260701Z   CARGO_PROFILE_DEV_BUILD_OVERRIDE_DEBUG: 0
2026-10-07T19:37:39.4260919Z   RUST_BACKTRACE: 1
2026-10-07T19:37:39.4261085Z   CC: clang
2026-10-07T19:37:39.4261482Z   CXX: clang++
2026-10-07T19:37:39.4261641Z   WGPU_BACKEND: vulkan
2026-10-07T19:37:39.4261808Z   CI_TEST_FILTER: 
2026-10-07T19:37:39.4261964Z   CI_TEST_MODE: full
2026-10-07T19:37:39.4262127Z   CARGO_BUILD_JOBS: 4
2026-10-07T19:37:39.4262297Z   CI_TEST_THREADS: 4
2026-10-07T19:37:39.4262514Z   VK_DRIVER_FILES: /usr/share/vulkan/icd.d/lvp_icd.json
2026-10-07T19:37:39.4262745Z ##[endgroup]
2026-10-07T19:37:39.5480224Z Found in cache @ /opt/hostedtoolcache/node/24.21.0/x64
2026-10-07T19:37:39.5483935Z ##[group]Environment details
2026-10-07T19:37:40.6210186Z node: v24.21.0
2026-10-07T19:37:40.6210401Z npm: 11.19.0
2026-10-07T19:37:40.6210560Z yarn: 1.22.22
2026-10-07T19:37:40.6210951Z ##[endgroup]
2026-10-07T19:37:40.6363784Z ##[group]Run taiki-e/install-action@a6b2e2dcd845ddd7f509ce4f3ed3d922b80cc5d9
2026-10-07T19:37:40.6364097Z with:
2026-10-07T19:37:40.6364261Z   tool: nextest
2026-10-07T19:37:40.6364422Z   checksum: true
2026-10-07T19:37:40.6364586Z   fallback: cargo-binstall
2026-10-07T19:37:40.6364761Z env:
2026-10-07T19:37:40.6364908Z   CARGO_TERM_COLOR: always
2026-10-07T19:37:40.6365084Z   CARGO_INCREMENTAL: 0
2026-10-07T19:37:40.6365257Z   CARGO_PROFILE_DEV_DEBUG: 0
2026-10-07T19:37:40.6365458Z   CARGO_PROFILE_DEV_BUILD_OVERRIDE_DEBUG: 0
2026-10-07T19:37:40.6365683Z   RUST_BACKTRACE: 1
2026-10-07T19:37:40.6365837Z   CC: clang
2026-10-07T19:37:40.6365985Z   CXX: clang++
2026-10-07T19:37:40.6366143Z   WGPU_BACKEND: vulkan
2026-10-07T19:37:40.6366314Z   CI_TEST_FILTER: 
2026-10-07T19:37:40.6366470Z   CI_TEST_MODE: full
2026-10-07T19:37:40.6366632Z   CARGO_BUILD_JOBS: 4
2026-10-07T19:37:40.6366795Z   CI_TEST_THREADS: 4
2026-10-07T19:37:40.6367019Z   VK_DRIVER_FILES: /usr/share/vulkan/icd.d/lvp_icd.json
2026-10-07T19:37:40.6367254Z ##[endgroup]
2026-10-07T19:37:40.6414108Z ##[start-action display=Run bail() {;id=__taiki-e_install-action.__run]
2026-10-07T19:37:40.6438835Z ##[group]Run bail() {
2026-10-07T19:37:40.6439051Z [36;1mbail() {[0m
2026-10-07T19:37:40.6439265Z [36;1m  printf '::error::install-action: %s\n' "$*"[0m
2026-10-07T19:37:40.6439514Z [36;1m  exit 1[0m
2026-10-07T19:37:40.6439670Z [36;1m}[0m
2026-10-07T19:37:40.6439993Z [36;1m# If /bin/sh is dash, environment variable containing % is not imported, but is fine[0m
2026-10-07T19:37:40.6440592Z [36;1m# because it also means that it will not be exposed to subprocess.[0m
2026-10-07T19:37:40.6440913Z [36;1mif /usr/bin/env | grep -Eq '^BASH_FUNC_'; then[0m
2026-10-07T19:37:40.6441522Z [36;1m  bail 'bash function injection via BASH_FUNC_ environment variable is not allowed for security reasons'[0m
2026-10-07T19:37:40.6441891Z [36;1mfi[0m
2026-10-07T19:37:40.6442069Z [36;1mif ! command -v bash >/dev/null; then[0m
2026-10-07T19:37:40.6442338Z [36;1m  if grep -Eq '^ID=alpine' /etc/os-release; then[0m
2026-10-07T19:37:40.6442679Z [36;1m    printf '::group::Install packages required for install-action (bash)\n'[0m
2026-10-07T19:37:40.6443006Z [36;1m    # NB: sync with apk_install in main.sh[0m
2026-10-07T19:37:40.6443251Z [36;1m    if command -v sudo >/dev/null; then[0m
2026-10-07T19:37:40.6443487Z [36;1m      sudo apk --no-cache add bash[0m
2026-10-07T19:37:40.6443721Z [36;1m    elif command -v doas >/dev/null; then[0m
2026-10-07T19:37:40.6443951Z [36;1m      doas apk --no-cache add bash[0m
2026-10-07T19:37:40.6444159Z [36;1m    else[0m
2026-10-07T19:37:40.6444328Z [36;1m      apk --no-cache add bash[0m
2026-10-07T19:37:40.6444521Z [36;1m    fi[0m
2026-10-07T19:37:40.6444691Z [36;1m    printf '::endgroup::\n'[0m
2026-10-07T19:37:40.6444880Z [36;1m  else[0m
2026-10-07T19:37:40.6445051Z [36;1m    bail 'this action requires bash'[0m
2026-10-07T19:37:40.6445259Z [36;1m  fi[0m
2026-10-07T19:37:40.6445408Z [36;1mfi[0m
2026-10-07T19:37:40.6445621Z [36;1mbash --noprofile --norc "${GITHUB_ACTION_PATH:?}/main.sh"[0m
2026-10-07T19:37:40.6446730Z shell: /usr/bin/env -u ENV -u BASH_ENV -u CDPATH -u SHELLOPTS -u BASHOPTS /bin/sh -eu {0}
2026-10-07T19:37:40.6447036Z env:
2026-10-07T19:37:40.6447194Z   CARGO_TERM_COLOR: always
2026-10-07T19:37:40.6447377Z   CARGO_INCREMENTAL: 0
2026-10-07T19:37:40.6447550Z   CARGO_PROFILE_DEV_DEBUG: 0
2026-10-07T19:37:40.6447751Z   CARGO_PROFILE_DEV_BUILD_OVERRIDE_DEBUG: 0
2026-10-07T19:37:40.6447960Z   RUST_BACKTRACE: 1
2026-10-07T19:37:40.6448127Z   CC: clang
2026-10-07T19:37:40.6448267Z   CXX: clang++
2026-10-07T19:37:40.6448420Z   WGPU_BACKEND: vulkan
2026-10-07T19:37:40.6448582Z   CI_TEST_FILTER: 
2026-10-07T19:37:40.6448738Z   CI_TEST_MODE: full
2026-10-07T19:37:40.6448899Z   CARGO_BUILD_JOBS: 4
2026-10-07T19:37:40.6449067Z   CI_TEST_THREADS: 4
2026-10-07T19:37:40.6449264Z   VK_DRIVER_FILES: /usr/share/vulkan/icd.d/lvp_icd.json
2026-10-07T19:37:40.6449491Z   INPUT_TOOL: nextest
2026-10-07T19:37:40.6449807Z   INPUT_CHECKSUM: true
2026-10-07T19:37:40.6449985Z   INPUT_FALLBACK: cargo-binstall
2026-10-07T19:37:40.6452478Z   DEFAULT_GITHUB_TOKEN: ***
2026-10-07T19:37:40.6452968Z   ACTION_USER_AGENT: taiki-e/install-action (a6b2e2dcd845ddd7f509ce4f3ed3d922b80cc5d9)
2026-10-07T19:37:40.6453490Z   RUNNER_OS: Linux
2026-10-07T19:37:40.6453714Z   RUNNER_ARCH: X64
2026-10-07T19:37:40.6453872Z ##[endgroup]
2026-10-07T19:37:40.6576425Z info: host platform: x86_64_linux
2026-10-07T19:37:40.6799512Z info: installing cargo-nextest@latest
2026-10-07T19:37:40.6975837Z info: downloading https://github.com/nextest-rs/nextest/releases/download/cargo-nextest-0.9.140/cargo-nextest-0.9.140-x86_64-unknown-linux-gnu.tar.gz
2026-10-07T19:37:40.9050935Z info: verifying sha256 checksum for cargo-nextest-0.9.140-x86_64-unknown-linux-gnu.tar.gz
2026-10-07T19:37:41.1151516Z info: cargo-nextest installed at /home/runner/.cargo/bin/cargo-nextest
2026-10-07T19:37:41.1153316Z + cargo-nextest nextest --version
2026-10-07T19:37:41.1178960Z cargo-nextest 0.9.140 (a9fef2964 2026-07-05)
2026-10-07T19:37:41.1179436Z release: 0.9.140
2026-10-07T19:37:41.1179877Z commit-hash: a9fef2964e34f64ed4fceeee7c0c3559ce560920
2026-10-07T19:37:41.1180302Z commit-date: 2026-07-05
2026-10-07T19:37:41.1180644Z host: x86_64-unknown-linux-gnu
2026-10-07T19:37:41.1183208Z 
2026-10-07T19:37:41.1199734Z ##[end-action id=__taiki-e_install-action.__run;outcome=success;conclusion=success;duration_ms=478]
2026-10-07T19:37:41.1205325Z ##[start-action display=Run Set-StrictMode -Version Latest;id=__taiki-e_install-action.__run_2]
2026-10-07T19:37:41.1209040Z ##[end-action id=__taiki-e_install-action.__run_2;outcome=skipped;conclusion=skipped;duration_ms=0]
2026-10-07T19:37:41.1237433Z ##[group]Run ./script/download-wasi-sdk
2026-10-07T19:37:41.1237697Z [36;1m./script/download-wasi-sdk[0m
2026-10-07T19:37:41.1300724Z shell: /usr/bin/bash --noprofile --norc -e -o pipefail {0}
2026-10-07T19:37:41.1300982Z env:
2026-10-07T19:37:41.1301139Z   CARGO_TERM_COLOR: always
2026-10-07T19:37:41.1301410Z   CARGO_INCREMENTAL: 0
2026-10-07T19:37:41.1301586Z   CARGO_PROFILE_DEV_DEBUG: 0
2026-10-07T19:37:41.1312949Z   CARGO_PROFILE_DEV_BUILD_OVERRIDE_DEBUG: 0
2026-10-07T19:37:41.1313194Z   RUST_BACKTRACE: 1
2026-10-07T19:37:41.1313355Z   CC: clang
2026-10-07T19:37:41.1313506Z   CXX: clang++
2026-10-07T19:37:41.1313674Z   WGPU_BACKEND: vulkan
2026-10-07T19:37:41.1313849Z   CI_TEST_FILTER: 
2026-10-07T19:37:41.1314006Z   CI_TEST_MODE: full
2026-10-07T19:37:41.1314166Z   CARGO_BUILD_JOBS: 4
2026-10-07T19:37:41.1314336Z   CI_TEST_THREADS: 4
2026-10-07T19:37:41.1314534Z   VK_DRIVER_FILES: /usr/share/vulkan/icd.d/lvp_icd.json
2026-10-07T19:37:41.1314775Z ##[endgroup]
2026-10-07T19:37:41.1404905Z WASI SDK not found, downloading v34...
2026-10-07T19:37:41.1430042Z Downloading from: https://github.com/WebAssembly/wasi-sdk/releases/download/wasi-sdk-34/wasi-sdk-34.0-x86_64-linux.tar.gz
2026-10-07T19:37:41.1493747Z   % Total    % Received % Xferd  Average Speed   Time    Time     Time  Current
2026-10-07T19:37:41.1494334Z                                  Dload  Upload   Total   Spent    Left  Speed
2026-10-07T19:37:41.1494618Z 
2026-10-07T19:37:41.2468267Z   0     0    0     0    0     0      0      0 --:--:-- --:--:-- --:--:--     0
2026-10-07T19:37:41.2468832Z   0     0    0     0    0     0      0      0 --:--:-- --:--:-- --:--:--     0
2026-10-07T19:37:41.9172111Z 
2026-10-07T19:37:42.6918974Z  14  183M   14 25.7M    0     0  33.4M      0  0:00:05 --:--:--  0:00:05 33.4M
2026-10-07T19:37:43.6915017Z  32  183M   32 59.4M    0     0  38.5M      0  0:00:04  0:00:01  0:00:03 43.5M
2026-10-07T19:37:44.6788800Z  64  183M   64  118M    0     0  46.4M      0  0:00:03  0:00:02  0:00:01 52.0M
2026-10-07T19:37:44.9498882Z  93  183M   93  170M    0     0  48.3M      0  0:00:03  0:00:03 --:--:-- 52.5M
2026-10-07T19:37:44.9499473Z 100  183M  100  183M    0     0  48.2M      0  0:00:03  0:00:03 --:--:-- 52.0M
2026-10-07T19:37:44.9601962Z WASI SDK v34 installed successfully
2026-10-07T19:37:44.9838866Z ##[group]Run python3 script/ci-run stage 'Test extension build' -- cargo build --locked --manifest-path extensions/test-extension/Cargo.toml --target wasm32-wasip2 --target-dir extensions/test-extension/target
2026-10-07T19:37:44.9840393Z [36;1mpython3 script/ci-run stage 'Test extension build' -- cargo build --locked --manifest-path extensions/test-extension/Cargo.toml --target wasm32-wasip2 --target-dir extensions/test-extension/target[0m
2026-10-07T19:37:44.9899766Z shell: /usr/bin/bash --noprofile --norc -e -o pipefail {0}
2026-10-07T19:37:44.9900113Z env:
2026-10-07T19:37:44.9900273Z   CARGO_TERM_COLOR: always
2026-10-07T19:37:44.9900505Z   CARGO_INCREMENTAL: 0
2026-10-07T19:37:44.9900684Z   CARGO_PROFILE_DEV_DEBUG: 0
2026-10-07T19:37:44.9900934Z   CARGO_PROFILE_DEV_BUILD_OVERRIDE_DEBUG: 0
2026-10-07T19:37:44.9901150Z   RUST_BACKTRACE: 1
2026-10-07T19:37:44.9901459Z   CC: clang
2026-10-07T19:37:44.9901602Z   CXX: clang++
2026-10-07T19:37:44.9901763Z   WGPU_BACKEND: vulkan
2026-10-07T19:37:44.9902010Z   CI_TEST_FILTER: 
2026-10-07T19:37:44.9902216Z   CI_TEST_MODE: full
2026-10-07T19:37:44.9902377Z   CARGO_BUILD_JOBS: 4
2026-10-07T19:37:44.9902539Z   CI_TEST_THREADS: 4
2026-10-07T19:37:44.9902732Z   VK_DRIVER_FILES: /usr/share/vulkan/icd.d/lvp_icd.json
2026-10-07T19:37:44.9903048Z ##[endgroup]
2026-10-07T19:37:45.3285043Z [1m[92m    Updating[0m git repository `https://github.com/zed-industries/async-process.git`
2026-10-07T19:37:45.5438281Z [1m[92m    Updating[0m git repository `https://github.com/smol-rs/async-task.git`
2026-10-07T19:37:45.7727038Z [1m[92m    Updating[0m git repository `https://github.com/zed-industries/calloop`
2026-10-07T19:37:45.9480332Z [1m[92m    Updating[0m git repository `https://github.com/zed-industries/livekit-rust-sdks`
2026-10-07T19:37:46.9352902Z [1m[92m    Updating[0m git submodule `https://github.com/livekit/protocol`
2026-10-07T19:37:47.7588575Z [1m[92m    Updating[0m git submodule `https://github.com/zed-industries/libyuv`
2026-10-07T19:37:50.7339761Z [1m[92m    Updating[0m git repository `https://github.com/zed-industries/notify`
2026-10-07T19:37:51.0154486Z [1m[92m    Updating[0m git repository `https://github.com/tree-sitter/tree-sitter`
2026-10-07T19:37:53.9656989Z [1m[92m    Updating[0m git repository `https://github.com/zed-industries/windows-capture.git`
2026-10-07T19:37:54.2008098Z [1m[92m    Updating[0m crates.io index
2026-10-07T19:37:54.2026491Z [1m[92m    Updating[0m git repository `https://github.com/proptest-rs/proptest`
2026-10-07T19:37:54.6833040Z [1m[92m    Updating[0m git repository `https://github.com/zed-industries/scap`
2026-10-07T19:37:54.9356629Z [1m[92m    Updating[0m git repository `https://github.com/zed-industries/font-kit`
2026-10-07T19:37:55.1348798Z [1m[92m    Updating[0m git repository `https://github.com/zed-industries/async-tar`
2026-10-07T19:37:55.3209330Z [1m[92m    Updating[0m git repository `https://github.com/zed-industries/wasm_thread`
2026-10-07T19:37:55.4608633Z [1m[92m    Updating[0m git repository `https://github.com/zed-industries/xim-rs.git`
2026-10-07T19:37:55.5995881Z [1m[92m    Updating[0m git repository `https://github.com/zed-industries/reqwest.git`
2026-10-07T19:37:55.9044976Z [1m[92m    Updating[0m git repository `https://github.com/zed-industries/tree-sitter-markdown`
2026-10-07T19:38:00.7635598Z [1m[92m    Updating[0m git repository `https://github.com/zed-industries/tree-sitter-typescript`
2026-10-07T19:38:47.2255435Z [1m[92m    Updating[0m git repository `https://github.com/zed-industries/tree-sitter-heex`
2026-10-07T19:38:47.6119562Z [1m[92m    Updating[0m git repository `https://github.com/zed-industries/trash-rs`
2026-10-07T19:38:47.8063536Z [1m[92m    Updating[0m git repository `https://github.com/tree-sitter/tree-sitter-cpp`
2026-10-07T19:40:33.3184483Z [1m[92m    Updating[0m git repository `https://github.com/zed-industries/tree-sitter-git-commit`
2026-10-07T19:40:33.5661628Z [1m[92m    Updating[0m git repository `https://github.com/camdencheek/tree-sitter-go-mod`
2026-10-07T19:40:33.7554036Z [1m[92m    Updating[0m git repository `https://github.com/zed-industries/tree-sitter-go-work`
2026-10-07T19:40:33.9115216Z [1m[92m    Updating[0m git repository `https://github.com/zed-industries/tree-sitter-yaml`
2026-10-07T19:40:34.2243505Z [1m[92m    Updating[0m git submodule `https://github.com/yaml/yaml-test-suite`
2026-10-07T19:40:34.5651701Z [1m[92m    Updating[0m git repository `https://github.com/zed-industries/async-pipe-rs`
2026-10-07T19:40:34.9251758Z [1m[92m    Updating[0m git repository `https://github.com/zed-industries/lsp-types`
2026-10-07T19:40:35.1618768Z [1m[92m    Updating[0m git repository `https://github.com/zed-industries/dap-types`
2026-10-07T19:40:35.4507275Z [1m[92m    Updating[0m git repository `https://github.com/zed-industries/python-environment-tools.git`
2026-10-07T19:40:36.1850825Z [1m[92m    Updating[0m git repository `https://github.com/zed-industries/alacritty`
2026-10-07T19:40:38.7410004Z [1m[92m    Updating[0m git repository `https://github.com/RustAudio/rodio`
2026-10-07T19:40:39.3754331Z [1m[92m    Updating[0m git repository `https://github.com/KillTheMule/nvim-rs`
2026-10-07T19:40:39.6036542Z [1m[92m    Updating[0m git repository `https://github.com/zed-industries/wprcontrol`
2026-10-07T19:40:39.6980405Z [1m[92m    Updating[0m git repository `https://github.com/zed-industries/gh-workflow`
2026-10-07T19:40:41.7207216Z [1m[92m Downloading[0m crates ...
2026-10-07T19:40:41.7612709Z [1m[92m  Downloaded[0m adler2 v2.0.1
2026-10-07T19:40:41.7627828Z [1m[92m  Downloaded[0m crc32fast v1.5.0
2026-10-07T19:40:41.7647124Z [1m[92m  Downloaded[0m futures v0.3.34
2026-10-07T19:40:41.7692428Z [1m[92m  Downloaded[0m form_urlencoded v1.2.2
2026-10-07T19:40:41.7698655Z [1m[92m  Downloaded[0m bitflags v2.13.1
2026-10-07T19:40:41.7736987Z [1m[92m  Downloaded[0m zerofrom v0.1.6
2026-10-07T19:40:41.7744345Z [1m[92m  Downloaded[0m flate2 v1.1.8
2026-10-07T19:40:41.7787868Z [1m[92m  Downloaded[0m foldhash v0.1.5
2026-10-07T19:40:41.7799551Z [1m[92m  Downloaded[0m anyhow v1.0.104
2026-10-07T19:40:41.7836836Z [1m[92m  Downloaded[0m futures-sink v0.3.34
2026-10-07T19:40:41.7843231Z [1m[92m  Downloaded[0m hashbrown v0.15.5
2026-10-07T19:40:41.7884272Z [1m[92m  Downloaded[0m futures-macro v0.3.34
2026-10-07T19:40:41.7893356Z [1m[92m  Downloaded[0m futures-core v0.3.34
2026-10-07T19:40:41.7905270Z [1m[92m  Downloaded[0m futures-io v0.3.34
2026-10-07T19:40:41.7913761Z [1m[92m  Downloaded[0m futures-task v0.3.34
2026-10-07T19:40:41.7923938Z [1m[92m  Downloaded[0m futures-executor v0.3.34
2026-10-07T19:40:41.7935859Z [1m[92m  Downloaded[0m utf8_iter v1.0.4
2026-10-07T19:40:41.7944762Z [1m[92m  Downloaded[0m displaydoc v0.2.5
2026-10-07T19:40:41.7974077Z [1m[92m  Downloaded[0m litemap v0.8.0
2026-10-07T19:40:41.7995371Z [1m[92m  Downloaded[0m hashbrown v0.17.1
2026-10-07T19:40:41.8042462Z [1m[92m  Downloaded[0m wasm-metadata v0.227.1
2026-10-07T19:40:41.8061537Z [1m[92m  Downloaded[0m zmij v1.0.23
2026-10-07T19:40:41.8076540Z [1m[92m  Downloaded[0m icu_locale_core v2.3.0
2026-10-07T19:40:41.8139444Z [1m[92m  Downloaded[0m serde_core v1.0.229
2026-10-07T19:40:41.8167981Z [1m[92m  Downloaded[0m simd-adler32 v0.3.7
2026-10-07T19:40:41.8187075Z [1m[92m  Downloaded[0m stable_deref_trait v1.2.1
2026-10-07T19:40:41.8194471Z [1m[92m  Downloaded[0m futures-util v0.3.34
2026-10-07T19:40:41.8323136Z [1m[92m  Downloaded[0m id-arena v2.3.0
2026-10-07T19:40:41.8334535Z [1m[92m  Downloaded[0m icu_properties v2.3.0
2026-10-07T19:40:41.8364369Z [1m[92m  Downloaded[0m idna_adapter v1.2.1
2026-10-07T19:40:41.8371793Z [1m[92m  Downloaded[0m percent-encoding v2.3.2
2026-10-07T19:40:41.8379145Z [1m[92m  Downloaded[0m writeable v0.6.4
2026-10-07T19:40:41.8397722Z [1m[92m  Downloaded[0m auditable-serde v0.8.0
2026-10-07T19:40:41.8404263Z [1m[92m  Downloaded[0m heck v0.5.0
2026-10-07T19:40:41.8414953Z [1m[92m  Downloaded[0m pin-project-lite v0.2.16
2026-10-07T19:40:41.8463287Z [1m[92m  Downloaded[0m wit-bindgen-rt v0.41.0
2026-10-07T19:40:41.8473397Z [1m[92m  Downloaded[0m quote v1.0.47
2026-10-07T19:40:41.8496109Z [1m[92m  Downloaded[0m syn v2.0.117
2026-10-07T19:40:41.8583286Z [1m[92m  Downloaded[0m wit-bindgen-rust v0.41.0
2026-10-07T19:40:41.8597402Z [1m[92m  Downloaded[0m wit-bindgen-core v0.41.0
2026-10-07T19:40:41.8606940Z [1m[92m  Downloaded[0m icu_provider v2.3.0
2026-10-07T19:40:41.8628629Z [1m[92m  Downloaded[0m proc-macro2 v1.0.107
2026-10-07T19:40:41.8653154Z [1m[92m  Downloaded[0m icu_normalizer_data v2.3.0
2026-10-07T19:40:41.8670991Z [1m[92m  Downloaded[0m serde v1.0.229
2026-10-07T19:40:41.8699110Z [1m[92m  Downloaded[0m icu_collections v2.3.0
2026-10-07T19:40:41.8762637Z [1m[92m  Downloaded[0m serde_json v1.0.151
2026-10-07T19:40:41.8837712Z [1m[92m  Downloaded[0m icu_properties_data v2.3.0
2026-10-07T19:40:41.8940073Z [1m[92m  Downloaded[0m log v0.4.29
2026-10-07T19:40:41.8962547Z [1m[92m  Downloaded[0m leb128fmt v0.1.0
2026-10-07T19:40:41.8971094Z [1m[92m  Downloaded[0m zerofrom-derive v0.1.6
2026-10-07T19:40:41.8979831Z [1m[92m  Downloaded[0m yoke-derive v0.8.2
2026-10-07T19:40:41.8990435Z [1m[92m  Downloaded[0m semver v1.0.28
2026-10-07T19:40:41.9011796Z [1m[92m  Downloaded[0m wasmparser v0.227.1
2026-10-07T19:40:41.9080412Z [1m[92m  Downloaded[0m yoke v0.8.3
2026-10-07T19:40:41.9095540Z [1m[92m  Downloaded[0m unicode-xid v0.2.6
2026-10-07T19:40:41.9106304Z [1m[92m  Downloaded[0m equivalent v1.0.2
2026-10-07T19:40:41.9114689Z [1m[92m  Downloaded[0m topological-sort v0.2.2
2026-10-07T19:40:41.9124040Z [1m[92m  Downloaded[0m itoa v1.0.18
2026-10-07T19:40:41.9138656Z [1m[92m  Downloaded[0m slab v0.4.11
2026-10-07T19:40:41.9148827Z [1m[92m  Downloaded[0m wit-bindgen-rust-macro v0.41.0
2026-10-07T19:40:41.9155464Z [1m[92m  Downloaded[0m potential_utf v0.1.3
2026-10-07T19:40:41.9163598Z [1m[92m  Downloaded[0m futures-channel v0.3.34
2026-10-07T19:40:41.9178936Z [1m[92m  Downloaded[0m memchr v2.8.3
2026-10-07T19:40:41.9224654Z [1m[92m  Downloaded[0m once_cell v1.21.4
2026-10-07T19:40:41.9246113Z [1m[92m  Downloaded[0m zerovec-derive v0.11.5
2026-10-07T19:40:41.9259661Z [1m[92m  Downloaded[0m cfg-if v1.0.4
2026-10-07T19:40:41.9270089Z [1m[92m  Downloaded[0m miniz_oxide v0.8.9
2026-10-07T19:40:41.9290644Z [1m[92m  Downloaded[0m smallvec v1.16.1
2026-10-07T19:40:41.9301721Z [1m[92m  Downloaded[0m synstructure v0.13.2
2026-10-07T19:40:41.9309812Z [1m[92m  Downloaded[0m wasm-encoder v0.227.1
2026-10-07T19:40:41.9340585Z [1m[92m  Downloaded[0m prettyplease v0.2.37
2026-10-07T19:40:41.9369795Z [1m[92m  Downloaded[0m url v2.5.7
2026-10-07T19:40:41.9391078Z [1m[92m  Downloaded[0m unicode-ident v1.0.24
2026-10-07T19:40:41.9413796Z [1m[92m  Downloaded[0m zerotrie v0.2.5
2026-10-07T19:40:41.9446084Z [1m[92m  Downloaded[0m idna v1.1.0
2026-10-07T19:40:41.9474683Z [1m[92m  Downloaded[0m zerovec v0.11.8
2026-10-07T19:40:41.9524015Z [1m[92m  Downloaded[0m indexmap v2.14.0
2026-10-07T19:40:41.9558866Z [1m[92m  Downloaded[0m wit-parser v0.227.1
2026-10-07T19:40:41.9927329Z [1m[92m  Downloaded[0m syn v3.0.3
2026-10-07T19:40:42.0014553Z [1m[92m  Downloaded[0m serde_derive v1.0.229
2026-10-07T19:40:42.0039758Z [1m[92m  Downloaded[0m wit-bindgen v0.41.0
2026-10-07T19:40:42.0051981Z [1m[92m  Downloaded[0m wit-component v0.227.1
2026-10-07T19:40:42.0507319Z [1m[92m  Downloaded[0m icu_normalizer v2.3.0
2026-10-07T19:40:42.0586105Z [1m[92m  Downloaded[0m spdx v0.10.9
2026-10-07T19:40:42.1092154Z [1m[92m  Downloaded[0m tinystr v0.8.4
2026-10-07T19:40:42.1596568Z [1m[92m   Compiling[0m proc-macro2 v1.0.107
2026-10-07T19:40:42.1597137Z [1m[92m   Compiling[0m quote v1.0.47
2026-10-07T19:40:42.1597652Z [1m[92m   Compiling[0m unicode-ident v1.0.24
2026-10-07T19:40:42.1598185Z [1m[92m   Compiling[0m stable_deref_trait v1.2.1
2026-10-07T19:40:42.1972470Z [1m[92m   Compiling[0m serde_core v1.0.229
2026-10-07T19:40:42.2349345Z [1m[92m   Compiling[0m zmij v1.0.23
2026-10-07T19:40:42.4563004Z [1m[92m   Compiling[0m serde_json v1.0.151
2026-10-07T19:40:42.5232702Z [1m[92m   Compiling[0m litemap v0.8.0
2026-10-07T19:40:42.5822668Z [1m[92m   Compiling[0m writeable v0.6.4
2026-10-07T19:40:42.6467812Z [1m[92m   Compiling[0m icu_properties_data v2.3.0
2026-10-07T19:40:42.7418268Z [1m[92m   Compiling[0m serde v1.0.229
2026-10-07T19:40:42.7560164Z [1m[92m   Compiling[0m utf8_iter v1.0.4
2026-10-07T19:40:42.8522979Z [1m[92m   Compiling[0m icu_normalizer_data v2.3.0
2026-10-07T19:40:42.9602590Z [1m[92m   Compiling[0m hashbrown v0.17.1
2026-10-07T19:40:42.9660056Z [1m[92m   Compiling[0m smallvec v1.16.1
2026-10-07T19:40:43.4603133Z [1m[92m   Compiling[0m syn v3.0.3
2026-10-07T19:40:43.9502670Z [1m[92m   Compiling[0m syn v2.0.117
2026-10-07T19:40:44.3171937Z [1m[92m   Compiling[0m semver v1.0.28
2026-10-07T19:40:44.5643241Z [1m[92m   Compiling[0m equivalent v1.0.2
2026-10-07T19:40:44.6003102Z [1m[92m   Compiling[0m foldhash v0.1.5
2026-10-07T19:40:44.7153007Z [1m[92m   Compiling[0m wasmparser v0.227.1
2026-10-07T19:40:44.7392664Z [1m[92m   Compiling[0m hashbrown v0.15.5
2026-10-07T19:40:44.9012819Z [1m[92m   Compiling[0m indexmap v2.14.0
2026-10-07T19:40:45.4768652Z [1m[92m   Compiling[0m anyhow v1.0.104
2026-10-07T19:40:45.5322762Z [1m[92m   Compiling[0m bitflags v2.13.1
2026-10-07T19:40:45.6380784Z [1m[92m   Compiling[0m itoa v1.0.18
2026-10-07T19:40:45.6523649Z [1m[92m   Compiling[0m memchr v2.8.3
2026-10-07T19:40:48.5242735Z [1m[92m   Compiling[0m synstructure v0.13.2
2026-10-07T19:40:49.0478404Z [1m[92m   Compiling[0m crc32fast v1.5.0
2026-10-07T19:40:49.4523184Z [1m[92m   Compiling[0m cfg-if v1.0.4
2026-10-07T19:40:49.4847657Z [1m[92m   Compiling[0m adler2 v2.0.1
2026-10-07T19:40:49.5532769Z [1m[92m   Compiling[0m percent-encoding v2.3.2
2026-10-07T19:40:49.6740470Z [1m[92m   Compiling[0m prettyplease v0.2.37
2026-10-07T19:40:49.7792798Z [1m[92m   Compiling[0m simd-adler32 v0.3.7
2026-10-07T19:40:49.9192870Z [1m[92m   Compiling[0m wasm-encoder v0.227.1
2026-10-07T19:40:50.0883404Z [1m[92m   Compiling[0m miniz_oxide v0.8.9
2026-10-07T19:40:51.6142843Z [1m[92m   Compiling[0m form_urlencoded v1.2.2
2026-10-07T19:40:51.8392746Z [1m[92m   Compiling[0m topological-sort v0.2.2
2026-10-07T19:40:51.9079234Z [1m[92m   Compiling[0m leb128fmt v0.1.0
2026-10-07T19:40:51.9972865Z [1m[92m   Compiling[0m unicode-xid v0.2.6
2026-10-07T19:40:52.3913965Z [1m[92m   Compiling[0m futures-sink v0.3.34
2026-10-07T19:40:52.4412913Z [1m[92m   Compiling[0m id-arena v2.3.0
2026-10-07T19:40:52.5102671Z [1m[92m   Compiling[0m log v0.4.29
2026-10-07T19:40:52.5682033Z [1m[92m   Compiling[0m futures-core v0.3.34
2026-10-07T19:40:52.6458954Z [1m[92m   Compiling[0m futures-channel v0.3.34
2026-10-07T19:40:52.7873339Z [1m[92m   Compiling[0m flate2 v1.1.8
2026-10-07T19:40:53.1202732Z [1m[92m   Compiling[0m spdx v0.10.9
2026-10-07T19:40:53.4372888Z [1m[92m   Compiling[0m pin-project-lite v0.2.16
2026-10-07T19:40:53.4732603Z [1m[92m   Compiling[0m futures-io v0.3.34
2026-10-07T19:40:53.5829347Z [1m[92m   Compiling[0m futures-task v0.3.34
2026-10-07T19:40:53.7252919Z [1m[92m   Compiling[0m slab v0.4.11
2026-10-07T19:40:53.8332678Z [1m[92m   Compiling[0m heck v0.5.0
2026-10-07T19:40:53.9907820Z [1m[92m   Compiling[0m wit-bindgen-rust v0.41.0
2026-10-07T19:40:54.2072798Z [1m[92m   Compiling[0m wit-bindgen-rt v0.41.0
2026-10-07T19:40:54.3422864Z [1m[92m   Compiling[0m wit-bindgen-rust-macro v0.41.0
2026-10-07T19:40:55.1640644Z [1m[92m   Compiling[0m once_cell v1.21.4
2026-10-07T19:40:55.7093457Z [1m[92m   Compiling[0m zed_extension_api v0.8.0 (/home/runner/work/koda/koda/crates/extension_api)
2026-10-07T19:41:01.4492626Z [1m[92m   Compiling[0m zerofrom-derive v0.1.6
2026-10-07T19:41:02.2617045Z [1m[92m   Compiling[0m zerofrom v0.1.6
2026-10-07T19:41:02.3253412Z [1m[92m   Compiling[0m yoke-derive v0.8.2
2026-10-07T19:41:03.0478787Z [1m[92m   Compiling[0m yoke v0.8.3
2026-10-07T19:41:03.1573157Z [1m[92m   Compiling[0m displaydoc v0.2.5
2026-10-07T19:41:03.6023578Z [1m[92m   Compiling[0m zerotrie v0.2.5
2026-10-07T19:41:03.8871485Z [1m[92m   Compiling[0m zerovec-derive v0.11.5
2026-10-07T19:41:03.8872106Z [1m[92m   Compiling[0m serde_derive v1.0.229
2026-10-07T19:41:03.8872547Z [1m[92m   Compiling[0m futures-macro v0.3.34
2026-10-07T19:41:04.2437923Z [1m[92m   Compiling[0m futures-util v0.3.34
2026-10-07T19:41:04.5212741Z [1m[92m   Compiling[0m zerovec v0.11.8
2026-10-07T19:41:04.7754610Z [1m[92m   Compiling[0m tinystr v0.8.4
2026-10-07T19:41:04.8313707Z [1m[92m   Compiling[0m potential_utf v0.1.3
2026-10-07T19:41:04.8898445Z [1m[92m   Compiling[0m icu_locale_core v2.3.0
2026-10-07T19:41:04.9318509Z [1m[92m   Compiling[0m icu_collections v2.3.0
2026-10-07T19:41:05.6653347Z [1m[92m   Compiling[0m icu_provider v2.3.0
2026-10-07T19:41:05.9022787Z [1m[92m   Compiling[0m icu_properties v2.3.0
2026-10-07T19:41:06.2313220Z [1m[92m   Compiling[0m icu_normalizer v2.3.0
2026-10-07T19:41:06.2560215Z [1m[92m   Compiling[0m wit-parser v0.227.1
2026-10-07T19:41:06.2835074Z [1m[92m   Compiling[0m auditable-serde v0.8.0
2026-10-07T19:41:06.5732829Z [1m[92m   Compiling[0m futures-executor v0.3.34
2026-10-07T19:41:06.6675284Z [1m[92m   Compiling[0m futures v0.3.34
2026-10-07T19:41:06.7095024Z [1m[92m   Compiling[0m idna_adapter v1.2.1
2026-10-07T19:41:06.7803077Z [1m[92m   Compiling[0m idna v1.1.0
2026-10-07T19:41:06.9915588Z [1m[92m   Compiling[0m url v2.5.7
2026-10-07T19:41:07.3183459Z [1m[92m   Compiling[0m wasm-metadata v0.227.1
2026-10-07T19:41:07.8500313Z [1m[92m   Compiling[0m wit-bindgen-core v0.41.0
2026-10-07T19:41:07.8501432Z [1m[92m   Compiling[0m wit-component v0.227.1
2026-10-07T19:41:10.1679415Z [1m[92m   Compiling[0m wit-bindgen v0.41.0
2026-10-07T19:41:10.7252117Z [1m[92m   Compiling[0m zed_test_extension v0.1.0 (/home/runner/work/koda/koda/extensions/test-extension)
2026-10-07T19:41:10.8718313Z [1m[92m    Finished[0m `dev` profile [unoptimized] target(s) in 3m 25s
2026-10-07T19:41:11.0742574Z Test extension build: 206.0s (exit 0)
2026-10-07T19:41:11.0823895Z ##[group]Run printf 'Test coverage: %s; filter: %s\n' "$CI_TEST_MODE" "$CI_TEST_FILTER"
2026-10-07T19:41:11.0824363Z [36;1mprintf 'Test coverage: %s; filter: %s\n' "$CI_TEST_MODE" "$CI_TEST_FILTER"[0m
2026-10-07T19:41:11.0824662Z [36;1mfilter_args=()[0m
2026-10-07T19:41:11.0824867Z [36;1mif [[ -n "$CI_TEST_FILTER" ]]; then[0m
2026-10-07T19:41:11.0825126Z [36;1m  filter_args=(-E "$CI_TEST_FILTER")[0m
2026-10-07T19:41:11.0825335Z [36;1mfi[0m
2026-10-07T19:41:11.0825595Z [36;1mpython3 script/ci-run stage 'Workspace tests (build and execution)' -- \[0m
2026-10-07T19:41:11.0826132Z [36;1m  cargo nextest run --locked --workspace "${filter_args[@]}" --no-fail-fast --no-tests=warn \[0m
2026-10-07T19:41:11.0826585Z [36;1m  --test-threads "$CI_TEST_THREADS" --status-level=fail --final-status-level=fail[0m
2026-10-07T19:41:11.0883528Z shell: /usr/bin/bash --noprofile --norc -e -o pipefail {0}
2026-10-07T19:41:11.0883786Z env:
2026-10-07T19:41:11.0884054Z   CARGO_TERM_COLOR: always
2026-10-07T19:41:11.0884241Z   CARGO_INCREMENTAL: 0
2026-10-07T19:41:11.0884419Z   CARGO_PROFILE_DEV_DEBUG: 0
2026-10-07T19:41:11.0884619Z   CARGO_PROFILE_DEV_BUILD_OVERRIDE_DEBUG: 0
2026-10-07T19:41:11.0884830Z   RUST_BACKTRACE: 1
2026-10-07T19:41:11.0884988Z   CC: clang
2026-10-07T19:41:11.0885131Z   CXX: clang++
2026-10-07T19:41:11.0885287Z   WGPU_BACKEND: vulkan
2026-10-07T19:41:11.0885454Z   CI_TEST_FILTER: 
2026-10-07T19:41:11.0885619Z   CI_TEST_MODE: full
2026-10-07T19:41:11.0885785Z   CARGO_BUILD_JOBS: 4
2026-10-07T19:41:11.0885948Z   CI_TEST_THREADS: 4
2026-10-07T19:41:11.0886145Z   VK_DRIVER_FILES: /usr/share/vulkan/icd.d/lvp_icd.json
2026-10-07T19:41:11.0886386Z ##[endgroup]
2026-10-07T19:41:11.0957385Z Test coverage: full; filter: 
2026-10-07T19:41:11.8198989Z [1m[92m Downloading[0m crates ...
2026-10-07T19:41:11.8700669Z [1m[92m  Downloaded[0m accesskit v0.24.1
2026-10-07T19:41:11.8711506Z [1m[92m  Downloaded[0m accesskit_consumer v0.38.0
2026-10-07T19:41:11.8725630Z [1m[92m  Downloaded[0m addr2line v0.25.1
2026-10-07T19:41:11.8741055Z [1m[92m  Downloaded[0m asynchronous-codec v0.7.0
2026-10-07T19:41:11.8760097Z [1m[92m  Downloaded[0m arrayref v0.3.9
2026-10-07T19:41:11.8770057Z [1m[92m  Downloaded[0m async-broadcast v0.7.2
2026-10-07T19:41:11.8783715Z [1m[92m  Downloaded[0m atomic-waker v1.1.2
2026-10-07T19:41:11.8794129Z [1m[92m  Downloaded[0m approx v0.5.1
2026-10-07T19:41:11.8813424Z [1m[92m  Downloaded[0m arc-swap v1.9.0
2026-10-07T19:41:11.8869028Z [1m[92m  Downloaded[0m async-recursion v1.1.1
2026-10-07T19:41:11.8911544Z [1m[92m  Downloaded[0m anstream v0.6.21
2026-10-07T19:41:11.8934268Z [1m[92m  Downloaded[0m anstyle-parse v0.2.7
2026-10-07T19:41:11.8952849Z [1m[92m  Downloaded[0m darling_macro v0.23.0
2026-10-07T19:41:11.8958163Z [1m[92m  Downloaded[0m cranelift-bitset v0.135.1
2026-10-07T19:41:11.8968404Z [1m[92m  Downloaded[0m accesskit_unix v0.22.1
2026-10-07T19:41:11.8992210Z [1m[92m  Downloaded[0m async-executor v1.13.3
2026-10-07T19:41:11.9011986Z [1m[92m  Downloaded[0m darling_core v0.20.11
2026-10-07T19:41:11.9074426Z [1m[92m  Downloaded[0m alloca v0.4.0
2026-10-07T19:41:11.9085968Z [1m[92m  Downloaded[0m ammonia v4.1.4
2026-10-07T19:41:11.9111080Z [1m[92m  Downloaded[0m darling_core v0.23.0
2026-10-07T19:41:11.9168465Z [1m[92m  Downloaded[0m data-url v0.3.2
2026-10-07T19:41:11.9188657Z [1m[92m  Downloaded[0m document-features v0.2.12
2026-10-07T19:41:11.9202113Z [1m[92m  Downloaded[0m cpal v0.17.1
2026-10-07T19:41:11.9275308Z [1m[92m  Downloaded[0m cssparser v0.37.0
2026-10-07T19:41:11.9299975Z [1m[92m  Downloaded[0m cxx-build v1.0.187
2026-10-07T19:41:11.9362861Z [1m[92m  Downloaded[0m darling v0.20.11
2026-10-07T19:41:11.9410790Z [1m[92m  Downloaded[0m deranged v0.5.4
2026-10-07T19:41:11.9421802Z [1m[92m  Downloaded[0m dugong-graphlib v0.8.0-alpha.5
2026-10-07T19:41:11.9448002Z [1m[92m  Downloaded[0m async-compat v0.2.5
2026-10-07T19:41:11.9461416Z [1m[92m  Downloaded[0m atspi-proxies v0.13.0
2026-10-07T19:41:11.9479879Z [1m[92m  Downloaded[0m ahash v0.7.8
2026-10-07T19:41:11.9500720Z [1m[92m  Downloaded[0m async-trait v0.1.89
2026-10-07T19:41:11.9533177Z [1m[92m  Downloaded[0m addr2line v0.26.1
2026-10-07T19:41:11.9548365Z [1m[92m  Downloaded[0m alsa v0.10.0
2026-10-07T19:41:11.9570813Z [1m[92m  Downloaded[0m crypto-bigint v0.4.9
2026-10-07T19:41:11.9609949Z [1m[92m  Downloaded[0m aliasable v0.1.3
2026-10-07T19:41:11.9618353Z [1m[92m  Downloaded[0m aws-smithy-json v0.62.5
2026-10-07T19:41:11.9632822Z [1m[92m  Downloaded[0m async-io v2.6.0
2026-10-07T19:41:11.9660093Z [1m[92m  Downloaded[0m aws-smithy-xml v0.60.15
2026-10-07T19:41:11.9672496Z [1m[92m  Downloaded[0m accesskit_atspi_common v0.19.1
2026-10-07T19:41:11.9690645Z [1m[92m  Downloaded[0m av1-grain v0.2.4
2026-10-07T19:41:11.9710152Z [1m[92m  Downloaded[0m aws-sdk-sso v1.94.0
2026-10-07T19:41:11.9766908Z [1m[92m  Downloaded[0m cpufeatures v0.2.17
2026-10-07T19:41:11.9778433Z [1m[92m  Downloaded[0m heed v0.21.0
2026-10-07T19:41:11.9803491Z [1m[92m  Downloaded[0m async-std v1.13.2
2026-10-07T19:41:12.0014767Z [1m[92m  Downloaded[0m aws-smithy-query v0.60.15
2026-10-07T19:41:12.0022244Z [1m[92m  Downloaded[0m aws-sigv4 v1.4.0
2026-10-07T19:41:12.0495648Z [1m[92m  Downloaded[0m aws-smithy-observability v0.2.5
2026-10-07T19:41:12.0517601Z [1m[92m  Downloaded[0m async-stream v0.3.6
2026-10-07T19:41:12.0543562Z [1m[92m  Downloaded[0m async-channel v2.5.0
2026-10-07T19:41:12.0557966Z [1m[92m  Downloaded[0m include-flate-codegen v0.3.4
2026-10-07T19:41:12.0564901Z [1m[92m  Downloaded[0m arg_enum_proc_macro v0.3.4
2026-10-07T19:41:12.0577166Z [1m[92m  Downloaded[0m atoi v2.0.0
2026-10-07T19:41:12.0593142Z [1m[92m  Downloaded[0m aws-smithy-types v1.4.7
2026-10-07T19:41:12.0652322Z [1m[92m  Downloaded[0m data-encoding v2.9.0
2026-10-07T19:41:12.0658852Z [1m[92m  Downloaded[0m crypto-common v0.1.6
2026-10-07T19:41:12.0668317Z [1m[92m  Downloaded[0m atomic v0.5.3
2026-10-07T19:41:12.0683030Z [1m[92m  Downloaded[0m email_address v0.2.9
2026-10-07T19:41:12.0697617Z [1m[92m  Downloaded[0m anes v0.1.6
2026-10-07T19:41:12.0728695Z [1m[92m  Downloaded[0m axum v0.6.20
2026-10-07T19:41:12.0794943Z [1m[92m  Downloaded[0m mime v0.3.17
2026-10-07T19:41:12.0833359Z [1m[92m  Downloaded[0m aws-smithy-async v1.2.14
2026-10-07T19:41:12.0839512Z [1m[92m  Downloaded[0m aws-smithy-checksums v0.64.4
2026-10-07T19:41:12.0852118Z [1m[92m  Downloaded[0m aws-smithy-http v0.63.4
2026-10-07T19:41:12.0872145Z [1m[92m  Downloaded[0m cxx v1.0.187
2026-10-07T19:41:12.1042004Z [1m[92m  Downloaded[0m cranelift-assembler-x64 v0.135.1
2026-10-07T19:41:12.1058163Z [1m[92m  Downloaded[0m either v1.15.0
2026-10-07T19:41:12.1070579Z [1m[92m  Downloaded[0m darling_macro v0.20.11
2026-10-07T19:41:12.1076676Z [1m[92m  Downloaded[0m cranelift-control v0.135.1
2026-10-07T19:41:12.1083339Z [1m[92m  Downloaded[0m diffy v0.4.2
2026-10-07T19:41:12.1101508Z [1m[92m  Downloaded[0m dbus v0.9.9
2026-10-07T19:41:12.1137561Z [1m[92m  Downloaded[0m cxxbridge-macro v1.0.187
2026-10-07T19:41:12.1171141Z [1m[92m  Downloaded[0m derive_more v2.1.1
2026-10-07T19:41:12.1356748Z [1m[92m  Downloaded[0m async-lock v3.4.2
2026-10-07T19:41:12.1374776Z [1m[92m  Downloaded[0m async-stream-impl v0.3.6
2026-10-07T19:41:12.1380684Z [1m[92m  Downloaded[0m ctrlc v3.5.0
2026-10-07T19:41:12.1397846Z [1m[92m  Downloaded[0m crunchy v0.2.4
2026-10-07T19:41:12.1404114Z [1m[92m  Downloaded[0m darling v0.21.3
2026-10-07T19:41:12.1449149Z [1m[92m  Downloaded[0m dotenvy v0.15.7
2026-10-07T19:41:12.1472804Z [1m[92m  Downloaded[0m crossbeam-epoch v0.9.18
2026-10-07T19:41:12.1492987Z [1m[92m  Downloaded[0m ahash v0.8.12
2026-10-07T19:41:12.1512431Z [1m[92m  Downloaded[0m async-tungstenite v0.33.0
2026-10-07T19:41:12.1537999Z [1m[92m  Downloaded[0m crossbeam-queue v0.3.12
2026-10-07T19:41:12.1548177Z [1m[92m  Downloaded[0m documented v0.10.0
2026-10-07T19:41:12.1554491Z [1m[92m  Downloaded[0m icu_locale_fallback v2.3.0
2026-10-07T19:41:12.1562870Z [1m[92m  Downloaded[0m cpp_demangle v0.5.1
2026-10-07T19:41:12.1587685Z [1m[92m  Downloaded[0m dasp_sample v0.11.0
2026-10-07T19:41:12.1596134Z [1m[92m  Downloaded[0m prost-derive v0.14.4
2026-10-07T19:41:12.1607402Z [1m[92m  Downloaded[0m elasticlunr-rs v3.0.2
2026-10-07T19:41:12.1659074Z [1m[92m  Downloaded[0m is-docker v0.2.0
2026-10-07T19:41:12.1667671Z [1m[92m  Downloaded[0m as-slice v0.2.1
2026-10-07T19:41:12.1677468Z [1m[92m  Downloaded[0m async-channel v1.9.0
2026-10-07T19:41:12.1689033Z [1m[92m  Downloaded[0m cranelift-srcgen v0.135.1
2026-10-07T19:41:12.1697032Z [1m[92m  Downloaded[0m cxxbridge-flags v1.0.187
2026-10-07T19:41:12.1705526Z [1m[92m  Downloaded[0m ambient-authority v0.0.2
2026-10-07T19:41:12.1720094Z [1m[92m  Downloaded[0m async-attributes v1.1.2
2026-10-07T19:41:12.1730655Z [1m[92m  Downloaded[0m async-dispatcher v0.1.2
2026-10-07T19:41:12.1740426Z [1m[92m  Downloaded[0m crash-handler v0.8.0
2026-10-07T19:41:12.1772382Z [1m[92m  Downloaded[0m memoffset v0.9.1
2026-10-07T19:41:12.1787687Z [1m[92m  Downloaded[0m adler32 v1.2.0
2026-10-07T19:41:12.1799989Z [1m[92m  Downloaded[0m agent-client-protocol-derive v2.2.0
2026-10-07T19:41:12.1810504Z [1m[92m  Downloaded[0m multimap v0.8.3
2026-10-07T19:41:12.1820980Z [1m[92m  Downloaded[0m new_debug_unreachable v1.0.6
2026-10-07T19:41:12.1832117Z [1m[92m  Downloaded[0m num-iter v0.1.45
2026-10-07T19:41:12.1841533Z [1m[92m  Downloaded[0m aligned v0.4.3
2026-10-07T19:41:12.1853615Z [1m[92m  Downloaded[0m aligned-vec v0.6.4
2026-10-07T19:41:12.1863589Z [1m[92m  Downloaded[0m anstyle-query v1.1.4
2026-10-07T19:41:12.1876189Z [1m[92m  Downloaded[0m include-flate-compress v0.3.4
2026-10-07T19:41:12.1881481Z [1m[92m  Downloaded[0m matchers v0.2.0
2026-10-07T19:41:12.1892385Z [1m[92m  Downloaded[0m mimalloc v0.1.48
2026-10-07T19:41:12.1903492Z [1m[92m  Downloaded[0m outref v0.5.2
2026-10-07T19:41:12.1916510Z [1m[92m  Downloaded[0m hexf-parse v0.2.1
2026-10-07T19:41:12.1922684Z [1m[92m  Downloaded[0m dtoa v1.0.10
2026-10-07T19:41:12.1938427Z [1m[92m  Downloaded[0m phf_shared v0.13.1
2026-10-07T19:41:12.1948886Z [1m[92m  Downloaded[0m alsa-sys v0.3.1
2026-10-07T19:41:12.1961387Z [1m[92m  Downloaded[0m anstyle v1.0.13
2026-10-07T19:41:12.1976495Z [1m[92m  Downloaded[0m autocfg v1.5.0
2026-10-07T19:41:12.1995238Z [1m[92m  Downloaded[0m aws-types v1.3.12
2026-10-07T19:41:12.2010978Z [1m[92m  Downloaded[0m async-fs v2.2.0
2026-10-07T19:41:12.2021575Z [1m[92m  Downloaded[0m async-global-executor v2.4.1
2026-10-07T19:41:12.2036429Z [1m[92m  Downloaded[0m async-signal v0.2.13
2026-10-07T19:41:12.2048471Z [1m[92m  Downloaded[0m aws-smithy-eventstream v0.60.20
2026-10-07T19:41:12.2073626Z [1m[92m  Downloaded[0m ipnet v2.11.0
2026-10-07T19:41:12.2087374Z [1m[92m  Downloaded[0m merge v0.1.0
2026-10-07T19:41:12.2108381Z [1m[92m  Downloaded[0m async-net v2.0.0
2026-10-07T19:41:12.2118245Z [1m[92m  Downloaded[0m atspi v0.29.0
2026-10-07T19:41:12.2126926Z [1m[92m  Downloaded[0m aws-credential-types v1.2.12
2026-10-07T19:41:12.2140499Z [1m[92m  Downloaded[0m pico-args v0.5.0
2026-10-07T19:41:12.2151939Z [1m[92m  Downloaded[0m arrayvec v0.7.6
2026-10-07T19:41:12.2169064Z [1m[92m  Downloaded[0m avif-serialize v0.8.6
2026-10-07T19:41:12.2177584Z [1m[92m  Downloaded[0m crc-catalog v2.4.0
2026-10-07T19:41:12.2187545Z [1m[92m  Downloaded[0m criterion-plot v0.8.2
2026-10-07T19:41:12.2202207Z [1m[92m  Downloaded[0m cssparser-macros v0.6.1
2026-10-07T19:41:12.2207660Z [1m[92m  Downloaded[0m dunce v1.0.5
2026-10-07T19:41:12.2216314Z [1m[92m  Downloaded[0m http-body-util v0.1.3
2026-10-07T19:41:12.2230380Z [1m[92m  Downloaded[0m notify-debouncer-mini v0.4.1
2026-10-07T19:41:12.2237281Z [1m[92m  Downloaded[0m phf_generator v0.13.1
2026-10-07T19:41:12.2247425Z [1m[92m  Downloaded[0m proc-macro-crate v3.4.0
2026-10-07T19:41:12.2257911Z [1m[92m  Downloaded[0m rand_chacha v0.3.1
2026-10-07T19:41:12.2266959Z [1m[92m  Downloaded[0m humantime v2.3.0
2026-10-07T19:41:12.2280822Z [1m[92m  Downloaded[0m optfield v0.4.0
2026-10-07T19:41:12.2297594Z [1m[92m  Downloaded[0m palette_derive v0.7.6
2026-10-07T19:41:12.2311839Z [1m[92m  Downloaded[0m markup5ever_rcdom v0.39.0+unofficial
2026-10-07T19:41:12.2320941Z [1m[92m  Downloaded[0m num-rational v0.4.2
2026-10-07T19:41:12.2331912Z [1m[92m  Downloaded[0m ordered-stream v0.2.0
2026-10-07T19:41:12.2341602Z [1m[92m  Downloaded[0m parking v2.2.1
2026-10-07T19:41:12.2350267Z [1m[92m  Downloaded[0m any_vec v0.14.0
2026-10-07T19:41:12.2382641Z [1m[92m  Downloaded[0m inout v0.1.4
2026-10-07T19:41:12.2391066Z [1m[92m  Downloaded[0m libflate_lz77 v2.3.0
2026-10-07T19:41:12.2398814Z [1m[92m  Downloaded[0m cranelift-entity v0.135.1
2026-10-07T19:41:12.2412577Z [1m[92m  Downloaded[0m cursor-icon v1.2.0
2026-10-07T19:41:12.2423366Z [1m[92m  Downloaded[0m http v1.3.1
2026-10-07T19:41:12.2458787Z [1m[92m  Downloaded[0m peg-runtime v0.8.5
2026-10-07T19:41:12.2465763Z [1m[92m  Downloaded[0m cranelift-codegen-shared v0.135.1
2026-10-07T19:41:12.2474416Z [1m[92m  Downloaded[0m dialoguer v0.12.0
2026-10-07T19:41:12.2504893Z [1m[92m  Downloaded[0m arraydeque v0.5.1
2026-10-07T19:41:12.2515867Z [1m[92m  Downloaded[0m annotate-snippets v0.12.12
2026-10-07T19:41:12.2547674Z [1m[92m  Downloaded[0m aws-sdk-ssooidc v1.96.0
2026-10-07T19:41:12.2622238Z [1m[92m  Downloaded[0m ascii v1.1.0
2026-10-07T19:41:12.2639604Z [1m[92m  Downloaded[0m dirs v6.0.0
2026-10-07T19:41:12.2650392Z [1m[92m  Downloaded[0m indenter v0.3.4
2026-10-07T19:41:12.2661698Z [1m[92m  Downloaded[0m oorandom v11.1.5
2026-10-07T19:41:12.2670977Z [1m[92m  Downloaded[0m rand_core v0.10.1
2026-10-07T19:41:12.2686861Z [1m[92m  Downloaded[0m dlib v0.5.3
2026-10-07T19:41:12.2694483Z [1m[92m  Downloaded[0m embedded-io v0.4.0
2026-10-07T19:41:12.2709883Z [1m[92m  Downloaded[0m arbitrary v1.4.2
2026-10-07T19:41:12.2757189Z [1m[92m  Downloaded[0m darling v0.23.0
2026-10-07T19:41:12.2805241Z [1m[92m  Downloaded[0m dashmap v6.1.0
2026-10-07T19:41:12.2827313Z [1m[92m  Downloaded[0m libloading v0.8.9
2026-10-07T19:41:12.2852074Z [1m[92m  Downloaded[0m merge_derive v0.1.0
2026-10-07T19:41:12.2853508Z [1m[92m  Downloaded[0m nu-ansi-term v0.50.3
2026-10-07T19:41:12.2874947Z [1m[92m  Downloaded[0m rustc-hash v2.1.1
2026-10-07T19:41:12.2892193Z [1m[92m  Downloaded[0m signature v2.2.0
2026-10-07T19:41:12.2899505Z [1m[92m  Downloaded[0m aws-smithy-http-client v1.1.10
2026-10-07T19:41:12.2942243Z [1m[92m  Downloaded[0m cranelift-assembler-x64-meta v0.135.1
2026-10-07T19:41:12.2970650Z [1m[92m  Downloaded[0m cssparser v0.36.0
2026-10-07T19:41:12.2991422Z [1m[92m  Downloaded[0m derive_setters v0.1.9
2026-10-07T19:41:12.3022279Z [1m[92m  Downloaded[0m pulley-interpreter v48.0.1
2026-10-07T19:41:12.3062176Z [1m[92m  Downloaded[0m rand_chacha v0.9.0
2026-10-07T19:41:12.3063832Z [1m[92m  Downloaded[0m rustls-pki-types v1.12.0
2026-10-07T19:41:12.3088346Z [1m[92m  Downloaded[0m allocator-api2 v0.2.21
2026-10-07T19:41:12.3110531Z [1m[92m  Downloaded[0m crossbeam-utils v0.8.21
2026-10-07T19:41:12.3134809Z [1m[92m  Downloaded[0m dyn-clone v1.0.20
2026-10-07T19:41:12.3149849Z [1m[92m  Downloaded[0m cranelift-bforest v0.135.1
2026-10-07T19:41:12.3163191Z [1m[92m  Downloaded[0m dary_heap v0.3.9
2026-10-07T19:41:12.3173323Z [1m[92m  Downloaded[0m debug-ignore v1.0.5
2026-10-07T19:41:12.3188453Z [1m[92m  Downloaded[0m rmpv v1.3.0
2026-10-07T19:41:12.3207377Z [1m[92m  Downloaded[0m cranelift-codegen-meta v0.135.1
2026-10-07T19:41:12.3238278Z [1m[92m  Downloaded[0m dugong v0.8.0-alpha.5
2026-10-07T19:41:12.3300859Z [1m[92m  Downloaded[0m notify v6.1.1
2026-10-07T19:41:12.3317085Z [1m[92m  Downloaded[0m parking_lot v0.12.5
2026-10-07T19:41:12.3339251Z [1m[92m  Downloaded[0m rand_core v0.6.4
2026-10-07T19:41:12.3352365Z [1m[92m  Downloaded[0m async_zip v0.0.18
2026-10-07T19:41:12.3423142Z [1m[92m  Downloaded[0m protox v0.9.1
2026-10-07T19:41:12.3462766Z [1m[92m  Downloaded[0m same-file v1.0.6
2026-10-07T19:41:12.3474183Z [1m[92m  Downloaded[0m self_cell v1.2.2
2026-10-07T19:41:12.3483868Z [1m[92m  Downloaded[0m sha-1 v0.10.1
2026-10-07T19:41:12.3497910Z [1m[92m  Downloaded[0m tagptr v0.2.0
2026-10-07T19:41:12.3509278Z [1m[92m  Downloaded[0m pin-project v1.1.10
2026-10-07T19:41:12.3633629Z [1m[92m  Downloaded[0m protox-parse v0.9.0
2026-10-07T19:41:12.3655060Z [1m[92m  Downloaded[0m roughr-merman v0.12.3
2026-10-07T19:41:12.3673915Z [1m[92m  Downloaded[0m rustls-native-certs v0.8.3
2026-10-07T19:41:12.3696641Z [1m[92m  Downloaded[0m rustls-pemfile v2.2.0
2026-10-07T19:41:12.3719804Z [1m[92m  Downloaded[0m lalrpop-util v0.23.1
2026-10-07T19:41:12.3729747Z [1m[92m  Downloaded[0m notify-rust v4.18.0
2026-10-07T19:41:12.3757787Z [1m[92m  Downloaded[0m schemars_derive v1.0.4
2026-10-07T19:41:12.3778967Z [1m[92m  Downloaded[0m ar_archive_writer v0.5.1
2026-10-07T19:41:12.3831090Z [1m[92m  Downloaded[0m cranelift-frontend v0.135.1
2026-10-07T19:41:12.3862069Z [1m[92m  Downloaded[0m aws-runtime v1.7.0
2026-10-07T19:41:12.3923249Z [1m[92m  Downloaded[0m aws-smithy-runtime-api v1.11.4
2026-10-07T19:41:12.3980981Z [1m[92m  Downloaded[0m stacker v0.1.25
2026-10-07T19:41:12.4001589Z [1m[92m  Downloaded[0m hyper v0.14.32
2026-10-07T19:41:12.4074059Z [1m[92m  Downloaded[0m json5 v1.3.1
2026-10-07T19:41:12.4097286Z [1m[92m  Downloaded[0m debugid v0.8.0
2026-10-07T19:41:12.4107336Z [1m[92m  Downloaded[0m doxygen-rs v0.4.2
2026-10-07T19:41:12.4121020Z [1m[92m  Downloaded[0m emojis v0.9.0
2026-10-07T19:41:12.4159080Z [1m[92m  Downloaded[0m sval_nested v2.15.0
2026-10-07T19:41:12.4171029Z [1m[92m  Downloaded[0m tokio-tungstenite v0.28.0
2026-10-07T19:41:12.4199935Z [1m[92m  Downloaded[0m crossbeam-deque v0.8.6
2026-10-07T19:41:12.4211551Z [1m[92m  Downloaded[0m ec4rs v1.2.0
2026-10-07T19:41:12.4235091Z [1m[92m  Downloaded[0m enumflags2 v0.7.12
2026-10-07T19:41:12.4253336Z [1m[92m  Downloaded[0m which v8.0.5
2026-10-07T19:41:12.4275618Z [1m[92m  Downloaded[0m as-raw-xcb-connection v1.0.1
2026-10-07T19:41:12.4283419Z [1m[92m  Downloaded[0m cranelift-native v0.135.1
2026-10-07T19:41:12.4291440Z [1m[92m  Downloaded[0m digest v0.10.7
2026-10-07T19:41:12.4307430Z [1m[92m  Downloaded[0m embed-resource v3.0.6
2026-10-07T19:41:12.4328262Z [1m[92m  Downloaded[0m wasmtime-internal-jit-debug v48.0.1
2026-10-07T19:41:12.4341675Z [1m[92m  Downloaded[0m aws-smithy-runtime v1.10.1
2026-10-07T19:41:12.4419238Z [1m[92m  Downloaded[0m downcast-rs v1.2.1
2026-10-07T19:41:12.4430795Z [1m[92m  Downloaded[0m kurbo v0.13.1
2026-10-07T19:41:12.4482163Z [1m[92m  Downloaded[0m serde_bytes v0.11.19
2026-10-07T19:41:12.4502573Z [1m[92m  Downloaded[0m sval_json v2.15.0
2026-10-07T19:41:12.4517458Z [1m[92m  Downloaded[0m tree-sitter-html v0.23.2
2026-10-07T19:41:12.4536181Z [1m[92m  Downloaded[0m manatee v0.8.0-alpha.5
2026-10-07T19:41:12.4576022Z [1m[92m  Downloaded[0m sha1 v0.10.6
2026-10-07T19:41:12.4597556Z [1m[92m  Downloaded[0m y4m v0.8.0
2026-10-07T19:41:12.4612487Z [1m[92m  Downloaded[0m async-compression v0.4.32
2026-10-07T19:41:12.4699757Z [1m[92m  Downloaded[0m der v0.7.10
2026-10-07T19:41:12.4743147Z [1m[92m  Downloaded[0m pest_meta v2.8.3
2026-10-07T19:41:12.4767795Z [1m[92m  Downloaded[0m tap v1.0.1
2026-10-07T19:41:12.4777797Z [1m[92m  Downloaded[0m v_frame v0.3.9
2026-10-07T19:41:12.4793611Z [1m[92m  Downloaded[0m cranelift-isle v0.135.1
2026-10-07T19:41:12.4848969Z [1m[92m  Downloaded[0m crc-fast v1.9.0
2026-10-07T19:41:12.4951422Z [1m[92m  Downloaded[0m rfc6979 v0.3.1
2026-10-07T19:41:12.4969019Z [1m[92m  Downloaded[0m sqlx-macros-core v0.8.6
2026-10-07T19:41:12.4982061Z [1m[92m  Downloaded[0m elliptic-curve v0.12.3
2026-10-07T19:41:12.5009098Z [1m[92m  Downloaded[0m base64ct v1.8.0
2026-10-07T19:41:12.5028541Z [1m[92m  Downloaded[0m siphasher v1.0.1
2026-10-07T19:41:12.5038525Z [1m[92m  Downloaded[0m snafu-derive v0.8.9
2026-10-07T19:41:12.5048449Z [1m[92m  Downloaded[0m calloop-wayland-source v0.4.1
2026-10-07T19:41:12.5057946Z [1m[92m  Downloaded[0m smol_str v0.3.6
2026-10-07T19:41:12.5071535Z [1m[92m  Downloaded[0m deflate64 v0.1.10
2026-10-07T19:41:12.5082265Z [1m[92m  Downloaded[0m system-deps v7.0.7
2026-10-07T19:41:12.5100330Z [1m[92m  Downloaded[0m der v0.6.1
2026-10-07T19:41:12.5147817Z [1m[92m  Downloaded[0m sval_ref v2.15.0
2026-10-07T19:41:12.5162257Z [1m[92m  Downloaded[0m darling_core v0.21.3
2026-10-07T19:41:12.5202966Z [1m[92m  Downloaded[0m fdeflate v0.3.7
2026-10-07T19:41:12.5217306Z [1m[92m  Downloaded[0m winnow v1.0.2
2026-10-07T19:41:12.5297454Z [1m[92m  Downloaded[0m stacksafe v1.0.3
2026-10-07T19:41:12.5310121Z [1m[92m  Downloaded[0m sval_fmt v2.15.0
2026-10-07T19:41:12.5320797Z [1m[92m  Downloaded[0m tracing-serde v0.2.0
2026-10-07T19:41:12.5328192Z [1m[92m  Downloaded[0m utf-8 v0.7.6
2026-10-07T19:41:12.5337905Z [1m[92m  Downloaded[0m fontdb v0.23.0
2026-10-07T19:41:12.5357369Z [1m[92m  Downloaded[0m libm v0.2.16
2026-10-07T19:41:12.5457344Z [1m[92m  Downloaded[0m pathfinder_geometry v0.5.1
2026-10-07T19:41:12.5466751Z [1m[92m  Downloaded[0m cranelift-codegen v0.135.1
2026-10-07T19:41:12.5711786Z [1m[92m  Downloaded[0m hyper-rustls v0.27.9
2026-10-07T19:41:12.5722962Z [1m[92m  Downloaded[0m futures-concurrency v7.7.1
2026-10-07T19:41:12.5806891Z [1m[92m  Downloaded[0m aws-lc-rs v1.17.1
2026-10-07T19:41:12.5893736Z [1m[92m  Downloaded[0m funty v2.0.0
2026-10-07T19:41:12.5899643Z [1m[92m  Downloaded[0m pciid-parser v0.8.0
2026-10-07T19:41:12.5940317Z [1m[92m  Downloaded[0m rkyv_derive v0.7.45
2026-10-07T19:41:12.5952278Z [1m[92m  Downloaded[0m darling_macro v0.21.3
2026-10-07T19:41:12.5957435Z [1m[92m  Downloaded[0m embedded-io v0.6.1
2026-10-07T19:41:12.5967395Z [1m[92m  Downloaded[0m ciborium v0.2.2
2026-10-07T19:41:12.5987127Z [1m[92m  Downloaded[0m criterion v0.8.2
2026-10-07T19:41:12.6047522Z [1m[92m  Downloaded[0m libmimalloc-sys v0.1.44
2026-10-07T19:41:12.6167257Z [1m[92m  Downloaded[0m cached_proc_macro v0.25.0
2026-10-07T19:41:12.6176246Z [1m[92m  Downloaded[0m maplit v1.0.2
2026-10-07T19:41:12.6183540Z [1m[92m  Downloaded[0m read-fonts v0.35.0
2026-10-07T19:41:12.6310373Z [1m[92m  Downloaded[0m vsimd v0.8.0
2026-10-07T19:41:12.6327617Z [1m[92m  Downloaded[0m wasmtime-internal-jit-icache-coherence v48.0.1
2026-10-07T19:41:12.6334842Z [1m[92m  Downloaded[0m wgpu-naga-bridge v29.0.4
2026-10-07T19:41:12.6341177Z [1m[92m  Downloaded[0m endi v1.1.0
2026-10-07T19:41:12.6350218Z [1m[92m  Downloaded[0m ppv-lite86 v0.2.21
2026-10-07T19:41:12.6360597Z [1m[92m  Downloaded[0m procfs-core v0.18.0
2026-10-07T19:41:12.6388863Z [1m[92m  Downloaded[0m selectors v0.37.0
2026-10-07T19:41:12.6407958Z [1m[92m  Downloaded[0m tracy-client v0.18.3
2026-10-07T19:41:12.6422167Z [1m[92m  Downloaded[0m atspi-common v0.13.0
2026-10-07T19:41:12.6462608Z [1m[92m  Downloaded[0m cached_proc_macro_types v0.1.1
2026-10-07T19:41:12.6467746Z [1m[92m  Downloaded[0m dtoa-short v0.3.5
2026-10-07T19:41:12.6473818Z [1m[92m  Downloaded[0m hex v0.4.3
2026-10-07T19:41:12.6487071Z [1m[92m  Downloaded[0m libsqlite3-sys v0.30.1
2026-10-07T19:41:12.6974633Z [1m[92m  Downloaded[0m base64-simd v0.8.0
2026-10-07T19:41:12.6985598Z [1m[92m  Downloaded[0m chunked_transfer v1.5.0
2026-10-07T19:41:12.6995642Z [1m[92m  Downloaded[0m cobs v0.3.0
2026-10-07T19:41:12.7006709Z [1m[92m  Downloaded[0m const-random-macro v0.1.16
2026-10-07T19:41:12.7012848Z [1m[92m  Downloaded[0m core_maths v0.1.1
2026-10-07T19:41:12.7018830Z [1m[92m  Downloaded[0m ctor v1.0.12
2026-10-07T19:41:12.7038498Z [1m[92m  Downloaded[0m diff v0.1.13
2026-10-07T19:41:12.7059916Z [1m[92m  Downloaded[0m ecdsa v0.14.8
2026-10-07T19:41:12.7072368Z [1m[92m  Downloaded[0m float-cmp v0.9.0
2026-10-07T19:41:12.7081709Z [1m[92m  Downloaded[0m serde_yaml_ng v0.10.0
2026-10-07T19:41:12.7108089Z [1m[92m  Downloaded[0m crc v3.3.0
2026-10-07T19:41:12.7121513Z [1m[92m  Downloaded[0m proc-macro-error-attr3 v3.1.1
2026-10-07T19:41:12.7128842Z [1m[92m  Downloaded[0m tokio-tungstenite v0.21.0
2026-10-07T19:41:12.7145345Z [1m[92m  Downloaded[0m rust-embed-impl v8.11.0
2026-10-07T19:41:12.7151918Z [1m[92m  Downloaded[0m crossbeam-channel v0.5.15
2026-10-07T19:41:12.7184112Z [1m[92m  Downloaded[0m aes v0.8.4
2026-10-07T19:41:12.7211576Z [1m[92m  Downloaded[0m rustls-pemfile v1.0.4
2026-10-07T19:41:12.7230962Z [1m[92m  Downloaded[0m ipc-channel v0.19.0
2026-10-07T19:41:12.7268346Z [1m[92m  Downloaded[0m ashpd v0.13.5
2026-10-07T19:41:12.7322774Z [1m[92m  Downloaded[0m exec v0.3.1
2026-10-07T19:41:12.7330968Z [1m[92m  Downloaded[0m servo_arc v0.4.3
2026-10-07T19:41:12.7337762Z [1m[92m  Downloaded[0m ucd-trie v0.1.7
2026-10-07T19:41:12.7348911Z [1m[92m  Downloaded[0m vte v0.15.0
2026-10-07T19:41:12.7366616Z [1m[92m  Downloaded[0m tracing-tracy v0.11.4
2026-10-07T19:41:12.7374757Z [1m[92m  Downloaded[0m uuid-simd v0.8.0
2026-10-07T19:41:12.7384046Z [1m[92m  Downloaded[0m io-lifetimes v3.0.1
2026-10-07T19:41:12.7397362Z [1m[92m  Downloaded[0m borsh-derive v1.5.7
2026-10-07T19:41:12.7422103Z [1m[92m  Downloaded[0m kv-log-macro v1.0.7
2026-10-07T19:41:12.7437111Z [1m[92m  Downloaded[0m phf v0.13.1
2026-10-07T19:41:12.7446998Z [1m[92m  Downloaded[0m snafu v0.8.9
2026-10-07T19:41:12.7499481Z [1m[92m  Downloaded[0m zvariant_utils v3.3.1
2026-10-07T19:41:12.7511888Z [1m[92m  Downloaded[0m bs58 v0.5.1
2026-10-07T19:41:12.7529979Z [1m[92m  Downloaded[0m c-enum v0.2.3
2026-10-07T19:41:12.7541937Z [1m[92m  Downloaded[0m lyon_extra v1.0.3
2026-10-07T19:41:12.7549748Z [1m[92m  Downloaded[0m plotters-svg v0.3.7
2026-10-07T19:41:12.7556769Z [1m[92m  Downloaded[0m wasmtime-internal-fiber v48.0.1
2026-10-07T19:41:12.7573730Z [1m[92m  Downloaded[0m schemars v0.9.0
2026-10-07T19:41:12.7693722Z [1m[92m  Downloaded[0m lol_html v3.0.1
2026-10-07T19:41:12.7760078Z [1m[92m  Downloaded[0m cpufeatures v0.3.0
2026-10-07T19:41:12.7772037Z [1m[92m  Downloaded[0m crash-context v0.8.0
2026-10-07T19:41:12.7790213Z [1m[92m  Downloaded[0m derive_more-impl v2.1.1
2026-10-07T19:41:12.7834099Z [1m[92m  Downloaded[0m is-terminal v0.4.16
2026-10-07T19:41:12.7841874Z [1m[92m  Downloaded[0m jobserver v0.1.34
2026-10-07T19:41:12.7858770Z [1m[92m  Downloaded[0m pin-project-internal v1.1.10
2026-10-07T19:41:12.7871529Z [1m[92m  Downloaded[0m aws-config v1.8.14
2026-10-07T19:41:12.7925119Z [1m[92m  Downloaded[0m iovec v0.1.4
2026-10-07T19:41:12.7937017Z [1m[92m  Downloaded[0m lebe v0.5.3
2026-10-07T19:41:12.7947217Z [1m[92m  Downloaded[0m schemars v1.0.4
2026-10-07T19:41:12.8081440Z [1m[92m  Downloaded[0m sqlx-sqlite v0.8.6
2026-10-07T19:41:12.8118982Z [1m[92m  Downloaded[0m agent-client-protocol v2.2.0
2026-10-07T19:41:12.8197531Z [1m[92m  Downloaded[0m chardetng v0.1.17
2026-10-07T19:41:12.8211490Z [1m[92m  Downloaded[0m codespan-reporting v0.13.0
2026-10-07T19:41:12.8273372Z [1m[92m  Downloaded[0m dirs-sys v0.5.0
2026-10-07T19:41:12.8282154Z [1m[92m  Downloaded[0m float-ord v0.3.2
2026-10-07T19:41:12.8289499Z [1m[92m  Downloaded[0m heck v0.4.1
2026-10-07T19:41:12.8299828Z [1m[92m  Downloaded[0m hkdf v0.12.4
2026-10-07T19:41:12.8318509Z [1m[92m  Downloaded[0m linkify v0.10.0
2026-10-07T19:41:12.8333117Z [1m[92m  Downloaded[0m pathfinder_simd v0.5.6
2026-10-07T19:41:12.8348103Z [1m[92m  Downloaded[0m perf-event2 v0.7.4
2026-10-07T19:41:12.8380384Z [1m[92m  Downloaded[0m plotters-backend v0.3.7
2026-10-07T19:41:12.8390128Z [1m[92m  Downloaded[0m socket2 v0.5.10
2026-10-07T19:41:12.8404601Z [1m[92m  Downloaded[0m sqlx-mysql v0.8.6
2026-10-07T19:41:12.8452503Z [1m[92m  Downloaded[0m typenum v1.19.0
2026-10-07T19:41:12.8475022Z [1m[92m  Downloaded[0m aho-corasick v1.1.3
2026-10-07T19:41:12.8517584Z [1m[92m  Downloaded[0m wasmtime-wasi-io v48.0.1
2026-10-07T19:41:12.8532276Z [1m[92m  Downloaded[0m agent-client-protocol-schema v1.9.1
2026-10-07T19:41:12.8572352Z [1m[92m  Downloaded[0m aws-sdk-sts v1.98.0
2026-10-07T19:41:12.8674691Z [1m[92m  Downloaded[0m lyon_path v1.0.16
2026-10-07T19:41:12.8687137Z [1m[92m  Downloaded[0m zeromq v0.5.0
2026-10-07T19:41:12.8738618Z [1m[92m  Downloaded[0m half v2.7.1
2026-10-07T19:41:12.8759976Z [1m[92m  Downloaded[0m proxyvars v0.2.0
2026-10-07T19:41:12.8770185Z [1m[92m  Downloaded[0m borsh v1.5.7
2026-10-07T19:41:12.8828166Z [1m[92m  Downloaded[0m brush-parser v0.3.0
2026-10-07T19:41:12.8877444Z [1m[92m  Downloaded[0m documented-macros v0.10.0
2026-10-07T19:41:12.8887341Z [1m[92m  Downloaded[0m equator v0.4.2
2026-10-07T19:41:12.8898069Z [1m[92m  Downloaded[0m renderdoc-sys v1.1.0
2026-10-07T19:41:12.8905273Z [1m[92m  Downloaded[0m crypto-bigint v0.5.5
2026-10-07T19:41:12.8964680Z [1m[92m  Downloaded[0m pkcs8 v0.10.2
2026-10-07T19:41:12.8987747Z [1m[92m  Downloaded[0m protobuf-support v3.7.2
2026-10-07T19:41:12.9000513Z [1m[92m  Downloaded[0m scc v3.5.6
2026-10-07T19:41:12.9034717Z [1m[92m  Downloaded[0m scroll_derive v0.12.1
2026-10-07T19:41:12.9040273Z [1m[92m  Downloaded[0m sqlx-postgres v0.8.6
2026-10-07T19:41:12.9113105Z [1m[92m  Downloaded[0m target-spec v3.7.0
2026-10-07T19:41:12.9127452Z [1m[92m  Downloaded[0m cached v0.56.0
2026-10-07T19:41:12.9157366Z [1m[92m  Downloaded[0m plain v0.2.3
2026-10-07T19:41:12.9165472Z [1m[92m  Downloaded[0m ptr_meta v0.1.4
2026-10-07T19:41:12.9172380Z [1m[92m  Downloaded[0m ignore v0.4.24
2026-10-07T19:41:12.9191515Z [1m[92m  Downloaded[0m libflate v2.3.1
2026-10-07T19:41:12.9210776Z [1m[92m  Downloaded[0m psm v0.1.30
2026-10-07T19:41:12.9236949Z [1m[92m  Downloaded[0m yansi v1.0.1
2026-10-07T19:41:12.9255431Z [1m[92m  Downloaded[0m aws-sdk-bedrockruntime v1.125.0
2026-10-07T19:41:12.9524597Z [1m[92m  Downloaded[0m waker-fn v1.2.0
2026-10-07T19:41:12.9531140Z [1m[92m  Downloaded[0m png v0.17.16
2026-10-07T19:41:12.9562633Z [1m[92m  Downloaded[0m synchronoise v1.0.1
2026-10-07T19:41:12.9572433Z [1m[92m  Downloaded[0m walkdir v2.5.0
2026-10-07T19:41:12.9587455Z [1m[92m  Downloaded[0m base64 v0.22.1
2026-10-07T19:41:12.9618613Z [1m[92m  Downloaded[0m core2 v0.4.0
2026-10-07T19:41:12.9634205Z [1m[92m  Downloaded[0m lyon_geom v1.0.17
2026-10-07T19:41:12.9647952Z [1m[92m  Downloaded[0m rand_core v0.9.3
2026-10-07T19:41:12.9658898Z [1m[92m  Downloaded[0m base64 v0.21.7
2026-10-07T19:41:12.9689603Z [1m[92m  Downloaded[0m equator-macro v0.4.2
2026-10-07T19:41:12.9696505Z [1m[92m  Downloaded[0m quinn-proto v0.11.17
2026-10-07T19:41:12.9754466Z [1m[92m  Downloaded[0m skrifa v0.37.0
2026-10-07T19:41:13.0489535Z [1m[92m  Downloaded[0m wasmtime-wasi v48.0.1
2026-10-07T19:41:13.0570720Z [1m[92m  Downloaded[0m encoding_rs v0.8.35
2026-10-07T19:41:13.0976072Z [1m[92m  Downloaded[0m glib v0.21.5
2026-10-07T19:41:13.1077071Z [1m[92m  Downloaded[0m subtle v2.6.1
2026-10-07T19:41:13.1087362Z [1m[92m  Downloaded[0m uds v0.4.2
2026-10-07T19:41:13.1103656Z [1m[92m  Downloaded[0m wasm-bindgen-shared v0.2.120
2026-10-07T19:41:13.1112590Z [1m[92m  Downloaded[0m http v0.2.12
2026-10-07T19:41:13.1141487Z [1m[92m  Downloaded[0m ptr_meta_derive v0.1.4
2026-10-07T19:41:13.1147255Z [1m[92m  Downloaded[0m rpassword v7.5.2
2026-10-07T19:41:13.1167459Z [1m[92m  Downloaded[0m signal-hook-registry v1.4.6
2026-10-07T19:41:13.1177300Z [1m[92m  Downloaded[0m spki v0.6.0
2026-10-07T19:41:13.1191076Z [1m[92m  Downloaded[0m symphonia-codec-pcm v0.5.5
2026-10-07T19:41:13.1197538Z [1m[92m  Downloaded[0m symphonia-metadata v0.5.5
2026-10-07T19:41:13.1209045Z [1m[92m  Downloaded[0m tinyvec_macros v0.1.1
2026-10-07T19:41:13.1217969Z [1m[92m  Downloaded[0m tower-layer v0.3.3
2026-10-07T19:41:13.1225598Z [1m[92m  Downloaded[0m unindent v0.2.4
2026-10-07T19:41:13.1232908Z [1m[92m  Downloaded[0m wasmparser v0.254.0
2026-10-07T19:41:13.1300324Z [1m[92m  Downloaded[0m zeroize_derive v1.4.2
2026-10-07T19:41:13.1308228Z [1m[92m  Downloaded[0m gio-sys v0.21.5
2026-10-07T19:41:13.1334878Z [1m[92m  Downloaded[0m htmlize v1.1.0
2026-10-07T19:41:13.1361093Z [1m[92m  Downloaded[0m pest_derive v2.8.3
2026-10-07T19:41:13.1380448Z [1m[92m  Downloaded[0m prometheus v0.14.0
2026-10-07T19:41:13.1421578Z [1m[92m  Downloaded[0m rustix-linux-procfs v0.1.1
2026-10-07T19:41:13.1430469Z [1m[92m  Downloaded[0m seahash v4.1.0
2026-10-07T19:41:13.1443202Z [1m[92m  Downloaded[0m shingles v0.1.1
2026-10-07T19:41:13.1452014Z [1m[92m  Downloaded[0m tempfile v3.27.0
2026-10-07T19:41:13.1472800Z [1m[92m  Downloaded[0m tendril v0.5.1
2026-10-07T19:41:13.1487990Z [1m[92m  Downloaded[0m wasmtime-internal-versioned-export-macros v48.0.1
2026-10-07T19:41:13.1492910Z [1m[92m  Downloaded[0m zstd v0.11.2+zstd.1.5.2
2026-10-07T19:41:13.1518948Z [1m[92m  Downloaded[0m wait-timeout v0.2.1
2026-10-07T19:41:13.1531519Z [1m[92m  Downloaded[0m scroll v0.12.0
2026-10-07T19:41:13.1542644Z [1m[92m  Downloaded[0m spki v0.7.3
2026-10-07T19:41:13.1556949Z [1m[92m  Downloaded[0m tinytemplate v1.2.1
2026-10-07T19:41:13.1570595Z [1m[92m  Downloaded[0m toml_writer v1.0.4
2026-10-07T19:41:13.1581375Z [1m[92m  Downloaded[0m serde_with_macros v3.22.0
2026-10-07T19:41:13.1597048Z [1m[92m  Downloaded[0m spirv v0.4.0+sdk-1.4.341.0
2026-10-07T19:41:13.1607151Z [1m[92m  Downloaded[0m sval v2.15.0
2026-10-07T19:41:13.1630210Z [1m[92m  Downloaded[0m tower-service v0.3.3
2026-10-07T19:41:13.1637202Z [1m[92m  Downloaded[0m handlebars v4.5.0
2026-10-07T19:41:13.1694005Z [1m[92m  Downloaded[0m tokio-util v0.7.18
2026-10-07T19:41:13.1756340Z [1m[92m  Downloaded[0m toml_write v0.1.2
2026-10-07T19:41:13.1767083Z [1m[92m  Downloaded[0m urlencoding v2.1.3
2026-10-07T19:41:13.1774441Z [1m[92m  Downloaded[0m wgpu-types v29.0.4
2026-10-07T19:41:13.1805347Z [1m[92m  Downloaded[0m sea-query-binder v0.7.0
2026-10-07T19:41:13.1813682Z [1m[92m  Downloaded[0m cast v0.3.0
2026-10-07T19:41:13.1823510Z [1m[92m  Downloaded[0m sqlformat v0.2.6
2026-10-07T19:41:13.1837327Z [1m[92m  Downloaded[0m beef v0.5.2
2026-10-07T19:41:13.1851620Z [1m[92m  Downloaded[0m bzip2 v0.4.4
2026-10-07T19:41:13.1865413Z [1m[92m  Downloaded[0m cfg_aliases v0.2.1
2026-10-07T19:41:13.1873244Z [1m[92m  Downloaded[0m peg-macros v0.8.5
2026-10-07T19:41:13.1885182Z [1m[92m  Downloaded[0m pest_generator v2.8.3
2026-10-07T19:41:13.1898213Z [1m[92m  Downloaded[0m triomphe v0.1.15
2026-10-07T19:41:13.1914247Z [1m[92m  Downloaded[0m foreign-types v0.3.2
2026-10-07T19:41:13.1920815Z [1m[92m  Downloaded[0m num-bigint v0.4.8
2026-10-07T19:41:13.1959400Z [1m[92m  Downloaded[0m xcursor v0.3.10
2026-10-07T19:41:13.1967101Z [1m[92m  Downloaded[0m pkg-config v0.3.32
2026-10-07T19:41:13.1978999Z [1m[92m  Downloaded[0m bitflags v1.3.2
2026-10-07T19:41:13.2007101Z [1m[92m  Downloaded[0m xattr v1.6.1
2026-10-07T19:41:13.2021150Z [1m[92m  Downloaded[0m av-scenechange v0.14.1
2026-10-07T19:41:13.2112416Z [1m[92m  Downloaded[0m num-bigint-dig v0.8.6
2026-10-07T19:41:13.2152386Z [1m[92m  Downloaded[0m color_quant v1.1.0
2026-10-07T19:41:13.2160518Z [1m[92m  Downloaded[0m bit_field v0.10.3
2026-10-07T19:41:13.2170353Z [1m[92m  Downloaded[0m rustls-platform-verifier v0.7.0
2026-10-07T19:41:13.2202337Z [1m[92m  Downloaded[0m futures v0.1.31
2026-10-07T19:41:13.2287526Z [1m[92m  Downloaded[0m image-webp v0.2.4
2026-10-07T19:41:13.2305382Z [1m[92m  Downloaded[0m pollster v0.2.5
2026-10-07T19:41:13.2314733Z [1m[92m  Downloaded[0m unicase v2.8.1
2026-10-07T19:41:13.2326030Z [1m[92m  Downloaded[0m float_next_after v1.0.0
2026-10-07T19:41:13.2334579Z [1m[92m  Downloaded[0m h2 v0.4.19
2026-10-07T19:41:13.2387563Z [1m[92m  Downloaded[0m sysinfo v0.31.4
2026-10-07T19:41:13.2467413Z [1m[92m  Downloaded[0m tiny-skia-path v0.11.4
2026-10-07T19:41:13.2482630Z [1m[92m  Downloaded[0m heed-traits v0.20.0
2026-10-07T19:41:13.2488038Z [1m[92m  Downloaded[0m zstd-safe v7.3.0
2026-10-07T19:41:13.2499785Z [1m[92m  Downloaded[0m wasmtime-internal-core v48.0.1
2026-10-07T19:41:13.2524662Z [1m[92m  Downloaded[0m zip v0.6.6
2026-10-07T19:41:13.2566550Z [1m[92m  Downloaded[0m tiny_http v0.12.0
2026-10-07T19:41:13.2602213Z [1m[92m  Downloaded[0m lyon v1.0.16
2026-10-07T19:41:13.2608185Z [1m[92m  Downloaded[0m tinyvec v1.10.0
2026-10-07T19:41:13.2629202Z [1m[92m  Downloaded[0m weezl v0.1.10
2026-10-07T19:41:13.2649445Z [1m[92m  Downloaded[0m zstd-safe v5.0.2+zstd.1.5.2
2026-10-07T19:41:13.2659925Z [1m[92m  Downloaded[0m clap_complete v4.5.59
2026-10-07T19:41:13.2683950Z [1m[92m  Downloaded[0m pulldown-cmark-escape v0.10.1
2026-10-07T19:41:13.2689762Z [1m[92m  Downloaded[0m h2 v0.3.27
2026-10-07T19:41:13.2741641Z [1m[92m  Downloaded[0m linebender_resource_handle v0.1.1
2026-10-07T19:41:13.2750740Z [1m[92m  Downloaded[0m noop_proc_macro v0.3.0
2026-10-07T19:41:13.2758396Z [1m[92m  Downloaded[0m plotters v0.3.7
2026-10-07T19:41:13.2835518Z [1m[92m  Downloaded[0m hmac v0.12.1
2026-10-07T19:41:13.2851466Z [1m[92m  Downloaded[0m pathdiff v0.2.3
2026-10-07T19:41:13.2859033Z [1m[92m  Downloaded[0m pollster v0.4.0
2026-10-07T19:41:13.2869212Z [1m[92m  Downloaded[0m rayon v1.11.0
2026-10-07T19:41:13.2947323Z [1m[92m  Downloaded[0m concurrent-queue v2.5.0
2026-10-07T19:41:13.2960666Z [1m[92m  Downloaded[0m hyper v1.11.1
2026-10-07T19:41:13.3020337Z [1m[92m  Downloaded[0m linktime-proc-macro v0.2.2
2026-10-07T19:41:13.3031566Z [1m[92m  Downloaded[0m openssl-probe v0.2.1
2026-10-07T19:41:13.3040717Z [1m[92m  Downloaded[0m ordered-float v4.6.0
2026-10-07T19:41:13.3052747Z [1m[92m  Downloaded[0m sys-locale v0.3.2
2026-10-07T19:41:13.3063772Z [1m[92m  Downloaded[0m winnow v0.7.13
2026-10-07T19:41:13.3138073Z [1m[92m  Downloaded[0m native-tls v0.2.18
2026-10-07T19:41:13.3150267Z [1m[92m  Downloaded[0m jupyter-websocket-client v1.1.0
2026-10-07T19:41:13.3160187Z [1m[92m  Downloaded[0m nanoid v0.4.0
2026-10-07T19:41:13.3168071Z [1m[92m  Downloaded[0m opener v0.7.2
2026-10-07T19:41:13.3179448Z [1m[92m  Downloaded[0m quick-xml v0.37.5
2026-10-07T19:41:13.3225551Z [1m[92m  Downloaded[0m tar v0.4.46
2026-10-07T19:41:13.3251424Z [1m[92m  Downloaded[0m wgpu-core-deps-windows-linux-android v29.0.4
2026-10-07T19:41:13.3258591Z [1m[92m  Downloaded[0m wit-bindgen v0.22.0
2026-10-07T19:41:13.3269393Z [1m[92m  Downloaded[0m tracing-log v0.2.0
2026-10-07T19:41:13.3280319Z [1m[92m  Downloaded[0m polling v3.11.0
2026-10-07T19:41:13.3305523Z [1m[92m  Downloaded[0m wasm-bindgen-macro-support v0.2.120
2026-10-07T19:41:13.3324674Z [1m[92m  Downloaded[0m tracing-attributes v0.1.31
2026-10-07T19:41:13.3347375Z [1m[92m  Downloaded[0m error-graph v0.1.1
2026-10-07T19:41:13.3357343Z [1m[92m  Downloaded[0m home v0.5.11
2026-10-07T19:41:13.3364470Z [1m[92m  Downloaded[0m heed-types v0.21.0
2026-10-07T19:41:13.3373961Z [1m[92m  Downloaded[0m lru-slab v0.1.2
2026-10-07T19:41:13.3380697Z [1m[92m  Downloaded[0m pest v2.8.3
2026-10-07T19:41:13.3417385Z [1m[92m  Downloaded[0m leb128 v0.2.5
2026-10-07T19:41:13.3428768Z [1m[92m  Downloaded[0m tower-http v0.4.4
2026-10-07T19:41:13.3494091Z [1m[92m  Downloaded[0m sysinfo v0.39.6
2026-10-07T19:41:13.3603351Z [1m[92m  Downloaded[0m num-conv v0.2.0
2026-10-07T19:41:13.3610561Z [1m[92m  Downloaded[0m phf_shared v0.11.3
2026-10-07T19:41:13.3618143Z [1m[92m  Downloaded[0m proc-macro2-diagnostics v0.10.1
2026-10-07T19:41:13.3632052Z [1m[92m  Downloaded[0m wayland-backend v0.3.15
2026-10-07T19:41:13.3664652Z [1m[92m  Downloaded[0m fixedbitset v0.5.7
2026-10-07T19:41:13.3680263Z [1m[92m  Downloaded[0m foreign-types-shared v0.1.1
2026-10-07T19:41:13.3686691Z [1m[92m  Downloaded[0m serde_spanned v0.6.9
2026-10-07T19:41:13.3694463Z [1m[92m  Downloaded[0m serde_spanned v1.0.3
2026-10-07T19:41:13.3703973Z [1m[92m  Downloaded[0m siphasher v0.3.11
2026-10-07T19:41:13.3714175Z [1m[92m  Downloaded[0m tracing v0.1.43
2026-10-07T19:41:13.3747158Z [1m[92m  Downloaded[0m rustix-openpty v0.2.0
2026-10-07T19:41:13.3756563Z [1m[92m  Downloaded[0m serde_repr v0.1.20
2026-10-07T19:41:13.3772364Z [1m[92m  Downloaded[0m taffy v0.13.0
2026-10-07T19:41:13.3827837Z [1m[92m  Downloaded[0m glib-macros v0.21.5
2026-10-07T19:41:13.3854127Z [1m[92m  Downloaded[0m presser v0.3.1
2026-10-07T19:41:13.3868292Z [1m[92m  Downloaded[0m lyon_tessellation v1.0.16
2026-10-07T19:41:13.3897272Z [1m[92m  Downloaded[0m oo7 v0.6.0
2026-10-07T19:41:13.3935641Z [1m[92m  Downloaded[0m strsim v0.11.1
2026-10-07T19:41:13.3946313Z [1m[92m  Downloaded[0m fnv v1.0.7
2026-10-07T19:41:13.3953264Z [1m[92m  Downloaded[0m num-derive v0.4.2
2026-10-07T19:41:13.3967467Z [1m[92m  Downloaded[0m rayon-core v1.13.0
2026-10-07T19:41:13.3997947Z [1m[92m  Downloaded[0m rust-embed-utils v8.11.0
2026-10-07T19:41:13.4004413Z [1m[92m  Downloaded[0m rusty-fork v0.3.1
2026-10-07T19:41:13.4017215Z [1m[92m  Downloaded[0m block-buffer v0.10.4
2026-10-07T19:41:13.4025248Z [1m[92m  Downloaded[0m num-integer v0.1.46
2026-10-07T19:41:13.4038553Z [1m[92m  Downloaded[0m open v5.3.2
2026-10-07T19:41:13.4050317Z [1m[92m  Downloaded[0m proc-macro-error3 v3.1.1
2026-10-07T19:41:13.4078853Z [1m[92m  Downloaded[0m ravif v0.13.0
2026-10-07T19:41:13.4088483Z [1m[92m  Downloaded[0m raw-window-handle v0.6.2
2026-10-07T19:41:13.4103518Z [1m[92m  Downloaded[0m markup5ever v0.39.0
2026-10-07T19:41:13.4113472Z [1m[92m  Downloaded[0m matchit v0.7.3
2026-10-07T19:41:13.4129120Z [1m[92m  Downloaded[0m minidumper v0.11.0
2026-10-07T19:41:13.4144044Z [1m[92m  Downloaded[0m paste v1.0.15
2026-10-07T19:41:13.4170341Z [1m[92m  Downloaded[0m polycool v0.4.0
2026-10-07T19:41:13.4184553Z [1m[92m  Downloaded[0m pulldown-cmark v0.10.3
2026-10-07T19:41:13.4225872Z [1m[92m  Downloaded[0m bitstream-io v4.9.0
2026-10-07T19:41:13.4248710Z [1m[92m  Downloaded[0m regex v1.12.3
2026-10-07T19:41:13.4293000Z [1m[92m  Downloaded[0m chacha20 v0.10.1
2026-10-07T19:41:13.4313747Z [1m[92m  Downloaded[0m tracing-subscriber v0.3.22
2026-10-07T19:41:13.4388084Z [1m[92m  Downloaded[0m wasm-metadata v0.201.0
2026-10-07T19:41:13.4394170Z [1m[92m  Downloaded[0m foldhash v0.2.0
2026-10-07T19:41:13.4404720Z [1m[92m  Downloaded[0m process-backend v0.1.0
2026-10-07T19:41:13.4414377Z [1m[92m  Downloaded[0m tower v0.4.13
2026-10-07T19:41:13.4500026Z [1m[92m  Downloaded[0m wasmtime-internal-component-util v48.0.1
2026-10-07T19:41:13.4505196Z [1m[92m  Downloaded[0m write16 v1.0.0
2026-10-07T19:41:13.4512507Z [1m[92m  Downloaded[0m postcard v1.1.3
2026-10-07T19:41:13.4531171Z [1m[92m  Downloaded[0m font-types v0.11.0
2026-10-07T19:41:13.4545576Z [1m[92m  Downloaded[0m serde_path_to_error v0.1.20
2026-10-07T19:41:13.4558664Z [1m[92m  Downloaded[0m wit-bindgen-rt v0.22.0
2026-10-07T19:41:13.4565493Z [1m[92m  Downloaded[0m chrono v0.4.42
2026-10-07T19:41:13.4620233Z [1m[92m  Downloaded[0m enumflags2_derive v0.7.12
2026-10-07T19:41:13.4627363Z [1m[92m  Downloaded[0m libbz2-rs-sys v0.2.2
2026-10-07T19:41:13.4642327Z [1m[92m  Downloaded[0m lyon_algorithms v1.0.16
2026-10-07T19:41:13.4656487Z [1m[92m  Downloaded[0m mio v0.8.11
2026-10-07T19:41:13.4704046Z [1m[92m  Downloaded[0m rand v0.4.6
2026-10-07T19:41:13.4731000Z [1m[92m  Downloaded[0m sea-orm-macros v1.1.10
2026-10-07T19:41:13.4756873Z [1m[92m  Downloaded[0m fluent-uri v0.4.1
2026-10-07T19:41:13.4779326Z [1m[92m  Downloaded[0m wayland-client v0.31.11
2026-10-07T19:41:13.4795284Z [1m[92m  Downloaded[0m wit-bindgen-core v0.22.0
2026-10-07T19:41:13.4803648Z [1m[92m  Downloaded[0m bytecheck_derive v0.6.12
2026-10-07T19:41:13.4822022Z [1m[92m  Downloaded[0m slotmap v1.0.7
2026-10-07T19:41:13.4826969Z [1m[92m  Downloaded[0m flume v0.11.1
2026-10-07T19:41:13.4855585Z [1m[92m  Downloaded[0m flume v0.12.0
2026-10-07T19:41:13.4883496Z [1m[92m  Downloaded[0m inotify-sys v0.1.5
2026-10-07T19:41:13.4890932Z [1m[92m  Downloaded[0m pulley-macros v48.0.1
2026-10-07T19:41:13.4896594Z [1m[92m  Downloaded[0m rend v0.4.2
2026-10-07T19:41:13.4912130Z [1m[92m  Downloaded[0m scoped-tls v1.0.1
2026-10-07T19:41:13.4916546Z [1m[92m  Downloaded[0m tower-http v0.6.11
2026-10-07T19:41:13.4993570Z [1m[92m  Downloaded[0m zbus_names v4.3.2
2026-10-07T19:41:13.5006639Z [1m[92m  Downloaded[0m event-listener v2.5.3
2026-10-07T19:41:13.5016512Z [1m[92m  Downloaded[0m fax_derive v0.2.0
2026-10-07T19:41:13.5021560Z [1m[92m  Downloaded[0m rle-decode-fast v1.0.3
2026-10-07T19:41:13.5034134Z [1m[92m  Downloaded[0m zune-core v0.5.1
2026-10-07T19:41:13.5052153Z [1m[92m  Downloaded[0m yazi v0.2.1
2026-10-07T19:41:13.5063219Z [1m[92m  Downloaded[0m zeroize v1.8.2
2026-10-07T19:41:13.5074007Z [1m[92m  Downloaded[0m cmake v0.1.56
2026-10-07T19:41:13.5085189Z [1m[92m  Downloaded[0m exr v1.74.0
2026-10-07T19:41:13.5159189Z [1m[92m  Downloaded[0m ff v0.12.1
2026-10-07T19:41:13.5170513Z [1m[92m  Downloaded[0m is_executable v1.0.5
2026-10-07T19:41:13.5181904Z [1m[92m  Downloaded[0m tower v0.5.2
2026-10-07T19:41:13.5266191Z [1m[92m  Downloaded[0m wasm-metadata v0.254.0
2026-10-07T19:41:13.5287064Z [1m[92m  Downloaded[0m bytecount v0.6.9
2026-10-07T19:41:13.5303658Z [1m[92m  Downloaded[0m cap-fs-ext v4.0.3
2026-10-07T19:41:13.5317036Z [1m[92m  Downloaded[0m compression-core v0.4.29
2026-10-07T19:41:13.5324428Z [1m[92m  Downloaded[0m envy v0.4.2
2026-10-07T19:41:13.5338049Z [1m[92m  Downloaded[0m fastrand v1.9.0
2026-10-07T19:41:13.5347941Z [1m[92m  Downloaded[0m quinn-udp v0.5.14
2026-10-07T19:41:13.5362456Z [1m[92m  Downloaded[0m try-lock v0.2.5
2026-10-07T19:41:13.5369924Z [1m[92m  Downloaded[0m unarray v0.1.4
2026-10-07T19:41:13.5380046Z [1m[92m  Downloaded[0m http-body v1.0.1
2026-10-07T19:41:13.5387810Z [1m[92m  Downloaded[0m http-range-header v0.3.1
2026-10-07T19:41:13.5396486Z [1m[92m  Downloaded[0m phf_generator v0.11.3
2026-10-07T19:41:13.5405746Z [1m[92m  Downloaded[0m rand_pcg v0.3.1
2026-10-07T19:41:13.5416791Z [1m[92m  Downloaded[0m signature v1.6.4
2026-10-07T19:41:13.5428249Z [1m[92m  Downloaded[0m strum v0.28.0
2026-10-07T19:41:13.5435642Z [1m[92m  Downloaded[0m sync_wrapper v0.1.2
2026-10-07T19:41:13.5442275Z [1m[92m  Downloaded[0m sync_wrapper v1.0.2
2026-10-07T19:41:13.5448735Z [1m[92m  Downloaded[0m simd_helpers v0.1.0
2026-10-07T19:41:13.5455354Z [1m[92m  Downloaded[0m thread_local v1.1.9
2026-10-07T19:41:13.5467785Z [1m[92m  Downloaded[0m fast-srgb8 v1.0.0
2026-10-07T19:41:13.5477529Z [1m[92m  Downloaded[0m xml5ever v0.39.0
2026-10-07T19:41:13.5497461Z [1m[92m  Downloaded[0m http-body v0.4.6
2026-10-07T19:41:13.5511625Z [1m[92m  Downloaded[0m sval_buffer v2.15.0
2026-10-07T19:41:13.5522188Z [1m[92m  Downloaded[0m wasmtime-internal-unwinder v48.0.1
2026-10-07T19:41:13.5535036Z [1m[92m  Downloaded[0m zstd v0.13.3
2026-10-07T19:41:13.5559655Z [1m[92m  Downloaded[0m camino v1.2.6
2026-10-07T19:41:13.5573104Z [1m[92m  Downloaded[0m fork v0.4.0
2026-10-07T19:41:13.5592213Z [1m[92m  Downloaded[0m target-lexicon v0.13.5
2026-10-07T19:41:13.5604715Z [1m[92m  Downloaded[0m web-time v1.1.0
2026-10-07T19:41:13.5618709Z [1m[92m  Downloaded[0m cargo_toml v0.21.0
2026-10-07T19:41:13.5629448Z [1m[92m  Downloaded[0m convert_case v0.10.0
2026-10-07T19:41:13.5643198Z [1m[92m  Downloaded[0m fax v0.2.6
2026-10-07T19:41:13.5655231Z [1m[92m  Downloaded[0m minimal-lexical v0.2.1
2026-10-07T19:41:13.5693031Z [1m[92m  Downloaded[0m thiserror-impl v2.0.17
2026-10-07T19:41:13.5707435Z [1m[92m  Downloaded[0m tree-sitter-embedded-template v0.23.2
2026-10-07T19:41:13.5717563Z [1m[92m  Downloaded[0m lru v0.16.4
2026-10-07T19:41:13.5727061Z [1m[92m  Downloaded[0m mio v1.2.0
2026-10-07T19:41:13.5776202Z [1m[92m  Downloaded[0m parking_lot_core v0.9.12
2026-10-07T19:41:13.5793528Z [1m[92m  Downloaded[0m process-reader v0.1.0
2026-10-07T19:41:13.5803757Z [1m[92m  Downloaded[0m rand v0.10.2
2026-10-07T19:41:13.5833900Z [1m[92m  Downloaded[0m zune-inflate v0.2.54
2026-10-07T19:41:13.5847918Z [1m[92m  Downloaded[0m built v0.8.0
2026-10-07T19:41:13.5862956Z [1m[92m  Downloaded[0m hyper-tls v0.5.0
2026-10-07T19:41:13.5873179Z [1m[92m  Downloaded[0m maybe-rayon v0.1.1
2026-10-07T19:41:13.5879802Z [1m[92m  Downloaded[0m thiserror v1.0.69
2026-10-07T19:41:13.5926500Z [1m[92m  Downloaded[0m thiserror v2.0.17
2026-10-07T19:41:13.5980326Z [1m[92m  Downloaded[0m whoami v1.6.1
2026-10-07T19:41:13.5996975Z [1m[92m  Downloaded[0m aws-sdk-kinesis v1.100.0
2026-10-07T19:41:13.6255795Z [1m[92m  Downloaded[0m bzip2 v0.6.1
2026-10-07T19:41:13.6269970Z [1m[92m  Downloaded[0m const-oid v0.9.6
2026-10-07T19:41:13.6285452Z [1m[92m  Downloaded[0m fontconfig-parser v0.5.8
2026-10-07T19:41:13.6332718Z [1m[92m  Downloaded[0m gimli v0.32.3
2026-10-07T19:41:13.6390114Z [1m[92m  Downloaded[0m heapless v0.9.2
2026-10-07T19:41:13.6431680Z [1m[92m  Downloaded[0m const-random v0.1.18
2026-10-07T19:41:13.6440681Z [1m[92m  Downloaded[0m hash32 v0.3.1
2026-10-07T19:41:13.6452537Z [1m[92m  Downloaded[0m etagere v0.2.15
2026-10-07T19:41:13.6463955Z [1m[92m  Downloaded[0m glob v0.3.3
2026-10-07T19:41:13.6476385Z [1m[92m  Downloaded[0m globset v0.4.17
2026-10-07T19:41:13.6488527Z [1m[92m  Downloaded[0m toml_parser v1.0.4
2026-10-07T19:41:13.6507328Z [1m[92m  Downloaded[0m mime_guess v2.0.5
2026-10-07T19:41:13.6521798Z [1m[92m  Downloaded[0m pbjson-types v0.9.0
2026-10-07T19:41:13.6537015Z [1m[92m  Downloaded[0m wasmtime-internal-wit-bindgen v48.0.1
2026-10-07T19:41:13.6547707Z [1m[92m  Downloaded[0m xkbcommon v0.8.0
2026-10-07T19:41:13.6565298Z [1m[92m  Downloaded[0m password-hash v0.4.2
2026-10-07T19:41:13.6579805Z [1m[92m  Downloaded[0m rkyv v0.7.45
2026-10-07T19:41:13.6649762Z [1m[92m  Downloaded[0m secrecy v0.10.3
2026-10-07T19:41:13.6657228Z [1m[92m  Downloaded[0m unsafe-libyaml v0.2.11
2026-10-07T19:41:13.6683476Z [1m[92m  Downloaded[0m zerocopy-derive v0.8.27
2026-10-07T19:41:13.6740637Z [1m[92m  Downloaded[0m unicode-ccc v0.4.0
2026-10-07T19:41:13.6748201Z [1m[92m  Downloaded[0m yaml-rust2 v0.8.1
2026-10-07T19:41:13.6982605Z [1m[92m  Downloaded[0m console v0.16.3
2026-10-07T19:41:13.6996314Z [1m[92m  Downloaded[0m num-format v0.4.4
2026-10-07T19:41:13.7026137Z [1m[92m  Downloaded[0m rand_distr v0.5.1
2026-10-07T19:41:13.7054815Z [1m[92m  Downloaded[0m similar v2.7.0
2026-10-07T19:41:13.7100970Z [1m[92m  Downloaded[0m html5ever v0.39.0
2026-10-07T19:41:13.7129234Z [1m[92m  Downloaded[0m hound v3.5.1
2026-10-07T19:41:13.7154763Z [1m[92m  Downloaded[0m pulldown-cmark v0.13.4
2026-10-07T19:41:13.7196451Z [1m[92m  Downloaded[0m qoi v0.4.1
2026-10-07T19:41:13.7220218Z [1m[92m  Downloaded[0m tracing-core v0.1.35
2026-10-07T19:41:13.7241920Z [1m[92m  Downloaded[0m const_format v0.2.35
2026-10-07T19:41:13.7281045Z [1m[92m  Downloaded[0m minidump-common v0.26.1
2026-10-07T19:41:13.7299326Z [1m[92m  Downloaded[0m runtimelib v1.4.0
2026-10-07T19:41:13.7314358Z [1m[92m  Downloaded[0m toml_edit v0.23.7
2026-10-07T19:41:13.7346685Z [1m[92m  Downloaded[0m time-macros v0.2.27
2026-10-07T19:41:13.7364599Z [1m[92m  Downloaded[0m constant_time_eq v0.1.5
2026-10-07T19:41:13.7372471Z [1m[92m  Downloaded[0m tree-sitter-go v0.25.0
2026-10-07T19:41:13.7405348Z [1m[92m  Downloaded[0m serde_with v3.22.0
2026-10-07T19:41:13.8025276Z [1m[92m  Downloaded[0m cbc v0.1.2
2026-10-07T19:41:13.8037314Z [1m[92m  Downloaded[0m euclid v0.22.14
2026-10-07T19:41:13.8064228Z [1m[92m  Downloaded[0m fastrand v2.3.0
2026-10-07T19:41:13.8074721Z [1m[92m  Downloaded[0m toml v0.9.8
2026-10-07T19:41:13.8111367Z [1m[92m  Downloaded[0m wasm-encoder v0.201.0
2026-10-07T19:41:13.8137509Z [1m[92m  Downloaded[0m byteorder v1.5.0
2026-10-07T19:41:13.8150309Z [1m[92m  Downloaded[0m strum v0.26.3
2026-10-07T19:41:13.8157293Z [1m[92m  Downloaded[0m utf8-chars v3.0.6
2026-10-07T19:41:13.8164864Z [1m[92m  Downloaded[0m xmlwriter v0.1.0
2026-10-07T19:41:13.8173227Z [1m[92m  Downloaded[0m const_format_proc_macros v0.2.34
2026-10-07T19:41:13.8192294Z [1m[92m  Downloaded[0m palette v0.7.6
2026-10-07T19:41:13.8290572Z [1m[92m  Downloaded[0m png v0.18.0
2026-10-07T19:41:13.8327938Z [1m[92m  Downloaded[0m time-core v0.1.8
2026-10-07T19:41:13.8337381Z [1m[92m  Downloaded[0m unicode-properties v0.1.3
2026-10-07T19:41:13.8352154Z [1m[92m  Downloaded[0m clap_complete_nushell v4.6.0
2026-10-07T19:41:13.8364614Z [1m[92m  Downloaded[0m sha2 v0.10.9
2026-10-07T19:41:13.8386567Z [1m[92m  Downloaded[0m is_terminal_polyfill v1.70.1
2026-10-07T19:41:13.8393302Z [1m[92m  Downloaded[0m maybe-owned v0.3.4
2026-10-07T19:41:13.8405397Z [1m[92m  Downloaded[0m unicode-normalization v0.1.25
2026-10-07T19:41:13.8434264Z [1m[92m  Downloaded[0m vscode_theme v0.2.0
2026-10-07T19:41:13.8444249Z [1m[92m  Downloaded[0m proc-macro-error-attr v1.0.4
2026-10-07T19:41:13.8452033Z [1m[92m  Downloaded[0m xkeysym v0.2.1
2026-10-07T19:41:13.8474641Z [1m[92m  Downloaded[0m compression-codecs v0.4.31
2026-10-07T19:41:13.8507146Z [1m[92m  Downloaded[0m jsonwebtoken v10.3.0
2026-10-07T19:41:13.8549881Z [1m[92m  Downloaded[0m pkcs8 v0.9.0
2026-10-07T19:41:13.8573696Z [1m[92m  Downloaded[0m strum_macros v0.28.0
2026-10-07T19:41:13.8593997Z [1m[92m  Downloaded[0m toml_edit v0.22.27
2026-10-07T19:41:13.8636406Z [1m[92m  Downloaded[0m tungstenite v0.20.1
2026-10-07T19:41:13.8663351Z [1m[92m  Downloaded[0m unicode-script v0.5.8
2026-10-07T19:41:13.8677902Z [1m[92m  Downloaded[0m wasmprinter v0.254.0
2026-10-07T19:41:13.8693259Z [1m[92m  Downloaded[0m image v0.25.10
2026-10-07T19:41:13.8769940Z [1m[92m  Downloaded[0m ordered-float v5.5.0
2026-10-07T19:41:13.8784323Z [1m[92m  Downloaded[0m wasmparser v0.201.0
2026-10-07T19:41:13.8840212Z [1m[92m  Downloaded[0m x11 v2.21.0
2026-10-07T19:41:13.8867341Z [1m[92m  Downloaded[0m bon-macros v3.8.2
2026-10-07T19:41:13.8927836Z [1m[92m  Downloaded[0m fraction v0.16.0
2026-10-07T19:41:13.8975219Z [1m[92m  Downloaded[0m piper v0.2.4
2026-10-07T19:41:13.8988904Z [1m[92m  Downloaded[0m include-flate v0.3.4
2026-10-07T19:41:13.8995889Z [1m[92m  Downloaded[0m io-extras v0.19.0
2026-10-07T19:41:13.9014362Z [1m[92m  Downloaded[0m bitvec v1.0.1
2026-10-07T19:41:13.9160530Z [1m[92m  Downloaded[0m imara-diff v0.2.0
2026-10-07T19:41:13.9197377Z [1m[92m  Downloaded[0m itertools v0.14.0
2026-10-07T19:41:13.9254853Z [1m[92m  Downloaded[0m pastey v0.1.1
2026-10-07T19:41:13.9268938Z [1m[92m  Downloaded[0m gif v0.14.2
2026-10-07T19:41:13.9282497Z [1m[92m  Downloaded[0m phf_codegen v0.13.1
2026-10-07T19:41:13.9290443Z [1m[92m  Downloaded[0m utf16_iter v1.0.5
2026-10-07T19:41:13.9298891Z [1m[92m  Downloaded[0m num-cmp v0.1.0
2026-10-07T19:41:13.9307361Z [1m[92m  Downloaded[0m partial-json-fixer v0.5.3
2026-10-07T19:41:13.9312256Z [1m[92m  Downloaded[0m bmrng v0.5.2
2026-10-07T19:41:13.9323359Z [1m[92m  Downloaded[0m headers-core v0.2.0
2026-10-07T19:41:13.9329426Z [1m[92m  Downloaded[0m logos-derive v0.15.1
2026-10-07T19:41:13.9337258Z [1m[92m  Downloaded[0m md-5 v0.10.6
2026-10-07T19:41:13.9349284Z [1m[92m  Downloaded[0m rtoolbox v0.0.3
2026-10-07T19:41:13.9359768Z [1m[92m  Downloaded[0m serde_fmt v1.0.3
2026-10-07T19:41:13.9367424Z [1m[92m  Downloaded[0m serde_urlencoded v0.7.1
2026-10-07T19:41:13.9380645Z [1m[92m  Downloaded[0m smol v2.0.2
2026-10-07T19:41:13.9416908Z [1m[92m  Downloaded[0m untrusted v0.7.1
2026-10-07T19:41:13.9426475Z [1m[92m  Downloaded[0m block-padding v0.3.3
2026-10-07T19:41:13.9432568Z [1m[92m  Downloaded[0m bon v3.8.2
2026-10-07T19:41:13.9498875Z [1m[92m  Downloaded[0m pbjson v0.9.0
2026-10-07T19:41:13.9504770Z [1m[92m  Downloaded[0m openssl v0.10.81
2026-10-07T19:41:13.9584715Z [1m[92m  Downloaded[0m smart-default v0.7.1
2026-10-07T19:41:13.9597673Z [1m[92m  Downloaded[0m zbus-lockstep v0.5.2
2026-10-07T19:41:13.9605855Z [1m[92m  Downloaded[0m zbus_xml v5.1.1
2026-10-07T19:41:13.9616491Z [1m[92m  Downloaded[0m openssl-macros v0.1.1
2026-10-07T19:41:13.9621800Z [1m[92m  Downloaded[0m tree-sitter-rust v0.24.2
2026-10-07T19:41:13.9707271Z [1m[92m  Downloaded[0m hyper-timeout v0.5.2
2026-10-07T19:41:13.9722416Z [1m[92m  Downloaded[0m ttf-parser v0.25.1
2026-10-07T19:41:13.9799020Z [1m[92m  Downloaded[0m ash v0.38.0+1.3.281
2026-10-07T19:41:13.9928081Z [1m[92m  Downloaded[0m cc v1.4.3
2026-10-07T19:41:13.9953022Z [1m[92m  Downloaded[0m httpdate v1.0.3
2026-10-07T19:41:13.9963142Z [1m[92m  Downloaded[0m bstr v1.12.1
2026-10-07T19:41:14.0027892Z [1m[92m  Downloaded[0m clap_lex v0.7.6
2026-10-07T19:41:14.0037249Z [1m[92m  Downloaded[0m gimli v0.33.0
2026-10-07T19:41:14.0100088Z [1m[92m  Downloaded[0m sea-query v0.32.7
2026-10-07T19:41:14.0189644Z [1m[92m  Downloaded[0m syn v1.0.109
2026-10-07T19:41:14.0267519Z [1m[92m  Downloaded[0m rtrb v0.3.2
2026-10-07T19:41:14.0280759Z [1m[92m  Downloaded[0m rustc-demangle v0.1.26
2026-10-07T19:41:14.0294782Z [1m[92m  Downloaded[0m toml_datetime v0.6.11
2026-10-07T19:41:14.0304087Z [1m[92m  Downloaded[0m serde_derive_internals v0.29.1
2026-10-07T19:41:14.0316217Z [1m[92m  Downloaded[0m tree-sitter-c v0.24.1
2026-10-07T19:41:14.0372681Z [1m[92m  Downloaded[0m wyz v0.5.1
2026-10-07T19:41:14.0382401Z [1m[92m  Downloaded[0m imgref v1.12.0
2026-10-07T19:41:14.0396164Z [1m[92m  Downloaded[0m hashbrown v0.12.3
2026-10-07T19:41:14.0427886Z [1m[92m  Downloaded[0m logos-derive v0.16.1
2026-10-07T19:41:14.0434985Z [1m[92m  Downloaded[0m loop9 v0.1.5
2026-10-07T19:41:14.0440809Z [1m[92m  Downloaded[0m miette-derive v7.6.0
2026-10-07T19:41:14.0453341Z [1m[92m  Downloaded[0m blocking v1.6.2
2026-10-07T19:41:14.0463113Z [1m[92m  Downloaded[0m getrandom v0.2.16
2026-10-07T19:41:14.0487135Z [1m[92m  Downloaded[0m glib-sys v0.21.5
2026-10-07T19:41:14.0505381Z [1m[92m  Downloaded[0m symphonia-format-riff v0.5.5
2026-10-07T19:41:14.0519176Z [1m[92m  Downloaded[0m thiserror-impl v1.0.69
2026-10-07T19:41:14.0528954Z [1m[92m  Downloaded[0m tracy-client-sys v0.27.0
2026-10-07T19:41:14.0609558Z [1m[92m  Downloaded[0m wgpu-core v29.0.4
2026-10-07T19:41:14.0687584Z [1m[92m  Downloaded[0m cap-std v4.0.3
2026-10-07T19:41:14.0712965Z [1m[92m  Downloaded[0m clap_derive v4.5.49
2026-10-07T19:41:14.0730711Z [1m[92m  Downloaded[0m httparse v1.10.1
2026-10-07T19:41:14.0751353Z [1m[92m  Downloaded[0m is-wsl v0.4.0
2026-10-07T19:41:14.0759514Z [1m[92m  Downloaded[0m wax v0.7.0
2026-10-07T19:41:14.0788838Z [1m[92m  Downloaded[0m fs2 v0.4.3
2026-10-07T19:41:14.0797834Z [1m[92m  Downloaded[0m scopeguard v1.2.0
2026-10-07T19:41:14.0807625Z [1m[92m  Downloaded[0m sea-bae v0.2.2
2026-10-07T19:41:14.0814894Z [1m[92m  Downloaded[0m rand_xorshift v0.4.0
2026-10-07T19:41:14.0823503Z [1m[92m  Downloaded[0m pkcs1 v0.7.5
2026-10-07T19:41:14.0842869Z [1m[92m  Downloaded[0m roxmltree v0.21.1
2026-10-07T19:41:14.0951698Z [1m[92m  Downloaded[0m micromap v0.3.0
2026-10-07T19:41:14.0993294Z [1m[92m  Downloaded[0m rand_pcg v0.10.2
2026-10-07T19:41:14.1005204Z [1m[92m  Downloaded[0m skrifa v0.40.0
2026-10-07T19:41:14.1079536Z [1m[92m  Downloaded[0m x11rb v0.13.2
2026-10-07T19:41:14.1147831Z [1m[92m  Downloaded[0m jsonschema-regex v0.51.0
2026-10-07T19:41:14.1154615Z [1m[92m  Downloaded[0m quick-xml v0.30.0
2026-10-07T19:41:14.1192692Z [1m[92m  Downloaded[0m toml_datetime v0.7.3
2026-10-07T19:41:14.1202977Z [1m[92m  Downloaded[0m num-complex v0.4.6
2026-10-07T19:41:14.1214819Z [1m[92m  Downloaded[0m serde_yaml v0.9.34+deprecated
2026-10-07T19:41:14.1242359Z [1m[92m  Downloaded[0m pretty_assertions v1.4.1
2026-10-07T19:41:14.1257090Z [1m[92m  Downloaded[0m memfd v0.6.5
2026-10-07T19:41:14.1269492Z [1m[92m  Downloaded[0m nested v0.1.1
2026-10-07T19:41:14.1277446Z [1m[92m  Downloaded[0m wgpu v29.0.4
2026-10-07T19:41:14.1397648Z [1m[92m  Downloaded[0m getrandom v0.3.4
2026-10-07T19:41:14.1427213Z [1m[92m  Downloaded[0m pem v3.0.6
2026-10-07T19:41:14.1438199Z [1m[92m  Downloaded[0m sha1_smol v1.0.1
2026-10-07T19:41:14.1448709Z [1m[92m  Downloaded[0m shell-words v1.1.0
2026-10-07T19:41:14.1456796Z [1m[92m  Downloaded[0m tiny-keccak v2.0.2
2026-10-07T19:41:14.1477478Z [1m[92m  Downloaded[0m wasm-bindgen-macro v0.2.120
2026-10-07T19:41:14.1484681Z [1m[92m  Downloaded[0m xcb v1.6.0
2026-10-07T19:41:14.1551633Z [1m[92m  Downloaded[0m getrandom v0.4.1
2026-10-07T19:41:14.1583229Z [1m[92m  Downloaded[0m ident_case v1.0.1
2026-10-07T19:41:14.1590153Z [1m[92m  Downloaded[0m ouroboros v0.18.5
2026-10-07T19:41:14.1597404Z [1m[92m  Downloaded[0m pbkdf2 v0.12.2
2026-10-07T19:41:14.1607539Z [1m[92m  Downloaded[0m xmlparser v0.13.6
2026-10-07T19:41:14.1627315Z [1m[92m  Downloaded[0m borrow-or-share v0.2.4
2026-10-07T19:41:14.1634255Z [1m[92m  Downloaded[0m fs-set-times v0.20.3
2026-10-07T19:41:14.1649987Z [1m[92m  Downloaded[0m logos-codegen v0.15.1
2026-10-07T19:41:14.1693498Z [1m[92m  Downloaded[0m referencing v0.51.0
2026-10-07T19:41:14.1731085Z [1m[92m  Downloaded[0m logos-codegen v0.16.1
2026-10-07T19:41:14.1774070Z [1m[92m  Downloaded[0m proc-macro-error v1.0.4
2026-10-07T19:41:14.1803961Z [1m[92m  Downloaded[0m strum_macros v0.27.2
2026-10-07T19:41:14.1823944Z [1m[92m  Downloaded[0m io-lifetimes v2.0.4
2026-10-07T19:41:14.1837873Z [1m[92m  Downloaded[0m icu_collator_data v2.3.0
2026-10-07T19:41:14.1900692Z [1m[92m  Downloaded[0m num-traits v0.2.19
2026-10-07T19:41:14.1922404Z [1m[92m  Downloaded[0m pbjson-build v0.9.0
2026-10-07T19:41:14.1932845Z [1m[92m  Downloaded[0m rustc-hash v1.1.0
2026-10-07T19:41:14.1940283Z [1m[92m  Downloaded[0m sdd v4.6.2
2026-10-07T19:41:14.1961691Z [1m[92m  Downloaded[0m shlex v1.3.0
2026-10-07T19:41:14.1972096Z [1m[92m  Downloaded[0m rand v0.8.6
2026-10-07T19:41:14.1999300Z [1m[92m  Downloaded[0m wasm-encoder v0.254.0
2026-10-07T19:41:14.2032100Z [1m[92m  Downloaded[0m colorchoice v1.0.4
2026-10-07T19:41:14.2040052Z [1m[92m  Downloaded[0m command-fds v0.3.2
2026-10-07T19:41:14.2052217Z [1m[92m  Downloaded[0m icu_locale_fallback_data v2.3.0
2026-10-07T19:41:14.2060565Z [1m[92m  Downloaded[0m rsa v0.9.10
2026-10-07T19:41:14.2104450Z [1m[92m  Downloaded[0m web_atoms v0.2.6
2026-10-07T19:41:14.2114425Z [1m[92m  Downloaded[0m xxhash-rust v0.8.15
2026-10-07T19:41:14.2128236Z [1m[92m  Downloaded[0m string_cache_codegen v0.6.1
2026-10-07T19:41:14.2134027Z [1m[92m  Downloaded[0m unicode-general-category v1.1.0
2026-10-07T19:41:14.2146441Z [1m[92m  Downloaded[0m yawc v0.4.2
2026-10-07T19:41:14.2173809Z [1m[92m  Downloaded[0m rustybuzz v0.20.1
2026-10-07T19:41:14.2253570Z [1m[92m  Downloaded[0m tree-sitter-json v0.24.8
2026-10-07T19:41:14.2265833Z [1m[92m  Downloaded[0m untrusted v0.9.0
2026-10-07T19:41:14.2279604Z [1m[92m  Downloaded[0m num v0.4.3
2026-10-07T19:41:14.2287830Z [1m[92m  Downloaded[0m precomputed-hash v0.1.1
2026-10-07T19:41:14.2293290Z [1m[92m  Downloaded[0m profiling v1.0.17
2026-10-07T19:41:14.2303063Z [1m[92m  Downloaded[0m sval_dynamic v2.15.0
2026-10-07T19:41:14.2310969Z [1m[92m  Downloaded[0m sval_serde v2.15.0
2026-10-07T19:41:14.2318995Z [1m[92m  Downloaded[0m tokio-stream v0.1.17
2026-10-07T19:41:14.2357442Z [1m[92m  Downloaded[0m bit-vec v0.8.0
2026-10-07T19:41:14.2370547Z [1m[92m  Downloaded[0m bumpalo v3.20.3
2026-10-07T19:41:14.2392393Z [1m[92m  Downloaded[0m guppy-workspace-hack v0.1.0
2026-10-07T19:41:14.2397381Z [1m[92m  Downloaded[0m hashbrown v0.14.5
2026-10-07T19:41:14.2436119Z [1m[92m  Downloaded[0m inventory v0.3.21
2026-10-07T19:41:14.2453739Z [1m[92m  Downloaded[0m num-bigint-dig v0.9.1
2026-10-07T19:41:14.2490870Z [1m[92m  Downloaded[0m tokio-tungstenite v0.20.1
2026-10-07T19:41:14.2507845Z [1m[92m  Downloaded[0m wit-bindgen-rust-macro v0.22.0
2026-10-07T19:41:14.2513990Z [1m[92m  Downloaded[0m itertools v0.13.0
2026-10-07T19:41:14.2569950Z [1m[92m  Downloaded[0m jsonschema-value v0.51.0
2026-10-07T19:41:14.2585693Z [1m[92m  Downloaded[0m no_std_io2 v0.9.4
2026-10-07T19:41:14.2601765Z [1m[92m  Downloaded[0m string_cache v0.9.0
2026-10-07T19:41:14.2614361Z [1m[92m  Downloaded[0m stringprep v0.1.5
2026-10-07T19:41:14.2626775Z [1m[92m  Downloaded[0m cfg-expr v0.20.9
2026-10-07T19:41:14.2650886Z [1m[92m  Downloaded[0m radium v0.7.0
2026-10-07T19:41:14.2659156Z [1m[92m  Downloaded[0m miette v7.6.0
2026-10-07T19:41:14.2696759Z [1m[92m  Downloaded[0m moka v0.12.11
2026-10-07T19:41:14.2775842Z [1m[92m  Downloaded[0m shellexpand v3.1.1
2026-10-07T19:41:14.2790192Z [1m[92m  Downloaded[0m typeid v1.0.3
2026-10-07T19:41:14.2800376Z [1m[92m  Downloaded[0m iana-time-zone v0.1.64
2026-10-07T19:41:14.2822373Z [1m[92m  Downloaded[0m itertools v0.10.5
2026-10-07T19:41:14.2873811Z [1m[92m  Downloaded[0m memmap2 v0.9.8
2026-10-07T19:41:14.2887962Z [1m[92m  Downloaded[0m vcpkg v0.2.15
2026-10-07T19:41:14.3346114Z [1m[92m  Downloaded[0m pgvector v0.4.1
2026-10-07T19:41:14.3367760Z [1m[92m  Downloaded[0m tree-sitter-css v0.23.2
2026-10-07T19:41:14.3386272Z [1m[92m  Downloaded[0m khronos-egl v6.0.0
2026-10-07T19:41:14.3401977Z [1m[92m  Downloaded[0m serde_json_lenient v0.2.4
2026-10-07T19:41:14.3437591Z [1m[92m  Downloaded[0m regalloc2 v0.15.2
2026-10-07T19:41:14.3475857Z [1m[92m  Downloaded[0m hashbrown v0.16.1
2026-10-07T19:41:14.3517659Z [1m[92m  Downloaded[0m random_choice v0.3.2
2026-10-07T19:41:14.3525927Z [1m[92m  Downloaded[0m rust_decimal v1.39.0
2026-10-07T19:41:14.3577607Z [1m[92m  Downloaded[0m generic-array v0.14.7
2026-10-07T19:41:14.3589016Z [1m[92m  Downloaded[0m regex-syntax v0.8.11
2026-10-07T19:41:14.3644195Z [1m[92m  Downloaded[0m nucleo-matcher v0.3.1
2026-10-07T19:41:14.3662552Z [1m[92m  Downloaded[0m clap_builder v4.5.49
2026-10-07T19:41:14.3714831Z [1m[92m  Downloaded[0m resvg v0.46.0
2026-10-07T19:41:14.3738724Z [1m[92m  Downloaded[0m tokio-macros v2.7.0
2026-10-07T19:41:14.3747818Z [1m[92m  Downloaded[0m unicode-segmentation v1.13.3
2026-10-07T19:41:14.3772194Z [1m[92m  Downloaded[0m wasmtime-internal-cranelift v48.0.1
2026-10-07T19:41:14.3826615Z [1m[92m  Downloaded[0m zed_extension_api v0.1.0
2026-10-07T19:41:14.3846203Z [1m[92m  Downloaded[0m zerocopy v0.8.27
2026-10-07T19:41:14.4058067Z [1m[92m  Downloaded[0m nom v7.1.3
2026-10-07T19:41:14.4102600Z [1m[92m  Downloaded[0m rustc_version v0.4.1
2026-10-07T19:41:14.4113298Z [1m[92m  Downloaded[0m unicode-bidi v0.3.18
2026-10-07T19:41:14.4133509Z [1m[92m  Downloaded[0m wit-bindgen-rust v0.22.0
2026-10-07T19:41:14.4144831Z [1m[92m  Downloaded[0m clap v4.5.49
2026-10-07T19:41:14.4227839Z [1m[92m  Downloaded[0m gethostname v1.1.0
2026-10-07T19:41:14.4236622Z [1m[92m  Downloaded[0m want v0.3.1
2026-10-07T19:41:14.4244062Z [1m[92m  Downloaded[0m wayland-sys v0.31.11
2026-10-07T19:41:14.4253834Z [1m[92m  Downloaded[0m zbus-lockstep-macros v0.5.2
2026-10-07T19:41:14.4260491Z [1m[92m  Downloaded[0m value-bag v1.12.0
2026-10-07T19:41:14.4283061Z [1m[92m  Downloaded[0m sec1 v0.3.0
2026-10-07T19:41:14.4296328Z [1m[92m  Downloaded[0m value-bag-sval2 v1.12.0
2026-10-07T19:41:14.4303095Z [1m[92m  Downloaded[0m ciborium-ll v0.2.2
2026-10-07T19:41:14.4311914Z [1m[92m  Downloaded[0m cargo-platform v0.1.9
2026-10-07T19:41:14.4322112Z [1m[92m  Downloaded[0m gpu-descriptor v0.3.2
2026-10-07T19:41:14.4329206Z [1m[92m  Downloaded[0m wit-parser v0.254.0
2026-10-07T19:41:14.4662143Z [1m[92m  Downloaded[0m yeslogic-fontconfig-sys v6.0.0
2026-10-07T19:41:14.4668793Z [1m[92m  Downloaded[0m errno v0.3.14
2026-10-07T19:41:14.4681410Z [1m[92m  Downloaded[0m link-cplusplus v1.0.12
2026-10-07T19:41:14.4691324Z [1m[92m  Downloaded[0m pin-utils v0.1.0
2026-10-07T19:41:14.4701083Z [1m[92m  Downloaded[0m pori v0.0.0
2026-10-07T19:41:14.4709281Z [1m[92m  Downloaded[0m quick-xml v0.41.0
2026-10-07T19:41:14.4757244Z [1m[92m  Downloaded[0m sqlx-macros v0.8.6
2026-10-07T19:41:14.4764434Z [1m[92m  Downloaded[0m terminal_size v0.4.3
2026-10-07T19:41:14.4775787Z [1m[92m  Downloaded[0m wayland-protocols-wlr v0.3.9
2026-10-07T19:41:14.4793452Z [1m[92m  Downloaded[0m peg v0.8.5
2026-10-07T19:41:14.4828979Z [1m[92m  Downloaded[0m hashlink v0.8.4
2026-10-07T19:41:14.4843050Z [1m[92m  Downloaded[0m unicode-linebreak v0.1.5
2026-10-07T19:41:14.4850589Z [1m[92m  Downloaded[0m find-msvc-tools v0.1.11
2026-10-07T19:41:14.4863870Z [1m[92m  Downloaded[0m gobject-sys v0.21.5
2026-10-07T19:41:14.4875667Z [1m[92m  Downloaded[0m rgb v0.8.52
2026-10-07T19:41:14.4896241Z [1m[92m  Downloaded[0m symphonia v0.5.5
2026-10-07T19:41:14.4905651Z [1m[92m  Downloaded[0m zbus_macros v5.13.2
2026-10-07T19:41:14.4918532Z [1m[92m  Downloaded[0m extended v0.1.0
2026-10-07T19:41:14.4924716Z [1m[92m  Downloaded[0m futures-lite v2.6.1
2026-10-07T19:41:14.4938507Z [1m[92m  Downloaded[0m nucleo v0.5.0
2026-10-07T19:41:14.4952888Z [1m[92m  Downloaded[0m prost v0.14.4
2026-10-07T19:41:14.4966807Z [1m[92m  Downloaded[0m wasm-bindgen v0.2.120
2026-10-07T19:41:14.4988090Z [1m[92m  Downloaded[0m litrs v1.0.0
2026-10-07T19:41:14.5012725Z [1m[92m  Downloaded[0m num_threads v0.1.7
2026-10-07T19:41:14.5021165Z [1m[92m  Downloaded[0m spin v0.9.8
2026-10-07T19:41:14.5040250Z [1m[92m  Downloaded[0m shlex v2.0.1
2026-10-07T19:41:14.5050954Z [1m[92m  Downloaded[0m spin v0.10.0
2026-10-07T19:41:14.5070331Z [1m[92m  Downloaded[0m bytes-utils v0.1.4
2026-10-07T19:41:14.5084217Z [1m[92m  Downloaded[0m env_filter v0.1.4
2026-10-07T19:41:14.5095567Z [1m[92m  Downloaded[0m gpu-allocator v0.28.0
2026-10-07T19:41:14.5118893Z [1m[92m  Downloaded[0m nbformat v1.2.0
2026-10-07T19:41:14.5155119Z [1m[92m  Downloaded[0m socket2 v0.6.5
2026-10-07T19:41:14.5169618Z [1m[92m  Downloaded[0m tokio-io v0.1.13
2026-10-07T19:41:14.5194103Z [1m[92m  Downloaded[0m bytes v0.4.12
2026-10-07T19:41:14.5219411Z [1m[92m  Downloaded[0m cipher v0.4.4
2026-10-07T19:41:14.5232137Z [1m[92m  Downloaded[0m hashlink v0.10.0
2026-10-07T19:41:14.5247823Z [1m[92m  Downloaded[0m lock_api v0.4.14
2026-10-07T19:41:14.5257657Z [1m[92m  Downloaded[0m rangemap v1.7.1
2026-10-07T19:41:14.5276386Z [1m[92m  Downloaded[0m wayland-protocols v0.32.9
2026-10-07T19:41:14.5343288Z [1m[92m  Downloaded[0m axum-core v0.3.4
2026-10-07T19:41:14.5360846Z [1m[92m  Downloaded[0m ref-cast-impl v1.0.25
2026-10-07T19:41:14.5368209Z [1m[92m  Downloaded[0m static_assertions v1.1.0
2026-10-07T19:41:14.5379970Z [1m[92m  Downloaded[0m toml v0.8.23
2026-10-07T19:41:14.5400236Z [1m[92m  Downloaded[0m unicode-vo v0.1.0
2026-10-07T19:41:14.5407949Z [1m[92m  Downloaded[0m futures-lite v1.13.0
2026-10-07T19:41:14.5420424Z [1m[92m  Downloaded[0m cargo-platform v0.3.2
2026-10-07T19:41:14.5430760Z [1m[92m  Downloaded[0m num_cpus v1.17.0
2026-10-07T19:41:14.5457608Z [1m[92m  Downloaded[0m quick-error v1.2.3
2026-10-07T19:41:14.5467393Z [1m[92m  Downloaded[0m rand v0.9.4
2026-10-07T19:41:14.5498398Z [1m[92m  Downloaded[0m wit-component v0.201.0
2026-10-07T19:41:14.5879708Z [1m[92m  Downloaded[0m quick-error v2.0.1
2026-10-07T19:41:14.5890069Z [1m[92m  Downloaded[0m svgtypes v0.16.1
2026-10-07T19:41:14.5910423Z [1m[92m  Downloaded[0m fearless_simd v0.4.1
2026-10-07T19:41:14.5965993Z [1m[92m  Downloaded[0m signal-hook v0.4.4
2026-10-07T19:41:14.5987468Z [1m[92m  Downloaded[0m inherent v1.0.13
2026-10-07T19:41:14.6002472Z [1m[92m  Downloaded[0m ref-cast v1.0.25
2026-10-07T19:41:14.6027667Z [1m[92m  Downloaded[0m stacksafe-macro v1.0.3
2026-10-07T19:41:14.6032746Z [1m[92m  Downloaded[0m wasmtime-internal-c-api-macros v48.0.1
2026-10-07T19:41:14.6038240Z [1m[92m  Downloaded[0m wayland-protocols-plasma v0.3.9
2026-10-07T19:41:14.6076740Z [1m[92m  Downloaded[0m pem-rfc7468 v0.7.0
2026-10-07T19:41:14.6091922Z [1m[92m  Downloaded[0m wit-parser v0.201.0
2026-10-07T19:41:14.6320935Z [1m[92m  Downloaded[0m guppy v0.18.0
2026-10-07T19:41:14.6374930Z [1m[92m  Downloaded[0m perf-event-open-sys2 v5.0.6
2026-10-07T19:41:14.6390717Z [1m[92m  Downloaded[0m strict-num v0.1.1
2026-10-07T19:41:14.6398559Z [1m[92m  Downloaded[0m warp v0.3.7
2026-10-07T19:41:14.6465782Z [1m[92m  Downloaded[0m base16ct v0.1.1
2026-10-07T19:41:14.6477196Z [1m[92m  Downloaded[0m cap-primitives v4.0.3
2026-10-07T19:41:14.6569699Z [1m[92m  Downloaded[0m ciborium-io v0.2.2
2026-10-07T19:41:14.6576128Z [1m[92m  Downloaded[0m event-listener-strategy v0.5.4
2026-10-07T19:41:14.6585577Z [1m[92m  Downloaded[0m fancy-regex v0.19.0
2026-10-07T19:41:14.6638427Z [1m[92m  Downloaded[0m filedescriptor v0.8.3
2026-10-07T19:41:14.6646654Z [1m[92m  Downloaded[0m gpu-descriptor-types v0.2.0
2026-10-07T19:41:14.6652457Z [1m[92m  Downloaded[0m parse_int v0.9.0
2026-10-07T19:41:14.6659564Z [1m[92m  Downloaded[0m pbkdf2 v0.11.0
2026-10-07T19:41:14.6679860Z [1m[92m  Downloaded[0m quinn v0.11.9
2026-10-07T19:41:14.6707456Z [1m[92m  Downloaded[0m rustls-webpki v0.103.13
2026-10-07T19:41:14.6732603Z [1m[92m  Downloaded[0m simplelog v0.12.2
2026-10-07T19:41:14.6748670Z [1m[92m  Downloaded[0m sqlx-core v0.8.6
2026-10-07T19:41:14.6814195Z [1m[92m  Downloaded[0m streaming-iterator v0.1.9
2026-10-07T19:41:14.6824425Z [1m[92m  Downloaded[0m svg_fmt v0.4.5
2026-10-07T19:41:14.6831844Z [1m[92m  Downloaded[0m tree-sitter-diff v0.1.0
2026-10-07T19:41:14.6844420Z [1m[92m  Downloaded[0m unicode-bidi-mirroring v0.4.0
2026-10-07T19:41:14.6851822Z [1m[92m  Downloaded[0m unicode_categories v0.1.1
2026-10-07T19:41:14.6867585Z [1m[92m  Downloaded[0m utf8parse v0.2.2
2026-10-07T19:41:14.6874421Z [1m[92m  Downloaded[0m version_check v0.9.5
2026-10-07T19:41:14.6885054Z [1m[92m  Downloaded[0m wayland-cursor v0.31.11
2026-10-07T19:41:14.6892316Z [1m[92m  Downloaded[0m wgpu-hal v29.0.4
2026-10-07T19:41:14.6985008Z [1m[92m  Downloaded[0m backtrace v0.3.76
2026-10-07T19:41:14.7026839Z [1m[92m  Downloaded[0m bit-vec v0.9.1
2026-10-07T19:41:14.7040688Z [1m[92m  Downloaded[0m bytemuck_derive v1.10.2
2026-10-07T19:41:14.7051835Z [1m[92m  Downloaded[0m cargo_metadata v0.23.1
2026-10-07T19:41:14.7067570Z [1m[92m  Downloaded[0m group v0.12.1
2026-10-07T19:41:14.7079876Z [1m[92m  Downloaded[0m inotify v0.11.0
2026-10-07T19:41:14.7095339Z [1m[92m  Downloaded[0m moxcms v0.8.1
2026-10-07T19:41:14.7178673Z [1m[92m  Downloaded[0m page_size v0.6.0
2026-10-07T19:41:14.7187461Z [1m[92m  Downloaded[0m perf-event-data v0.1.8
2026-10-07T19:41:14.7215066Z [1m[92m  Downloaded[0m phf v0.11.3
2026-10-07T19:41:14.7225643Z [1m[92m  Downloaded[0m powerfmt v0.2.0
2026-10-07T19:41:14.7235092Z [1m[92m  Downloaded[0m proptest-derive v0.8.0
2026-10-07T19:41:14.7280957Z [1m[92m  Downloaded[0m prost-build v0.14.4
2026-10-07T19:41:14.7311481Z [1m[92m  Downloaded[0m prost-types v0.14.4
2026-10-07T19:41:14.7325876Z [1m[92m  Downloaded[0m rand v0.3.23
2026-10-07T19:41:14.7335696Z [1m[92m  Downloaded[0m simple_asn1 v0.6.3
2026-10-07T19:41:14.7347265Z [1m[92m  Downloaded[0m toml v0.5.11
2026-10-07T19:41:14.7364380Z [1m[92m  Downloaded[0m tree-sitter-jsdoc v0.23.2
2026-10-07T19:41:14.7377284Z [1m[92m  Downloaded[0m bytecheck v0.6.12
2026-10-07T19:41:14.7385162Z [1m[92m  Downloaded[0m itertools v0.15.0
2026-10-07T19:41:14.7445210Z [1m[92m  Downloaded[0m nom v8.0.0
2026-10-07T19:41:14.7488735Z [1m[92m  Downloaded[0m openssl-sys v0.9.117
2026-10-07T19:41:14.7536079Z [1m[92m  Downloaded[0m option-ext v0.2.0
2026-10-07T19:41:14.7542910Z [1m[92m  Downloaded[0m phf_macros v0.11.3
2026-10-07T19:41:14.7550434Z [1m[92m  Downloaded[0m sharded-slab v0.1.7
2026-10-07T19:41:14.7577675Z [1m[92m  Downloaded[0m termcolor v1.4.1
2026-10-07T19:41:14.7588028Z [1m[92m  Downloaded[0m tiny-skia v0.11.4
2026-10-07T19:41:14.7698154Z [1m[92m  Downloaded[0m x11rb-protocol v0.13.2
2026-10-07T19:41:14.7799702Z [1m[92m  Downloaded[0m zed_extension_api v0.7.0
2026-10-07T19:41:14.7845528Z [1m[92m  Downloaded[0m bit-set v0.8.0
2026-10-07T19:41:14.7856553Z [1m[92m  Downloaded[0m hyper-util v0.1.17
2026-10-07T19:41:14.7903695Z [1m[92m  Downloaded[0m read-fonts v0.37.0
2026-10-07T19:41:14.8029250Z [1m[92m  Downloaded[0m simplecss v0.2.2
2026-10-07T19:41:14.8044553Z [1m[92m  Downloaded[0m bzip2-sys v0.1.13+1.0.8
2026-10-07T19:41:14.8132674Z [1m[92m  Downloaded[0m inotify v0.9.6
2026-10-07T19:41:14.8148502Z [1m[92m  Downloaded[0m zune-jpeg v0.5.15
2026-10-07T19:41:14.8177835Z [1m[92m  Downloaded[0m human_bytes v0.4.3
2026-10-07T19:41:14.8187837Z [1m[92m  Downloaded[0m profiling-procmacros v1.0.17
2026-10-07T19:41:14.8193415Z [1m[92m  Downloaded[0m tree-sitter-python v0.25.0
2026-10-07T19:41:14.8244424Z [1m[92m  Downloaded[0m portable-atomic v1.11.1
2026-10-07T19:41:14.8301006Z [1m[92m  Downloaded[0m logos v0.16.1
2026-10-07T19:41:14.8315987Z [1m[92m  Downloaded[0m ryu v1.0.23
2026-10-07T19:41:14.8343092Z [1m[92m  Downloaded[0m ryu-js v1.0.2
2026-10-07T19:41:14.8378735Z [1m[92m  Downloaded[0m saa v5.4.9
2026-10-07T19:41:14.8397546Z [1m[92m  Downloaded[0m sqlx v0.8.6
2026-10-07T19:41:14.8515264Z [1m[92m  Downloaded[0m unicode-width v0.2.2
2026-10-07T19:41:14.8560790Z [1m[92m  Downloaded[0m bytemuck v1.24.0
2026-10-07T19:41:14.8586998Z [1m[92m  Downloaded[0m goblin v0.9.3
2026-10-07T19:41:14.8637880Z [1m[92m  Downloaded[0m reqwest v0.12.24
2026-10-07T19:41:14.8683040Z [1m[92m  Downloaded[0m tiff v0.11.3
2026-10-07T19:41:14.8718654Z [1m[92m  Downloaded[0m tokio-native-tls v0.3.1
2026-10-07T19:41:14.8733179Z [1m[92m  Downloaded[0m tokio-socks v0.5.2
2026-10-07T19:41:14.8757273Z [1m[92m  Downloaded[0m wasmtime-c-api-impl v48.0.1
2026-10-07T19:41:14.8865394Z [1m[92m  Downloaded[0m zbus v5.13.2
2026-10-07T19:41:14.8941714Z [1m[92m  Downloaded[0m zeno v0.3.3
2026-10-07T19:41:14.8960644Z [1m[92m  Downloaded[0m zvariant_derive v5.11.0
2026-10-07T19:41:14.8972496Z [1m[92m  Downloaded[0m bit-set v0.9.1
2026-10-07T19:41:14.8984776Z [1m[92m  Downloaded[0m byteorder-lite v0.1.0
2026-10-07T19:41:14.8993805Z [1m[92m  Downloaded[0m env_logger v0.10.2
2026-10-07T19:41:14.9017665Z [1m[92m  Downloaded[0m env_logger v0.11.8
2026-10-07T19:41:14.9038365Z [1m[92m  Downloaded[0m errno v0.2.8
2026-10-07T19:41:14.9049186Z [1m[92m  Downloaded[0m font-types v0.10.0
2026-10-07T19:41:14.9063647Z [1m[92m  Downloaded[0m gaoya v0.2.0
2026-10-07T19:41:14.9082696Z [1m[92m  Downloaded[0m link-section v0.19.2
2026-10-07T19:41:14.9119853Z [1m[92m  Downloaded[0m octocrab v0.49.7
2026-10-07T19:41:14.9408213Z [1m[92m  Downloaded[0m phf_macros v0.13.1
2026-10-07T19:41:14.9417276Z [1m[92m  Downloaded[0m prost-reflect v0.16.5
2026-10-07T19:41:14.9549818Z [1m[92m  Downloaded[0m quick-xml v0.39.3
2026-10-07T19:41:14.9618263Z [1m[92m  Downloaded[0m wit-component v0.254.0
2026-10-07T19:41:15.0121035Z [1m[92m  Downloaded[0m zvariant v5.11.0
2026-10-07T19:41:15.0177823Z [1m[92m  Downloaded[0m circular-buffer v1.2.0
2026-10-07T19:41:15.0195248Z [1m[92m  Downloaded[0m failspot v0.2.0
2026-10-07T19:41:15.0203152Z [1m[92m  Downloaded[0m fs_extra v1.3.0
2026-10-07T19:41:15.0216545Z [1m[92m  Downloaded[0m futures-intrusive v0.5.0
2026-10-07T19:41:15.0252676Z [1m[92m  Downloaded[0m glow v0.17.0
2026-10-07T19:41:15.0291015Z [1m[92m  Downloaded[0m minidump-writer v0.13.0
2026-10-07T19:41:15.0355033Z [1m[92m  Downloaded[0m naga v29.0.4
2026-10-07T19:41:15.0525788Z [1m[92m  Downloaded[0m nix v0.30.1
2026-10-07T19:41:15.0620600Z [1m[92m  Downloaded[0m petgraph v0.8.3
2026-10-07T19:41:15.0790184Z [1m[92m  Downloaded[0m rustversion v1.0.22
2026-10-07T19:41:15.0813184Z [1m[92m  Downloaded[0m swash v0.2.6
2026-10-07T19:41:15.0874521Z [1m[92m  Downloaded[0m tokio-rustls v0.26.4
2026-10-07T19:41:15.0891935Z [1m[92m  Downloaded[0m value-bag-serde1 v1.12.0
2026-10-07T19:41:15.0898968Z [1m[92m  Downloaded[0m wasmtime-internal-component-macro v48.0.1
2026-10-07T19:41:15.1031366Z [1m[92m  Downloaded[0m webpki-roots v0.26.8
2026-10-07T19:41:15.1059267Z [1m[92m  Downloaded[0m filetime v0.2.29
2026-10-07T19:41:15.1073052Z [1m[92m  Downloaded[0m merman v0.8.0-alpha.5
2026-10-07T19:41:15.1153324Z [1m[92m  Downloaded[0m time v0.3.47
2026-10-07T19:41:15.1259974Z [1m[92m  Downloaded[0m tungstenite v0.21.0
2026-10-07T19:41:15.1287297Z [1m[92m  Downloaded[0m wasmtime-environ v48.0.1
2026-10-07T19:41:15.1356887Z [1m[92m  Downloaded[0m webpki-roots v1.0.8
2026-10-07T19:41:15.1382287Z [1m[92m  Downloaded[0m jupyter-protocol v1.4.0
2026-10-07T19:41:15.1395818Z [1m[92m  Downloaded[0m indoc v2.0.6
2026-10-07T19:41:15.1420703Z [1m[92m  Downloaded[0m tree-sitter-regex v0.24.3
2026-10-07T19:41:15.1435023Z [1m[92m  Downloaded[0m reqwest v0.11.27
2026-10-07T19:41:15.1494609Z [1m[92m  Downloaded[0m bytes v1.11.1
2026-10-07T19:41:15.1529428Z [1m[92m  Downloaded[0m enumn v0.1.14
2026-10-07T19:41:15.1539381Z [1m[92m  Downloaded[0m erased-serde v0.4.9
2026-10-07T19:41:15.1558892Z [1m[92m  Downloaded[0m object v0.37.3
2026-10-07T19:41:15.1647743Z [1m[92m  Downloaded[0m tungstenite v0.28.0
2026-10-07T19:41:15.1675924Z [1m[92m  Downloaded[0m version-compare v0.2.0
2026-10-07T19:41:15.1687259Z [1m[92m  Downloaded[0m bincode v1.3.3
2026-10-07T19:41:15.1705149Z [1m[92m  Downloaded[0m hdrhistogram v7.5.4
2026-10-07T19:41:15.1764157Z [1m[92m  Downloaded[0m object v0.39.1
2026-10-07T19:41:15.1856408Z [1m[92m  Downloaded[0m tree-sitter-bash v0.25.1
2026-10-07T19:41:15.1972741Z [1m[92m  Downloaded[0m harfrust v0.5.0
2026-10-07T19:41:15.2058191Z [1m[92m  Downloaded[0m jsonschema v0.51.0
2026-10-07T19:41:15.2213376Z [1m[92m  Downloaded[0m postage v0.5.0
2026-10-07T19:41:15.2288925Z [1m[92m  Downloaded[0m rustix v1.1.4
2026-10-07T19:41:15.3479777Z [1m[92m  Downloaded[0m unicode-width v0.1.14
2026-10-07T19:41:15.3522740Z [1m[92m  Downloaded[0m rust-embed v8.11.0
2026-10-07T19:41:15.3589895Z [1m[92m  Downloaded[0m seccompiler v0.5.0
2026-10-07T19:41:15.3619557Z [1m[92m  Downloaded[0m usvg v0.46.0
2026-10-07T19:41:15.3654645Z [1m[92m  Downloaded[0m imagesize v0.14.0
2026-10-07T19:41:15.3677224Z [1m[92m  Downloaded[0m ouroboros_macro v0.18.5
2026-10-07T19:41:15.3691583Z [1m[92m  Downloaded[0m range-map v0.2.0
2026-10-07T19:41:15.3699302Z [1m[92m  Downloaded[0m symphonia-core v0.5.5
2026-10-07T19:41:15.3727536Z [1m[92m  Downloaded[0m rmp v0.8.14
2026-10-07T19:41:15.3760166Z [1m[92m  Downloaded[0m zstd-sys v2.0.16+zstd.1.5.7
2026-10-07T19:41:15.3893426Z [1m[92m  Downloaded[0m headers v0.3.9
2026-10-07T19:41:15.3942300Z [1m[92m  Downloaded[0m protobuf v3.7.2
2026-10-07T19:41:15.4032315Z [1m[92m  Downloaded[0m handlebars v5.1.2
2026-10-07T19:41:15.4090754Z [1m[92m  Downloaded[0m libc v0.2.186
2026-10-07T19:41:15.4417423Z [1m[92m  Downloaded[0m jiff v0.2.15
2026-10-07T19:41:15.4539525Z [1m[92m  Downloaded[0m tree-sitter-elixir v0.3.4
2026-10-07T19:41:15.4675181Z [1m[92m  Downloaded[0m wayland-scanner v0.31.7
2026-10-07T19:41:15.4692623Z [1m[92m  Downloaded[0m granit-parser v1.0.0
2026-10-07T19:41:15.4749777Z [1m[92m  Downloaded[0m icu_collator v2.3.0
2026-10-07T19:41:15.4880514Z [1m[92m  Downloaded[0m by_address v1.2.1
2026-10-07T19:41:15.4887929Z [1m[92m  Downloaded[0m regex-automata v0.4.18
2026-10-07T19:41:15.5003458Z [1m[92m  Downloaded[0m uuid v1.18.1
2026-10-07T19:41:15.5027721Z [1m[92m  Downloaded[0m rustls v0.23.40
2026-10-07T19:41:15.5125291Z [1m[92m  Downloaded[0m aws-sdk-s3 v1.123.0
2026-10-07T19:41:15.5963515Z [1m[92m  Downloaded[0m pxfm v0.1.25
2026-10-07T19:41:15.6164647Z [1m[92m  Downloaded[0m linux-raw-sys v0.12.1
2026-10-07T19:41:15.6675813Z [1m[92m  Downloaded[0m wasmtime v48.0.1
2026-10-07T19:41:15.6910610Z [1m[92m  Downloaded[0m event-listener v5.4.1
2026-10-07T19:41:15.6927227Z [1m[92m  Downloaded[0m indexmap v1.9.3
2026-10-07T19:41:15.6953540Z [1m[92m  Downloaded[0m tokio v1.52.1
2026-10-07T19:41:15.7322154Z [1m[92m  Downloaded[0m ring v0.17.14
2026-10-07T19:41:15.7666410Z [1m[92m  Downloaded[0m roxmltree v0.20.0
2026-10-07T19:41:15.7772457Z [1m[92m  Downloaded[0m lmdb-master-sys v0.2.5
2026-10-07T19:41:15.7814125Z [1m[92m  Downloaded[0m merman-core v0.8.0-alpha.5
2026-10-07T19:41:15.7988871Z [1m[92m  Downloaded[0m simdutf8 v0.1.5
2026-10-07T19:41:15.8008082Z [1m[92m  Downloaded[0m libdbus-sys v0.2.6
2026-10-07T19:41:15.8260811Z [1m[92m  Downloaded[0m p256 v0.11.1
2026-10-07T19:41:15.8287639Z [1m[92m  Downloaded[0m logos v0.15.1
2026-10-07T19:41:15.8358048Z [1m[92m  Downloaded[0m mdbook v0.4.40
2026-10-07T19:41:15.8536437Z [1m[92m  Downloaded[0m lazy_static v1.5.0
2026-10-07T19:41:15.8551128Z [1m[92m  Downloaded[0m betlang v0.1.1
2026-10-07T19:41:15.8628542Z [1m[92m  Downloaded[0m regex-lite v0.1.8
2026-10-07T19:41:15.8651791Z [1m[92m  Downloaded[0m rav1e v0.8.1
2026-10-07T19:41:15.8922874Z [1m[92m  Downloaded[0m cosmic-text v0.19.0
2026-10-07T19:41:15.9180343Z [1m[92m  Downloaded[0m tree-sitter-ruby v0.23.1
2026-10-07T19:41:15.9341794Z [1m[92m  Downloaded[0m sea-orm v1.1.10
2026-10-07T19:41:15.9641986Z [1m[92m  Downloaded[0m freetype-sys v0.20.1
2026-10-07T19:41:16.0438558Z [1m[92m  Downloaded[0m merman-render v0.8.0-alpha.5
2026-10-07T19:41:16.0825287Z [1m[92m  Downloaded[0m cargo_metadata v0.19.2
2026-10-07T19:41:16.0840007Z [1m[92m  Downloaded[0m bigdecimal v0.4.8
2026-10-07T19:41:16.0878527Z [1m[92m  Downloaded[0m aws-lc-sys v0.42.0
2026-10-07T19:41:16.2978215Z [1m[92m  Downloaded[0m convert_case v0.11.0
2026-10-07T19:41:18.5219466Z [1m[92m   Compiling[0m unicode-ident v1.0.24
2026-10-07T19:41:18.5219980Z [1m[92m   Compiling[0m quote v1.0.47
2026-10-07T19:41:18.5220605Z [1m[92m   Compiling[0m proc-macro2 v1.0.107
2026-10-07T19:41:18.5221162Z [1m[92m   Compiling[0m serde_core v1.0.229
2026-10-07T19:41:18.5962398Z [1m[92m   Compiling[0m libc v0.2.186
2026-10-07T19:41:18.9162687Z [1m[92m   Compiling[0m serde v1.0.229
2026-10-07T19:41:19.1130783Z [1m[92m   Compiling[0m cfg-if v1.0.4
2026-10-07T19:41:19.1573759Z [1m[92m   Compiling[0m memchr v2.8.3
2026-10-07T19:41:20.0221491Z [1m[92m   Compiling[0m typeid v1.0.3
2026-10-07T19:41:20.1792829Z [1m[92m   Compiling[0m syn v2.0.117
2026-10-07T19:41:20.3542721Z [1m[92m   Compiling[0m syn v3.0.3
2026-10-07T19:41:20.8093299Z [1m[92m   Compiling[0m erased-serde v0.4.9
2026-10-07T19:41:21.4250848Z [1m[92m   Compiling[0m equivalent v1.0.2
2026-10-07T19:41:21.4702847Z [1m[92m   Compiling[0m jobserver v0.1.34
2026-10-07T19:41:21.7422761Z [1m[92m   Compiling[0m shlex v2.0.1
2026-10-07T19:41:21.8812775Z [1m[92m   Compiling[0m find-msvc-tools v0.1.11
2026-10-07T19:41:22.0612763Z [1m[92m   Compiling[0m cc v1.4.3
2026-10-07T19:41:22.1569522Z [1m[92m   Compiling[0m itoa v1.0.18
2026-10-07T19:41:22.2852675Z [1m[92m   Compiling[0m allocator-api2 v0.2.21
2026-10-07T19:41:22.5262671Z [1m[92m   Compiling[0m once_cell v1.21.4
2026-10-07T19:41:22.6804040Z [1m[92m   Compiling[0m pin-project-lite v0.2.16
2026-10-07T19:41:22.7328122Z [1m[92m   Compiling[0m autocfg v1.5.0
2026-10-07T19:41:23.0742886Z [1m[92m   Compiling[0m version_check v0.9.5
2026-10-07T19:41:23.2792538Z [1m[92m   Compiling[0m foldhash v0.2.0
2026-10-07T19:41:23.2892925Z [1m[92m   Compiling[0m futures-core v0.3.34
2026-10-07T19:41:23.3834030Z [1m[92m   Compiling[0m libm v0.2.16
2026-10-07T19:41:23.4083240Z [1m[92m   Compiling[0m bitflags v2.13.1
2026-10-07T19:41:23.5890460Z [1m[92m   Compiling[0m hashbrown v0.17.1
2026-10-07T19:41:24.0962730Z [1m[92m   Compiling[0m scopeguard v1.2.0
2026-10-07T19:41:24.1572941Z [1m[92m   Compiling[0m indexmap v2.14.0
2026-10-07T19:41:24.5213434Z [1m[92m   Compiling[0m pkg-config v0.3.32
2026-10-07T19:41:24.7748307Z [1m[92m   Compiling[0m futures-io v0.3.34
2026-10-07T19:41:24.8964172Z [1m[92m   Compiling[0m zmij v1.0.23
2026-10-07T19:41:24.9092344Z [1m[92m   Compiling[0m slab v0.4.11
2026-10-07T19:41:24.9995379Z [1m[92m   Compiling[0m subtle v2.6.1
2026-10-07T19:41:25.3401745Z [1m[92m   Compiling[0m linux-raw-sys v0.12.1
2026-10-07T19:41:25.5733053Z [1m[92m   Compiling[0m lock_api v0.4.14
2026-10-07T19:41:25.7852879Z [1m[92m   Compiling[0m fnv v1.0.7
2026-10-07T19:41:25.8464853Z [1m[92m   Compiling[0m futures-sink v0.3.34
2026-10-07T19:41:25.9042872Z [1m[92m   Compiling[0m typenum v1.19.0
2026-10-07T19:41:26.1292833Z [1m[92m   Compiling[0m generic-array v0.14.7
2026-10-07T19:41:26.4503062Z [1m[92m   Compiling[0m bytes v1.11.1
2026-10-07T19:41:27.1392982Z [1m[92m   Compiling[0m crypto-common v0.1.6
2026-10-07T19:41:27.2032703Z [1m[92m   Compiling[0m anyhow v1.0.104
2026-10-07T19:41:27.4282960Z [1m[92m   Compiling[0m num-traits v0.2.19
2026-10-07T19:41:27.5963184Z [1m[92m   Compiling[0m block-buffer v0.10.4
2026-10-07T19:41:27.7532827Z [1m[92m   Compiling[0m futures-channel v0.3.34
2026-10-07T19:41:27.9212538Z [1m[92m   Compiling[0m fastrand v2.3.0
2026-10-07T19:41:28.0909366Z [1m[92m   Compiling[0m futures-task v0.3.34
2026-10-07T19:41:28.2088699Z [1m[92m   Compiling[0m regex-syntax v0.8.11
2026-10-07T19:41:28.2313360Z [1m[92m   Compiling[0m parking_lot_core v0.9.12
2026-10-07T19:41:28.4052724Z [1m[92m   Compiling[0m crossbeam-utils v0.8.21
2026-10-07T19:41:28.9492733Z [1m[92m   Compiling[0m zerocopy v0.8.27
2026-10-07T19:41:29.1962786Z [1m[92m   Compiling[0m aho-corasick v1.1.3
2026-10-07T19:41:30.0812606Z [1m[92m   Compiling[0m regex-automata v0.4.18
2026-10-07T19:41:30.5061979Z [1m[92m   Compiling[0m synstructure v0.13.2
2026-10-07T19:41:31.0322808Z [1m[92m   Compiling[0m serde_json v1.0.151
2026-10-07T19:41:33.5062812Z [1m[92m   Compiling[0m cpufeatures v0.2.17
2026-10-07T19:41:33.5512732Z [1m[92m   Compiling[0m thiserror v2.0.17
2026-10-07T19:41:33.7472712Z [1m[92m   Compiling[0m rustix v1.1.4
2026-10-07T19:41:35.0582751Z [1m[92m   Compiling[0m getrandom v0.3.4
2026-10-07T19:41:35.2372787Z [1m[92m   Compiling[0m const-oid v0.9.6
2026-10-07T19:41:35.5382588Z [1m[92m   Compiling[0m heck v0.5.0
2026-10-07T19:41:35.6992905Z [1m[92m   Compiling[0m percent-encoding v2.3.2
2026-10-07T19:41:35.8362577Z [1m[92m   Compiling[0m signal-hook-registry v1.4.6
2026-10-07T19:41:36.0557160Z [1m[92m   Compiling[0m digest v0.10.7
2026-10-07T19:41:36.1903385Z [1m[92m   Compiling[0m tracing-core v0.1.35
2026-10-07T19:41:36.6022698Z [1m[92m   Compiling[0m utf8_iter v1.0.4
2026-10-07T19:41:36.6943468Z [1m[92m   Compiling[0m icu_properties_data v2.3.0
2026-10-07T19:41:36.7906859Z [1m[92m   Compiling[0m icu_normalizer_data v2.3.0
2026-10-07T19:41:36.9402692Z [1m[92m   Compiling[0m crc32fast v1.5.0
2026-10-07T19:41:37.2416120Z [1m[92m   Compiling[0m form_urlencoded v1.2.2
2026-10-07T19:41:37.4812667Z [1m[92m   Compiling[0m regex v1.12.3
2026-10-07T19:41:37.8172732Z [1m[92m   Compiling[0m dunce v1.0.5
2026-10-07T19:41:37.8652642Z [1m[92m   Compiling[0m atomic-waker v1.1.2
2026-10-07T19:41:37.9752618Z [1m[92m   Compiling[0m ryu v1.0.23
2026-10-07T19:41:38.1110134Z [1m[92m   Compiling[0m http v1.3.1
2026-10-07T19:41:38.8232902Z [1m[92m   Compiling[0m stable_deref_trait v1.2.1
2026-10-07T19:41:38.8742697Z [1m[92m   Compiling[0m parking v2.2.1
2026-10-07T19:41:38.9795092Z [1m[92m   Compiling[0m sha2 v0.10.9
2026-10-07T19:41:39.2512837Z [1m[92m   Compiling[0m simd-adler32 v0.3.7
2026-10-07T19:41:39.4012917Z [1m[92m   Compiling[0m concurrent-queue v2.5.0
2026-10-07T19:41:39.5312472Z [1m[92m   Compiling[0m adler2 v2.0.1
2026-10-07T19:41:39.6082905Z [1m[92m   Compiling[0m miniz_oxide v0.8.9
2026-10-07T19:41:41.1022746Z [1m[92m   Compiling[0m http-body v1.0.1
2026-10-07T19:41:41.1892867Z [1m[92m   Compiling[0m rustc-hash v2.1.1
2026-10-07T19:41:41.2536815Z [1m[92m   Compiling[0m writeable v0.6.4
2026-10-07T19:41:41.4914700Z [1m[92m   Compiling[0m litemap v0.8.0
2026-10-07T19:41:41.5042573Z [1m[92m   Compiling[0m event-listener v5.4.1
2026-10-07T19:41:41.6392612Z [1m[92m   Compiling[0m utf16_iter v1.0.5
2026-10-07T19:41:41.6812779Z [1m[92m   Compiling[0m write16 v1.0.0
2026-10-07T19:41:41.7132677Z [1m[92m   Compiling[0m flate2 v1.1.8
2026-10-07T19:41:41.7287969Z [1m[92m   Compiling[0m base64 v0.22.1
2026-10-07T19:41:41.9983142Z [1m[92m   Compiling[0m semver v1.0.28
2026-10-07T19:41:42.0503228Z [1m[92m   Compiling[0m futures-lite v2.6.1
2026-10-07T19:41:42.2806421Z [1m[92m   Compiling[0m async-task v4.7.1 (https://github.com/smol-rs/async-task.git?rev=b4486cd71e4e94fbda54ce6302444de14f4d190e#b4486cd7)
2026-10-07T19:41:42.5073345Z [1m[92m   Compiling[0m event-listener-strategy v0.5.4
2026-10-07T19:41:42.7042727Z [1m[92m   Compiling[0m async-channel v2.5.0
2026-10-07T19:41:42.7423121Z [1m[92m   Compiling[0m zstd-sys v2.0.16+zstd.1.5.7
2026-10-07T19:41:42.8416302Z [1m[92m   Compiling[0m hashbrown v0.16.1
2026-10-07T19:41:42.9932777Z [1m[92m   Compiling[0m sha1_smol v1.0.1
2026-10-07T19:41:43.6052720Z [1m[92m   Compiling[0m rand_core v0.9.3
2026-10-07T19:41:43.7472903Z [1m[92m   Compiling[0m async-io v2.6.0
2026-10-07T19:41:43.8392424Z [1m[92m   Compiling[0m getrandom v0.2.16
2026-10-07T19:41:43.9707374Z [1m[92m   Compiling[0m unicode-segmentation v1.13.3
2026-10-07T19:41:44.3251945Z [1m[92m   Compiling[0m same-file v1.0.6
2026-10-07T19:41:44.4222628Z [1m[92m   Compiling[0m walkdir v2.5.0
2026-10-07T19:41:44.6082752Z [1m[92m   Compiling[0m ref-cast v1.0.25
2026-10-07T19:41:44.7971803Z [1m[92m   Compiling[0m unicase v2.8.1
2026-10-07T19:41:44.9562910Z [1m[92m   Compiling[0m piper v0.2.4
2026-10-07T19:41:45.0595874Z [1m[92m   Compiling[0m iana-time-zone v0.1.64
2026-10-07T19:41:45.1749248Z [1m[92m   Compiling[0m cfg_aliases v0.2.1
2026-10-07T19:41:45.2051667Z [1m[92m   Compiling[0m polling v3.11.0
2026-10-07T19:41:45.3597881Z [1m[92m   Compiling[0m getrandom v0.4.1
2026-10-07T19:41:45.4798160Z [1m[92m   Compiling[0m rand_core v0.10.1
2026-10-07T19:41:45.5858495Z [1m[92m   Compiling[0m blocking v1.6.2
2026-10-07T19:41:45.7652782Z [1m[92m   Compiling[0m async-lock v3.4.2
2026-10-07T19:41:46.0718387Z [1m[92m   Compiling[0m serde_derive_internals v0.29.1
2026-10-07T19:41:46.4495430Z [1m[92m   Compiling[0m serde_derive v1.0.229
2026-10-07T19:41:46.4925183Z [1m[92m   Compiling[0m futures-macro v0.3.34
2026-10-07T19:41:46.7613035Z [1m[92m   Compiling[0m zerocopy-derive v0.8.27
2026-10-07T19:41:47.0229052Z [1m[92m   Compiling[0m futures-util v0.3.34
2026-10-07T19:41:48.8006346Z [1m[92m   Compiling[0m zerofrom-derive v0.1.6
2026-10-07T19:41:49.0382874Z [1m[92m   Compiling[0m thiserror-impl v2.0.17
2026-10-07T19:41:49.1170859Z [1m[92m   Compiling[0m serde_fmt v1.0.3
2026-10-07T19:41:49.2153626Z [1m[92m   Compiling[0m value-bag-serde1 v1.12.0
2026-10-07T19:41:49.2574904Z [1m[92m   Compiling[0m value-bag v1.12.0
2026-10-07T19:41:49.4673167Z [1m[92m   Compiling[0m smallvec v1.16.1
2026-10-07T19:41:49.5992738Z [1m[92m   Compiling[0m log v0.4.29
2026-10-07T19:41:49.6462743Z [1m[92m   Compiling[0m either v1.15.0
2026-10-07T19:41:49.8762730Z [1m[92m   Compiling[0m yoke-derive v0.8.2
2026-10-07T19:41:49.9863660Z [1m[92m   Compiling[0m zerovec-derive v0.11.5
2026-10-07T19:41:49.9866068Z [1m[92m   Compiling[0m displaydoc v0.2.5
2026-10-07T19:41:50.4662824Z [1m[92m   Compiling[0m parking_lot v0.12.5
2026-10-07T19:41:50.5782844Z [1m[92m   Compiling[0m tracing-attributes v0.1.31
2026-10-07T19:41:50.7360133Z [1m[92m   Compiling[0m ppv-lite86 v0.2.21
2026-10-07T19:41:50.7542894Z [1m[92m   Compiling[0m zerofrom v0.1.6
2026-10-07T19:41:50.8202796Z [1m[92m   Compiling[0m yoke v0.8.3
2026-10-07T19:41:50.9463198Z [1m[92m   Compiling[0m zerovec v0.11.8
2026-10-07T19:41:51.0052926Z [1m[92m   Compiling[0m zerotrie v0.2.5
2026-10-07T19:41:51.4722835Z [1m[92m   Compiling[0m futures-executor v0.3.34
2026-10-07T19:41:51.5082853Z [1m[92m   Compiling[0m tracing v0.1.43
2026-10-07T19:41:51.6502802Z [1m[92m   Compiling[0m itertools v0.14.0
2026-10-07T19:41:51.7120596Z [1m[92m   Compiling[0m tinystr v0.8.4
2026-10-07T19:41:51.7242798Z [1m[92m   Compiling[0m potential_utf v0.1.3
2026-10-07T19:41:51.8373009Z [1m[92m   Compiling[0m icu_locale_core v2.3.0
2026-10-07T19:41:51.8583005Z [1m[92m   Compiling[0m icu_collections v2.3.0
2026-10-07T19:41:52.2372411Z [1m[92m   Compiling[0m futures v0.3.34
2026-10-07T19:41:52.2695003Z [1m[92m   Compiling[0m uuid v1.18.1
2026-10-07T19:41:52.5335770Z [1m[92m   Compiling[0m serde_urlencoded v0.7.1
2026-10-07T19:41:52.6772799Z [1m[92m   Compiling[0m icu_provider v2.3.0
2026-10-07T19:41:52.7692974Z [1m[92m   Compiling[0m rand_chacha v0.9.0
2026-10-07T19:41:53.0271865Z [1m[92m   Compiling[0m icu_normalizer v2.3.0
2026-10-07T19:41:53.0444729Z [1m[92m   Compiling[0m icu_properties v2.3.0
2026-10-07T19:41:53.0724702Z [1m[92m   Compiling[0m rand v0.9.4
2026-10-07T19:41:53.5610298Z [1m[92m   Compiling[0m gpui_util v0.1.0 (/home/runner/work/koda/koda/crates/gpui_util)
2026-10-07T19:41:53.5748244Z [1m[92m   Compiling[0m ref-cast-impl v1.0.25
2026-10-07T19:41:53.7173377Z [1m[92m   Compiling[0m chrono v0.4.42
2026-10-07T19:41:53.9176103Z [1m[92m   Compiling[0m idna_adapter v1.2.1
2026-10-07T19:41:53.9803222Z [1m[92m   Compiling[0m idna v1.1.0
2026-10-07T19:41:54.0852991Z [1m[92m   Compiling[0m pin-project-internal v1.1.10
2026-10-07T19:41:54.3942825Z [1m[92m   Compiling[0m url v2.5.7
2026-10-07T19:41:54.8120608Z [1m[92m   Compiling[0m schemars_derive v1.0.4
2026-10-07T19:41:54.8499393Z [1m[92m   Compiling[0m pin-project v1.1.10
2026-10-07T19:41:54.9563276Z [1m[92m   Compiling[0m dyn-clone v1.0.20
2026-10-07T19:41:55.0367208Z [1m[92m   Compiling[0m memoffset v0.9.1
2026-10-07T19:41:55.1546194Z [1m[92m   Compiling[0m async-executor v1.13.3
2026-10-07T19:41:55.4301936Z [1m[92m   Compiling[0m tempfile v3.27.0
2026-10-07T19:41:55.4612759Z [1m[92m   Compiling[0m arrayvec v0.7.6
2026-10-07T19:41:55.6112739Z [1m[92m   Compiling[0m winnow v0.7.13
2026-10-07T19:41:55.6909760Z [1m[92m   Compiling[0m collections v0.1.0 (/home/runner/work/koda/koda/crates/collections)
2026-10-07T19:41:55.7378321Z [1m[92m   Compiling[0m siphasher v1.0.1
2026-10-07T19:41:55.8286733Z [1m[92m   Compiling[0m option-ext v0.2.0
2026-10-07T19:41:55.8632739Z [1m[92m   Compiling[0m libbz2-rs-sys v0.2.2
2026-10-07T19:41:55.8873208Z [1m[92m   Compiling[0m byteorder v1.5.0
2026-10-07T19:41:56.0482532Z [1m[92m   Compiling[0m dirs-sys v0.5.0
2026-10-07T19:41:56.2072746Z [1m[92m   Compiling[0m bzip2 v0.6.1
2026-10-07T19:41:56.3522841Z [1m[92m   Compiling[0m async-signal v0.2.13
2026-10-07T19:41:56.3626087Z [1m[92m   Compiling[0m spin v0.9.8
2026-10-07T19:41:56.4594687Z [1m[92m   Compiling[0m no_std_io2 v0.9.4
2026-10-07T19:41:56.4877070Z [1m[92m   Compiling[0m compression-core v0.4.29
2026-10-07T19:41:56.4976876Z [1m[92m   Compiling[0m rayon-core v1.13.0
2026-10-07T19:41:56.5463271Z [1m[92m   Compiling[0m deflate64 v0.1.10
2026-10-07T19:41:56.5727035Z [1m[92m   Compiling[0m strsim v0.11.1
2026-10-07T19:41:56.7292445Z [1m[92m   Compiling[0m rle-decode-fast v1.0.3
2026-10-07T19:41:56.7710601Z [1m[92m   Compiling[0m compression-codecs v0.4.31
2026-10-07T19:41:56.7983298Z [1m[92m   Compiling[0m async-process v2.5.0 (https://github.com/zed-industries/async-process.git?rev=0b6d6713570af61806e1e5cb40e0f757cb93fd9d#0b6d6713)
2026-10-07T19:41:56.8903111Z [1m[92m   Compiling[0m dirs v6.0.0
2026-10-07T19:41:56.9442705Z [1m[92m   Compiling[0m zstd-safe v7.3.0
2026-10-07T19:41:56.9613380Z [1m[92m   Compiling[0m async-compression v0.4.32
2026-10-07T19:41:57.0348568Z [1m[92m   Compiling[0m perf v0.1.0 (/home/runner/work/koda/koda/tooling/perf)
2026-10-07T19:41:57.1819898Z [1m[92m   Compiling[0m thiserror v1.0.69
2026-10-07T19:41:57.1937874Z [1m[92m   Compiling[0m unicode-xid v0.2.6
2026-10-07T19:41:57.2673150Z [1m[92m   Compiling[0m adler32 v1.2.0
2026-10-07T19:41:57.3096024Z [1m[92m   Compiling[0m dary_heap v0.3.9
2026-10-07T19:41:57.3269399Z [1m[92m   Compiling[0m util_macros v0.1.0 (/home/runner/work/koda/koda/crates/util_macros)
2026-10-07T19:41:57.3773124Z [1m[92m   Compiling[0m thiserror-impl v1.0.69
2026-10-07T19:41:57.8610204Z [1m[92m   Compiling[0m libflate_lz77 v2.3.0
2026-10-07T19:41:57.9818310Z [1m[92m   Compiling[0m which v8.0.5
2026-10-07T19:41:58.1693240Z [1m[92m   Compiling[0m pin-utils v0.1.0
2026-10-07T19:41:58.2123944Z [1m[92m   Compiling[0m libflate v2.3.1
2026-10-07T19:41:58.2520361Z [1m[92m   Compiling[0m schemars v1.0.4
2026-10-07T19:41:58.7984361Z [1m[92m   Compiling[0m proc-macro-error-attr3 v3.1.1
2026-10-07T19:41:59.0458669Z [1m[92m   Compiling[0m serde_json_lenient v0.2.4
2026-10-07T19:41:59.1620034Z [1m[92m   Compiling[0m proc-macro-error3 v3.1.1
2026-10-07T19:41:59.2332829Z [1m[92m   Compiling[0m zstd v0.13.3
2026-10-07T19:41:59.2522560Z [1m[92m   Compiling[0m async-fs v2.2.0
2026-10-07T19:41:59.3886962Z [1m[92m   Compiling[0m include-flate-compress v0.3.4
2026-10-07T19:41:59.4502695Z [1m[92m   Compiling[0m rand_core v0.6.4
2026-10-07T19:41:59.4789481Z [1m[92m   Compiling[0m bstr v1.12.1
2026-10-07T19:41:59.5633002Z [1m[92m   Compiling[0m include-flate-codegen v0.3.4
2026-10-07T19:41:59.6272772Z [1m[92m   Compiling[0m convert_case v0.10.0
2026-10-07T19:41:59.8503268Z [1m[92m   Compiling[0m globset v0.4.17
2026-10-07T19:41:59.8851774Z [1m[92m   Compiling[0m anstyle v1.0.13
2026-10-07T19:41:59.9814379Z [1m[92m   Compiling[0m derive_more-impl v2.1.1
2026-10-07T19:42:00.0623335Z [1m[92m   Compiling[0m path v0.1.0 (/home/runner/work/koda/koda/crates/path)
2026-10-07T19:42:00.3532904Z [1m[92m   Compiling[0m rust-embed-utils v8.11.0
2026-10-07T19:42:00.4092701Z [1m[92m   Compiling[0m strum_macros v0.28.0
2026-10-07T19:42:01.0402888Z [1m[92m   Compiling[0m rust-embed-impl v8.11.0
2026-10-07T19:42:01.5653900Z [1m[92m   Compiling[0m lazy_static v1.5.0
2026-10-07T19:42:01.6112262Z [1m[92m   Compiling[0m crossbeam-epoch v0.9.18
2026-10-07T19:42:01.9633249Z [1m[92m   Compiling[0m strum v0.28.0
2026-10-07T19:42:02.0334590Z [1m[92m   Compiling[0m nix v0.30.1
2026-10-07T19:42:02.0802772Z [1m[92m   Compiling[0m clap_lex v0.7.6
2026-10-07T19:42:02.2792353Z [1m[92m   Compiling[0m crossbeam-deque v0.8.6
2026-10-07T19:42:02.3582736Z [1m[92m   Compiling[0m async-net v2.0.0
2026-10-07T19:42:02.4031094Z [1m[92m   Compiling[0m bytemuck_derive v1.10.2
2026-10-07T19:42:02.4228245Z [1m[92m   Compiling[0m derive_more v2.1.1
2026-10-07T19:42:02.5102707Z [1m[92m   Compiling[0m shlex v1.3.0
2026-10-07T19:42:02.7228729Z [1m[92m   Compiling[0m smol v2.0.2
2026-10-07T19:42:02.7522894Z [1m[92m   Compiling[0m async_zip v0.0.18
2026-10-07T19:42:02.9122791Z [1m[92m   Compiling[0m filetime v0.2.29
2026-10-07T19:42:03.0484723Z [1m[92m   Compiling[0m include-flate v0.3.4
2026-10-07T19:42:03.3608796Z [1m[92m   Compiling[0m bytemuck v1.24.0
2026-10-07T19:42:03.3993332Z [1m[92m   Compiling[0m rust-embed v8.11.0
2026-10-07T19:42:03.4602880Z [1m[92m   Compiling[0m toml_parser v1.0.4
2026-10-07T19:42:03.5802650Z [1m[92m   Compiling[0m toml_datetime v0.7.3
2026-10-07T19:42:03.7994246Z [1m[92m   Compiling[0m zeroize_derive v1.4.2
2026-10-07T19:42:03.9537133Z [1m[92m   Compiling[0m syn v1.0.109
2026-10-07T19:42:04.2502728Z [1m[92m   Compiling[0m zeroize v1.8.2
2026-10-07T19:42:04.5172170Z [1m[92m   Compiling[0m command-fds v0.3.2
2026-10-07T19:42:04.6833363Z [1m[92m   Compiling[0m util v0.1.0 (/home/runner/work/koda/koda/crates/util)
2026-10-07T19:42:04.8242910Z [1m[92m   Compiling[0m rustc_version v0.4.1
2026-10-07T19:42:05.0452780Z [1m[92m   Compiling[0m utf8parse v0.2.2
2026-10-07T19:42:05.0622622Z [1m[92m   Compiling[0m mio v1.2.0
2026-10-07T19:42:05.0960405Z [1m[92m   Compiling[0m anstyle-parse v0.2.7
2026-10-07T19:42:05.2272987Z [1m[92m   Compiling[0m is_terminal_polyfill v1.70.1
2026-10-07T19:42:05.2772805Z [1m[92m   Compiling[0m anstyle-query v1.1.4
2026-10-07T19:42:05.3425369Z [1m[92m   Compiling[0m colorchoice v1.0.4
2026-10-07T19:42:05.4052979Z [1m[92m   Compiling[0m anstream v0.6.21
2026-10-07T19:42:05.4159102Z [1m[92m   Compiling[0m rayon v1.11.0
2026-10-07T19:42:05.6333355Z [1m[92m   Compiling[0m terminal_size v0.4.3
2026-10-07T19:42:05.7272815Z [1m[92m   Compiling[0m clap_builder v4.5.49
2026-10-07T19:42:06.0972959Z [1m[92m   Compiling[0m clap_derive v4.5.49
2026-10-07T19:42:07.0432822Z [1m[92m   Compiling[0m half v2.7.1
2026-10-07T19:42:07.3770476Z [1m[92m   Compiling[0m event-listener v2.5.3
2026-10-07T19:42:07.5192756Z [1m[92m   Compiling[0m async-channel v1.9.0
2026-10-07T19:42:07.5326814Z [1m[92m   Compiling[0m clap v4.5.49
2026-10-07T19:42:07.5749855Z [1m[92m   Compiling[0m async-global-executor v2.4.1
2026-10-07T19:42:07.6201379Z [1m[92m   Compiling[0m kv-log-macro v1.0.7
2026-10-07T19:42:07.7082677Z [1m[92m   Compiling[0m fixedbitset v0.5.7
2026-10-07T19:42:07.8982900Z [1m[92m   Compiling[0m smol_str v0.3.6
2026-10-07T19:42:07.9242908Z [1m[92m   Compiling[0m xattr v1.6.1
2026-10-07T19:42:08.0813924Z [1m[92m   Compiling[0m crossbeam-queue v0.3.12
2026-10-07T19:42:08.1514197Z [1m[92m   Compiling[0m bitflags v1.3.2
2026-10-07T19:42:08.1663234Z [1m[92m   Compiling[0m thread_local v1.1.9
2026-10-07T19:42:08.1742531Z [1m[92m   Compiling[0m tinyvec_macros v0.1.1
2026-10-07T19:42:08.1962790Z [1m[92m   Compiling[0m memmap2 v0.9.8
2026-10-07T19:42:08.2162724Z [1m[92m   Compiling[0m tinyvec v1.10.0
2026-10-07T19:42:08.3282860Z [1m[92m   Compiling[0m nu-ansi-term v0.50.3
2026-10-07T19:42:08.3542682Z [1m[92m   Compiling[0m unicode-properties v0.1.3
2026-10-07T19:42:08.5002836Z [1m[92m   Compiling[0m tracing-log v0.2.0
2026-10-07T19:42:08.5335227Z [1m[92m   Compiling[0m serde_spanned v1.0.3
2026-10-07T19:42:08.6093260Z [1m[92m   Compiling[0m static_assertions v1.1.0
2026-10-07T19:42:08.6322734Z [1m[92m   Compiling[0m toml_writer v1.0.4
2026-10-07T19:42:08.6484927Z [1m[92m   Compiling[0m rustc-demangle v0.1.26
2026-10-07T19:42:08.6628430Z [1m[92m   Compiling[0m unicode-bidi v0.3.18
2026-10-07T19:42:08.7752727Z [1m[92m   Compiling[0m core_maths v0.1.1
2026-10-07T19:42:08.8283199Z [1m[92m   Compiling[0m gpui_shared_string v0.1.0 (/home/runner/work/koda/koda/crates/gpui_shared_string)
2026-10-07T19:42:08.9086075Z [1m[92m   Compiling[0m rand_chacha v0.3.1
2026-10-07T19:42:08.9607603Z [1m[92m   Compiling[0m euclid v0.22.14
2026-10-07T19:42:09.0953423Z [1m[92m   Compiling[0m ztracing v0.1.0 (/home/runner/work/koda/koda/crates/ztracing)
2026-10-07T19:42:09.2224819Z [1m[92m   Compiling[0m rand v0.8.6
2026-10-07T19:42:09.2360601Z [1m[92m   Compiling[0m fdeflate v0.3.7
2026-10-07T19:42:09.5022810Z [1m[92m   Compiling[0m heapless v0.9.2
2026-10-07T19:42:09.5772587Z [1m[92m   Compiling[0m object v0.37.3
2026-10-07T19:42:09.6673603Z [1m[92m   Compiling[0m ztracing_macro v0.1.0 (/home/runner/work/koda/koda/crates/ztracing_macro)
2026-10-07T19:42:09.7294098Z [1m[92m   Compiling[0m ciborium-io v0.2.2
2026-10-07T19:42:09.7839864Z [1m[92m   Compiling[0m ciborium-ll v0.2.2
2026-10-07T19:42:09.8221016Z [1m[92m   Compiling[0m hash32 v0.3.1
2026-10-07T19:42:09.8482656Z [1m[92m   Compiling[0m polycool v0.4.0
2026-10-07T19:42:09.9222939Z [1m[92m   Compiling[0m slotmap v1.0.7
2026-10-07T19:42:09.9392666Z [1m[92m   Compiling[0m ciborium v0.2.2
2026-10-07T19:42:10.0677417Z [1m[92m   Compiling[0m kurbo v0.13.1
2026-10-07T19:42:10.3982658Z [1m[92m   Compiling[0m ttf-parser v0.25.1
2026-10-07T19:42:11.1109878Z [1m[92m   Compiling[0m toml v0.9.8
2026-10-07T19:42:12.1163180Z [1m[92m   Compiling[0m convert_case v0.11.0
2026-10-07T19:42:12.3503916Z [1m[92m   Compiling[0m alloca v0.4.0
2026-10-07T19:42:12.3611725Z [1m[92m   Compiling[0m quick-error v2.0.1
2026-10-07T19:42:12.4207813Z [1m[92m   Compiling[0m plotters-backend v0.3.7
2026-10-07T19:42:12.4822828Z [1m[92m   Compiling[0m zune-core v0.5.1
2026-10-07T19:42:12.6294443Z [1m[92m   Compiling[0m weezl v0.1.10
2026-10-07T19:42:12.6743013Z [1m[92m   Compiling[0m bit-vec v0.8.0
2026-10-07T19:42:12.7072875Z [1m[92m   Compiling[0m zune-jpeg v0.5.15
2026-10-07T19:42:12.8298502Z [1m[92m   Compiling[0m bit-set v0.8.0
2026-10-07T19:42:12.9275182Z [1m[92m   Compiling[0m plotters-svg v0.3.7
2026-10-07T19:42:13.0712770Z [1m[92m   Compiling[0m svgtypes v0.16.1
2026-10-07T19:42:13.4458127Z [1m[92m   Compiling[0m perf-event-open-sys2 v5.0.6
2026-10-07T19:42:13.6042656Z [1m[92m   Compiling[0m itertools v0.13.0
2026-10-07T19:42:13.6512775Z [1m[92m   Compiling[0m wait-timeout v0.2.1
2026-10-07T19:42:13.6666535Z [1m[92m   Compiling[0m page_size v0.6.0
2026-10-07T19:42:13.7233627Z [1m[92m   Compiling[0m gimli v0.32.3
2026-10-07T19:42:13.8281156Z [1m[92m   Compiling[0m cast v0.3.0
2026-10-07T19:42:13.9407447Z [1m[92m   Compiling[0m byteorder-lite v0.1.0
2026-10-07T19:42:14.1165219Z [1m[92m   Compiling[0m unicode-script v0.5.8
2026-10-07T19:42:14.3975855Z [1m[92m   Compiling[0m c-enum v0.2.3
2026-10-07T19:42:14.4652710Z [1m[92m   Compiling[0m quick-error v1.2.3
2026-10-07T19:42:14.5193444Z [1m[92m   Compiling[0m float-cmp v0.9.0
2026-10-07T19:42:14.6023322Z [1m[92m   Compiling[0m roxmltree v0.20.0
2026-10-07T19:42:14.7802752Z [1m[92m   Compiling[0m color_quant v1.1.0
2026-10-07T19:42:14.9046714Z [1m[92m   Compiling[0m gif v0.14.2
2026-10-07T19:42:15.1343212Z [1m[92m   Compiling[0m fontconfig-parser v0.5.8
2026-10-07T19:42:15.3922458Z [1m[92m   Compiling[0m addr2line v0.25.1
2026-10-07T19:42:15.5182973Z [1m[92m   Compiling[0m criterion-plot v0.8.2
2026-10-07T19:42:15.6163334Z [1m[92m   Compiling[0m strict-num v0.1.1
2026-10-07T19:42:15.6523491Z [1m[92m   Compiling[0m image-webp v0.2.4
2026-10-07T19:42:15.7667454Z [1m[92m   Compiling[0m plotters v0.3.7
2026-10-07T19:42:15.8322738Z [1m[92m   Compiling[0m fax_derive v0.2.0
2026-10-07T19:42:16.2502633Z [1m[92m   Compiling[0m zune-inflate v0.2.54
2026-10-07T19:42:16.4582755Z [1m[92m   Compiling[0m roxmltree v0.21.1
2026-10-07T19:42:16.5952573Z [1m[92m   Compiling[0m anes v0.1.6
2026-10-07T19:42:16.6792674Z [1m[92m   Compiling[0m oorandom v11.1.5
2026-10-07T19:42:16.7590291Z [1m[92m   Compiling[0m bit_field v0.10.3
2026-10-07T19:42:16.7682916Z [1m[92m   Compiling[0m unicode-bidi-mirroring v0.4.0
2026-10-07T19:42:16.8312876Z [1m[92m   Compiling[0m unicode-ccc v0.4.0
2026-10-07T19:42:16.8472671Z [1m[92m   Compiling[0m arrayref v0.3.9
2026-10-07T19:42:16.8833674Z [1m[92m   Compiling[0m data-url v0.3.2
2026-10-07T19:42:16.8993516Z [1m[92m   Compiling[0m raw-window-handle v0.6.2
2026-10-07T19:42:17.0240578Z [1m[92m   Compiling[0m lebe v0.5.3
2026-10-07T19:42:17.0853141Z [1m[92m   Compiling[0m tiny-skia-path v0.11.4
2026-10-07T19:42:17.1072753Z [1m[92m   Compiling[0m fax v0.2.6
2026-10-07T19:42:17.1484602Z [1m[92m   Compiling[0m fontdb v0.23.0
2026-10-07T19:42:17.3153877Z [1m[92m   Compiling[0m proptest-macro v0.5.0 (https://github.com/proptest-rs/proptest?rev=3dca198a8fef1b32e3a66f1e1897c955b4dc5b5b#3dca198a)
2026-10-07T19:42:17.5249744Z [1m[92m   Compiling[0m lyon_geom v1.0.17
2026-10-07T19:42:17.6032633Z [1m[92m   Compiling[0m profiling-procmacros v1.0.17
2026-10-07T19:42:17.8472694Z [1m[92m   Compiling[0m rand_xorshift v0.4.0
2026-10-07T19:42:17.8678905Z [1m[92m   Compiling[0m pxfm v0.1.25
2026-10-07T19:42:17.9033442Z [1m[92m   Compiling[0m unarray v0.1.4
2026-10-07T19:42:17.9391118Z [1m[92m   Compiling[0m profiling v1.0.17
2026-10-07T19:42:17.9662727Z [1m[92m   Compiling[0m lyon_path v1.0.16
2026-10-07T19:42:17.9842877Z [1m[92m   Compiling[0m tiff v0.11.3
2026-10-07T19:42:18.3723208Z [1m[92m   Compiling[0m qoi v0.4.1
2026-10-07T19:42:18.5342691Z [1m[92m   Compiling[0m simplecss v0.2.2
2026-10-07T19:42:18.9093078Z [1m[92m   Compiling[0m enumn v0.1.14
2026-10-07T19:42:19.1703197Z [1m[92m   Compiling[0m pollster v0.4.0
2026-10-07T19:42:19.2093394Z [1m[92m   Compiling[0m waker-fn v1.2.0
2026-10-07T19:42:19.2572683Z [1m[92m   Compiling[0m xmlwriter v0.1.0
2026-10-07T19:42:19.2682571Z [1m[92m   Compiling[0m pico-args v0.5.0
2026-10-07T19:42:19.3982517Z [1m[92m   Compiling[0m imagesize v0.14.0
2026-10-07T19:42:19.4252791Z [1m[92m   Compiling[0m moxcms v0.8.1
2026-10-07T19:42:19.6902745Z [1m[92m   Compiling[0m unicode-vo v0.1.0
2026-10-07T19:42:19.7562720Z [1m[92m   Compiling[0m accesskit v0.24.1
2026-10-07T19:42:19.8762753Z [1m[92m   Compiling[0m png v0.17.16
2026-10-07T19:42:20.1442942Z [1m[92m   Compiling[0m atomic v0.5.3
2026-10-07T19:42:20.2512677Z [1m[92m   Compiling[0m foldhash v0.1.5
2026-10-07T19:42:20.3682690Z [1m[92m   Compiling[0m pollster v0.2.5
2026-10-07T19:42:20.4592952Z [1m[92m   Compiling[0m tiny-skia v0.11.4
2026-10-07T19:42:20.6492630Z [1m[92m   Compiling[0m hashbrown v0.15.5
2026-10-07T19:42:21.0910145Z [1m[92m   Compiling[0m rgb v0.8.52
2026-10-07T19:42:21.3352698Z [1m[92m   Compiling[0m sharded-slab v0.1.7
2026-10-07T19:42:21.7556676Z [1m[92m   Compiling[0m tracing-serde v0.2.0
2026-10-07T19:42:21.8612539Z [1m[92m   Compiling[0m matchers v0.2.0
2026-10-07T19:42:21.9282973Z [1m[92m   Compiling[0m link-section v0.19.2
2026-10-07T19:42:21.9482839Z [1m[92m   Compiling[0m linktime-proc-macro v0.2.2
2026-10-07T19:42:22.1332924Z [1m[92m   Compiling[0m web-time v1.1.0
2026-10-07T19:42:22.1812885Z [1m[92m   Compiling[0m float_next_after v1.0.0
2026-10-07T19:42:22.2433084Z [1m[92m   Compiling[0m lyon_tessellation v1.0.16
2026-10-07T19:42:22.4452614Z [1m[92m   Compiling[0m ctor v1.0.12
2026-10-07T19:42:22.5422577Z [1m[92m   Compiling[0m tracing-subscriber v0.3.22
2026-10-07T19:42:22.9172668Z [1m[92m   Compiling[0m lyon_extra v1.0.3
2026-10-07T19:42:23.0842843Z [1m[92m   Compiling[0m lyon_algorithms v1.0.16
2026-10-07T19:42:23.4152826Z [1m[92m   Compiling[0m futures-concurrency v7.7.1
2026-10-07T19:42:24.2296137Z [1m[92m   Compiling[0m derive_refineable v0.1.0 (/home/runner/work/koda/koda/crates/refineable/derive_refineable)
2026-10-07T19:42:25.0062965Z [1m[92m   Compiling[0m svg_fmt v0.4.5
2026-10-07T19:42:25.1662653Z [1m[92m   Compiling[0m seahash v4.1.0
2026-10-07T19:42:25.2740883Z [1m[92m   Compiling[0m etagere v0.2.15
2026-10-07T19:42:25.4802754Z [1m[92m   Compiling[0m lyon v1.0.16
2026-10-07T19:42:25.5242698Z [1m[92m   Compiling[0m taffy v0.13.0
2026-10-07T19:42:25.9183078Z [1m[92m   Compiling[0m async-attributes v1.1.2
2026-10-07T19:42:26.1902782Z [1m[92m   Compiling[0m async-std v1.13.2
2026-10-07T19:42:27.1022932Z [1m[92m   Compiling[0m zlog v0.1.0 (/home/runner/work/koda/koda/crates/zlog)
2026-10-07T19:42:27.5073976Z [1m[92m   Compiling[0m async-tar v0.6.1 (https://github.com/zed-industries/async-tar?rev=bd3ad6f89df9a9da7a8535958756d6bf465936a0#bd3ad6f8)
2026-10-07T19:42:27.6812755Z [1m[92m   Compiling[0m hdrhistogram v7.5.4
2026-10-07T19:42:27.8503545Z [1m[92m   Compiling[0m gpui_macros v0.1.0 (/home/runner/work/koda/koda/crates/gpui_macros)
2026-10-07T19:42:27.8822964Z [1m[92m   Compiling[0m num_cpus v1.17.0
2026-10-07T19:42:28.1038468Z [1m[92m   Compiling[0m http_client v0.1.0 (/home/runner/work/koda/koda/crates/http_client)
2026-10-07T19:42:28.1362854Z [1m[92m   Compiling[0m inventory v0.3.21
2026-10-07T19:42:28.9969840Z [1m[92m   Compiling[0m ar_archive_writer v0.5.1
2026-10-07T19:42:29.6622765Z [1m[92m   Compiling[0m psm v0.1.30
2026-10-07T19:42:29.9617415Z [1m[92m   Compiling[0m sum_tree v0.1.0 (/home/runner/work/koda/koda/crates/sum_tree)
2026-10-07T19:42:30.2658901Z [1m[92m   Compiling[0m rusty-fork v0.3.1
2026-10-07T19:42:30.4993072Z [1m[92m   Compiling[0m tinytemplate v1.2.1
2026-10-07T19:42:30.8178321Z [1m[92m   Compiling[0m x11 v2.21.0
2026-10-07T19:42:30.9442843Z [1m[92m   Compiling[0m quick-xml v0.30.0
2026-10-07T19:42:31.2742783Z [1m[92m   Compiling[0m refineable v0.1.0 (/home/runner/work/koda/koda/crates/refineable)
2026-10-07T19:42:31.3632665Z [1m[92m   Compiling[0m criterion v0.8.2
2026-10-07T19:42:31.4252552Z [1m[92m   Compiling[0m xcb v1.6.0
2026-10-07T19:42:32.5813255Z [1m[92m   Compiling[0m backtrace v0.3.76
2026-10-07T19:42:33.4477307Z [1m[92m   Compiling[0m proptest v1.10.0 (https://github.com/proptest-rs/proptest?rev=3dca198a8fef1b32e3a66f1e1897c955b4dc5b5b#3dca198a)
2026-10-07T19:42:33.9462724Z [1m[92m   Compiling[0m perf-event-data v0.1.8
2026-10-07T19:42:34.7994929Z [1m[92m   Compiling[0m spin v0.10.0
2026-10-07T19:42:34.9322638Z [1m[92m   Compiling[0m stacker v0.1.25
2026-10-07T19:42:35.0822986Z [1m[92m   Compiling[0m perf-event2 v0.7.4
2026-10-07T19:42:35.8142848Z [1m[92m   Compiling[0m rustybuzz v0.20.1
2026-10-07T19:42:36.1412777Z [1m[92m   Compiling[0m embed-resource v3.0.6
2026-10-07T19:42:36.2913614Z [1m[92m   Compiling[0m flume v0.12.0
2026-10-07T19:42:36.3402870Z [1m[92m   Compiling[0m socket2 v0.6.5
2026-10-07T19:42:36.5384570Z [1m[92m   Compiling[0m gpui v0.2.2 (/home/runner/work/koda/koda/crates/gpui)
2026-10-07T19:42:36.8686452Z [1m[92m   Compiling[0m postage v0.5.0
2026-10-07T19:42:37.1812758Z [1m[92m   Compiling[0m exr v1.74.0
2026-10-07T19:42:37.9733249Z [1m[92m   Compiling[0m usvg v0.46.0
2026-10-07T19:42:39.6350401Z [1m[92m   Compiling[0m png v0.18.0
2026-10-07T19:42:40.1862797Z [1m[92m   Compiling[0m sysinfo v0.31.4
2026-10-07T19:42:40.2173212Z [1m[92m   Compiling[0m stacksafe-macro v1.0.3
2026-10-07T19:42:40.4922741Z [1m[92m   Compiling[0m stacksafe v1.0.3
2026-10-07T19:42:40.5021844Z [1m[92m   Compiling[0m image v0.25.10
2026-10-07T19:42:40.5682765Z [1m[92m   Compiling[0m resvg v0.46.0
2026-10-07T19:42:41.3026167Z [1m[92m   Compiling[0m zed-scap v0.0.8-zed (https://github.com/zed-industries/scap?rev=4afea48c3b002197176fb19cd0f9b180dd36eaac#4afea48c)
2026-10-07T19:42:41.7243202Z [1m[92m   Compiling[0m scheduler v0.1.0 (/home/runner/work/koda/koda/crates/scheduler)
2026-10-07T19:42:42.3126223Z [1m[92m   Compiling[0m bench_metrics v0.1.0 (/home/runner/work/koda/koda/crates/bench_metrics)
2026-10-07T19:42:42.9352690Z [1m[92m   Compiling[0m encoding_rs v0.8.35
2026-10-07T19:42:44.0892844Z [1m[92m   Compiling[0m tokio-macros v2.7.0
2026-10-07T19:42:44.6246620Z [1m[92m   Compiling[0m tokio v1.52.1
2026-10-07T19:42:46.2113032Z [1m[92m   Compiling[0m async-trait v0.1.89
2026-10-07T19:42:46.9192708Z [1m[92m   Compiling[0m cmake v0.1.56
2026-10-07T19:42:47.2003354Z [1m[92m   Compiling[0m fs_extra v1.3.0
2026-10-07T19:42:47.3672681Z [1m[92m   Compiling[0m httparse v1.10.1
2026-10-07T19:42:47.4013300Z [1m[92m   Compiling[0m aws-lc-sys v0.42.0
2026-10-07T19:42:47.5951375Z [1m[92m   Compiling[0m ring v0.17.14
2026-10-07T19:42:49.4703064Z [1m[92m   Compiling[0m rustls-pki-types v1.12.0
2026-10-07T19:42:49.7061429Z [1m[92m   Compiling[0m untrusted v0.9.0
2026-10-07T19:42:49.7514862Z [1m[92m   Compiling[0m rustls v0.23.40
2026-10-07T19:42:49.8085606Z [1m[92m   Compiling[0m num-integer v0.1.46
2026-10-07T19:42:49.9715871Z [1m[92m   Compiling[0m num-conv v0.2.0
2026-10-07T19:42:50.0318061Z [1m[92m   Compiling[0m powerfmt v0.2.0
2026-10-07T19:42:50.1383068Z [1m[92m   Compiling[0m time-core v0.1.8
2026-10-07T19:42:50.2171499Z [1m[92m   Compiling[0m time-macros v0.2.27
2026-10-07T19:42:51.0445489Z [1m[92m   Compiling[0m deranged v0.5.4
2026-10-07T19:42:51.8305068Z [1m[92m   Compiling[0m num_threads v0.1.7
2026-10-07T19:42:51.9113046Z [1m[92m   Compiling[0m time v0.3.47
2026-10-07T19:42:53.0802789Z [1m[92m   Compiling[0m aws-lc-rs v1.17.1
2026-10-07T19:42:53.2107286Z [1m[92m   Compiling[0m untrusted v0.7.1
2026-10-07T19:42:53.2684409Z [1m[92m   Compiling[0m tower-service v0.3.3
2026-10-07T19:42:53.4362858Z [1m[92m   Compiling[0m ipnet v2.11.0
2026-10-07T19:42:53.7592787Z [1m[92m   Compiling[0m try-lock v0.2.5
2026-10-07T19:42:53.8091484Z [1m[92m   Compiling[0m want v0.3.1
2026-10-07T19:42:54.1560124Z [1m[92m   Compiling[0m http-body-util v0.1.3
2026-10-07T19:42:55.4486041Z [1m[92m   Compiling[0m tree-sitter-language v0.1.8 (https://github.com/tree-sitter/tree-sitter?rev=43623ec9bf0eaaf7113285c46e8a09018f181b18#43623ec9)
2026-10-07T19:42:55.5645350Z [1m[92m   Compiling[0m hex v0.4.3
2026-10-07T19:42:55.7912802Z [1m[92m   Compiling[0m openssl-probe v0.2.1
2026-10-07T19:42:55.9033188Z [1m[92m   Compiling[0m tokio-util v0.7.18
2026-10-07T19:42:56.5453557Z [1m[92m   Compiling[0m rustls-native-certs v0.8.3
2026-10-07T19:42:56.7453086Z [1m[92m   Compiling[0m termcolor v1.4.1
2026-10-07T19:42:57.0881552Z [1m[92m   Compiling[0m imara-diff v0.2.0
2026-10-07T19:42:57.6647710Z [1m[92m   Compiling[0m zeta_prompt v0.1.0 (/home/runner/work/koda/koda/crates/zeta_prompt)
2026-10-07T19:42:57.6952823Z [1m[92m   Compiling[0m num-iter v0.1.45
2026-10-07T19:42:57.7634945Z [1m[92m   Compiling[0m tower-layer v0.3.3
2026-10-07T19:42:57.8723237Z [1m[92m   Compiling[0m h2 v0.4.19
2026-10-07T19:42:59.1253058Z [1m[92m   Compiling[0m cloud_llm_client v0.1.0 (/home/runner/work/koda/koda/crates/cloud_llm_client)
2026-10-07T19:42:59.7912793Z [1m[92m   Compiling[0m phf_shared v0.13.1
2026-10-07T19:42:59.9622064Z [1m[92m   Compiling[0m phf_generator v0.13.1
2026-10-07T19:43:00.0672762Z [1m[92m   Compiling[0m sync_wrapper v1.0.2
2026-10-07T19:43:00.1253267Z [1m[92m   Compiling[0m prettyplease v0.2.37
2026-10-07T19:43:00.2508405Z [1m[92m   Compiling[0m prost-derive v0.14.4
2026-10-07T19:43:01.3962400Z [1m[92m   Compiling[0m hyper v1.11.1
2026-10-07T19:43:01.4667032Z [1m[92m   Compiling[0m wasmtime-internal-core v48.0.1
2026-10-07T19:43:01.5453732Z [1m[92m   Compiling[0m prost v0.14.4
2026-10-07T19:43:01.9073309Z [1m[92m   Compiling[0m target-lexicon v0.13.5
2026-10-07T19:43:02.2052448Z [1m[92m   Compiling[0m hyper-util v0.1.17
2026-10-07T19:43:02.4782628Z [1m[92m   Compiling[0m prost-types v0.14.4
2026-10-07T19:43:03.0032775Z [1m[92m   Compiling[0m cranelift-srcgen v0.135.1
2026-10-07T19:43:03.2744117Z [1m[92m   Compiling[0m cranelift-assembler-x64-meta v0.135.1
2026-10-07T19:43:03.4022739Z [1m[92m   Compiling[0m partial-json-fixer v0.5.3
2026-10-07T19:43:03.5932943Z [1m[92m   Compiling[0m cranelift-bitset v0.135.1
2026-10-07T19:43:03.7370758Z [1m[92m   Compiling[0m pulley-macros v48.0.1
2026-10-07T19:43:03.9463448Z [1m[92m   Compiling[0m leb128fmt v0.1.0
2026-10-07T19:43:04.0373205Z [1m[92m   Compiling[0m language_model_core v0.1.0 (/home/runner/work/koda/koda/crates/language_model_core)
2026-10-07T19:43:04.1222647Z [1m[92m   Compiling[0m cranelift-isle v0.135.1
2026-10-07T19:43:04.2663854Z [1m[92m   Compiling[0m pulley-interpreter v48.0.1
2026-10-07T19:43:04.8632903Z [1m[92m   Compiling[0m cranelift-entity v0.135.1
2026-10-07T19:43:05.1092918Z [1m[92m   Compiling[0m phf_macros v0.13.1
2026-10-07T19:43:05.1465325Z [1m[92m   Compiling[0m petgraph v0.8.3
2026-10-07T19:43:05.5560329Z [1m[92m   Compiling[0m cobs v0.3.0
2026-10-07T19:43:05.6667807Z [1m[92m   Compiling[0m cranelift-codegen-shared v0.135.1
2026-10-07T19:43:05.7273386Z [1m[92m   Compiling[0m multimap v0.8.3
2026-10-07T19:43:05.8151491Z [1m[92m   Compiling[0m postcard v1.1.3
2026-10-07T19:43:06.0463125Z [1m[92m   Compiling[0m phf v0.13.1
2026-10-07T19:43:06.1462891Z [1m[92m   Compiling[0m cranelift-bforest v0.135.1
2026-10-07T19:43:06.2819535Z [1m[92m   Compiling[0m prost-build v0.14.4
2026-10-07T19:43:06.3482920Z [1m[92m   Compiling[0m cranelift-assembler-x64 v0.135.1
2026-10-07T19:43:07.1812703Z [1m[92m   Compiling[0m gimli v0.33.0
2026-10-07T19:43:08.4572764Z [1m[92m   Compiling[0m wasmparser v0.254.0
2026-10-07T19:43:09.9363895Z [1m[92m   Compiling[0m cranelift-codegen-meta v0.135.1
2026-10-07T19:43:10.0879383Z [1m[92m   Compiling[0m logos-codegen v0.15.1
2026-10-07T19:43:10.1929414Z [1m[92m   Compiling[0m wasmtime-internal-versioned-export-macros v48.0.1
2026-10-07T19:43:10.4596958Z [1m[92m   Compiling[0m bumpalo v3.20.3
2026-10-07T19:43:10.6582795Z [1m[92m   Compiling[0m arbitrary v1.4.2
2026-10-07T19:43:11.2102598Z [1m[92m   Compiling[0m object v0.39.1
2026-10-07T19:43:11.3653205Z [1m[92m   Compiling[0m unicode-width v0.2.2
2026-10-07T19:43:11.5385651Z [1m[92m   Compiling[0m cpp_demangle v0.5.1
2026-10-07T19:43:11.8143143Z [1m[92m   Compiling[0m cranelift-control v0.135.1
2026-10-07T19:43:11.8688344Z [1m[92m   Compiling[0m regalloc2 v0.15.2
2026-10-07T19:43:12.2693080Z [1m[92m   Compiling[0m cranelift-codegen v0.135.1
2026-10-07T19:43:20.7302965Z [1m[92m   Compiling[0m wasmtime-internal-component-util v48.0.1
2026-10-07T19:43:20.7797235Z [1m[92m   Compiling[0m beef v0.5.2
2026-10-07T19:43:22.0812376Z [1m[92m   Compiling[0m wasm-encoder v0.254.0
2026-10-07T19:43:25.6593980Z [1m[92m   Compiling[0m wasmprinter v0.254.0
2026-10-07T19:43:28.2006709Z [1m[92m   Compiling[0m miette-derive v7.6.0
2026-10-07T19:43:28.2223745Z [1m[92m   Compiling[0m logos-codegen v0.16.1
2026-10-07T19:43:29.0703020Z [1m[92m   Compiling[0m id-arena v2.3.0
2026-10-07T19:43:29.1369260Z [1m[92m   Compiling[0m unicode-width v0.1.14
2026-10-07T19:43:29.2663309Z [1m[92m   Compiling[0m miette v7.6.0
2026-10-07T19:43:29.3992604Z [1m[92m   Compiling[0m logos-derive v0.16.1
2026-10-07T19:43:29.5849798Z [1m[92m   Compiling[0m wit-parser v0.254.0
2026-10-07T19:43:29.7716302Z [1m[92m   Compiling[0m wasmtime-environ v48.0.1
2026-10-07T19:43:32.9562812Z [1m[92m   Compiling[0m wasm-metadata v0.254.0
2026-10-07T19:43:33.2022855Z [1m[92m   Compiling[0m logos-derive v0.15.1
2026-10-07T19:43:33.3670142Z [1m[92m   Compiling[0m wasmtime-internal-unwinder v48.0.1
2026-10-07T19:43:33.5282748Z [1m[92m   Compiling[0m logos v0.15.1
2026-10-07T19:43:33.5985432Z [1m[92m   Compiling[0m wit-component v0.254.0
2026-10-07T19:43:36.7620340Z [1m[92m   Compiling[0m logos v0.16.1
2026-10-07T19:43:36.8490438Z [1m[92m   Compiling[0m wasmtime-internal-fiber v48.0.1
2026-10-07T19:43:37.0034606Z [1m[92m   Compiling[0m wasmtime-internal-cranelift v48.0.1
2026-10-07T19:43:37.1232692Z [1m[92m   Compiling[0m wasmtime-internal-component-macro v48.0.1
2026-10-07T19:43:37.2966423Z [1m[92m   Compiling[0m prost-reflect v0.16.5
2026-10-07T19:43:40.6932791Z [1m[92m   Compiling[0m cranelift-frontend v0.135.1
2026-10-07T19:43:41.3682943Z [1m[92m   Compiling[0m cranelift-native v0.135.1
2026-10-07T19:43:41.6990526Z [1m[92m   Compiling[0m wasmtime-internal-wit-bindgen v48.0.1
2026-10-07T19:43:42.8236518Z [1m[92m   Compiling[0m protox-parse v0.9.0
2026-10-07T19:43:43.8793654Z [1m[92m   Compiling[0m wasmtime v48.0.1
2026-10-07T19:43:44.2629864Z [1m[92m   Compiling[0m mime v0.3.17
2026-10-07T19:43:45.0262568Z [1m[92m   Compiling[0m protox v0.9.1
2026-10-07T19:44:01.0402711Z [1m[92m   Compiling[0m wasmtime-internal-jit-icache-coherence v48.0.1
2026-10-07T19:44:01.1006081Z [1m[92m   Compiling[0m const_format_proc_macros v0.2.34
2026-10-07T19:44:01.6782769Z [1m[92m   Compiling[0m memfd v0.6.5
2026-10-07T19:44:01.8252895Z [1m[92m   Compiling[0m wasmtime-c-api-impl v48.0.1
2026-10-07T19:44:04.3889776Z [1m[92m   Compiling[0m rustls-webpki v0.103.13
2026-10-07T19:44:09.7032868Z [1m[92m   Compiling[0m tokio-rustls v0.26.4
2026-10-07T19:44:09.8797686Z [1m[92m   Compiling[0m const_format v0.2.35
2026-10-07T19:44:10.1218760Z [1m[92m   Compiling[0m ignore v0.4.24
2026-10-07T19:44:11.0593033Z [1m[92m   Compiling[0m paths v0.1.0 (/home/runner/work/koda/koda/crates/paths)
2026-10-07T19:44:11.1933231Z [1m[92m   Compiling[0m tree-sitter v0.27.0 (https://github.com/tree-sitter/tree-sitter?rev=43623ec9bf0eaaf7113285c46e8a09018f181b18#43623ec9)
2026-10-07T19:44:17.7342548Z [1m[92m   Compiling[0m serde_path_to_error v0.1.20
2026-10-07T19:44:18.0142925Z [1m[92m   Compiling[0m wasmtime-internal-c-api-macros v48.0.1
2026-10-07T19:44:18.7283257Z [1m[92m   Compiling[0m block-padding v0.3.3
2026-10-07T19:44:18.7973701Z [1m[92m   Compiling[0m streaming-iterator v0.1.9
2026-10-07T19:44:19.0163133Z [1m[92m   Compiling[0m inout v0.1.4
2026-10-07T19:44:19.0975354Z [1m[92m   Compiling[0m proto v0.1.0 (/home/runner/work/koda/koda/crates/proto)
2026-10-07T19:44:20.4533361Z [1m[92m   Compiling[0m release_channel v0.1.0 (/home/runner/work/koda/koda/crates/release_channel)
2026-10-07T19:44:20.8732684Z [1m[92m   Compiling[0m cipher v0.4.4
2026-10-07T19:44:21.0283046Z [1m[92m   Compiling[0m rope v0.1.0 (/home/runner/work/koda/koda/crates/rope)
2026-10-07T19:44:21.1763310Z [1m[92m   Compiling[0m urlencoding v2.1.3
2026-10-07T19:44:21.3062893Z [1m[92m   Compiling[0m telemetry_events v0.1.0 (/home/runner/work/koda/koda/crates/telemetry_events)
2026-10-07T19:44:21.5073231Z [1m[92m   Compiling[0m aes v0.8.4
2026-10-07T19:44:22.2404293Z [1m[92m   Compiling[0m net v0.1.0 (/home/runner/work/koda/koda/crates/net)
2026-10-07T19:44:22.2852802Z [1m[92m   Compiling[0m clock v0.1.0 (/home/runner/work/koda/koda/crates/clock)
2026-10-07T19:44:22.4621925Z [1m[92m   Compiling[0m tree-sitter-json v0.24.8
2026-10-07T19:44:22.8462764Z [1m[92m   Compiling[0m inotify-sys v0.1.5
2026-10-07T19:44:22.9542978Z [1m[92m   Compiling[0m text v0.1.0 (/home/runner/work/koda/koda/crates/text)
2026-10-07T19:44:24.8913166Z [1m[92m   Compiling[0m askpass v0.1.0 (/home/runner/work/koda/koda/crates/askpass)
2026-10-07T19:44:25.3253800Z [1m[92m   Compiling[0m webpki-roots v1.0.8
2026-10-07T19:44:25.3914841Z [1m[92m   Compiling[0m rustls-platform-verifier v0.7.0
2026-10-07T19:44:25.5483153Z [1m[92m   Compiling[0m http_client_tls v0.1.0 (/home/runner/work/koda/koda/crates/http_client_tls)
2026-10-07T19:44:25.6664822Z [1m[92m   Compiling[0m settings_json v0.1.0 (/home/runner/work/koda/koda/crates/settings_json)
2026-10-07T19:44:26.0563590Z [1m[92m   Compiling[0m telemetry v0.1.0 (/home/runner/work/koda/koda/crates/telemetry)
2026-10-07T19:44:26.1683041Z [1m[92m   Compiling[0m settings_macros v0.1.0 (/home/runner/work/koda/koda/crates/settings_macros)
2026-10-07T19:44:29.4332698Z [1m[92m   Compiling[0m inotify v0.11.0
2026-10-07T19:44:29.7453567Z [1m[92m   Compiling[0m notify-types v2.1.0 (https://github.com/zed-industries/notify?rev=d842f16b2716bd60f09caf3ae3a894237ab38f54#d842f16b)
2026-10-07T19:44:29.9803101Z [1m[92m   Compiling[0m xxhash-rust v0.8.15
2026-10-07T19:44:30.2113410Z [1m[92m   Compiling[0m notify v9.0.0-rc.4 (https://github.com/zed-industries/notify?rev=d842f16b2716bd60f09caf3ae3a894237ab38f54#d842f16b)
2026-10-07T19:44:31.0663495Z [1m[92m   Compiling[0m settings_content v0.1.0 (/home/runner/work/koda/koda/crates/settings_content)
2026-10-07T19:44:43.4302988Z [1m[92m   Compiling[0m git v0.1.0 (/home/runner/work/koda/koda/crates/git)
2026-10-07T19:44:47.4924052Z [1m[92m   Compiling[0m trash v5.2.5 (https://github.com/zed-industries/trash-rs?rev=41c6c800d884a89351f3b8856d12894cccee261d#41c6c800)
2026-10-07T19:44:47.9454000Z [1m[92m   Compiling[0m is_executable v1.0.5
2026-10-07T19:44:48.0115027Z [1m[92m   Compiling[0m fs v0.1.0 (/home/runner/work/koda/koda/crates/fs)
2026-10-07T19:44:52.9133259Z [1m[92m   Compiling[0m rustls-pemfile v2.2.0
2026-10-07T19:44:53.0842856Z [1m[92m   Compiling[0m zstd-safe v5.0.2+zstd.1.5.2
2026-10-07T19:44:53.4382730Z [1m[92m   Compiling[0m sha1 v0.10.6
2026-10-07T19:44:53.5872709Z [1m[92m   Compiling[0m by_address v1.2.1
2026-10-07T19:44:53.6486352Z [1m[92m   Compiling[0m palette v0.7.6
2026-10-07T19:44:53.8012617Z [1m[92m   Compiling[0m palette_derive v0.7.6
2026-10-07T19:44:54.5332989Z [1m[92m   Compiling[0m zstd v0.11.2+zstd.1.5.2
2026-10-07T19:44:54.5922718Z [1m[92m   Compiling[0m unicode-linebreak v0.1.5
2026-10-07T19:44:54.7352719Z [1m[92m   Compiling[0m fast-srgb8 v1.0.0
2026-10-07T19:44:54.7982185Z [1m[92m   Compiling[0m migrator v0.1.0 (/home/runner/work/koda/koda/crates/migrator)
2026-10-07T19:44:55.8612800Z [1m[92m   Compiling[0m ec4rs v1.2.0
2026-10-07T19:44:56.3096774Z [1m[92m   Compiling[0m rustversion v1.0.22
2026-10-07T19:44:56.5161660Z [1m[92m   Compiling[0m base64ct v1.8.0
2026-10-07T19:44:57.5564153Z [1m[92m   Compiling[0m settings v0.1.0 (/home/runner/work/koda/koda/crates/settings)
2026-10-07T19:44:59.1022824Z [1m[92m   Compiling[0m data-encoding v2.9.0
2026-10-07T19:45:00.3430745Z [1m[92m   Compiling[0m utf-8 v0.7.6
2026-10-07T19:45:00.8785287Z [1m[92m   Compiling[0m syntax_theme v0.1.0 (/home/runner/work/koda/koda/crates/syntax_theme)
2026-10-07T19:45:01.2232764Z [1m[92m   Compiling[0m theme v0.1.0 (/home/runner/work/koda/koda/crates/theme)
2026-10-07T19:45:01.5742833Z [1m[92m   Compiling[0m signature v2.2.0
2026-10-07T19:45:01.6532745Z [1m[92m   Compiling[0m serde_spanned v0.6.9
2026-10-07T19:45:01.7293659Z [1m[92m   Compiling[0m toml_datetime v0.6.11
2026-10-07T19:45:02.1289948Z [1m[92m   Compiling[0m toml_write v0.1.2
2026-10-07T19:45:02.2572721Z [1m[92m   Compiling[0m tungstenite v0.28.0
2026-10-07T19:45:02.5693555Z [1m[92m   Compiling[0m yansi v1.0.1
2026-10-07T19:45:02.8093011Z [1m[92m   Compiling[0m pem-rfc7468 v0.7.0
2026-10-07T19:45:02.9678943Z [1m[92m   Compiling[0m der v0.7.10
2026-10-07T19:45:03.0082772Z [1m[92m   Compiling[0m toml_edit v0.22.27
2026-10-07T19:45:03.5292777Z [1m[92m   Compiling[0m arc-swap v1.9.0
2026-10-07T19:45:03.7212320Z [1m[92m   Compiling[0m spki v0.7.3
2026-10-07T19:45:03.9704227Z [1m[92m   Compiling[0m num-bigint-dig v0.8.6
2026-10-07T19:45:04.0982559Z [1m[92m   Compiling[0m pkcs8 v0.10.2
2026-10-07T19:45:04.3053280Z [1m[92m   Compiling[0m pkcs1 v0.7.5
2026-10-07T19:45:04.6172721Z [1m[92m   Compiling[0m toml v0.8.23
2026-10-07T19:45:05.3692846Z [1m[92m   Compiling[0m async-tungstenite v0.33.0
2026-10-07T19:45:05.6732650Z [1m[92m   Compiling[0m lru v0.16.4
2026-10-07T19:45:05.9473242Z [1m[92m   Compiling[0m rsa v0.9.10
2026-10-07T19:45:06.0982793Z [1m[92m   Compiling[0m shellexpand v3.1.1
2026-10-07T19:45:06.2313012Z [1m[92m   Compiling[0m diff v0.1.13
2026-10-07T19:45:06.4143106Z [1m[92m   Compiling[0m pretty_assertions v1.4.1
2026-10-07T19:45:06.4559827Z [1m[92m   Compiling[0m rpc v0.1.0 (/home/runner/work/koda/koda/crates/rpc)
2026-10-07T19:45:06.6303223Z [1m[92m   Compiling[0m zed_actions v0.1.0 (/home/runner/work/koda/koda/crates/zed_actions)
2026-10-07T19:45:08.2983481Z [1m[92m   Compiling[0m watch v0.1.0 (/home/runner/work/koda/koda/crates/watch)
2026-10-07T19:45:08.8650852Z [1m[92m   Compiling[0m task v0.1.0 (/home/runner/work/koda/koda/crates/task)
2026-10-07T19:45:09.1732578Z [1m[92m   Compiling[0m nucleo-matcher v0.3.1
2026-10-07T19:45:09.8821970Z [1m[92m   Compiling[0m tree-sitter-cpp v0.23.4 (https://github.com/tree-sitter/tree-sitter-cpp?rev=5cb9b693cfd7bfacab1d9ff4acac1a4150700609#5cb9b693)
2026-10-07T19:45:10.0124045Z [1m[92m   Compiling[0m tree-sitter-gitcommit v0.0.1 (https://github.com/zed-industries/tree-sitter-git-commit?rev=88309716a69dd13ab83443721ba6e0b491d37ee9#88309716)
2026-10-07T19:45:10.1393480Z [1m[92m   Compiling[0m tree-sitter-bash v0.25.1
2026-10-07T19:45:10.2693633Z [1m[92m   Compiling[0m tree-sitter-gowork v0.0.1 (https://github.com/zed-industries/tree-sitter-go-work?rev=acb0617bf7f4fda02c6217676cc64acb89536dc7#acb0617b)
2026-10-07T19:45:10.2922651Z [1m[92m   Compiling[0m tree-sitter-typescript v0.23.2 (https://github.com/zed-industries/tree-sitter-typescript?rev=e2c53597d6a5d9cf7bbe8dccde576fe1e46c5899#e2c53597)
2026-10-07T19:45:10.3903384Z [1m[92m   Compiling[0m tree-sitter-python v0.25.0
2026-10-07T19:45:10.4184344Z [1m[92m   Compiling[0m tree-sitter-rust v0.24.2
2026-10-07T19:45:10.5021850Z [1m[92m   Compiling[0m tree-sitter-yaml v0.6.1 (https://github.com/zed-industries/tree-sitter-yaml?rev=baff0b51c64ef6a1fb1f8390f3ad6015b83ec13a#baff0b51)
2026-10-07T19:45:10.5274876Z [1m[92m   Compiling[0m tree-sitter-jsdoc v0.23.2
2026-10-07T19:45:10.5382702Z [1m[92m   Compiling[0m tree-sitter-css v0.23.2
2026-10-07T19:45:10.6297516Z [1m[92m   Compiling[0m tree-sitter-go v0.25.0
2026-10-07T19:45:10.6572864Z [1m[92m   Compiling[0m tree-sitter-regex v0.24.3
2026-10-07T19:45:10.6678058Z [1m[92m   Compiling[0m tree-sitter-gomod v1.1.1 (https://github.com/camdencheek/tree-sitter-go-mod?rev=2e886870578eeba1927a2dc4bd2e2b3f598c5f9a#2e886870)
2026-10-07T19:45:10.7610520Z [1m[92m   Compiling[0m tree-sitter-diff v0.1.0
2026-10-07T19:45:10.7864450Z [1m[92m   Compiling[0m tree-sitter-c v0.24.1
2026-10-07T19:45:10.7983480Z [1m[92m   Compiling[0m tree-sitter-md v0.3.2 (https://github.com/zed-industries/tree-sitter-markdown?rev=b596e737286780d7bfa9fcddceaeeb754574b352#b596e737)
2026-10-07T19:45:10.8937802Z [1m[92m   Compiling[0m httpdate v1.0.3
2026-10-07T19:45:19.1839885Z [1m[92m   Compiling[0m nucleo v0.5.0
2026-10-07T19:45:19.2323508Z [1m[92m   Compiling[0m fuzzy v0.1.0 (/home/runner/work/koda/koda/crates/fuzzy)
2026-10-07T19:45:19.4153845Z [1m[92m   Compiling[0m lsp-types v0.95.1 (https://github.com/zed-industries/lsp-types?rev=f1783e63a7f4eb4397bf51d4148b4895a1f7ab16#f1783e63)
2026-10-07T19:45:19.6583693Z [1m[92m   Compiling[0m async-pipe v0.1.3 (https://github.com/zed-industries/async-pipe-rs?rev=82d00a04211cf4e1236029aa03e6b6ce2a74c553#82d00a04)
2026-10-07T19:45:20.4816323Z [1m[92m   Compiling[0m language_core v0.1.0 (/home/runner/work/koda/koda/crates/language_core)
2026-10-07T19:45:21.9702894Z [1m[92m   Compiling[0m language v0.1.0 (/home/runner/work/koda/koda/crates/language)
2026-10-07T19:45:22.1013120Z [1m[92m   Compiling[0m grammars v0.1.0 (/home/runner/work/koda/koda/crates/grammars)
2026-10-07T19:45:22.3379347Z [1m[92m   Compiling[0m fuzzy_nucleo v0.1.0 (/home/runner/work/koda/koda/crates/fuzzy_nucleo)
2026-10-07T19:45:22.4794407Z [1m[92m   Compiling[0m chardetng v0.1.17
2026-10-07T19:45:22.7672663Z [1m[92m   Compiling[0m diffy v0.4.2
2026-10-07T19:45:22.8058733Z [1m[92m   Compiling[0m hmac v0.12.1
2026-10-07T19:45:22.8861099Z [1m[92m   Compiling[0m credentials_provider v0.1.0 (/home/runner/work/koda/koda/crates/credentials_provider)
2026-10-07T19:45:23.4793291Z [1m[92m   Compiling[0m phf_codegen v0.13.1
2026-10-07T19:45:23.5532728Z [1m[92m   Compiling[0m ascii v1.1.0
2026-10-07T19:45:23.8284097Z [1m[92m   Compiling[0m chunked_transfer v1.5.0
2026-10-07T19:45:23.9153035Z [1m[92m   Compiling[0m tiny_http v0.12.0
2026-10-07T19:45:24.6542943Z [1m[92m   Compiling[0m cloud_api_types v0.1.0 (/home/runner/work/koda/koda/crates/cloud_api_types)
2026-10-07T19:45:25.4853174Z [1m[92m   Compiling[0m gpui_tokio v0.1.0 (/home/runner/work/koda/koda/crates/gpui_tokio)
2026-10-07T19:45:25.7132966Z [1m[92m   Compiling[0m lsp v0.1.0 (/home/runner/work/koda/koda/crates/lsp)
2026-10-07T19:45:25.7772701Z [1m[92m   Compiling[0m bzip2-sys v0.1.13+1.0.8
2026-10-07T19:45:26.1112720Z [1m[92m   Compiling[0m tower v0.5.2
2026-10-07T19:45:27.1687995Z [1m[92m   Compiling[0m password-hash v0.4.2
2026-10-07T19:45:27.5743510Z [1m[92m   Compiling[0m icons v0.1.0 (/home/runner/work/koda/koda/crates/icons)
2026-10-07T19:45:27.9207784Z [1m[92m   Compiling[0m nom v8.0.0
2026-10-07T19:45:28.7022832Z [1m[92m   Compiling[0m hyper-rustls v0.27.9
2026-10-07T19:45:28.8913387Z [1m[92m   Compiling[0m bzip2 v0.4.4
2026-10-07T19:45:29.0352691Z [1m[92m   Compiling[0m pbkdf2 v0.11.0
2026-10-07T19:45:29.1941507Z [1m[92m   Compiling[0m constant_time_eq v0.1.5
2026-10-07T19:45:29.2502768Z [1m[92m   Compiling[0m fs2 v0.4.3
2026-10-07T19:45:29.3393243Z [1m[92m   Compiling[0m zip v0.6.6
2026-10-07T19:45:29.3662943Z [1m[92m   Compiling[0m new_debug_unreachable v1.0.6
2026-10-07T19:45:29.4173143Z [1m[92m   Compiling[0m feature_flags_macros v0.1.0 (/home/runner/work/koda/koda/crates/feature_flags_macros)
2026-10-07T19:45:29.9392631Z [1m[92m   Compiling[0m precomputed-hash v0.1.1
2026-10-07T19:45:29.9803113Z [1m[92m   Compiling[0m proxy_handshake v0.1.0 (/home/runner/work/koda/koda/crates/proxy_handshake)
2026-10-07T19:45:30.1590154Z [1m[92m   Compiling[0m yawc v0.4.2
2026-10-07T19:45:30.2073404Z [1m[92m   Compiling[0m worktree v0.1.0 (/home/runner/work/koda/koda/crates/worktree)
2026-10-07T19:45:31.3283139Z [1m[92m   Compiling[0m cloud_api_client v0.1.0 (/home/runner/work/koda/koda/crates/cloud_api_client)
2026-10-07T19:45:32.0293719Z [1m[92m   Compiling[0m zed_credentials_provider v0.1.0 (/home/runner/work/koda/koda/crates/zed_credentials_provider)
2026-10-07T19:45:32.3183262Z [1m[92m   Compiling[0m feature_flags v0.1.0 (/home/runner/work/koda/koda/crates/feature_flags)
2026-10-07T19:45:32.3962773Z [1m[92m   Compiling[0m itertools v0.15.0
2026-10-07T19:45:32.7903011Z [1m[92m   Compiling[0m client v0.1.0 (/home/runner/work/koda/koda/crates/client)
2026-10-07T19:45:32.8746933Z [1m[92m   Compiling[0m arraydeque v0.5.1
2026-10-07T19:45:33.0113571Z [1m[92m   Compiling[0m dtoa v1.0.10
2026-10-07T19:45:33.0992743Z [1m[92m   Compiling[0m ucd-trie v0.1.7
2026-10-07T19:45:33.2572825Z [1m[92m   Compiling[0m dtoa-short v0.3.5
2026-10-07T19:45:33.3303186Z [1m[92m   Compiling[0m node_runtime v0.1.0 (/home/runner/work/koda/koda/crates/node_runtime)
2026-10-07T19:45:33.5763068Z [1m[92m   Compiling[0m optfield v0.4.0
2026-10-07T19:45:34.0426098Z [1m[92m   Compiling[0m minimal-lexical v0.2.1
2026-10-07T19:45:34.2462831Z [1m[92m   Compiling[0m nom v7.1.3
2026-10-07T19:45:34.2653109Z [1m[92m   Compiling[0m documented-macros v0.10.0
2026-10-07T19:45:34.4532721Z [1m[92m   Compiling[0m string_cache_codegen v0.6.1
2026-10-07T19:45:34.7872825Z [1m[92m   Compiling[0m mime_guess v2.0.5
2026-10-07T19:45:35.0192766Z [1m[92m   Compiling[0m home v0.5.11
2026-10-07T19:45:35.0193859Z [1m[92m   Compiling[0m documented v0.10.0
2026-10-07T19:45:35.1121761Z [1m[92m   Compiling[0m web_atoms v0.2.6
2026-10-07T19:45:35.1310955Z [1m[92m   Compiling[0m ui v0.1.0 (/home/runner/work/koda/koda/crates/ui)
2026-10-07T19:45:35.4572788Z [1m[92m   Compiling[0m string_cache v0.9.0
2026-10-07T19:45:35.4748652Z [1m[92m   Compiling[0m tokio-socks v0.5.2
2026-10-07T19:45:35.7287955Z [1m[92m   Compiling[0m dap-types v0.0.1 (https://github.com/zed-industries/dap-types?rev=1b461b310481d01e02b2603c16d7144b926339f8#1b461b31)
2026-10-07T19:45:35.7677349Z [1m[92m   Compiling[0m num-format v0.4.4
2026-10-07T19:45:35.8082844Z [1m[92m   Compiling[0m ui_macros v0.1.0 (/home/runner/work/koda/koda/crates/ui_macros)
2026-10-07T19:45:36.2252772Z [1m[92m   Compiling[0m ordered-float v5.5.0
2026-10-07T19:45:36.4952899Z [1m[92m   Compiling[0m unicode-general-category v1.1.0
2026-10-07T19:45:37.0053892Z [1m[92m   Compiling[0m zed-reqwest v0.12.15-zed (https://github.com/zed-industries/reqwest.git?rev=33bc764aa15ff7b200bf7c93bd96e24878d53e14#33bc764a)
2026-10-07T19:45:37.1238321Z [1m[92m   Compiling[0m tar v0.4.46
2026-10-07T19:45:37.7893277Z [1m[92m   Compiling[0m tendril v0.5.1
2026-10-07T19:45:38.0022772Z [1m[92m   Compiling[0m selectors v0.37.0
2026-10-07T19:45:38.2294028Z [1m[92m   Compiling[0m theme_settings v0.1.0 (/home/runner/work/koda/koda/crates/theme_settings)
2026-10-07T19:45:38.7733081Z [1m[92m   Compiling[0m component v0.1.0 (/home/runner/work/koda/koda/crates/component)
2026-10-07T19:45:38.9552944Z [1m[92m   Compiling[0m cssparser-macros v0.6.1
2026-10-07T19:45:39.2143556Z [1m[92m   Compiling[0m icu_locale_fallback_data v2.3.0
2026-10-07T19:45:39.2532822Z [1m[92m   Compiling[0m cssparser v0.36.0
2026-10-07T19:45:39.3363699Z [1m[92m   Compiling[0m dap v0.1.0 (/home/runner/work/koda/koda/crates/dap)
2026-10-07T19:45:39.5732801Z [1m[92m   Compiling[0m markup5ever v0.39.0
2026-10-07T19:45:39.8113203Z [1m[92m   Compiling[0m htmlize v1.1.0
2026-10-07T19:45:40.1212966Z [1m[92m   Compiling[0m menu v0.1.0 (/home/runner/work/koda/koda/crates/menu)
2026-10-07T19:45:40.1712864Z [1m[92m   Compiling[0m servo_arc v0.4.3
2026-10-07T19:45:40.2632929Z [1m[92m   Compiling[0m icu_collator_data v2.3.0
2026-10-07T19:45:40.3069299Z [1m[92m   Compiling[0m android_tools v0.1.0 (/home/runner/work/koda/koda/crates/android_tools)
2026-10-07T19:45:40.3596937Z [1m[92m   Compiling[0m lalrpop-util v0.23.1
2026-10-07T19:45:41.0842924Z [1m[92m   Compiling[0m pastey v0.1.1
2026-10-07T19:45:41.2383586Z [1m[92m   Compiling[0m vcpkg v0.2.15
2026-10-07T19:45:41.4212891Z [1m[92m   Compiling[0m pulldown-cmark v0.13.4
2026-10-07T19:45:41.6824285Z [1m[92m   Compiling[0m lol_html v3.0.1
2026-10-07T19:45:41.7712280Z [1m[92m   Compiling[0m icu_locale_fallback v2.3.0
2026-10-07T19:45:42.0859595Z [1m[92m   Compiling[0m html5ever v0.39.0
2026-10-07T19:45:42.7742644Z [1m[92m   Compiling[0m json5 v1.3.1
2026-10-07T19:45:42.9632835Z [1m[92m   Compiling[0m granit-parser v1.0.0
2026-10-07T19:45:43.1653019Z [1m[92m   Compiling[0m dugong-graphlib v0.8.0-alpha.5
2026-10-07T19:45:43.5422731Z [1m[92m   Compiling[0m ryu-js v1.0.2
2026-10-07T19:45:43.7204456Z [1m[92m   Compiling[0m merman-core v0.8.0-alpha.5
2026-10-07T19:45:43.8082774Z [1m[92m   Compiling[0m dugong v0.8.0-alpha.5
2026-10-07T19:45:46.6702697Z [1m[92m   Compiling[0m icu_collator v2.3.0
2026-10-07T19:45:48.8578613Z [1m[92m   Compiling[0m oauth_callback_server v0.1.0 (/home/runner/work/koda/koda/crates/oauth_callback_server)
2026-10-07T19:45:49.1296348Z [1m[92m   Compiling[0m roughr-merman v0.12.3
2026-10-07T19:45:49.5182866Z [1m[92m   Compiling[0m manatee v0.8.0-alpha.5
2026-10-07T19:45:49.7243343Z [1m[92m   Compiling[0m quick-xml v0.41.0
2026-10-07T19:45:50.4312676Z [1m[92m   Compiling[0m indoc v2.0.6
2026-10-07T19:45:50.6690679Z [1m[92m   Compiling[0m extension v0.1.0 (/home/runner/work/koda/koda/crates/extension)
2026-10-07T19:45:51.0924451Z [1m[92m   Compiling[0m sysinfo v0.39.6
2026-10-07T19:45:52.0323189Z [1m[92m   Compiling[0m signal-hook v0.4.4
2026-10-07T19:45:52.1422720Z [1m[92m   Compiling[0m xml5ever v0.39.0
2026-10-07T19:45:52.1547927Z [1m[92m   Compiling[0m cursor-icon v1.2.0
2026-10-07T19:45:52.2434637Z [1m[92m   Compiling[0m vte v0.15.0
2026-10-07T19:45:52.5292652Z [1m[92m   Compiling[0m markup5ever_rcdom v0.39.0+unofficial
2026-10-07T19:45:52.7873010Z [1m[92m   Compiling[0m snippet v0.1.0 (/home/runner/work/koda/koda/crates/snippet)
2026-10-07T19:45:52.9252966Z [1m[92m   Compiling[0m rustix-openpty v0.2.0
2026-10-07T19:45:52.9652735Z [1m[92m   Compiling[0m buffer_diff v0.1.0 (/home/runner/work/koda/koda/crates/buffer_diff)
2026-10-07T19:45:53.0543504Z [1m[92m   Compiling[0m alacritty_terminal v0.26.1-dev (https://github.com/zed-industries/alacritty?rev=4c129667ce56611becdc82de6e28218c80e2e88f#4c129667)
2026-10-07T19:45:54.1492877Z [1m[92m   Compiling[0m fancy-regex v0.19.0
2026-10-07T19:45:54.1743291Z [1m[92m   Compiling[0m snippet_provider v0.1.0 (/home/runner/work/koda/koda/crates/snippet_provider)
2026-10-07T19:45:55.0174916Z [1m[92m   Compiling[0m merman-render v0.8.0-alpha.5
2026-10-07T19:45:55.2704967Z [1m[92m   Compiling[0m pori v0.0.0
2026-10-07T19:45:55.3593107Z [1m[92m   Compiling[0m env_var v0.1.0 (/home/runner/work/koda/koda/crates/env_var)
2026-10-07T19:45:55.4432744Z [1m[92m   Compiling[0m linkify v0.10.0
2026-10-07T19:45:55.5756041Z [1m[92m   Compiling[0m wax v0.7.0
2026-10-07T19:46:02.1863299Z [1m[92m   Compiling[0m terminal v0.1.0 (/home/runner/work/koda/koda/crates/terminal)
2026-10-07T19:46:02.9213662Z [1m[92m   Compiling[0m context_server v0.1.0 (/home/runner/work/koda/koda/crates/context_server)
2026-10-07T19:46:04.5462894Z [1m[92m   Compiling[0m prettier v0.1.0 (/home/runner/work/koda/koda/crates/prettier)
2026-10-07T19:46:05.0862966Z [1m[92m   Compiling[0m remote v0.1.0 (/home/runner/work/koda/koda/crates/remote)
2026-10-07T19:46:06.1403338Z [1m[92m   Compiling[0m git_hosting_providers v0.1.0 (/home/runner/work/koda/koda/crates/git_hosting_providers)
2026-10-07T19:46:07.3732553Z [1m[92m   Compiling[0m circular-buffer v1.2.0
2026-10-07T19:46:07.5362889Z [1m[92m   Compiling[0m libsqlite3-sys v0.30.1
2026-10-07T19:46:09.0044970Z [1m[92m   Compiling[0m language_model v0.1.0 (/home/runner/work/koda/koda/crates/language_model)
2026-10-07T19:46:10.4002740Z [1m[92m   Compiling[0m merman v0.8.0-alpha.5
2026-10-07T19:46:10.6410288Z [1m[92m   Compiling[0m mermaid_render v0.1.0 (/home/runner/work/koda/koda/crates/mermaid_render)
2026-10-07T19:46:11.3322972Z [1m[92m   Compiling[0m markdown v0.1.0 (/home/runner/work/koda/koda/crates/markdown)
2026-10-07T19:46:12.1857400Z [1m[92m   Compiling[0m unicode_categories v0.1.1
2026-10-07T19:46:12.3062663Z [1m[92m   Compiling[0m sqlformat v0.2.6
2026-10-07T19:46:15.6773964Z [1m[92m   Compiling[0m sqlez v0.1.0 (/home/runner/work/koda/koda/crates/sqlez)
2026-10-07T19:46:16.9339340Z [1m[92m   Compiling[0m zed_env_vars v0.1.0 (/home/runner/work/koda/koda/crates/zed_env_vars)
2026-10-07T19:46:17.0033516Z [1m[92m   Compiling[0m ui_input v0.1.0 (/home/runner/work/koda/koda/crates/ui_input)
2026-10-07T19:46:17.0973081Z [1m[92m   Compiling[0m sqlez_macros v0.1.0 (/home/runner/work/koda/koda/crates/sqlez_macros)
2026-10-07T19:46:17.3472858Z [1m[92m   Compiling[0m async-recursion v1.1.1
2026-10-07T19:46:17.4382839Z [1m[92m   Compiling[0m db v0.1.0 (/home/runner/work/koda/koda/crates/db)
2026-10-07T19:46:17.7903276Z [1m[92m   Compiling[0m any_vec v0.14.0
2026-10-07T19:46:17.9603214Z [1m[92m   Compiling[0m session v0.1.0 (/home/runner/work/koda/koda/crates/session)
2026-10-07T19:46:18.0032812Z [1m[92m   Compiling[0m crunchy v0.2.4
2026-10-07T19:46:18.1762557Z [1m[92m   Compiling[0m tiny-keccak v2.0.2
2026-10-07T19:46:18.3322610Z [1m[92m   Compiling[0m ahash v0.8.12
2026-10-07T19:46:18.4959733Z [1m[92m   Compiling[0m num-bigint v0.4.8
2026-10-07T19:46:18.5068238Z [1m[92m   Compiling[0m const-random-macro v0.1.16
2026-10-07T19:46:18.7092840Z [1m[92m   Compiling[0m const-random v0.1.18
2026-10-07T19:46:18.9242832Z [1m[92m   Compiling[0m project v0.1.0 (/home/runner/work/koda/koda/crates/project)
2026-10-07T19:46:19.6112834Z [1m[92m   Compiling[0m toml_edit v0.23.7
2026-10-07T19:46:20.4165165Z [1m[92m   Compiling[0m proc-macro-crate v3.4.0
2026-10-07T19:46:20.4472980Z [1m[92m   Compiling[0m file_icons v0.1.0 (/home/runner/work/koda/koda/crates/file_icons)
2026-10-07T19:46:20.7624748Z [1m[92m   Compiling[0m edit_prediction_types v0.1.0 (/home/runner/work/koda/koda/crates/edit_prediction_types)
2026-10-07T19:46:20.7750240Z [1m[92m   Compiling[0m multi_buffer v0.1.0 (/home/runner/work/koda/koda/crates/multi_buffer)
2026-10-07T19:46:21.7263263Z [1m[92m   Compiling[0m unindent v0.2.4
2026-10-07T19:46:21.8442977Z [1m[92m   Compiling[0m assets v0.1.0 (/home/runner/work/koda/koda/crates/assets)
2026-10-07T19:46:22.0352717Z [1m[92m   Compiling[0m libloading v0.8.9
2026-10-07T19:46:22.0663068Z [1m[92m   Compiling[0m tree-sitter-html v0.23.2
2026-10-07T19:46:22.1672692Z [1m[92m   Compiling[0m fearless_simd v0.4.1
2026-10-07T19:46:22.8723038Z [1m[92m   Compiling[0m vim_mode_setting v0.1.0 (/home/runner/work/koda/koda/crates/vim_mode_setting)
2026-10-07T19:46:23.3441104Z [1m[92m   Compiling[0m emojis v0.9.0
2026-10-07T19:46:24.1738011Z [1m[92m   Compiling[0m hashbrown v0.14.5
2026-10-07T19:46:24.4898452Z [1m[92m   Compiling[0m num-rational v0.4.2
2026-10-07T19:46:24.6292651Z [1m[92m   Compiling[0m winnow v1.0.2
2026-10-07T19:46:24.9452812Z [1m[92m   Compiling[0m betlang v0.1.1
2026-10-07T19:46:25.4593822Z [1m[92m   Compiling[0m language_detection v0.1.0 (/home/runner/work/koda/koda/crates/language_detection)
2026-10-07T19:46:25.5273548Z [1m[92m   Compiling[0m zvariant_utils v3.3.1
2026-10-07T19:46:25.5872902Z [1m[92m   Compiling[0m enumflags2_derive v0.7.12
2026-10-07T19:46:25.9494979Z [1m[92m   Compiling[0m zvariant_derive v5.11.0
2026-10-07T19:46:25.9983024Z [1m[92m   Compiling[0m enumflags2 v0.7.12
2026-10-07T19:46:26.1223326Z [1m[92m   Compiling[0m dlib v0.5.3
2026-10-07T19:46:26.5148620Z [1m[92m   Compiling[0m serde_bytes v0.11.19
2026-10-07T19:46:26.6172929Z [1m[92m   Compiling[0m endi v1.1.0
2026-10-07T19:46:26.7132824Z [1m[92m   Compiling[0m wayland-sys v0.31.11
2026-10-07T19:46:27.7752849Z [1m[92m   Compiling[0m camino v1.2.6
2026-10-07T19:46:27.9944172Z [1m[92m   Compiling[0m zvariant v5.11.0
2026-10-07T19:46:30.4797477Z [1m[92m   Compiling[0m zbus_names v4.3.2
2026-10-07T19:46:31.3032850Z [1m[92m   Compiling[0m scoped-tls v1.0.1
2026-10-07T19:46:31.3662818Z [1m[92m   Compiling[0m quick-xml v0.39.3
2026-10-07T19:46:32.5011531Z [1m[92m   Compiling[0m naga v29.0.4
2026-10-07T19:46:32.6732723Z [1m[92m   Compiling[0m md-5 v0.10.6
2026-10-07T19:46:33.1164834Z [1m[92m   Compiling[0m wayland-backend v0.3.15
2026-10-07T19:46:33.2432402Z [1m[92m   Compiling[0m bit-vec v0.9.1
2026-10-07T19:46:33.2702937Z [1m[92m   Compiling[0m sys-locale v0.3.2
2026-10-07T19:46:33.3792912Z [1m[92m   Compiling[0m ash v0.38.0+1.3.281
2026-10-07T19:46:33.4392651Z [1m[92m   Compiling[0m bit-set v0.9.1
2026-10-07T19:46:33.5622800Z [1m[92m   Compiling[0m zbus_macros v5.13.2
2026-10-07T19:46:33.9652647Z [1m[92m   Compiling[0m codespan-reporting v0.13.0
2026-10-07T19:46:34.3152869Z [1m[92m   Compiling[0m serde_repr v0.1.20
2026-10-07T19:46:34.6962784Z [1m[92m   Compiling[0m async-broadcast v0.7.2
2026-10-07T19:46:34.8483094Z [1m[92m   Compiling[0m spirv v0.4.0+sdk-1.4.341.0
2026-10-07T19:46:35.4872335Z [1m[92m   Compiling[0m ordered-stream v0.2.0
2026-10-07T19:46:35.7073081Z [1m[92m   Compiling[0m quick-xml v0.37.5
2026-10-07T19:46:36.2862809Z [1m[92m   Compiling[0m khronos-egl v6.0.0
2026-10-07T19:46:36.3764356Z [1m[92m   Compiling[0m hexf-parse v0.2.1
2026-10-07T19:46:36.4642383Z [1m[92m   Compiling[0m wayland-client v0.31.11
2026-10-07T19:46:36.4793011Z [1m[92m   Compiling[0m downcast-rs v1.2.1
2026-10-07T19:46:36.5272289Z [1m[92m   Compiling[0m rustc-hash v1.1.0
2026-10-07T19:46:37.6112874Z [1m[92m   Compiling[0m wayland-scanner v0.31.7
2026-10-07T19:46:38.8303182Z [1m[92m   Compiling[0m zbus v5.13.2
2026-10-07T19:46:46.1243079Z [1m[92m   Compiling[0m agent_settings v0.1.0 (/home/runner/work/koda/koda/crates/agent_settings)
2026-10-07T19:46:47.3272970Z [1m[92m   Compiling[0m workspace v0.1.0 (/home/runner/work/koda/koda/crates/workspace)
2026-10-07T19:46:52.2988120Z [1m[92m   Compiling[0m hkdf v0.12.4
2026-10-07T19:46:52.3742992Z [1m[92m   Compiling[0m wgpu-types v29.0.4
2026-10-07T19:46:54.2292812Z [1m[92m   Compiling[0m wgpu-hal v29.0.4
2026-10-07T19:46:54.4432862Z [1m[92m   Compiling[0m gpu-descriptor-types v0.2.0
2026-10-07T19:46:54.6203609Z [1m[92m   Compiling[0m presser v0.3.1
2026-10-07T19:46:54.7072066Z [1m[92m   Compiling[0m gpu-descriptor v0.3.2
2026-10-07T19:46:54.8913206Z [1m[92m   Compiling[0m wgpu-naga-bridge v29.0.4
2026-10-07T19:46:55.8402789Z [1m[92m   Compiling[0m gpu-allocator v0.28.0
2026-10-07T19:46:56.4184544Z [1m[92m   Compiling[0m breadcrumbs v0.1.0 (/home/runner/work/koda/koda/crates/breadcrumbs)
2026-10-07T19:46:56.5842276Z [1m[92m   Compiling[0m zbus_xml v5.1.1
2026-10-07T19:46:57.0032807Z [1m[92m   Compiling[0m editor v0.1.0 (/home/runner/work/koda/koda/crates/editor)
2026-10-07T19:46:57.1272757Z [1m[92m   Compiling[0m pathfinder_simd v0.5.6
2026-10-07T19:46:57.2423256Z [1m[92m   Compiling[0m font-types v0.11.0
2026-10-07T19:46:57.5178780Z [1m[92m   Compiling[0m font-types v0.10.0
2026-10-07T19:46:57.7893114Z [1m[92m   Compiling[0m yeslogic-fontconfig-sys v6.0.0
2026-10-07T19:46:57.9032797Z [1m[92m   Compiling[0m freetype-sys v0.20.1
2026-10-07T19:46:58.0372378Z [1m[92m   Compiling[0m renderdoc-sys v1.1.0
2026-10-07T19:46:58.1242726Z [1m[92m   Compiling[0m glow v0.17.0
2026-10-07T19:47:03.9135007Z [1m[92m   Compiling[0m read-fonts v0.35.0
2026-10-07T19:47:04.3522731Z [1m[92m   Compiling[0m read-fonts v0.37.0
2026-10-07T19:47:10.1243061Z [1m[92m   Compiling[0m zbus-lockstep v0.5.2
2026-10-07T19:47:10.4349550Z [1m[92m   Compiling[0m wgpu-core v29.0.4
2026-10-07T19:47:10.6633319Z [1m[92m   Compiling[0m num-complex v0.4.6
2026-10-07T19:47:10.8292614Z [1m[92m   Compiling[0m litrs v1.0.0
2026-10-07T19:47:11.0172742Z [1m[92m   Compiling[0m num v0.4.3
2026-10-07T19:47:11.2537738Z [1m[92m   Compiling[0m document-features v0.2.12
2026-10-07T19:47:11.2633049Z [1m[92m   Compiling[0m zbus-lockstep-macros v0.5.2
2026-10-07T19:47:11.6022535Z [1m[92m   Compiling[0m skrifa v0.37.0
2026-10-07T19:47:11.9043601Z [1m[92m   Compiling[0m wgpu-core-deps-windows-linux-android v29.0.4
2026-10-07T19:47:11.9460460Z [1m[92m   Compiling[0m pathdiff v0.2.3
2026-10-07T19:47:12.0052976Z [1m[92m   Compiling[0m wgpu v29.0.4
2026-10-07T19:47:12.3353364Z [1m[92m   Compiling[0m zed-font-kit v0.14.1-zed (https://github.com/zed-industries/font-kit?rev=94b0f28166665e8fd2f53ff6d268a14955c82269#94b0f281)
2026-10-07T19:47:12.4463259Z [1m[92m   Compiling[0m zeno v0.3.3
2026-10-07T19:47:12.8532676Z [1m[92m   Compiling[0m yazi v0.2.1
2026-10-07T19:47:14.4622687Z [1m[92m   Compiling[0m swash v0.2.6
2026-10-07T19:47:17.4802571Z [1m[92m   Compiling[0m pathfinder_geometry v0.5.1
2026-10-07T19:47:17.6442850Z [1m[92m   Compiling[0m atspi-common v0.13.0
2026-10-07T19:47:20.3102439Z [1m[92m   Compiling[0m skrifa v0.40.0
2026-10-07T19:47:20.6423642Z [1m[92m   Compiling[0m harfrust v0.5.0
2026-10-07T19:47:22.0643110Z [1m[92m   Compiling[0m wayland-protocols v0.32.9
2026-10-07T19:47:23.1158678Z [1m[92m   Compiling[0m linebender_resource_handle v0.1.1
2026-10-07T19:47:23.1842833Z [1m[92m   Compiling[0m rangemap v1.7.1
2026-10-07T19:47:23.3782680Z [1m[92m   Compiling[0m float-ord v0.3.2
2026-10-07T19:47:23.4359866Z [1m[92m   Compiling[0m self_cell v1.2.2
2026-10-07T19:47:23.4951144Z [1m[92m   Compiling[0m cosmic-text v0.19.0
2026-10-07T19:47:25.1862680Z [1m[92m   Compiling[0m as-raw-xcb-connection v1.0.1
2026-10-07T19:47:25.2369227Z [1m[92m   Compiling[0m num-bigint-dig v0.9.1
2026-10-07T19:47:25.3292882Z [1m[92m   Compiling[0m xcursor v0.3.10
2026-10-07T19:47:25.5563401Z [1m[92m   Compiling[0m xim-parser v0.2.1 (https://github.com/zed-industries/xim-rs.git?rev=16f35a2c881b815a2b6cdfd6687988e84f8447d8#16f35a2c)
2026-10-07T19:47:25.6882862Z [1m[92m   Compiling[0m atspi-proxies v0.13.0
2026-10-07T19:47:26.6812805Z [1m[92m   Compiling[0m accesskit_consumer v0.38.0
2026-10-07T19:47:26.8823377Z [1m[92m   Compiling[0m gethostname v1.1.0
2026-10-07T19:47:26.9629368Z [1m[92m   Compiling[0m is-docker v0.2.0
2026-10-07T19:47:27.0714567Z [1m[92m   Compiling[0m x11rb-protocol v0.13.2
2026-10-07T19:47:27.4152809Z [1m[92m   Compiling[0m accesskit_atspi_common v0.19.1
2026-10-07T19:47:27.4672897Z [1m[92m   Compiling[0m is-wsl v0.4.0
2026-10-07T19:47:27.5632757Z [1m[92m   Compiling[0m atspi v0.29.0
2026-10-07T19:47:27.6142920Z [1m[92m   Compiling[0m gpui_wgpu v0.1.0 (/home/runner/work/koda/koda/crates/gpui_wgpu)
2026-10-07T19:47:28.1438882Z [1m[92m   Compiling[0m ashpd v0.13.5
2026-10-07T19:47:30.4773073Z [1m[92m   Compiling[0m pbkdf2 v0.12.2
2026-10-07T19:47:30.5355239Z [1m[92m   Compiling[0m cbc v0.1.2
2026-10-07T19:47:30.6122059Z [1m[92m   Compiling[0m xim-ctext v0.3.0 (https://github.com/zed-industries/xim-rs.git?rev=16f35a2c881b815a2b6cdfd6687988e84f8447d8#16f35a2c)
2026-10-07T19:47:30.7441507Z [1m[92m   Compiling[0m calloop v0.14.3 (https://github.com/zed-industries/calloop#eb6b4fd1)
2026-10-07T19:47:30.8293553Z [1m[92m   Compiling[0m xkeysym v0.2.1
2026-10-07T19:47:31.2892994Z [1m[92m   Compiling[0m xkbcommon v0.8.0
2026-10-07T19:47:31.3802942Z [1m[92m   Compiling[0m calloop-wayland-source v0.4.1
2026-10-07T19:47:31.4552717Z [1m[92m   Compiling[0m oo7 v0.6.0
2026-10-07T19:47:31.5177747Z [1m[92m   Compiling[0m accesskit_unix v0.22.1
2026-10-07T19:47:33.4842807Z [1m[92m   Compiling[0m open v5.3.2
2026-10-07T19:47:33.6002806Z [1m[92m   Compiling[0m wayland-protocols-wlr v0.3.9
2026-10-07T19:47:33.8332846Z [1m[92m   Compiling[0m wayland-protocols-plasma v0.3.9
2026-10-07T19:47:34.7272885Z [1m[92m   Compiling[0m wayland-cursor v0.31.11
2026-10-07T19:47:34.9202924Z [1m[92m   Compiling[0m notify-rust v4.18.0
2026-10-07T19:47:35.5312626Z [1m[92m   Compiling[0m x11rb v0.13.2
2026-10-07T19:47:35.9672873Z [1m[92m   Compiling[0m filedescriptor v0.8.3
2026-10-07T19:47:36.1142646Z [1m[92m   Compiling[0m env_filter v0.1.4
2026-10-07T19:47:36.3325501Z [1m[92m   Compiling[0m jiff v0.2.15
2026-10-07T19:47:36.3513406Z [1m[92m   Compiling[0m picker v0.1.0 (/home/runner/work/koda/koda/crates/picker)
2026-10-07T19:47:36.9923001Z [1m[92m   Compiling[0m zed-xim v0.4.0-zed (https://github.com/zed-industries/xim-rs.git?rev=16f35a2c881b815a2b6cdfd6687988e84f8447d8#16f35a2c)
2026-10-07T19:47:37.1716679Z [1m[92m   Compiling[0m gpui_linux v0.1.0 (/home/runner/work/koda/koda/crates/gpui_linux)
2026-10-07T19:47:37.6142993Z [1m[92m   Compiling[0m reqwest_client v0.1.0 (/home/runner/work/koda/koda/crates/reqwest_client)
2026-10-07T19:47:37.9782773Z [1m[92m   Compiling[0m glob v0.3.3
2026-10-07T19:47:38.2602657Z [1m[92m   Compiling[0m http v0.2.12
2026-10-07T19:47:38.2812667Z [1m[92m   Compiling[0m vsimd v0.8.0
2026-10-07T19:47:38.6012725Z [1m[92m   Compiling[0m outref v0.5.2
2026-10-07T19:47:38.6523155Z [1m[92m   Compiling[0m command_palette_hooks v0.1.0 (/home/runner/work/koda/koda/crates/command_palette_hooks)
2026-10-07T19:47:38.9593032Z [1m[92m   Compiling[0m env_logger v0.11.8
2026-10-07T19:47:39.2493251Z [1m[92m   Compiling[0m http-body v0.4.6
2026-10-07T19:47:39.2692692Z [1m[92m   Compiling[0m base64-simd v0.8.0
2026-10-07T19:47:39.4101176Z [1m[92m   Compiling[0m bytes-utils v0.1.4
2026-10-07T19:47:39.5688973Z [1m[92m   Compiling[0m aws-smithy-types v1.4.7
2026-10-07T19:47:39.6123462Z [1m[92m   Compiling[0m pet-fs v0.1.0 (https://github.com/zed-industries/python-environment-tools.git?rev=5aad7164bfc2a58977b103c8ef8fdd7302ed2e9f#5aad7164)
2026-10-07T19:47:39.8078142Z [1m[92m   Compiling[0m aws-smithy-async v1.2.14
2026-10-07T19:47:39.9555452Z [1m[92m   Compiling[0m is-terminal v0.4.16
2026-10-07T19:47:40.0013263Z [1m[92m   Compiling[0m ident_case v1.0.1
2026-10-07T19:47:40.0122760Z [1m[92m   Compiling[0m humantime v2.3.0
2026-10-07T19:47:40.0649448Z [1m[92m   Compiling[0m pet-core v0.1.0 (https://github.com/zed-industries/python-environment-tools.git?rev=5aad7164bfc2a58977b103c8ef8fdd7302ed2e9f#5aad7164)
2026-10-07T19:47:40.1998232Z [1m[92m   Compiling[0m aws-smithy-runtime-api v1.11.4
2026-10-07T19:47:40.5063075Z [1m[92m   Compiling[0m gpui_platform v0.1.0 (/home/runner/work/koda/koda/crates/gpui_platform)
2026-10-07T19:47:40.7932671Z [1m[92m   Compiling[0m env_logger v0.10.2
2026-10-07T19:47:41.1463462Z [1m[92m   Compiling[0m crossbeam-channel v0.5.15
2026-10-07T19:47:41.4204423Z [1m[92m   Compiling[0m der v0.6.1
2026-10-07T19:47:41.4950229Z [1m[92m   Compiling[0m io-lifetimes v2.0.4
2026-10-07T19:47:41.6754197Z [1m[92m   Compiling[0m io-lifetimes v3.0.1
2026-10-07T19:47:41.7133887Z [1m[92m   Compiling[0m pet-python-utils v0.1.0 (https://github.com/zed-industries/python-environment-tools.git?rev=5aad7164bfc2a58977b103c8ef8fdd7302ed2e9f#5aad7164)
2026-10-07T19:47:42.1555451Z [1m[92m   Compiling[0m spki v0.6.0
2026-10-07T19:47:42.1662563Z [1m[92m   Compiling[0m io-extras v0.19.0
2026-10-07T19:47:42.3352919Z [1m[92m   Compiling[0m pkcs8 v0.9.0
2026-10-07T19:47:42.4952900Z [1m[92m   Compiling[0m crypto-bigint v0.4.9
2026-10-07T19:47:42.5509767Z [1m[92m   Compiling[0m ff v0.12.1
2026-10-07T19:47:42.6114254Z [1m[92m   Compiling[0m cap-primitives v4.0.3
2026-10-07T19:47:42.6233816Z [1m[92m   Compiling[0m unsafe-libyaml v0.2.11
2026-10-07T19:47:42.7792826Z [1m[92m   Compiling[0m base16ct v0.1.1
2026-10-07T19:47:42.9077585Z [1m[92m   Compiling[0m sec1 v0.3.0
2026-10-07T19:47:43.0941726Z [1m[92m   Compiling[0m group v0.12.1
2026-10-07T19:47:43.1034100Z [1m[92m   Compiling[0m fs-set-times v0.20.3
2026-10-07T19:47:43.2514709Z [1m[92m   Compiling[0m aws-smithy-eventstream v0.60.20
2026-10-07T19:47:43.2590638Z [1m[92m   Compiling[0m tokio-stream v0.1.17
2026-10-07T19:47:43.4673284Z [1m[92m   Compiling[0m rustix-linux-procfs v0.1.1
2026-10-07T19:47:43.5166076Z [1m[92m   Compiling[0m ambient-authority v0.0.2
2026-10-07T19:47:43.5650341Z [1m[92m   Compiling[0m maybe-owned v0.3.4
2026-10-07T19:47:43.6072615Z [1m[92m   Compiling[0m cap-std v4.0.3
2026-10-07T19:47:43.6505208Z [1m[92m   Compiling[0m aws-smithy-http v0.63.4
2026-10-07T19:47:43.8559154Z [1m[92m   Compiling[0m cfg-expr v0.20.9
2026-10-07T19:47:44.0153762Z [1m[92m   Compiling[0m elliptic-curve v0.12.3
2026-10-07T19:47:44.2542784Z [1m[92m   Compiling[0m rfc6979 v0.3.1
2026-10-07T19:47:44.2934558Z [1m[92m   Compiling[0m hashlink v0.8.4
2026-10-07T19:47:44.3168995Z [1m[92m   Compiling[0m signature v1.6.4
2026-10-07T19:47:44.3398379Z [1m[92m   Compiling[0m cap-fs-ext v4.0.3
2026-10-07T19:47:44.4021690Z [1m[92m   Compiling[0m cpufeatures v0.3.0
2026-10-07T19:47:44.4532810Z [1m[92m   Compiling[0m portable-atomic v1.11.1
2026-10-07T19:47:44.4996873Z [1m[92m   Compiling[0m version-compare v0.2.0
2026-10-07T19:47:44.5520248Z [1m[92m   Compiling[0m yaml-rust2 v0.8.1
2026-10-07T19:47:44.6832248Z [1m[92m   Compiling[0m system-deps v7.0.7
2026-10-07T19:47:44.7759218Z [1m[92m   Compiling[0m chacha20 v0.10.1
2026-10-07T19:47:44.9772841Z [1m[92m   Compiling[0m ecdsa v0.14.8
2026-10-07T19:47:45.1853041Z [1m[92m   Compiling[0m aws-credential-types v1.2.12
2026-10-07T19:47:45.2403036Z [1m[92m   Compiling[0m aws-types v1.3.12
2026-10-07T19:47:45.2981820Z [1m[92m   Compiling[0m moka v0.12.11
2026-10-07T19:47:45.4130055Z [1m[92m   Compiling[0m p256 v0.11.1
2026-10-07T19:47:45.4222622Z [1m[92m   Compiling[0m rand v0.10.2
2026-10-07T19:47:45.4709679Z [1m[92m   Compiling[0m aws-smithy-http-client v1.1.10
2026-10-07T19:47:45.7864163Z [1m[92m   Compiling[0m aws-smithy-observability v0.2.5
2026-10-07T19:47:45.8582742Z [1m[92m   Compiling[0m wasmtime-wasi-io v48.0.1
2026-10-07T19:47:45.9584164Z [1m[92m   Compiling[0m crypto-bigint v0.5.5
2026-10-07T19:47:45.9676271Z [1m[92m   Compiling[0m tagptr v0.2.0
2026-10-07T19:47:46.0593659Z [1m[92m   Compiling[0m extension_host v0.1.0 (/home/runner/work/koda/koda/crates/extension_host)
2026-10-07T19:47:46.8346213Z [1m[92m   Compiling[0m aws-sigv4 v1.4.0
2026-10-07T19:47:46.9056014Z [1m[92m   Compiling[0m wasmtime-wasi v48.0.1
2026-10-07T19:47:46.9222842Z [1m[92m   Compiling[0m aws-smithy-runtime v1.10.1
2026-10-07T19:47:47.9403403Z [1m[92m   Compiling[0m pet-virtualenv v0.1.0 (https://github.com/zed-industries/python-environment-tools.git?rev=5aad7164bfc2a58977b103c8ef8fdd7302ed2e9f#5aad7164)
2026-10-07T19:47:48.0520751Z [1m[92m   Compiling[0m aws-smithy-json v0.62.5
2026-10-07T19:47:48.1082590Z [1m[92m   Compiling[0m open_ai v0.1.0 (/home/runner/work/koda/koda/crates/open_ai)
2026-10-07T19:47:48.3183231Z [1m[92m   Compiling[0m phf_shared v0.11.3
2026-10-07T19:47:48.4388333Z [1m[92m   Compiling[0m scratch v1.0.9 (/home/runner/work/koda/koda/tooling/corgi/patches/scratch)
2026-10-07T19:47:48.5742209Z [1m[92m   Compiling[0m regex-lite v0.1.8
2026-10-07T19:47:49.2212783Z [1m[92m   Compiling[0m aws-runtime v1.7.0
2026-10-07T19:47:50.3712855Z [1m[92m   Compiling[0m pest v2.8.3
2026-10-07T19:47:50.7452616Z [1m[92m   Compiling[0m phf_generator v0.11.3
2026-10-07T19:47:50.8833305Z [1m[92m   Compiling[0m darling_core v0.23.0
2026-10-07T19:47:51.3533462Z [1m[92m   Compiling[0m anthropic v0.1.0 (/home/runner/work/koda/koda/crates/anthropic)
2026-10-07T19:47:51.9162624Z [1m[92m   Compiling[0m link-cplusplus v1.0.12
2026-10-07T19:47:52.4488840Z [1m[92m   Compiling[0m pest_meta v2.8.3
2026-10-07T19:47:53.1493238Z [1m[92m   Compiling[0m darling_macro v0.23.0
2026-10-07T19:47:53.3560024Z [1m[92m   Compiling[0m phf_macros v0.11.3
2026-10-07T19:47:53.7422647Z [1m[92m   Compiling[0m glib-sys v0.21.5
2026-10-07T19:47:53.7559833Z [1m[92m   Compiling[0m tower-http v0.6.11
2026-10-07T19:47:53.7884114Z [1m[92m   Compiling[0m pbjson-build v0.9.0
2026-10-07T19:47:53.8777385Z [1m[92m   Compiling[0m bincode v1.3.3
2026-10-07T19:47:54.0512777Z [1m[92m   Compiling[0m cxxbridge-flags v1.0.187
2026-10-07T19:47:54.0988538Z [1m[92m   Compiling[0m cxx v1.0.187
2026-10-07T19:47:54.2033395Z [1m[92m   Compiling[0m reqwest v0.12.24
2026-10-07T19:47:54.3172737Z [1m[92m   Compiling[0m phf v0.11.3
2026-10-07T19:47:54.3482746Z [1m[92m   Compiling[0m pbjson-types v0.9.0
2026-10-07T19:47:54.4153179Z [1m[92m   Compiling[0m darling v0.23.0
2026-10-07T19:47:54.4660556Z [1m[92m   Compiling[0m pest_generator v2.8.3
2026-10-07T19:47:54.7893432Z [1m[92m   Compiling[0m gobject-sys v0.21.5
2026-10-07T19:47:54.9373522Z [1m[92m   Compiling[0m pet-jsonrpc v0.1.0 (https://github.com/zed-industries/python-environment-tools.git?rev=5aad7164bfc2a58977b103c8ef8fdd7302ed2e9f#5aad7164)
2026-10-07T19:47:55.1533192Z [1m[92m   Compiling[0m picker_preview v0.1.0 (/home/runner/work/koda/koda/crates/picker_preview)
2026-10-07T19:47:55.9863514Z [1m[92m   Compiling[0m webrtc-sys-build v0.3.13 (https://github.com/zed-industries/livekit-rust-sdks?rev=0a1c519cfce9b365229026b55de9b9dbdb6fed3c#0a1c519c)
2026-10-07T19:47:56.3685758Z [1m[92m   Compiling[0m cxx-build v1.0.187
2026-10-07T19:47:57.3282779Z [1m[92m   Compiling[0m pest_derive v2.8.3
2026-10-07T19:47:57.5035122Z [1m[92m   Compiling[0m pet-reporter v0.1.0 (https://github.com/zed-industries/python-environment-tools.git?rev=5aad7164bfc2a58977b103c8ef8fdd7302ed2e9f#5aad7164)
2026-10-07T19:47:58.0049410Z [1m[92m   Compiling[0m doxygen-rs v0.4.2
2026-10-07T19:47:58.6101771Z [1m[92m   Compiling[0m gio-sys v0.21.5
2026-10-07T19:47:59.5507703Z [1m[92m   Compiling[0m symphonia-core v0.5.5
2026-10-07T19:47:59.8714847Z [1m[92m   Compiling[0m pbjson v0.9.0
2026-10-07T19:47:59.9311136Z [1m[92m   Compiling[0m alsa-sys v0.3.1
2026-10-07T19:48:00.5209661Z [1m[92m   Compiling[0m webrtc-sys v0.3.23 (https://github.com/zed-industries/livekit-rust-sdks?rev=0a1c519cfce9b365229026b55de9b9dbdb6fed3c#0a1c519c)
2026-10-07T19:48:01.1712926Z [1m[92m   Compiling[0m lmdb-master-sys v0.2.5
2026-10-07T19:48:01.3194952Z [1m[92m   Compiling[0m copilot_chat v0.1.0 (/home/runner/work/koda/koda/crates/copilot_chat)
2026-10-07T19:48:01.4023975Z [1m[92m   Compiling[0m livekit-runtime v0.4.0 (https://github.com/zed-industries/livekit-rust-sdks?rev=0a1c519cfce9b365229026b55de9b9dbdb6fed3c#0a1c519c)
2026-10-07T19:48:01.4602964Z [1m[92m   Compiling[0m channel v0.1.0 (/home/runner/work/koda/koda/crates/channel)
2026-10-07T19:48:01.9512645Z [1m[92m   Compiling[0m cxxbridge-macro v1.0.187
2026-10-07T19:48:03.0412688Z [1m[92m   Compiling[0m xmlparser v0.13.6
2026-10-07T19:48:03.3282898Z [1m[92m   Compiling[0m aws-smithy-xml v0.60.15
2026-10-07T19:48:03.5124007Z [1m[92m   Compiling[0m livekit-protocol v0.7.1 (https://github.com/zed-industries/livekit-rust-sdks?rev=0a1c519cfce9b365229026b55de9b9dbdb6fed3c#0a1c519c)
2026-10-07T19:48:06.1023249Z [1m[92m   Compiling[0m symphonia-metadata v0.5.5
2026-10-07T19:48:06.7002267Z [1m[92m   Compiling[0m pet-conda v0.1.0 (https://github.com/zed-industries/python-environment-tools.git?rev=5aad7164bfc2a58977b103c8ef8fdd7302ed2e9f#5aad7164)
2026-10-07T19:48:07.8065547Z [1m[92m   Compiling[0m serde_yaml_ng v0.10.0
2026-10-07T19:48:08.8242629Z [1m[92m   Compiling[0m glib-macros v0.21.5
2026-10-07T19:48:10.7702841Z [1m[92m   Compiling[0m heed-traits v0.20.0
2026-10-07T19:48:10.8164361Z [1m[92m   Compiling[0m cpal v0.17.1
2026-10-07T19:48:10.9810384Z [1m[92m   Compiling[0m extended v0.1.0
2026-10-07T19:48:11.0718716Z [1m[92m   Compiling[0m heed v0.21.0
2026-10-07T19:48:11.2019019Z [1m[92m   Compiling[0m symphonia-format-riff v0.5.5
2026-10-07T19:48:11.2722688Z [1m[92m   Compiling[0m glib v0.21.5
2026-10-07T19:48:11.4282721Z [1m[92m   Compiling[0m heed-types v0.21.0
2026-10-07T19:48:11.5411122Z [1m[92m   Compiling[0m alsa v0.10.0
2026-10-07T19:48:12.6213022Z [1m[92m   Compiling[0m copilot v0.1.0 (/home/runner/work/koda/koda/crates/copilot)
2026-10-07T19:48:14.9947849Z [1m[92m   Compiling[0m symphonia-codec-pcm v0.5.5
2026-10-07T19:48:15.3163052Z [1m[92m   Compiling[0m aws-smithy-query v0.60.15
2026-10-07T19:48:15.4372525Z [1m[92m   Compiling[0m proxyvars v0.2.0
2026-10-07T19:48:15.6172877Z [1m[92m   Compiling[0m synchronoise v1.0.1
2026-10-07T19:48:15.8482789Z [1m[92m   Compiling[0m dasp_sample v0.11.0
2026-10-07T19:48:16.0449562Z [1m[92m   Compiling[0m shell-words v1.1.0
2026-10-07T19:48:17.1882830Z [1m[92m   Compiling[0m aws-sdk-sts v1.98.0
2026-10-07T19:48:17.4462697Z [1m[92m   Compiling[0m symphonia v0.5.5
2026-10-07T19:48:17.5428415Z [1m[92m   Compiling[0m copilot_ui v0.1.0 (/home/runner/work/koda/koda/crates/copilot_ui)
2026-10-07T19:48:18.5708700Z [1m[92m   Compiling[0m agent_skills v0.1.0 (/home/runner/work/koda/koda/crates/agent_skills)
2026-10-07T19:48:19.0553151Z [1m[92m   Compiling[0m notifications v0.1.0 (/home/runner/work/koda/koda/crates/notifications)
2026-10-07T19:48:19.2152794Z [1m[92m   Compiling[0m handlebars v4.5.0
2026-10-07T19:48:20.0573251Z [1m[92m   Compiling[0m aws-sdk-ssooidc v1.96.0
2026-10-07T19:48:20.2172751Z [1m[92m   Compiling[0m aws-sdk-sso v1.94.0
2026-10-07T19:48:21.0263281Z [1m[92m   Compiling[0m ai_onboarding v0.1.0 (/home/runner/work/koda/koda/crates/ai_onboarding)
2026-10-07T19:48:21.8933356Z [1m[92m   Compiling[0m ollama v0.1.0 (/home/runner/work/koda/koda/crates/ollama)
2026-10-07T19:48:22.1933308Z [1m[92m   Compiling[0m rand_distr v0.5.1
2026-10-07T19:48:22.6422679Z [1m[92m   Compiling[0m rtrb v0.3.2
2026-10-07T19:48:22.8010791Z [1m[92m   Compiling[0m hound v3.5.1
2026-10-07T19:48:22.8993426Z [1m[92m   Compiling[0m aws-config v1.8.14
2026-10-07T19:48:23.0043396Z [1m[92m   Compiling[0m rodio v0.21.1 (https://github.com/RustAudio/rodio?rev=e50e726ddd0292f6ef9de0dda6b90af4ed1fb66a#e50e726d)
2026-10-07T19:48:23.9153058Z [1m[92m   Compiling[0m http_proxy v0.1.0 (/home/runner/work/koda/koda/crates/http_proxy)
2026-10-07T19:48:24.2390128Z [1m[92m   Compiling[0m serde_with_macros v3.22.0
2026-10-07T19:48:24.4872985Z [1m[92m   Compiling[0m auto_update v0.1.0 (/home/runner/work/koda/koda/crates/auto_update)
2026-10-07T19:48:24.9391881Z [1m[92m   Compiling[0m simple_asn1 v0.6.3
2026-10-07T19:48:25.3272736Z [1m[92m   Compiling[0m pem v3.0.6
2026-10-07T19:48:25.5383391Z [1m[92m   Compiling[0m jsonwebtoken v10.3.0
2026-10-07T19:48:26.0828472Z [1m[92m   Compiling[0m serde_with v3.22.0
2026-10-07T19:48:26.1163130Z [1m[92m   Compiling[0m prompt_store v0.1.0 (/home/runner/work/koda/koda/crates/prompt_store)
2026-10-07T19:48:26.6692984Z [1m[92m   Compiling[0m json_schema_store v0.1.0 (/home/runner/work/koda/koda/crates/json_schema_store)
2026-10-07T19:48:27.5103419Z [1m[92m   Compiling[0m google_ai v0.1.0 (/home/runner/work/koda/koda/crates/google_ai)
2026-10-07T19:48:27.6093037Z [1m[92m   Compiling[0m seccompiler v0.5.0
2026-10-07T19:48:27.7313511Z [1m[92m   Compiling[0m pet v0.1.0 (https://github.com/zed-industries/python-environment-tools.git?rev=5aad7164bfc2a58977b103c8ef8fdd7302ed2e9f#5aad7164)
2026-10-07T19:48:27.8311011Z [1m[92m   Compiling[0m agent-client-protocol-schema v1.9.1
2026-10-07T19:48:27.8733743Z [1m[92m   Compiling[0m pet-hatch v0.1.0 (https://github.com/zed-industries/python-environment-tools.git?rev=5aad7164bfc2a58977b103c8ef8fdd7302ed2e9f#5aad7164)
2026-10-07T19:48:28.2898989Z [1m[92m   Compiling[0m pet-uv v0.1.0 (https://github.com/zed-industries/python-environment-tools.git?rev=5aad7164bfc2a58977b103c8ef8fdd7302ed2e9f#5aad7164)
2026-10-07T19:48:28.7683534Z [1m[92m   Compiling[0m pet-pyenv v0.1.0 (https://github.com/zed-industries/python-environment-tools.git?rev=5aad7164bfc2a58977b103c8ef8fdd7302ed2e9f#5aad7164)
2026-10-07T19:48:28.8073280Z [1m[92m   Compiling[0m pet-pixi v0.1.0 (https://github.com/zed-industries/python-environment-tools.git?rev=5aad7164bfc2a58977b103c8ef8fdd7302ed2e9f#5aad7164)
2026-10-07T19:48:28.9086406Z [1m[92m   Compiling[0m pet-homebrew v0.1.0 (https://github.com/zed-industries/python-environment-tools.git?rev=5aad7164bfc2a58977b103c8ef8fdd7302ed2e9f#5aad7164)
2026-10-07T19:48:29.0143997Z [1m[92m   Compiling[0m pet-env-var-path v0.1.0 (https://github.com/zed-industries/python-environment-tools.git?rev=5aad7164bfc2a58977b103c8ef8fdd7302ed2e9f#5aad7164)
2026-10-07T19:48:29.1743620Z [1m[92m   Compiling[0m pet-global-virtualenvs v0.1.0 (https://github.com/zed-industries/python-environment-tools.git?rev=5aad7164bfc2a58977b103c8ef8fdd7302ed2e9f#5aad7164)
2026-10-07T19:48:29.2703177Z [1m[92m   Compiling[0m pet-poetry v0.1.0 (https://github.com/zed-industries/python-environment-tools.git?rev=5aad7164bfc2a58977b103c8ef8fdd7302ed2e9f#5aad7164)
2026-10-07T19:48:29.3074794Z [1m[92m   Compiling[0m pet-mac-python-org v0.1.0 (https://github.com/zed-industries/python-environment-tools.git?rev=5aad7164bfc2a58977b103c8ef8fdd7302ed2e9f#5aad7164)
2026-10-07T19:48:29.4570351Z [1m[92m   Compiling[0m pet-mac-commandlinetools v0.1.0 (https://github.com/zed-industries/python-environment-tools.git?rev=5aad7164bfc2a58977b103c8ef8fdd7302ed2e9f#5aad7164)
2026-10-07T19:48:29.6338960Z [1m[92m   Compiling[0m pet-virtualenvwrapper v0.1.0 (https://github.com/zed-industries/python-environment-tools.git?rev=5aad7164bfc2a58977b103c8ef8fdd7302ed2e9f#5aad7164)
2026-10-07T19:48:29.7418336Z [1m[92m   Compiling[0m pet-mac-xcode v0.1.0 (https://github.com/zed-industries/python-environment-tools.git?rev=5aad7164bfc2a58977b103c8ef8fdd7302ed2e9f#5aad7164)
2026-10-07T19:48:29.7967135Z [1m[92m   Compiling[0m pet-venv v0.1.0 (https://github.com/zed-industries/python-environment-tools.git?rev=5aad7164bfc2a58977b103c8ef8fdd7302ed2e9f#5aad7164)
2026-10-07T19:48:29.8617588Z [1m[92m   Compiling[0m pet-linux-global-python v0.1.0 (https://github.com/zed-industries/python-environment-tools.git?rev=5aad7164bfc2a58977b103c8ef8fdd7302ed2e9f#5aad7164)
2026-10-07T19:48:29.8920890Z [1m[92m   Compiling[0m pet-pipenv v0.1.0 (https://github.com/zed-industries/python-environment-tools.git?rev=5aad7164bfc2a58977b103c8ef8fdd7302ed2e9f#5aad7164)
2026-10-07T19:48:30.0882711Z [1m[92m   Compiling[0m pet-telemetry v0.1.0 (https://github.com/zed-industries/python-environment-tools.git?rev=5aad7164bfc2a58977b103c8ef8fdd7302ed2e9f#5aad7164)
2026-10-07T19:48:30.1377420Z [1m[92m   Compiling[0m agent-client-protocol-derive v2.2.0
2026-10-07T19:48:30.5389854Z [1m[92m   Compiling[0m sandbox v0.1.0 (/home/runner/work/koda/koda/crates/sandbox)
2026-10-07T19:48:31.0568611Z [1m[92m   Compiling[0m action_log v0.1.0 (/home/runner/work/koda/koda/crates/action_log)
2026-10-07T19:48:31.9704675Z [1m[92m   Compiling[0m remote_connection v0.1.0 (/home/runner/work/koda/koda/crates/remote_connection)
2026-10-07T19:48:32.4449293Z [1m[92m   Compiling[0m aws-sdk-bedrockruntime v1.125.0
2026-10-07T19:48:33.1913762Z [1m[92m   Compiling[0m livekit_api v0.1.0 (/home/runner/work/koda/koda/crates/livekit_api)
2026-10-07T19:48:33.5543785Z [1m[92m   Compiling[0m x_ai v0.1.0 (/home/runner/work/koda/koda/crates/x_ai)
2026-10-07T19:48:33.7333459Z [1m[92m   Compiling[0m dotenvy v0.15.7
2026-10-07T19:48:34.0360054Z [1m[92m   Compiling[0m languages v0.1.0 (/home/runner/work/koda/koda/crates/languages)
2026-10-07T19:48:38.9951017Z [1m[92m   Compiling[0m darling_core v0.20.11
2026-10-07T19:48:40.1408390Z [1m[92m   Compiling[0m bedrock v0.1.0 (/home/runner/work/koda/koda/crates/bedrock)
2026-10-07T19:48:40.8578320Z [1m[92m   Compiling[0m x_ai_subscribed v0.1.0 (/home/runner/work/koda/koda/crates/x_ai_subscribed)
2026-10-07T19:48:41.0372741Z [1m[92m   Compiling[0m darling_macro v0.20.11
2026-10-07T19:48:41.2279783Z [1m[92m   Compiling[0m opencode v0.1.0 (/home/runner/work/koda/koda/crates/opencode)
2026-10-07T19:48:41.4903187Z [1m[92m   Compiling[0m language_models_cloud v0.1.0 (/home/runner/work/koda/koda/crates/language_models_cloud)
2026-10-07T19:48:41.7132960Z [1m[92m   Compiling[0m open_router v0.1.0 (/home/runner/work/koda/koda/crates/open_router)
2026-10-07T19:48:42.1323716Z [1m[92m   Compiling[0m openai_subscribed v0.1.0 (/home/runner/work/koda/koda/crates/openai_subscribed)
2026-10-07T19:48:42.7817752Z [1m[92m   Compiling[0m aws_http_client v0.1.0 (/home/runner/work/koda/koda/crates/aws_http_client)
2026-10-07T19:48:42.9587967Z [1m[92m   Compiling[0m agent-client-protocol v2.2.0
2026-10-07T19:48:43.3183061Z [1m[92m   Compiling[0m lmstudio v0.1.0 (/home/runner/work/koda/koda/crates/lmstudio)
2026-10-07T19:48:44.0543131Z [1m[92m   Compiling[0m llama_cpp v0.1.0 (/home/runner/work/koda/koda/crates/llama_cpp)
2026-10-07T19:48:44.9563133Z [1m[92m   Compiling[0m mistral v0.1.0 (/home/runner/work/koda/koda/crates/mistral)
2026-10-07T19:48:46.0192912Z [1m[92m   Compiling[0m deepseek v0.1.0 (/home/runner/work/koda/koda/crates/deepseek)
2026-10-07T19:48:46.4507369Z [1m[92m   Compiling[0m crc-catalog v2.4.0
2026-10-07T19:48:46.5053231Z [1m[92m   Compiling[0m crc v3.3.0
2026-10-07T19:48:46.6543058Z [1m[92m   Compiling[0m darling v0.20.11
2026-10-07T19:48:46.7793774Z [1m[92m   Compiling[0m nanoid v0.4.0
2026-10-07T19:48:46.8880050Z [1m[92m   Compiling[0m peg-runtime v0.8.5
2026-10-07T19:48:47.0702965Z [1m[92m   Compiling[0m acp_thread v0.1.0 (/home/runner/work/koda/koda/crates/acp_thread)
2026-10-07T19:48:48.3812734Z [1m[92m   Compiling[0m peg-macros v0.8.5
2026-10-07T19:48:49.3319125Z [1m[92m   Compiling[0m cached_proc_macro v0.25.0
2026-10-07T19:48:50.0081932Z [1m[92m   Compiling[0m language_models v0.1.0 (/home/runner/work/koda/koda/crates/language_models)
2026-10-07T19:48:51.2408171Z [1m[92m   Compiling[0m git_ui_core v0.1.0 (/home/runner/work/koda/koda/crates/git_ui_core)
2026-10-07T19:48:53.6512760Z [1m[92m   Compiling[0m bon-macros v3.8.2
2026-10-07T19:48:54.8942768Z [1m[92m   Compiling[0m tokio-tungstenite v0.28.0
2026-10-07T19:48:55.3631837Z [1m[92m   Compiling[0m livekit v0.7.32 (https://github.com/zed-industries/livekit-rust-sdks?rev=0a1c519cfce9b365229026b55de9b9dbdb6fed3c#0a1c519c)
2026-10-07T19:48:55.6692909Z [1m[92m   Compiling[0m cached_proc_macro_types v0.1.1
2026-10-07T19:48:55.7242796Z [1m[92m   Compiling[0m cached v0.56.0
2026-10-07T19:48:55.9292717Z [1m[92m   Compiling[0m peg v0.8.5
2026-10-07T19:48:56.1233435Z [1m[92m   Compiling[0m livekit-api v0.4.14 (https://github.com/zed-industries/livekit-rust-sdks?rev=0a1c519cfce9b365229026b55de9b9dbdb6fed3c#0a1c519c)
2026-10-07T19:48:56.6553437Z [1m[92m   Compiling[0m bon v3.8.2
2026-10-07T19:48:56.6983214Z [1m[92m   Compiling[0m open_path_prompt v0.1.0 (/home/runner/work/koda/koda/crates/open_path_prompt)
2026-10-07T19:48:56.7213927Z [1m[92m   Compiling[0m terminal_view v0.1.0 (/home/runner/work/koda/koda/crates/terminal_view)
2026-10-07T19:48:58.0632800Z [1m[92m   Compiling[0m bmrng v0.5.2
2026-10-07T19:48:58.1472273Z [1m[92m   Compiling[0m utf8-chars v3.0.6
2026-10-07T19:48:58.2368478Z [1m[92m   Compiling[0m similar v2.7.0
2026-10-07T19:48:58.8233158Z [1m[92m   Compiling[0m indenter v0.3.4
2026-10-07T19:48:58.8892790Z [1m[92m   Compiling[0m brush-parser v0.3.0
2026-10-07T19:48:59.4946051Z [1m[92m   Compiling[0m platform_title_bar v0.1.0 (/home/runner/work/koda/koda/crates/platform_title_bar)
2026-10-07T19:49:00.6886109Z [1m[92m   Compiling[0m html_to_markdown v0.1.0 (/home/runner/work/koda/koda/crates/html_to_markdown)
2026-10-07T19:49:00.9602660Z [1m[92m   Compiling[0m webpki-roots v0.26.8
2026-10-07T19:49:01.0432655Z [1m[92m   Compiling[0m hashlink v0.10.0
2026-10-07T19:49:01.0733291Z [1m[92m   Compiling[0m edit_prediction_metrics v0.1.0 (/home/runner/work/koda/koda/crates/edit_prediction_metrics)
2026-10-07T19:49:01.2623119Z [1m[92m   Compiling[0m search v0.1.0 (/home/runner/work/koda/koda/crates/search)
2026-10-07T19:49:01.3832715Z [1m[92m   Compiling[0m serde_yaml v0.9.34+deprecated
2026-10-07T19:49:02.2872410Z [1m[92m   Compiling[0m web_search v0.1.0 (/home/runner/work/koda/koda/crates/web_search)
2026-10-07T19:49:02.4142796Z [1m[92m   Compiling[0m scroll_derive v0.12.1
2026-10-07T19:49:02.7562538Z [1m[92m   Compiling[0m bigdecimal v0.4.8
2026-10-07T19:49:02.7920240Z [1m[92m   Compiling[0m rust_decimal v1.39.0
2026-10-07T19:49:02.9535107Z [1m[92m   Compiling[0m scroll v0.12.0
2026-10-07T19:49:03.1473993Z [1m[92m   Compiling[0m shell_command_parser v0.1.0 (/home/runner/work/koda/koda/crates/shell_command_parser)
2026-10-07T19:49:04.0993147Z [1m[92m   Compiling[0m agent_servers v0.1.0 (/home/runner/work/koda/koda/crates/agent_servers)
2026-10-07T19:49:05.0561684Z [1m[92m   Compiling[0m language_extension v0.1.0 (/home/runner/work/koda/koda/crates/language_extension)
2026-10-07T19:49:06.0823325Z [1m[92m   Compiling[0m edit_prediction_context v0.1.0 (/home/runner/work/koda/koda/crates/edit_prediction_context)
2026-10-07T19:49:06.3337709Z [1m[92m   Compiling[0m openssl-sys v0.9.117
2026-10-07T19:49:06.6502965Z [1m[92m   Compiling[0m streaming_diff v0.1.0 (/home/runner/work/koda/koda/crates/streaming_diff)
2026-10-07T19:49:06.8863602Z [1m[92m   Compiling[0m atoi v2.0.0
2026-10-07T19:49:08.4143402Z [1m[92m   Compiling[0m debug_adapter_extension v0.1.0 (/home/runner/work/koda/koda/crates/debug_adapter_extension)
2026-10-07T19:49:08.6632747Z [1m[92m   Compiling[0m futures-intrusive v0.5.0
2026-10-07T19:49:09.0269262Z [1m[92m   Compiling[0m unicode-normalization v0.1.25
2026-10-07T19:49:09.2642819Z [1m[92m   Compiling[0m debugid v0.8.0
2026-10-07T19:49:09.3875455Z [1m[92m   Compiling[0m process-reader v0.1.0
2026-10-07T19:49:09.4433122Z [1m[92m   Compiling[0m smart-default v0.7.1
2026-10-07T19:49:09.6555692Z [1m[92m   Compiling[0m num-derive v0.4.2
2026-10-07T19:49:09.7802760Z [1m[92m   Compiling[0m range-map v0.2.0
2026-10-07T19:49:09.8889496Z [1m[92m   Compiling[0m crash-context v0.8.0
2026-10-07T19:49:09.9531579Z [1m[92m   Compiling[0m plain v0.2.3
2026-10-07T19:49:10.0032441Z [1m[92m   Compiling[0m minidump-writer v0.13.0
2026-10-07T19:49:10.0970150Z [1m[92m   Compiling[0m goblin v0.9.3
2026-10-07T19:49:10.2932744Z [1m[92m   Compiling[0m minidump-common v0.26.1
2026-10-07T19:49:11.2503044Z [1m[92m   Compiling[0m process-backend v0.1.0
2026-10-07T19:49:11.4903489Z [1m[92m   Compiling[0m stringprep v0.1.5
2026-10-07T19:49:11.7962540Z [1m[92m   Compiling[0m sqlx-core v0.8.6
2026-10-07T19:49:13.6783380Z [1m[92m   Compiling[0m edit_prediction v0.1.0 (/home/runner/work/koda/koda/crates/edit_prediction)
2026-10-07T19:49:13.7561632Z [1m[92m   Compiling[0m agent v0.1.0 (/home/runner/work/koda/koda/crates/agent)
2026-10-07T19:49:14.1922748Z [1m[92m   Compiling[0m h2 v0.3.27
2026-10-07T19:49:18.3710056Z [1m[92m   Compiling[0m procfs-core v0.18.0
2026-10-07T19:49:19.6432824Z [1m[92m   Compiling[0m error-graph v0.1.1
2026-10-07T19:49:19.7269075Z [1m[92m   Compiling[0m socket2 v0.5.10
2026-10-07T19:49:20.0552322Z [1m[92m   Compiling[0m pciid-parser v0.8.0
2026-10-07T19:49:20.3412703Z [1m[92m   Compiling[0m whoami v1.6.1
2026-10-07T19:49:20.5458988Z [1m[92m   Compiling[0m base64 v0.21.7
2026-10-07T19:49:20.8007953Z [1m[92m   Compiling[0m human_bytes v0.4.3
2026-10-07T19:49:20.8520013Z [1m[92m   Compiling[0m failspot v0.2.0
2026-10-07T19:49:20.8971061Z [1m[92m   Compiling[0m system_specs v0.1.0 (/home/runner/work/koda/koda/crates/system_specs)
2026-10-07T19:49:21.3342772Z [1m[92m   Compiling[0m hyper v0.14.32
2026-10-07T19:49:24.6473120Z [1m[92m   Compiling[0m dev_container v0.1.0 (/home/runner/work/koda/koda/crates/dev_container)
2026-10-07T19:49:27.0194186Z [1m[92m   Compiling[0m flume v0.11.1
2026-10-07T19:49:27.7402864Z [1m[92m   Compiling[0m uds v0.4.2
2026-10-07T19:49:28.0688194Z [1m[92m   Compiling[0m openssl v0.10.81
2026-10-07T19:49:28.1692925Z [1m[92m   Compiling[0m foreign-types-shared v0.1.1
2026-10-07T19:49:28.2142931Z [1m[92m   Compiling[0m foreign-types v0.3.2
2026-10-07T19:49:28.2321775Z [1m[92m   Compiling[0m minidumper v0.11.0
2026-10-07T19:49:30.3533349Z [1m[92m   Compiling[0m sqlx-postgres v0.8.6
2026-10-07T19:49:33.0222646Z [1m[92m   Compiling[0m sqlx-sqlite v0.8.6
2026-10-07T19:49:34.0412775Z [1m[92m   Compiling[0m cargo_toml v0.21.0
2026-10-07T19:49:35.9508003Z [1m[92m   Compiling[0m crash-handler v0.8.0
2026-10-07T19:49:36.1362943Z [1m[92m   Compiling[0m dap_adapters v0.1.0 (/home/runner/work/koda/koda/crates/dap_adapters)
2026-10-07T19:49:36.2490521Z [1m[92m   Compiling[0m headers-core v0.2.0
2026-10-07T19:49:36.7022766Z [1m[92m   Compiling[0m openssl-macros v0.1.1
2026-10-07T19:49:36.9582676Z [1m[92m   Compiling[0m heck v0.4.1
2026-10-07T19:49:37.1288248Z [1m[92m   Compiling[0m proc-macro2-diagnostics v0.10.1
2026-10-07T19:49:37.2215367Z [1m[92m   Compiling[0m windows_resources v0.1.0 (/home/runner/work/koda/koda/crates/windows_resources)
2026-10-07T19:49:37.2693070Z [1m[92m   Compiling[0m native-tls v0.2.18
2026-10-07T19:49:37.3802744Z [1m[92m   Compiling[0m borrow-or-share v0.2.4
2026-10-07T19:49:37.4328721Z [1m[92m   Compiling[0m fluent-uri v0.4.1
2026-10-07T19:49:38.5732769Z [1m[92m   Compiling[0m headers v0.3.9
2026-10-07T19:49:39.1506247Z [1m[92m   Compiling[0m remote_server v0.1.0 (/home/runner/work/koda/koda/crates/remote_server)
2026-10-07T19:49:39.3499156Z [1m[92m   Compiling[0m sqlx-macros-core v0.8.6
2026-10-07T19:49:39.3882395Z [1m[92m   Compiling[0m recent_projects v0.1.0 (/home/runner/work/koda/koda/crates/recent_projects)
2026-10-07T19:49:40.6282629Z [1m[92m   Compiling[0m fraction v0.16.0
2026-10-07T19:49:42.7542141Z [1m[92m   Compiling[0m micromap v0.3.0
2026-10-07T19:49:42.9514202Z [1m[92m   Compiling[0m bytecount v0.6.9
2026-10-07T19:49:43.1062677Z [1m[92m   Compiling[0m num-cmp v0.1.0
2026-10-07T19:49:43.3075208Z [1m[92m   Compiling[0m jsonschema-value v0.51.0
2026-10-07T19:49:43.6092846Z [1m[92m   Compiling[0m referencing v0.51.0
2026-10-07T19:49:47.2403414Z [1m[92m   Compiling[0m sqlx-macros v0.8.6
2026-10-07T19:49:47.7453282Z [1m[92m   Compiling[0m crashes v0.1.0 (/home/runner/work/koda/koda/crates/crashes)
2026-10-07T19:49:48.4614323Z [1m[92m   Compiling[0m eval_utils v0.1.0 (/home/runner/work/koda/koda/crates/eval_utils)
2026-10-07T19:49:48.5431754Z [1m[92m   Compiling[0m uuid-simd v0.8.0
2026-10-07T19:49:48.7635371Z [1m[92m   Compiling[0m axum-core v0.3.4
2026-10-07T19:49:48.9962837Z [1m[92m   Compiling[0m email_address v0.2.9
2026-10-07T19:49:49.1066730Z [1m[92m   Compiling[0m inherent v1.0.13
2026-10-07T19:49:49.2993256Z [1m[92m   Compiling[0m jsonschema-regex v0.51.0
2026-10-07T19:49:49.4503011Z [1m[92m   Compiling[0m ordered-float v4.6.0
2026-10-07T19:49:49.5783550Z [1m[92m   Compiling[0m cargo-platform v0.3.2
2026-10-07T19:49:49.7756647Z [1m[92m   Compiling[0m protobuf v3.7.2
2026-10-07T19:49:49.9803302Z [1m[92m   Compiling[0m sea-query v0.32.7
2026-10-07T19:49:50.4922527Z [1m[92m   Compiling[0m jsonschema v0.51.0
2026-10-07T19:49:52.1952787Z [1m[92m   Compiling[0m sqlx v0.8.6
2026-10-07T19:49:53.8082819Z [1m[92m   Compiling[0m ouroboros_macro v0.18.5
2026-10-07T19:49:54.8032556Z [1m[92m   Compiling[0m tokio-native-tls v0.3.1
2026-10-07T19:49:55.3493324Z [1m[92m   Compiling[0m sea-bae v0.2.2
2026-10-07T19:49:55.7682768Z [1m[92m   Compiling[0m crc-fast v1.9.0
2026-10-07T19:49:57.9166016Z [1m[92m   Compiling[0m command_palette v0.1.0 (/home/runner/work/koda/koda/crates/command_palette)
2026-10-07T19:49:58.3782754Z [1m[92m   Compiling[0m tungstenite v0.20.1
2026-10-07T19:49:59.0242966Z [1m[92m   Compiling[0m android_ui v0.1.0 (/home/runner/work/koda/koda/crates/android_ui)
2026-10-07T19:50:00.2413663Z [1m[92m   Compiling[0m time_format v0.1.0 (/home/runner/work/koda/koda/crates/time_format)
2026-10-07T19:50:01.5352861Z [1m[92m   Compiling[0m axum v0.6.20
2026-10-07T19:50:01.6172487Z [1m[92m   Compiling[0m protobuf-support v3.7.2
2026-10-07T19:50:01.9496887Z [1m[92m   Compiling[0m async-stream-impl v0.3.6
2026-10-07T19:50:01.9823156Z [1m[92m   Compiling[0m aliasable v0.1.3
2026-10-07T19:50:02.0748020Z [1m[92m   Compiling[0m prometheus v0.14.0
2026-10-07T19:50:02.1497277Z [1m[92m   Compiling[0m sync_wrapper v0.1.2
2026-10-07T19:50:02.2170603Z [1m[92m   Compiling[0m ouroboros v0.18.5
2026-10-07T19:50:02.2714126Z [1m[92m   Compiling[0m async-stream v0.3.6
2026-10-07T19:50:06.5038992Z [1m[92m   Compiling[0m tokio-tungstenite v0.20.1
2026-10-07T19:50:06.7232964Z [1m[92m   Compiling[0m aws-smithy-checksums v0.64.4
2026-10-07T19:50:06.7562727Z [1m[92m   Compiling[0m sea-orm-macros v1.1.10
2026-10-07T19:50:07.1312710Z [1m[92m   Compiling[0m hyper-tls v0.5.0
2026-10-07T19:50:08.6474728Z [1m[92m   Compiling[0m sea-query-binder v0.7.0
2026-10-07T19:50:09.3333252Z [1m[92m   Compiling[0m rustls-pemfile v1.0.4
2026-10-07T19:50:09.4722840Z [1m[92m   Compiling[0m tower v0.4.13
2026-10-07T19:50:09.7498879Z [1m[92m   Compiling[0m clap_complete v4.5.59
2026-10-07T19:50:10.2612855Z [1m[92m   Compiling[0m proc-macro-error-attr v1.0.4
2026-10-07T19:50:10.3502780Z [1m[92m   Compiling[0m rand v0.4.6
2026-10-07T19:50:10.8332729Z [1m[92m   Compiling[0m matchit v0.7.3
2026-10-07T19:50:11.0572503Z [1m[92m   Compiling[0m http-range-header v0.3.1
2026-10-07T19:50:11.2099824Z [1m[92m   Compiling[0m strum v0.26.3
2026-10-07T19:50:11.2742599Z [1m[92m   Compiling[0m fastrand v1.9.0
2026-10-07T19:50:11.4362778Z [1m[92m   Compiling[0m futures-lite v1.13.0
2026-10-07T19:50:11.8754474Z [1m[92m   Compiling[0m sea-orm v1.1.10
2026-10-07T19:50:11.9792625Z [1m[92m   Compiling[0m tower-http v0.4.4
2026-10-07T19:50:15.5462021Z [1m[92m   Compiling[0m rand v0.3.23
2026-10-07T19:50:15.6286788Z [1m[92m   Compiling[0m reqwest v0.11.27
2026-10-07T19:50:18.0810108Z [1m[92m   Compiling[0m aws-sdk-s3 v1.123.0
2026-10-07T19:50:19.5702519Z [1m[92m   Compiling[0m cargo_metadata v0.23.1
2026-10-07T19:50:20.7423171Z [1m[92m   Compiling[0m codestral v0.1.0 (/home/runner/work/koda/koda/crates/codestral)
2026-10-07T19:50:21.2501934Z [1m[92m   Compiling[0m aws-sdk-kinesis v1.100.0
2026-10-07T19:50:21.7603385Z [1m[92m   Compiling[0m tasks_ui v0.1.0 (/home/runner/work/koda/koda/crates/tasks_ui)
2026-10-07T19:50:23.6308968Z [1m[92m   Compiling[0m debugger_tools v0.1.0 (/home/runner/work/koda/koda/crates/debugger_tools)
2026-10-07T19:50:25.2034485Z [1m[92m   Compiling[0m dashmap v6.1.0
2026-10-07T19:50:25.5183342Z [1m[92m   Compiling[0m jupyter-protocol v1.4.0
2026-10-07T19:50:28.5225624Z [1m[92m   Compiling[0m envy v0.4.2
2026-10-07T19:50:28.6502690Z [1m[92m   Compiling[0m parse_int v0.9.0
2026-10-07T19:50:28.7202846Z [1m[92m   Compiling[0m proc-macro-error v1.0.4
2026-10-07T19:50:28.8127461Z [1m[92m   Compiling[0m saa v5.4.9
2026-10-07T19:50:29.0650898Z [1m[92m   Compiling[0m sdd v4.6.2
2026-10-07T19:50:29.3594601Z [1m[92m   Compiling[0m scc v3.5.6
2026-10-07T19:50:29.9656280Z [1m[92m   Compiling[0m octocrab v0.49.7
2026-10-07T19:50:30.2380908Z [1m[92m   Compiling[0m random_choice v0.3.2
2026-10-07T19:50:30.2962544Z [1m[92m   Compiling[0m async-dispatcher v0.1.2
2026-10-07T19:50:30.3862923Z [1m[92m   Compiling[0m cli v0.1.0 (/home/runner/work/koda/koda/crates/cli)
2026-10-07T19:50:30.5051730Z [1m[92m   Compiling[0m darling_core v0.21.3
2026-10-07T19:50:30.5136350Z [1m[92m   Compiling[0m markdown_preview v0.1.0 (/home/runner/work/koda/koda/crates/markdown_preview)
2026-10-07T19:50:32.3822844Z [1m[92m   Compiling[0m console v0.16.3
2026-10-07T19:50:32.4482744Z [1m[92m   Compiling[0m rand_pcg v0.3.1
2026-10-07T19:50:32.5502740Z [1m[92m   Compiling[0m itertools v0.10.5
2026-10-07T19:50:32.8502873Z [1m[92m   Compiling[0m triomphe v0.1.15
2026-10-07T19:50:33.0752858Z [1m[92m   Compiling[0m asynchronous-codec v0.7.0
2026-10-07T19:50:33.2612815Z [1m[92m   Compiling[0m snafu-derive v0.8.9
2026-10-07T19:50:33.5203123Z [1m[92m   Compiling[0m sha-1 v0.10.1
2026-10-07T19:50:33.6832744Z [1m[92m   Compiling[0m errno v0.2.8
2026-10-07T19:50:33.7933660Z [1m[92m   Compiling[0m edit_prediction_cli v0.1.0 (/home/runner/work/koda/koda/crates/edit_prediction_cli)
2026-10-07T19:50:33.9323234Z [1m[92m   Compiling[0m siphasher v0.3.11
2026-10-07T19:50:34.0713419Z [1m[92m   Compiling[0m guppy-workspace-hack v0.1.0
2026-10-07T19:50:34.1706128Z [1m[92m   Compiling[0m shingles v0.1.1
2026-10-07T19:50:34.3012625Z [1m[92m   Compiling[0m gaoya v0.2.0
2026-10-07T19:50:34.7017067Z [1m[92m   Compiling[0m snafu v0.8.9
2026-10-07T19:50:34.8993506Z [1m[92m   Compiling[0m exec v0.3.1
2026-10-07T19:50:34.9076581Z [1m[92m   Compiling[0m zeromq v0.5.0
2026-10-07T19:50:35.0353293Z [1m[92m   Compiling[0m dialoguer v0.12.0
2026-10-07T19:50:35.4720623Z [1m[92m   Compiling[0m darling_macro v0.21.3
2026-10-07T19:50:35.9373021Z [1m[92m   Compiling[0m collab v0.44.0 (/home/runner/work/koda/koda/crates/collab)
2026-10-07T19:50:37.2663106Z [1m[92m   Compiling[0m debugger_ui v0.1.0 (/home/runner/work/koda/koda/crates/debugger_ui)
2026-10-07T19:50:46.1354153Z [1m[92m   Compiling[0m edit_prediction_ui v0.1.0 (/home/runner/work/koda/koda/crates/edit_prediction_ui)
2026-10-07T19:50:47.3072879Z [1m[92m   Compiling[0m clap_complete_nushell v4.6.0
2026-10-07T19:50:47.5091140Z [1m[92m   Compiling[0m file_finder v0.1.0 (/home/runner/work/koda/koda/crates/file_finder)
2026-10-07T19:50:48.4252980Z [1m[92m   Compiling[0m outline v0.1.0 (/home/runner/work/koda/koda/crates/outline)
2026-10-07T19:50:49.4354626Z [1m[92m   Compiling[0m ipc-channel v0.19.0
2026-10-07T19:50:49.8132799Z [1m[92m   Compiling[0m tungstenite v0.21.0
2026-10-07T19:50:50.0602700Z [1m[92m   Compiling[0m inotify v0.9.6
2026-10-07T19:50:50.3086868Z [1m[92m   Compiling[0m hyper-timeout v0.5.2
2026-10-07T19:50:50.3952772Z [1m[92m   Compiling[0m simplelog v0.12.2
2026-10-07T19:50:50.4842721Z [1m[92m   Compiling[0m secrecy v0.10.3
2026-10-07T19:50:50.5833816Z [1m[92m   Compiling[0m mio v0.8.11
2026-10-07T19:50:50.7442791Z [1m[92m   Compiling[0m proptest-derive v0.8.0
2026-10-07T19:50:50.8262760Z [1m[92m   Compiling[0m fork v0.4.0
2026-10-07T19:50:50.9350729Z [1m[92m   Compiling[0m target-spec v3.7.0
2026-10-07T19:50:51.0902884Z [1m[92m   Compiling[0m pulldown-cmark v0.10.3
2026-10-07T19:50:51.2432809Z [1m[92m   Compiling[0m notify v6.1.1
2026-10-07T19:50:51.6780454Z [1m[92m   Compiling[0m libwebrtc v0.3.26 (https://github.com/zed-industries/livekit-rust-sdks?rev=0a1c519cfce9b365229026b55de9b9dbdb6fed3c#0a1c519c)
2026-10-07T19:50:51.9683322Z [1m[92m   Compiling[0m tokio-tungstenite v0.21.0
2026-10-07T19:50:53.5312987Z [1m[92m   Compiling[0m audio v0.1.0 (/home/runner/work/koda/koda/crates/audio)
2026-10-07T19:50:54.5123467Z [1m[92m   Compiling[0m agent_ui v0.1.0 (/home/runner/work/koda/koda/crates/agent_ui)
2026-10-07T19:51:00.6483038Z [1m[92m   Compiling[0m livekit_client v0.1.0 (/home/runner/work/koda/koda/crates/livekit_client)
2026-10-07T19:51:01.9433727Z [1m[92m   Compiling[0m call v0.1.0 (/home/runner/work/koda/koda/crates/call)
2026-10-07T19:51:04.8349899Z [1m[92m   Compiling[0m git_ui v0.1.0 (/home/runner/work/koda/koda/crates/git_ui)
2026-10-07T19:51:07.0025993Z [1m[92m   Compiling[0m title_bar v0.1.0 (/home/runner/work/koda/koda/crates/title_bar)
2026-10-07T19:51:09.8672516Z [1m[92m   Compiling[0m collab_ui v0.1.0 (/home/runner/work/koda/koda/crates/collab_ui)
2026-10-07T19:51:11.4593353Z [1m[92m   Compiling[0m runtimelib v1.4.0
2026-10-07T19:51:12.4472872Z [1m[92m   Compiling[0m merge_derive v0.1.0
2026-10-07T19:51:12.7983044Z [1m[92m   Compiling[0m darling v0.21.3
2026-10-07T19:51:12.9462928Z [1m[92m   Compiling[0m jupyter-websocket-client v1.1.0
2026-10-07T19:51:13.6864015Z [1m[92m   Compiling[0m nbformat v1.2.0
2026-10-07T19:51:14.8702715Z [1m[92m   Compiling[0m cssparser v0.37.0
2026-10-07T19:51:15.3642039Z [1m[92m   Compiling[0m extension_suggest v0.1.0 (/home/runner/work/koda/koda/crates/extension_suggest)
2026-10-07T19:51:15.5260001Z [1m[92m   Compiling[0m tree-sitter-elixir v0.3.4
2026-10-07T19:51:15.6683349Z [1m[92m   Compiling[0m tree-sitter-heex v0.0.1 (https://github.com/zed-industries/tree-sitter-heex?rev=1dd45142fbb05562e35b2040c6129c9bca346592#1dd45142)
2026-10-07T19:51:15.6792963Z [1m[92m   Compiling[0m tree-sitter-embedded-template v0.23.2
2026-10-07T19:51:15.7988828Z [1m[92m   Compiling[0m tree-sitter-ruby v0.23.1
2026-10-07T19:51:15.8102985Z [1m[92m   Compiling[0m maplit v1.0.2
2026-10-07T19:51:15.8642589Z [1m[92m   Compiling[0m pulldown-cmark-escape v0.10.1
2026-10-07T19:51:16.9872695Z [1m[92m   Compiling[0m ammonia v4.1.4
2026-10-07T19:51:20.2512784Z [1m[92m   Compiling[0m derive_setters v0.1.9
2026-10-07T19:51:20.6092820Z [1m[92m   Compiling[0m merge v0.1.0
2026-10-07T19:51:20.6619309Z [1m[92m   Compiling[0m settings_ui v0.1.0 (/home/runner/work/koda/koda/crates/settings_ui)
2026-10-07T19:51:21.0272528Z [1m[92m   Compiling[0m warp v0.3.7
2026-10-07T19:51:21.2583221Z [1m[92m   Compiling[0m notify-debouncer-mini v0.4.1
2026-10-07T19:51:21.7310618Z [1m[92m   Compiling[0m outline_panel v0.1.0 (/home/runner/work/koda/koda/crates/outline_panel)
2026-10-07T19:51:22.5183109Z [1m[92m   Compiling[0m project_panel v0.1.0 (/home/runner/work/koda/koda/crates/project_panel)
2026-10-07T19:51:23.2739799Z [1m[92m   Compiling[0m vim v0.1.0 (/home/runner/work/koda/koda/crates/vim)
2026-10-07T19:51:26.3752916Z [1m[92m   Compiling[0m zed v1.23.0 (/home/runner/work/koda/koda/crates/zed)
2026-10-07T19:51:27.4163206Z [1m[92m   Compiling[0m auto_update_helper v0.1.0 (/home/runner/work/koda/koda/crates/auto_update_helper)
2026-10-07T19:51:27.5143423Z [1m[92m   Compiling[0m component_preview v0.1.0 (/home/runner/work/koda/koda/crates/component_preview)
2026-10-07T19:51:28.6263349Z [1m[92m   Compiling[0m handlebars v5.1.2
2026-10-07T19:51:28.9848942Z [1m[92m   Compiling[0m go_to_line v0.1.0 (/home/runner/work/koda/koda/crates/go_to_line)
2026-10-07T19:51:30.0783226Z [1m[92m   Compiling[0m theme_extension v0.1.0 (/home/runner/work/koda/koda/crates/theme_extension)
2026-10-07T19:51:30.6443108Z [1m[92m   Compiling[0m opener v0.7.2
2026-10-07T19:51:31.1993275Z [1m[92m   Compiling[0m toml v0.5.11
2026-10-07T19:51:31.9293274Z [1m[92m   Compiling[0m cargo-platform v0.1.9
2026-10-07T19:51:32.1105973Z [1m[92m   Compiling[0m elasticlunr-rs v3.0.2
2026-10-07T19:51:32.1699005Z [1m[92m   Compiling[0m strum_macros v0.27.2
2026-10-07T19:51:32.9763488Z [1m[92m   Compiling[0m gh-workflow-macros v0.8.0 (https://github.com/zed-industries/gh-workflow?rev=37f3c0575d379c218a9c455ee67585184e40d43f#37f3c057)
2026-10-07T19:51:33.2320552Z [1m[92m   Compiling[0m topological-sort v0.2.2
2026-10-07T19:51:33.3523229Z [1m[92m   Compiling[0m gpui_windows v0.1.0 (/home/runner/work/koda/koda/crates/gpui_windows)
2026-10-07T19:51:33.4768569Z [1m[92m   Compiling[0m eval_cli v0.1.0 (/home/runner/work/koda/koda/crates/eval_cli)
2026-10-07T19:51:33.7826811Z [1m[92m   Compiling[0m gpui_apple v0.1.0 (/home/runner/work/koda/koda/crates/gpui_apple)
2026-10-07T19:51:33.7958719Z [1m[92m   Compiling[0m nested v0.1.1
2026-10-07T19:51:33.8732907Z [1m[92m   Compiling[0m debug-ignore v1.0.5
2026-10-07T19:51:33.9303234Z [1m[92m   Compiling[0m guppy v0.18.0
2026-10-07T19:51:33.9377628Z [1m[92m   Compiling[0m gh-workflow v0.8.0 (https://github.com/zed-industries/gh-workflow?rev=37f3c0575d379c218a9c455ee67585184e40d43f#37f3c057)
2026-10-07T19:51:34.3352830Z [1m[92m   Compiling[0m mdbook v0.4.40
2026-10-07T19:51:35.2293251Z [1m[92m   Compiling[0m cargo_metadata v0.19.2
2026-10-07T19:51:36.7391757Z [1m[92m   Compiling[0m extensions_ui v0.1.0 (/home/runner/work/koda/koda/crates/extensions_ui)
2026-10-07T19:51:37.0900254Z [1m[92m   Compiling[0m repl v0.1.0 (/home/runner/work/koda/koda/crates/repl)
2026-10-07T19:51:37.1843072Z [1m[92m   Compiling[0m compliance v0.1.0 (/home/runner/work/koda/koda/tooling/compliance)
2026-10-07T19:51:39.7913151Z [1m[92m   Compiling[0m acp_tools v0.1.0 (/home/runner/work/koda/koda/crates/acp_tools)
2026-10-07T19:51:39.8663470Z [1m[92m   Compiling[0m sidebar v0.1.0 (/home/runner/work/koda/koda/crates/sidebar)
2026-10-07T19:51:41.3618001Z [1m[92m   Compiling[0m auto_update_ui v0.1.0 (/home/runner/work/koda/koda/crates/auto_update_ui)
2026-10-07T19:51:42.4973918Z [1m[92m   Compiling[0m keymap_editor v0.1.0 (/home/runner/work/koda/koda/crates/keymap_editor)
2026-10-07T19:51:43.6039120Z [1m[92m   Compiling[0m which_key v0.1.0 (/home/runner/work/koda/koda/crates/which_key)
2026-10-07T19:51:44.3146304Z [1m[92m   Compiling[0m feedback v0.1.0 (/home/runner/work/koda/koda/crates/feedback)
2026-10-07T19:51:44.3913467Z [1m[92m   Compiling[0m language_tools v0.1.0 (/home/runner/work/koda/koda/crates/language_tools)
2026-10-07T19:51:44.9393151Z [1m[92m   Compiling[0m web_search_providers v0.1.0 (/home/runner/work/koda/koda/crates/web_search_providers)
2026-10-07T19:51:45.1946863Z [1m[92m   Compiling[0m language_selector v0.1.0 (/home/runner/work/koda/koda/crates/language_selector)
2026-10-07T19:51:45.3350374Z [1m[92m   Compiling[0m snippets_ui v0.1.0 (/home/runner/work/koda/koda/crates/snippets_ui)
2026-10-07T19:51:45.5583049Z [1m[92m   Compiling[0m toolchain_selector v0.1.0 (/home/runner/work/koda/koda/crates/toolchain_selector)
2026-10-07T19:51:46.4753595Z [1m[92m   Compiling[0m activity_indicator v0.1.0 (/home/runner/work/koda/koda/crates/activity_indicator)
2026-10-07T19:51:46.6073050Z [1m[92m   Compiling[0m onboarding v0.1.0 (/home/runner/work/koda/koda/crates/onboarding)
2026-10-07T19:51:47.4049795Z [1m[92m   Compiling[0m project_symbols v0.1.0 (/home/runner/work/koda/koda/crates/project_symbols)
2026-10-07T19:51:47.6693939Z [1m[92m   Compiling[0m lsp_locations v0.1.0 (/home/runner/work/koda/koda/crates/lsp_locations)
2026-10-07T19:51:48.2763394Z [1m[92m   Compiling[0m miniprofiler_ui v0.1.0 (/home/runner/work/koda/koda/crates/miniprofiler_ui)
2026-10-07T19:51:48.7623012Z [1m[92m   Compiling[0m inspector_ui v0.1.0 (/home/runner/work/koda/koda/crates/inspector_ui)
2026-10-07T19:51:49.3053623Z [1m[92m   Compiling[0m line_ending_selector v0.1.0 (/home/runner/work/koda/koda/crates/line_ending_selector)
2026-10-07T19:51:49.4034363Z [1m[92m   Compiling[0m encoding_selector v0.1.0 (/home/runner/work/koda/koda/crates/encoding_selector)
2026-10-07T19:51:49.4643055Z [1m[92m   Compiling[0m tab_switcher v0.1.0 (/home/runner/work/koda/koda/crates/tab_switcher)
2026-10-07T19:51:50.6243862Z [1m[92m   Compiling[0m settings_profile_selector v0.1.0 (/home/runner/work/koda/koda/crates/settings_profile_selector)
2026-10-07T19:51:50.7491666Z [1m[92m   Compiling[0m call_hierarchy v0.1.0 (/home/runner/work/koda/koda/crates/call_hierarchy)
2026-10-07T19:51:51.1728605Z [1m[92m   Compiling[0m theme_selector v0.1.0 (/home/runner/work/koda/koda/crates/theme_selector)
2026-10-07T19:51:51.9513067Z [1m[92m   Compiling[0m lsp_command_selector v0.1.0 (/home/runner/work/koda/koda/crates/lsp_command_selector)
2026-10-07T19:51:52.7053000Z [1m[92m   Compiling[0m tabular_data_preview v0.1.0 (/home/runner/work/koda/koda/crates/tabular_data_preview)
2026-10-07T19:51:52.8326087Z [1m[92m   Compiling[0m language_onboarding v0.1.0 (/home/runner/work/koda/koda/crates/language_onboarding)
2026-10-07T19:51:53.4162896Z [1m[92m   Compiling[0m image_viewer v0.1.0 (/home/runner/work/koda/koda/crates/image_viewer)
2026-10-07T19:51:53.4323123Z [1m[92m   Compiling[0m diagnostics v0.1.0 (/home/runner/work/koda/koda/crates/diagnostics)
2026-10-07T19:51:53.5614590Z [1m[92m   Compiling[0m journal v0.1.0 (/home/runner/work/koda/koda/crates/journal)
2026-10-07T19:51:54.5263222Z [1m[92m   Compiling[0m install_cli v0.1.0 (/home/runner/work/koda/koda/crates/install_cli)
2026-10-07T19:51:54.9093051Z [1m[92m   Compiling[0m ui_prompt v0.1.0 (/home/runner/work/koda/koda/crates/ui_prompt)
2026-10-07T19:51:55.3683378Z [1m[92m   Compiling[0m svg_preview v0.1.0 (/home/runner/work/koda/koda/crates/svg_preview)
2026-10-07T19:51:55.7273645Z [1m[92m   Compiling[0m zlog_settings v0.1.0 (/home/runner/work/koda/koda/crates/zlog_settings)
2026-10-07T19:51:55.8249205Z [1m[92m   Compiling[0m input_latency_ui v0.1.0 (/home/runner/work/koda/koda/crates/input_latency_ui)
2026-10-07T19:51:56.1333705Z [1m[92m   Compiling[0m hang_telemetry v0.1.0 (/home/runner/work/koda/koda/crates/hang_telemetry)
2026-10-07T19:51:56.2722955Z [1m[92m   Compiling[0m annotate-snippets v0.12.12
2026-10-07T19:51:56.5993346Z [1m[92m   Compiling[0m ctrlc v3.5.0
2026-10-07T19:51:56.7042488Z [1m[92m   Compiling[0m vscode_theme v0.2.0
2026-10-07T19:51:57.5733891Z [1m[92m   Compiling[0m xtask v0.1.0 (/home/runner/work/koda/koda/tooling/xtask)
2026-10-07T19:52:01.6153987Z [1m[92m   Compiling[0m theme_importer v0.1.0 (/home/runner/work/koda/koda/crates/theme_importer)
2026-10-07T19:52:03.6111734Z [1m[92m   Compiling[0m docs_preprocessor v0.1.0 (/home/runner/work/koda/koda/crates/docs_preprocessor)
2026-10-07T19:55:56.2982167Z [1m[92m   Compiling[0m editor_benchmarks v0.1.0 (/home/runner/work/koda/koda/crates/editor_benchmarks)
2026-10-07T19:56:08.6042737Z [1m[92m   Compiling[0m extension_cli v0.1.0 (/home/runner/work/koda/koda/crates/extension_cli)
2026-10-07T19:56:21.3790008Z [1m[92m   Compiling[0m fs_benchmarks v0.1.0 (/home/runner/work/koda/koda/crates/fs_benchmarks)
2026-10-07T19:56:27.1541954Z [1m[92m   Compiling[0m worktree_benchmarks v0.1.0 (/home/runner/work/koda/koda/crates/worktree_benchmarks)
2026-10-07T19:56:29.3878246Z [1m[92m   Compiling[0m schema_generator v0.1.0 (/home/runner/work/koda/koda/crates/schema_generator)
2026-10-07T19:57:30.1620418Z [1m[33mwarning[0m[1m: unused import: `ARCH`[0m
2026-10-07T19:57:30.1764517Z   [1m[94m--> [0mcrates/auto_update/src/auto_update.rs:29:18
2026-10-07T19:57:30.1769089Z    [1m[94m|[0m
2026-10-07T19:57:30.5866710Z [1m[94m29[0m [1m[94m|[0m         consts::{ARCH, OS},
2026-10-07T19:57:30.6435407Z    [1m[94m|[0m                  [1m[33m^^^^[0m
2026-10-07T19:57:30.6439256Z    [1m[94m|[0m
2026-10-07T19:57:30.6440473Z    [1m[94m= [0m[1mnote[0m: `#[warn(unused_imports)]` (part of `#[warn(unused)]`) on by default
2026-10-07T19:57:30.6511727Z 
2026-10-07T19:57:30.6923616Z [1m[33mwarning[0m[1m: unused import: `release_channel::AppCommitSha`[0m
2026-10-07T19:57:30.7011854Z     [1m[94m--> [0mcrates/auto_update/src/auto_update.rs:1461:9
2026-10-07T19:57:30.7014688Z      [1m[94m|[0m
2026-10-07T19:57:30.7018617Z [1m[94m1461[0m [1m[94m|[0m     use release_channel::AppCommitSha;
2026-10-07T19:57:30.7019424Z      [1m[94m|[0m         [1m[33m^^^^^^^^^^^^^^^^^^^^^^^^^^^^^[0m
2026-10-07T19:57:30.7021580Z 
2026-10-07T19:57:34.1805940Z [1m[33mwarning[0m: `auto_update` (lib test) generated 2 warnings (run `cargo fix --lib -p auto_update --tests` to apply 2 suggestions)
2026-10-07T19:58:29.5575575Z [1m[92m   Compiling[0m gpui_web v0.1.0 (/home/runner/work/koda/koda/crates/gpui_web)
2026-10-07T19:58:30.8626559Z [1m[92m   Compiling[0m gpui_macos v0.1.0 (/home/runner/work/koda/koda/crates/gpui_macos)
2026-10-07T19:58:41.2229095Z [1m[92m    Finished[0m `test` profile [unoptimized] target(s) in 17m 24s
2026-10-07T19:58:52.0577416Z ────────────
2026-10-07T19:58:52.0584601Z [32;1m Nextest run[0m ID [1m417081c1-f927-491e-aa87-1877b2ecd152[0m with nextest profile: [1mdefault[0m
2026-10-07T19:58:52.0587551Z [32;1m    Starting[0m [1m10423[0m tests across [1m207[0m binaries ([1m23[0m tests [33;1mskipped[0m)
2026-10-07T20:24:42.4089740Z ────────────
2026-10-07T20:24:42.4092272Z [32;1m     Summary[0m [1550.350s] [1m10423[0m tests run: [1m10423[0m [32;1mpassed[0m, [1m23[0m [33;1mskipped[0m
2026-10-07T20:24:42.6084515Z Workspace tests (build and execution): 2611.5s (exit 0)
2026-10-07T20:24:42.7880212Z ##[group]Run python3 script/ci-run stage 'Linux app build' -- cargo build --locked --keep-going -p zed --bin koda
2026-10-07T20:24:42.7882226Z [36;1mpython3 script/ci-run stage 'Linux app build' -- cargo build --locked --keep-going -p zed --bin koda[0m
2026-10-07T20:24:42.8979365Z shell: /usr/bin/bash --noprofile --norc -e -o pipefail {0}
2026-10-07T20:24:42.8979652Z env:
2026-10-07T20:24:42.8979842Z   CARGO_TERM_COLOR: always
2026-10-07T20:24:42.8980029Z   CARGO_INCREMENTAL: 0
2026-10-07T20:24:42.8980209Z   CARGO_PROFILE_DEV_DEBUG: 0
2026-10-07T20:24:42.8980422Z   CARGO_PROFILE_DEV_BUILD_OVERRIDE_DEBUG: 0
2026-10-07T20:24:42.8980639Z   RUST_BACKTRACE: 1
2026-10-07T20:24:42.8980800Z   CC: clang
2026-10-07T20:24:42.8980945Z   CXX: clang++
2026-10-07T20:24:42.8981099Z   WGPU_BACKEND: vulkan
2026-10-07T20:24:42.8981385Z   CI_TEST_FILTER: 
2026-10-07T20:24:42.8981541Z   CI_TEST_MODE: full
2026-10-07T20:24:42.8981703Z   CARGO_BUILD_JOBS: 4
2026-10-07T20:24:42.8981912Z   CI_TEST_THREADS: 4
2026-10-07T20:24:42.8982113Z   VK_DRIVER_FILES: /usr/share/vulkan/icd.d/lvp_icd.json
2026-10-07T20:24:42.8982353Z ##[endgroup]
2026-10-07T20:24:45.9067419Z [1m[92m   Compiling[0m serde_core v1.0.229
2026-10-07T20:24:45.9192997Z [1m[92m   Compiling[0m hashbrown v0.17.1
2026-10-07T20:24:45.9197825Z [1m[92m   Compiling[0m either v1.15.0
2026-10-07T20:24:45.9289049Z [1m[92m   Compiling[0m serde_json v1.0.151
2026-10-07T20:24:46.0827727Z [1m[92m   Compiling[0m itertools v0.14.0
2026-10-07T20:24:46.1352826Z [1m[92m   Compiling[0m subtle v2.6.1
2026-10-07T20:24:46.2206732Z [1m[92m   Compiling[0m digest v0.10.7
2026-10-07T20:24:46.3802638Z [1m[92m   Compiling[0m sha2 v0.10.9
2026-10-07T20:24:46.6304043Z [1m[92m   Compiling[0m nix v0.30.1
2026-10-07T20:24:46.7342860Z [1m[92m   Compiling[0m fastrand v2.3.0
2026-10-07T20:24:46.9204257Z [1m[92m   Compiling[0m rayon v1.11.0
2026-10-07T20:24:46.9460791Z [1m[92m   Compiling[0m semver v1.0.28
2026-10-07T20:24:47.2012973Z [1m[92m   Compiling[0m rand v0.8.6
2026-10-07T20:24:47.2892558Z [1m[92m   Compiling[0m lyon_path v1.0.16
2026-10-07T20:24:47.7013264Z [1m[92m   Compiling[0m unicode-properties v0.1.3
2026-10-07T20:24:47.8124709Z [1m[92m   Compiling[0m lyon_tessellation v1.0.16
2026-10-07T20:24:47.8235198Z [1m[92m   Compiling[0m lyon_algorithms v1.0.16
2026-10-07T20:24:47.9772751Z [1m[92m   Compiling[0m serde v1.0.229
2026-10-07T20:24:48.1752667Z [1m[92m   Compiling[0m erased-serde v0.4.9
2026-10-07T20:24:48.4043676Z [1m[92m   Compiling[0m serde_fmt v1.0.3
2026-10-07T20:24:48.4912914Z [1m[92m   Compiling[0m bitflags v2.13.1
2026-10-07T20:24:48.5273716Z [1m[92m   Compiling[0m value-bag-serde1 v1.12.0
2026-10-07T20:24:48.5845443Z [1m[92m   Compiling[0m value-bag v1.12.0
2026-10-07T20:24:48.5943551Z [1m[92m   Compiling[0m smallvec v1.16.1
2026-10-07T20:24:48.6952834Z [1m[92m   Compiling[0m rustix v1.1.4
2026-10-07T20:24:48.7552372Z [1m[92m   Compiling[0m indexmap v2.14.0
2026-10-07T20:24:48.9012950Z [1m[92m   Compiling[0m log v0.4.29
2026-10-07T20:24:49.2101074Z [1m[92m   Compiling[0m parking_lot_core v0.9.12
2026-10-07T20:24:49.3102713Z [1m[92m   Compiling[0m tracing v0.1.43
2026-10-07T20:24:49.3980375Z [1m[92m   Compiling[0m parking_lot v0.12.5
2026-10-07T20:24:49.5082776Z [1m[92m   Compiling[0m icu_normalizer v2.3.0
2026-10-07T20:24:49.7002968Z [1m[92m   Compiling[0m uuid v1.18.1
2026-10-07T20:24:50.0482677Z [1m[92m   Compiling[0m idna_adapter v1.2.1
2026-10-07T20:24:50.1383078Z [1m[92m   Compiling[0m idna v1.1.0
2026-10-07T20:24:50.1458689Z [1m[92m   Compiling[0m gpui_util v0.1.0 (/home/runner/work/koda/koda/crates/gpui_util)
2026-10-07T20:24:50.3133887Z [1m[92m   Compiling[0m globset v0.4.17
2026-10-07T20:24:50.6560515Z [1m[92m   Compiling[0m url v2.5.7
2026-10-07T20:24:50.9448634Z [1m[92m   Compiling[0m schemars v1.0.4
2026-10-07T20:24:52.0902705Z [1m[92m   Compiling[0m rust-embed-utils v8.11.0
2026-10-07T20:24:52.2603345Z [1m[92m   Compiling[0m rust-embed-impl v8.11.0
2026-10-07T20:24:52.8893172Z [1m[92m   Compiling[0m polling v3.11.0
2026-10-07T20:24:53.0867601Z [1m[92m   Compiling[0m async-io v2.6.0
2026-10-07T20:24:53.2254653Z [1m[92m   Compiling[0m serde_urlencoded v0.7.1
2026-10-07T20:24:53.4242944Z [1m[92m   Compiling[0m async-signal v0.2.13
2026-10-07T20:24:53.5663525Z [1m[92m   Compiling[0m async-process v2.5.0 (https://github.com/zed-industries/async-process.git?rev=0b6d6713570af61806e1e5cb40e0f757cb93fd9d#0b6d6713)
2026-10-07T20:24:53.6103178Z [1m[92m   Compiling[0m path v0.1.0 (/home/runner/work/koda/koda/crates/path)
2026-10-07T20:24:53.8403201Z [1m[92m   Compiling[0m collections v0.1.0 (/home/runner/work/koda/koda/crates/collections)
2026-10-07T20:24:53.9112951Z [1m[92m   Compiling[0m async-net v2.0.0
2026-10-07T20:24:53.9384943Z [1m[92m   Compiling[0m tempfile v3.27.0
2026-10-07T20:24:54.1972751Z [1m[92m   Compiling[0m smol v2.0.2
2026-10-07T20:24:54.2693223Z [1m[92m   Compiling[0m rust-embed v8.11.0
2026-10-07T20:24:54.3413285Z [1m[92m   Compiling[0m serde_json_lenient v0.2.4
2026-10-07T20:24:54.3932720Z [1m[92m   Compiling[0m chrono v0.4.42
2026-10-07T20:24:54.4133139Z [1m[92m   Compiling[0m async-global-executor v2.4.1
2026-10-07T20:24:54.7583296Z [1m[92m   Compiling[0m kv-log-macro v1.0.7
2026-10-07T20:24:54.8578820Z [1m[92m   Compiling[0m async-std v1.13.2
2026-10-07T20:24:55.3732245Z [1m[92m   Compiling[0m xattr v1.6.1
2026-10-07T20:24:55.5666474Z [1m[92m   Compiling[0m command-fds v0.3.2
2026-10-07T20:24:55.6128729Z [1m[92m   Compiling[0m mio v1.2.0
2026-10-07T20:24:55.7192973Z [1m[92m   Compiling[0m util v0.1.0 (/home/runner/work/koda/koda/crates/util)
2026-10-07T20:24:55.8143591Z [1m[92m   Compiling[0m gpui_shared_string v0.1.0 (/home/runner/work/koda/koda/crates/gpui_shared_string)
2026-10-07T20:24:55.9028924Z [1m[92m   Compiling[0m tracing-log v0.2.0
2026-10-07T20:24:56.0093287Z [1m[92m   Compiling[0m async-tar v0.6.1 (https://github.com/zed-industries/async-tar?rev=bd3ad6f89df9a9da7a8535958756d6bf465936a0#bd3ad6f8)
2026-10-07T20:24:56.1152791Z [1m[92m   Compiling[0m tracing-serde v0.2.0
2026-10-07T20:24:56.2176856Z [1m[92m   Compiling[0m tracing-subscriber v0.3.22
2026-10-07T20:24:56.4612626Z [1m[92m   Compiling[0m kurbo v0.13.1
2026-10-07T20:24:56.6393276Z [1m[92m   Compiling[0m http_client v0.1.0 (/home/runner/work/koda/koda/crates/http_client)
2026-10-07T20:24:57.0522565Z [1m[92m   Compiling[0m zlog v0.1.0 (/home/runner/work/koda/koda/crates/zlog)
2026-10-07T20:24:57.4852783Z [1m[92m   Compiling[0m svgtypes v0.16.1
2026-10-07T20:24:57.5571986Z [1m[92m   Compiling[0m ztracing v0.1.0 (/home/runner/work/koda/koda/crates/ztracing)
2026-10-07T20:24:57.6134102Z [1m[92m   Compiling[0m sum_tree v0.1.0 (/home/runner/work/koda/koda/crates/sum_tree)
2026-10-07T20:24:57.9039158Z [1m[92m   Compiling[0m accesskit v0.24.1
2026-10-07T20:24:58.0009359Z [1m[92m   Compiling[0m fontdb v0.23.0
2026-10-07T20:24:58.0235841Z [1m[92m   Compiling[0m simplecss v0.2.2
2026-10-07T20:24:58.3043295Z [1m[92m   Compiling[0m rustybuzz v0.20.1
2026-10-07T20:24:58.3352947Z [1m[92m   Compiling[0m perf v0.1.0 (/home/runner/work/koda/koda/tooling/perf)
2026-10-07T20:24:58.4016459Z [1m[92m   Compiling[0m postage v0.5.0
2026-10-07T20:24:58.4729060Z [1m[92m   Compiling[0m tiny-skia v0.11.4
2026-10-07T20:24:58.6162781Z [1m[92m   Compiling[0m exr v1.74.0
2026-10-07T20:24:58.7613426Z [1m[92m   Compiling[0m futures-concurrency v7.7.1
2026-10-07T20:25:00.0192673Z [1m[92m   Compiling[0m usvg v0.46.0
2026-10-07T20:25:00.5492597Z [1m[92m   Compiling[0m png v0.18.0
2026-10-07T20:25:01.3041499Z [1m[92m   Compiling[0m sysinfo v0.31.4
2026-10-07T20:25:01.5113296Z [1m[92m   Compiling[0m gpui v0.2.2 (/home/runner/work/koda/koda/crates/gpui)
2026-10-07T20:25:01.6400921Z [1m[92m   Compiling[0m scheduler v0.1.0 (/home/runner/work/koda/koda/crates/scheduler)
2026-10-07T20:25:02.3134010Z [1m[92m   Compiling[0m zed-scap v0.0.8-zed (https://github.com/zed-industries/scap?rev=4afea48c3b002197176fb19cd0f9b180dd36eaac#4afea48c)
2026-10-07T20:25:02.3872837Z [1m[92m   Compiling[0m image v0.25.10
2026-10-07T20:25:02.4442183Z [1m[92m   Compiling[0m resvg v0.46.0
2026-10-07T20:25:02.7596913Z [1m[92m   Compiling[0m util_macros v0.1.0 (/home/runner/work/koda/koda/crates/util_macros)
2026-10-07T20:25:02.7799221Z [1m[92m   Compiling[0m taffy v0.13.0
2026-10-07T20:25:05.7293677Z [1m[92m   Compiling[0m lyon v1.0.16
2026-10-07T20:25:05.7753594Z [1m[92m   Compiling[0m gpui_macros v0.1.0 (/home/runner/work/koda/koda/crates/gpui_macros)
2026-10-07T20:25:07.5002783Z [1m[92m   Compiling[0m tokio v1.52.1
2026-10-07T20:25:08.8992694Z [1m[92m   Compiling[0m linux-raw-sys v0.12.1
2026-10-07T20:25:09.2292751Z [1m[92m   Compiling[0m rustc_version v0.4.1
2026-10-07T20:25:09.4379572Z [1m[92m   Compiling[0m wasmtime-internal-core v48.0.1
2026-10-07T20:25:09.9493193Z [1m[92m   Compiling[0m deranged v0.5.4
2026-10-07T20:25:11.0492657Z [1m[92m   Compiling[0m time v0.3.47
2026-10-07T20:25:12.8502771Z [1m[92m   Compiling[0m cranelift-bitset v0.135.1
2026-10-07T20:25:13.0214323Z [1m[92m   Compiling[0m prost-derive v0.14.4
2026-10-07T20:25:13.5909742Z [1m[92m   Compiling[0m zeta_prompt v0.1.0 (/home/runner/work/koda/koda/crates/zeta_prompt)
2026-10-07T20:25:13.6492866Z [1m[92m   Compiling[0m pulley-interpreter v48.0.1
2026-10-07T20:25:14.4252760Z [1m[92m   Compiling[0m prost v0.14.4
2026-10-07T20:25:14.7513264Z [1m[92m   Compiling[0m cranelift-entity v0.135.1
2026-10-07T20:25:15.0372922Z [1m[92m   Compiling[0m postcard v1.1.3
2026-10-07T20:25:15.1289534Z [1m[92m   Compiling[0m cranelift-codegen-meta v0.135.1
2026-10-07T20:25:15.2222755Z [1m[92m   Compiling[0m cranelift-bforest v0.135.1
2026-10-07T20:25:15.3096414Z [1m[92m   Compiling[0m prost-types v0.14.4
2026-10-07T20:25:15.5672921Z [1m[92m   Compiling[0m gimli v0.33.0
2026-10-07T20:25:16.2693266Z [1m[92m   Compiling[0m cloud_llm_client v0.1.0 (/home/runner/work/koda/koda/crates/cloud_llm_client)
2026-10-07T20:25:16.9453283Z [1m[92m   Compiling[0m wasmparser v0.254.0
2026-10-07T20:25:17.6613296Z [1m[92m   Compiling[0m cranelift-codegen v0.135.1
2026-10-07T20:25:18.6915011Z [1m[92m   Compiling[0m regalloc2 v0.15.2
2026-10-07T20:25:25.6812828Z [1m[92m   Compiling[0m wasm-encoder v0.254.0
2026-10-07T20:25:27.3862777Z [1m[92m   Compiling[0m object v0.39.1
2026-10-07T20:25:30.7443134Z [1m[92m   Compiling[0m wasmprinter v0.254.0
2026-10-07T20:25:31.2607473Z [1m[92m   Compiling[0m hashbrown v0.15.5
2026-10-07T20:25:31.7043998Z [1m[92m   Compiling[0m id-arena v2.3.0
2026-10-07T20:25:31.7805809Z [1m[92m   Compiling[0m wit-parser v0.254.0
2026-10-07T20:25:32.7473160Z [1m[92m   Compiling[0m wasmtime-environ v48.0.1
2026-10-07T20:25:36.0012962Z [1m[92m   Compiling[0m petgraph v0.8.3
2026-10-07T20:25:37.3042827Z [1m[92m   Compiling[0m wasm-metadata v0.254.0
2026-10-07T20:25:37.6233241Z [1m[92m   Compiling[0m language_model_core v0.1.0 (/home/runner/work/koda/koda/crates/language_model_core)
2026-10-07T20:25:38.8923140Z [1m[92m   Compiling[0m prost-build v0.14.4
2026-10-07T20:25:39.8737034Z [1m[92m   Compiling[0m wit-component v0.254.0
2026-10-07T20:25:41.1122741Z [1m[92m   Compiling[0m logos-codegen v0.15.1
2026-10-07T20:25:41.4253421Z [1m[92m   Compiling[0m wasmtime-internal-jit-icache-coherence v48.0.1
2026-10-07T20:25:41.4792587Z [1m[92m   Compiling[0m memfd v0.6.5
2026-10-07T20:25:42.9163007Z [1m[92m   Compiling[0m wasmtime-internal-wit-bindgen v48.0.1
2026-10-07T20:25:43.5973184Z [1m[92m   Compiling[0m wasmtime-internal-fiber v48.0.1
2026-10-07T20:25:43.7922806Z [1m[92m   Compiling[0m tokio-util v0.7.18
2026-10-07T20:25:44.0833031Z [1m[92m   Compiling[0m wasmtime-internal-component-macro v48.0.1
2026-10-07T20:25:44.3292052Z [1m[92m   Compiling[0m logos-derive v0.15.1
2026-10-07T20:25:44.5163245Z [1m[92m   Compiling[0m tree-sitter v0.27.0 (https://github.com/tree-sitter/tree-sitter?rev=43623ec9bf0eaaf7113285c46e8a09018f181b18#43623ec9)
2026-10-07T20:25:45.6033031Z [1m[92m   Compiling[0m logos v0.15.1
2026-10-07T20:25:45.7093201Z [1m[92m   Compiling[0m paths v0.1.0 (/home/runner/work/koda/koda/crates/paths)
2026-10-07T20:25:45.8555747Z [1m[92m   Compiling[0m prost-reflect v0.16.5
2026-10-07T20:25:49.7892750Z [1m[92m   Compiling[0m cranelift-native v0.135.1
2026-10-07T20:25:49.8852825Z [1m[92m   Compiling[0m wasmtime-internal-unwinder v48.0.1
2026-10-07T20:25:50.1242946Z [1m[92m   Compiling[0m cranelift-frontend v0.135.1
2026-10-07T20:25:50.9573364Z [1m[92m   Compiling[0m wasmtime-internal-cranelift v48.0.1
2026-10-07T20:25:51.9263446Z [1m[92m   Compiling[0m protox-parse v0.9.0
2026-10-07T20:25:53.1003065Z [1m[92m   Compiling[0m ignore v0.4.24
2026-10-07T20:25:54.0933208Z [1m[92m   Compiling[0m getrandom v0.2.16
2026-10-07T20:25:54.4640958Z [1m[92m   Compiling[0m protox v0.9.1
2026-10-07T20:25:54.9252842Z [1m[92m   Compiling[0m wasmtime v48.0.1
2026-10-07T20:26:06.3293273Z [1m[92m   Compiling[0m release_channel v0.1.0 (/home/runner/work/koda/koda/crates/release_channel)
2026-10-07T20:26:06.6032913Z [1m[92m   Compiling[0m wasmtime-c-api-impl v48.0.1
2026-10-07T20:26:10.5563316Z [1m[92m   Compiling[0m rustls-webpki v0.103.13
2026-10-07T20:26:11.2859436Z [1m[92m   Compiling[0m rustls v0.23.40
2026-10-07T20:26:16.0983033Z [1m[92m   Compiling[0m proto v0.1.0 (/home/runner/work/koda/koda/crates/proto)
2026-10-07T20:26:16.8029647Z [1m[92m   Compiling[0m telemetry_events v0.1.0 (/home/runner/work/koda/koda/crates/telemetry_events)
2026-10-07T20:26:16.9963534Z [1m[92m   Compiling[0m rope v0.1.0 (/home/runner/work/koda/koda/crates/rope)
2026-10-07T20:26:17.9542983Z [1m[92m   Compiling[0m net v0.1.0 (/home/runner/work/koda/koda/crates/net)
2026-10-07T20:26:18.0055349Z [1m[92m   Compiling[0m askpass v0.1.0 (/home/runner/work/koda/koda/crates/askpass)
2026-10-07T20:26:23.9713021Z [1m[92m   Compiling[0m clock v0.1.0 (/home/runner/work/koda/koda/crates/clock)
2026-10-07T20:26:24.1533046Z [1m[92m   Compiling[0m serde_path_to_error v0.1.20
2026-10-07T20:26:24.5013719Z [1m[92m   Compiling[0m inotify v0.11.0
2026-10-07T20:26:24.8283083Z [1m[92m   Compiling[0m settings_json v0.1.0 (/home/runner/work/koda/koda/crates/settings_json)
2026-10-07T20:26:25.3323818Z [1m[92m   Compiling[0m text v0.1.0 (/home/runner/work/koda/koda/crates/text)
2026-10-07T20:26:27.5163003Z [1m[92m   Compiling[0m telemetry v0.1.0 (/home/runner/work/koda/koda/crates/telemetry)
2026-10-07T20:26:27.7383690Z [1m[92m   Compiling[0m phf_generator v0.13.1
2026-10-07T20:26:28.0428852Z [1m[92m   Compiling[0m notify-types v2.1.0 (https://github.com/zed-industries/notify?rev=d842f16b2716bd60f09caf3ae3a894237ab38f54#d842f16b)
2026-10-07T20:26:28.2895151Z [1m[92m   Compiling[0m notify v9.0.0-rc.4 (https://github.com/zed-industries/notify?rev=d842f16b2716bd60f09caf3ae3a894237ab38f54#d842f16b)
2026-10-07T20:26:29.1434127Z [1m[92m   Compiling[0m settings_content v0.1.0 (/home/runner/work/koda/koda/crates/settings_content)
2026-10-07T20:26:42.7403085Z [1m[92m   Compiling[0m git v0.1.0 (/home/runner/work/koda/koda/crates/git)
2026-10-07T20:26:47.3752775Z [1m[92m   Compiling[0m tokio-rustls v0.26.4
2026-10-07T20:26:47.5553379Z [1m[92m   Compiling[0m trash v5.2.5 (https://github.com/zed-industries/trash-rs?rev=41c6c800d884a89351f3b8856d12894cccee261d#41c6c800)
2026-10-07T20:26:48.0412955Z [1m[92m   Compiling[0m fs v0.1.0 (/home/runner/work/koda/koda/crates/fs)
2026-10-07T20:26:50.6178849Z [1m[92m   Compiling[0m migrator v0.1.0 (/home/runner/work/koda/koda/crates/migrator)
2026-10-07T20:26:51.5950052Z [1m[92m   Compiling[0m settings v0.1.0 (/home/runner/work/koda/koda/crates/settings)
2026-10-07T20:26:53.8670779Z [1m[92m   Compiling[0m tungstenite v0.28.0
2026-10-07T20:26:54.3924560Z [1m[92m   Compiling[0m syntax_theme v0.1.0 (/home/runner/work/koda/koda/crates/syntax_theme)
2026-10-07T20:26:54.4182529Z [1m[92m   Compiling[0m phf_macros v0.13.1
2026-10-07T20:26:54.6173417Z [1m[92m   Compiling[0m futures-util v0.3.34
2026-10-07T20:26:54.7376414Z [1m[92m   Compiling[0m theme v0.1.0 (/home/runner/work/koda/koda/crates/theme)
2026-10-07T20:26:54.9852995Z [1m[92m   Compiling[0m phf v0.13.1
2026-10-07T20:26:55.0894162Z [1m[92m   Compiling[0m serde_spanned v0.6.9
2026-10-07T20:26:55.1822737Z [1m[92m   Compiling[0m toml_datetime v0.6.11
2026-10-07T20:26:55.4121745Z [1m[92m   Compiling[0m toml_edit v0.22.27
2026-10-07T20:26:56.7562988Z [1m[92m   Compiling[0m rand_core v0.6.4
2026-10-07T20:26:56.8782999Z [1m[92m   Compiling[0m toml v0.8.23
2026-10-07T20:26:57.3609844Z [1m[92m   Compiling[0m h2 v0.4.19
2026-10-07T20:26:57.9357982Z [1m[92m   Compiling[0m num-bigint-dig v0.8.6
2026-10-07T20:26:58.9334719Z [1m[92m   Compiling[0m async-tungstenite v0.33.0
2026-10-07T20:26:59.2412764Z [1m[92m   Compiling[0m signature v2.2.0
2026-10-07T20:26:59.3238048Z [1m[92m   Compiling[0m rsa v0.9.10
2026-10-07T20:27:00.3753261Z [1m[92m   Compiling[0m zed_actions v0.1.0 (/home/runner/work/koda/koda/crates/zed_actions)
2026-10-07T20:27:01.3017681Z [1m[92m   Compiling[0m hyper v1.11.1
2026-10-07T20:27:01.8213250Z [1m[92m   Compiling[0m language_core v0.1.0 (/home/runner/work/koda/koda/crates/language_core)
2026-10-07T20:27:02.5612149Z [1m[92m   Compiling[0m hyper-util v0.1.17
2026-10-07T20:27:02.5902853Z [1m[92m   Compiling[0m task v0.1.0 (/home/runner/work/koda/koda/crates/task)
2026-10-07T20:27:03.9572753Z [1m[92m   Compiling[0m nucleo v0.5.0
2026-10-07T20:27:03.9965251Z [1m[92m   Compiling[0m watch v0.1.0 (/home/runner/work/koda/koda/crates/watch)
2026-10-07T20:27:04.1273002Z [1m[92m   Compiling[0m rpc v0.1.0 (/home/runner/work/koda/koda/crates/rpc)
2026-10-07T20:27:04.2282815Z [1m[92m   Compiling[0m phf_codegen v0.13.1
2026-10-07T20:27:04.3103214Z [1m[92m   Compiling[0m fuzzy v0.1.0 (/home/runner/work/koda/koda/crates/fuzzy)
2026-10-07T20:27:04.7487481Z [1m[92m   Compiling[0m lsp-types v0.95.1 (https://github.com/zed-industries/lsp-types?rev=f1783e63a7f4eb4397bf51d4148b4895a1f7ab16#f1783e63)
2026-10-07T20:27:04.7652891Z [1m[92m   Compiling[0m zeroize v1.8.2
2026-10-07T20:27:04.8912880Z [1m[92m   Compiling[0m language v0.1.0 (/home/runner/work/koda/koda/crates/language)
2026-10-07T20:27:05.0132726Z [1m[92m   Compiling[0m rustls-pki-types v1.12.0
2026-10-07T20:27:05.3882984Z [1m[92m   Compiling[0m fuzzy_nucleo v0.1.0 (/home/runner/work/koda/koda/crates/fuzzy_nucleo)
2026-10-07T20:27:05.7222117Z [1m[92m   Compiling[0m tracing-core v0.1.35
2026-10-07T20:27:06.3183310Z [1m[92m   Compiling[0m ring v0.17.14
2026-10-07T20:27:06.4137462Z [1m[92m   Compiling[0m credentials_provider v0.1.0 (/home/runner/work/koda/koda/crates/credentials_provider)
2026-10-07T20:27:08.4989980Z [1m[92m   Compiling[0m rustls-platform-verifier v0.7.0
2026-10-07T20:27:08.6855029Z [1m[92m   Compiling[0m tiny_http v0.12.0
2026-10-07T20:27:09.1517485Z [1m[92m   Compiling[0m http_client_tls v0.1.0 (/home/runner/work/koda/koda/crates/http_client_tls)
2026-10-07T20:27:11.4687943Z [1m[92m   Compiling[0m lsp v0.1.0 (/home/runner/work/koda/koda/crates/lsp)
2026-10-07T20:27:11.4817045Z [1m[92m   Compiling[0m ciborium v0.2.2
2026-10-07T20:27:11.9532743Z [1m[92m   Compiling[0m rustls-native-certs v0.8.3
2026-10-07T20:27:12.3383164Z [1m[92m   Compiling[0m tower v0.5.2
2026-10-07T20:27:13.5314255Z [1m[92m   Compiling[0m gpui_tokio v0.1.0 (/home/runner/work/koda/koda/crates/gpui_tokio)
2026-10-07T20:27:13.7512749Z [1m[92m   Compiling[0m inout v0.1.4
2026-10-07T20:27:13.9099800Z [1m[92m   Compiling[0m password-hash v0.4.2
2026-10-07T20:27:13.9795517Z [1m[92m   Compiling[0m yawc v0.4.2
2026-10-07T20:27:14.2344037Z [1m[92m   Compiling[0m cipher v0.4.4
2026-10-07T20:27:14.3940400Z [1m[92m   Compiling[0m hyper-rustls v0.27.9
2026-10-07T20:27:14.6181559Z [1m[92m   Compiling[0m cloud_api_types v0.1.0 (/home/runner/work/koda/koda/crates/cloud_api_types)
2026-10-07T20:27:15.4832621Z [1m[92m   Compiling[0m hmac v0.12.1
2026-10-07T20:27:15.5600896Z [1m[92m   Compiling[0m pbkdf2 v0.11.0
2026-10-07T20:27:15.6972823Z [1m[92m   Compiling[0m cloud_api_client v0.1.0 (/home/runner/work/koda/koda/crates/cloud_api_client)
2026-10-07T20:27:16.3622622Z [1m[92m   Compiling[0m aes v0.8.4
2026-10-07T20:27:16.7752942Z [1m[92m   Compiling[0m icons v0.1.0 (/home/runner/work/koda/koda/crates/icons)
2026-10-07T20:27:16.7882604Z [1m[92m   Compiling[0m sha1 v0.10.6
2026-10-07T20:27:17.0072756Z [1m[92m   Compiling[0m zip v0.6.6
2026-10-07T20:27:17.0653128Z [1m[92m   Compiling[0m feature_flags v0.1.0 (/home/runner/work/koda/koda/crates/feature_flags)
2026-10-07T20:27:17.5907657Z [1m[92m   Compiling[0m worktree v0.1.0 (/home/runner/work/koda/koda/crates/worktree)
2026-10-07T20:27:17.6217540Z [1m[92m   Compiling[0m zed_credentials_provider v0.1.0 (/home/runner/work/koda/koda/crates/zed_credentials_provider)
2026-10-07T20:27:17.9693247Z [1m[92m   Compiling[0m proxy_handshake v0.1.0 (/home/runner/work/koda/koda/crates/proxy_handshake)
2026-10-07T20:27:18.1013038Z [1m[92m   Compiling[0m string_cache_codegen v0.6.1
2026-10-07T20:27:18.2007722Z [1m[92m   Compiling[0m selectors v0.37.0
2026-10-07T20:27:18.4613331Z [1m[92m   Compiling[0m web_atoms v0.2.6
2026-10-07T20:27:18.5742167Z [1m[92m   Compiling[0m cssparser v0.36.0
2026-10-07T20:27:19.1665784Z [1m[92m   Compiling[0m htmlize v1.1.0
2026-10-07T20:27:19.2013369Z [1m[92m   Compiling[0m string_cache v0.9.0
2026-10-07T20:27:19.3737987Z [1m[92m   Compiling[0m node_runtime v0.1.0 (/home/runner/work/koda/koda/crates/node_runtime)
2026-10-07T20:27:19.5919418Z [1m[92m   Compiling[0m itertools v0.15.0
2026-10-07T20:27:20.3519924Z [1m[92m   Compiling[0m client v0.1.0 (/home/runner/work/koda/koda/crates/client)
2026-10-07T20:27:20.7962702Z [1m[92m   Compiling[0m documented-macros v0.10.0
2026-10-07T20:27:22.1754176Z [1m[92m   Compiling[0m dap-types v0.0.1 (https://github.com/zed-industries/dap-types?rev=1b461b310481d01e02b2603c16d7144b926339f8#1b461b31)
2026-10-07T20:27:22.9222844Z [1m[92m   Compiling[0m lol_html v3.0.1
2026-10-07T20:27:23.9972578Z [1m[92m   Compiling[0m markup5ever v0.39.0
2026-10-07T20:27:24.1872820Z [1m[92m   Compiling[0m documented v0.10.0
2026-10-07T20:27:24.2672736Z [1m[92m   Compiling[0m json5 v1.3.1
2026-10-07T20:27:24.3054865Z [1m[92m   Compiling[0m granit-parser v1.0.0
2026-10-07T20:27:24.6643400Z [1m[92m   Compiling[0m component v0.1.0 (/home/runner/work/koda/koda/crates/component)
2026-10-07T20:27:24.9639708Z [1m[92m   Compiling[0m menu v0.1.0 (/home/runner/work/koda/koda/crates/menu)
2026-10-07T20:27:25.0832799Z [1m[92m   Compiling[0m dap v0.1.0 (/home/runner/work/koda/koda/crates/dap)
2026-10-07T20:27:25.1164024Z [1m[92m   Compiling[0m dugong-graphlib v0.8.0-alpha.5
2026-10-07T20:27:25.2121004Z [1m[92m   Compiling[0m futures-lite v2.6.1
2026-10-07T20:27:25.9412837Z [1m[92m   Compiling[0m ui v0.1.0 (/home/runner/work/koda/koda/crates/ui)
2026-10-07T20:27:25.9418138Z [1m[92m   Compiling[0m merman-core v0.8.0-alpha.5
2026-10-07T20:27:26.2678923Z [1m[92m   Compiling[0m dugong v0.8.0-alpha.5
2026-10-07T20:27:29.2932592Z [1m[92m   Compiling[0m icu_collator v2.3.0
2026-10-07T20:27:30.4682868Z [1m[92m   Compiling[0m pulldown-cmark v0.13.4
2026-10-07T20:27:31.7353241Z [1m[92m   Compiling[0m rustls-pemfile v2.2.0
2026-10-07T20:27:31.8643224Z [1m[92m   Compiling[0m tokio-socks v0.5.2
2026-10-07T20:27:32.3062870Z [1m[92m   Compiling[0m roughr-merman v0.12.3
2026-10-07T20:27:33.3180765Z [1m[92m   Compiling[0m env_var v0.1.0 (/home/runner/work/koda/koda/crates/env_var)
2026-10-07T20:27:33.4052793Z [1m[92m   Compiling[0m manatee v0.8.0-alpha.5
2026-10-07T20:27:34.3132857Z [1m[92m   Compiling[0m tar v0.4.46
2026-10-07T20:27:34.9750850Z [1m[92m   Compiling[0m zed-reqwest v0.12.15-zed (https://github.com/zed-industries/reqwest.git?rev=33bc764aa15ff7b200bf7c93bd96e24878d53e14#33bc764a)
2026-10-07T20:27:35.1890186Z [1m[92m   Compiling[0m extension v0.1.0 (/home/runner/work/koda/koda/crates/extension)
2026-10-07T20:27:36.7103531Z [1m[92m   Compiling[0m xml5ever v0.39.0
2026-10-07T20:27:37.1473468Z [1m[92m   Compiling[0m html5ever v0.39.0
2026-10-07T20:27:37.2203927Z [1m[92m   Compiling[0m oauth_callback_server v0.1.0 (/home/runner/work/koda/koda/crates/oauth_callback_server)
2026-10-07T20:27:37.4705546Z [1m[92m   Compiling[0m theme_settings v0.1.0 (/home/runner/work/koda/koda/crates/theme_settings)
2026-10-07T20:27:37.8303450Z [1m[92m   Compiling[0m event-listener-strategy v0.5.4
2026-10-07T20:27:37.9272966Z [1m[92m   Compiling[0m bit-vec v0.8.0
2026-10-07T20:27:38.1175734Z [1m[92m   Compiling[0m bit-set v0.8.0
2026-10-07T20:27:38.1352993Z [1m[92m   Compiling[0m android_tools v0.1.0 (/home/runner/work/koda/koda/crates/android_tools)
2026-10-07T20:27:38.2117878Z [1m[92m   Compiling[0m merman-render v0.8.0-alpha.5
2026-10-07T20:27:38.7363986Z [1m[92m   Compiling[0m vte v0.15.0
2026-10-07T20:27:39.1805754Z [1m[92m   Compiling[0m markup5ever_rcdom v0.39.0+unofficial
2026-10-07T20:27:39.2118703Z [1m[92m   Compiling[0m rustix-openpty v0.2.0
2026-10-07T20:27:39.3914057Z [1m[92m   Compiling[0m alacritty_terminal v0.26.1-dev (https://github.com/zed-industries/alacritty?rev=4c129667ce56611becdc82de6e28218c80e2e88f#4c129667)
2026-10-07T20:27:40.5092696Z [1m[92m   Compiling[0m fancy-regex v0.19.0
2026-10-07T20:27:41.7003453Z [1m[92m   Compiling[0m buffer_diff v0.1.0 (/home/runner/work/koda/koda/crates/buffer_diff)
2026-10-07T20:27:43.0283305Z [1m[92m   Compiling[0m async-channel v2.5.0
2026-10-07T20:27:43.3522896Z [1m[92m   Compiling[0m snippet v0.1.0 (/home/runner/work/koda/koda/crates/snippet)
2026-10-07T20:27:43.5560415Z [1m[92m   Compiling[0m snippet_provider v0.1.0 (/home/runner/work/koda/koda/crates/snippet_provider)
2026-10-07T20:27:44.9536422Z [1m[92m   Compiling[0m wax v0.7.0
2026-10-07T20:27:45.4343133Z [1m[92m   Compiling[0m terminal v0.1.0 (/home/runner/work/koda/koda/crates/terminal)
2026-10-07T20:27:47.5155023Z [1m[92m   Compiling[0m context_server v0.1.0 (/home/runner/work/koda/koda/crates/context_server)
2026-10-07T20:27:50.5272804Z [1m[92m   Compiling[0m prettier v0.1.0 (/home/runner/work/koda/koda/crates/prettier)
2026-10-07T20:27:51.0522867Z [1m[92m   Compiling[0m remote v0.1.0 (/home/runner/work/koda/koda/crates/remote)
2026-10-07T20:27:52.3403031Z [1m[92m   Compiling[0m git_hosting_providers v0.1.0 (/home/runner/work/koda/koda/crates/git_hosting_providers)
2026-10-07T20:27:53.9003254Z [1m[92m   Compiling[0m piper v0.2.4
2026-10-07T20:27:54.0770816Z [1m[92m   Compiling[0m blocking v1.6.2
2026-10-07T20:27:54.3142534Z [1m[92m   Compiling[0m async-lock v3.4.2
2026-10-07T20:27:54.3383082Z [1m[92m   Compiling[0m language_model v0.1.0 (/home/runner/work/koda/koda/crates/language_model)
2026-10-07T20:27:54.8729757Z [1m[92m   Compiling[0m merman v0.8.0-alpha.5
2026-10-07T20:27:55.1200055Z [1m[92m   Compiling[0m libsqlite3-sys v0.30.1
2026-10-07T20:27:55.2304947Z [1m[92m   Compiling[0m mermaid_render v0.1.0 (/home/runner/work/koda/koda/crates/mermaid_render)
2026-10-07T20:27:55.4978489Z [1m[92m   Compiling[0m compression-codecs v0.4.31
2026-10-07T20:27:55.6133159Z [1m[92m   Compiling[0m getrandom v0.3.4
2026-10-07T20:27:55.7842933Z [1m[92m   Compiling[0m markdown v0.1.0 (/home/runner/work/koda/koda/crates/markdown)
2026-10-07T20:27:55.9542745Z [1m[92m   Compiling[0m async-compression v0.4.32
2026-10-07T20:27:58.9623185Z [1m[92m   Compiling[0m async-fs v2.2.0
2026-10-07T20:27:59.5022946Z [1m[92m   Compiling[0m async-executor v1.13.3
2026-10-07T20:27:59.5992764Z [1m[92m   Compiling[0m futures-executor v0.3.34
2026-10-07T20:27:59.7666949Z [1m[92m   Compiling[0m scopeguard v1.2.0
2026-10-07T20:27:59.8182784Z [1m[92m   Compiling[0m lock_api v0.4.14
2026-10-07T20:27:59.8382820Z [1m[92m   Compiling[0m futures v0.3.34
2026-10-07T20:28:00.0722266Z [1m[92m   Compiling[0m async_zip v0.0.18
2026-10-07T20:28:02.2050558Z [1m[92m   Compiling[0m sqlez v0.1.0 (/home/runner/work/koda/koda/crates/sqlez)
2026-10-07T20:28:02.8879430Z [1m[92m   Compiling[0m zed_env_vars v0.1.0 (/home/runner/work/koda/koda/crates/zed_env_vars)
2026-10-07T20:28:02.9572891Z [1m[92m   Compiling[0m ui_input v0.1.0 (/home/runner/work/koda/koda/crates/ui_input)
2026-10-07T20:28:03.2710711Z [1m[92m   Compiling[0m edit_prediction_types v0.1.0 (/home/runner/work/koda/koda/crates/edit_prediction_types)
2026-10-07T20:28:03.4563075Z [1m[92m   Compiling[0m sqlez_macros v0.1.0 (/home/runner/work/koda/koda/crates/sqlez_macros)
2026-10-07T20:28:03.7252924Z [1m[92m   Compiling[0m file_icons v0.1.0 (/home/runner/work/koda/koda/crates/file_icons)
2026-10-07T20:28:03.7742920Z [1m[92m   Compiling[0m db v0.1.0 (/home/runner/work/koda/koda/crates/db)
2026-10-07T20:28:03.9932848Z [1m[92m   Compiling[0m multi_buffer v0.1.0 (/home/runner/work/koda/koda/crates/multi_buffer)
2026-10-07T20:28:04.2093078Z [1m[92m   Compiling[0m session v0.1.0 (/home/runner/work/koda/koda/crates/session)
2026-10-07T20:28:04.5673112Z [1m[92m   Compiling[0m assets v0.1.0 (/home/runner/work/koda/koda/crates/assets)
2026-10-07T20:28:04.8033088Z [1m[92m   Compiling[0m vim_mode_setting v0.1.0 (/home/runner/work/koda/koda/crates/vim_mode_setting)
2026-10-07T20:28:05.2114541Z [1m[92m   Compiling[0m toml_datetime v0.7.3
2026-10-07T20:28:05.3363043Z [1m[92m   Compiling[0m language_detection v0.1.0 (/home/runner/work/koda/koda/crates/language_detection)
2026-10-07T20:28:05.3917659Z [1m[92m   Compiling[0m emojis v0.9.0
2026-10-07T20:28:05.7956528Z [1m[92m   Compiling[0m toml_edit v0.23.7
2026-10-07T20:28:06.2463860Z [1m[92m   Compiling[0m proc-macro-crate v3.4.0
2026-10-07T20:28:06.5853642Z [1m[92m   Compiling[0m const-random-macro v0.1.16
2026-10-07T20:28:06.6064503Z [1m[92m   Compiling[0m terminal_size v0.4.3
2026-10-07T20:28:06.6962881Z [1m[92m   Compiling[0m clap_builder v4.5.49
2026-10-07T20:28:06.7823089Z [1m[92m   Compiling[0m const-random v0.1.18
2026-10-07T20:28:06.8191356Z [1m[92m   Compiling[0m ahash v0.8.12
2026-10-07T20:28:07.0413999Z [1m[92m   Compiling[0m bytes-utils v0.1.4
2026-10-07T20:28:07.2312818Z [1m[92m   Compiling[0m aws-smithy-types v1.4.7
2026-10-07T20:28:07.3743165Z [1m[92m   Compiling[0m pet-fs v0.1.0 (https://github.com/zed-industries/python-environment-tools.git?rev=5aad7164bfc2a58977b103c8ef8fdd7302ed2e9f#5aad7164)
2026-10-07T20:28:07.5589221Z [1m[92m   Compiling[0m serde_spanned v1.0.3
2026-10-07T20:28:07.6259758Z [1m[92m   Compiling[0m env_logger v0.10.2
2026-10-07T20:28:07.9612582Z [1m[92m   Compiling[0m toml v0.9.8
2026-10-07T20:28:08.1602824Z [1m[92m   Compiling[0m cfg-expr v0.20.9
2026-10-07T20:28:08.3892753Z [1m[92m   Compiling[0m clap v4.5.49
2026-10-07T20:28:08.4384069Z [1m[92m   Compiling[0m pet-core v0.1.0 (https://github.com/zed-industries/python-environment-tools.git?rev=5aad7164bfc2a58977b103c8ef8fdd7302ed2e9f#5aad7164)
2026-10-07T20:28:08.5813697Z [1m[92m   Compiling[0m system-deps v7.0.7
2026-10-07T20:28:09.1572903Z [1m[92m   Compiling[0m zvariant_utils v3.3.1
2026-10-07T20:28:09.1772644Z [1m[92m   Compiling[0m enumflags2 v0.7.12
2026-10-07T20:28:09.1983442Z [1m[92m   Compiling[0m aws-smithy-async v1.2.14
2026-10-07T20:28:09.2907019Z [1m[92m   Compiling[0m pet-python-utils v0.1.0 (https://github.com/zed-industries/python-environment-tools.git?rev=5aad7164bfc2a58977b103c8ef8fdd7302ed2e9f#5aad7164)
2026-10-07T20:28:09.3912884Z [1m[92m   Compiling[0m aws-smithy-runtime-api v1.11.4
2026-10-07T20:28:09.5800317Z [1m[92m   Compiling[0m zvariant_derive v5.11.0
2026-10-07T20:28:10.4125990Z [1m[92m   Compiling[0m hashbrown v0.14.5
2026-10-07T20:28:10.5101317Z [1m[92m   Compiling[0m fs-set-times v0.20.3
2026-10-07T20:28:10.5182244Z [1m[92m   Compiling[0m glib-sys v0.21.5
2026-10-07T20:28:10.6173097Z [1m[92m   Compiling[0m tower-http v0.6.11
2026-10-07T20:28:10.6503008Z [1m[92m   Compiling[0m pbjson-build v0.9.0
2026-10-07T20:28:10.9253934Z [1m[92m   Compiling[0m rustix-linux-procfs v0.1.1
2026-10-07T20:28:10.9423133Z [1m[92m   Compiling[0m reqwest v0.12.24
2026-10-07T20:28:11.1233548Z [1m[92m   Compiling[0m cap-primitives v4.0.3
2026-10-07T20:28:11.1921014Z [1m[92m   Compiling[0m pbjson-types v0.9.0
2026-10-07T20:28:11.9331112Z [1m[92m   Compiling[0m syn v2.0.117
2026-10-07T20:28:12.0772672Z [1m[92m   Compiling[0m wayland-sys v0.31.11
2026-10-07T20:28:12.3296487Z [1m[92m   Compiling[0m zvariant v5.11.0
2026-10-07T20:28:13.5302911Z [1m[92m   Compiling[0m gobject-sys v0.21.5
2026-10-07T20:28:13.6652747Z [1m[92m   Compiling[0m aws-smithy-eventstream v0.60.20
2026-10-07T20:28:14.3442864Z [1m[92m   Compiling[0m phf_generator v0.11.3
2026-10-07T20:28:14.4912670Z [1m[92m   Compiling[0m zbus_names v4.3.2
2026-10-07T20:28:14.7386099Z [1m[92m   Compiling[0m project v0.1.0 (/home/runner/work/koda/koda/crates/project)
2026-10-07T20:28:15.4452571Z [1m[92m   Compiling[0m cxx-build v1.0.187
2026-10-07T20:28:18.0342993Z [1m[92m   Compiling[0m aws-smithy-http v0.63.4
2026-10-07T20:28:18.3869915Z [1m[92m   Compiling[0m webrtc-sys-build v0.3.13 (https://github.com/zed-industries/livekit-rust-sdks?rev=0a1c519cfce9b365229026b55de9b9dbdb6fed3c#0a1c519c)
2026-10-07T20:28:19.0185470Z [1m[92m   Compiling[0m cap-std v4.0.3
2026-10-07T20:28:19.1412763Z [1m[92m   Compiling[0m aws-credential-types v1.2.12
2026-10-07T20:28:19.2843646Z [1m[92m   Compiling[0m gio-sys v0.21.5
2026-10-07T20:28:19.4278994Z [1m[92m   Compiling[0m tokio-stream v0.1.17
2026-10-07T20:28:19.4369712Z [1m[92m   Compiling[0m aws-types v1.3.12
2026-10-07T20:28:19.5538895Z [1m[92m   Compiling[0m symphonia-core v0.5.5
2026-10-07T20:28:20.0342723Z [1m[92m   Compiling[0m pbjson v0.9.0
2026-10-07T20:28:20.1142914Z [1m[92m   Compiling[0m serde_bytes v0.11.19
2026-10-07T20:28:22.4333554Z [1m[92m   Compiling[0m livekit-runtime v0.4.0 (https://github.com/zed-industries/livekit-rust-sdks?rev=0a1c519cfce9b365229026b55de9b9dbdb6fed3c#0a1c519c)
2026-10-07T20:28:22.5292764Z [1m[92m   Compiling[0m cap-fs-ext v4.0.3
2026-10-07T20:28:22.7007373Z [1m[92m   Compiling[0m webrtc-sys v0.3.23 (https://github.com/zed-industries/livekit-rust-sdks?rev=0a1c519cfce9b365229026b55de9b9dbdb6fed3c#0a1c519c)
2026-10-07T20:28:22.8993379Z [1m[92m   Compiling[0m phf_macros v0.11.3
2026-10-07T20:28:23.3862519Z [1m[92m   Compiling[0m hashlink v0.8.4
2026-10-07T20:28:23.5895157Z [1m[92m   Compiling[0m aws-smithy-observability v0.2.5
2026-10-07T20:28:23.6003202Z [1m[92m   Compiling[0m channel v0.1.0 (/home/runner/work/koda/koda/crates/channel)
2026-10-07T20:28:23.7872978Z [1m[92m   Compiling[0m wasmtime-wasi-io v48.0.1
2026-10-07T20:28:24.7933133Z [1m[92m   Compiling[0m open_ai v0.1.0 (/home/runner/work/koda/koda/crates/open_ai)
2026-10-07T20:28:25.2613112Z [1m[92m   Compiling[0m anthropic v0.1.0 (/home/runner/work/koda/koda/crates/anthropic)
2026-10-07T20:28:27.6372687Z [1m[92m   Compiling[0m cxxbridge-macro v1.0.187
2026-10-07T20:28:28.5753501Z [1m[92m   Compiling[0m moka v0.12.11
2026-10-07T20:28:29.3073278Z [1m[92m   Compiling[0m wasmtime-wasi v48.0.1
2026-10-07T20:28:30.6113223Z [1m[92m   Compiling[0m cxx v1.0.187
2026-10-07T20:28:31.2795231Z [1m[92m   Compiling[0m aws-smithy-runtime v1.10.1
2026-10-07T20:28:36.9015793Z [1m[92m   Compiling[0m yaml-rust2 v0.8.1
2026-10-07T20:28:37.5172748Z [1m[92m   Compiling[0m phf v0.11.3
2026-10-07T20:28:38.9153580Z [1m[92m   Compiling[0m livekit-protocol v0.7.1 (https://github.com/zed-industries/livekit-rust-sdks?rev=0a1c519cfce9b365229026b55de9b9dbdb6fed3c#0a1c519c)
2026-10-07T20:28:42.9673074Z [1m[92m   Compiling[0m agent_settings v0.1.0 (/home/runner/work/koda/koda/crates/agent_settings)
2026-10-07T20:28:44.2739147Z [1m[92m   Compiling[0m workspace v0.1.0 (/home/runner/work/koda/koda/crates/workspace)
2026-10-07T20:28:47.1552977Z [1m[92m   Compiling[0m symphonia-metadata v0.5.5
2026-10-07T20:28:47.7721553Z [1m[92m   Compiling[0m aws-sigv4 v1.4.0
2026-10-07T20:28:48.4754018Z [1m[92m   Compiling[0m pet-virtualenv v0.1.0 (https://github.com/zed-industries/python-environment-tools.git?rev=5aad7164bfc2a58977b103c8ef8fdd7302ed2e9f#5aad7164)
2026-10-07T20:28:48.5874840Z [1m[92m   Compiling[0m glib-macros v0.21.5
2026-10-07T20:28:51.4223465Z [1m[92m   Compiling[0m symphonia-format-riff v0.5.5
2026-10-07T20:28:51.6422824Z [1m[92m   Compiling[0m glib v0.21.5
2026-10-07T20:28:58.2503116Z [1m[92m   Compiling[0m breadcrumbs v0.1.0 (/home/runner/work/koda/koda/crates/breadcrumbs)
2026-10-07T20:28:58.8738349Z [1m[92m   Compiling[0m editor v0.1.0 (/home/runner/work/koda/koda/crates/editor)
2026-10-07T20:29:01.9029523Z [1m[92m   Compiling[0m picker v0.1.0 (/home/runner/work/koda/koda/crates/picker)
2026-10-07T20:29:03.2002576Z [1m[92m   Compiling[0m command_palette_hooks v0.1.0 (/home/runner/work/koda/koda/crates/command_palette_hooks)
2026-10-07T20:29:03.8531986Z [1m[92m   Compiling[0m auto_update v0.1.0 (/home/runner/work/koda/koda/crates/auto_update)
2026-10-07T20:29:05.5643199Z [1m[92m   Compiling[0m notifications v0.1.0 (/home/runner/work/koda/koda/crates/notifications)
2026-10-07T20:29:06.7991517Z [1m[92m   Compiling[0m aws-runtime v1.7.0
2026-10-07T20:29:08.3682595Z [1m[92m   Compiling[0m alsa v0.10.0
2026-10-07T20:29:09.5113075Z [1m[92m   Compiling[0m extension_host v0.1.0 (/home/runner/work/koda/koda/crates/extension_host)
2026-10-07T20:29:19.4746693Z [1m[92m   Compiling[0m picker_preview v0.1.0 (/home/runner/work/koda/koda/crates/picker_preview)
2026-10-07T20:29:20.2168786Z [1m[92m   Compiling[0m doxygen-rs v0.4.2
2026-10-07T20:29:20.4027244Z [1m[92m   Compiling[0m copilot_chat v0.1.0 (/home/runner/work/koda/koda/crates/copilot_chat)
2026-10-07T20:29:23.1122752Z [1m[92m   Compiling[0m symphonia-codec-pcm v0.5.5
2026-10-07T20:29:23.5112825Z [1m[92m   Compiling[0m aws-smithy-json v0.62.5
2026-10-07T20:29:23.8357535Z [1m[92m   Compiling[0m quick-xml v0.39.3
2026-10-07T20:29:25.0186866Z [1m[92m   Compiling[0m bincode v1.3.3
2026-10-07T20:29:25.3682885Z [1m[92m   Compiling[0m cpal v0.17.1
2026-10-07T20:29:26.0262630Z [1m[92m   Compiling[0m symphonia v0.5.5
2026-10-07T20:29:26.1312967Z [1m[92m   Compiling[0m copilot v0.1.0 (/home/runner/work/koda/koda/crates/copilot)
2026-10-07T20:29:28.3712596Z [1m[92m   Compiling[0m lmdb-master-sys v0.2.5
2026-10-07T20:29:28.5345437Z [1m[92m   Compiling[0m zbus_macros v5.13.2
2026-10-07T20:29:30.8329198Z [1m[92m   Compiling[0m rodio v0.21.1 (https://github.com/RustAudio/rodio?rev=e50e726ddd0292f6ef9de0dda6b90af4ed1fb66a#e50e726d)
2026-10-07T20:29:32.0442749Z [1m[92m   Compiling[0m wayland-backend v0.3.15
2026-10-07T20:29:33.3028432Z [1m[92m   Compiling[0m zbus v5.13.2
2026-10-07T20:29:34.9920823Z [1m[92m   Compiling[0m copilot_ui v0.1.0 (/home/runner/work/koda/koda/crates/copilot_ui)
2026-10-07T20:29:35.9584191Z [1m[92m   Compiling[0m pet-jsonrpc v0.1.0 (https://github.com/zed-industries/python-environment-tools.git?rev=5aad7164bfc2a58977b103c8ef8fdd7302ed2e9f#5aad7164)
2026-10-07T20:29:36.0700186Z [1m[92m   Compiling[0m ai_onboarding v0.1.0 (/home/runner/work/koda/koda/crates/ai_onboarding)
2026-10-07T20:29:36.4807341Z [1m[92m   Compiling[0m ollama v0.1.0 (/home/runner/work/koda/koda/crates/ollama)
2026-10-07T20:29:36.8094649Z [1m[92m   Compiling[0m heed-types v0.21.0
2026-10-07T20:29:36.9426976Z [1m[92m   Compiling[0m pet-reporter v0.1.0 (https://github.com/zed-industries/python-environment-tools.git?rev=5aad7164bfc2a58977b103c8ef8fdd7302ed2e9f#5aad7164)
2026-10-07T20:29:37.4238783Z [1m[92m   Compiling[0m serde_with v3.22.0
2026-10-07T20:29:37.4603537Z [1m[92m   Compiling[0m wayland-client v0.31.11
2026-10-07T20:29:38.8179381Z [1m[92m   Compiling[0m zbus_xml v5.1.1
2026-10-07T20:29:38.8513580Z [1m[92m   Compiling[0m remote_connection v0.1.0 (/home/runner/work/koda/koda/crates/remote_connection)
2026-10-07T20:29:39.6020471Z [1m[92m   Compiling[0m serde_yaml_ng v0.10.0
2026-10-07T20:29:39.8848594Z [1m[92m   Compiling[0m google_ai v0.1.0 (/home/runner/work/koda/koda/crates/google_ai)
2026-10-07T20:29:40.0894609Z [1m[92m   Compiling[0m spirv v0.4.0+sdk-1.4.341.0
2026-10-07T20:29:40.7830066Z [1m[92m   Compiling[0m heed v0.21.0
2026-10-07T20:29:41.1785280Z [1m[92m   Compiling[0m naga v29.0.4
2026-10-07T20:29:41.5653122Z [1m[92m   Compiling[0m agent_skills v0.1.0 (/home/runner/work/koda/koda/crates/agent_skills)
2026-10-07T20:29:41.6455152Z [1m[92m   Compiling[0m http_proxy v0.1.0 (/home/runner/work/koda/koda/crates/http_proxy)
2026-10-07T20:29:42.2065375Z [1m[92m   Compiling[0m handlebars v4.5.0
2026-10-07T20:29:42.2245133Z [1m[92m   Compiling[0m zbus-lockstep v0.5.2
2026-10-07T20:29:42.3329481Z [1m[92m   Compiling[0m agent-client-protocol-schema v1.9.1
2026-10-07T20:29:45.0587718Z [1m[92m   Compiling[0m open_path_prompt v0.1.0 (/home/runner/work/koda/koda/crates/open_path_prompt)
2026-10-07T20:29:46.4479553Z [1m[92m   Compiling[0m aws-smithy-query v0.60.15
2026-10-07T20:29:46.5353343Z [1m[92m   Compiling[0m wgpu-types v29.0.4
2026-10-07T20:29:48.4789651Z [1m[92m   Compiling[0m gpu-descriptor-types v0.2.0
2026-10-07T20:29:48.6452418Z [1m[92m   Compiling[0m gpu-allocator v0.28.0
2026-10-07T20:29:49.1216846Z [1m[92m   Compiling[0m cached v0.56.0
2026-10-07T20:29:49.4882606Z [1m[92m   Compiling[0m sandbox v0.1.0 (/home/runner/work/koda/koda/crates/sandbox)
2026-10-07T20:29:50.2852710Z [1m[92m   Compiling[0m gpu-descriptor v0.3.2
2026-10-07T20:29:50.4512754Z [1m[92m   Compiling[0m wgpu-naga-bridge v29.0.4
2026-10-07T20:29:50.6302748Z [1m[92m   Compiling[0m aws-sdk-sts v1.98.0
2026-10-07T20:29:53.7805162Z [1m[92m   Compiling[0m prompt_store v0.1.0 (/home/runner/work/koda/koda/crates/prompt_store)
2026-10-07T20:29:53.9682921Z [1m[92m   Compiling[0m zbus-lockstep-macros v0.5.2
2026-10-07T20:29:54.2876789Z [1m[92m   Compiling[0m git_ui_core v0.1.0 (/home/runner/work/koda/koda/crates/git_ui_core)
2026-10-07T20:29:55.2953622Z [1m[92m   Compiling[0m pet-conda v0.1.0 (https://github.com/zed-industries/python-environment-tools.git?rev=5aad7164bfc2a58977b103c8ef8fdd7302ed2e9f#5aad7164)
2026-10-07T20:29:56.9312904Z [1m[92m   Compiling[0m aws-sdk-bedrockruntime v1.125.0
2026-10-07T20:29:58.0929754Z [1m[92m   Compiling[0m agent-client-protocol v2.2.0
2026-10-07T20:30:00.8889962Z [1m[92m   Compiling[0m aws-sdk-ssooidc v1.96.0
2026-10-07T20:30:02.9567928Z [1m[92m   Compiling[0m aws-sdk-sso v1.94.0
2026-10-07T20:30:04.1432970Z [1m[92m   Compiling[0m search v0.1.0 (/home/runner/work/koda/koda/crates/search)
2026-10-07T20:30:04.9632998Z [1m[92m   Compiling[0m action_log v0.1.0 (/home/runner/work/koda/koda/crates/action_log)
2026-10-07T20:30:06.3710725Z [1m[92m   Compiling[0m tokio-tungstenite v0.28.0
2026-10-07T20:30:06.6302774Z [1m[92m   Compiling[0m pathfinder_simd v0.5.6
2026-10-07T20:30:06.7028633Z [1m[92m   Compiling[0m x_ai v0.1.0 (/home/runner/work/koda/koda/crates/x_ai)
2026-10-07T20:30:06.8542680Z [1m[92m   Compiling[0m num-traits v0.2.19
2026-10-07T20:30:06.9518185Z [1m[92m   Compiling[0m wgpu-hal v29.0.4
2026-10-07T20:30:07.1812790Z [1m[92m   Compiling[0m brush-parser v0.3.0
2026-10-07T20:30:08.8189135Z [1m[92m   Compiling[0m x_ai_subscribed v0.1.0 (/home/runner/work/koda/koda/crates/x_ai_subscribed)
2026-10-07T20:30:09.7546997Z [1m[92m   Compiling[0m livekit-api v0.4.14 (https://github.com/zed-industries/livekit-rust-sdks?rev=0a1c519cfce9b365229026b55de9b9dbdb6fed3c#0a1c519c)
2026-10-07T20:30:09.8656792Z [1m[92m   Compiling[0m acp_thread v0.1.0 (/home/runner/work/koda/koda/crates/acp_thread)
2026-10-07T20:30:10.4112713Z [1m[92m   Compiling[0m aws-config v1.8.14
2026-10-07T20:30:11.9287624Z [1m[92m   Compiling[0m bedrock v0.1.0 (/home/runner/work/koda/koda/crates/bedrock)
2026-10-07T20:30:12.6690587Z [1m[92m   Compiling[0m atspi-common v0.13.0
2026-10-07T20:30:13.5043751Z [1m[92m   Compiling[0m language_models_cloud v0.1.0 (/home/runner/work/koda/koda/crates/language_models_cloud)
2026-10-07T20:30:13.9948792Z [1m[92m   Compiling[0m opencode v0.1.0 (/home/runner/work/koda/koda/crates/opencode)
2026-10-07T20:30:14.1423917Z [1m[92m   Compiling[0m wayland-protocols v0.32.9
2026-10-07T20:30:14.2634999Z [1m[92m   Compiling[0m platform_title_bar v0.1.0 (/home/runner/work/koda/koda/crates/platform_title_bar)
2026-10-07T20:30:15.4573037Z [1m[92m   Compiling[0m open_router v0.1.0 (/home/runner/work/koda/koda/crates/open_router)
2026-10-07T20:30:16.6483074Z [1m[92m   Compiling[0m openai_subscribed v0.1.0 (/home/runner/work/koda/koda/crates/openai_subscribed)
2026-10-07T20:30:16.7720270Z [1m[92m   Compiling[0m aws_http_client v0.1.0 (/home/runner/work/koda/koda/crates/aws_http_client)
2026-10-07T20:30:16.9683188Z [1m[92m   Compiling[0m html_to_markdown v0.1.0 (/home/runner/work/koda/koda/crates/html_to_markdown)
2026-10-07T20:30:17.6554583Z [1m[92m   Compiling[0m lmstudio v0.1.0 (/home/runner/work/koda/koda/crates/lmstudio)
2026-10-07T20:30:17.8536086Z [1m[92m   Compiling[0m llama_cpp v0.1.0 (/home/runner/work/koda/koda/crates/llama_cpp)
2026-10-07T20:30:18.3860170Z [1m[92m   Compiling[0m web_search v0.1.0 (/home/runner/work/koda/koda/crates/web_search)
2026-10-07T20:30:18.6602770Z [1m[92m   Compiling[0m bmrng v0.5.2
2026-10-07T20:30:18.8111777Z [1m[92m   Compiling[0m deepseek v0.1.0 (/home/runner/work/koda/koda/crates/deepseek)
2026-10-07T20:30:18.8249764Z [1m[92m   Compiling[0m mistral v0.1.0 (/home/runner/work/koda/koda/crates/mistral)
2026-10-07T20:30:19.6178277Z [1m[92m   Compiling[0m fluent-uri v0.4.1
2026-10-07T20:30:19.7294560Z [1m[92m   Compiling[0m edit_prediction_metrics v0.1.0 (/home/runner/work/koda/koda/crates/edit_prediction_metrics)
2026-10-07T20:30:19.7553007Z [1m[92m   Compiling[0m language_models v0.1.0 (/home/runner/work/koda/koda/crates/language_models)
2026-10-07T20:30:20.2693122Z [1m[92m   Compiling[0m agent_servers v0.1.0 (/home/runner/work/koda/koda/crates/agent_servers)
2026-10-07T20:30:20.8685672Z [1m[92m   Compiling[0m wgpu-core-deps-windows-linux-android v29.0.4
2026-10-07T20:30:21.2397686Z [1m[92m   Compiling[0m shell_command_parser v0.1.0 (/home/runner/work/koda/koda/crates/shell_command_parser)
2026-10-07T20:30:22.0793203Z [1m[92m   Compiling[0m terminal_view v0.1.0 (/home/runner/work/koda/koda/crates/terminal_view)
2026-10-07T20:30:25.9179114Z [1m[92m   Compiling[0m edit_prediction_context v0.1.0 (/home/runner/work/koda/koda/crates/edit_prediction_context)
2026-10-07T20:30:26.1912695Z [1m[92m   Compiling[0m serde_yaml v0.9.34+deprecated
2026-10-07T20:30:27.3263252Z [1m[92m   Compiling[0m streaming_diff v0.1.0 (/home/runner/work/koda/koda/crates/streaming_diff)
2026-10-07T20:30:27.9709096Z [1m[92m   Compiling[0m nanoid v0.4.0
2026-10-07T20:30:28.0478346Z [1m[92m   Compiling[0m half v2.7.1
2026-10-07T20:30:28.3763577Z [1m[92m   Compiling[0m jsonschema-value v0.51.0
2026-10-07T20:30:28.7366897Z [1m[92m   Compiling[0m referencing v0.51.0
2026-10-07T20:30:29.1122856Z [1m[92m   Compiling[0m agent v0.1.0 (/home/runner/work/koda/koda/crates/agent)
2026-10-07T20:30:29.3053116Z [1m[92m   Compiling[0m edit_prediction v0.1.0 (/home/runner/work/koda/koda/crates/edit_prediction)
2026-10-07T20:30:29.8593045Z [1m[92m   Compiling[0m dev_container v0.1.0 (/home/runner/work/koda/koda/crates/dev_container)
2026-10-07T20:30:33.7122619Z [1m[92m   Compiling[0m pxfm v0.1.25
2026-10-07T20:30:35.1507456Z [1m[92m   Compiling[0m pathfinder_geometry v0.5.1
2026-10-07T20:30:35.3882796Z [1m[92m   Compiling[0m wgpu-core v29.0.4
2026-10-07T20:30:35.7200184Z [1m[92m   Compiling[0m atspi-proxies v0.13.0
2026-10-07T20:30:37.3885659Z [1m[92m   Compiling[0m harfrust v0.5.0
2026-10-07T20:30:40.5994046Z [1m[92m   Compiling[0m jupyter-protocol v1.4.0
2026-10-07T20:30:42.2312802Z [1m[92m   Compiling[0m accesskit_consumer v0.38.0
2026-10-07T20:30:43.0548437Z [1m[92m   Compiling[0m gethostname v1.1.0
2026-10-07T20:30:43.1298385Z [1m[92m   Compiling[0m debugid v0.8.0
2026-10-07T20:30:43.1912200Z [1m[92m   Compiling[0m email_address v0.2.9
2026-10-07T20:30:43.2500346Z [1m[92m   Compiling[0m process-reader v0.1.0
2026-10-07T20:30:43.6013289Z [1m[92m   Compiling[0m bytemuck v1.24.0
2026-10-07T20:30:43.6078221Z [1m[92m   Compiling[0m cosmic-text v0.19.0
2026-10-07T20:30:43.6087558Z [1m[92m   Compiling[0m x11rb v0.13.2
2026-10-07T20:30:43.9744332Z [1m[92m   Compiling[0m qoi v0.4.1
2026-10-07T20:30:44.1472654Z [1m[92m   Compiling[0m goblin v0.9.3
2026-10-07T20:30:45.3153207Z [1m[92m   Compiling[0m zed-font-kit v0.14.1-zed (https://github.com/zed-industries/font-kit?rev=94b0f28166665e8fd2f53ff6d268a14955c82269#94b0f281)
2026-10-07T20:30:45.4232901Z [1m[92m   Compiling[0m minidump-common v0.26.1
2026-10-07T20:30:45.9369534Z [1m[92m   Compiling[0m jsonschema v0.51.0
2026-10-07T20:30:47.2912824Z [1m[92m   Compiling[0m process-backend v0.1.0
2026-10-07T20:30:47.5972693Z [1m[92m   Compiling[0m accesskit_atspi_common v0.19.1
2026-10-07T20:30:48.1783889Z [1m[92m   Compiling[0m wgpu v29.0.4
2026-10-07T20:30:48.3572652Z [1m[92m   Compiling[0m atspi v0.29.0
2026-10-07T20:30:48.4172468Z [1m[92m   Compiling[0m moxcms v0.8.1
2026-10-07T20:30:50.5858839Z [1m[92m   Compiling[0m recent_projects v0.1.0 (/home/runner/work/koda/koda/crates/recent_projects)
2026-10-07T20:30:53.6186640Z [1m[92m   Compiling[0m xim-parser v0.2.1 (https://github.com/zed-industries/xim-rs.git?rev=16f35a2c881b815a2b6cdfd6687988e84f8447d8#16f35a2c)
2026-10-07T20:30:53.8986264Z [1m[92m   Compiling[0m tiff v0.11.3
2026-10-07T20:30:55.0802771Z [1m[92m   Compiling[0m num-bigint-dig v0.9.1
2026-10-07T20:30:56.0022592Z [1m[92m   Compiling[0m ashpd v0.13.5
2026-10-07T20:30:56.7833100Z [1m[92m   Compiling[0m command_palette v0.1.0 (/home/runner/work/koda/koda/crates/command_palette)
2026-10-07T20:30:57.3326873Z [1m[92m   Compiling[0m hkdf v0.12.4
2026-10-07T20:30:57.4102514Z [1m[92m   Compiling[0m pbkdf2 v0.12.2
2026-10-07T20:30:57.4712763Z [1m[92m   Compiling[0m procfs-core v0.18.0
2026-10-07T20:30:58.2869748Z [1m[92m   Compiling[0m calloop v0.14.3 (https://github.com/zed-industries/calloop#eb6b4fd1)
2026-10-07T20:30:58.8910069Z [1m[92m   Compiling[0m error-graph v0.1.1
2026-10-07T20:30:58.9797882Z [1m[92m   Compiling[0m pathdiff v0.2.3
2026-10-07T20:30:59.0384532Z [1m[92m   Compiling[0m system_specs v0.1.0 (/home/runner/work/koda/koda/crates/system_specs)
2026-10-07T20:30:59.3272535Z [1m[92m   Compiling[0m open v5.3.2
2026-10-07T20:30:59.4670897Z [1m[92m   Compiling[0m oo7 v0.6.0
2026-10-07T20:30:59.4831467Z [1m[92m   Compiling[0m zeromq v0.5.0
2026-10-07T20:31:01.5618252Z [1m[92m   Compiling[0m calloop-wayland-source v0.4.1
2026-10-07T20:31:01.6383785Z [1m[92m   Compiling[0m zed-xim v0.4.0-zed (https://github.com/zed-industries/xim-rs.git?rev=16f35a2c881b815a2b6cdfd6687988e84f8447d8#16f35a2c)
2026-10-07T20:31:01.8352932Z [1m[92m   Compiling[0m gpui_wgpu v0.1.0 (/home/runner/work/koda/koda/crates/gpui_wgpu)
2026-10-07T20:31:02.3648553Z [1m[92m   Compiling[0m minidump-writer v0.13.0
2026-10-07T20:31:03.1733676Z [1m[92m   Compiling[0m accesskit_unix v0.22.1
2026-10-07T20:31:03.6180107Z [1m[92m   Compiling[0m codestral v0.1.0 (/home/runner/work/koda/koda/crates/codestral)
2026-10-07T20:31:04.6323500Z [1m[92m   Compiling[0m pet-uv v0.1.0 (https://github.com/zed-industries/python-environment-tools.git?rev=5aad7164bfc2a58977b103c8ef8fdd7302ed2e9f#5aad7164)
2026-10-07T20:31:05.1422877Z [1m[92m   Compiling[0m pet-hatch v0.1.0 (https://github.com/zed-industries/python-environment-tools.git?rev=5aad7164bfc2a58977b103c8ef8fdd7302ed2e9f#5aad7164)
2026-10-07T20:31:05.5707843Z [1m[92m   Compiling[0m wayland-cursor v0.31.11
2026-10-07T20:31:05.7722769Z [1m[92m   Compiling[0m wayland-protocols-plasma v0.3.9
2026-10-07T20:31:07.0812119Z [1m[92m   Compiling[0m wayland-protocols-wlr v0.3.9
2026-10-07T20:31:07.2153471Z [1m[92m   Compiling[0m pet-pyenv v0.1.0 (https://github.com/zed-industries/python-environment-tools.git?rev=5aad7164bfc2a58977b103c8ef8fdd7302ed2e9f#5aad7164)
2026-10-07T20:31:07.4532471Z [1m[92m   Compiling[0m pet-global-virtualenvs v0.1.0 (https://github.com/zed-industries/python-environment-tools.git?rev=5aad7164bfc2a58977b103c8ef8fdd7302ed2e9f#5aad7164)
2026-10-07T20:31:07.5923982Z [1m[92m   Compiling[0m pet-env-var-path v0.1.0 (https://github.com/zed-industries/python-environment-tools.git?rev=5aad7164bfc2a58977b103c8ef8fdd7302ed2e9f#5aad7164)
2026-10-07T20:31:07.7514497Z [1m[92m   Compiling[0m pet-homebrew v0.1.0 (https://github.com/zed-industries/python-environment-tools.git?rev=5aad7164bfc2a58977b103c8ef8fdd7302ed2e9f#5aad7164)
2026-10-07T20:31:08.0719372Z [1m[92m   Compiling[0m pet-pixi v0.1.0 (https://github.com/zed-industries/python-environment-tools.git?rev=5aad7164bfc2a58977b103c8ef8fdd7302ed2e9f#5aad7164)
2026-10-07T20:31:08.1323087Z [1m[92m   Compiling[0m notify-rust v4.18.0
2026-10-07T20:31:08.1993621Z [1m[92m   Compiling[0m pet-poetry v0.1.0 (https://github.com/zed-industries/python-environment-tools.git?rev=5aad7164bfc2a58977b103c8ef8fdd7302ed2e9f#5aad7164)
2026-10-07T20:31:08.2150134Z [1m[92m   Compiling[0m markdown_preview v0.1.0 (/home/runner/work/koda/koda/crates/markdown_preview)
2026-10-07T20:31:08.7385476Z [1m[92m   Compiling[0m android_ui v0.1.0 (/home/runner/work/koda/koda/crates/android_ui)
2026-10-07T20:31:09.1651171Z [1m[92m   Compiling[0m pet-linux-global-python v0.1.0 (https://github.com/zed-industries/python-environment-tools.git?rev=5aad7164bfc2a58977b103c8ef8fdd7302ed2e9f#5aad7164)
2026-10-07T20:31:09.3893574Z [1m[92m   Compiling[0m pet-pipenv v0.1.0 (https://github.com/zed-industries/python-environment-tools.git?rev=5aad7164bfc2a58977b103c8ef8fdd7302ed2e9f#5aad7164)
2026-10-07T20:31:09.6303331Z [1m[92m   Compiling[0m pet-venv v0.1.0 (https://github.com/zed-industries/python-environment-tools.git?rev=5aad7164bfc2a58977b103c8ef8fdd7302ed2e9f#5aad7164)
2026-10-07T20:31:09.7633719Z [1m[92m   Compiling[0m pet-mac-commandlinetools v0.1.0 (https://github.com/zed-industries/python-environment-tools.git?rev=5aad7164bfc2a58977b103c8ef8fdd7302ed2e9f#5aad7164)
2026-10-07T20:31:09.9484136Z [1m[92m   Compiling[0m pet-mac-xcode v0.1.0 (https://github.com/zed-industries/python-environment-tools.git?rev=5aad7164bfc2a58977b103c8ef8fdd7302ed2e9f#5aad7164)
2026-10-07T20:31:10.1232265Z [1m[92m   Compiling[0m pet-mac-python-org v0.1.0 (https://github.com/zed-industries/python-environment-tools.git?rev=5aad7164bfc2a58977b103c8ef8fdd7302ed2e9f#5aad7164)
2026-10-07T20:31:10.1241169Z [1m[92m   Compiling[0m pet-virtualenvwrapper v0.1.0 (https://github.com/zed-industries/python-environment-tools.git?rev=5aad7164bfc2a58977b103c8ef8fdd7302ed2e9f#5aad7164)
2026-10-07T20:31:10.2635948Z [1m[92m   Compiling[0m json_schema_store v0.1.0 (/home/runner/work/koda/koda/crates/json_schema_store)
2026-10-07T20:31:10.2734131Z [1m[92m   Compiling[0m pet-telemetry v0.1.0 (https://github.com/zed-industries/python-environment-tools.git?rev=5aad7164bfc2a58977b103c8ef8fdd7302ed2e9f#5aad7164)
2026-10-07T20:31:10.4097361Z [1m[92m   Compiling[0m clap_complete v4.5.59
2026-10-07T20:31:11.0902507Z [1m[92m   Compiling[0m env_filter v0.1.4
2026-10-07T20:31:11.1499971Z [1m[92m   Compiling[0m minidumper v0.11.0
2026-10-07T20:31:11.2924131Z [1m[92m   Compiling[0m env_logger v0.11.8
2026-10-07T20:31:11.5609481Z [1m[92m   Compiling[0m gpui_linux v0.1.0 (/home/runner/work/koda/koda/crates/gpui_linux)
2026-10-07T20:31:15.9304673Z [1m[92m   Compiling[0m clap_complete_nushell v4.6.0
2026-10-07T20:31:16.1283470Z [1m[92m   Compiling[0m pet v0.1.0 (https://github.com/zed-industries/python-environment-tools.git?rev=5aad7164bfc2a58977b103c8ef8fdd7302ed2e9f#5aad7164)
2026-10-07T20:31:16.3983089Z [1m[92m   Compiling[0m zed v1.23.0 (/home/runner/work/koda/koda/crates/zed)
2026-10-07T20:31:16.9624893Z [1m[92m   Compiling[0m edit_prediction_ui v0.1.0 (/home/runner/work/koda/koda/crates/edit_prediction_ui)
2026-10-07T20:31:18.3472966Z [1m[92m   Compiling[0m grammars v0.1.0 (/home/runner/work/koda/koda/crates/grammars)
2026-10-07T20:31:18.5978442Z [1m[92m   Compiling[0m runtimelib v1.4.0
2026-10-07T20:31:19.3982817Z [1m[92m   Compiling[0m crash-handler v0.8.0
2026-10-07T20:31:19.5132400Z [1m[92m   Compiling[0m nbformat v1.2.0
2026-10-07T20:31:19.5699564Z [1m[92m   Compiling[0m jupyter-websocket-client v1.1.0
2026-10-07T20:31:19.5700557Z [1m[92m   Compiling[0m time_format v0.1.0 (/home/runner/work/koda/koda/crates/time_format)
2026-10-07T20:31:19.6616207Z [1m[92m   Compiling[0m ipc-channel v0.19.0
2026-10-07T20:31:20.1352501Z [1m[92m   Compiling[0m outline v0.1.0 (/home/runner/work/koda/koda/crates/outline)
2026-10-07T20:31:20.3163380Z [1m[92m   Compiling[0m tasks_ui v0.1.0 (/home/runner/work/koda/koda/crates/tasks_ui)
2026-10-07T20:31:20.9163291Z [1m[92m   Compiling[0m debugger_tools v0.1.0 (/home/runner/work/koda/koda/crates/debugger_tools)
2026-10-07T20:31:21.5997644Z [1m[92m   Compiling[0m extension_suggest v0.1.0 (/home/runner/work/koda/koda/crates/extension_suggest)
2026-10-07T20:31:21.7560962Z [1m[92m   Compiling[0m dap_adapters v0.1.0 (/home/runner/work/koda/koda/crates/dap_adapters)
2026-10-07T20:31:22.1223633Z [1m[92m   Compiling[0m debugger_ui v0.1.0 (/home/runner/work/koda/koda/crates/debugger_ui)
2026-10-07T20:31:22.4363395Z [1m[92m   Compiling[0m cli v0.1.0 (/home/runner/work/koda/koda/crates/cli)
2026-10-07T20:31:22.6048299Z [1m[92m   Compiling[0m extensions_ui v0.1.0 (/home/runner/work/koda/koda/crates/extensions_ui)
2026-10-07T20:31:23.8491832Z [1m[92m   Compiling[0m outline_panel v0.1.0 (/home/runner/work/koda/koda/crates/outline_panel)
2026-10-07T20:31:24.8371828Z [1m[92m   Compiling[0m libwebrtc v0.3.26 (https://github.com/zed-industries/livekit-rust-sdks?rev=0a1c519cfce9b365229026b55de9b9dbdb6fed3c#0a1c519c)
2026-10-07T20:31:25.6053015Z [1m[92m   Compiling[0m repl v0.1.0 (/home/runner/work/koda/koda/crates/repl)
2026-10-07T20:31:26.7254571Z [1m[92m   Compiling[0m audio v0.1.0 (/home/runner/work/koda/koda/crates/audio)
2026-10-07T20:31:27.0313115Z [1m[92m   Compiling[0m livekit v0.7.32 (https://github.com/zed-industries/livekit-rust-sdks?rev=0a1c519cfce9b365229026b55de9b9dbdb6fed3c#0a1c519c)
2026-10-07T20:31:27.9643177Z [1m[92m   Compiling[0m agent_ui v0.1.0 (/home/runner/work/koda/koda/crates/agent_ui)
2026-10-07T20:31:30.0486909Z [1m[92m   Compiling[0m livekit_client v0.1.0 (/home/runner/work/koda/koda/crates/livekit_client)
2026-10-07T20:31:31.6974130Z [1m[92m   Compiling[0m call v0.1.0 (/home/runner/work/koda/koda/crates/call)
2026-10-07T20:31:32.2683074Z [1m[92m   Compiling[0m settings_ui v0.1.0 (/home/runner/work/koda/koda/crates/settings_ui)
2026-10-07T20:31:33.6907578Z [1m[92m   Compiling[0m title_bar v0.1.0 (/home/runner/work/koda/koda/crates/title_bar)
2026-10-07T20:31:36.0833680Z [1m[92m   Compiling[0m collab_ui v0.1.0 (/home/runner/work/koda/koda/crates/collab_ui)
2026-10-07T20:31:36.6002869Z [1m[92m   Compiling[0m git_ui v0.1.0 (/home/runner/work/koda/koda/crates/git_ui)
2026-10-07T20:31:41.3569019Z [1m[92m   Compiling[0m sidebar v0.1.0 (/home/runner/work/koda/koda/crates/sidebar)
2026-10-07T20:31:46.2619327Z [1m[92m   Compiling[0m acp_tools v0.1.0 (/home/runner/work/koda/koda/crates/acp_tools)
2026-10-07T20:31:46.3916920Z [1m[92m   Compiling[0m crashes v0.1.0 (/home/runner/work/koda/koda/crates/crashes)
2026-10-07T20:31:47.1183762Z [1m[92m   Compiling[0m languages v0.1.0 (/home/runner/work/koda/koda/crates/languages)
2026-10-07T20:31:48.1883097Z [1m[92m   Compiling[0m gpui_platform v0.1.0 (/home/runner/work/koda/koda/crates/gpui_platform)
2026-10-07T20:31:48.4747157Z [1m[92m   Compiling[0m reqwest_client v0.1.0 (/home/runner/work/koda/koda/crates/reqwest_client)
2026-10-07T20:31:48.8952892Z [1m[92m   Compiling[0m vim v0.1.0 (/home/runner/work/koda/koda/crates/vim)
2026-10-07T20:31:53.1095934Z [1m[92m   Compiling[0m keymap_editor v0.1.0 (/home/runner/work/koda/koda/crates/keymap_editor)
2026-10-07T20:31:53.8932841Z [1m[92m   Compiling[0m project_panel v0.1.0 (/home/runner/work/koda/koda/crates/project_panel)
2026-10-07T20:31:54.7073883Z [1m[92m   Compiling[0m auto_update_ui v0.1.0 (/home/runner/work/koda/koda/crates/auto_update_ui)
2026-10-07T20:31:55.8316542Z [1m[92m   Compiling[0m feedback v0.1.0 (/home/runner/work/koda/koda/crates/feedback)
2026-10-07T20:31:56.0820407Z [1m[92m   Compiling[0m which_key v0.1.0 (/home/runner/work/koda/koda/crates/which_key)
2026-10-07T20:31:57.0517420Z [1m[92m   Compiling[0m language_tools v0.1.0 (/home/runner/work/koda/koda/crates/language_tools)
2026-10-07T20:31:57.2593337Z [1m[92m   Compiling[0m web_search_providers v0.1.0 (/home/runner/work/koda/koda/crates/web_search_providers)
2026-10-07T20:31:57.8451020Z [1m[92m   Compiling[0m language_selector v0.1.0 (/home/runner/work/koda/koda/crates/language_selector)
2026-10-07T20:31:58.8614818Z [1m[92m   Compiling[0m snippets_ui v0.1.0 (/home/runner/work/koda/koda/crates/snippets_ui)
2026-10-07T20:31:59.1787281Z [1m[92m   Compiling[0m file_finder v0.1.0 (/home/runner/work/koda/koda/crates/file_finder)
2026-10-07T20:32:00.1192879Z [1m[92m   Compiling[0m toolchain_selector v0.1.0 (/home/runner/work/koda/koda/crates/toolchain_selector)
2026-10-07T20:32:00.9259113Z [1m[92m   Compiling[0m activity_indicator v0.1.0 (/home/runner/work/koda/koda/crates/activity_indicator)
2026-10-07T20:32:00.9383045Z [1m[92m   Compiling[0m lsp_locations v0.1.0 (/home/runner/work/koda/koda/crates/lsp_locations)
2026-10-07T20:32:01.2744064Z [1m[92m   Compiling[0m project_symbols v0.1.0 (/home/runner/work/koda/koda/crates/project_symbols)
2026-10-07T20:32:01.8852841Z [1m[92m   Compiling[0m tabular_data_preview v0.1.0 (/home/runner/work/koda/koda/crates/tabular_data_preview)
2026-10-07T20:32:02.1202995Z [1m[92m   Compiling[0m image_viewer v0.1.0 (/home/runner/work/koda/koda/crates/image_viewer)
2026-10-07T20:32:02.4863162Z [1m[92m   Compiling[0m language_onboarding v0.1.0 (/home/runner/work/koda/koda/crates/language_onboarding)
2026-10-07T20:32:02.5747925Z [1m[92m   Compiling[0m lsp_command_selector v0.1.0 (/home/runner/work/koda/koda/crates/lsp_command_selector)
2026-10-07T20:32:03.1842740Z [1m[92m   Compiling[0m journal v0.1.0 (/home/runner/work/koda/koda/crates/journal)
2026-10-07T20:32:03.5419153Z [1m[92m   Compiling[0m go_to_line v0.1.0 (/home/runner/work/koda/koda/crates/go_to_line)
2026-10-07T20:32:04.0092895Z [1m[92m   Compiling[0m call_hierarchy v0.1.0 (/home/runner/work/koda/koda/crates/call_hierarchy)
2026-10-07T20:32:04.0863255Z [1m[92m   Compiling[0m encoding_selector v0.1.0 (/home/runner/work/koda/koda/crates/encoding_selector)
2026-10-07T20:32:04.4232049Z [1m[92m   Compiling[0m diagnostics v0.1.0 (/home/runner/work/koda/koda/crates/diagnostics)
2026-10-07T20:32:04.6420611Z [1m[92m   Compiling[0m tab_switcher v0.1.0 (/home/runner/work/koda/koda/crates/tab_switcher)
2026-10-07T20:32:05.4997718Z [1m[92m   Compiling[0m inspector_ui v0.1.0 (/home/runner/work/koda/koda/crates/inspector_ui)
2026-10-07T20:32:05.8663795Z [1m[92m   Compiling[0m line_ending_selector v0.1.0 (/home/runner/work/koda/koda/crates/line_ending_selector)
2026-10-07T20:32:06.2375701Z [1m[92m   Compiling[0m component_preview v0.1.0 (/home/runner/work/koda/koda/crates/component_preview)
2026-10-07T20:32:06.7223233Z [1m[92m   Compiling[0m onboarding v0.1.0 (/home/runner/work/koda/koda/crates/onboarding)
2026-10-07T20:32:07.0584257Z [1m[92m   Compiling[0m miniprofiler_ui v0.1.0 (/home/runner/work/koda/koda/crates/miniprofiler_ui)
2026-10-07T20:32:07.6093129Z [1m[92m   Compiling[0m theme_selector v0.1.0 (/home/runner/work/koda/koda/crates/theme_selector)
2026-10-07T20:32:08.1820304Z [1m[92m   Compiling[0m settings_profile_selector v0.1.0 (/home/runner/work/koda/koda/crates/settings_profile_selector)
2026-10-07T20:32:09.3643093Z [1m[92m   Compiling[0m ui_prompt v0.1.0 (/home/runner/work/koda/koda/crates/ui_prompt)
2026-10-07T20:32:09.4963070Z [1m[92m   Compiling[0m svg_preview v0.1.0 (/home/runner/work/koda/koda/crates/svg_preview)
2026-10-07T20:32:09.6053040Z [1m[92m   Compiling[0m install_cli v0.1.0 (/home/runner/work/koda/koda/crates/install_cli)
2026-10-07T20:32:10.1659956Z [1m[92m   Compiling[0m language_extension v0.1.0 (/home/runner/work/koda/koda/crates/language_extension)
2026-10-07T20:32:10.2253926Z [1m[92m   Compiling[0m theme_extension v0.1.0 (/home/runner/work/koda/koda/crates/theme_extension)
2026-10-07T20:32:10.4278172Z [1m[92m   Compiling[0m debug_adapter_extension v0.1.0 (/home/runner/work/koda/koda/crates/debug_adapter_extension)
2026-10-07T20:32:10.6341788Z [1m[92m   Compiling[0m zlog_settings v0.1.0 (/home/runner/work/koda/koda/crates/zlog_settings)
2026-10-07T20:32:10.7284530Z [1m[92m   Compiling[0m input_latency_ui v0.1.0 (/home/runner/work/koda/koda/crates/input_latency_ui)
2026-10-07T20:32:10.9513147Z [1m[92m   Compiling[0m hang_telemetry v0.1.0 (/home/runner/work/koda/koda/crates/hang_telemetry)
2026-10-07T20:32:32.7927455Z [1m[92m    Finished[0m `dev` profile [unoptimized] target(s) in 7m 49s
2026-10-07T20:32:32.9310167Z Linux app build: 470.0s (exit 0)
2026-10-07T20:32:32.9846651Z Post job cleanup.
2026-10-07T20:32:33.2639869Z Post job cleanup.
2026-10-07T20:32:33.3365014Z [command]/usr/bin/git version
2026-10-07T20:32:33.3401909Z git version 2.55.0
2026-10-07T20:32:33.3443002Z Temporarily overriding HOME='/home/runner/work/_temp/8560af9b-2c6e-49f1-ab62-01800111d145' before making global git config changes
2026-10-07T20:32:33.3444075Z Adding repository directory to the temporary git global config as a safe directory
2026-10-07T20:32:33.3444924Z [command]/usr/bin/git config --global --add safe.directory /home/runner/work/koda/koda
2026-10-07T20:32:33.3480902Z [command]/usr/bin/git config --local --name-only --get-regexp core\.sshCommand
2026-10-07T20:32:33.3510146Z [command]/usr/bin/git submodule foreach --recursive sh -c "git config --local --name-only --get-regexp 'core\.sshCommand' && git config --local --unset-all 'core.sshCommand' || :"
2026-10-07T20:32:33.3829690Z [command]/usr/bin/git config --local --name-only --get-regexp http\.https\:\/\/github\.com\/\.extraheader
2026-10-07T20:32:33.3864040Z [command]/usr/bin/git submodule foreach --recursive sh -c "git config --local --name-only --get-regexp 'http\.https\:\/\/github\.com\/\.extraheader' && git config --local --unset-all 'http.https://github.com/.extraheader' || :"
2026-10-07T20:32:33.4089819Z [command]/usr/bin/git config --local --name-only --get-regexp ^includeIf\.gitdir:
2026-10-07T20:32:33.4123944Z [command]/usr/bin/git submodule foreach --recursive git config --local --show-origin --name-only --get-regexp remote.origin.url
2026-10-07T20:32:33.4450478Z Print service container logs: 571c26b94df34f7798bf1e97dab2a9b8_postgres15sha2561b92e7a80c021647bf70f5d3eb66066a998e4f5cf43c07bb9dc9f729782cf88e_370676
2026-10-07T20:32:33.4458561Z ##[command]/usr/bin/docker logs --details 10e0c73f08a7c76ae545aacb4adca4a5a2b326dcf9d03521ccc485be5dc85b45
2026-10-07T20:32:33.5674884Z  ********************************************************************************
2026-10-07T20:32:33.5675535Z  WARNING: POSTGRES_HOST_AUTH_METHOD has been set to "trust". This will allow
2026-10-07T20:32:33.5676554Z           anyone with access to the Postgres port to access your database without
2026-10-07T20:32:33.5677197Z           a password, even if POSTGRES_PASSWORD is set. See PostgreSQL
2026-10-07T20:32:33.5678077Z           documentation about "trust":
2026-10-07T20:32:33.5678373Z           https://www.postgresql.org/docs/current/auth-trust.html
2026-10-07T20:32:33.5678717Z           In Docker's default configuration, this is effectively any other
2026-10-07T20:32:33.5679085Z           container on the same system.
2026-10-07T20:32:33.5679376Z  
2026-10-07T20:32:33.5679715Z           It is not recommended to use POSTGRES_HOST_AUTH_METHOD=trust. Replace
2026-10-07T20:32:33.5680234Z           it with "-e POSTGRES_PASSWORD=password" instead to set a password in
2026-10-07T20:32:33.5680512Z           "docker run".
2026-10-07T20:32:33.5680718Z  ********************************************************************************
2026-10-07T20:32:33.5681024Z  initdb: warning: enabling "trust" authentication for local connections
2026-10-07T20:32:33.5681962Z  initdb: hint: You can change this by editing pg_hba.conf or using the option -A, or --auth-local and --auth-host, the next time you run initdb.
2026-10-07T20:32:33.5682860Z  2026-10-07 19:34:08.954 UTC [1] LOG:  starting PostgreSQL 15.18 (Debian 15.18-1.pgdg13+1) on x86_64-pc-linux-gnu, compiled by gcc (Debian 14.2.0-19) 14.2.0, 64-bit
2026-10-07T20:32:33.5683400Z  2026-10-07 19:34:08.954 UTC [1] LOG:  listening on IPv4 address "0.0.0.0", port 5432
2026-10-07T20:32:33.5683981Z  2026-10-07 19:34:08.954 UTC [1] LOG:  listening on IPv6 address "::", port 5432
2026-10-07T20:32:33.5684490Z  2026-10-07 19:34:08.955 UTC [1] LOG:  listening on Unix socket "/var/run/postgresql/.s.PGSQL.5432"
2026-10-07T20:32:33.5684908Z  2026-10-07 19:34:08.959 UTC [64] LOG:  database system was shut down at 2026-10-07 19:34:08 UTC
2026-10-07T20:32:33.5685277Z  2026-10-07 19:34:08.962 UTC [1] LOG:  database system is ready to accept connections
2026-10-07T20:32:33.5685807Z  2026-10-07 19:39:09.057 UTC [62] LOG:  checkpoint starting: time
2026-10-07T20:32:33.5686918Z  2026-10-07 19:39:13.070 UTC [62] LOG:  checkpoint complete: wrote 43 buffers (0.3%); 0 WAL file(s) added, 0 removed, 0 recycled; write=4.010 s, sync=0.001 s, total=4.013 s; sync files=11, longest=0.001 s, average=0.001 s; distance=252 kB, estimate=252 kB
2026-10-07T20:32:33.5687800Z  2026-10-07 20:01:53.661 UTC [62] LOG:  checkpoint starting: immediate force wait
2026-10-07T20:32:33.5689038Z  2026-10-07 20:01:54.118 UTC [62] LOG:  checkpoint complete: wrote 2151 buffers (13.1%); 0 WAL file(s) added, 0 removed, 1 recycled; write=0.421 s, sync=0.008 s, total=0.466 s; sync files=474, longest=0.002 s, average=0.001 s; distance=20916 kB, estimate=20916 kB
2026-10-07T20:32:33.5690727Z  2026-10-07 20:01:54.119 UTC [62] LOG:  checkpoint starting: immediate force wait
2026-10-07T20:32:33.5692039Z  2026-10-07 20:01:54.123 UTC [62] LOG:  checkpoint complete: wrote 16 buffers (0.1%); 0 WAL file(s) added, 0 removed, 0 recycled; write=0.002 s, sync=0.001 s, total=0.005 s; sync files=13, longest=0.001 s, average=0.001 s; distance=144 kB, estimate=18839 kB
2026-10-07T20:32:33.5693201Z  2026-10-07 20:01:54.142 UTC [62] LOG:  checkpoint starting: immediate force wait
2026-10-07T20:32:33.5694622Z  2026-10-07 20:01:54.151 UTC [62] LOG:  checkpoint complete: wrote 1 buffers (0.0%); 0 WAL file(s) added, 0 removed, 0 recycled; write=0.006 s, sync=0.001 s, total=0.009 s; sync files=1, longest=0.001 s, average=0.001 s; distance=1 kB, estimate=16955 kB
2026-10-07T20:32:33.5695813Z  2026-10-07 20:01:55.035 UTC [62] LOG:  checkpoint starting: immediate force wait
2026-10-07T20:32:33.5696855Z  2026-10-07 20:01:55.095 UTC [62] LOG:  checkpoint complete: wrote 1310 buffers (8.0%); 0 WAL file(s) added, 0 removed, 1 recycled; write=0.042 s, sync=0.017 s, total=0.061 s; sync files=309, longest=0.013 s, average=0.001 s; distance=20930 kB, estimate=20930 kB
2026-10-07T20:32:33.5697540Z  2026-10-07 20:01:55.096 UTC [62] LOG:  checkpoint starting: immediate force wait
2026-10-07T20:32:33.5698194Z  2026-10-07 20:01:55.099 UTC [62] LOG:  checkpoint complete: wrote 1 buffers (0.0%); 0 WAL file(s) added, 0 removed, 0 recycled; write=0.001 s, sync=0.001 s, total=0.003 s; sync files=1, longest=0.001 s, average=0.001 s; distance=2 kB, estimate=18837 kB
2026-10-07T20:32:33.5698927Z  The files belonging to this database system will be owned by user "postgres".
2026-10-07T20:32:33.5699248Z  This user must also own the server process.
2026-10-07T20:32:33.5699468Z  
2026-10-07T20:32:33.5699689Z  The database cluster will be initialized with locale "en_US.utf8".
2026-10-07T20:32:33.5700029Z  The default database encoding has accordingly been set to "UTF8".
2026-10-07T20:32:33.5700349Z  The default text search configuration will be set to "english".
2026-10-07T20:32:33.5700599Z  
2026-10-07T20:32:33.5700759Z  Data page checksums are disabled.
2026-10-07T20:32:33.5700942Z  
2026-10-07T20:32:33.5701164Z  fixing permissions on existing directory /var/lib/postgresql/data ... ok
2026-10-07T20:32:33.5701889Z  creating subdirectories ... ok
2026-10-07T20:32:33.5702229Z  selecting dynamic shared memory implementation ... posix
2026-10-07T20:32:33.5702639Z  selecting default max_connections ... 100
2026-10-07T20:32:33.5702996Z  selecting default shared_buffers ... 128MB
2026-10-07T20:32:33.5703221Z  selecting default time zone ... Etc/UTC
2026-10-07T20:32:33.5703438Z  creating configuration files ... ok
2026-10-07T20:32:33.5703655Z  running bootstrap script ... ok
2026-10-07T20:32:33.5703889Z  performing post-bootstrap initialization ... ok
2026-10-07T20:32:33.5704130Z  syncing data to disk ... ok
2026-10-07T20:32:33.5704317Z  
2026-10-07T20:32:33.5704450Z  
2026-10-07T20:32:33.5704623Z  Success. You can now start the database server using:
2026-10-07T20:32:33.5704869Z  
2026-10-07T20:32:33.5705059Z      pg_ctl -D /var/lib/postgresql/data -l logfile start
2026-10-07T20:32:33.5705287Z  
2026-10-07T20:32:33.5705774Z  waiting for server to start....2026-10-07 19:34:08.726 UTC [50] LOG:  starting PostgreSQL 15.18 (Debian 15.18-1.pgdg13+1) on x86_64-pc-linux-gnu, compiled by gcc (Debian 14.2.0-19) 14.2.0, 64-bit
2026-10-07T20:32:33.5706418Z  2026-10-07 19:34:08.727 UTC [50] LOG:  listening on Unix socket "/var/run/postgresql/.s.PGSQL.5432"
2026-10-07T20:32:33.5706832Z  2026-10-07 19:34:08.729 UTC [53] LOG:  database system was shut down at 2026-10-07 19:34:08 UTC
2026-10-07T20:32:33.5707211Z  2026-10-07 19:34:08.732 UTC [50] LOG:  database system is ready to accept connections
2026-10-07T20:32:33.5707495Z   done
2026-10-07T20:32:33.5707643Z  server started
2026-10-07T20:32:33.5707797Z  
2026-10-07T20:32:33.5708197Z  2026-10-07 20:01:55.829 UTC [62] LOG:  checkpoint starting: immediate force wait
2026-10-07T20:32:33.5708918Z  2026-10-07 20:01:56.035 UTC [62] LOG:  checkpoint complete: wrote 2703 buffers (16.5%); 0 WAL file(s) added, 0 removed, 2 recycled; write=0.181 s, sync=0.023 s, total=0.206 s; sync files=944, longest=0.008 s, average=0.001 s; distance=20603 kB, estimate=20603 kB
2026-10-07T20:32:33.5709643Z  2026-10-07 20:01:56.037 UTC [62] LOG:  checkpoint starting: immediate force wait
2026-10-07T20:32:33.5710312Z  2026-10-07 20:01:56.041 UTC [62] LOG:  checkpoint complete: wrote 122 buffers (0.7%); 0 WAL file(s) added, 0 removed, 0 recycled; write=0.002 s, sync=0.001 s, total=0.005 s; sync files=55, longest=0.001 s, average=0.001 s; distance=520 kB, estimate=18595 kB
2026-10-07T20:32:33.5711094Z  2026-10-07 20:01:56.249 UTC [62] LOG:  checkpoint starting: immediate force wait
2026-10-07T20:32:33.5711949Z  2026-10-07 20:01:56.362 UTC [62] LOG:  checkpoint complete: wrote 898 buffers (5.5%); 0 WAL file(s) added, 0 removed, 0 recycled; write=0.085 s, sync=0.027 s, total=0.113 s; sync files=328, longest=0.005 s, average=0.001 s; distance=3960 kB, estimate=17132 kB
2026-10-07T20:32:33.5712634Z  2026-10-07 20:01:56.489 UTC [62] LOG:  checkpoint starting: immediate force wait
2026-10-07T20:32:33.5713303Z  2026-10-07 20:01:56.637 UTC [62] LOG:  checkpoint complete: wrote 1213 buffers (7.4%); 0 WAL file(s) added, 0 removed, 0 recycled; write=0.117 s, sync=0.017 s, total=0.149 s; sync files=647, longest=0.002 s, average=0.001 s; distance=5681 kB, estimate=15987 kB
2026-10-07T20:32:33.5714012Z  2026-10-07 20:01:56.837 UTC [62] LOG:  checkpoint starting: immediate force wait
2026-10-07T20:32:33.5714710Z  2026-10-07 20:01:56.848 UTC [62] LOG:  checkpoint complete: wrote 161 buffers (1.0%); 0 WAL file(s) added, 0 removed, 0 recycled; write=0.005 s, sync=0.005 s, total=0.012 s; sync files=83, longest=0.005 s, average=0.001 s; distance=2076 kB, estimate=14595 kB
2026-10-07T20:32:33.5715386Z  2026-10-07 20:01:56.938 UTC [62] LOG:  checkpoint starting: immediate force wait
2026-10-07T20:32:33.5716049Z  2026-10-07 20:01:56.944 UTC [62] LOG:  checkpoint complete: wrote 2 buffers (0.0%); 0 WAL file(s) added, 0 removed, 0 recycled; write=0.003 s, sync=0.001 s, total=0.006 s; sync files=2, longest=0.001 s, average=0.001 s; distance=7 kB, estimate=13137 kB
2026-10-07T20:32:33.5716692Z  2026-10-07 20:06:57.044 UTC [62] LOG:  checkpoint starting: time
2026-10-07T20:32:33.5717326Z  2026-10-07 20:06:57.150 UTC [62] LOG:  checkpoint complete: wrote 2 buffers (0.0%); 0 WAL file(s) added, 0 removed, 0 recycled; write=0.101 s, sync=0.001 s, total=0.107 s; sync files=2, longest=0.001 s, average=0.001 s; distance=0 kB, estimate=11823 kB
2026-10-07T20:32:33.5718036Z  /usr/local/bin/docker-entrypoint.sh: ignoring /docker-entrypoint-initdb.d/*
2026-10-07T20:32:33.5718327Z  
2026-10-07T20:32:33.5718521Z  2026-10-07 19:34:08.837 UTC [50] LOG:  received fast shutdown request
2026-10-07T20:32:33.5718907Z  waiting for server to shut down....2026-10-07 19:34:08.837 UTC [50] LOG:  aborting any active transactions
2026-10-07T20:32:33.5719410Z  2026-10-07 19:34:08.838 UTC [50] LOG:  background worker "logical replication launcher" (PID 56) exited with exit code 1
2026-10-07T20:32:33.5719804Z  2026-10-07 19:34:08.839 UTC [51] LOG:  shutting down
2026-10-07T20:32:33.5720088Z  2026-10-07 19:34:08.840 UTC [51] LOG:  checkpoint starting: shutdown immediate
2026-10-07T20:32:33.5720746Z  2026-10-07 19:34:08.842 UTC [51] LOG:  checkpoint complete: wrote 3 buffers (0.0%); 0 WAL file(s) added, 0 removed, 0 recycled; write=0.001 s, sync=0.001 s, total=0.003 s; sync files=2, longest=0.001 s, average=0.001 s; distance=0 kB, estimate=0 kB
2026-10-07T20:32:33.5721577Z  2026-10-07 19:34:08.845 UTC [50] LOG:  database system is shut down
2026-10-07T20:32:33.5721824Z   done
2026-10-07T20:32:33.5721968Z  server stopped
2026-10-07T20:32:33.5722121Z  
2026-10-07T20:32:33.5722300Z  PostgreSQL init process complete; ready for start up.
2026-10-07T20:32:33.5722525Z  
2026-10-07T20:32:33.5730415Z Stop and remove container: 571c26b94df34f7798bf1e97dab2a9b8_postgres15sha2561b92e7a80c021647bf70f5d3eb66066a998e4f5cf43c07bb9dc9f729782cf88e_370676
2026-10-07T20:32:33.5736202Z ##[command]/usr/bin/docker rm --force 10e0c73f08a7c76ae545aacb4adca4a5a2b326dcf9d03521ccc485be5dc85b45
2026-10-07T20:32:39.4914881Z 10e0c73f08a7c76ae545aacb4adca4a5a2b326dcf9d03521ccc485be5dc85b45
2026-10-07T20:32:39.4943525Z Remove container network: github_network_a8ffb4e4ea984f479163549394064904
2026-10-07T20:32:39.4946898Z ##[command]/usr/bin/docker network rm github_network_a8ffb4e4ea984f479163549394064904
2026-10-07T20:32:39.6007000Z github_network_a8ffb4e4ea984f479163549394064904
2026-10-07T20:32:39.6102400Z Cleaning up orphan processes
2026-10-07T20:32:39.6565826Z ##[warning]Node.js 20 is deprecated. The following actions target Node.js 20 but are being forced to run on Node.js 24: actions/cache/restore@0057852bfaa89a56745cba8c7296529d2fc39830. For more information see: https://github.blog/changelog/2025-09-19-deprecation-of-node-20-on-github-actions-runners/
