Linux build and workspace tests	Set up job	﻿2026-10-07T17:22:43.6740410Z Current runner version: '2.337.0'
Linux build and workspace tests	Set up job	2026-10-07T17:22:43.6771254Z ##[group]Runner Image Provisioner
Linux build and workspace tests	Set up job	2026-10-07T17:22:43.6772370Z Hosted Compute Agent
Linux build and workspace tests	Set up job	2026-10-07T17:22:43.6773208Z Version: 20260901.588
Linux build and workspace tests	Set up job	2026-10-07T17:22:43.6773885Z Commit: f88ec8081b781fac6c440065ac7ff9e710ce3d0b
Linux build and workspace tests	Set up job	2026-10-07T17:22:43.6774644Z Build Date: 2026-09-01T19:56:44Z
Linux build and workspace tests	Set up job	2026-10-07T17:22:43.6775430Z Worker ID: {0c7dedde-d34a-4a0b-8df2-248b3f1e8750}
Linux build and workspace tests	Set up job	2026-10-07T17:22:43.6776196Z Azure Region: northcentralus
Linux build and workspace tests	Set up job	2026-10-07T17:22:43.6776848Z ##[endgroup]
Linux build and workspace tests	Set up job	2026-10-07T17:22:43.6778365Z ##[group]Operating System
Linux build and workspace tests	Set up job	2026-10-07T17:22:43.6779035Z Ubuntu
Linux build and workspace tests	Set up job	2026-10-07T17:22:43.6779636Z 24.04.5
Linux build and workspace tests	Set up job	2026-10-07T17:22:43.6780253Z LTS
Linux build and workspace tests	Set up job	2026-10-07T17:22:43.6780821Z ##[endgroup]
Linux build and workspace tests	Set up job	2026-10-07T17:22:43.6781460Z ##[group]Runner Image
Linux build and workspace tests	Set up job	2026-10-07T17:22:43.6782239Z Image: ubuntu-24.04
Linux build and workspace tests	Set up job	2026-10-07T17:22:43.6782864Z Version: 20260927.320.1
Linux build and workspace tests	Set up job	2026-10-07T17:22:43.6783973Z Included Software: https://github.com/actions/runner-images/blob/ubuntu24/20260927.320/images/ubuntu/Ubuntu2404-Readme.md
Linux build and workspace tests	Set up job	2026-10-07T17:22:43.6785830Z Image Release: https://github.com/actions/runner-images/releases/tag/ubuntu24%2F20260927.320
Linux build and workspace tests	Set up job	2026-10-07T17:22:43.6786865Z ##[endgroup]
Linux build and workspace tests	Set up job	2026-10-07T17:22:43.6788091Z ##[group]GITHUB_TOKEN Permissions
Linux build and workspace tests	Set up job	2026-10-07T17:22:43.6790326Z Contents: read
Linux build and workspace tests	Set up job	2026-10-07T17:22:43.6791048Z Metadata: read
Linux build and workspace tests	Set up job	2026-10-07T17:22:43.6791683Z ##[endgroup]
Linux build and workspace tests	Set up job	2026-10-07T17:22:43.6794494Z Secret source: Actions
Linux build and workspace tests	Set up job	2026-10-07T17:22:43.6795647Z Cache mode: write
Linux build and workspace tests	Set up job	2026-10-07T17:22:43.6796638Z Prepare workflow directory
Linux build and workspace tests	Set up job	2026-10-07T17:22:43.7518368Z Prepare all required actions
Linux build and workspace tests	Set up job	2026-10-07T17:22:43.7591201Z Getting action download info
Linux build and workspace tests	Set up job	2026-10-07T17:22:43.9996971Z Download action repository 'actions/checkout@93cb6efe18208431cddfb8368fd83d5badbf9bfd' (SHA:93cb6efe18208431cddfb8368fd83d5badbf9bfd)
Linux build and workspace tests	Set up job	2026-10-07T17:22:44.1429074Z Download action repository 'actions/cache@0057852bfaa89a56745cba8c7296529d2fc39830' (SHA:0057852bfaa89a56745cba8c7296529d2fc39830)
Linux build and workspace tests	Set up job	2026-10-07T17:22:44.2495495Z Download action repository 'actions/setup-node@48b55a011bda9f5d6aeb4c2d9c7362e8dae4041e' (SHA:48b55a011bda9f5d6aeb4c2d9c7362e8dae4041e)
Linux build and workspace tests	Set up job	2026-10-07T17:22:44.3996096Z Download action repository 'taiki-e/install-action@a6b2e2dcd845ddd7f509ce4f3ed3d922b80cc5d9' (SHA:a6b2e2dcd845ddd7f509ce4f3ed3d922b80cc5d9)
Linux build and workspace tests	Set up job	2026-10-07T17:22:44.9075052Z Complete job name: Linux build and workspace tests
Linux build and workspace tests	Initialize containers	﻿2026-10-07T17:22:44.9714832Z ##[group]Checking docker version
Linux build and workspace tests	Initialize containers	2026-10-07T17:22:44.9728353Z ##[command]/usr/bin/docker version --format '{{.Server.APIVersion}}'
Linux build and workspace tests	Initialize containers	2026-10-07T17:22:45.0431124Z '1.48'
Linux build and workspace tests	Initialize containers	2026-10-07T17:22:45.0441144Z Docker daemon API version: '1.48'
Linux build and workspace tests	Initialize containers	2026-10-07T17:22:45.0442263Z ##[command]/usr/bin/docker version --format '{{.Client.APIVersion}}'
Linux build and workspace tests	Initialize containers	2026-10-07T17:22:45.0613048Z '1.48'
Linux build and workspace tests	Initialize containers	2026-10-07T17:22:45.0628327Z Docker client API version: '1.48'
Linux build and workspace tests	Initialize containers	2026-10-07T17:22:45.0635028Z ##[endgroup]
Linux build and workspace tests	Initialize containers	2026-10-07T17:22:45.0638203Z ##[group]Clean up resources from previous jobs
Linux build and workspace tests	Initialize containers	2026-10-07T17:22:45.0645073Z ##[command]/usr/bin/docker ps --all --quiet --no-trunc --filter "label=e61862"
Linux build and workspace tests	Initialize containers	2026-10-07T17:22:45.0808594Z ##[command]/usr/bin/docker network prune --force --filter "label=e61862"
Linux build and workspace tests	Initialize containers	2026-10-07T17:22:45.0953552Z ##[endgroup]
Linux build and workspace tests	Initialize containers	2026-10-07T17:22:45.0954200Z ##[group]Create local container network
Linux build and workspace tests	Initialize containers	2026-10-07T17:22:45.0965183Z ##[command]/usr/bin/docker network create --label e61862 github_network_d99c9c3b50ef4c83963af7f51630ffae
Linux build and workspace tests	Initialize containers	2026-10-07T17:22:45.1484933Z 503b2ea1edd48e5cb4160e3b7ec57a6110a00ae5b60aba34f601476e00f38a0e
Linux build and workspace tests	Initialize containers	2026-10-07T17:22:45.1505943Z ##[endgroup]
Linux build and workspace tests	Initialize containers	2026-10-07T17:22:45.1530837Z ##[group]Starting postgres service container
Linux build and workspace tests	Initialize containers	2026-10-07T17:22:45.1553846Z ##[command]/usr/bin/docker pull postgres:15@sha256:1b92e7a80c021647bf70f5d3eb66066a998e4f5cf43c07bb9dc9f729782cf88e
Linux build and workspace tests	Initialize containers	2026-10-07T17:22:45.4785353Z docker.io/library/postgres@sha256:1b92e7a80c021647bf70f5d3eb66066a998e4f5cf43c07bb9dc9f729782cf88e: Pulling from library/postgres
Linux build and workspace tests	Initialize containers	2026-10-07T17:22:45.6115843Z 5b4d6ff92fc4: Pulling fs layer
Linux build and workspace tests	Initialize containers	2026-10-07T17:22:45.6117739Z faac557a4014: Pulling fs layer
Linux build and workspace tests	Initialize containers	2026-10-07T17:22:45.6119299Z 23ae1f680f8f: Pulling fs layer
Linux build and workspace tests	Initialize containers	2026-10-07T17:22:45.6121164Z d85a6fe690f8: Pulling fs layer
Linux build and workspace tests	Initialize containers	2026-10-07T17:22:45.6122621Z a1b56273edfa: Pulling fs layer
Linux build and workspace tests	Initialize containers	2026-10-07T17:22:45.6123735Z 74e78423263b: Pulling fs layer
Linux build and workspace tests	Initialize containers	2026-10-07T17:22:45.6124678Z e64c84d18f15: Pulling fs layer
Linux build and workspace tests	Initialize containers	2026-10-07T17:22:45.6125507Z e15d3b4493f3: Pulling fs layer
Linux build and workspace tests	Initialize containers	2026-10-07T17:22:45.6126409Z 450a0feadfd8: Pulling fs layer
Linux build and workspace tests	Initialize containers	2026-10-07T17:22:45.6127387Z 4f7b5a6f4005: Pulling fs layer
Linux build and workspace tests	Initialize containers	2026-10-07T17:22:45.6128353Z 02dde53e1bfd: Pulling fs layer
Linux build and workspace tests	Initialize containers	2026-10-07T17:22:45.6129363Z ec2378712a6f: Pulling fs layer
Linux build and workspace tests	Initialize containers	2026-10-07T17:22:45.6130413Z 1622e7a6bba6: Pulling fs layer
Linux build and workspace tests	Initialize containers	2026-10-07T17:22:45.6131449Z 3b99619cea16: Pulling fs layer
Linux build and workspace tests	Initialize containers	2026-10-07T17:22:45.6132728Z 450a0feadfd8: Waiting
Linux build and workspace tests	Initialize containers	2026-10-07T17:22:45.6133675Z 4f7b5a6f4005: Waiting
Linux build and workspace tests	Initialize containers	2026-10-07T17:22:45.6134621Z 02dde53e1bfd: Waiting
Linux build and workspace tests	Initialize containers	2026-10-07T17:22:45.6135580Z ec2378712a6f: Waiting
Linux build and workspace tests	Initialize containers	2026-10-07T17:22:45.6136538Z 1622e7a6bba6: Waiting
Linux build and workspace tests	Initialize containers	2026-10-07T17:22:45.6137506Z 3b99619cea16: Waiting
Linux build and workspace tests	Initialize containers	2026-10-07T17:22:45.6138520Z d85a6fe690f8: Waiting
Linux build and workspace tests	Initialize containers	2026-10-07T17:22:45.6139844Z a1b56273edfa: Waiting
Linux build and workspace tests	Initialize containers	2026-10-07T17:22:45.6141114Z 74e78423263b: Waiting
Linux build and workspace tests	Initialize containers	2026-10-07T17:22:45.6142519Z e64c84d18f15: Waiting
Linux build and workspace tests	Initialize containers	2026-10-07T17:22:45.6143871Z e15d3b4493f3: Waiting
Linux build and workspace tests	Initialize containers	2026-10-07T17:22:45.6890800Z faac557a4014: Verifying Checksum
Linux build and workspace tests	Initialize containers	2026-10-07T17:22:45.6893160Z faac557a4014: Download complete
Linux build and workspace tests	Initialize containers	2026-10-07T17:22:45.7202449Z 23ae1f680f8f: Verifying Checksum
Linux build and workspace tests	Initialize containers	2026-10-07T17:22:45.7205267Z 23ae1f680f8f: Download complete
Linux build and workspace tests	Initialize containers	2026-10-07T17:22:45.7800837Z d85a6fe690f8: Verifying Checksum
Linux build and workspace tests	Initialize containers	2026-10-07T17:22:45.7806491Z d85a6fe690f8: Download complete
Linux build and workspace tests	Initialize containers	2026-10-07T17:22:45.7829449Z 5b4d6ff92fc4: Verifying Checksum
Linux build and workspace tests	Initialize containers	2026-10-07T17:22:45.7835325Z 5b4d6ff92fc4: Download complete
Linux build and workspace tests	Initialize containers	2026-10-07T17:22:45.8454311Z a1b56273edfa: Verifying Checksum
Linux build and workspace tests	Initialize containers	2026-10-07T17:22:45.8457410Z a1b56273edfa: Download complete
Linux build and workspace tests	Initialize containers	2026-10-07T17:22:45.8663911Z e64c84d18f15: Verifying Checksum
Linux build and workspace tests	Initialize containers	2026-10-07T17:22:45.8666153Z e64c84d18f15: Download complete
Linux build and workspace tests	Initialize containers	2026-10-07T17:22:45.8741221Z 74e78423263b: Verifying Checksum
Linux build and workspace tests	Initialize containers	2026-10-07T17:22:45.8745068Z 74e78423263b: Download complete
Linux build and workspace tests	Initialize containers	2026-10-07T17:22:45.9153595Z e15d3b4493f3: Verifying Checksum
Linux build and workspace tests	Initialize containers	2026-10-07T17:22:45.9156019Z e15d3b4493f3: Download complete
Linux build and workspace tests	Initialize containers	2026-10-07T17:22:45.9652488Z 4f7b5a6f4005: Verifying Checksum
Linux build and workspace tests	Initialize containers	2026-10-07T17:22:45.9655191Z 4f7b5a6f4005: Download complete
Linux build and workspace tests	Initialize containers	2026-10-07T17:22:45.9999489Z 02dde53e1bfd: Verifying Checksum
Linux build and workspace tests	Initialize containers	2026-10-07T17:22:46.0008262Z 02dde53e1bfd: Download complete
Linux build and workspace tests	Initialize containers	2026-10-07T17:22:46.0391721Z ec2378712a6f: Verifying Checksum
Linux build and workspace tests	Initialize containers	2026-10-07T17:22:46.0395197Z ec2378712a6f: Download complete
Linux build and workspace tests	Initialize containers	2026-10-07T17:22:46.0745736Z 1622e7a6bba6: Verifying Checksum
Linux build and workspace tests	Initialize containers	2026-10-07T17:22:46.0748093Z 1622e7a6bba6: Download complete
Linux build and workspace tests	Initialize containers	2026-10-07T17:22:46.1112323Z 3b99619cea16: Verifying Checksum
Linux build and workspace tests	Initialize containers	2026-10-07T17:22:46.1114484Z 3b99619cea16: Download complete
Linux build and workspace tests	Initialize containers	2026-10-07T17:22:46.3333355Z 450a0feadfd8: Verifying Checksum
Linux build and workspace tests	Initialize containers	2026-10-07T17:22:46.3336111Z 450a0feadfd8: Download complete
Linux build and workspace tests	Initialize containers	2026-10-07T17:22:46.8768976Z 5b4d6ff92fc4: Pull complete
Linux build and workspace tests	Initialize containers	2026-10-07T17:22:47.1808421Z faac557a4014: Pull complete
Linux build and workspace tests	Initialize containers	2026-10-07T17:22:47.3725402Z 23ae1f680f8f: Pull complete
Linux build and workspace tests	Initialize containers	2026-10-07T17:22:47.4088700Z d85a6fe690f8: Pull complete
Linux build and workspace tests	Initialize containers	2026-10-07T17:22:47.7055892Z a1b56273edfa: Pull complete
Linux build and workspace tests	Initialize containers	2026-10-07T17:22:47.7765279Z 74e78423263b: Pull complete
Linux build and workspace tests	Initialize containers	2026-10-07T17:22:47.7832717Z e64c84d18f15: Pull complete
Linux build and workspace tests	Initialize containers	2026-10-07T17:22:47.7908047Z e15d3b4493f3: Pull complete
Linux build and workspace tests	Initialize containers	2026-10-07T17:22:50.7802629Z 450a0feadfd8: Pull complete
Linux build and workspace tests	Initialize containers	2026-10-07T17:22:50.7933701Z 4f7b5a6f4005: Pull complete
Linux build and workspace tests	Initialize containers	2026-10-07T17:22:50.8014614Z 02dde53e1bfd: Pull complete
Linux build and workspace tests	Initialize containers	2026-10-07T17:22:50.8084956Z ec2378712a6f: Pull complete
Linux build and workspace tests	Initialize containers	2026-10-07T17:22:50.8153097Z 1622e7a6bba6: Pull complete
Linux build and workspace tests	Initialize containers	2026-10-07T17:22:50.8237692Z 3b99619cea16: Pull complete
Linux build and workspace tests	Initialize containers	2026-10-07T17:22:50.8273425Z Digest: sha256:1b92e7a80c021647bf70f5d3eb66066a998e4f5cf43c07bb9dc9f729782cf88e
Linux build and workspace tests	Initialize containers	2026-10-07T17:22:50.8281563Z Status: Downloaded newer image for postgres@sha256:1b92e7a80c021647bf70f5d3eb66066a998e4f5cf43c07bb9dc9f729782cf88e
Linux build and workspace tests	Initialize containers	2026-10-07T17:22:50.8289806Z docker.io/library/postgres:15@sha256:1b92e7a80c021647bf70f5d3eb66066a998e4f5cf43c07bb9dc9f729782cf88e
Linux build and workspace tests	Initialize containers	2026-10-07T17:22:50.8364485Z ##[command]/usr/bin/docker create --name 9ffde3fa4b8043d7be388e7c19c84861_postgres15sha2561b92e7a80c021647bf70f5d3eb66066a998e4f5cf43c07bb9dc9f729782cf88e_fac82d --label e61862 --network github_network_d99c9c3b50ef4c83963af7f51630ffae --network-alias postgres -p 5432:5432 --health-cmd "pg_isready -U postgres" --health-interval 5s --health-timeout 5s --health-retries 10 -e "POSTGRES_HOST_AUTH_METHOD=trust" -e GITHUB_ACTIONS=true -e CI=true postgres:15@sha256:1b92e7a80c021647bf70f5d3eb66066a998e4f5cf43c07bb9dc9f729782cf88e
Linux build and workspace tests	Initialize containers	2026-10-07T17:22:50.8616380Z ed2d3f3e4b121a44eb120f74182f91010c1dff36250c00e1808ce2bdb5cb06c4
Linux build and workspace tests	Initialize containers	2026-10-07T17:22:50.8640850Z ##[command]/usr/bin/docker start ed2d3f3e4b121a44eb120f74182f91010c1dff36250c00e1808ce2bdb5cb06c4
Linux build and workspace tests	Initialize containers	2026-10-07T17:22:51.0547113Z ed2d3f3e4b121a44eb120f74182f91010c1dff36250c00e1808ce2bdb5cb06c4
Linux build and workspace tests	Initialize containers	2026-10-07T17:22:51.0576369Z ##[command]/usr/bin/docker ps --all --filter id=ed2d3f3e4b121a44eb120f74182f91010c1dff36250c00e1808ce2bdb5cb06c4 --filter status=running --no-trunc --format "{{.ID}} {{.Status}}"
Linux build and workspace tests	Initialize containers	2026-10-07T17:22:51.0711501Z ed2d3f3e4b121a44eb120f74182f91010c1dff36250c00e1808ce2bdb5cb06c4 Up Less than a second (health: starting)
Linux build and workspace tests	Initialize containers	2026-10-07T17:22:51.0734878Z ##[command]/usr/bin/docker port ed2d3f3e4b121a44eb120f74182f91010c1dff36250c00e1808ce2bdb5cb06c4
Linux build and workspace tests	Initialize containers	2026-10-07T17:22:51.0880247Z 5432/tcp -> 0.0.0.0:5432
Linux build and workspace tests	Initialize containers	2026-10-07T17:22:51.0880635Z 5432/tcp -> [::]:5432
Linux build and workspace tests	Initialize containers	2026-10-07T17:22:51.0933018Z ##[endgroup]
Linux build and workspace tests	Initialize containers	2026-10-07T17:22:51.0941899Z ##[group]Waiting for all services to be ready
Linux build and workspace tests	Initialize containers	2026-10-07T17:22:51.0955595Z ##[command]/usr/bin/docker inspect --format="{{if .Config.Healthcheck}}{{print .State.Health.Status}}{{end}}" ed2d3f3e4b121a44eb120f74182f91010c1dff36250c00e1808ce2bdb5cb06c4
Linux build and workspace tests	Initialize containers	2026-10-07T17:22:51.1104369Z starting
Linux build and workspace tests	Initialize containers	2026-10-07T17:22:51.1133892Z postgres service is starting, waiting 2 seconds before checking again.
Linux build and workspace tests	Initialize containers	2026-10-07T17:22:53.1144886Z ##[command]/usr/bin/docker inspect --format="{{if .Config.Healthcheck}}{{print .State.Health.Status}}{{end}}" ed2d3f3e4b121a44eb120f74182f91010c1dff36250c00e1808ce2bdb5cb06c4
Linux build and workspace tests	Initialize containers	2026-10-07T17:22:53.1277327Z starting
Linux build and workspace tests	Initialize containers	2026-10-07T17:22:53.1289800Z postgres service is starting, waiting 4 seconds before checking again.
Linux build and workspace tests	Initialize containers	2026-10-07T17:22:57.3092913Z ##[command]/usr/bin/docker inspect --format="{{if .Config.Healthcheck}}{{print .State.Health.Status}}{{end}}" ed2d3f3e4b121a44eb120f74182f91010c1dff36250c00e1808ce2bdb5cb06c4
Linux build and workspace tests	Initialize containers	2026-10-07T17:22:57.3225585Z healthy
Linux build and workspace tests	Initialize containers	2026-10-07T17:22:57.3243281Z postgres service is healthy.
Linux build and workspace tests	Initialize containers	2026-10-07T17:22:57.3244042Z ##[endgroup]
Linux build and workspace tests	Run actions/checkout@93cb6efe18208431cddfb8368fd83d5badbf9bfd	﻿2026-10-07T17:22:57.3528550Z ##[group]Run actions/checkout@93cb6efe18208431cddfb8368fd83d5badbf9bfd
Linux build and workspace tests	Run actions/checkout@93cb6efe18208431cddfb8368fd83d5badbf9bfd	2026-10-07T17:22:57.3529195Z with:
Linux build and workspace tests	Run actions/checkout@93cb6efe18208431cddfb8368fd83d5badbf9bfd	2026-10-07T17:22:57.3529427Z   persist-credentials: false
Linux build and workspace tests	Run actions/checkout@93cb6efe18208431cddfb8368fd83d5badbf9bfd	2026-10-07T17:22:57.3529722Z   ref: 7ebd731dc03a64c5f340f3b4d2e2e79b88246405
Linux build and workspace tests	Run actions/checkout@93cb6efe18208431cddfb8368fd83d5badbf9bfd	2026-10-07T17:22:57.3530046Z   repository: anilbeesetti/koda
Linux build and workspace tests	Run actions/checkout@93cb6efe18208431cddfb8368fd83d5badbf9bfd	2026-10-07T17:22:57.3532982Z   token: ***
Linux build and workspace tests	Run actions/checkout@93cb6efe18208431cddfb8368fd83d5badbf9bfd	2026-10-07T17:22:57.3533217Z   ssh-strict: true
Linux build and workspace tests	Run actions/checkout@93cb6efe18208431cddfb8368fd83d5badbf9bfd	2026-10-07T17:22:57.3533456Z   ssh-user: git
Linux build and workspace tests	Run actions/checkout@93cb6efe18208431cddfb8368fd83d5badbf9bfd	2026-10-07T17:22:57.3533667Z   clean: true
Linux build and workspace tests	Run actions/checkout@93cb6efe18208431cddfb8368fd83d5badbf9bfd	2026-10-07T17:22:57.3533893Z   sparse-checkout-cone-mode: true
Linux build and workspace tests	Run actions/checkout@93cb6efe18208431cddfb8368fd83d5badbf9bfd	2026-10-07T17:22:57.3534161Z   fetch-depth: 1
Linux build and workspace tests	Run actions/checkout@93cb6efe18208431cddfb8368fd83d5badbf9bfd	2026-10-07T17:22:57.3534372Z   fetch-tags: false
Linux build and workspace tests	Run actions/checkout@93cb6efe18208431cddfb8368fd83d5badbf9bfd	2026-10-07T17:22:57.3534593Z   show-progress: true
Linux build and workspace tests	Run actions/checkout@93cb6efe18208431cddfb8368fd83d5badbf9bfd	2026-10-07T17:22:57.3534806Z   lfs: false
Linux build and workspace tests	Run actions/checkout@93cb6efe18208431cddfb8368fd83d5badbf9bfd	2026-10-07T17:22:57.3535002Z   submodules: false
Linux build and workspace tests	Run actions/checkout@93cb6efe18208431cddfb8368fd83d5badbf9bfd	2026-10-07T17:22:57.3535215Z   set-safe-directory: true
Linux build and workspace tests	Run actions/checkout@93cb6efe18208431cddfb8368fd83d5badbf9bfd	2026-10-07T17:22:57.3535619Z env:
Linux build and workspace tests	Run actions/checkout@93cb6efe18208431cddfb8368fd83d5badbf9bfd	2026-10-07T17:22:57.3535820Z   CARGO_TERM_COLOR: always
Linux build and workspace tests	Run actions/checkout@93cb6efe18208431cddfb8368fd83d5badbf9bfd	2026-10-07T17:22:57.3536051Z   CARGO_INCREMENTAL: 0
Linux build and workspace tests	Run actions/checkout@93cb6efe18208431cddfb8368fd83d5badbf9bfd	2026-10-07T17:22:57.3536277Z   CARGO_PROFILE_DEV_DEBUG: 0
Linux build and workspace tests	Run actions/checkout@93cb6efe18208431cddfb8368fd83d5badbf9bfd	2026-10-07T17:22:57.3536589Z   CARGO_PROFILE_DEV_BUILD_OVERRIDE_DEBUG: 0
Linux build and workspace tests	Run actions/checkout@93cb6efe18208431cddfb8368fd83d5badbf9bfd	2026-10-07T17:22:57.3536878Z   RUST_BACKTRACE: 1
Linux build and workspace tests	Run actions/checkout@93cb6efe18208431cddfb8368fd83d5badbf9bfd	2026-10-07T17:22:57.3537082Z   CC: clang
Linux build and workspace tests	Run actions/checkout@93cb6efe18208431cddfb8368fd83d5badbf9bfd	2026-10-07T17:22:57.3537265Z   CXX: clang++
Linux build and workspace tests	Run actions/checkout@93cb6efe18208431cddfb8368fd83d5badbf9bfd	2026-10-07T17:22:57.3537463Z   WGPU_BACKEND: vulkan
Linux build and workspace tests	Run actions/checkout@93cb6efe18208431cddfb8368fd83d5badbf9bfd	2026-10-07T17:22:57.3537679Z   CI_TEST_FILTER: 
Linux build and workspace tests	Run actions/checkout@93cb6efe18208431cddfb8368fd83d5badbf9bfd	2026-10-07T17:22:57.3537885Z   CI_TEST_MODE: full
Linux build and workspace tests	Run actions/checkout@93cb6efe18208431cddfb8368fd83d5badbf9bfd	2026-10-07T17:22:57.3538094Z ##[endgroup]
Linux build and workspace tests	Run actions/checkout@93cb6efe18208431cddfb8368fd83d5badbf9bfd	2026-10-07T17:22:57.4579906Z Syncing repository: anilbeesetti/koda
Linux build and workspace tests	Run actions/checkout@93cb6efe18208431cddfb8368fd83d5badbf9bfd	2026-10-07T17:22:57.4581855Z ##[group]Getting Git version info
Linux build and workspace tests	Run actions/checkout@93cb6efe18208431cddfb8368fd83d5badbf9bfd	2026-10-07T17:22:57.4582471Z Working directory is '/home/runner/work/koda/koda'
Linux build and workspace tests	Run actions/checkout@93cb6efe18208431cddfb8368fd83d5badbf9bfd	2026-10-07T17:22:57.4583052Z [command]/usr/bin/git version
Linux build and workspace tests	Run actions/checkout@93cb6efe18208431cddfb8368fd83d5badbf9bfd	2026-10-07T17:22:57.4634422Z git version 2.55.0
Linux build and workspace tests	Run actions/checkout@93cb6efe18208431cddfb8368fd83d5badbf9bfd	2026-10-07T17:22:57.4657102Z ##[endgroup]
Linux build and workspace tests	Run actions/checkout@93cb6efe18208431cddfb8368fd83d5badbf9bfd	2026-10-07T17:22:57.4672890Z Temporarily overriding HOME='/home/runner/work/_temp/159ed358-68a1-4667-8f18-92abe6bfc1bb' before making global git config changes
Linux build and workspace tests	Run actions/checkout@93cb6efe18208431cddfb8368fd83d5badbf9bfd	2026-10-07T17:22:57.4673883Z Adding repository directory to the temporary git global config as a safe directory
Linux build and workspace tests	Run actions/checkout@93cb6efe18208431cddfb8368fd83d5badbf9bfd	2026-10-07T17:22:57.4687027Z [command]/usr/bin/git config --global --add safe.directory /home/runner/work/koda/koda
Linux build and workspace tests	Run actions/checkout@93cb6efe18208431cddfb8368fd83d5badbf9bfd	2026-10-07T17:22:57.4746914Z Deleting the contents of '/home/runner/work/koda/koda'
Linux build and workspace tests	Run actions/checkout@93cb6efe18208431cddfb8368fd83d5badbf9bfd	2026-10-07T17:22:57.4751127Z ##[group]Initializing the repository
Linux build and workspace tests	Run actions/checkout@93cb6efe18208431cddfb8368fd83d5badbf9bfd	2026-10-07T17:22:57.4757027Z [command]/usr/bin/git init /home/runner/work/koda/koda
Linux build and workspace tests	Run actions/checkout@93cb6efe18208431cddfb8368fd83d5badbf9bfd	2026-10-07T17:22:57.4854422Z hint: Using 'master' as the name for the initial branch. This default branch name
Linux build and workspace tests	Run actions/checkout@93cb6efe18208431cddfb8368fd83d5badbf9bfd	2026-10-07T17:22:57.4855694Z hint: will change to "main" in Git 3.0. To configure the initial branch name
Linux build and workspace tests	Run actions/checkout@93cb6efe18208431cddfb8368fd83d5badbf9bfd	2026-10-07T17:22:57.4857074Z hint: to use in all of your new repositories, which will suppress this warning,
Linux build and workspace tests	Run actions/checkout@93cb6efe18208431cddfb8368fd83d5badbf9bfd	2026-10-07T17:22:57.4857739Z hint: call:
Linux build and workspace tests	Run actions/checkout@93cb6efe18208431cddfb8368fd83d5badbf9bfd	2026-10-07T17:22:57.4858025Z hint:
Linux build and workspace tests	Run actions/checkout@93cb6efe18208431cddfb8368fd83d5badbf9bfd	2026-10-07T17:22:57.4858353Z hint: 	git config --global init.defaultBranch <name>
Linux build and workspace tests	Run actions/checkout@93cb6efe18208431cddfb8368fd83d5badbf9bfd	2026-10-07T17:22:57.4858890Z hint:
Linux build and workspace tests	Run actions/checkout@93cb6efe18208431cddfb8368fd83d5badbf9bfd	2026-10-07T17:22:57.4859330Z hint: Names commonly chosen instead of 'master' are 'main', 'trunk' and
Linux build and workspace tests	Run actions/checkout@93cb6efe18208431cddfb8368fd83d5badbf9bfd	2026-10-07T17:22:57.4860102Z hint: 'development'. The just-created branch can be renamed via this command:
Linux build and workspace tests	Run actions/checkout@93cb6efe18208431cddfb8368fd83d5badbf9bfd	2026-10-07T17:22:57.4860722Z hint:
Linux build and workspace tests	Run actions/checkout@93cb6efe18208431cddfb8368fd83d5badbf9bfd	2026-10-07T17:22:57.4861025Z hint: 	git branch -m <name>
Linux build and workspace tests	Run actions/checkout@93cb6efe18208431cddfb8368fd83d5badbf9bfd	2026-10-07T17:22:57.4861381Z hint:
Linux build and workspace tests	Run actions/checkout@93cb6efe18208431cddfb8368fd83d5badbf9bfd	2026-10-07T17:22:57.4861878Z hint: Disable this message with "git config set advice.defaultBranchName false"
Linux build and workspace tests	Run actions/checkout@93cb6efe18208431cddfb8368fd83d5badbf9bfd	2026-10-07T17:22:57.4863244Z Initialized empty Git repository in /home/runner/work/koda/koda/.git/
Linux build and workspace tests	Run actions/checkout@93cb6efe18208431cddfb8368fd83d5badbf9bfd	2026-10-07T17:22:57.4876608Z [command]/usr/bin/git remote add origin https://github.com/anilbeesetti/koda
Linux build and workspace tests	Run actions/checkout@93cb6efe18208431cddfb8368fd83d5badbf9bfd	2026-10-07T17:22:57.4930065Z ##[endgroup]
Linux build and workspace tests	Run actions/checkout@93cb6efe18208431cddfb8368fd83d5badbf9bfd	2026-10-07T17:22:57.4930711Z ##[group]Disabling automatic garbage collection
Linux build and workspace tests	Run actions/checkout@93cb6efe18208431cddfb8368fd83d5badbf9bfd	2026-10-07T17:22:57.4935466Z [command]/usr/bin/git config --local gc.auto 0
Linux build and workspace tests	Run actions/checkout@93cb6efe18208431cddfb8368fd83d5badbf9bfd	2026-10-07T17:22:57.4973566Z ##[endgroup]
Linux build and workspace tests	Run actions/checkout@93cb6efe18208431cddfb8368fd83d5badbf9bfd	2026-10-07T17:22:57.4974223Z ##[group]Setting up auth
Linux build and workspace tests	Run actions/checkout@93cb6efe18208431cddfb8368fd83d5badbf9bfd	2026-10-07T17:22:57.4982106Z [command]/usr/bin/git config --local --name-only --get-regexp core\.sshCommand
Linux build and workspace tests	Run actions/checkout@93cb6efe18208431cddfb8368fd83d5badbf9bfd	2026-10-07T17:22:57.5021015Z [command]/usr/bin/git submodule foreach --recursive sh -c "git config --local --name-only --get-regexp 'core\.sshCommand' && git config --local --unset-all 'core.sshCommand' || :"
Linux build and workspace tests	Run actions/checkout@93cb6efe18208431cddfb8368fd83d5badbf9bfd	2026-10-07T17:22:57.5394613Z [command]/usr/bin/git config --local --name-only --get-regexp http\.https\:\/\/github\.com\/\.extraheader
Linux build and workspace tests	Run actions/checkout@93cb6efe18208431cddfb8368fd83d5badbf9bfd	2026-10-07T17:22:57.5441079Z [command]/usr/bin/git submodule foreach --recursive sh -c "git config --local --name-only --get-regexp 'http\.https\:\/\/github\.com\/\.extraheader' && git config --local --unset-all 'http.https://github.com/.extraheader' || :"
Linux build and workspace tests	Run actions/checkout@93cb6efe18208431cddfb8368fd83d5badbf9bfd	2026-10-07T17:22:57.5749163Z [command]/usr/bin/git config --local --name-only --get-regexp ^includeIf\.gitdir:
Linux build and workspace tests	Run actions/checkout@93cb6efe18208431cddfb8368fd83d5badbf9bfd	2026-10-07T17:22:57.5759343Z [command]/usr/bin/git submodule foreach --recursive git config --local --show-origin --name-only --get-regexp remote.origin.url
Linux build and workspace tests	Run actions/checkout@93cb6efe18208431cddfb8368fd83d5badbf9bfd	2026-10-07T17:22:57.6015489Z [command]/usr/bin/git config --local http.https://github.com/.extraheader AUTHORIZATION: basic ***
Linux build and workspace tests	Run actions/checkout@93cb6efe18208431cddfb8368fd83d5badbf9bfd	2026-10-07T17:22:57.6058921Z ##[endgroup]
Linux build and workspace tests	Run actions/checkout@93cb6efe18208431cddfb8368fd83d5badbf9bfd	2026-10-07T17:22:57.6059588Z ##[group]Fetching the repository
Linux build and workspace tests	Run actions/checkout@93cb6efe18208431cddfb8368fd83d5badbf9bfd	2026-10-07T17:22:57.6068849Z [command]/usr/bin/git -c protocol.version=2 fetch --no-tags --prune --no-recurse-submodules --depth=1 origin 7ebd731dc03a64c5f340f3b4d2e2e79b88246405
Linux build and workspace tests	Run actions/checkout@93cb6efe18208431cddfb8368fd83d5badbf9bfd	2026-10-07T17:23:02.2309235Z From https://github.com/anilbeesetti/koda
Linux build and workspace tests	Run actions/checkout@93cb6efe18208431cddfb8368fd83d5badbf9bfd	2026-10-07T17:23:02.2310570Z  * branch            7ebd731dc03a64c5f340f3b4d2e2e79b88246405 -> FETCH_HEAD
Linux build and workspace tests	Run actions/checkout@93cb6efe18208431cddfb8368fd83d5badbf9bfd	2026-10-07T17:23:02.2314216Z ##[endgroup]
Linux build and workspace tests	Run actions/checkout@93cb6efe18208431cddfb8368fd83d5badbf9bfd	2026-10-07T17:23:02.2314953Z ##[group]Determining the checkout info
Linux build and workspace tests	Run actions/checkout@93cb6efe18208431cddfb8368fd83d5badbf9bfd	2026-10-07T17:23:02.2317452Z ##[endgroup]
Linux build and workspace tests	Run actions/checkout@93cb6efe18208431cddfb8368fd83d5badbf9bfd	2026-10-07T17:23:02.2325522Z [command]/usr/bin/git sparse-checkout disable
Linux build and workspace tests	Run actions/checkout@93cb6efe18208431cddfb8368fd83d5badbf9bfd	2026-10-07T17:23:02.2384634Z [command]/usr/bin/git config --local --unset-all extensions.worktreeConfig
Linux build and workspace tests	Run actions/checkout@93cb6efe18208431cddfb8368fd83d5badbf9bfd	2026-10-07T17:23:02.2418676Z ##[group]Checking out the ref
Linux build and workspace tests	Run actions/checkout@93cb6efe18208431cddfb8368fd83d5badbf9bfd	2026-10-07T17:23:02.2423267Z [command]/usr/bin/git checkout --progress --force 7ebd731dc03a64c5f340f3b4d2e2e79b88246405
Linux build and workspace tests	Run actions/checkout@93cb6efe18208431cddfb8368fd83d5badbf9bfd	2026-10-07T17:23:02.7663163Z Note: switching to '7ebd731dc03a64c5f340f3b4d2e2e79b88246405'.
Linux build and workspace tests	Run actions/checkout@93cb6efe18208431cddfb8368fd83d5badbf9bfd	2026-10-07T17:23:02.7663543Z 
Linux build and workspace tests	Run actions/checkout@93cb6efe18208431cddfb8368fd83d5badbf9bfd	2026-10-07T17:23:02.7663787Z You are in 'detached HEAD' state. You can look around, make experimental
Linux build and workspace tests	Run actions/checkout@93cb6efe18208431cddfb8368fd83d5badbf9bfd	2026-10-07T17:23:02.7664346Z changes and commit them, and you can discard any commits you make in this
Linux build and workspace tests	Run actions/checkout@93cb6efe18208431cddfb8368fd83d5badbf9bfd	2026-10-07T17:23:02.7664822Z state without impacting any branches by switching back to a branch.
Linux build and workspace tests	Run actions/checkout@93cb6efe18208431cddfb8368fd83d5badbf9bfd	2026-10-07T17:23:02.7665091Z 
Linux build and workspace tests	Run actions/checkout@93cb6efe18208431cddfb8368fd83d5badbf9bfd	2026-10-07T17:23:02.7665511Z If you want to create a new branch to retain commits you create, you may
Linux build and workspace tests	Run actions/checkout@93cb6efe18208431cddfb8368fd83d5badbf9bfd	2026-10-07T17:23:02.7666097Z do so (now or later) by using -c with the switch command. Example:
Linux build and workspace tests	Run actions/checkout@93cb6efe18208431cddfb8368fd83d5badbf9bfd	2026-10-07T17:23:02.7666470Z 
Linux build and workspace tests	Run actions/checkout@93cb6efe18208431cddfb8368fd83d5badbf9bfd	2026-10-07T17:23:02.7666609Z   git switch -c <new-branch-name>
Linux build and workspace tests	Run actions/checkout@93cb6efe18208431cddfb8368fd83d5badbf9bfd	2026-10-07T17:23:02.7666850Z 
Linux build and workspace tests	Run actions/checkout@93cb6efe18208431cddfb8368fd83d5badbf9bfd	2026-10-07T17:23:02.7666986Z Or undo this operation with:
Linux build and workspace tests	Run actions/checkout@93cb6efe18208431cddfb8368fd83d5badbf9bfd	2026-10-07T17:23:02.7667207Z 
Linux build and workspace tests	Run actions/checkout@93cb6efe18208431cddfb8368fd83d5badbf9bfd	2026-10-07T17:23:02.7667324Z   git switch -
Linux build and workspace tests	Run actions/checkout@93cb6efe18208431cddfb8368fd83d5badbf9bfd	2026-10-07T17:23:02.7667514Z 
Linux build and workspace tests	Run actions/checkout@93cb6efe18208431cddfb8368fd83d5badbf9bfd	2026-10-07T17:23:02.7667817Z Turn off this advice by setting config variable advice.detachedHead to false
Linux build and workspace tests	Run actions/checkout@93cb6efe18208431cddfb8368fd83d5badbf9bfd	2026-10-07T17:23:02.7668233Z 
Linux build and workspace tests	Run actions/checkout@93cb6efe18208431cddfb8368fd83d5badbf9bfd	2026-10-07T17:23:02.7668923Z HEAD is now at 7ebd731 Merge 371e79d3dd29f94db1b1cc2d01aff85327630065 into c19021e1827e347b54b597b53f6f27ea61bce0d0
Linux build and workspace tests	Run actions/checkout@93cb6efe18208431cddfb8368fd83d5badbf9bfd	2026-10-07T17:23:02.7683969Z ##[endgroup]
Linux build and workspace tests	Run actions/checkout@93cb6efe18208431cddfb8368fd83d5badbf9bfd	2026-10-07T17:23:02.7736217Z [command]/usr/bin/git log -1 --format=%H
Linux build and workspace tests	Run actions/checkout@93cb6efe18208431cddfb8368fd83d5badbf9bfd	2026-10-07T17:23:02.7766789Z 7ebd731dc03a64c5f340f3b4d2e2e79b88246405
Linux build and workspace tests	Run actions/checkout@93cb6efe18208431cddfb8368fd83d5badbf9bfd	2026-10-07T17:23:02.7777310Z ##[group]Removing auth
Linux build and workspace tests	Run actions/checkout@93cb6efe18208431cddfb8368fd83d5badbf9bfd	2026-10-07T17:23:02.7781509Z [command]/usr/bin/git config --local --name-only --get-regexp core\.sshCommand
Linux build and workspace tests	Run actions/checkout@93cb6efe18208431cddfb8368fd83d5badbf9bfd	2026-10-07T17:23:02.7816871Z [command]/usr/bin/git submodule foreach --recursive sh -c "git config --local --name-only --get-regexp 'core\.sshCommand' && git config --local --unset-all 'core.sshCommand' || :"
Linux build and workspace tests	Run actions/checkout@93cb6efe18208431cddfb8368fd83d5badbf9bfd	2026-10-07T17:23:02.8067887Z [command]/usr/bin/git config --local --name-only --get-regexp http\.https\:\/\/github\.com\/\.extraheader
Linux build and workspace tests	Run actions/checkout@93cb6efe18208431cddfb8368fd83d5badbf9bfd	2026-10-07T17:23:02.8098971Z http.https://github.com/.extraheader
Linux build and workspace tests	Run actions/checkout@93cb6efe18208431cddfb8368fd83d5badbf9bfd	2026-10-07T17:23:02.8106482Z [command]/usr/bin/git config --local --unset-all http.https://github.com/.extraheader
Linux build and workspace tests	Run actions/checkout@93cb6efe18208431cddfb8368fd83d5badbf9bfd	2026-10-07T17:23:02.8143544Z [command]/usr/bin/git submodule foreach --recursive sh -c "git config --local --name-only --get-regexp 'http\.https\:\/\/github\.com\/\.extraheader' && git config --local --unset-all 'http.https://github.com/.extraheader' || :"
Linux build and workspace tests	Run actions/checkout@93cb6efe18208431cddfb8368fd83d5badbf9bfd	2026-10-07T17:23:02.8394057Z [command]/usr/bin/git config --local --name-only --get-regexp ^includeIf\.gitdir:
Linux build and workspace tests	Run actions/checkout@93cb6efe18208431cddfb8368fd83d5badbf9bfd	2026-10-07T17:23:02.8429015Z [command]/usr/bin/git submodule foreach --recursive git config --local --show-origin --name-only --get-regexp remote.origin.url
Linux build and workspace tests	Run actions/checkout@93cb6efe18208431cddfb8368fd83d5badbf9bfd	2026-10-07T17:23:02.8675011Z ##[endgroup]
Linux build and workspace tests	Select runner concurrency	﻿2026-10-07T17:23:02.8878175Z ##[group]Run python3 script/ci-run resources --github-env "$GITHUB_ENV"
Linux build and workspace tests	Select runner concurrency	2026-10-07T17:23:02.8878793Z [36;1mpython3 script/ci-run resources --github-env "$GITHUB_ENV"[0m
Linux build and workspace tests	Select runner concurrency	2026-10-07T17:23:02.9075081Z shell: /usr/bin/bash --noprofile --norc -e -o pipefail {0}
Linux build and workspace tests	Select runner concurrency	2026-10-07T17:23:02.9075462Z env:
Linux build and workspace tests	Select runner concurrency	2026-10-07T17:23:02.9075676Z   CARGO_TERM_COLOR: always
Linux build and workspace tests	Select runner concurrency	2026-10-07T17:23:02.9075928Z   CARGO_INCREMENTAL: 0
Linux build and workspace tests	Select runner concurrency	2026-10-07T17:23:02.9076167Z   CARGO_PROFILE_DEV_DEBUG: 0
Linux build and workspace tests	Select runner concurrency	2026-10-07T17:23:02.9076437Z   CARGO_PROFILE_DEV_BUILD_OVERRIDE_DEBUG: 0
Linux build and workspace tests	Select runner concurrency	2026-10-07T17:23:02.9076726Z   RUST_BACKTRACE: 1
Linux build and workspace tests	Select runner concurrency	2026-10-07T17:23:02.9076927Z   CC: clang
Linux build and workspace tests	Select runner concurrency	2026-10-07T17:23:02.9077114Z   CXX: clang++
Linux build and workspace tests	Select runner concurrency	2026-10-07T17:23:02.9077315Z   WGPU_BACKEND: vulkan
Linux build and workspace tests	Select runner concurrency	2026-10-07T17:23:02.9077530Z   CI_TEST_FILTER: 
Linux build and workspace tests	Select runner concurrency	2026-10-07T17:23:02.9077734Z   CI_TEST_MODE: full
Linux build and workspace tests	Select runner concurrency	2026-10-07T17:23:02.9077951Z ##[endgroup]
Linux build and workspace tests	Select runner concurrency	2026-10-07T17:23:02.9515416Z Linux: 4 CPUs, 15.6 GiB RAM; Cargo jobs=4, nextest threads=4
Linux build and workspace tests	Free runner disk space	﻿2026-10-07T17:23:02.9617080Z ##[group]Run sudo rm -rf /usr/share/dotnet /usr/local/lib/android /opt/ghc
Linux build and workspace tests	Free runner disk space	2026-10-07T17:23:02.9617816Z [36;1msudo rm -rf /usr/share/dotnet /usr/local/lib/android /opt/ghc[0m
Linux build and workspace tests	Free runner disk space	2026-10-07T17:23:02.9689554Z shell: /usr/bin/bash --noprofile --norc -e -o pipefail {0}
Linux build and workspace tests	Free runner disk space	2026-10-07T17:23:02.9689929Z env:
Linux build and workspace tests	Free runner disk space	2026-10-07T17:23:02.9690149Z   CARGO_TERM_COLOR: always
Linux build and workspace tests	Free runner disk space	2026-10-07T17:23:02.9690404Z   CARGO_INCREMENTAL: 0
Linux build and workspace tests	Free runner disk space	2026-10-07T17:23:02.9690661Z   CARGO_PROFILE_DEV_DEBUG: 0
Linux build and workspace tests	Free runner disk space	2026-10-07T17:23:02.9690934Z   CARGO_PROFILE_DEV_BUILD_OVERRIDE_DEBUG: 0
Linux build and workspace tests	Free runner disk space	2026-10-07T17:23:02.9691227Z   RUST_BACKTRACE: 1
Linux build and workspace tests	Free runner disk space	2026-10-07T17:23:02.9691444Z   CC: clang
Linux build and workspace tests	Free runner disk space	2026-10-07T17:23:02.9691637Z   CXX: clang++
Linux build and workspace tests	Free runner disk space	2026-10-07T17:23:02.9691843Z   WGPU_BACKEND: vulkan
Linux build and workspace tests	Free runner disk space	2026-10-07T17:23:02.9692284Z   CI_TEST_FILTER: 
Linux build and workspace tests	Free runner disk space	2026-10-07T17:23:02.9692495Z   CI_TEST_MODE: full
Linux build and workspace tests	Free runner disk space	2026-10-07T17:23:02.9692711Z   CARGO_BUILD_JOBS: 4
Linux build and workspace tests	Free runner disk space	2026-10-07T17:23:02.9692938Z   CI_TEST_THREADS: 4
Linux build and workspace tests	Free runner disk space	2026-10-07T17:23:02.9693156Z ##[endgroup]
Linux build and workspace tests	Install Linux dependencies	﻿2026-10-07T17:24:24.5774976Z ##[group]Run ./script/linux
Linux build and workspace tests	Install Linux dependencies	2026-10-07T17:24:24.5775310Z [36;1m./script/linux[0m
Linux build and workspace tests	Install Linux dependencies	2026-10-07T17:24:24.5845256Z shell: /usr/bin/bash --noprofile --norc -e -o pipefail {0}
Linux build and workspace tests	Install Linux dependencies	2026-10-07T17:24:24.5845639Z env:
Linux build and workspace tests	Install Linux dependencies	2026-10-07T17:24:24.5845853Z   CARGO_TERM_COLOR: always
Linux build and workspace tests	Install Linux dependencies	2026-10-07T17:24:24.5846109Z   CARGO_INCREMENTAL: 0
Linux build and workspace tests	Install Linux dependencies	2026-10-07T17:24:24.5846358Z   CARGO_PROFILE_DEV_DEBUG: 0
Linux build and workspace tests	Install Linux dependencies	2026-10-07T17:24:24.5846632Z   CARGO_PROFILE_DEV_BUILD_OVERRIDE_DEBUG: 0
Linux build and workspace tests	Install Linux dependencies	2026-10-07T17:24:24.5846915Z   RUST_BACKTRACE: 1
Linux build and workspace tests	Install Linux dependencies	2026-10-07T17:24:24.5847127Z   CC: clang
Linux build and workspace tests	Install Linux dependencies	2026-10-07T17:24:24.5847316Z   CXX: clang++
Linux build and workspace tests	Install Linux dependencies	2026-10-07T17:24:24.5847522Z   WGPU_BACKEND: vulkan
Linux build and workspace tests	Install Linux dependencies	2026-10-07T17:24:24.5847743Z   CI_TEST_FILTER: 
Linux build and workspace tests	Install Linux dependencies	2026-10-07T17:24:24.5847954Z   CI_TEST_MODE: full
Linux build and workspace tests	Install Linux dependencies	2026-10-07T17:24:24.5848169Z   CARGO_BUILD_JOBS: 4
Linux build and workspace tests	Install Linux dependencies	2026-10-07T17:24:24.5848388Z   CI_TEST_THREADS: 4
Linux build and workspace tests	Install Linux dependencies	2026-10-07T17:24:24.5848603Z ##[endgroup]
Linux build and workspace tests	Install Linux dependencies	2026-10-07T17:24:24.5973274Z ++ id -u
Linux build and workspace tests	Install Linux dependencies	2026-10-07T17:24:24.5991272Z + '[' 1001 -eq 0 ']'
Linux build and workspace tests	Install Linux dependencies	2026-10-07T17:24:24.5994164Z ++ command -v sudo
Linux build and workspace tests	Install Linux dependencies	2026-10-07T17:24:24.5996822Z + maysudo=/usr/bin/sudo
Linux build and workspace tests	Install Linux dependencies	2026-10-07T17:24:24.6000257Z ++ command -v apt-get
Linux build and workspace tests	Install Linux dependencies	2026-10-07T17:24:24.6003108Z + apt=/usr/bin/apt-get
Linux build and workspace tests	Install Linux dependencies	2026-10-07T17:24:24.6004050Z + [[ -n /usr/bin/apt-get ]]
Linux build and workspace tests	Install Linux dependencies	2026-10-07T17:24:24.6005833Z + deps=(gcc g++ libasound2-dev libfontconfig-dev libgit2-dev libglib2.0-dev libssl-dev libva-dev libvulkan1 libwayland-dev libx11-xcb-dev libxkbcommon-x11-dev libzstd-dev make cmake clang lld llvm jq git curl gettext-base elfutils libsqlite3-dev musl-tools musl-dev build-essential pipewire xdg-desktop-portal)
Linux build and workspace tests	Install Linux dependencies	2026-10-07T17:24:24.6007177Z + grep -qP 'PRETTY_NAME="(Debian|Raspbian).+13' /etc/os-release
Linux build and workspace tests	Install Linux dependencies	2026-10-07T17:24:24.6025535Z + grep -qP 'PRETTY_NAME="(Linux Mint 22|.+24\.(04|10))' /etc/os-release
Linux build and workspace tests	Install Linux dependencies	2026-10-07T17:24:24.6039560Z + deps+=(libstdc++-14-dev)
Linux build and workspace tests	Install Linux dependencies	2026-10-07T17:24:24.6040025Z + /usr/bin/sudo /usr/bin/apt-get update
Linux build and workspace tests	Install Linux dependencies	2026-10-07T17:24:24.6761766Z Get:1 file:/etc/apt/apt-mirrors.txt Mirrorlist [144 B]
Linux build and workspace tests	Install Linux dependencies	2026-10-07T17:24:24.7089009Z Get:6 https://packages.microsoft.com/ubuntu/24.04/prod noble InRelease [3600 B]
Linux build and workspace tests	Install Linux dependencies	2026-10-07T17:24:24.7296546Z Hit:2 http://azure.archive.ubuntu.com/ubuntu noble InRelease
Linux build and workspace tests	Install Linux dependencies	2026-10-07T17:24:24.7321755Z Get:3 http://azure.archive.ubuntu.com/ubuntu noble-updates InRelease [126 kB]
Linux build and workspace tests	Install Linux dependencies	2026-10-07T17:24:24.7374976Z Get:4 http://azure.archive.ubuntu.com/ubuntu noble-backports InRelease [126 kB]
Linux build and workspace tests	Install Linux dependencies	2026-10-07T17:24:24.7404812Z Get:5 http://azure.archive.ubuntu.com/ubuntu noble-security InRelease [126 kB]
Linux build and workspace tests	Install Linux dependencies	2026-10-07T17:24:24.7982742Z Get:7 https://packages.microsoft.com/ubuntu/24.04/prod noble/main amd64 Packages [519 kB]
Linux build and workspace tests	Install Linux dependencies	2026-10-07T17:24:24.8164006Z Get:8 https://packages.microsoft.com/ubuntu/24.04/prod noble/main armhf Packages [12.6 kB]
Linux build and workspace tests	Install Linux dependencies	2026-10-07T17:24:24.8202911Z Get:9 https://packages.microsoft.com/ubuntu/24.04/prod noble/main arm64 Packages [463 kB]
Linux build and workspace tests	Install Linux dependencies	2026-10-07T17:24:24.9170365Z Get:10 http://azure.archive.ubuntu.com/ubuntu noble-updates/main amd64 Packages [1375 kB]
Linux build and workspace tests	Install Linux dependencies	2026-10-07T17:24:24.9291779Z Get:11 http://azure.archive.ubuntu.com/ubuntu noble-updates/main Translation-en [306 kB]
Linux build and workspace tests	Install Linux dependencies	2026-10-07T17:24:24.9302493Z Get:12 http://azure.archive.ubuntu.com/ubuntu noble-updates/main amd64 Components [181 kB]
Linux build and workspace tests	Install Linux dependencies	2026-10-07T17:24:24.9353032Z Get:13 http://azure.archive.ubuntu.com/ubuntu noble-updates/universe amd64 Packages [1702 kB]
Linux build and workspace tests	Install Linux dependencies	2026-10-07T17:24:24.9428076Z Get:14 http://azure.archive.ubuntu.com/ubuntu noble-updates/universe Translation-en [341 kB]
Linux build and workspace tests	Install Linux dependencies	2026-10-07T17:24:24.9488613Z Get:15 http://azure.archive.ubuntu.com/ubuntu noble-updates/universe amd64 Components [388 kB]
Linux build and workspace tests	Install Linux dependencies	2026-10-07T17:24:24.9524691Z Get:16 http://azure.archive.ubuntu.com/ubuntu noble-updates/restricted amd64 Packages [1730 kB]
Linux build and workspace tests	Install Linux dependencies	2026-10-07T17:24:24.9627608Z Get:17 http://azure.archive.ubuntu.com/ubuntu noble-updates/restricted Translation-en [396 kB]
Linux build and workspace tests	Install Linux dependencies	2026-10-07T17:24:24.9664544Z Get:18 http://azure.archive.ubuntu.com/ubuntu noble-updates/multiverse Translation-en [13.3 kB]
Linux build and workspace tests	Install Linux dependencies	2026-10-07T17:24:24.9693348Z Get:19 http://azure.archive.ubuntu.com/ubuntu noble-updates/multiverse amd64 Components [940 B]
Linux build and workspace tests	Install Linux dependencies	2026-10-07T17:24:25.0390622Z Get:20 http://azure.archive.ubuntu.com/ubuntu noble-backports/main amd64 Components [5752 B]
Linux build and workspace tests	Install Linux dependencies	2026-10-07T17:24:25.0406856Z Get:21 http://azure.archive.ubuntu.com/ubuntu noble-backports/universe amd64 Components [12.6 kB]
Linux build and workspace tests	Install Linux dependencies	2026-10-07T17:24:25.0634295Z Get:22 http://azure.archive.ubuntu.com/ubuntu noble-security/main amd64 Packages [1073 kB]
Linux build and workspace tests	Install Linux dependencies	2026-10-07T17:24:25.0698439Z Get:23 http://azure.archive.ubuntu.com/ubuntu noble-security/main Translation-en [223 kB]
Linux build and workspace tests	Install Linux dependencies	2026-10-07T17:24:25.0727683Z Get:24 http://azure.archive.ubuntu.com/ubuntu noble-security/main amd64 Components [46.4 kB]
Linux build and workspace tests	Install Linux dependencies	2026-10-07T17:24:25.0742650Z Get:25 http://azure.archive.ubuntu.com/ubuntu noble-security/universe amd64 Packages [1218 kB]
Linux build and workspace tests	Install Linux dependencies	2026-10-07T17:24:25.0838030Z Get:26 http://azure.archive.ubuntu.com/ubuntu noble-security/universe Translation-en [245 kB]
Linux build and workspace tests	Install Linux dependencies	2026-10-07T17:24:25.0854279Z Get:27 http://azure.archive.ubuntu.com/ubuntu noble-security/universe amd64 Components [76.3 kB]
Linux build and workspace tests	Install Linux dependencies	2026-10-07T17:24:25.0873280Z Get:28 http://azure.archive.ubuntu.com/ubuntu noble-security/restricted amd64 Packages [1566 kB]
Linux build and workspace tests	Install Linux dependencies	2026-10-07T17:24:25.0963465Z Get:29 http://azure.archive.ubuntu.com/ubuntu noble-security/restricted Translation-en [361 kB]
Linux build and workspace tests	Install Linux dependencies	2026-10-07T17:24:25.0991693Z Get:30 http://azure.archive.ubuntu.com/ubuntu noble-security/multiverse Translation-en [11.6 kB]
Linux build and workspace tests	Install Linux dependencies	2026-10-07T17:24:29.9210707Z Fetched 12.6 MB in 1s (8535 kB/s)
Linux build and workspace tests	Install Linux dependencies	2026-10-07T17:24:30.8112357Z Reading package lists...
Linux build and workspace tests	Install Linux dependencies	2026-10-07T17:24:30.8231874Z + /usr/bin/sudo /usr/bin/apt-get install -y gcc g++ libasound2-dev libfontconfig-dev libgit2-dev libglib2.0-dev libssl-dev libva-dev libvulkan1 libwayland-dev libx11-xcb-dev libxkbcommon-x11-dev libzstd-dev make cmake clang lld llvm jq git curl gettext-base elfutils libsqlite3-dev musl-tools musl-dev build-essential pipewire xdg-desktop-portal libstdc++-14-dev
Linux build and workspace tests	Install Linux dependencies	2026-10-07T17:24:30.8449567Z Reading package lists...
Linux build and workspace tests	Install Linux dependencies	2026-10-07T17:24:31.0747242Z Building dependency tree...
Linux build and workspace tests	Install Linux dependencies	2026-10-07T17:24:31.0755309Z Reading state information...
Linux build and workspace tests	Install Linux dependencies	2026-10-07T17:24:31.2661166Z gcc is already the newest version (4:13.2.0-7ubuntu1).
Linux build and workspace tests	Install Linux dependencies	2026-10-07T17:24:31.2662102Z g++ is already the newest version (4:13.2.0-7ubuntu1).
Linux build and workspace tests	Install Linux dependencies	2026-10-07T17:24:31.2662747Z libvulkan1 is already the newest version (1.3.275.0-1build1).
Linux build and workspace tests	Install Linux dependencies	2026-10-07T17:24:31.2663339Z libvulkan1 set to manually installed.
Linux build and workspace tests	Install Linux dependencies	2026-10-07T17:24:31.2663945Z libzstd-dev is already the newest version (1.5.5+dfsg2-2build1.1).
Linux build and workspace tests	Install Linux dependencies	2026-10-07T17:24:31.2664578Z libzstd-dev set to manually installed.
Linux build and workspace tests	Install Linux dependencies	2026-10-07T17:24:31.2665115Z make is already the newest version (4.3-4.1build2).
Linux build and workspace tests	Install Linux dependencies	2026-10-07T17:24:31.2665657Z jq is already the newest version (1.7.1-3ubuntu0.24.04.2).
Linux build and workspace tests	Install Linux dependencies	2026-10-07T17:24:31.2666276Z git is already the newest version (1:2.55.0-0ppa1~ubuntu24.04.2).
Linux build and workspace tests	Install Linux dependencies	2026-10-07T17:24:31.2666864Z git set to manually installed.
Linux build and workspace tests	Install Linux dependencies	2026-10-07T17:24:31.2667336Z curl is already the newest version (8.5.0-2ubuntu10.15).
Linux build and workspace tests	Install Linux dependencies	2026-10-07T17:24:31.2668000Z gettext-base is already the newest version (0.21-14ubuntu2).
Linux build and workspace tests	Install Linux dependencies	2026-10-07T17:24:31.2668602Z gettext-base set to manually installed.
Linux build and workspace tests	Install Linux dependencies	2026-10-07T17:24:31.2669173Z libsqlite3-dev is already the newest version (3.45.1-1ubuntu2.8).
Linux build and workspace tests	Install Linux dependencies	2026-10-07T17:24:31.2670411Z libstdc++-14-dev is already the newest version (14.2.0-4ubuntu2~24.04.1).
Linux build and workspace tests	Install Linux dependencies	2026-10-07T17:24:31.2671072Z libstdc++-14-dev set to manually installed.
Linux build and workspace tests	Install Linux dependencies	2026-10-07T17:24:31.2671597Z The following additional packages will be installed:
Linux build and workspace tests	Install Linux dependencies	2026-10-07T17:24:31.2672505Z   bubblewrap bzip2-doc cmake-data glib-networking glib-networking-common
Linux build and workspace tests	Install Linux dependencies	2026-10-07T17:24:31.2673292Z   glib-networking-services gsettings-desktop-schemas i965-va-driver
Linux build and workspace tests	Install Linux dependencies	2026-10-07T17:24:31.2674170Z   intel-media-va-driver libasm1t64 libasyncns0 libblkid-dev libbrotli-dev
Linux build and workspace tests	Install Linux dependencies	2026-10-07T17:24:31.2674992Z   libbz2-dev libflac12t64 libfreetype-dev libfreetype6 libgbm1
Linux build and workspace tests	Install Linux dependencies	2026-10-07T17:24:31.2675696Z   libgirepository-2.0-0 libgit2-1.7 libgl1-mesa-dri libglib2.0-dev-bin
Linux build and workspace tests	Install Linux dependencies	2026-10-07T17:24:31.2676539Z   libglx-mesa0 libhttp-parser-dev libhttp-parser2.9 libigdgmm12 libjsoncpp25
Linux build and workspace tests	Install Linux dependencies	2026-10-07T17:24:31.2677360Z   libmount-dev libmp3lame0 libmpg123-0t64 libopus0 libpipewire-0.3-0t64
Linux build and workspace tests	Install Linux dependencies	2026-10-07T17:24:31.2678450Z   libpipewire-0.3-common libpipewire-0.3-modules libpng-dev libpng-tools
Linux build and workspace tests	Install Linux dependencies	2026-10-07T17:24:31.2679109Z   libproxy1v5 libpthread-stubs0-dev libpulse0 librhash0 libroc0.3
Linux build and workspace tests	Install Linux dependencies	2026-10-07T17:24:31.2679818Z   libselinux1-dev libsepol-dev libset-scalar-perl libsnapd-glib-2-1
Linux build and workspace tests	Install Linux dependencies	2026-10-07T17:24:31.2680408Z   libsndfile1 libsoup-3.0-0 libsoup-3.0-common libspa-0.2-modules libspeexdsp1
Linux build and workspace tests	Install Linux dependencies	2026-10-07T17:24:31.2681003Z   libssh2-1-dev libssl3t64 libva-drm2 libva-glx2 libva-wayland2 libva-x11-2
Linux build and workspace tests	Install Linux dependencies	2026-10-07T17:24:31.2681595Z   libva2 libvorbisenc2 libwayland-bin libwayland-server0
Linux build and workspace tests	Install Linux dependencies	2026-10-07T17:24:31.2682300Z   libwebrtc-audio-processing1 libwireplumber-0.4-0 libx11-dev libxau-dev
Linux build and workspace tests	Install Linux dependencies	2026-10-07T17:24:31.2683082Z   libxcb-xkb-dev libxcb-xkb1 libxcb1-dev libxdmcp-dev libxkbcommon-dev
Linux build and workspace tests	Install Linux dependencies	2026-10-07T17:24:31.2683880Z   libxkbcommon-x11-0 llvm-runtime mesa-libgallium mesa-va-drivers musl openssl
Linux build and workspace tests	Install Linux dependencies	2026-10-07T17:24:31.2684452Z   pipewire-bin pipewire-pulse rtkit session-migration uuid-dev va-driver-all
Linux build and workspace tests	Install Linux dependencies	2026-10-07T17:24:31.2685095Z   wireplumber x11proto-dev xorg-sgml-doctools xtrans-dev
Linux build and workspace tests	Install Linux dependencies	2026-10-07T17:24:31.2685572Z Suggested packages:
Linux build and workspace tests	Install Linux dependencies	2026-10-07T17:24:31.2686065Z   cmake-doc cmake-format elpa-cmake-mode ninja-build i965-va-driver-shaders
Linux build and workspace tests	Install Linux dependencies	2026-10-07T17:24:31.2686783Z   libasound2-doc freetype2-doc gir1.2-glib-2.0-dev libglib2.0-doc
Linux build and workspace tests	Install Linux dependencies	2026-10-07T17:24:31.2687466Z   libgdk-pixbuf2.0-bin libxml2-utils opus-tools pulseaudio libssl-doc
Linux build and workspace tests	Install Linux dependencies	2026-10-07T17:24:31.2688112Z   libwayland-doc libx11-doc libxcb-doc libspa-0.2-bluetooth pulseaudio-utils
Linux build and workspace tests	Install Linux dependencies	2026-10-07T17:24:31.2688546Z   libspa-0.2-libcamera wireplumber-doc
Linux build and workspace tests	Install Linux dependencies	2026-10-07T17:24:31.3332573Z The following NEW packages will be installed:
Linux build and workspace tests	Install Linux dependencies	2026-10-07T17:24:31.3333445Z   bubblewrap build-essential bzip2-doc clang cmake cmake-data elfutils
Linux build and workspace tests	Install Linux dependencies	2026-10-07T17:24:31.3334351Z   glib-networking glib-networking-common glib-networking-services
Linux build and workspace tests	Install Linux dependencies	2026-10-07T17:24:31.3335313Z   gsettings-desktop-schemas i965-va-driver intel-media-va-driver libasm1t64
Linux build and workspace tests	Install Linux dependencies	2026-10-07T17:24:31.3336249Z   libasound2-dev libasyncns0 libblkid-dev libbrotli-dev libbz2-dev
Linux build and workspace tests	Install Linux dependencies	2026-10-07T17:24:31.3337148Z   libflac12t64 libfontconfig-dev libfreetype-dev libgirepository-2.0-0
Linux build and workspace tests	Install Linux dependencies	2026-10-07T17:24:31.3338140Z   libgit2-1.7 libgit2-dev libglib2.0-dev libglib2.0-dev-bin libhttp-parser-dev
Linux build and workspace tests	Install Linux dependencies	2026-10-07T17:24:31.3339092Z   libhttp-parser2.9 libigdgmm12 libjsoncpp25 libmount-dev libmp3lame0
Linux build and workspace tests	Install Linux dependencies	2026-10-07T17:24:31.3339954Z   libmpg123-0t64 libopus0 libpipewire-0.3-0t64 libpipewire-0.3-common
Linux build and workspace tests	Install Linux dependencies	2026-10-07T17:24:31.3340727Z   libpipewire-0.3-modules libpng-dev libpng-tools libproxy1v5
Linux build and workspace tests	Install Linux dependencies	2026-10-07T17:24:31.3341589Z   libpthread-stubs0-dev libpulse0 librhash0 libroc0.3 libselinux1-dev
Linux build and workspace tests	Install Linux dependencies	2026-10-07T17:24:31.3342646Z   libsepol-dev libset-scalar-perl libsnapd-glib-2-1 libsndfile1 libsoup-3.0-0
Linux build and workspace tests	Install Linux dependencies	2026-10-07T17:24:31.3343637Z   libsoup-3.0-common libspa-0.2-modules libspeexdsp1 libssh2-1-dev libva-dev
Linux build and workspace tests	Install Linux dependencies	2026-10-07T17:24:31.3344557Z   libva-drm2 libva-glx2 libva-wayland2 libva-x11-2 libva2 libvorbisenc2
Linux build and workspace tests	Install Linux dependencies	2026-10-07T17:24:31.3345525Z   libwayland-bin libwayland-dev libwayland-server0 libwebrtc-audio-processing1
Linux build and workspace tests	Install Linux dependencies	2026-10-07T17:24:31.3346828Z   libwireplumber-0.4-0 libx11-dev libx11-xcb-dev libxau-dev libxcb-xkb-dev
Linux build and workspace tests	Install Linux dependencies	2026-10-07T17:24:31.3347583Z   libxcb-xkb1 libxcb1-dev libxdmcp-dev libxkbcommon-dev libxkbcommon-x11-0
Linux build and workspace tests	Install Linux dependencies	2026-10-07T17:24:31.3352834Z   libxkbcommon-x11-dev lld llvm llvm-runtime mesa-va-drivers musl musl-dev
Linux build and workspace tests	Install Linux dependencies	2026-10-07T17:24:31.3363059Z   musl-tools pipewire pipewire-bin pipewire-pulse rtkit session-migration
Linux build and workspace tests	Install Linux dependencies	2026-10-07T17:24:31.3363896Z   uuid-dev va-driver-all wireplumber x11proto-dev xdg-desktop-portal
Linux build and workspace tests	Install Linux dependencies	2026-10-07T17:24:31.3364500Z   xorg-sgml-doctools xtrans-dev
Linux build and workspace tests	Install Linux dependencies	2026-10-07T17:24:31.3364939Z The following packages will be upgraded:
Linux build and workspace tests	Install Linux dependencies	2026-10-07T17:24:31.3365569Z   libfreetype6 libgbm1 libgl1-mesa-dri libglx-mesa0 libssl-dev libssl3t64
Linux build and workspace tests	Install Linux dependencies	2026-10-07T17:24:31.3366180Z   mesa-libgallium openssl
Linux build and workspace tests	Install Linux dependencies	2026-10-07T17:24:31.3577401Z 8 upgraded, 96 newly installed, 0 to remove and 22 not upgraded.
Linux build and workspace tests	Install Linux dependencies	2026-10-07T17:24:31.3578058Z Need to get 49.5 MB of archives.
Linux build and workspace tests	Install Linux dependencies	2026-10-07T17:24:31.3578962Z After this operation, 129 MB of additional disk space will be used.
Linux build and workspace tests	Install Linux dependencies	2026-10-07T17:24:31.3579625Z Get:1 file:/etc/apt/apt-mirrors.txt Mirrorlist [144 B]
Linux build and workspace tests	Install Linux dependencies	2026-10-07T17:24:31.3998010Z Get:2 http://azure.archive.ubuntu.com/ubuntu noble-updates/main amd64 libssl-dev amd64 3.0.13-0ubuntu3.16 [2409 kB]
Linux build and workspace tests	Install Linux dependencies	2026-10-07T17:24:31.5021696Z Get:3 http://azure.archive.ubuntu.com/ubuntu noble-updates/main amd64 libssl3t64 amd64 3.0.13-0ubuntu3.16 [1945 kB]
Linux build and workspace tests	Install Linux dependencies	2026-10-07T17:24:31.6048597Z Get:4 http://azure.archive.ubuntu.com/ubuntu noble-updates/main amd64 openssl amd64 3.0.13-0ubuntu3.16 [1004 kB]
Linux build and workspace tests	Install Linux dependencies	2026-10-07T17:24:31.6588044Z Get:5 http://azure.archive.ubuntu.com/ubuntu noble-updates/main amd64 bubblewrap amd64 0.9.0-1ubuntu0.3 [50.4 kB]
Linux build and workspace tests	Install Linux dependencies	2026-10-07T17:24:31.6863783Z Get:6 http://azure.archive.ubuntu.com/ubuntu noble/main amd64 build-essential amd64 12.10ubuntu1 [4928 B]
Linux build and workspace tests	Install Linux dependencies	2026-10-07T17:24:31.7126811Z Get:7 http://azure.archive.ubuntu.com/ubuntu noble-updates/main amd64 bzip2-doc all 1.0.8-5.1ubuntu0.1 [499 kB]
Linux build and workspace tests	Install Linux dependencies	2026-10-07T17:24:31.7598286Z Get:8 http://azure.archive.ubuntu.com/ubuntu noble/universe amd64 clang amd64 1:18.0-59~exp2 [5846 B]
Linux build and workspace tests	Install Linux dependencies	2026-10-07T17:24:31.7857619Z Get:9 http://azure.archive.ubuntu.com/ubuntu noble/main amd64 libjsoncpp25 amd64 1.9.5-6build1 [82.8 kB]
Linux build and workspace tests	Install Linux dependencies	2026-10-07T17:24:31.8155378Z Get:10 http://azure.archive.ubuntu.com/ubuntu noble/main amd64 librhash0 amd64 1.4.3-3build1 [129 kB]
Linux build and workspace tests	Install Linux dependencies	2026-10-07T17:24:31.8449275Z Get:11 http://azure.archive.ubuntu.com/ubuntu noble/main amd64 cmake-data all 3.28.3-1build7 [2155 kB]
Linux build and workspace tests	Install Linux dependencies	2026-10-07T17:24:31.9633896Z Get:12 http://azure.archive.ubuntu.com/ubuntu noble/main amd64 cmake amd64 3.28.3-1build7 [11.2 MB]
Linux build and workspace tests	Install Linux dependencies	2026-10-07T17:24:32.4242539Z Get:13 http://azure.archive.ubuntu.com/ubuntu noble-updates/main amd64 libasm1t64 amd64 0.190-1.1ubuntu0.1 [17.5 kB]
Linux build and workspace tests	Install Linux dependencies	2026-10-07T17:24:32.4471673Z Get:14 http://azure.archive.ubuntu.com/ubuntu noble-updates/main amd64 elfutils amd64 0.190-1.1ubuntu0.1 [525 kB]
Linux build and workspace tests	Install Linux dependencies	2026-10-07T17:24:32.4930180Z Get:15 http://azure.archive.ubuntu.com/ubuntu noble/main amd64 libproxy1v5 amd64 0.5.4-4build1 [26.5 kB]
Linux build and workspace tests	Install Linux dependencies	2026-10-07T17:24:32.5170185Z Get:16 http://azure.archive.ubuntu.com/ubuntu noble/main amd64 glib-networking-common all 2.80.0-1build1 [6702 B]
Linux build and workspace tests	Install Linux dependencies	2026-10-07T17:24:32.5396053Z Get:17 http://azure.archive.ubuntu.com/ubuntu noble/main amd64 glib-networking-services amd64 2.80.0-1build1 [12.8 kB]
Linux build and workspace tests	Install Linux dependencies	2026-10-07T17:24:32.5625860Z Get:18 http://azure.archive.ubuntu.com/ubuntu noble/main amd64 session-migration amd64 0.3.9build1 [9034 B]
Linux build and workspace tests	Install Linux dependencies	2026-10-07T17:24:32.5854282Z Get:19 http://azure.archive.ubuntu.com/ubuntu noble-updates/main amd64 gsettings-desktop-schemas all 46.1-0ubuntu1 [35.6 kB]
Linux build and workspace tests	Install Linux dependencies	2026-10-07T17:24:32.6506593Z Get:20 http://azure.archive.ubuntu.com/ubuntu noble/main amd64 glib-networking amd64 2.80.0-1build1 [64.1 kB]
Linux build and workspace tests	Install Linux dependencies	2026-10-07T17:24:32.6746688Z Get:21 http://azure.archive.ubuntu.com/ubuntu noble-updates/universe amd64 libva2 amd64 2.20.0-2ubuntu0.2 [66.4 kB]
Linux build and workspace tests	Install Linux dependencies	2026-10-07T17:24:32.6986938Z Get:22 http://azure.archive.ubuntu.com/ubuntu noble-updates/universe amd64 libigdgmm12 amd64 22.3.17+ds1-1ubuntu1 [145 kB]
Linux build and workspace tests	Install Linux dependencies	2026-10-07T17:24:32.7276554Z Get:23 http://azure.archive.ubuntu.com/ubuntu noble-updates/universe amd64 intel-media-va-driver amd64 24.1.0+dfsg1-1ubuntu0.2 [3163 kB]
Linux build and workspace tests	Install Linux dependencies	2026-10-07T17:24:32.8260411Z Get:24 http://azure.archive.ubuntu.com/ubuntu noble-updates/main amd64 libasound2-dev amd64 1.2.11-1ubuntu0.3 [115 kB]
Linux build and workspace tests	Install Linux dependencies	2026-10-07T17:24:32.8491835Z Get:25 http://azure.archive.ubuntu.com/ubuntu noble/main amd64 libasyncns0 amd64 0.8-6build4 [11.3 kB]
Linux build and workspace tests	Install Linux dependencies	2026-10-07T17:24:32.8712725Z Get:26 http://azure.archive.ubuntu.com/ubuntu noble/main amd64 libbrotli-dev amd64 1.1.0-2build2 [353 kB]
Linux build and workspace tests	Install Linux dependencies	2026-10-07T17:24:32.8998586Z Get:27 http://azure.archive.ubuntu.com/ubuntu noble-updates/main amd64 libbz2-dev amd64 1.0.8-5.1ubuntu0.1 [33.6 kB]
Linux build and workspace tests	Install Linux dependencies	2026-10-07T17:24:32.9221856Z Get:28 http://azure.archive.ubuntu.com/ubuntu noble/main amd64 libflac12t64 amd64 1.4.3+ds-2.1ubuntu2 [197 kB]
Linux build and workspace tests	Install Linux dependencies	2026-10-07T17:24:32.9462878Z Get:29 http://azure.archive.ubuntu.com/ubuntu noble-updates/main amd64 libfreetype6 amd64 2.13.2+dfsg-1ubuntu0.2 [403 kB]
Linux build and workspace tests	Install Linux dependencies	2026-10-07T17:24:32.9818836Z Get:30 http://azure.archive.ubuntu.com/ubuntu noble-updates/main amd64 libpng-dev amd64 1.6.43-5ubuntu0.6 [265 kB]
Linux build and workspace tests	Install Linux dependencies	2026-10-07T17:24:33.0075032Z Get:31 http://azure.archive.ubuntu.com/ubuntu noble-updates/main amd64 libfreetype-dev amd64 2.13.2+dfsg-1ubuntu0.2 [574 kB]
Linux build and workspace tests	Install Linux dependencies	2026-10-07T17:24:33.0478868Z Get:32 http://azure.archive.ubuntu.com/ubuntu noble-updates/main amd64 uuid-dev amd64 2.39.3-9ubuntu6.6 [33.5 kB]
Linux build and workspace tests	Install Linux dependencies	2026-10-07T17:24:33.0711583Z Get:33 http://azure.archive.ubuntu.com/ubuntu noble/main amd64 libfontconfig-dev amd64 2.15.0-1.1ubuntu2 [161 kB]
Linux build and workspace tests	Install Linux dependencies	2026-10-07T17:24:33.0981462Z Get:34 http://azure.archive.ubuntu.com/ubuntu noble-updates/main amd64 libgl1-mesa-dri amd64 25.2.8-0ubuntu0.24.04.4 [38.0 kB]
Linux build and workspace tests	Install Linux dependencies	2026-10-07T17:24:33.1299426Z Get:35 http://azure.archive.ubuntu.com/ubuntu noble-updates/main amd64 libglx-mesa0 amd64 25.2.8-0ubuntu0.24.04.4 [110 kB]
Linux build and workspace tests	Install Linux dependencies	2026-10-07T17:24:33.1616512Z Get:36 http://azure.archive.ubuntu.com/ubuntu noble-updates/main amd64 libgbm1 amd64 25.2.8-0ubuntu0.24.04.4 [34.2 kB]
Linux build and workspace tests	Install Linux dependencies	2026-10-07T17:24:33.1918143Z Get:37 http://azure.archive.ubuntu.com/ubuntu noble-updates/main amd64 mesa-libgallium amd64 25.2.8-0ubuntu0.24.04.4 [10.8 MB]
Linux build and workspace tests	Install Linux dependencies	2026-10-07T17:24:33.4206105Z Get:38 http://azure.archive.ubuntu.com/ubuntu noble-updates/main amd64 libgirepository-2.0-0 amd64 2.80.0-6ubuntu3.9 [73.5 kB]
Linux build and workspace tests	Install Linux dependencies	2026-10-07T17:24:33.4859673Z Get:39 http://azure.archive.ubuntu.com/ubuntu noble/main amd64 libhttp-parser2.9 amd64 2.9.4-6build1 [22.3 kB]
Linux build and workspace tests	Install Linux dependencies	2026-10-07T17:24:33.5079176Z Get:40 http://azure.archive.ubuntu.com/ubuntu noble-updates/main amd64 libgit2-1.7 amd64 1.7.2+ds-1ubuntu3.2 [529 kB]
Linux build and workspace tests	Install Linux dependencies	2026-10-07T17:24:33.5368455Z Get:41 http://azure.archive.ubuntu.com/ubuntu noble-updates/main amd64 libglib2.0-dev-bin amd64 2.80.0-6ubuntu3.9 [138 kB]
Linux build and workspace tests	Install Linux dependencies	2026-10-07T17:24:33.5601383Z Get:42 http://azure.archive.ubuntu.com/ubuntu noble-updates/main amd64 libblkid-dev amd64 2.39.3-9ubuntu6.6 [205 kB]
Linux build and workspace tests	Install Linux dependencies	2026-10-07T17:24:33.5870816Z Get:43 http://azure.archive.ubuntu.com/ubuntu noble/main amd64 libsepol-dev amd64 3.5-2build1 [384 kB]
Linux build and workspace tests	Install Linux dependencies	2026-10-07T17:24:33.6113954Z Get:44 http://azure.archive.ubuntu.com/ubuntu noble-updates/main amd64 libselinux1-dev amd64 3.5-2ubuntu2.1 [164 kB]
Linux build and workspace tests	Install Linux dependencies	2026-10-07T17:24:33.6365805Z Get:45 http://azure.archive.ubuntu.com/ubuntu noble-updates/main amd64 libmount-dev amd64 2.39.3-9ubuntu6.6 [14.9 kB]
Linux build and workspace tests	Install Linux dependencies	2026-10-07T17:24:33.6589018Z Get:46 http://azure.archive.ubuntu.com/ubuntu noble-updates/main amd64 libglib2.0-dev amd64 2.80.0-6ubuntu3.9 [1860 kB]
Linux build and workspace tests	Install Linux dependencies	2026-10-07T17:24:33.7137167Z Get:47 http://azure.archive.ubuntu.com/ubuntu noble/main amd64 libmp3lame0 amd64 3.100-6build1 [142 kB]
Linux build and workspace tests	Install Linux dependencies	2026-10-07T17:24:33.7370111Z Get:48 http://azure.archive.ubuntu.com/ubuntu noble-updates/main amd64 libmpg123-0t64 amd64 1.32.5-1ubuntu1.1 [169 kB]
Linux build and workspace tests	Install Linux dependencies	2026-10-07T17:24:33.7625732Z Get:49 http://azure.archive.ubuntu.com/ubuntu noble/main amd64 libopus0 amd64 1.4-1build1 [208 kB]
Linux build and workspace tests	Install Linux dependencies	2026-10-07T17:24:33.7896413Z Get:50 http://azure.archive.ubuntu.com/ubuntu noble/main amd64 libwebrtc-audio-processing1 amd64 0.3.1-0ubuntu6 [290 kB]
Linux build and workspace tests	Install Linux dependencies	2026-10-07T17:24:33.8201101Z Get:51 http://azure.archive.ubuntu.com/ubuntu noble-updates/main amd64 libspa-0.2-modules amd64 1.0.5-1ubuntu3.3 [628 kB]
Linux build and workspace tests	Install Linux dependencies	2026-10-07T17:24:33.8580361Z Get:52 http://azure.archive.ubuntu.com/ubuntu noble-updates/main amd64 libpipewire-0.3-0t64 amd64 1.0.5-1ubuntu3.3 [252 kB]
Linux build and workspace tests	Install Linux dependencies	2026-10-07T17:24:33.8849805Z Get:53 http://azure.archive.ubuntu.com/ubuntu noble-updates/main amd64 libpipewire-0.3-common all 1.0.5-1ubuntu3.3 [19.5 kB]
Linux build and workspace tests	Install Linux dependencies	2026-10-07T17:24:33.9069146Z Get:54 http://azure.archive.ubuntu.com/ubuntu noble/main amd64 libvorbisenc2 amd64 1.3.7-1build3 [80.8 kB]
Linux build and workspace tests	Install Linux dependencies	2026-10-07T17:24:33.9379977Z Get:55 http://azure.archive.ubuntu.com/ubuntu noble-updates/main amd64 libsndfile1 amd64 1.2.2-1ubuntu5.24.04.1 [209 kB]
Linux build and workspace tests	Install Linux dependencies	2026-10-07T17:24:33.9700760Z Get:56 http://azure.archive.ubuntu.com/ubuntu noble-updates/main amd64 libpulse0 amd64 1:16.1+dfsg1-2ubuntu10.1 [292 kB]
Linux build and workspace tests	Install Linux dependencies	2026-10-07T17:24:34.0439558Z Get:57 http://azure.archive.ubuntu.com/ubuntu noble/main amd64 libspeexdsp1 amd64 1.2.1-1ubuntu3 [43.1 kB]
Linux build and workspace tests	Install Linux dependencies	2026-10-07T17:24:34.0681788Z Get:58 http://azure.archive.ubuntu.com/ubuntu noble/main amd64 libroc0.3 amd64 0.3.0+dfsg-7ubuntu2 [247 kB]
Linux build and workspace tests	Install Linux dependencies	2026-10-07T17:24:34.1034532Z Get:59 http://azure.archive.ubuntu.com/ubuntu noble-updates/main amd64 libsoup-3.0-common all 3.4.4-5ubuntu0.9 [12.3 kB]
Linux build and workspace tests	Install Linux dependencies	2026-10-07T17:24:34.1339888Z Get:60 http://azure.archive.ubuntu.com/ubuntu noble-updates/main amd64 libsoup-3.0-0 amd64 3.4.4-5ubuntu0.9 [291 kB]
Linux build and workspace tests	Install Linux dependencies	2026-10-07T17:24:34.1699195Z Get:61 http://azure.archive.ubuntu.com/ubuntu noble/main amd64 libsnapd-glib-2-1 amd64 1.64-0ubuntu5 [107 kB]
Linux build and workspace tests	Install Linux dependencies	2026-10-07T17:24:34.2020927Z Get:62 http://azure.archive.ubuntu.com/ubuntu noble-updates/main amd64 libpipewire-0.3-modules amd64 1.0.5-1ubuntu3.3 [815 kB]
Linux build and workspace tests	Install Linux dependencies	2026-10-07T17:24:34.2546039Z Get:63 http://azure.archive.ubuntu.com/ubuntu noble-updates/main amd64 libpng-tools amd64 1.6.43-5ubuntu0.6 [28.5 kB]
Linux build and workspace tests	Install Linux dependencies	2026-10-07T17:24:34.2865309Z Get:64 http://azure.archive.ubuntu.com/ubuntu noble/main amd64 libpthread-stubs0-dev amd64 0.4-1build3 [4746 B]
Linux build and workspace tests	Install Linux dependencies	2026-10-07T17:24:34.3164149Z Get:65 http://azure.archive.ubuntu.com/ubuntu noble-updates/main amd64 libssh2-1-dev amd64 1.11.0-4.1ubuntu0.24.04.4 [260 kB]
Linux build and workspace tests	Install Linux dependencies	2026-10-07T17:24:34.3407040Z Get:66 http://azure.archive.ubuntu.com/ubuntu noble-updates/universe amd64 libva-drm2 amd64 2.20.0-2ubuntu0.2 [7124 B]
Linux build and workspace tests	Install Linux dependencies	2026-10-07T17:24:34.3623591Z Get:67 http://azure.archive.ubuntu.com/ubuntu noble-updates/universe amd64 libva-x11-2 amd64 2.20.0-2ubuntu0.2 [12.0 kB]
Linux build and workspace tests	Install Linux dependencies	2026-10-07T17:24:34.3851232Z Get:68 http://azure.archive.ubuntu.com/ubuntu noble-updates/universe amd64 libva-glx2 amd64 2.20.0-2ubuntu0.2 [11.4 kB]
Linux build and workspace tests	Install Linux dependencies	2026-10-07T17:24:34.4072669Z Get:69 http://azure.archive.ubuntu.com/ubuntu noble-updates/universe amd64 libva-wayland2 amd64 2.20.0-2ubuntu0.2 [10.9 kB]
Linux build and workspace tests	Install Linux dependencies	2026-10-07T17:24:34.4296242Z Get:70 http://azure.archive.ubuntu.com/ubuntu noble/main amd64 libwayland-server0 amd64 1.22.0-2.1build1 [33.9 kB]
Linux build and workspace tests	Install Linux dependencies	2026-10-07T17:24:34.4527750Z Get:71 http://azure.archive.ubuntu.com/ubuntu noble/main amd64 libwayland-bin amd64 1.22.0-2.1build1 [20.6 kB]
Linux build and workspace tests	Install Linux dependencies	2026-10-07T17:24:34.4758996Z Get:72 http://azure.archive.ubuntu.com/ubuntu noble/main amd64 libwayland-dev amd64 1.22.0-2.1build1 [71.3 kB]
Linux build and workspace tests	Install Linux dependencies	2026-10-07T17:24:34.4998716Z Get:73 http://azure.archive.ubuntu.com/ubuntu noble/universe amd64 libset-scalar-perl all 1.29-3 [28.6 kB]
Linux build and workspace tests	Install Linux dependencies	2026-10-07T17:24:34.5225145Z Get:74 http://azure.archive.ubuntu.com/ubuntu noble-updates/universe amd64 libva-dev amd64 2.20.0-2ubuntu0.2 [114 kB]
Linux build and workspace tests	Install Linux dependencies	2026-10-07T17:24:34.5474026Z Get:75 http://azure.archive.ubuntu.com/ubuntu noble-updates/main amd64 libwireplumber-0.4-0 amd64 0.4.17-1ubuntu4.1 [247 kB]
Linux build and workspace tests	Install Linux dependencies	2026-10-07T17:24:34.6145503Z Get:76 http://azure.archive.ubuntu.com/ubuntu noble/main amd64 xorg-sgml-doctools all 1:1.11-1.1 [10.9 kB]
Linux build and workspace tests	Install Linux dependencies	2026-10-07T17:24:34.6382534Z Get:77 http://azure.archive.ubuntu.com/ubuntu noble/main amd64 x11proto-dev all 2023.2-1 [602 kB]
Linux build and workspace tests	Install Linux dependencies	2026-10-07T17:24:34.6653304Z Get:78 http://azure.archive.ubuntu.com/ubuntu noble/main amd64 libxau-dev amd64 1:1.0.9-1build6 [9570 B]
Linux build and workspace tests	Install Linux dependencies	2026-10-07T17:24:34.6879063Z Get:79 http://azure.archive.ubuntu.com/ubuntu noble/main amd64 libxdmcp-dev amd64 1:1.1.3-0ubuntu6 [26.5 kB]
Linux build and workspace tests	Install Linux dependencies	2026-10-07T17:24:34.7114784Z Get:80 http://azure.archive.ubuntu.com/ubuntu noble/main amd64 xtrans-dev all 1.4.0-1 [68.9 kB]
Linux build and workspace tests	Install Linux dependencies	2026-10-07T17:24:34.7398808Z Get:81 http://azure.archive.ubuntu.com/ubuntu noble/main amd64 libxcb1-dev amd64 1.15-1ubuntu2 [85.8 kB]
Linux build and workspace tests	Install Linux dependencies	2026-10-07T17:24:34.7650823Z Get:82 http://azure.archive.ubuntu.com/ubuntu noble/main amd64 libx11-dev amd64 2:1.8.7-1build1 [732 kB]
Linux build and workspace tests	Install Linux dependencies	2026-10-07T17:24:34.8089989Z Get:83 http://azure.archive.ubuntu.com/ubuntu noble/main amd64 libx11-xcb-dev amd64 2:1.8.7-1build1 [9950 B]
Linux build and workspace tests	Install Linux dependencies	2026-10-07T17:24:34.8313166Z Get:84 http://azure.archive.ubuntu.com/ubuntu noble/main amd64 libxcb-xkb1 amd64 1.15-1ubuntu2 [32.3 kB]
Linux build and workspace tests	Install Linux dependencies	2026-10-07T17:24:34.8541868Z Get:85 http://azure.archive.ubuntu.com/ubuntu noble/main amd64 libxcb-xkb-dev amd64 1.15-1ubuntu2 [42.5 kB]
Linux build and workspace tests	Install Linux dependencies	2026-10-07T17:24:34.8769583Z Get:86 http://azure.archive.ubuntu.com/ubuntu noble/main amd64 libxkbcommon-dev amd64 1.6.0-1build1 [56.3 kB]
Linux build and workspace tests	Install Linux dependencies	2026-10-07T17:24:34.8996693Z Get:87 http://azure.archive.ubuntu.com/ubuntu noble/main amd64 libxkbcommon-x11-0 amd64 1.6.0-1build1 [14.5 kB]
Linux build and workspace tests	Install Linux dependencies	2026-10-07T17:24:34.9298106Z Get:88 http://azure.archive.ubuntu.com/ubuntu noble/universe amd64 lld amd64 1:18.0-59~exp2 [5494 B]
Linux build and workspace tests	Install Linux dependencies	2026-10-07T17:24:34.9597964Z Get:89 http://azure.archive.ubuntu.com/ubuntu noble/universe amd64 llvm-runtime amd64 1:18.0-59~exp2 [5496 B]
Linux build and workspace tests	Install Linux dependencies	2026-10-07T17:24:34.9903470Z Get:90 http://azure.archive.ubuntu.com/ubuntu noble/universe amd64 llvm amd64 1:18.0-59~exp2 [4146 B]
Linux build and workspace tests	Install Linux dependencies	2026-10-07T17:24:35.0207445Z Get:91 http://azure.archive.ubuntu.com/ubuntu noble-updates/universe amd64 mesa-va-drivers amd64 25.2.8-0ubuntu0.24.04.4 [6778 B]
Linux build and workspace tests	Install Linux dependencies	2026-10-07T17:24:35.0516920Z Get:92 http://azure.archive.ubuntu.com/ubuntu noble-updates/main amd64 pipewire-bin amd64 1.0.5-1ubuntu3.3 [365 kB]
Linux build and workspace tests	Install Linux dependencies	2026-10-07T17:24:35.0934328Z Get:93 http://azure.archive.ubuntu.com/ubuntu noble-updates/main amd64 pipewire amd64 1.0.5-1ubuntu3.3 [90.1 kB]
Linux build and workspace tests	Install Linux dependencies	2026-10-07T17:24:35.1618731Z Get:94 http://azure.archive.ubuntu.com/ubuntu noble-updates/main amd64 pipewire-pulse amd64 1.0.5-1ubuntu3.3 [8454 B]
Linux build and workspace tests	Install Linux dependencies	2026-10-07T17:24:35.1874140Z Get:95 http://azure.archive.ubuntu.com/ubuntu noble/main amd64 rtkit amd64 0.13-5build1 [34.6 kB]
Linux build and workspace tests	Install Linux dependencies	2026-10-07T17:24:35.2135839Z Get:96 http://azure.archive.ubuntu.com/ubuntu noble-updates/universe amd64 i965-va-driver amd64 2.4.1+dfsg1-1ubuntu0.2 [332 kB]
Linux build and workspace tests	Install Linux dependencies	2026-10-07T17:24:35.2433021Z Get:97 http://azure.archive.ubuntu.com/ubuntu noble-updates/universe amd64 va-driver-all amd64 2.20.0-2ubuntu0.2 [5014 B]
Linux build and workspace tests	Install Linux dependencies	2026-10-07T17:24:35.2733014Z Get:98 http://azure.archive.ubuntu.com/ubuntu noble-updates/main amd64 wireplumber amd64 0.4.17-1ubuntu4.1 [80.0 kB]
Linux build and workspace tests	Install Linux dependencies	2026-10-07T17:24:35.3038303Z Get:99 http://azure.archive.ubuntu.com/ubuntu noble-updates/main amd64 xdg-desktop-portal amd64 1.18.4-1ubuntu2.24.04.3 [307 kB]
Linux build and workspace tests	Install Linux dependencies	2026-10-07T17:24:35.3378656Z Get:100 http://azure.archive.ubuntu.com/ubuntu noble/main amd64 libhttp-parser-dev amd64 2.9.4-6build1 [21.5 kB]
Linux build and workspace tests	Install Linux dependencies	2026-10-07T17:24:35.3681130Z Get:101 http://azure.archive.ubuntu.com/ubuntu noble-updates/main amd64 libgit2-dev amd64 1.7.2+ds-1ubuntu3.2 [814 kB]
Linux build and workspace tests	Install Linux dependencies	2026-10-07T17:24:35.4102433Z Get:102 http://azure.archive.ubuntu.com/ubuntu noble/main amd64 libxkbcommon-x11-dev amd64 1.6.0-1build1 [5586 B]
Linux build and workspace tests	Install Linux dependencies	2026-10-07T17:24:35.4350407Z Get:103 http://azure.archive.ubuntu.com/ubuntu noble/universe amd64 musl amd64 1.2.4-2 [416 kB]
Linux build and workspace tests	Install Linux dependencies	2026-10-07T17:24:35.4718382Z Get:104 http://azure.archive.ubuntu.com/ubuntu noble/universe amd64 musl-dev amd64 1.2.4-2 [616 kB]
Linux build and workspace tests	Install Linux dependencies	2026-10-07T17:24:35.5099674Z Get:105 http://azure.archive.ubuntu.com/ubuntu noble/universe amd64 musl-tools amd64 1.2.4-2 [5540 B]
Linux build and workspace tests	Install Linux dependencies	2026-10-07T17:24:35.8804147Z Fetched 49.5 MB in 4s (11.9 MB/s)
Linux build and workspace tests	Install Linux dependencies	2026-10-07T17:24:35.9269870Z (Reading database ... 
Linux build and workspace tests	Install Linux dependencies	2026-10-07T17:24:35.9270315Z (Reading database ... 5%
Linux build and workspace tests	Install Linux dependencies	2026-10-07T17:24:35.9270713Z (Reading database ... 10%
Linux build and workspace tests	Install Linux dependencies	2026-10-07T17:24:35.9271022Z (Reading database ... 15%
Linux build and workspace tests	Install Linux dependencies	2026-10-07T17:24:35.9271689Z (Reading database ... 20%
Linux build and workspace tests	Install Linux dependencies	2026-10-07T17:24:35.9272409Z (Reading database ... 25%
Linux build and workspace tests	Install Linux dependencies	2026-10-07T17:24:35.9272995Z (Reading database ... 30%
Linux build and workspace tests	Install Linux dependencies	2026-10-07T17:24:35.9273274Z (Reading database ... 35%
Linux build and workspace tests	Install Linux dependencies	2026-10-07T17:24:35.9273520Z (Reading database ... 40%
Linux build and workspace tests	Install Linux dependencies	2026-10-07T17:24:35.9273748Z (Reading database ... 45%
Linux build and workspace tests	Install Linux dependencies	2026-10-07T17:24:35.9273974Z (Reading database ... 50%
Linux build and workspace tests	Install Linux dependencies	2026-10-07T17:24:35.9314136Z (Reading database ... 55%
Linux build and workspace tests	Install Linux dependencies	2026-10-07T17:24:36.0368047Z (Reading database ... 60%
Linux build and workspace tests	Install Linux dependencies	2026-10-07T17:24:36.1791134Z (Reading database ... 65%
Linux build and workspace tests	Install Linux dependencies	2026-10-07T17:24:36.3828657Z (Reading database ... 70%
Linux build and workspace tests	Install Linux dependencies	2026-10-07T17:24:36.5478603Z (Reading database ... 75%
Linux build and workspace tests	Install Linux dependencies	2026-10-07T17:24:36.6876163Z (Reading database ... 80%
Linux build and workspace tests	Install Linux dependencies	2026-10-07T17:24:36.8296980Z (Reading database ... 85%
Linux build and workspace tests	Install Linux dependencies	2026-10-07T17:24:36.9883449Z (Reading database ... 90%
Linux build and workspace tests	Install Linux dependencies	2026-10-07T17:24:37.0849125Z (Reading database ... 95%
Linux build and workspace tests	Install Linux dependencies	2026-10-07T17:24:37.0849619Z (Reading database ... 100%
Linux build and workspace tests	Install Linux dependencies	2026-10-07T17:24:37.0850028Z (Reading database ... 202296 files and directories currently installed.)
Linux build and workspace tests	Install Linux dependencies	2026-10-07T17:24:37.0897418Z Preparing to unpack .../libssl-dev_3.0.13-0ubuntu3.16_amd64.deb ...
Linux build and workspace tests	Install Linux dependencies	2026-10-07T17:24:37.0933682Z Unpacking libssl-dev:amd64 (3.0.13-0ubuntu3.16) over (3.0.13-0ubuntu3.15) ...
Linux build and workspace tests	Install Linux dependencies	2026-10-07T17:24:37.2127812Z Preparing to unpack .../libssl3t64_3.0.13-0ubuntu3.16_amd64.deb ...
Linux build and workspace tests	Install Linux dependencies	2026-10-07T17:24:37.2150550Z Unpacking libssl3t64:amd64 (3.0.13-0ubuntu3.16) over (3.0.13-0ubuntu3.15) ...
Linux build and workspace tests	Install Linux dependencies	2026-10-07T17:24:37.2785842Z Setting up libssl3t64:amd64 (3.0.13-0ubuntu3.16) ...
Linux build and workspace tests	Install Linux dependencies	2026-10-07T17:24:37.3152771Z (Reading database ... 
Linux build and workspace tests	Install Linux dependencies	2026-10-07T17:24:37.3153442Z (Reading database ... 5%
Linux build and workspace tests	Install Linux dependencies	2026-10-07T17:24:37.3154002Z (Reading database ... 10%
Linux build and workspace tests	Install Linux dependencies	2026-10-07T17:24:37.3154530Z (Reading database ... 15%
Linux build and workspace tests	Install Linux dependencies	2026-10-07T17:24:37.3155060Z (Reading database ... 20%
Linux build and workspace tests	Install Linux dependencies	2026-10-07T17:24:37.3155542Z (Reading database ... 25%
Linux build and workspace tests	Install Linux dependencies	2026-10-07T17:24:37.3156040Z (Reading database ... 30%
Linux build and workspace tests	Install Linux dependencies	2026-10-07T17:24:37.3157227Z (Reading database ... 35%
Linux build and workspace tests	Install Linux dependencies	2026-10-07T17:24:37.3157742Z (Reading database ... 40%
Linux build and workspace tests	Install Linux dependencies	2026-10-07T17:24:37.3158264Z (Reading database ... 45%
Linux build and workspace tests	Install Linux dependencies	2026-10-07T17:24:37.3158810Z (Reading database ... 50%
Linux build and workspace tests	Install Linux dependencies	2026-10-07T17:24:37.3174274Z (Reading database ... 55%
Linux build and workspace tests	Install Linux dependencies	2026-10-07T17:24:37.3294407Z (Reading database ... 60%
Linux build and workspace tests	Install Linux dependencies	2026-10-07T17:24:37.3326338Z (Reading database ... 65%
Linux build and workspace tests	Install Linux dependencies	2026-10-07T17:24:37.3351338Z (Reading database ... 70%
Linux build and workspace tests	Install Linux dependencies	2026-10-07T17:24:37.3395131Z (Reading database ... 75%
Linux build and workspace tests	Install Linux dependencies	2026-10-07T17:24:37.3433163Z (Reading database ... 80%
Linux build and workspace tests	Install Linux dependencies	2026-10-07T17:24:37.3466970Z (Reading database ... 85%
Linux build and workspace tests	Install Linux dependencies	2026-10-07T17:24:37.3645029Z (Reading database ... 90%
Linux build and workspace tests	Install Linux dependencies	2026-10-07T17:24:37.3995460Z (Reading database ... 95%
Linux build and workspace tests	Install Linux dependencies	2026-10-07T17:24:37.3995959Z (Reading database ... 100%
Linux build and workspace tests	Install Linux dependencies	2026-10-07T17:24:37.3996490Z (Reading database ... 202296 files and directories currently installed.)
Linux build and workspace tests	Install Linux dependencies	2026-10-07T17:24:37.4047437Z Preparing to unpack .../000-openssl_3.0.13-0ubuntu3.16_amd64.deb ...
Linux build and workspace tests	Install Linux dependencies	2026-10-07T17:24:37.4067369Z Unpacking openssl (3.0.13-0ubuntu3.16) over (3.0.13-0ubuntu3.15) ...
Linux build and workspace tests	Install Linux dependencies	2026-10-07T17:24:37.5091279Z Selecting previously unselected package bubblewrap.
Linux build and workspace tests	Install Linux dependencies	2026-10-07T17:24:37.5230569Z Preparing to unpack .../001-bubblewrap_0.9.0-1ubuntu0.3_amd64.deb ...
Linux build and workspace tests	Install Linux dependencies	2026-10-07T17:24:37.5237365Z Unpacking bubblewrap (0.9.0-1ubuntu0.3) ...
Linux build and workspace tests	Install Linux dependencies	2026-10-07T17:24:37.5476154Z Selecting previously unselected package build-essential.
Linux build and workspace tests	Install Linux dependencies	2026-10-07T17:24:37.5609864Z Preparing to unpack .../002-build-essential_12.10ubuntu1_amd64.deb ...
Linux build and workspace tests	Install Linux dependencies	2026-10-07T17:24:37.5616216Z Unpacking build-essential (12.10ubuntu1) ...
Linux build and workspace tests	Install Linux dependencies	2026-10-07T17:24:37.5813176Z Selecting previously unselected package bzip2-doc.
Linux build and workspace tests	Install Linux dependencies	2026-10-07T17:24:37.5946348Z Preparing to unpack .../003-bzip2-doc_1.0.8-5.1ubuntu0.1_all.deb ...
Linux build and workspace tests	Install Linux dependencies	2026-10-07T17:24:37.5952763Z Unpacking bzip2-doc (1.0.8-5.1ubuntu0.1) ...
Linux build and workspace tests	Install Linux dependencies	2026-10-07T17:24:37.6196386Z Selecting previously unselected package clang.
Linux build and workspace tests	Install Linux dependencies	2026-10-07T17:24:37.6330752Z Preparing to unpack .../004-clang_1%3a18.0-59~exp2_amd64.deb ...
Linux build and workspace tests	Install Linux dependencies	2026-10-07T17:24:37.6337470Z Unpacking clang (1:18.0-59~exp2) ...
Linux build and workspace tests	Install Linux dependencies	2026-10-07T17:24:37.6549401Z Selecting previously unselected package libjsoncpp25:amd64.
Linux build and workspace tests	Install Linux dependencies	2026-10-07T17:24:37.6682955Z Preparing to unpack .../005-libjsoncpp25_1.9.5-6build1_amd64.deb ...
Linux build and workspace tests	Install Linux dependencies	2026-10-07T17:24:37.6688901Z Unpacking libjsoncpp25:amd64 (1.9.5-6build1) ...
Linux build and workspace tests	Install Linux dependencies	2026-10-07T17:24:37.6914614Z Selecting previously unselected package librhash0:amd64.
Linux build and workspace tests	Install Linux dependencies	2026-10-07T17:24:37.7048286Z Preparing to unpack .../006-librhash0_1.4.3-3build1_amd64.deb ...
Linux build and workspace tests	Install Linux dependencies	2026-10-07T17:24:37.7054877Z Unpacking librhash0:amd64 (1.4.3-3build1) ...
Linux build and workspace tests	Install Linux dependencies	2026-10-07T17:24:37.7280656Z Selecting previously unselected package cmake-data.
Linux build and workspace tests	Install Linux dependencies	2026-10-07T17:24:37.7436902Z Preparing to unpack .../007-cmake-data_3.28.3-1build7_all.deb ...
Linux build and workspace tests	Install Linux dependencies	2026-10-07T17:24:37.7516761Z Unpacking cmake-data (3.28.3-1build7) ...
Linux build and workspace tests	Install Linux dependencies	2026-10-07T17:24:38.2368074Z Selecting previously unselected package cmake.
Linux build and workspace tests	Install Linux dependencies	2026-10-07T17:24:38.2518964Z Preparing to unpack .../008-cmake_3.28.3-1build7_amd64.deb ...
Linux build and workspace tests	Install Linux dependencies	2026-10-07T17:24:38.2526253Z Unpacking cmake (3.28.3-1build7) ...
Linux build and workspace tests	Install Linux dependencies	2026-10-07T17:24:38.4640326Z Selecting previously unselected package libasm1t64:amd64.
Linux build and workspace tests	Install Linux dependencies	2026-10-07T17:24:38.4775439Z Preparing to unpack .../009-libasm1t64_0.190-1.1ubuntu0.1_amd64.deb ...
Linux build and workspace tests	Install Linux dependencies	2026-10-07T17:24:38.4782864Z Unpacking libasm1t64:amd64 (0.190-1.1ubuntu0.1) ...
Linux build and workspace tests	Install Linux dependencies	2026-10-07T17:24:38.4981771Z Selecting previously unselected package elfutils.
Linux build and workspace tests	Install Linux dependencies	2026-10-07T17:24:38.5117701Z Preparing to unpack .../010-elfutils_0.190-1.1ubuntu0.1_amd64.deb ...
Linux build and workspace tests	Install Linux dependencies	2026-10-07T17:24:38.5123959Z Unpacking elfutils (0.190-1.1ubuntu0.1) ...
Linux build and workspace tests	Install Linux dependencies	2026-10-07T17:24:38.5451874Z Selecting previously unselected package libproxy1v5:amd64.
Linux build and workspace tests	Install Linux dependencies	2026-10-07T17:24:38.5592342Z Preparing to unpack .../011-libproxy1v5_0.5.4-4build1_amd64.deb ...
Linux build and workspace tests	Install Linux dependencies	2026-10-07T17:24:38.5600610Z Unpacking libproxy1v5:amd64 (0.5.4-4build1) ...
Linux build and workspace tests	Install Linux dependencies	2026-10-07T17:24:38.5813299Z Selecting previously unselected package glib-networking-common.
Linux build and workspace tests	Install Linux dependencies	2026-10-07T17:24:38.5948470Z Preparing to unpack .../012-glib-networking-common_2.80.0-1build1_all.deb ...
Linux build and workspace tests	Install Linux dependencies	2026-10-07T17:24:38.5955279Z Unpacking glib-networking-common (2.80.0-1build1) ...
Linux build and workspace tests	Install Linux dependencies	2026-10-07T17:24:38.6151783Z Selecting previously unselected package glib-networking-services.
Linux build and workspace tests	Install Linux dependencies	2026-10-07T17:24:38.6287992Z Preparing to unpack .../013-glib-networking-services_2.80.0-1build1_amd64.deb ...
Linux build and workspace tests	Install Linux dependencies	2026-10-07T17:24:38.6295154Z Unpacking glib-networking-services (2.80.0-1build1) ...
Linux build and workspace tests	Install Linux dependencies	2026-10-07T17:24:38.6504280Z Selecting previously unselected package session-migration.
Linux build and workspace tests	Install Linux dependencies	2026-10-07T17:24:38.6639645Z Preparing to unpack .../014-session-migration_0.3.9build1_amd64.deb ...
Linux build and workspace tests	Install Linux dependencies	2026-10-07T17:24:38.6646746Z Unpacking session-migration (0.3.9build1) ...
Linux build and workspace tests	Install Linux dependencies	2026-10-07T17:24:38.6865042Z Selecting previously unselected package gsettings-desktop-schemas.
Linux build and workspace tests	Install Linux dependencies	2026-10-07T17:24:38.7000947Z Preparing to unpack .../015-gsettings-desktop-schemas_46.1-0ubuntu1_all.deb ...
Linux build and workspace tests	Install Linux dependencies	2026-10-07T17:24:38.7007117Z Unpacking gsettings-desktop-schemas (46.1-0ubuntu1) ...
Linux build and workspace tests	Install Linux dependencies	2026-10-07T17:24:38.7280065Z Selecting previously unselected package glib-networking:amd64.
Linux build and workspace tests	Install Linux dependencies	2026-10-07T17:24:38.7419375Z Preparing to unpack .../016-glib-networking_2.80.0-1build1_amd64.deb ...
Linux build and workspace tests	Install Linux dependencies	2026-10-07T17:24:38.7426497Z Unpacking glib-networking:amd64 (2.80.0-1build1) ...
Linux build and workspace tests	Install Linux dependencies	2026-10-07T17:24:38.7656816Z Selecting previously unselected package libva2:amd64.
Linux build and workspace tests	Install Linux dependencies	2026-10-07T17:24:38.7792252Z Preparing to unpack .../017-libva2_2.20.0-2ubuntu0.2_amd64.deb ...
Linux build and workspace tests	Install Linux dependencies	2026-10-07T17:24:38.7799196Z Unpacking libva2:amd64 (2.20.0-2ubuntu0.2) ...
Linux build and workspace tests	Install Linux dependencies	2026-10-07T17:24:38.8014518Z Selecting previously unselected package libigdgmm12:amd64.
Linux build and workspace tests	Install Linux dependencies	2026-10-07T17:24:38.8149471Z Preparing to unpack .../018-libigdgmm12_22.3.17+ds1-1ubuntu1_amd64.deb ...
Linux build and workspace tests	Install Linux dependencies	2026-10-07T17:24:38.8156112Z Unpacking libigdgmm12:amd64 (22.3.17+ds1-1ubuntu1) ...
Linux build and workspace tests	Install Linux dependencies	2026-10-07T17:24:38.8379401Z Selecting previously unselected package intel-media-va-driver:amd64.
Linux build and workspace tests	Install Linux dependencies	2026-10-07T17:24:38.8515674Z Preparing to unpack .../019-intel-media-va-driver_24.1.0+dfsg1-1ubuntu0.2_amd64.deb ...
Linux build and workspace tests	Install Linux dependencies	2026-10-07T17:24:38.8522627Z Unpacking intel-media-va-driver:amd64 (24.1.0+dfsg1-1ubuntu0.2) ...
Linux build and workspace tests	Install Linux dependencies	2026-10-07T17:24:38.9196050Z Selecting previously unselected package libasound2-dev:amd64.
Linux build and workspace tests	Install Linux dependencies	2026-10-07T17:24:38.9332941Z Preparing to unpack .../020-libasound2-dev_1.2.11-1ubuntu0.3_amd64.deb ...
Linux build and workspace tests	Install Linux dependencies	2026-10-07T17:24:38.9364919Z Unpacking libasound2-dev:amd64 (1.2.11-1ubuntu0.3) ...
Linux build and workspace tests	Install Linux dependencies	2026-10-07T17:24:38.9682798Z Selecting previously unselected package libasyncns0:amd64.
Linux build and workspace tests	Install Linux dependencies	2026-10-07T17:24:38.9819380Z Preparing to unpack .../021-libasyncns0_0.8-6build4_amd64.deb ...
Linux build and workspace tests	Install Linux dependencies	2026-10-07T17:24:38.9826578Z Unpacking libasyncns0:amd64 (0.8-6build4) ...
Linux build and workspace tests	Install Linux dependencies	2026-10-07T17:24:39.0037701Z Selecting previously unselected package libbrotli-dev:amd64.
Linux build and workspace tests	Install Linux dependencies	2026-10-07T17:24:39.0174278Z Preparing to unpack .../022-libbrotli-dev_1.1.0-2build2_amd64.deb ...
Linux build and workspace tests	Install Linux dependencies	2026-10-07T17:24:39.0180753Z Unpacking libbrotli-dev:amd64 (1.1.0-2build2) ...
Linux build and workspace tests	Install Linux dependencies	2026-10-07T17:24:39.0437974Z Selecting previously unselected package libbz2-dev:amd64.
Linux build and workspace tests	Install Linux dependencies	2026-10-07T17:24:39.0574837Z Preparing to unpack .../023-libbz2-dev_1.0.8-5.1ubuntu0.1_amd64.deb ...
Linux build and workspace tests	Install Linux dependencies	2026-10-07T17:24:39.0581589Z Unpacking libbz2-dev:amd64 (1.0.8-5.1ubuntu0.1) ...
Linux build and workspace tests	Install Linux dependencies	2026-10-07T17:24:39.0797621Z Selecting previously unselected package libflac12t64:amd64.
Linux build and workspace tests	Install Linux dependencies	2026-10-07T17:24:39.0934100Z Preparing to unpack .../024-libflac12t64_1.4.3+ds-2.1ubuntu2_amd64.deb ...
Linux build and workspace tests	Install Linux dependencies	2026-10-07T17:24:39.0940156Z Unpacking libflac12t64:amd64 (1.4.3+ds-2.1ubuntu2) ...
Linux build and workspace tests	Install Linux dependencies	2026-10-07T17:24:39.1312267Z Preparing to unpack .../025-libfreetype6_2.13.2+dfsg-1ubuntu0.2_amd64.deb ...
Linux build and workspace tests	Install Linux dependencies	2026-10-07T17:24:39.1330287Z Unpacking libfreetype6:amd64 (2.13.2+dfsg-1ubuntu0.2) over (2.13.2+dfsg-1ubuntu0.1) ...
Linux build and workspace tests	Install Linux dependencies	2026-10-07T17:24:39.1589050Z Selecting previously unselected package libpng-dev:amd64.
Linux build and workspace tests	Install Linux dependencies	2026-10-07T17:24:39.1727798Z Preparing to unpack .../026-libpng-dev_1.6.43-5ubuntu0.6_amd64.deb ...
Linux build and workspace tests	Install Linux dependencies	2026-10-07T17:24:39.1733871Z Unpacking libpng-dev:amd64 (1.6.43-5ubuntu0.6) ...
Linux build and workspace tests	Install Linux dependencies	2026-10-07T17:24:39.2002459Z Selecting previously unselected package libfreetype-dev:amd64.
Linux build and workspace tests	Install Linux dependencies	2026-10-07T17:24:39.2138284Z Preparing to unpack .../027-libfreetype-dev_2.13.2+dfsg-1ubuntu0.2_amd64.deb ...
Linux build and workspace tests	Install Linux dependencies	2026-10-07T17:24:39.2145187Z Unpacking libfreetype-dev:amd64 (2.13.2+dfsg-1ubuntu0.2) ...
Linux build and workspace tests	Install Linux dependencies	2026-10-07T17:24:39.2487870Z Selecting previously unselected package uuid-dev:amd64.
Linux build and workspace tests	Install Linux dependencies	2026-10-07T17:24:39.2625188Z Preparing to unpack .../028-uuid-dev_2.39.3-9ubuntu6.6_amd64.deb ...
Linux build and workspace tests	Install Linux dependencies	2026-10-07T17:24:39.2631196Z Unpacking uuid-dev:amd64 (2.39.3-9ubuntu6.6) ...
Linux build and workspace tests	Install Linux dependencies	2026-10-07T17:24:39.2862727Z Selecting previously unselected package libfontconfig-dev:amd64.
Linux build and workspace tests	Install Linux dependencies	2026-10-07T17:24:39.2996722Z Preparing to unpack .../029-libfontconfig-dev_2.15.0-1.1ubuntu2_amd64.deb ...
Linux build and workspace tests	Install Linux dependencies	2026-10-07T17:24:39.3003200Z Unpacking libfontconfig-dev:amd64 (2.15.0-1.1ubuntu2) ...
Linux build and workspace tests	Install Linux dependencies	2026-10-07T17:24:39.3391755Z Preparing to unpack .../030-libgl1-mesa-dri_25.2.8-0ubuntu0.24.04.4_amd64.deb ...
Linux build and workspace tests	Install Linux dependencies	2026-10-07T17:24:39.3546319Z Unpacking libgl1-mesa-dri:amd64 (25.2.8-0ubuntu0.24.04.4) over (25.2.8-0ubuntu0.24.04.2) ...
Linux build and workspace tests	Install Linux dependencies	2026-10-07T17:24:39.4044323Z Preparing to unpack .../031-libglx-mesa0_25.2.8-0ubuntu0.24.04.4_amd64.deb ...
Linux build and workspace tests	Install Linux dependencies	2026-10-07T17:24:39.4065533Z Unpacking libglx-mesa0:amd64 (25.2.8-0ubuntu0.24.04.4) over (25.2.8-0ubuntu0.24.04.2) ...
Linux build and workspace tests	Install Linux dependencies	2026-10-07T17:24:39.4436873Z Preparing to unpack .../032-libgbm1_25.2.8-0ubuntu0.24.04.4_amd64.deb ...
Linux build and workspace tests	Install Linux dependencies	2026-10-07T17:24:39.4455331Z Unpacking libgbm1:amd64 (25.2.8-0ubuntu0.24.04.4) over (25.2.8-0ubuntu0.24.04.2) ...
Linux build and workspace tests	Install Linux dependencies	2026-10-07T17:24:39.4833341Z Preparing to unpack .../033-mesa-libgallium_25.2.8-0ubuntu0.24.04.4_amd64.deb ...
Linux build and workspace tests	Install Linux dependencies	2026-10-07T17:24:39.4859003Z Unpacking mesa-libgallium:amd64 (25.2.8-0ubuntu0.24.04.4) over (25.2.8-0ubuntu0.24.04.2) ...
Linux build and workspace tests	Install Linux dependencies	2026-10-07T17:24:39.6705733Z Selecting previously unselected package libgirepository-2.0-0:amd64.
Linux build and workspace tests	Install Linux dependencies	2026-10-07T17:24:39.6844635Z Preparing to unpack .../034-libgirepository-2.0-0_2.80.0-6ubuntu3.9_amd64.deb ...
Linux build and workspace tests	Install Linux dependencies	2026-10-07T17:24:39.6853927Z Unpacking libgirepository-2.0-0:amd64 (2.80.0-6ubuntu3.9) ...
Linux build and workspace tests	Install Linux dependencies	2026-10-07T17:24:39.7076733Z Selecting previously unselected package libhttp-parser2.9:amd64.
Linux build and workspace tests	Install Linux dependencies	2026-10-07T17:24:39.7213660Z Preparing to unpack .../035-libhttp-parser2.9_2.9.4-6build1_amd64.deb ...
Linux build and workspace tests	Install Linux dependencies	2026-10-07T17:24:39.7220022Z Unpacking libhttp-parser2.9:amd64 (2.9.4-6build1) ...
Linux build and workspace tests	Install Linux dependencies	2026-10-07T17:24:39.7436114Z Selecting previously unselected package libgit2-1.7:amd64.
Linux build and workspace tests	Install Linux dependencies	2026-10-07T17:24:39.7574582Z Preparing to unpack .../036-libgit2-1.7_1.7.2+ds-1ubuntu3.2_amd64.deb ...
Linux build and workspace tests	Install Linux dependencies	2026-10-07T17:24:39.7581529Z Unpacking libgit2-1.7:amd64 (1.7.2+ds-1ubuntu3.2) ...
Linux build and workspace tests	Install Linux dependencies	2026-10-07T17:24:39.7839632Z Selecting previously unselected package libglib2.0-dev-bin.
Linux build and workspace tests	Install Linux dependencies	2026-10-07T17:24:39.7977096Z Preparing to unpack .../037-libglib2.0-dev-bin_2.80.0-6ubuntu3.9_amd64.deb ...
Linux build and workspace tests	Install Linux dependencies	2026-10-07T17:24:39.7983339Z Unpacking libglib2.0-dev-bin (2.80.0-6ubuntu3.9) ...
Linux build and workspace tests	Install Linux dependencies	2026-10-07T17:24:39.8273371Z Selecting previously unselected package libblkid-dev:amd64.
Linux build and workspace tests	Install Linux dependencies	2026-10-07T17:24:39.8413528Z Preparing to unpack .../038-libblkid-dev_2.39.3-9ubuntu6.6_amd64.deb ...
Linux build and workspace tests	Install Linux dependencies	2026-10-07T17:24:39.8421711Z Unpacking libblkid-dev:amd64 (2.39.3-9ubuntu6.6) ...
Linux build and workspace tests	Install Linux dependencies	2026-10-07T17:24:39.8670814Z Selecting previously unselected package libsepol-dev:amd64.
Linux build and workspace tests	Install Linux dependencies	2026-10-07T17:24:39.8805787Z Preparing to unpack .../039-libsepol-dev_3.5-2build1_amd64.deb ...
Linux build and workspace tests	Install Linux dependencies	2026-10-07T17:24:39.8813007Z Unpacking libsepol-dev:amd64 (3.5-2build1) ...
Linux build and workspace tests	Install Linux dependencies	2026-10-07T17:24:39.9127525Z Selecting previously unselected package libselinux1-dev:amd64.
Linux build and workspace tests	Install Linux dependencies	2026-10-07T17:24:39.9262301Z Preparing to unpack .../040-libselinux1-dev_3.5-2ubuntu2.1_amd64.deb ...
Linux build and workspace tests	Install Linux dependencies	2026-10-07T17:24:39.9268991Z Unpacking libselinux1-dev:amd64 (3.5-2ubuntu2.1) ...
Linux build and workspace tests	Install Linux dependencies	2026-10-07T17:24:39.9707284Z Selecting previously unselected package libmount-dev:amd64.
Linux build and workspace tests	Install Linux dependencies	2026-10-07T17:24:39.9844332Z Preparing to unpack .../041-libmount-dev_2.39.3-9ubuntu6.6_amd64.deb ...
Linux build and workspace tests	Install Linux dependencies	2026-10-07T17:24:39.9849263Z Unpacking libmount-dev:amd64 (2.39.3-9ubuntu6.6) ...
Linux build and workspace tests	Install Linux dependencies	2026-10-07T17:24:40.0051585Z Selecting previously unselected package libglib2.0-dev:amd64.
Linux build and workspace tests	Install Linux dependencies	2026-10-07T17:24:40.0189981Z Preparing to unpack .../042-libglib2.0-dev_2.80.0-6ubuntu3.9_amd64.deb ...
Linux build and workspace tests	Install Linux dependencies	2026-10-07T17:24:40.0195868Z Unpacking libglib2.0-dev:amd64 (2.80.0-6ubuntu3.9) ...
Linux build and workspace tests	Install Linux dependencies	2026-10-07T17:24:40.1188111Z Selecting previously unselected package libmp3lame0:amd64.
Linux build and workspace tests	Install Linux dependencies	2026-10-07T17:24:40.1326159Z Preparing to unpack .../043-libmp3lame0_3.100-6build1_amd64.deb ...
Linux build and workspace tests	Install Linux dependencies	2026-10-07T17:24:40.1334887Z Unpacking libmp3lame0:amd64 (3.100-6build1) ...
Linux build and workspace tests	Install Linux dependencies	2026-10-07T17:24:40.1554984Z Selecting previously unselected package libmpg123-0t64:amd64.
Linux build and workspace tests	Install Linux dependencies	2026-10-07T17:24:40.1691866Z Preparing to unpack .../044-libmpg123-0t64_1.32.5-1ubuntu1.1_amd64.deb ...
Linux build and workspace tests	Install Linux dependencies	2026-10-07T17:24:40.1698519Z Unpacking libmpg123-0t64:amd64 (1.32.5-1ubuntu1.1) ...
Linux build and workspace tests	Install Linux dependencies	2026-10-07T17:24:40.1921414Z Selecting previously unselected package libopus0:amd64.
Linux build and workspace tests	Install Linux dependencies	2026-10-07T17:24:40.2059558Z Preparing to unpack .../045-libopus0_1.4-1build1_amd64.deb ...
Linux build and workspace tests	Install Linux dependencies	2026-10-07T17:24:40.2066758Z Unpacking libopus0:amd64 (1.4-1build1) ...
Linux build and workspace tests	Install Linux dependencies	2026-10-07T17:24:40.2293100Z Selecting previously unselected package libwebrtc-audio-processing1:amd64.
Linux build and workspace tests	Install Linux dependencies	2026-10-07T17:24:40.2430094Z Preparing to unpack .../046-libwebrtc-audio-processing1_0.3.1-0ubuntu6_amd64.deb ...
Linux build and workspace tests	Install Linux dependencies	2026-10-07T17:24:40.2436780Z Unpacking libwebrtc-audio-processing1:amd64 (0.3.1-0ubuntu6) ...
Linux build and workspace tests	Install Linux dependencies	2026-10-07T17:24:40.2665074Z Selecting previously unselected package libspa-0.2-modules:amd64.
Linux build and workspace tests	Install Linux dependencies	2026-10-07T17:24:40.2802106Z Preparing to unpack .../047-libspa-0.2-modules_1.0.5-1ubuntu3.3_amd64.deb ...
Linux build and workspace tests	Install Linux dependencies	2026-10-07T17:24:40.2808975Z Unpacking libspa-0.2-modules:amd64 (1.0.5-1ubuntu3.3) ...
Linux build and workspace tests	Install Linux dependencies	2026-10-07T17:24:40.3124726Z Selecting previously unselected package libpipewire-0.3-0t64:amd64.
Linux build and workspace tests	Install Linux dependencies	2026-10-07T17:24:40.3262723Z Preparing to unpack .../048-libpipewire-0.3-0t64_1.0.5-1ubuntu3.3_amd64.deb ...
Linux build and workspace tests	Install Linux dependencies	2026-10-07T17:24:40.3269804Z Unpacking libpipewire-0.3-0t64:amd64 (1.0.5-1ubuntu3.3) ...
Linux build and workspace tests	Install Linux dependencies	2026-10-07T17:24:40.3512396Z Selecting previously unselected package libpipewire-0.3-common.
Linux build and workspace tests	Install Linux dependencies	2026-10-07T17:24:40.3651193Z Preparing to unpack .../049-libpipewire-0.3-common_1.0.5-1ubuntu3.3_all.deb ...
Linux build and workspace tests	Install Linux dependencies	2026-10-07T17:24:40.3657331Z Unpacking libpipewire-0.3-common (1.0.5-1ubuntu3.3) ...
Linux build and workspace tests	Install Linux dependencies	2026-10-07T17:24:40.3862986Z Selecting previously unselected package libvorbisenc2:amd64.
Linux build and workspace tests	Install Linux dependencies	2026-10-07T17:24:40.4000270Z Preparing to unpack .../050-libvorbisenc2_1.3.7-1build3_amd64.deb ...
Linux build and workspace tests	Install Linux dependencies	2026-10-07T17:24:40.4006252Z Unpacking libvorbisenc2:amd64 (1.3.7-1build3) ...
Linux build and workspace tests	Install Linux dependencies	2026-10-07T17:24:40.4252904Z Selecting previously unselected package libsndfile1:amd64.
Linux build and workspace tests	Install Linux dependencies	2026-10-07T17:24:40.4391450Z Preparing to unpack .../051-libsndfile1_1.2.2-1ubuntu5.24.04.1_amd64.deb ...
Linux build and workspace tests	Install Linux dependencies	2026-10-07T17:24:40.4398347Z Unpacking libsndfile1:amd64 (1.2.2-1ubuntu5.24.04.1) ...
Linux build and workspace tests	Install Linux dependencies	2026-10-07T17:24:40.4651576Z Selecting previously unselected package libpulse0:amd64.
Linux build and workspace tests	Install Linux dependencies	2026-10-07T17:24:40.4789219Z Preparing to unpack .../052-libpulse0_1%3a16.1+dfsg1-2ubuntu10.1_amd64.deb ...
Linux build and workspace tests	Install Linux dependencies	2026-10-07T17:24:40.4865056Z Unpacking libpulse0:amd64 (1:16.1+dfsg1-2ubuntu10.1) ...
Linux build and workspace tests	Install Linux dependencies	2026-10-07T17:24:40.5126274Z Selecting previously unselected package libspeexdsp1:amd64.
Linux build and workspace tests	Install Linux dependencies	2026-10-07T17:24:40.5263656Z Preparing to unpack .../053-libspeexdsp1_1.2.1-1ubuntu3_amd64.deb ...
Linux build and workspace tests	Install Linux dependencies	2026-10-07T17:24:40.5272338Z Unpacking libspeexdsp1:amd64 (1.2.1-1ubuntu3) ...
Linux build and workspace tests	Install Linux dependencies	2026-10-07T17:24:40.5492595Z Selecting previously unselected package libroc0.3:amd64.
Linux build and workspace tests	Install Linux dependencies	2026-10-07T17:24:40.5631621Z Preparing to unpack .../054-libroc0.3_0.3.0+dfsg-7ubuntu2_amd64.deb ...
Linux build and workspace tests	Install Linux dependencies	2026-10-07T17:24:40.5637920Z Unpacking libroc0.3:amd64 (0.3.0+dfsg-7ubuntu2) ...
Linux build and workspace tests	Install Linux dependencies	2026-10-07T17:24:40.5893937Z Selecting previously unselected package libsoup-3.0-common.
Linux build and workspace tests	Install Linux dependencies	2026-10-07T17:24:40.6031125Z Preparing to unpack .../055-libsoup-3.0-common_3.4.4-5ubuntu0.9_all.deb ...
Linux build and workspace tests	Install Linux dependencies	2026-10-07T17:24:40.6038060Z Unpacking libsoup-3.0-common (3.4.4-5ubuntu0.9) ...
Linux build and workspace tests	Install Linux dependencies	2026-10-07T17:24:40.6247908Z Selecting previously unselected package libsoup-3.0-0:amd64.
Linux build and workspace tests	Install Linux dependencies	2026-10-07T17:24:40.6384197Z Preparing to unpack .../056-libsoup-3.0-0_3.4.4-5ubuntu0.9_amd64.deb ...
Linux build and workspace tests	Install Linux dependencies	2026-10-07T17:24:40.6392383Z Unpacking libsoup-3.0-0:amd64 (3.4.4-5ubuntu0.9) ...
Linux build and workspace tests	Install Linux dependencies	2026-10-07T17:24:40.6642939Z Selecting previously unselected package libsnapd-glib-2-1:amd64.
Linux build and workspace tests	Install Linux dependencies	2026-10-07T17:24:40.6780600Z Preparing to unpack .../057-libsnapd-glib-2-1_1.64-0ubuntu5_amd64.deb ...
Linux build and workspace tests	Install Linux dependencies	2026-10-07T17:24:40.6788121Z Unpacking libsnapd-glib-2-1:amd64 (1.64-0ubuntu5) ...
Linux build and workspace tests	Install Linux dependencies	2026-10-07T17:24:40.7016747Z Selecting previously unselected package libpipewire-0.3-modules:amd64.
Linux build and workspace tests	Install Linux dependencies	2026-10-07T17:24:40.7155937Z Preparing to unpack .../058-libpipewire-0.3-modules_1.0.5-1ubuntu3.3_amd64.deb ...
Linux build and workspace tests	Install Linux dependencies	2026-10-07T17:24:40.7163375Z Unpacking libpipewire-0.3-modules:amd64 (1.0.5-1ubuntu3.3) ...
Linux build and workspace tests	Install Linux dependencies	2026-10-07T17:24:40.7644693Z Selecting previously unselected package libpng-tools.
Linux build and workspace tests	Install Linux dependencies	2026-10-07T17:24:40.7782578Z Preparing to unpack .../059-libpng-tools_1.6.43-5ubuntu0.6_amd64.deb ...
Linux build and workspace tests	Install Linux dependencies	2026-10-07T17:24:40.7789323Z Unpacking libpng-tools (1.6.43-5ubuntu0.6) ...
Linux build and workspace tests	Install Linux dependencies	2026-10-07T17:24:40.8000614Z Selecting previously unselected package libpthread-stubs0-dev:amd64.
Linux build and workspace tests	Install Linux dependencies	2026-10-07T17:24:40.8139607Z Preparing to unpack .../060-libpthread-stubs0-dev_0.4-1build3_amd64.deb ...
Linux build and workspace tests	Install Linux dependencies	2026-10-07T17:24:40.8147024Z Unpacking libpthread-stubs0-dev:amd64 (0.4-1build3) ...
Linux build and workspace tests	Install Linux dependencies	2026-10-07T17:24:40.8353440Z Selecting previously unselected package libssh2-1-dev:amd64.
Linux build and workspace tests	Install Linux dependencies	2026-10-07T17:24:40.8492852Z Preparing to unpack .../061-libssh2-1-dev_1.11.0-4.1ubuntu0.24.04.4_amd64.deb ...
Linux build and workspace tests	Install Linux dependencies	2026-10-07T17:24:40.8499929Z Unpacking libssh2-1-dev:amd64 (1.11.0-4.1ubuntu0.24.04.4) ...
Linux build and workspace tests	Install Linux dependencies	2026-10-07T17:24:40.9013785Z Selecting previously unselected package libva-drm2:amd64.
Linux build and workspace tests	Install Linux dependencies	2026-10-07T17:24:40.9153515Z Preparing to unpack .../062-libva-drm2_2.20.0-2ubuntu0.2_amd64.deb ...
Linux build and workspace tests	Install Linux dependencies	2026-10-07T17:24:40.9160716Z Unpacking libva-drm2:amd64 (2.20.0-2ubuntu0.2) ...
Linux build and workspace tests	Install Linux dependencies	2026-10-07T17:24:40.9376618Z Selecting previously unselected package libva-x11-2:amd64.
Linux build and workspace tests	Install Linux dependencies	2026-10-07T17:24:40.9516661Z Preparing to unpack .../063-libva-x11-2_2.20.0-2ubuntu0.2_amd64.deb ...
Linux build and workspace tests	Install Linux dependencies	2026-10-07T17:24:40.9524407Z Unpacking libva-x11-2:amd64 (2.20.0-2ubuntu0.2) ...
Linux build and workspace tests	Install Linux dependencies	2026-10-07T17:24:40.9738776Z Selecting previously unselected package libva-glx2:amd64.
Linux build and workspace tests	Install Linux dependencies	2026-10-07T17:24:40.9875824Z Preparing to unpack .../064-libva-glx2_2.20.0-2ubuntu0.2_amd64.deb ...
Linux build and workspace tests	Install Linux dependencies	2026-10-07T17:24:40.9883351Z Unpacking libva-glx2:amd64 (2.20.0-2ubuntu0.2) ...
Linux build and workspace tests	Install Linux dependencies	2026-10-07T17:24:41.0103098Z Selecting previously unselected package libva-wayland2:amd64.
Linux build and workspace tests	Install Linux dependencies	2026-10-07T17:24:41.0240152Z Preparing to unpack .../065-libva-wayland2_2.20.0-2ubuntu0.2_amd64.deb ...
Linux build and workspace tests	Install Linux dependencies	2026-10-07T17:24:41.0248362Z Unpacking libva-wayland2:amd64 (2.20.0-2ubuntu0.2) ...
Linux build and workspace tests	Install Linux dependencies	2026-10-07T17:24:41.0461851Z Selecting previously unselected package libwayland-server0:amd64.
Linux build and workspace tests	Install Linux dependencies	2026-10-07T17:24:41.0601156Z Preparing to unpack .../066-libwayland-server0_1.22.0-2.1build1_amd64.deb ...
Linux build and workspace tests	Install Linux dependencies	2026-10-07T17:24:41.0607814Z Unpacking libwayland-server0:amd64 (1.22.0-2.1build1) ...
Linux build and workspace tests	Install Linux dependencies	2026-10-07T17:24:41.0823067Z Selecting previously unselected package libwayland-bin.
Linux build and workspace tests	Install Linux dependencies	2026-10-07T17:24:41.0962103Z Preparing to unpack .../067-libwayland-bin_1.22.0-2.1build1_amd64.deb ...
Linux build and workspace tests	Install Linux dependencies	2026-10-07T17:24:41.0969106Z Unpacking libwayland-bin (1.22.0-2.1build1) ...
Linux build and workspace tests	Install Linux dependencies	2026-10-07T17:24:41.1188157Z Selecting previously unselected package libwayland-dev:amd64.
Linux build and workspace tests	Install Linux dependencies	2026-10-07T17:24:41.1326612Z Preparing to unpack .../068-libwayland-dev_1.22.0-2.1build1_amd64.deb ...
Linux build and workspace tests	Install Linux dependencies	2026-10-07T17:24:41.1332586Z Unpacking libwayland-dev:amd64 (1.22.0-2.1build1) ...
Linux build and workspace tests	Install Linux dependencies	2026-10-07T17:24:41.1586512Z Selecting previously unselected package libset-scalar-perl.
Linux build and workspace tests	Install Linux dependencies	2026-10-07T17:24:41.1723501Z Preparing to unpack .../069-libset-scalar-perl_1.29-3_all.deb ...
Linux build and workspace tests	Install Linux dependencies	2026-10-07T17:24:41.1730189Z Unpacking libset-scalar-perl (1.29-3) ...
Linux build and workspace tests	Install Linux dependencies	2026-10-07T17:24:41.1986015Z Selecting previously unselected package libva-dev:amd64.
Linux build and workspace tests	Install Linux dependencies	2026-10-07T17:24:41.2125734Z Preparing to unpack .../070-libva-dev_2.20.0-2ubuntu0.2_amd64.deb ...
Linux build and workspace tests	Install Linux dependencies	2026-10-07T17:24:41.2131748Z Unpacking libva-dev:amd64 (2.20.0-2ubuntu0.2) ...
Linux build and workspace tests	Install Linux dependencies	2026-10-07T17:24:41.2474288Z Selecting previously unselected package libwireplumber-0.4-0:amd64.
Linux build and workspace tests	Install Linux dependencies	2026-10-07T17:24:41.2613970Z Preparing to unpack .../071-libwireplumber-0.4-0_0.4.17-1ubuntu4.1_amd64.deb ...
Linux build and workspace tests	Install Linux dependencies	2026-10-07T17:24:41.2621359Z Unpacking libwireplumber-0.4-0:amd64 (0.4.17-1ubuntu4.1) ...
Linux build and workspace tests	Install Linux dependencies	2026-10-07T17:24:41.2890892Z Selecting previously unselected package xorg-sgml-doctools.
Linux build and workspace tests	Install Linux dependencies	2026-10-07T17:24:41.3029854Z Preparing to unpack .../072-xorg-sgml-doctools_1%3a1.11-1.1_all.deb ...
Linux build and workspace tests	Install Linux dependencies	2026-10-07T17:24:41.3037211Z Unpacking xorg-sgml-doctools (1:1.11-1.1) ...
Linux build and workspace tests	Install Linux dependencies	2026-10-07T17:24:41.3282937Z Selecting previously unselected package x11proto-dev.
Linux build and workspace tests	Install Linux dependencies	2026-10-07T17:24:41.3422785Z Preparing to unpack .../073-x11proto-dev_2023.2-1_all.deb ...
Linux build and workspace tests	Install Linux dependencies	2026-10-07T17:24:41.3429566Z Unpacking x11proto-dev (2023.2-1) ...
Linux build and workspace tests	Install Linux dependencies	2026-10-07T17:24:41.3941798Z Selecting previously unselected package libxau-dev:amd64.
Linux build and workspace tests	Install Linux dependencies	2026-10-07T17:24:41.4081205Z Preparing to unpack .../074-libxau-dev_1%3a1.0.9-1build6_amd64.deb ...
Linux build and workspace tests	Install Linux dependencies	2026-10-07T17:24:41.4087815Z Unpacking libxau-dev:amd64 (1:1.0.9-1build6) ...
Linux build and workspace tests	Install Linux dependencies	2026-10-07T17:24:41.4549897Z Selecting previously unselected package libxdmcp-dev:amd64.
Linux build and workspace tests	Install Linux dependencies	2026-10-07T17:24:41.4690099Z Preparing to unpack .../075-libxdmcp-dev_1%3a1.1.3-0ubuntu6_amd64.deb ...
Linux build and workspace tests	Install Linux dependencies	2026-10-07T17:24:41.4697224Z Unpacking libxdmcp-dev:amd64 (1:1.1.3-0ubuntu6) ...
Linux build and workspace tests	Install Linux dependencies	2026-10-07T17:24:41.4906979Z Selecting previously unselected package xtrans-dev.
Linux build and workspace tests	Install Linux dependencies	2026-10-07T17:24:41.5046531Z Preparing to unpack .../076-xtrans-dev_1.4.0-1_all.deb ...
Linux build and workspace tests	Install Linux dependencies	2026-10-07T17:24:41.5052396Z Unpacking xtrans-dev (1.4.0-1) ...
Linux build and workspace tests	Install Linux dependencies	2026-10-07T17:24:41.5310836Z Selecting previously unselected package libxcb1-dev:amd64.
Linux build and workspace tests	Install Linux dependencies	2026-10-07T17:24:41.5449465Z Preparing to unpack .../077-libxcb1-dev_1.15-1ubuntu2_amd64.deb ...
Linux build and workspace tests	Install Linux dependencies	2026-10-07T17:24:41.5455671Z Unpacking libxcb1-dev:amd64 (1.15-1ubuntu2) ...
Linux build and workspace tests	Install Linux dependencies	2026-10-07T17:24:41.5693476Z Selecting previously unselected package libx11-dev:amd64.
Linux build and workspace tests	Install Linux dependencies	2026-10-07T17:24:41.5831050Z Preparing to unpack .../078-libx11-dev_2%3a1.8.7-1build1_amd64.deb ...
Linux build and workspace tests	Install Linux dependencies	2026-10-07T17:24:41.5838606Z Unpacking libx11-dev:amd64 (2:1.8.7-1build1) ...
Linux build and workspace tests	Install Linux dependencies	2026-10-07T17:24:41.6160229Z Selecting previously unselected package libx11-xcb-dev:amd64.
Linux build and workspace tests	Install Linux dependencies	2026-10-07T17:24:41.6301367Z Preparing to unpack .../079-libx11-xcb-dev_2%3a1.8.7-1build1_amd64.deb ...
Linux build and workspace tests	Install Linux dependencies	2026-10-07T17:24:41.6307304Z Unpacking libx11-xcb-dev:amd64 (2:1.8.7-1build1) ...
Linux build and workspace tests	Install Linux dependencies	2026-10-07T17:24:41.6539527Z Selecting previously unselected package libxcb-xkb1:amd64.
Linux build and workspace tests	Install Linux dependencies	2026-10-07T17:24:41.6679552Z Preparing to unpack .../080-libxcb-xkb1_1.15-1ubuntu2_amd64.deb ...
Linux build and workspace tests	Install Linux dependencies	2026-10-07T17:24:41.6686231Z Unpacking libxcb-xkb1:amd64 (1.15-1ubuntu2) ...
Linux build and workspace tests	Install Linux dependencies	2026-10-07T17:24:41.6898930Z Selecting previously unselected package libxcb-xkb-dev:amd64.
Linux build and workspace tests	Install Linux dependencies	2026-10-07T17:24:41.7039163Z Preparing to unpack .../081-libxcb-xkb-dev_1.15-1ubuntu2_amd64.deb ...
Linux build and workspace tests	Install Linux dependencies	2026-10-07T17:24:41.7045590Z Unpacking libxcb-xkb-dev:amd64 (1.15-1ubuntu2) ...
Linux build and workspace tests	Install Linux dependencies	2026-10-07T17:24:41.7282272Z Selecting previously unselected package libxkbcommon-dev:amd64.
Linux build and workspace tests	Install Linux dependencies	2026-10-07T17:24:41.7422380Z Preparing to unpack .../082-libxkbcommon-dev_1.6.0-1build1_amd64.deb ...
Linux build and workspace tests	Install Linux dependencies	2026-10-07T17:24:41.7428045Z Unpacking libxkbcommon-dev:amd64 (1.6.0-1build1) ...
Linux build and workspace tests	Install Linux dependencies	2026-10-07T17:24:41.7691310Z Selecting previously unselected package libxkbcommon-x11-0:amd64.
Linux build and workspace tests	Install Linux dependencies	2026-10-07T17:24:41.7831819Z Preparing to unpack .../083-libxkbcommon-x11-0_1.6.0-1build1_amd64.deb ...
Linux build and workspace tests	Install Linux dependencies	2026-10-07T17:24:41.7838796Z Unpacking libxkbcommon-x11-0:amd64 (1.6.0-1build1) ...
Linux build and workspace tests	Install Linux dependencies	2026-10-07T17:24:41.8053664Z Selecting previously unselected package lld:amd64.
Linux build and workspace tests	Install Linux dependencies	2026-10-07T17:24:41.8193178Z Preparing to unpack .../084-lld_1%3a18.0-59~exp2_amd64.deb ...
Linux build and workspace tests	Install Linux dependencies	2026-10-07T17:24:41.8200675Z Unpacking lld:amd64 (1:18.0-59~exp2) ...
Linux build and workspace tests	Install Linux dependencies	2026-10-07T17:24:41.8409160Z Selecting previously unselected package llvm-runtime:amd64.
Linux build and workspace tests	Install Linux dependencies	2026-10-07T17:24:41.8547840Z Preparing to unpack .../085-llvm-runtime_1%3a18.0-59~exp2_amd64.deb ...
Linux build and workspace tests	Install Linux dependencies	2026-10-07T17:24:41.8553315Z Unpacking llvm-runtime:amd64 (1:18.0-59~exp2) ...
Linux build and workspace tests	Install Linux dependencies	2026-10-07T17:24:41.8769613Z Selecting previously unselected package llvm.
Linux build and workspace tests	Install Linux dependencies	2026-10-07T17:24:41.8908993Z Preparing to unpack .../086-llvm_1%3a18.0-59~exp2_amd64.deb ...
Linux build and workspace tests	Install Linux dependencies	2026-10-07T17:24:41.8945132Z Unpacking llvm (1:18.0-59~exp2) ...
Linux build and workspace tests	Install Linux dependencies	2026-10-07T17:24:41.9243064Z Selecting previously unselected package mesa-va-drivers:amd64.
Linux build and workspace tests	Install Linux dependencies	2026-10-07T17:24:41.9382772Z Preparing to unpack .../087-mesa-va-drivers_25.2.8-0ubuntu0.24.04.4_amd64.deb ...
Linux build and workspace tests	Install Linux dependencies	2026-10-07T17:24:41.9389294Z Unpacking mesa-va-drivers:amd64 (25.2.8-0ubuntu0.24.04.4) ...
Linux build and workspace tests	Install Linux dependencies	2026-10-07T17:24:41.9608930Z Selecting previously unselected package pipewire-bin.
Linux build and workspace tests	Install Linux dependencies	2026-10-07T17:24:41.9748411Z Preparing to unpack .../088-pipewire-bin_1.0.5-1ubuntu3.3_amd64.deb ...
Linux build and workspace tests	Install Linux dependencies	2026-10-07T17:24:42.0274676Z Unpacking pipewire-bin (1.0.5-1ubuntu3.3) ...
Linux build and workspace tests	Install Linux dependencies	2026-10-07T17:24:42.0782222Z Selecting previously unselected package pipewire:amd64.
Linux build and workspace tests	Install Linux dependencies	2026-10-07T17:24:42.0923958Z Preparing to unpack .../089-pipewire_1.0.5-1ubuntu3.3_amd64.deb ...
Linux build and workspace tests	Install Linux dependencies	2026-10-07T17:24:42.0930206Z Unpacking pipewire:amd64 (1.0.5-1ubuntu3.3) ...
Linux build and workspace tests	Install Linux dependencies	2026-10-07T17:24:42.1152922Z Selecting previously unselected package pipewire-pulse.
Linux build and workspace tests	Install Linux dependencies	2026-10-07T17:24:42.1292593Z Preparing to unpack .../090-pipewire-pulse_1.0.5-1ubuntu3.3_amd64.deb ...
Linux build and workspace tests	Install Linux dependencies	2026-10-07T17:24:42.1299297Z Unpacking pipewire-pulse (1.0.5-1ubuntu3.3) ...
Linux build and workspace tests	Install Linux dependencies	2026-10-07T17:24:42.1520570Z Selecting previously unselected package rtkit.
Linux build and workspace tests	Install Linux dependencies	2026-10-07T17:24:42.1661734Z Preparing to unpack .../091-rtkit_0.13-5build1_amd64.deb ...
Linux build and workspace tests	Install Linux dependencies	2026-10-07T17:24:42.1737711Z Unpacking rtkit (0.13-5build1) ...
Linux build and workspace tests	Install Linux dependencies	2026-10-07T17:24:42.2008728Z Selecting previously unselected package i965-va-driver:amd64.
Linux build and workspace tests	Install Linux dependencies	2026-10-07T17:24:42.2149491Z Preparing to unpack .../092-i965-va-driver_2.4.1+dfsg1-1ubuntu0.2_amd64.deb ...
Linux build and workspace tests	Install Linux dependencies	2026-10-07T17:24:42.2157268Z Unpacking i965-va-driver:amd64 (2.4.1+dfsg1-1ubuntu0.2) ...
Linux build and workspace tests	Install Linux dependencies	2026-10-07T17:24:42.2434965Z Selecting previously unselected package va-driver-all:amd64.
Linux build and workspace tests	Install Linux dependencies	2026-10-07T17:24:42.2577294Z Preparing to unpack .../093-va-driver-all_2.20.0-2ubuntu0.2_amd64.deb ...
Linux build and workspace tests	Install Linux dependencies	2026-10-07T17:24:42.2583835Z Unpacking va-driver-all:amd64 (2.20.0-2ubuntu0.2) ...
Linux build and workspace tests	Install Linux dependencies	2026-10-07T17:24:42.2808821Z Selecting previously unselected package wireplumber.
Linux build and workspace tests	Install Linux dependencies	2026-10-07T17:24:42.2951164Z Preparing to unpack .../094-wireplumber_0.4.17-1ubuntu4.1_amd64.deb ...
Linux build and workspace tests	Install Linux dependencies	2026-10-07T17:24:42.3758295Z Unpacking wireplumber (0.4.17-1ubuntu4.1) ...
Linux build and workspace tests	Install Linux dependencies	2026-10-07T17:24:42.4087142Z Selecting previously unselected package xdg-desktop-portal.
Linux build and workspace tests	Install Linux dependencies	2026-10-07T17:24:42.4231308Z Preparing to unpack .../095-xdg-desktop-portal_1.18.4-1ubuntu2.24.04.3_amd64.deb ...
Linux build and workspace tests	Install Linux dependencies	2026-10-07T17:24:42.4237869Z Unpacking xdg-desktop-portal (1.18.4-1ubuntu2.24.04.3) ...
Linux build and workspace tests	Install Linux dependencies	2026-10-07T17:24:42.4528197Z Selecting previously unselected package libhttp-parser-dev:amd64.
Linux build and workspace tests	Install Linux dependencies	2026-10-07T17:24:42.4669008Z Preparing to unpack .../096-libhttp-parser-dev_2.9.4-6build1_amd64.deb ...
Linux build and workspace tests	Install Linux dependencies	2026-10-07T17:24:42.4676108Z Unpacking libhttp-parser-dev:amd64 (2.9.4-6build1) ...
Linux build and workspace tests	Install Linux dependencies	2026-10-07T17:24:42.4914059Z Selecting previously unselected package libgit2-dev:amd64.
Linux build and workspace tests	Install Linux dependencies	2026-10-07T17:24:42.5081261Z Preparing to unpack .../097-libgit2-dev_1.7.2+ds-1ubuntu3.2_amd64.deb ...
Linux build and workspace tests	Install Linux dependencies	2026-10-07T17:24:42.5094801Z Unpacking libgit2-dev:amd64 (1.7.2+ds-1ubuntu3.2) ...
Linux build and workspace tests	Install Linux dependencies	2026-10-07T17:24:42.5721047Z Selecting previously unselected package libxkbcommon-x11-dev:amd64.
Linux build and workspace tests	Install Linux dependencies	2026-10-07T17:24:42.5872887Z Preparing to unpack .../098-libxkbcommon-x11-dev_1.6.0-1build1_amd64.deb ...
Linux build and workspace tests	Install Linux dependencies	2026-10-07T17:24:42.5881196Z Unpacking libxkbcommon-x11-dev:amd64 (1.6.0-1build1) ...
Linux build and workspace tests	Install Linux dependencies	2026-10-07T17:24:42.6146205Z Selecting previously unselected package musl:amd64.
Linux build and workspace tests	Install Linux dependencies	2026-10-07T17:24:42.6299125Z Preparing to unpack .../099-musl_1.2.4-2_amd64.deb ...
Linux build and workspace tests	Install Linux dependencies	2026-10-07T17:24:42.6306173Z Unpacking musl:amd64 (1.2.4-2) ...
Linux build and workspace tests	Install Linux dependencies	2026-10-07T17:24:42.6598379Z Selecting previously unselected package musl-dev:amd64.
Linux build and workspace tests	Install Linux dependencies	2026-10-07T17:24:42.6738797Z Preparing to unpack .../100-musl-dev_1.2.4-2_amd64.deb ...
Linux build and workspace tests	Install Linux dependencies	2026-10-07T17:24:42.6745882Z Unpacking musl-dev:amd64 (1.2.4-2) ...
Linux build and workspace tests	Install Linux dependencies	2026-10-07T17:24:42.7379886Z Selecting previously unselected package musl-tools.
Linux build and workspace tests	Install Linux dependencies	2026-10-07T17:24:42.7522131Z Preparing to unpack .../101-musl-tools_1.2.4-2_amd64.deb ...
Linux build and workspace tests	Install Linux dependencies	2026-10-07T17:24:42.7528557Z Unpacking musl-tools (1.2.4-2) ...
Linux build and workspace tests	Install Linux dependencies	2026-10-07T17:24:42.8015476Z Setting up libpipewire-0.3-common (1.0.5-1ubuntu3.3) ...
Linux build and workspace tests	Install Linux dependencies	2026-10-07T17:24:42.8034809Z Setting up bubblewrap (0.9.0-1ubuntu0.3) ...
Linux build and workspace tests	Install Linux dependencies	2026-10-07T17:24:42.8077679Z Setting up libglib2.0-dev-bin (2.80.0-6ubuntu3.9) ...
Linux build and workspace tests	Install Linux dependencies	2026-10-07T17:24:42.9567751Z Setting up bzip2-doc (1.0.8-5.1ubuntu0.1) ...
Linux build and workspace tests	Install Linux dependencies	2026-10-07T17:24:42.9583745Z Setting up libwayland-server0:amd64 (1.22.0-2.1build1) ...
Linux build and workspace tests	Install Linux dependencies	2026-10-07T17:24:42.9598668Z Setting up mesa-libgallium:amd64 (25.2.8-0ubuntu0.24.04.4) ...
Linux build and workspace tests	Install Linux dependencies	2026-10-07T17:24:42.9612960Z Setting up session-migration (0.3.9build1) ...
Linux build and workspace tests	Install Linux dependencies	2026-10-07T17:24:43.0726744Z Created symlink /etc/systemd/user/graphical-session-pre.target.wants/session-migration.service → /usr/lib/systemd/user/session-migration.service.
Linux build and workspace tests	Install Linux dependencies	2026-10-07T17:24:43.0727754Z 
Linux build and workspace tests	Install Linux dependencies	2026-10-07T17:24:43.0759278Z Setting up rtkit (0.13-5build1) ...
Linux build and workspace tests	Install Linux dependencies	2026-10-07T17:24:43.3128929Z Setting up libproxy1v5:amd64 (0.5.4-4build1) ...
Linux build and workspace tests	Install Linux dependencies	2026-10-07T17:24:43.3143934Z Setting up libgbm1:amd64 (25.2.8-0ubuntu0.24.04.4) ...
Linux build and workspace tests	Install Linux dependencies	2026-10-07T17:24:43.3157886Z Setting up libpng-tools (1.6.43-5ubuntu0.6) ...
Linux build and workspace tests	Install Linux dependencies	2026-10-07T17:24:43.3176075Z Setting up libgirepository-2.0-0:amd64 (2.80.0-6ubuntu3.9) ...
Linux build and workspace tests	Install Linux dependencies	2026-10-07T17:24:43.3192818Z Setting up lld:amd64 (1:18.0-59~exp2) ...
Linux build and workspace tests	Install Linux dependencies	2026-10-07T17:24:43.3206426Z Setting up libxkbcommon-dev:amd64 (1.6.0-1build1) ...
Linux build and workspace tests	Install Linux dependencies	2026-10-07T17:24:43.3219690Z Setting up libgl1-mesa-dri:amd64 (25.2.8-0ubuntu0.24.04.4) ...
Linux build and workspace tests	Install Linux dependencies	2026-10-07T17:24:43.3298466Z Setting up libpng-dev:amd64 (1.6.43-5ubuntu0.6) ...
Linux build and workspace tests	Install Linux dependencies	2026-10-07T17:24:43.3313609Z Setting up libwebrtc-audio-processing1:amd64 (0.3.1-0ubuntu6) ...
Linux build and workspace tests	Install Linux dependencies	2026-10-07T17:24:43.3331010Z Setting up libigdgmm12:amd64 (22.3.17+ds1-1ubuntu1) ...
Linux build and workspace tests	Install Linux dependencies	2026-10-07T17:24:43.3348467Z Setting up libsoup-3.0-common (3.4.4-5ubuntu0.9) ...
Linux build and workspace tests	Install Linux dependencies	2026-10-07T17:24:43.3363844Z Setting up libmpg123-0t64:amd64 (1.32.5-1ubuntu1.1) ...
Linux build and workspace tests	Install Linux dependencies	2026-10-07T17:24:43.3380156Z Setting up libpthread-stubs0-dev:amd64 (0.4-1build3) ...
Linux build and workspace tests	Install Linux dependencies	2026-10-07T17:24:43.3396124Z Setting up libxcb-xkb1:amd64 (1.15-1ubuntu2) ...
Linux build and workspace tests	Install Linux dependencies	2026-10-07T17:24:43.3411002Z Setting up xtrans-dev (1.4.0-1) ...
Linux build and workspace tests	Install Linux dependencies	2026-10-07T17:24:43.3430407Z Setting up libwayland-bin (1.22.0-2.1build1) ...
Linux build and workspace tests	Install Linux dependencies	2026-10-07T17:24:43.3445035Z Setting up libva2:amd64 (2.20.0-2ubuntu0.2) ...
Linux build and workspace tests	Install Linux dependencies	2026-10-07T17:24:43.3461731Z Setting up libfreetype6:amd64 (2.13.2+dfsg-1ubuntu0.2) ...
Linux build and workspace tests	Install Linux dependencies	2026-10-07T17:24:43.3475800Z Setting up libspa-0.2-modules:amd64 (1.0.5-1ubuntu3.3) ...
Linux build and workspace tests	Install Linux dependencies	2026-10-07T17:24:43.3491544Z Setting up uuid-dev:amd64 (2.39.3-9ubuntu6.6) ...
Linux build and workspace tests	Install Linux dependencies	2026-10-07T17:24:43.3506821Z Setting up clang (1:18.0-59~exp2) ...
Linux build and workspace tests	Install Linux dependencies	2026-10-07T17:24:43.3725420Z Setting up llvm-runtime:amd64 (1:18.0-59~exp2) ...
Linux build and workspace tests	Install Linux dependencies	2026-10-07T17:24:43.3739740Z Setting up libasm1t64:amd64 (0.190-1.1ubuntu0.1) ...
Linux build and workspace tests	Install Linux dependencies	2026-10-07T17:24:43.3758368Z Setting up libopus0:amd64 (1.4-1build1) ...
Linux build and workspace tests	Install Linux dependencies	2026-10-07T17:24:43.3774759Z Setting up libxkbcommon-x11-0:amd64 (1.6.0-1build1) ...
Linux build and workspace tests	Install Linux dependencies	2026-10-07T17:24:43.3791372Z Setting up intel-media-va-driver:amd64 (24.1.0+dfsg1-1ubuntu0.2) ...
Linux build and workspace tests	Install Linux dependencies	2026-10-07T17:24:43.3810842Z Setting up libssl-dev:amd64 (3.0.13-0ubuntu3.16) ...
Linux build and workspace tests	Install Linux dependencies	2026-10-07T17:24:43.3827029Z Setting up libjsoncpp25:amd64 (1.9.5-6build1) ...
Linux build and workspace tests	Install Linux dependencies	2026-10-07T17:24:43.3845681Z Setting up llvm (1:18.0-59~exp2) ...
Linux build and workspace tests	Install Linux dependencies	2026-10-07T17:24:43.3860929Z Setting up libsepol-dev:amd64 (3.5-2build1) ...
Linux build and workspace tests	Install Linux dependencies	2026-10-07T17:24:43.3878016Z Setting up libssh2-1-dev:amd64 (1.11.0-4.1ubuntu0.24.04.4) ...
Linux build and workspace tests	Install Linux dependencies	2026-10-07T17:24:43.3893069Z Setting up libset-scalar-perl (1.29-3) ...
Linux build and workspace tests	Install Linux dependencies	2026-10-07T17:24:43.3909150Z Setting up libva-wayland2:amd64 (2.20.0-2ubuntu0.2) ...
Linux build and workspace tests	Install Linux dependencies	2026-10-07T17:24:43.3925221Z Setting up musl:amd64 (1.2.4-2) ...
Linux build and workspace tests	Install Linux dependencies	2026-10-07T17:24:43.3951472Z Setting up libva-drm2:amd64 (2.20.0-2ubuntu0.2) ...
Linux build and workspace tests	Install Linux dependencies	2026-10-07T17:24:43.3970105Z Setting up libasyncns0:amd64 (0.8-6build4) ...
Linux build and workspace tests	Install Linux dependencies	2026-10-07T17:24:43.3985873Z Setting up librhash0:amd64 (1.4.3-3build1) ...
Linux build and workspace tests	Install Linux dependencies	2026-10-07T17:24:43.4003341Z Setting up libspeexdsp1:amd64 (1.2.1-1ubuntu3) ...
Linux build and workspace tests	Install Linux dependencies	2026-10-07T17:24:43.4018744Z Setting up build-essential (12.10ubuntu1) ...
Linux build and workspace tests	Install Linux dependencies	2026-10-07T17:24:43.4034193Z Setting up xorg-sgml-doctools (1:1.11-1.1) ...
Linux build and workspace tests	Install Linux dependencies	2026-10-07T17:24:43.4049777Z Setting up cmake-data (3.28.3-1build7) ...
Linux build and workspace tests	Install Linux dependencies	2026-10-07T17:24:43.4115090Z Setting up libflac12t64:amd64 (1.4.3+ds-2.1ubuntu2) ...
Linux build and workspace tests	Install Linux dependencies	2026-10-07T17:24:43.4139872Z Setting up mesa-va-drivers:amd64 (25.2.8-0ubuntu0.24.04.4) ...
Linux build and workspace tests	Install Linux dependencies	2026-10-07T17:24:43.4156604Z Setting up glib-networking-common (2.80.0-1build1) ...
Linux build and workspace tests	Install Linux dependencies	2026-10-07T17:24:43.4173197Z Setting up libasound2-dev:amd64 (1.2.11-1ubuntu0.3) ...
Linux build and workspace tests	Install Linux dependencies	2026-10-07T17:24:43.4190401Z Setting up libva-x11-2:amd64 (2.20.0-2ubuntu0.2) ...
Linux build and workspace tests	Install Linux dependencies	2026-10-07T17:24:43.4205895Z Setting up openssl (3.0.13-0ubuntu3.16) ...
Linux build and workspace tests	Install Linux dependencies	2026-10-07T17:24:43.4240666Z Setting up libva-glx2:amd64 (2.20.0-2ubuntu0.2) ...
Linux build and workspace tests	Install Linux dependencies	2026-10-07T17:24:43.4258183Z Setting up libpipewire-0.3-0t64:amd64 (1.0.5-1ubuntu3.3) ...
Linux build and workspace tests	Install Linux dependencies	2026-10-07T17:24:43.4272947Z Setting up libbrotli-dev:amd64 (1.1.0-2build2) ...
Linux build and workspace tests	Install Linux dependencies	2026-10-07T17:24:43.4291090Z Setting up libmp3lame0:amd64 (3.100-6build1) ...
Linux build and workspace tests	Install Linux dependencies	2026-10-07T17:24:43.4312885Z Setting up i965-va-driver:amd64 (2.4.1+dfsg1-1ubuntu0.2) ...
Linux build and workspace tests	Install Linux dependencies	2026-10-07T17:24:43.4327348Z Setting up libhttp-parser2.9:amd64 (2.9.4-6build1) ...
Linux build and workspace tests	Install Linux dependencies	2026-10-07T17:24:43.4344154Z Setting up libvorbisenc2:amd64 (1.3.7-1build3) ...
Linux build and workspace tests	Install Linux dependencies	2026-10-07T17:24:43.4358504Z Setting up libbz2-dev:amd64 (1.0.8-5.1ubuntu0.1) ...
Linux build and workspace tests	Install Linux dependencies	2026-10-07T17:24:43.4375064Z Setting up gsettings-desktop-schemas (46.1-0ubuntu1) ...
Linux build and workspace tests	Install Linux dependencies	2026-10-07T17:24:43.4389232Z Setting up glib-networking-services (2.80.0-1build1) ...
Linux build and workspace tests	Install Linux dependencies	2026-10-07T17:24:43.4405110Z Setting up libblkid-dev:amd64 (2.39.3-9ubuntu6.6) ...
Linux build and workspace tests	Install Linux dependencies	2026-10-07T17:24:43.4421156Z Setting up libhttp-parser-dev:amd64 (2.9.4-6build1) ...
Linux build and workspace tests	Install Linux dependencies	2026-10-07T17:24:43.4436712Z Setting up elfutils (0.190-1.1ubuntu0.1) ...
Linux build and workspace tests	Install Linux dependencies	2026-10-07T17:24:43.4455513Z Setting up libglx-mesa0:amd64 (25.2.8-0ubuntu0.24.04.4) ...
Linux build and workspace tests	Install Linux dependencies	2026-10-07T17:24:43.4471028Z Setting up xdg-desktop-portal (1.18.4-1ubuntu2.24.04.3) ...
Linux build and workspace tests	Install Linux dependencies	2026-10-07T17:24:43.5519216Z Created symlink /etc/systemd/user/graphical-session-pre.target.wants/xdg-desktop-portal-rewrite-launchers.service → /usr/lib/systemd/user/xdg-desktop-portal-rewrite-launchers.service.
Linux build and workspace tests	Install Linux dependencies	2026-10-07T17:24:43.5551089Z 
Linux build and workspace tests	Install Linux dependencies	2026-10-07T17:24:43.5551448Z Setting up libwireplumber-0.4-0:amd64 (0.4.17-1ubuntu4.1) ...
Linux build and workspace tests	Install Linux dependencies	2026-10-07T17:24:43.5567320Z Setting up libselinux1-dev:amd64 (3.5-2ubuntu2.1) ...
Linux build and workspace tests	Install Linux dependencies	2026-10-07T17:24:43.5586305Z Setting up libroc0.3:amd64 (0.3.0+dfsg-7ubuntu2) ...
Linux build and workspace tests	Install Linux dependencies	2026-10-07T17:24:43.5602422Z Setting up libwayland-dev:amd64 (1.22.0-2.1build1) ...
Linux build and workspace tests	Install Linux dependencies	2026-10-07T17:24:43.5618376Z Setting up libfreetype-dev:amd64 (2.13.2+dfsg-1ubuntu0.2) ...
Linux build and workspace tests	Install Linux dependencies	2026-10-07T17:24:43.5635446Z Setting up libva-dev:amd64 (2.20.0-2ubuntu0.2) ...
Linux build and workspace tests	Install Linux dependencies	2026-10-07T17:24:43.5649928Z Setting up musl-dev:amd64 (1.2.4-2) ...
Linux build and workspace tests	Install Linux dependencies	2026-10-07T17:24:43.5679533Z Setting up va-driver-all:amd64 (2.20.0-2ubuntu0.2) ...
Linux build and workspace tests	Install Linux dependencies	2026-10-07T17:24:43.5695042Z Setting up cmake (3.28.3-1build7) ...
Linux build and workspace tests	Install Linux dependencies	2026-10-07T17:24:43.5708938Z Setting up libgit2-1.7:amd64 (1.7.2+ds-1ubuntu3.2) ...
Linux build and workspace tests	Install Linux dependencies	2026-10-07T17:24:43.5727074Z Setting up libsndfile1:amd64 (1.2.2-1ubuntu5.24.04.1) ...
Linux build and workspace tests	Install Linux dependencies	2026-10-07T17:24:43.5742204Z Setting up libmount-dev:amd64 (2.39.3-9ubuntu6.6) ...
Linux build and workspace tests	Install Linux dependencies	2026-10-07T17:24:43.5757700Z Setting up libgit2-dev:amd64 (1.7.2+ds-1ubuntu3.2) ...
Linux build and workspace tests	Install Linux dependencies	2026-10-07T17:24:43.5977152Z Setting up libpulse0:amd64 (1:16.1+dfsg1-2ubuntu10.1) ...
Linux build and workspace tests	Install Linux dependencies	2026-10-07T17:24:43.6048678Z Setting up libfontconfig-dev:amd64 (2.15.0-1.1ubuntu2) ...
Linux build and workspace tests	Install Linux dependencies	2026-10-07T17:24:43.6063834Z Setting up musl-tools (1.2.4-2) ...
Linux build and workspace tests	Install Linux dependencies	2026-10-07T17:24:43.6079059Z Setting up libglib2.0-dev:amd64 (2.80.0-6ubuntu3.9) ...
Linux build and workspace tests	Install Linux dependencies	2026-10-07T17:24:43.6229838Z Processing triggers for sgml-base (1.31) ...
Linux build and workspace tests	Install Linux dependencies	2026-10-07T17:24:43.6453614Z Processing triggers for install-info (7.1-3build2) ...
Linux build and workspace tests	Install Linux dependencies	2026-10-07T17:24:43.9011749Z Setting up x11proto-dev (2023.2-1) ...
Linux build and workspace tests	Install Linux dependencies	2026-10-07T17:24:43.9030252Z Setting up libxau-dev:amd64 (1:1.0.9-1build6) ...
Linux build and workspace tests	Install Linux dependencies	2026-10-07T17:24:43.9052898Z Processing triggers for libc-bin (2.39-0ubuntu8.9) ...
Linux build and workspace tests	Install Linux dependencies	2026-10-07T17:24:43.9366690Z Processing triggers for man-db (2.12.0-4build2) ...
Linux build and workspace tests	Install Linux dependencies	2026-10-07T17:24:43.9386356Z Not building database; man-db/auto-update is not 'true'.
Linux build and workspace tests	Install Linux dependencies	2026-10-07T17:24:43.9410561Z Setting up libxdmcp-dev:amd64 (1:1.1.3-0ubuntu6) ...
Linux build and workspace tests	Install Linux dependencies	2026-10-07T17:24:43.9433427Z Processing triggers for libglib2.0-0t64:amd64 (2.80.0-6ubuntu3.9) ...
Linux build and workspace tests	Install Linux dependencies	2026-10-07T17:24:43.9660185Z Processing triggers for dbus (1.14.10-4ubuntu4.1) ...
Linux build and workspace tests	Install Linux dependencies	2026-10-07T17:24:43.9831827Z Setting up glib-networking:amd64 (2.80.0-1build1) ...
Linux build and workspace tests	Install Linux dependencies	2026-10-07T17:24:43.9861049Z Setting up libxcb1-dev:amd64 (1.15-1ubuntu2) ...
Linux build and workspace tests	Install Linux dependencies	2026-10-07T17:24:43.9876135Z Setting up libxcb-xkb-dev:amd64 (1.15-1ubuntu2) ...
Linux build and workspace tests	Install Linux dependencies	2026-10-07T17:24:43.9895528Z Setting up libsoup-3.0-0:amd64 (3.4.4-5ubuntu0.9) ...
Linux build and workspace tests	Install Linux dependencies	2026-10-07T17:24:43.9919349Z Setting up libx11-dev:amd64 (2:1.8.7-1build1) ...
Linux build and workspace tests	Install Linux dependencies	2026-10-07T17:24:43.9962553Z Setting up libsnapd-glib-2-1:amd64 (1.64-0ubuntu5) ...
Linux build and workspace tests	Install Linux dependencies	2026-10-07T17:24:43.9997817Z Setting up libxkbcommon-x11-dev:amd64 (1.6.0-1build1) ...
Linux build and workspace tests	Install Linux dependencies	2026-10-07T17:24:44.0016326Z Setting up libx11-xcb-dev:amd64 (2:1.8.7-1build1) ...
Linux build and workspace tests	Install Linux dependencies	2026-10-07T17:24:44.0045051Z Setting up libpipewire-0.3-modules:amd64 (1.0.5-1ubuntu3.3) ...
Linux build and workspace tests	Install Linux dependencies	2026-10-07T17:24:44.0092335Z Setting up pipewire-bin (1.0.5-1ubuntu3.3) ...
Linux build and workspace tests	Install Linux dependencies	2026-10-07T17:24:44.0643375Z Setting up pipewire:amd64 (1.0.5-1ubuntu3.3) ...
Linux build and workspace tests	Install Linux dependencies	2026-10-07T17:24:44.2212757Z Created symlink /etc/systemd/user/default.target.wants/filter-chain.service → /usr/lib/systemd/user/filter-chain.service.
Linux build and workspace tests	Install Linux dependencies	2026-10-07T17:24:44.2213353Z 
Linux build and workspace tests	Install Linux dependencies	2026-10-07T17:24:44.2213862Z Created symlink /etc/systemd/user/sockets.target.wants/pipewire.socket → /usr/lib/systemd/user/pipewire.socket.
Linux build and workspace tests	Install Linux dependencies	2026-10-07T17:24:44.2214569Z 
Linux build and workspace tests	Install Linux dependencies	2026-10-07T17:24:44.3285828Z Created symlink /etc/systemd/user/default.target.wants/pipewire.service → /usr/lib/systemd/user/pipewire.service.
Linux build and workspace tests	Install Linux dependencies	2026-10-07T17:24:44.3286405Z 
Linux build and workspace tests	Install Linux dependencies	2026-10-07T17:24:44.4382803Z Setting up wireplumber (0.4.17-1ubuntu4.1) ...
Linux build and workspace tests	Install Linux dependencies	2026-10-07T17:24:44.5432390Z Created symlink /etc/systemd/user/pipewire.service.wants/wireplumber.service → /usr/lib/systemd/user/wireplumber.service.
Linux build and workspace tests	Install Linux dependencies	2026-10-07T17:24:44.5433358Z 
Linux build and workspace tests	Install Linux dependencies	2026-10-07T17:24:44.6253619Z Setting up pipewire-pulse (1.0.5-1ubuntu3.3) ...
Linux build and workspace tests	Install Linux dependencies	2026-10-07T17:24:44.7314407Z Created symlink /etc/systemd/user/default.target.wants/pipewire-pulse.service → /usr/lib/systemd/user/pipewire-pulse.service.
Linux build and workspace tests	Install Linux dependencies	2026-10-07T17:24:44.7315066Z 
Linux build and workspace tests	Install Linux dependencies	2026-10-07T17:24:44.7315845Z Created symlink /etc/systemd/user/sockets.target.wants/pipewire-pulse.socket → /usr/lib/systemd/user/pipewire-pulse.socket.
Linux build and workspace tests	Install Linux dependencies	2026-10-07T17:24:44.7316596Z 
Linux build and workspace tests	Install Linux dependencies	2026-10-07T17:24:44.8433570Z Processing triggers for libc-bin (2.39-0ubuntu8.9) ...
Linux build and workspace tests	Install Linux dependencies	2026-10-07T17:24:45.3711485Z 
Linux build and workspace tests	Install Linux dependencies	2026-10-07T17:24:45.3712397Z Running kernel seems to be up-to-date.
Linux build and workspace tests	Install Linux dependencies	2026-10-07T17:24:45.3712691Z 
Linux build and workspace tests	Install Linux dependencies	2026-10-07T17:24:45.3712803Z Restarting services...
Linux build and workspace tests	Install Linux dependencies	2026-10-07T17:24:45.4255544Z  /etc/needrestart/restart.d/systemd-manager
Linux build and workspace tests	Install Linux dependencies	2026-10-07T17:24:45.7992662Z  systemctl restart packagekit.service php8.3-fpm.service systemd-journald.service systemd-networkd.service systemd-resolved.service systemd-udevd.service udisks2.service
Linux build and workspace tests	Install Linux dependencies	2026-10-07T17:24:46.0117742Z 
Linux build and workspace tests	Install Linux dependencies	2026-10-07T17:24:46.0118643Z Service restarts being deferred:
Linux build and workspace tests	Install Linux dependencies	2026-10-07T17:24:46.0119461Z  systemctl restart hosted-compute-agent.service
Linux build and workspace tests	Install Linux dependencies	2026-10-07T17:24:46.0120012Z  systemctl restart systemd-logind.service
Linux build and workspace tests	Install Linux dependencies	2026-10-07T17:24:46.0120479Z  systemctl restart walinuxagent.service
Linux build and workspace tests	Install Linux dependencies	2026-10-07T17:24:46.0120781Z 
Linux build and workspace tests	Install Linux dependencies	2026-10-07T17:24:46.0120925Z No containers need to be restarted.
Linux build and workspace tests	Install Linux dependencies	2026-10-07T17:24:46.0121193Z 
Linux build and workspace tests	Install Linux dependencies	2026-10-07T17:24:46.0121357Z User sessions running outdated binaries:
Linux build and workspace tests	Install Linux dependencies	2026-10-07T17:24:46.0121808Z  runner @ user manager service: systemd[1246]
Linux build and workspace tests	Install Linux dependencies	2026-10-07T17:24:46.0206600Z 
Linux build and workspace tests	Install Linux dependencies	2026-10-07T17:24:46.0207290Z No VM guests are running outdated hypervisor (qemu) binaries on this host.
Linux build and workspace tests	Install Linux dependencies	2026-10-07T17:24:47.1954987Z + finalize
Linux build and workspace tests	Install Linux dependencies	2026-10-07T17:24:47.1955420Z + which rustup
Linux build and workspace tests	Install Linux dependencies	2026-10-07T17:24:47.1967931Z + cat
Linux build and workspace tests	Install Linux dependencies	2026-10-07T17:24:47.1979251Z Finished installing Linux dependencies with script/linux
Linux build and workspace tests	Install Linux dependencies	2026-10-07T17:24:47.1980696Z + exit 0
Linux build and workspace tests	Install software graphics driver	﻿2026-10-07T17:24:47.2022161Z ##[group]Run sudo apt-get update
Linux build and workspace tests	Install software graphics driver	2026-10-07T17:24:47.2022570Z [36;1msudo apt-get update[0m
Linux build and workspace tests	Install software graphics driver	2026-10-07T17:24:47.2022907Z [36;1msudo apt-get install -y libvulkan1 mesa-vulkan-drivers[0m
Linux build and workspace tests	Install software graphics driver	2026-10-07T17:24:47.2023429Z [36;1mvulkan_icd="$(find /usr/share/vulkan/icd.d -name 'lvp_icd*.json' -print -quit)"[0m
Linux build and workspace tests	Install software graphics driver	2026-10-07T17:24:47.2023888Z [36;1mtest -n "$vulkan_icd"[0m
Linux build and workspace tests	Install software graphics driver	2026-10-07T17:24:47.2024202Z [36;1mecho "VK_DRIVER_FILES=$vulkan_icd" >> "$GITHUB_ENV"[0m
Linux build and workspace tests	Install software graphics driver	2026-10-07T17:24:47.2100857Z shell: /usr/bin/bash --noprofile --norc -e -o pipefail {0}
Linux build and workspace tests	Install software graphics driver	2026-10-07T17:24:47.2101223Z env:
Linux build and workspace tests	Install software graphics driver	2026-10-07T17:24:47.2101440Z   CARGO_TERM_COLOR: always
Linux build and workspace tests	Install software graphics driver	2026-10-07T17:24:47.2101690Z   CARGO_INCREMENTAL: 0
Linux build and workspace tests	Install software graphics driver	2026-10-07T17:24:47.2102102Z   CARGO_PROFILE_DEV_DEBUG: 0
Linux build and workspace tests	Install software graphics driver	2026-10-07T17:24:47.2102423Z   CARGO_PROFILE_DEV_BUILD_OVERRIDE_DEBUG: 0
Linux build and workspace tests	Install software graphics driver	2026-10-07T17:24:47.2102709Z   RUST_BACKTRACE: 1
Linux build and workspace tests	Install software graphics driver	2026-10-07T17:24:47.2102920Z   CC: clang
Linux build and workspace tests	Install software graphics driver	2026-10-07T17:24:47.2103112Z   CXX: clang++
Linux build and workspace tests	Install software graphics driver	2026-10-07T17:24:47.2103321Z   WGPU_BACKEND: vulkan
Linux build and workspace tests	Install software graphics driver	2026-10-07T17:24:47.2103619Z   CI_TEST_FILTER: 
Linux build and workspace tests	Install software graphics driver	2026-10-07T17:24:47.2103844Z   CI_TEST_MODE: full
Linux build and workspace tests	Install software graphics driver	2026-10-07T17:24:47.2104059Z   CARGO_BUILD_JOBS: 4
Linux build and workspace tests	Install software graphics driver	2026-10-07T17:24:47.2104271Z   CI_TEST_THREADS: 4
Linux build and workspace tests	Install software graphics driver	2026-10-07T17:24:47.2104485Z ##[endgroup]
Linux build and workspace tests	Install software graphics driver	2026-10-07T17:24:47.2787936Z Get:1 file:/etc/apt/apt-mirrors.txt Mirrorlist [144 B]
Linux build and workspace tests	Install software graphics driver	2026-10-07T17:24:47.3198067Z Hit:2 http://azure.archive.ubuntu.com/ubuntu noble InRelease
Linux build and workspace tests	Install software graphics driver	2026-10-07T17:24:47.3216227Z Hit:3 http://azure.archive.ubuntu.com/ubuntu noble-updates InRelease
Linux build and workspace tests	Install software graphics driver	2026-10-07T17:24:47.3224344Z Hit:6 https://packages.microsoft.com/ubuntu/24.04/prod noble InRelease
Linux build and workspace tests	Install software graphics driver	2026-10-07T17:24:47.3230057Z Hit:4 http://azure.archive.ubuntu.com/ubuntu noble-backports InRelease
Linux build and workspace tests	Install software graphics driver	2026-10-07T17:24:47.3240179Z Hit:5 http://azure.archive.ubuntu.com/ubuntu noble-security InRelease
Linux build and workspace tests	Install software graphics driver	2026-10-07T17:24:48.6594189Z Reading package lists...
Linux build and workspace tests	Install software graphics driver	2026-10-07T17:24:48.6918604Z Reading package lists...
Linux build and workspace tests	Install software graphics driver	2026-10-07T17:24:48.9517840Z Building dependency tree...
Linux build and workspace tests	Install software graphics driver	2026-10-07T17:24:48.9526809Z Reading state information...
Linux build and workspace tests	Install software graphics driver	2026-10-07T17:24:49.1925171Z libvulkan1 is already the newest version (1.3.275.0-1build1).
Linux build and workspace tests	Install software graphics driver	2026-10-07T17:24:49.1925716Z The following NEW packages will be installed:
Linux build and workspace tests	Install software graphics driver	2026-10-07T17:24:49.1928631Z   mesa-vulkan-drivers
Linux build and workspace tests	Install software graphics driver	2026-10-07T17:24:49.2127122Z 0 upgraded, 1 newly installed, 0 to remove and 22 not upgraded.
Linux build and workspace tests	Install software graphics driver	2026-10-07T17:24:49.2127608Z Need to get 17.5 MB of archives.
Linux build and workspace tests	Install software graphics driver	2026-10-07T17:24:49.2127985Z After this operation, 98.5 MB of additional disk space will be used.
Linux build and workspace tests	Install software graphics driver	2026-10-07T17:24:49.2128413Z Get:1 file:/etc/apt/apt-mirrors.txt Mirrorlist [144 B]
Linux build and workspace tests	Install software graphics driver	2026-10-07T17:24:49.2729518Z Get:2 http://azure.archive.ubuntu.com/ubuntu noble-updates/main amd64 mesa-vulkan-drivers amd64 25.2.8-0ubuntu0.24.04.4 [17.5 MB]
Linux build and workspace tests	Install software graphics driver	2026-10-07T17:24:50.1617895Z Fetched 17.5 MB in 1s (26.1 MB/s)
Linux build and workspace tests	Install software graphics driver	2026-10-07T17:24:50.1821394Z Selecting previously unselected package mesa-vulkan-drivers:amd64.
Linux build and workspace tests	Install software graphics driver	2026-10-07T17:24:50.1891505Z (Reading database ... 
Linux build and workspace tests	Install software graphics driver	2026-10-07T17:24:50.1892739Z (Reading database ... 5%
Linux build and workspace tests	Install software graphics driver	2026-10-07T17:24:50.1893128Z (Reading database ... 10%
Linux build and workspace tests	Install software graphics driver	2026-10-07T17:24:50.1893532Z (Reading database ... 15%
Linux build and workspace tests	Install software graphics driver	2026-10-07T17:24:50.1894206Z (Reading database ... 20%
Linux build and workspace tests	Install software graphics driver	2026-10-07T17:24:50.1894556Z (Reading database ... 25%
Linux build and workspace tests	Install software graphics driver	2026-10-07T17:24:50.1894911Z (Reading database ... 30%
Linux build and workspace tests	Install software graphics driver	2026-10-07T17:24:50.1895249Z (Reading database ... 35%
Linux build and workspace tests	Install software graphics driver	2026-10-07T17:24:50.1895622Z (Reading database ... 40%
Linux build and workspace tests	Install software graphics driver	2026-10-07T17:24:50.1895982Z (Reading database ... 45%
Linux build and workspace tests	Install software graphics driver	2026-10-07T17:24:50.1896335Z (Reading database ... 50%
Linux build and workspace tests	Install software graphics driver	2026-10-07T17:24:50.1918527Z (Reading database ... 55%
Linux build and workspace tests	Install software graphics driver	2026-10-07T17:24:50.2043154Z (Reading database ... 60%
Linux build and workspace tests	Install software graphics driver	2026-10-07T17:24:50.2073848Z (Reading database ... 65%
Linux build and workspace tests	Install software graphics driver	2026-10-07T17:24:50.2099739Z (Reading database ... 70%
Linux build and workspace tests	Install software graphics driver	2026-10-07T17:24:50.2150066Z (Reading database ... 75%
Linux build and workspace tests	Install software graphics driver	2026-10-07T17:24:50.2198399Z (Reading database ... 80%
Linux build and workspace tests	Install software graphics driver	2026-10-07T17:24:50.2362739Z (Reading database ... 85%
Linux build and workspace tests	Install software graphics driver	2026-10-07T17:24:50.2420411Z (Reading database ... 90%
Linux build and workspace tests	Install software graphics driver	2026-10-07T17:24:50.2747174Z (Reading database ... 95%
Linux build and workspace tests	Install software graphics driver	2026-10-07T17:24:50.2747679Z (Reading database ... 100%
Linux build and workspace tests	Install software graphics driver	2026-10-07T17:24:50.2748802Z (Reading database ... 208585 files and directories currently installed.)
Linux build and workspace tests	Install software graphics driver	2026-10-07T17:24:50.2798822Z Preparing to unpack .../mesa-vulkan-drivers_25.2.8-0ubuntu0.24.04.4_amd64.deb ...
Linux build and workspace tests	Install software graphics driver	2026-10-07T17:24:50.2813780Z Unpacking mesa-vulkan-drivers:amd64 (25.2.8-0ubuntu0.24.04.4) ...
Linux build and workspace tests	Install software graphics driver	2026-10-07T17:24:50.6230540Z Setting up mesa-vulkan-drivers:amd64 (25.2.8-0ubuntu0.24.04.4) ...
Linux build and workspace tests	Install software graphics driver	2026-10-07T17:24:50.6249681Z Processing triggers for libc-bin (2.39-0ubuntu8.9) ...
Linux build and workspace tests	Install software graphics driver	2026-10-07T17:24:51.0969488Z 
Linux build and workspace tests	Install software graphics driver	2026-10-07T17:24:51.0970277Z Running kernel seems to be up-to-date.
Linux build and workspace tests	Install software graphics driver	2026-10-07T17:24:51.0970577Z 
Linux build and workspace tests	Install software graphics driver	2026-10-07T17:24:51.0970689Z Restarting services...
Linux build and workspace tests	Install software graphics driver	2026-10-07T17:24:51.1213519Z 
Linux build and workspace tests	Install software graphics driver	2026-10-07T17:24:51.1214196Z Service restarts being deferred:
Linux build and workspace tests	Install software graphics driver	2026-10-07T17:24:51.1214793Z  systemctl restart hosted-compute-agent.service
Linux build and workspace tests	Install software graphics driver	2026-10-07T17:24:51.1215271Z  systemctl restart systemd-logind.service
Linux build and workspace tests	Install software graphics driver	2026-10-07T17:24:51.1215588Z  systemctl restart walinuxagent.service
Linux build and workspace tests	Install software graphics driver	2026-10-07T17:24:51.1215787Z 
Linux build and workspace tests	Install software graphics driver	2026-10-07T17:24:51.1215917Z No containers need to be restarted.
Linux build and workspace tests	Install software graphics driver	2026-10-07T17:24:51.1216192Z 
Linux build and workspace tests	Install software graphics driver	2026-10-07T17:24:51.1216313Z User sessions running outdated binaries:
Linux build and workspace tests	Install software graphics driver	2026-10-07T17:24:51.1216979Z  runner @ user manager service: systemd[1246]
Linux build and workspace tests	Install software graphics driver	2026-10-07T17:24:51.1286102Z 
Linux build and workspace tests	Install software graphics driver	2026-10-07T17:24:51.1286904Z No VM guests are running outdated hypervisor (qemu) binaries on this host.
Linux build and workspace tests	Install repository Rust toolchain	﻿2026-10-07T17:24:52.3402993Z ##[group]Run rustup show active-toolchain
Linux build and workspace tests	Install repository Rust toolchain	2026-10-07T17:24:52.3403370Z [36;1mrustup show active-toolchain[0m
Linux build and workspace tests	Install repository Rust toolchain	2026-10-07T17:24:52.3478349Z shell: /usr/bin/bash --noprofile --norc -e -o pipefail {0}
Linux build and workspace tests	Install repository Rust toolchain	2026-10-07T17:24:52.3478722Z env:
Linux build and workspace tests	Install repository Rust toolchain	2026-10-07T17:24:52.3478936Z   CARGO_TERM_COLOR: always
Linux build and workspace tests	Install repository Rust toolchain	2026-10-07T17:24:52.3479184Z   CARGO_INCREMENTAL: 0
Linux build and workspace tests	Install repository Rust toolchain	2026-10-07T17:24:52.3479413Z   CARGO_PROFILE_DEV_DEBUG: 0
Linux build and workspace tests	Install repository Rust toolchain	2026-10-07T17:24:52.3479686Z   CARGO_PROFILE_DEV_BUILD_OVERRIDE_DEBUG: 0
Linux build and workspace tests	Install repository Rust toolchain	2026-10-07T17:24:52.3479973Z   RUST_BACKTRACE: 1
Linux build and workspace tests	Install repository Rust toolchain	2026-10-07T17:24:52.3480193Z   CC: clang
Linux build and workspace tests	Install repository Rust toolchain	2026-10-07T17:24:52.3480380Z   CXX: clang++
Linux build and workspace tests	Install repository Rust toolchain	2026-10-07T17:24:52.3480582Z   WGPU_BACKEND: vulkan
Linux build and workspace tests	Install repository Rust toolchain	2026-10-07T17:24:52.3480798Z   CI_TEST_FILTER: 
Linux build and workspace tests	Install repository Rust toolchain	2026-10-07T17:24:52.3481030Z   CI_TEST_MODE: full
Linux build and workspace tests	Install repository Rust toolchain	2026-10-07T17:24:52.3481248Z   CARGO_BUILD_JOBS: 4
Linux build and workspace tests	Install repository Rust toolchain	2026-10-07T17:24:52.3481468Z   CI_TEST_THREADS: 4
Linux build and workspace tests	Install repository Rust toolchain	2026-10-07T17:24:52.3481744Z   VK_DRIVER_FILES: /usr/share/vulkan/icd.d/lvp_icd.json
Linux build and workspace tests	Install repository Rust toolchain	2026-10-07T17:24:52.3482295Z ##[endgroup]
Linux build and workspace tests	Install repository Rust toolchain	2026-10-07T17:24:52.3899236Z info: syncing channel updates for 1.98.1-x86_64-unknown-linux-gnu
Linux build and workspace tests	Install repository Rust toolchain	2026-10-07T17:24:52.4911608Z info: latest update on 2026-09-03 for version 1.98.1 (48a229cea 2026-09-01)
Linux build and workspace tests	Install repository Rust toolchain	2026-10-07T17:24:52.4913620Z info: downloading 10 components
Linux build and workspace tests	Install repository Rust toolchain	2026-10-07T17:25:08.1039563Z warn: the missing active toolchain `1.98.1-x86_64-unknown-linux-gnu` has been auto-installed
Linux build and workspace tests	Install repository Rust toolchain	2026-10-07T17:25:08.1040206Z warn: auto-installation is deprecated for most `rustup` commands
Linux build and workspace tests	Install repository Rust toolchain	2026-10-07T17:25:08.1040716Z warn: scripts relying on this behavior in `rustup` may stop working in the future
Linux build and workspace tests	Install repository Rust toolchain	2026-10-07T17:25:08.1041193Z warn: to install the active toolchain, use `rustup install` instead
Linux build and workspace tests	Install repository Rust toolchain	2026-10-07T17:25:08.1041659Z warn: see <https://github.com/rust-lang/rustup/issues/4836> for more info
Linux build and workspace tests	Install repository Rust toolchain	2026-10-07T17:25:08.1042781Z 1.98.1-x86_64-unknown-linux-gnu (overridden by '/home/runner/work/koda/koda/rust-toolchain.toml')
Linux build and workspace tests	Restore shared portable Cargo sources	﻿2026-10-07T17:25:08.2981902Z ##[group]Run actions/cache/restore@0057852bfaa89a56745cba8c7296529d2fc39830
Linux build and workspace tests	Restore shared portable Cargo sources	2026-10-07T17:25:08.2982788Z with:
Linux build and workspace tests	Restore shared portable Cargo sources	2026-10-07T17:25:08.2983108Z   path: .ci-cache/cargo-sources/registry
Linux build and workspace tests	Restore shared portable Cargo sources	.ci-cache/cargo-sources/git
Linux build and workspace tests	Restore shared portable Cargo sources	
Linux build and workspace tests	Restore shared portable Cargo sources	2026-10-07T17:25:08.2983511Z   enableCrossOsArchive: true
Linux build and workspace tests	Restore shared portable Cargo sources	2026-10-07T17:25:08.2984304Z   key: fork-ci-source-v3-shared-eff68d54502d28a838f84354ec306df7a6499991c0c1d8518658bc8ecc2758fa-62433dcec7df1eda715520c2f18b1f29c6d8044897077192799fc2bdd7cd0f98
Linux build and workspace tests	Restore shared portable Cargo sources	2026-10-07T17:25:08.2985343Z   restore-keys: fork-ci-source-v3-shared-eff68d54502d28a838f84354ec306df7a6499991c0c1d8518658bc8ecc2758fa-
Linux build and workspace tests	Restore shared portable Cargo sources	2026-10-07T17:25:08.2985871Z   fail-on-cache-miss: false
Linux build and workspace tests	Restore shared portable Cargo sources	2026-10-07T17:25:08.2986259Z   lookup-only: false
Linux build and workspace tests	Restore shared portable Cargo sources	2026-10-07T17:25:08.2986587Z env:
Linux build and workspace tests	Restore shared portable Cargo sources	2026-10-07T17:25:08.2986865Z   CARGO_TERM_COLOR: always
Linux build and workspace tests	Restore shared portable Cargo sources	2026-10-07T17:25:08.2987353Z   CARGO_INCREMENTAL: 0
Linux build and workspace tests	Restore shared portable Cargo sources	2026-10-07T17:25:08.2987831Z   CARGO_PROFILE_DEV_DEBUG: 0
Linux build and workspace tests	Restore shared portable Cargo sources	2026-10-07T17:25:08.2988272Z   CARGO_PROFILE_DEV_BUILD_OVERRIDE_DEBUG: 0
Linux build and workspace tests	Restore shared portable Cargo sources	2026-10-07T17:25:08.2988676Z   RUST_BACKTRACE: 1
Linux build and workspace tests	Restore shared portable Cargo sources	2026-10-07T17:25:08.2989152Z   CC: clang
Linux build and workspace tests	Restore shared portable Cargo sources	2026-10-07T17:25:08.2989455Z   CXX: clang++
Linux build and workspace tests	Restore shared portable Cargo sources	2026-10-07T17:25:08.2989765Z   WGPU_BACKEND: vulkan
Linux build and workspace tests	Restore shared portable Cargo sources	2026-10-07T17:25:08.3013126Z   CI_TEST_FILTER: 
Linux build and workspace tests	Restore shared portable Cargo sources	2026-10-07T17:25:08.3013445Z   CI_TEST_MODE: full
Linux build and workspace tests	Restore shared portable Cargo sources	2026-10-07T17:25:08.3013784Z   CARGO_BUILD_JOBS: 4
Linux build and workspace tests	Restore shared portable Cargo sources	2026-10-07T17:25:08.3014072Z   CI_TEST_THREADS: 4
Linux build and workspace tests	Restore shared portable Cargo sources	2026-10-07T17:25:08.3014425Z   VK_DRIVER_FILES: /usr/share/vulkan/icd.d/lvp_icd.json
Linux build and workspace tests	Restore shared portable Cargo sources	2026-10-07T17:25:08.3014882Z ##[endgroup]
Linux build and workspace tests	Restore shared portable Cargo sources	2026-10-07T17:25:08.4102585Z (node:5868) [DEP0040] DeprecationWarning: The `punycode` module is deprecated. Please use a userland alternative instead.
Linux build and workspace tests	Restore shared portable Cargo sources	2026-10-07T17:25:08.4103771Z (Use `node --trace-deprecation ...` to show where the warning was created)
Linux build and workspace tests	Restore shared portable Cargo sources	2026-10-07T17:25:08.5134801Z Cache not found for input keys: fork-ci-source-v3-shared-eff68d54502d28a838f84354ec306df7a6499991c0c1d8518658bc8ecc2758fa-62433dcec7df1eda715520c2f18b1f29c6d8044897077192799fc2bdd7cd0f98, fork-ci-source-v3-shared-eff68d54502d28a838f84354ec306df7a6499991c0c1d8518658bc8ecc2758fa-
Linux build and workspace tests	Restore legacy Cargo sources during cache migration	﻿2026-10-07T17:25:08.6439728Z ##[group]Run actions/cache/restore@0057852bfaa89a56745cba8c7296529d2fc39830
Linux build and workspace tests	Restore legacy Cargo sources during cache migration	2026-10-07T17:25:08.6440153Z with:
Linux build and workspace tests	Restore legacy Cargo sources during cache migration	2026-10-07T17:25:08.6440376Z   path: ~/.cargo/registry
Linux build and workspace tests	Restore legacy Cargo sources during cache migration	~/.cargo/git
Linux build and workspace tests	Restore legacy Cargo sources during cache migration	
Linux build and workspace tests	Restore legacy Cargo sources during cache migration	2026-10-07T17:25:08.6441187Z   key: fork-ci-source-v2-Linux-X64-eff68d54502d28a838f84354ec306df7a6499991c0c1d8518658bc8ecc2758fa-62433dcec7df1eda715520c2f18b1f29c6d8044897077192799fc2bdd7cd0f98
Linux build and workspace tests	Restore legacy Cargo sources during cache migration	2026-10-07T17:25:08.6442275Z   restore-keys: fork-ci-source-v2-Linux-X64-
Linux build and workspace tests	Restore legacy Cargo sources during cache migration	2026-10-07T17:25:08.6442592Z   enableCrossOsArchive: false
Linux build and workspace tests	Restore legacy Cargo sources during cache migration	2026-10-07T17:25:08.6442861Z   fail-on-cache-miss: false
Linux build and workspace tests	Restore legacy Cargo sources during cache migration	2026-10-07T17:25:08.6443107Z   lookup-only: false
Linux build and workspace tests	Restore legacy Cargo sources during cache migration	2026-10-07T17:25:08.6443334Z env:
Linux build and workspace tests	Restore legacy Cargo sources during cache migration	2026-10-07T17:25:08.6443542Z   CARGO_TERM_COLOR: always
Linux build and workspace tests	Restore legacy Cargo sources during cache migration	2026-10-07T17:25:08.6443791Z   CARGO_INCREMENTAL: 0
Linux build and workspace tests	Restore legacy Cargo sources during cache migration	2026-10-07T17:25:08.6444029Z   CARGO_PROFILE_DEV_DEBUG: 0
Linux build and workspace tests	Restore legacy Cargo sources during cache migration	2026-10-07T17:25:08.6444325Z   CARGO_PROFILE_DEV_BUILD_OVERRIDE_DEBUG: 0
Linux build and workspace tests	Restore legacy Cargo sources during cache migration	2026-10-07T17:25:08.6444641Z   RUST_BACKTRACE: 1
Linux build and workspace tests	Restore legacy Cargo sources during cache migration	2026-10-07T17:25:08.6444856Z   CC: clang
Linux build and workspace tests	Restore legacy Cargo sources during cache migration	2026-10-07T17:25:08.6445052Z   CXX: clang++
Linux build and workspace tests	Restore legacy Cargo sources during cache migration	2026-10-07T17:25:08.6445306Z   WGPU_BACKEND: vulkan
Linux build and workspace tests	Restore legacy Cargo sources during cache migration	2026-10-07T17:25:08.6445529Z   CI_TEST_FILTER: 
Linux build and workspace tests	Restore legacy Cargo sources during cache migration	2026-10-07T17:25:08.6445747Z   CI_TEST_MODE: full
Linux build and workspace tests	Restore legacy Cargo sources during cache migration	2026-10-07T17:25:08.6445966Z   CARGO_BUILD_JOBS: 4
Linux build and workspace tests	Restore legacy Cargo sources during cache migration	2026-10-07T17:25:08.6446186Z   CI_TEST_THREADS: 4
Linux build and workspace tests	Restore legacy Cargo sources during cache migration	2026-10-07T17:25:08.6446453Z   VK_DRIVER_FILES: /usr/share/vulkan/icd.d/lvp_icd.json
Linux build and workspace tests	Restore legacy Cargo sources during cache migration	2026-10-07T17:25:08.6446768Z ##[endgroup]
Linux build and workspace tests	Restore legacy Cargo sources during cache migration	2026-10-07T17:25:08.7650238Z (node:5903) [DEP0040] DeprecationWarning: The `punycode` module is deprecated. Please use a userland alternative instead.
Linux build and workspace tests	Restore legacy Cargo sources during cache migration	2026-10-07T17:25:08.7651699Z (Use `node --trace-deprecation ...` to show where the warning was created)
Linux build and workspace tests	Restore legacy Cargo sources during cache migration	2026-10-07T17:25:08.8757778Z Cache not found for input keys: fork-ci-source-v2-Linux-X64-eff68d54502d28a838f84354ec306df7a6499991c0c1d8518658bc8ecc2758fa-62433dcec7df1eda715520c2f18b1f29c6d8044897077192799fc2bdd7cd0f98, fork-ci-source-v2-Linux-X64-
Linux build and workspace tests	Restore Linux build cache	﻿2026-10-07T17:25:09.1690143Z ##[group]Run actions/cache/restore@0057852bfaa89a56745cba8c7296529d2fc39830
Linux build and workspace tests	Restore Linux build cache	2026-10-07T17:25:09.1690570Z with:
Linux build and workspace tests	Restore Linux build cache	2026-10-07T17:25:09.1693269Z   path: target/debug/.fingerprint
Linux build and workspace tests	Restore Linux build cache	target/debug/build
Linux build and workspace tests	Restore Linux build cache	target/debug/deps/*.rlib
Linux build and workspace tests	Restore Linux build cache	target/debug/deps/*.rmeta
Linux build and workspace tests	Restore Linux build cache	target/debug/deps/*.so
Linux build and workspace tests	Restore Linux build cache	target/debug/deps/*.a
Linux build and workspace tests	Restore Linux build cache	target/debug/deps/*.d
Linux build and workspace tests	Restore Linux build cache	extensions/test-extension/target/debug/.fingerprint
Linux build and workspace tests	Restore Linux build cache	extensions/test-extension/target/debug/build
Linux build and workspace tests	Restore Linux build cache	extensions/test-extension/target/debug/deps/*.rlib
Linux build and workspace tests	Restore Linux build cache	extensions/test-extension/target/debug/deps/*.rmeta
Linux build and workspace tests	Restore Linux build cache	extensions/test-extension/target/debug/deps/*.so
Linux build and workspace tests	Restore Linux build cache	extensions/test-extension/target/debug/deps/*.a
Linux build and workspace tests	Restore Linux build cache	extensions/test-extension/target/debug/deps/*.d
Linux build and workspace tests	Restore Linux build cache	extensions/test-extension/target/wasm32-wasip2/debug/.fingerprint
Linux build and workspace tests	Restore Linux build cache	extensions/test-extension/target/wasm32-wasip2/debug/build
Linux build and workspace tests	Restore Linux build cache	extensions/test-extension/target/wasm32-wasip2/debug/deps
Linux build and workspace tests	Restore Linux build cache	extensions/test-extension/target/wasm32-wasip2/debug/*.wasm
Linux build and workspace tests	Restore Linux build cache	
Linux build and workspace tests	Restore Linux build cache	2026-10-07T17:25:09.1696817Z   key: fork-ci-build-v2-Linux-X64-ubuntu24.04-dev-debug0-eff68d54502d28a838f84354ec306df7a6499991c0c1d8518658bc8ecc2758fa-62433dcec7df1eda715520c2f18b1f29c6d8044897077192799fc2bdd7cd0f98-c19021e1827e347b54b597b53f6f27ea61bce0d0
Linux build and workspace tests	Restore Linux build cache	2026-10-07T17:25:09.1699059Z   restore-keys: fork-ci-build-v2-Linux-X64-ubuntu24.04-dev-debug0-eff68d54502d28a838f84354ec306df7a6499991c0c1d8518658bc8ecc2758fa-62433dcec7df1eda715520c2f18b1f29c6d8044897077192799fc2bdd7cd0f98-
Linux build and workspace tests	Restore Linux build cache	fork-ci-build-v2-Linux-X64-ubuntu24.04-dev-debug0-eff68d54502d28a838f84354ec306df7a6499991c0c1d8518658bc8ecc2758fa-
Linux build and workspace tests	Restore Linux build cache	
Linux build and workspace tests	Restore Linux build cache	2026-10-07T17:25:09.1700466Z   enableCrossOsArchive: false
Linux build and workspace tests	Restore Linux build cache	2026-10-07T17:25:09.1700730Z   fail-on-cache-miss: false
Linux build and workspace tests	Restore Linux build cache	2026-10-07T17:25:09.1701003Z   lookup-only: false
Linux build and workspace tests	Restore Linux build cache	2026-10-07T17:25:09.1701223Z env:
Linux build and workspace tests	Restore Linux build cache	2026-10-07T17:25:09.1701424Z   CARGO_TERM_COLOR: always
Linux build and workspace tests	Restore Linux build cache	2026-10-07T17:25:09.1701661Z   CARGO_INCREMENTAL: 0
Linux build and workspace tests	Restore Linux build cache	2026-10-07T17:25:09.1701889Z   CARGO_PROFILE_DEV_DEBUG: 0
Linux build and workspace tests	Restore Linux build cache	2026-10-07T17:25:09.1702606Z   CARGO_PROFILE_DEV_BUILD_OVERRIDE_DEBUG: 0
Linux build and workspace tests	Restore Linux build cache	2026-10-07T17:25:09.1702919Z   RUST_BACKTRACE: 1
Linux build and workspace tests	Restore Linux build cache	2026-10-07T17:25:09.1703177Z   CC: clang
Linux build and workspace tests	Restore Linux build cache	2026-10-07T17:25:09.1703373Z   CXX: clang++
Linux build and workspace tests	Restore Linux build cache	2026-10-07T17:25:09.1703577Z   WGPU_BACKEND: vulkan
Linux build and workspace tests	Restore Linux build cache	2026-10-07T17:25:09.1703794Z   CI_TEST_FILTER: 
Linux build and workspace tests	Restore Linux build cache	2026-10-07T17:25:09.1704001Z   CI_TEST_MODE: full
Linux build and workspace tests	Restore Linux build cache	2026-10-07T17:25:09.1704219Z   CARGO_BUILD_JOBS: 4
Linux build and workspace tests	Restore Linux build cache	2026-10-07T17:25:09.1704434Z   CI_TEST_THREADS: 4
Linux build and workspace tests	Restore Linux build cache	2026-10-07T17:25:09.1704694Z   VK_DRIVER_FILES: /usr/share/vulkan/icd.d/lvp_icd.json
Linux build and workspace tests	Restore Linux build cache	2026-10-07T17:25:09.1705012Z ##[endgroup]
Linux build and workspace tests	Restore Linux build cache	2026-10-07T17:25:09.2805599Z (node:5971) [DEP0040] DeprecationWarning: The `punycode` module is deprecated. Please use a userland alternative instead.
Linux build and workspace tests	Restore Linux build cache	2026-10-07T17:25:09.2806733Z (Use `node --trace-deprecation ...` to show where the warning was created)
Linux build and workspace tests	Restore Linux build cache	2026-10-07T17:25:09.3825990Z Cache not found for input keys: fork-ci-build-v2-Linux-X64-ubuntu24.04-dev-debug0-eff68d54502d28a838f84354ec306df7a6499991c0c1d8518658bc8ecc2758fa-62433dcec7df1eda715520c2f18b1f29c6d8044897077192799fc2bdd7cd0f98-c19021e1827e347b54b597b53f6f27ea61bce0d0, fork-ci-build-v2-Linux-X64-ubuntu24.04-dev-debug0-eff68d54502d28a838f84354ec306df7a6499991c0c1d8518658bc8ecc2758fa-62433dcec7df1eda715520c2f18b1f29c6d8044897077192799fc2bdd7cd0f98-, fork-ci-build-v2-Linux-X64-ubuntu24.04-dev-debug0-eff68d54502d28a838f84354ec306df7a6499991c0c1d8518658bc8ecc2758fa-
Linux build and workspace tests	Report cache reuse	﻿2026-10-07T17:25:09.3942911Z ##[group]Run printf 'Shared source exact hit: %s; shared key: %s; legacy source key: %s; build exact hit: %s; build key: %s\n' \
Linux build and workspace tests	Report cache reuse	2026-10-07T17:25:09.3943745Z [36;1mprintf 'Shared source exact hit: %s; shared key: %s; legacy source key: %s; build exact hit: %s; build key: %s\n' \[0m
Linux build and workspace tests	Report cache reuse	2026-10-07T17:25:09.3944384Z [36;1m  "$SOURCE_CACHE_HIT" "$SOURCE_CACHE_KEY" "$LEGACY_SOURCE_CACHE_KEY" \[0m
Linux build and workspace tests	Report cache reuse	2026-10-07T17:25:09.3944873Z [36;1m  "$BUILD_CACHE_HIT" "$BUILD_CACHE_KEY" | tee -a "$GITHUB_STEP_SUMMARY"[0m
Linux build and workspace tests	Report cache reuse	2026-10-07T17:25:09.4018435Z shell: /usr/bin/bash --noprofile --norc -e -o pipefail {0}
Linux build and workspace tests	Report cache reuse	2026-10-07T17:25:09.4018801Z env:
Linux build and workspace tests	Report cache reuse	2026-10-07T17:25:09.4019005Z   CARGO_TERM_COLOR: always
Linux build and workspace tests	Report cache reuse	2026-10-07T17:25:09.4019446Z   CARGO_INCREMENTAL: 0
Linux build and workspace tests	Report cache reuse	2026-10-07T17:25:09.4019674Z   CARGO_PROFILE_DEV_DEBUG: 0
Linux build and workspace tests	Report cache reuse	2026-10-07T17:25:09.4019934Z   CARGO_PROFILE_DEV_BUILD_OVERRIDE_DEBUG: 0
Linux build and workspace tests	Report cache reuse	2026-10-07T17:25:09.4020213Z   RUST_BACKTRACE: 1
Linux build and workspace tests	Report cache reuse	2026-10-07T17:25:09.4020415Z   CC: clang
Linux build and workspace tests	Report cache reuse	2026-10-07T17:25:09.4020598Z   CXX: clang++
Linux build and workspace tests	Report cache reuse	2026-10-07T17:25:09.4020840Z   WGPU_BACKEND: vulkan
Linux build and workspace tests	Report cache reuse	2026-10-07T17:25:09.4021055Z   CI_TEST_FILTER: 
Linux build and workspace tests	Report cache reuse	2026-10-07T17:25:09.4021259Z   CI_TEST_MODE: full
Linux build and workspace tests	Report cache reuse	2026-10-07T17:25:09.4021476Z   CARGO_BUILD_JOBS: 4
Linux build and workspace tests	Report cache reuse	2026-10-07T17:25:09.4021687Z   CI_TEST_THREADS: 4
Linux build and workspace tests	Report cache reuse	2026-10-07T17:25:09.4022207Z   VK_DRIVER_FILES: /usr/share/vulkan/icd.d/lvp_icd.json
Linux build and workspace tests	Report cache reuse	2026-10-07T17:25:09.4022561Z   SOURCE_CACHE_HIT: 
Linux build and workspace tests	Report cache reuse	2026-10-07T17:25:09.4022770Z   SOURCE_CACHE_KEY: 
Linux build and workspace tests	Report cache reuse	2026-10-07T17:25:09.4022991Z   LEGACY_SOURCE_CACHE_KEY: 
Linux build and workspace tests	Report cache reuse	2026-10-07T17:25:09.4023226Z   BUILD_CACHE_HIT: 
Linux build and workspace tests	Report cache reuse	2026-10-07T17:25:09.4023430Z   BUILD_CACHE_KEY: 
Linux build and workspace tests	Report cache reuse	2026-10-07T17:25:09.4023630Z ##[endgroup]
Linux build and workspace tests	Report cache reuse	2026-10-07T17:25:09.4128576Z Shared source exact hit: ; shared key: ; legacy source key: ; build exact hit: ; build key: 
Linux build and workspace tests	Run actions/setup-node@48b55a011bda9f5d6aeb4c2d9c7362e8dae4041e	﻿2026-10-07T17:25:09.4196495Z ##[group]Run actions/setup-node@48b55a011bda9f5d6aeb4c2d9c7362e8dae4041e
Linux build and workspace tests	Run actions/setup-node@48b55a011bda9f5d6aeb4c2d9c7362e8dae4041e	2026-10-07T17:25:09.4196899Z with:
Linux build and workspace tests	Run actions/setup-node@48b55a011bda9f5d6aeb4c2d9c7362e8dae4041e	2026-10-07T17:25:09.4197102Z   node-version: 24
Linux build and workspace tests	Run actions/setup-node@48b55a011bda9f5d6aeb4c2d9c7362e8dae4041e	2026-10-07T17:25:09.4197334Z   package-manager-cache: false
Linux build and workspace tests	Run actions/setup-node@48b55a011bda9f5d6aeb4c2d9c7362e8dae4041e	2026-10-07T17:25:09.4197589Z   check-latest: false
Linux build and workspace tests	Run actions/setup-node@48b55a011bda9f5d6aeb4c2d9c7362e8dae4041e	2026-10-07T17:25:09.4200196Z   token: ***
Linux build and workspace tests	Run actions/setup-node@48b55a011bda9f5d6aeb4c2d9c7362e8dae4041e	2026-10-07T17:25:09.4200401Z env:
Linux build and workspace tests	Run actions/setup-node@48b55a011bda9f5d6aeb4c2d9c7362e8dae4041e	2026-10-07T17:25:09.4200597Z   CARGO_TERM_COLOR: always
Linux build and workspace tests	Run actions/setup-node@48b55a011bda9f5d6aeb4c2d9c7362e8dae4041e	2026-10-07T17:25:09.4200834Z   CARGO_INCREMENTAL: 0
Linux build and workspace tests	Run actions/setup-node@48b55a011bda9f5d6aeb4c2d9c7362e8dae4041e	2026-10-07T17:25:09.4201060Z   CARGO_PROFILE_DEV_DEBUG: 0
Linux build and workspace tests	Run actions/setup-node@48b55a011bda9f5d6aeb4c2d9c7362e8dae4041e	2026-10-07T17:25:09.4201322Z   CARGO_PROFILE_DEV_BUILD_OVERRIDE_DEBUG: 0
Linux build and workspace tests	Run actions/setup-node@48b55a011bda9f5d6aeb4c2d9c7362e8dae4041e	2026-10-07T17:25:09.4201603Z   RUST_BACKTRACE: 1
Linux build and workspace tests	Run actions/setup-node@48b55a011bda9f5d6aeb4c2d9c7362e8dae4041e	2026-10-07T17:25:09.4201813Z   CC: clang
Linux build and workspace tests	Run actions/setup-node@48b55a011bda9f5d6aeb4c2d9c7362e8dae4041e	2026-10-07T17:25:09.4202219Z   CXX: clang++
Linux build and workspace tests	Run actions/setup-node@48b55a011bda9f5d6aeb4c2d9c7362e8dae4041e	2026-10-07T17:25:09.4202440Z   WGPU_BACKEND: vulkan
Linux build and workspace tests	Run actions/setup-node@48b55a011bda9f5d6aeb4c2d9c7362e8dae4041e	2026-10-07T17:25:09.4202655Z   CI_TEST_FILTER: 
Linux build and workspace tests	Run actions/setup-node@48b55a011bda9f5d6aeb4c2d9c7362e8dae4041e	2026-10-07T17:25:09.4202859Z   CI_TEST_MODE: full
Linux build and workspace tests	Run actions/setup-node@48b55a011bda9f5d6aeb4c2d9c7362e8dae4041e	2026-10-07T17:25:09.4203069Z   CARGO_BUILD_JOBS: 4
Linux build and workspace tests	Run actions/setup-node@48b55a011bda9f5d6aeb4c2d9c7362e8dae4041e	2026-10-07T17:25:09.4203297Z   CI_TEST_THREADS: 4
Linux build and workspace tests	Run actions/setup-node@48b55a011bda9f5d6aeb4c2d9c7362e8dae4041e	2026-10-07T17:25:09.4203553Z   VK_DRIVER_FILES: /usr/share/vulkan/icd.d/lvp_icd.json
Linux build and workspace tests	Run actions/setup-node@48b55a011bda9f5d6aeb4c2d9c7362e8dae4041e	2026-10-07T17:25:09.4203894Z ##[endgroup]
Linux build and workspace tests	Run actions/setup-node@48b55a011bda9f5d6aeb4c2d9c7362e8dae4041e	2026-10-07T17:25:09.5956493Z Found in cache @ /opt/hostedtoolcache/node/24.21.0/x64
Linux build and workspace tests	Run actions/setup-node@48b55a011bda9f5d6aeb4c2d9c7362e8dae4041e	2026-10-07T17:25:09.5959875Z ##[group]Environment details
Linux build and workspace tests	Run actions/setup-node@48b55a011bda9f5d6aeb4c2d9c7362e8dae4041e	2026-10-07T17:25:09.9383934Z node: v24.21.0
Linux build and workspace tests	Run actions/setup-node@48b55a011bda9f5d6aeb4c2d9c7362e8dae4041e	2026-10-07T17:25:09.9384385Z npm: 11.19.0
Linux build and workspace tests	Run actions/setup-node@48b55a011bda9f5d6aeb4c2d9c7362e8dae4041e	2026-10-07T17:25:09.9384678Z yarn: 1.22.22
Linux build and workspace tests	Run actions/setup-node@48b55a011bda9f5d6aeb4c2d9c7362e8dae4041e	2026-10-07T17:25:09.9385217Z ##[endgroup]
Linux build and workspace tests	Run taiki-e/install-action@a6b2e2dcd845ddd7f509ce4f3ed3d922b80cc5d9	﻿2026-10-07T17:25:09.9581265Z ##[group]Run taiki-e/install-action@a6b2e2dcd845ddd7f509ce4f3ed3d922b80cc5d9
Linux build and workspace tests	Run taiki-e/install-action@a6b2e2dcd845ddd7f509ce4f3ed3d922b80cc5d9	2026-10-07T17:25:09.9581711Z with:
Linux build and workspace tests	Run taiki-e/install-action@a6b2e2dcd845ddd7f509ce4f3ed3d922b80cc5d9	2026-10-07T17:25:09.9582073Z   tool: nextest
Linux build and workspace tests	Run taiki-e/install-action@a6b2e2dcd845ddd7f509ce4f3ed3d922b80cc5d9	2026-10-07T17:25:09.9582286Z   checksum: true
Linux build and workspace tests	Run taiki-e/install-action@a6b2e2dcd845ddd7f509ce4f3ed3d922b80cc5d9	2026-10-07T17:25:09.9582507Z   fallback: cargo-binstall
Linux build and workspace tests	Run taiki-e/install-action@a6b2e2dcd845ddd7f509ce4f3ed3d922b80cc5d9	2026-10-07T17:25:09.9582750Z env:
Linux build and workspace tests	Run taiki-e/install-action@a6b2e2dcd845ddd7f509ce4f3ed3d922b80cc5d9	2026-10-07T17:25:09.9582943Z   CARGO_TERM_COLOR: always
Linux build and workspace tests	Run taiki-e/install-action@a6b2e2dcd845ddd7f509ce4f3ed3d922b80cc5d9	2026-10-07T17:25:09.9583177Z   CARGO_INCREMENTAL: 0
Linux build and workspace tests	Run taiki-e/install-action@a6b2e2dcd845ddd7f509ce4f3ed3d922b80cc5d9	2026-10-07T17:25:09.9583407Z   CARGO_PROFILE_DEV_DEBUG: 0
Linux build and workspace tests	Run taiki-e/install-action@a6b2e2dcd845ddd7f509ce4f3ed3d922b80cc5d9	2026-10-07T17:25:09.9583672Z   CARGO_PROFILE_DEV_BUILD_OVERRIDE_DEBUG: 0
Linux build and workspace tests	Run taiki-e/install-action@a6b2e2dcd845ddd7f509ce4f3ed3d922b80cc5d9	2026-10-07T17:25:09.9583976Z   RUST_BACKTRACE: 1
Linux build and workspace tests	Run taiki-e/install-action@a6b2e2dcd845ddd7f509ce4f3ed3d922b80cc5d9	2026-10-07T17:25:09.9584185Z   CC: clang
Linux build and workspace tests	Run taiki-e/install-action@a6b2e2dcd845ddd7f509ce4f3ed3d922b80cc5d9	2026-10-07T17:25:09.9584373Z   CXX: clang++
Linux build and workspace tests	Run taiki-e/install-action@a6b2e2dcd845ddd7f509ce4f3ed3d922b80cc5d9	2026-10-07T17:25:09.9584575Z   WGPU_BACKEND: vulkan
Linux build and workspace tests	Run taiki-e/install-action@a6b2e2dcd845ddd7f509ce4f3ed3d922b80cc5d9	2026-10-07T17:25:09.9584792Z   CI_TEST_FILTER: 
Linux build and workspace tests	Run taiki-e/install-action@a6b2e2dcd845ddd7f509ce4f3ed3d922b80cc5d9	2026-10-07T17:25:09.9584999Z   CI_TEST_MODE: full
Linux build and workspace tests	Run taiki-e/install-action@a6b2e2dcd845ddd7f509ce4f3ed3d922b80cc5d9	2026-10-07T17:25:09.9585219Z   CARGO_BUILD_JOBS: 4
Linux build and workspace tests	Run taiki-e/install-action@a6b2e2dcd845ddd7f509ce4f3ed3d922b80cc5d9	2026-10-07T17:25:09.9585429Z   CI_TEST_THREADS: 4
Linux build and workspace tests	Run taiki-e/install-action@a6b2e2dcd845ddd7f509ce4f3ed3d922b80cc5d9	2026-10-07T17:25:09.9585688Z   VK_DRIVER_FILES: /usr/share/vulkan/icd.d/lvp_icd.json
Linux build and workspace tests	Run taiki-e/install-action@a6b2e2dcd845ddd7f509ce4f3ed3d922b80cc5d9	2026-10-07T17:25:09.9586054Z ##[endgroup]
Linux build and workspace tests	Run taiki-e/install-action@a6b2e2dcd845ddd7f509ce4f3ed3d922b80cc5d9	2026-10-07T17:25:09.9647070Z ##[start-action display=Run bail() {;id=__taiki-e_install-action.__run]
Linux build and workspace tests	Run taiki-e/install-action@a6b2e2dcd845ddd7f509ce4f3ed3d922b80cc5d9	2026-10-07T17:25:09.9675378Z ##[group]Run bail() {
Linux build and workspace tests	Run taiki-e/install-action@a6b2e2dcd845ddd7f509ce4f3ed3d922b80cc5d9	2026-10-07T17:25:09.9675662Z [36;1mbail() {[0m
Linux build and workspace tests	Run taiki-e/install-action@a6b2e2dcd845ddd7f509ce4f3ed3d922b80cc5d9	2026-10-07T17:25:09.9675921Z [36;1m  printf '::error::install-action: %s\n' "$*"[0m
Linux build and workspace tests	Run taiki-e/install-action@a6b2e2dcd845ddd7f509ce4f3ed3d922b80cc5d9	2026-10-07T17:25:09.9676236Z [36;1m  exit 1[0m
Linux build and workspace tests	Run taiki-e/install-action@a6b2e2dcd845ddd7f509ce4f3ed3d922b80cc5d9	2026-10-07T17:25:09.9676431Z [36;1m}[0m
Linux build and workspace tests	Run taiki-e/install-action@a6b2e2dcd845ddd7f509ce4f3ed3d922b80cc5d9	2026-10-07T17:25:09.9676804Z [36;1m# If /bin/sh is dash, environment variable containing % is not imported, but is fine[0m
Linux build and workspace tests	Run taiki-e/install-action@a6b2e2dcd845ddd7f509ce4f3ed3d922b80cc5d9	2026-10-07T17:25:09.9677551Z [36;1m# because it also means that it will not be exposed to subprocess.[0m
Linux build and workspace tests	Run taiki-e/install-action@a6b2e2dcd845ddd7f509ce4f3ed3d922b80cc5d9	2026-10-07T17:25:09.9677979Z [36;1mif /usr/bin/env | grep -Eq '^BASH_FUNC_'; then[0m
Linux build and workspace tests	Run taiki-e/install-action@a6b2e2dcd845ddd7f509ce4f3ed3d922b80cc5d9	2026-10-07T17:25:09.9678511Z [36;1m  bail 'bash function injection via BASH_FUNC_ environment variable is not allowed for security reasons'[0m
Linux build and workspace tests	Run taiki-e/install-action@a6b2e2dcd845ddd7f509ce4f3ed3d922b80cc5d9	2026-10-07T17:25:09.9678992Z [36;1mfi[0m
Linux build and workspace tests	Run taiki-e/install-action@a6b2e2dcd845ddd7f509ce4f3ed3d922b80cc5d9	2026-10-07T17:25:09.9679224Z [36;1mif ! command -v bash >/dev/null; then[0m
Linux build and workspace tests	Run taiki-e/install-action@a6b2e2dcd845ddd7f509ce4f3ed3d922b80cc5d9	2026-10-07T17:25:09.9679591Z [36;1m  if grep -Eq '^ID=alpine' /etc/os-release; then[0m
Linux build and workspace tests	Run taiki-e/install-action@a6b2e2dcd845ddd7f509ce4f3ed3d922b80cc5d9	2026-10-07T17:25:09.9680045Z [36;1m    printf '::group::Install packages required for install-action (bash)\n'[0m
Linux build and workspace tests	Run taiki-e/install-action@a6b2e2dcd845ddd7f509ce4f3ed3d922b80cc5d9	2026-10-07T17:25:09.9680479Z [36;1m    # NB: sync with apk_install in main.sh[0m
Linux build and workspace tests	Run taiki-e/install-action@a6b2e2dcd845ddd7f509ce4f3ed3d922b80cc5d9	2026-10-07T17:25:09.9680801Z [36;1m    if command -v sudo >/dev/null; then[0m
Linux build and workspace tests	Run taiki-e/install-action@a6b2e2dcd845ddd7f509ce4f3ed3d922b80cc5d9	2026-10-07T17:25:09.9681107Z [36;1m      sudo apk --no-cache add bash[0m
Linux build and workspace tests	Run taiki-e/install-action@a6b2e2dcd845ddd7f509ce4f3ed3d922b80cc5d9	2026-10-07T17:25:09.9681413Z [36;1m    elif command -v doas >/dev/null; then[0m
Linux build and workspace tests	Run taiki-e/install-action@a6b2e2dcd845ddd7f509ce4f3ed3d922b80cc5d9	2026-10-07T17:25:09.9681711Z [36;1m      doas apk --no-cache add bash[0m
Linux build and workspace tests	Run taiki-e/install-action@a6b2e2dcd845ddd7f509ce4f3ed3d922b80cc5d9	2026-10-07T17:25:09.9682133Z [36;1m    else[0m
Linux build and workspace tests	Run taiki-e/install-action@a6b2e2dcd845ddd7f509ce4f3ed3d922b80cc5d9	2026-10-07T17:25:09.9682356Z [36;1m      apk --no-cache add bash[0m
Linux build and workspace tests	Run taiki-e/install-action@a6b2e2dcd845ddd7f509ce4f3ed3d922b80cc5d9	2026-10-07T17:25:09.9682612Z [36;1m    fi[0m
Linux build and workspace tests	Run taiki-e/install-action@a6b2e2dcd845ddd7f509ce4f3ed3d922b80cc5d9	2026-10-07T17:25:09.9682833Z [36;1m    printf '::endgroup::\n'[0m
Linux build and workspace tests	Run taiki-e/install-action@a6b2e2dcd845ddd7f509ce4f3ed3d922b80cc5d9	2026-10-07T17:25:09.9683087Z [36;1m  else[0m
Linux build and workspace tests	Run taiki-e/install-action@a6b2e2dcd845ddd7f509ce4f3ed3d922b80cc5d9	2026-10-07T17:25:09.9683317Z [36;1m    bail 'this action requires bash'[0m
Linux build and workspace tests	Run taiki-e/install-action@a6b2e2dcd845ddd7f509ce4f3ed3d922b80cc5d9	2026-10-07T17:25:09.9683589Z [36;1m  fi[0m
Linux build and workspace tests	Run taiki-e/install-action@a6b2e2dcd845ddd7f509ce4f3ed3d922b80cc5d9	2026-10-07T17:25:09.9683778Z [36;1mfi[0m
Linux build and workspace tests	Run taiki-e/install-action@a6b2e2dcd845ddd7f509ce4f3ed3d922b80cc5d9	2026-10-07T17:25:09.9684060Z [36;1mbash --noprofile --norc "${GITHUB_ACTION_PATH:?}/main.sh"[0m
Linux build and workspace tests	Run taiki-e/install-action@a6b2e2dcd845ddd7f509ce4f3ed3d922b80cc5d9	2026-10-07T17:25:09.9685389Z shell: /usr/bin/env -u ENV -u BASH_ENV -u CDPATH -u SHELLOPTS -u BASHOPTS /bin/sh -eu {0}
Linux build and workspace tests	Run taiki-e/install-action@a6b2e2dcd845ddd7f509ce4f3ed3d922b80cc5d9	2026-10-07T17:25:09.9685803Z env:
Linux build and workspace tests	Run taiki-e/install-action@a6b2e2dcd845ddd7f509ce4f3ed3d922b80cc5d9	2026-10-07T17:25:09.9686007Z   CARGO_TERM_COLOR: always
Linux build and workspace tests	Run taiki-e/install-action@a6b2e2dcd845ddd7f509ce4f3ed3d922b80cc5d9	2026-10-07T17:25:09.9686248Z   CARGO_INCREMENTAL: 0
Linux build and workspace tests	Run taiki-e/install-action@a6b2e2dcd845ddd7f509ce4f3ed3d922b80cc5d9	2026-10-07T17:25:09.9686480Z   CARGO_PROFILE_DEV_DEBUG: 0
Linux build and workspace tests	Run taiki-e/install-action@a6b2e2dcd845ddd7f509ce4f3ed3d922b80cc5d9	2026-10-07T17:25:09.9686747Z   CARGO_PROFILE_DEV_BUILD_OVERRIDE_DEBUG: 0
Linux build and workspace tests	Run taiki-e/install-action@a6b2e2dcd845ddd7f509ce4f3ed3d922b80cc5d9	2026-10-07T17:25:09.9687024Z   RUST_BACKTRACE: 1
Linux build and workspace tests	Run taiki-e/install-action@a6b2e2dcd845ddd7f509ce4f3ed3d922b80cc5d9	2026-10-07T17:25:09.9687235Z   CC: clang
Linux build and workspace tests	Run taiki-e/install-action@a6b2e2dcd845ddd7f509ce4f3ed3d922b80cc5d9	2026-10-07T17:25:09.9687418Z   CXX: clang++
Linux build and workspace tests	Run taiki-e/install-action@a6b2e2dcd845ddd7f509ce4f3ed3d922b80cc5d9	2026-10-07T17:25:09.9687615Z   WGPU_BACKEND: vulkan
Linux build and workspace tests	Run taiki-e/install-action@a6b2e2dcd845ddd7f509ce4f3ed3d922b80cc5d9	2026-10-07T17:25:09.9687829Z   CI_TEST_FILTER: 
Linux build and workspace tests	Run taiki-e/install-action@a6b2e2dcd845ddd7f509ce4f3ed3d922b80cc5d9	2026-10-07T17:25:09.9688038Z   CI_TEST_MODE: full
Linux build and workspace tests	Run taiki-e/install-action@a6b2e2dcd845ddd7f509ce4f3ed3d922b80cc5d9	2026-10-07T17:25:09.9688248Z   CARGO_BUILD_JOBS: 4
Linux build and workspace tests	Run taiki-e/install-action@a6b2e2dcd845ddd7f509ce4f3ed3d922b80cc5d9	2026-10-07T17:25:09.9688461Z   CI_TEST_THREADS: 4
Linux build and workspace tests	Run taiki-e/install-action@a6b2e2dcd845ddd7f509ce4f3ed3d922b80cc5d9	2026-10-07T17:25:09.9688716Z   VK_DRIVER_FILES: /usr/share/vulkan/icd.d/lvp_icd.json
Linux build and workspace tests	Run taiki-e/install-action@a6b2e2dcd845ddd7f509ce4f3ed3d922b80cc5d9	2026-10-07T17:25:09.9689018Z   INPUT_TOOL: nextest
Linux build and workspace tests	Run taiki-e/install-action@a6b2e2dcd845ddd7f509ce4f3ed3d922b80cc5d9	2026-10-07T17:25:09.9689234Z   INPUT_CHECKSUM: true
Linux build and workspace tests	Run taiki-e/install-action@a6b2e2dcd845ddd7f509ce4f3ed3d922b80cc5d9	2026-10-07T17:25:09.9689651Z   INPUT_FALLBACK: cargo-binstall
Linux build and workspace tests	Run taiki-e/install-action@a6b2e2dcd845ddd7f509ce4f3ed3d922b80cc5d9	2026-10-07T17:25:09.9692547Z   DEFAULT_GITHUB_TOKEN: ***
Linux build and workspace tests	Run taiki-e/install-action@a6b2e2dcd845ddd7f509ce4f3ed3d922b80cc5d9	2026-10-07T17:25:09.9692967Z   ACTION_USER_AGENT: taiki-e/install-action (a6b2e2dcd845ddd7f509ce4f3ed3d922b80cc5d9)
Linux build and workspace tests	Run taiki-e/install-action@a6b2e2dcd845ddd7f509ce4f3ed3d922b80cc5d9	2026-10-07T17:25:09.9693390Z   RUNNER_OS: Linux
Linux build and workspace tests	Run taiki-e/install-action@a6b2e2dcd845ddd7f509ce4f3ed3d922b80cc5d9	2026-10-07T17:25:09.9693606Z   RUNNER_ARCH: X64
Linux build and workspace tests	Run taiki-e/install-action@a6b2e2dcd845ddd7f509ce4f3ed3d922b80cc5d9	2026-10-07T17:25:09.9693813Z ##[endgroup]
Linux build and workspace tests	Run taiki-e/install-action@a6b2e2dcd845ddd7f509ce4f3ed3d922b80cc5d9	2026-10-07T17:25:09.9847225Z info: host platform: x86_64_linux
Linux build and workspace tests	Run taiki-e/install-action@a6b2e2dcd845ddd7f509ce4f3ed3d922b80cc5d9	2026-10-07T17:25:10.0133977Z info: installing cargo-nextest@latest
Linux build and workspace tests	Run taiki-e/install-action@a6b2e2dcd845ddd7f509ce4f3ed3d922b80cc5d9	2026-10-07T17:25:10.0360995Z info: downloading https://github.com/nextest-rs/nextest/releases/download/cargo-nextest-0.9.140/cargo-nextest-0.9.140-x86_64-unknown-linux-gnu.tar.gz
Linux build and workspace tests	Run taiki-e/install-action@a6b2e2dcd845ddd7f509ce4f3ed3d922b80cc5d9	2026-10-07T17:25:10.2041168Z info: verifying sha256 checksum for cargo-nextest-0.9.140-x86_64-unknown-linux-gnu.tar.gz
Linux build and workspace tests	Run taiki-e/install-action@a6b2e2dcd845ddd7f509ce4f3ed3d922b80cc5d9	2026-10-07T17:25:10.4710533Z info: cargo-nextest installed at /home/runner/.cargo/bin/cargo-nextest
Linux build and workspace tests	Run taiki-e/install-action@a6b2e2dcd845ddd7f509ce4f3ed3d922b80cc5d9	2026-10-07T17:25:10.4714390Z + cargo-nextest nextest --version
Linux build and workspace tests	Run taiki-e/install-action@a6b2e2dcd845ddd7f509ce4f3ed3d922b80cc5d9	2026-10-07T17:25:10.4746189Z cargo-nextest 0.9.140 (a9fef2964 2026-07-05)
Linux build and workspace tests	Run taiki-e/install-action@a6b2e2dcd845ddd7f509ce4f3ed3d922b80cc5d9	2026-10-07T17:25:10.4746987Z release: 0.9.140
Linux build and workspace tests	Run taiki-e/install-action@a6b2e2dcd845ddd7f509ce4f3ed3d922b80cc5d9	2026-10-07T17:25:10.4747370Z commit-hash: a9fef2964e34f64ed4fceeee7c0c3559ce560920
Linux build and workspace tests	Run taiki-e/install-action@a6b2e2dcd845ddd7f509ce4f3ed3d922b80cc5d9	2026-10-07T17:25:10.4747755Z commit-date: 2026-07-05
Linux build and workspace tests	Run taiki-e/install-action@a6b2e2dcd845ddd7f509ce4f3ed3d922b80cc5d9	2026-10-07T17:25:10.4748047Z host: x86_64-unknown-linux-gnu
Linux build and workspace tests	Run taiki-e/install-action@a6b2e2dcd845ddd7f509ce4f3ed3d922b80cc5d9	2026-10-07T17:25:10.4751039Z 
Linux build and workspace tests	Run taiki-e/install-action@a6b2e2dcd845ddd7f509ce4f3ed3d922b80cc5d9	2026-10-07T17:25:10.4770582Z ##[end-action id=__taiki-e_install-action.__run;outcome=success;conclusion=success;duration_ms=512]
Linux build and workspace tests	Run taiki-e/install-action@a6b2e2dcd845ddd7f509ce4f3ed3d922b80cc5d9	2026-10-07T17:25:10.4776316Z ##[start-action display=Run Set-StrictMode -Version Latest;id=__taiki-e_install-action.__run_2]
Linux build and workspace tests	Run taiki-e/install-action@a6b2e2dcd845ddd7f509ce4f3ed3d922b80cc5d9	2026-10-07T17:25:10.4781056Z ##[end-action id=__taiki-e_install-action.__run_2;outcome=skipped;conclusion=skipped;duration_ms=0]
Linux build and workspace tests	Install WASI SDK	﻿2026-10-07T17:25:10.4816129Z ##[group]Run ./script/download-wasi-sdk
Linux build and workspace tests	Install WASI SDK	2026-10-07T17:25:10.4816476Z [36;1m./script/download-wasi-sdk[0m
Linux build and workspace tests	Install WASI SDK	2026-10-07T17:25:10.4895045Z shell: /usr/bin/bash --noprofile --norc -e -o pipefail {0}
Linux build and workspace tests	Install WASI SDK	2026-10-07T17:25:10.4895407Z env:
Linux build and workspace tests	Install WASI SDK	2026-10-07T17:25:10.4895614Z   CARGO_TERM_COLOR: always
Linux build and workspace tests	Install WASI SDK	2026-10-07T17:25:10.4895858Z   CARGO_INCREMENTAL: 0
Linux build and workspace tests	Install WASI SDK	2026-10-07T17:25:10.4896086Z   CARGO_PROFILE_DEV_DEBUG: 0
Linux build and workspace tests	Install WASI SDK	2026-10-07T17:25:10.4896350Z   CARGO_PROFILE_DEV_BUILD_OVERRIDE_DEBUG: 0
Linux build and workspace tests	Install WASI SDK	2026-10-07T17:25:10.4896633Z   RUST_BACKTRACE: 1
Linux build and workspace tests	Install WASI SDK	2026-10-07T17:25:10.4896835Z   CC: clang
Linux build and workspace tests	Install WASI SDK	2026-10-07T17:25:10.4897019Z   CXX: clang++
Linux build and workspace tests	Install WASI SDK	2026-10-07T17:25:10.4897217Z   WGPU_BACKEND: vulkan
Linux build and workspace tests	Install WASI SDK	2026-10-07T17:25:10.4897429Z   CI_TEST_FILTER: 
Linux build and workspace tests	Install WASI SDK	2026-10-07T17:25:10.4897639Z   CI_TEST_MODE: full
Linux build and workspace tests	Install WASI SDK	2026-10-07T17:25:10.4897848Z   CARGO_BUILD_JOBS: 4
Linux build and workspace tests	Install WASI SDK	2026-10-07T17:25:10.4898075Z   CI_TEST_THREADS: 4
Linux build and workspace tests	Install WASI SDK	2026-10-07T17:25:10.4898337Z   VK_DRIVER_FILES: /usr/share/vulkan/icd.d/lvp_icd.json
Linux build and workspace tests	Install WASI SDK	2026-10-07T17:25:10.4898645Z ##[endgroup]
Linux build and workspace tests	Install WASI SDK	2026-10-07T17:25:10.5014153Z WASI SDK not found, downloading v34...
Linux build and workspace tests	Install WASI SDK	2026-10-07T17:25:10.5046091Z Downloading from: https://github.com/WebAssembly/wasi-sdk/releases/download/wasi-sdk-34/wasi-sdk-34.0-x86_64-linux.tar.gz
Linux build and workspace tests	Install WASI SDK	2026-10-07T17:25:10.5126148Z   % Total    % Received % Xferd  Average Speed   Time    Time     Time  Current
Linux build and workspace tests	Install WASI SDK	2026-10-07T17:25:10.5127080Z                                  Dload  Upload   Total   Spent    Left  Speed
Linux build and workspace tests	Install WASI SDK	2026-10-07T17:25:10.5127742Z 
Linux build and workspace tests	Install WASI SDK	2026-10-07T17:25:10.6612385Z   0     0    0     0    0     0      0      0 --:--:-- --:--:-- --:--:--     0
Linux build and workspace tests	Install WASI SDK	2026-10-07T17:25:10.6613134Z   0     0    0     0    0     0      0      0 --:--:-- --:--:-- --:--:--     0
Linux build and workspace tests	Install WASI SDK	2026-10-07T17:25:11.6758935Z 
Linux build and workspace tests	Install WASI SDK	2026-10-07T17:25:12.6790911Z  15  183M   15 29.0M    0     0  25.0M      0  0:00:07  0:00:01  0:00:06 25.0M
Linux build and workspace tests	Install WASI SDK	2026-10-07T17:25:13.5614567Z  36  183M   36 66.9M    0     0  30.8M      0  0:00:05  0:00:02  0:00:03 37.7M
Linux build and workspace tests	Install WASI SDK	2026-10-07T17:25:14.7032440Z  57  183M   57  104M    0     0  34.4M      0  0:00:05  0:00:03  0:00:02 40.2M
Linux build and workspace tests	Install WASI SDK	2026-10-07T17:25:15.5063656Z  82  183M   82  152M    0     0  36.3M      0  0:00:05  0:00:04  0:00:01 40.6M
Linux build and workspace tests	Install WASI SDK	2026-10-07T17:25:15.5064702Z 100  183M  100  183M    0     0  36.7M      0  0:00:04  0:00:04 --:--:-- 40.3M
Linux build and workspace tests	Install WASI SDK	2026-10-07T17:25:15.5065508Z 100  183M  100  183M    0     0  36.7M      0  0:00:04  0:00:04 --:--:-- 40.3M
Linux build and workspace tests	Install WASI SDK	2026-10-07T17:25:15.5184162Z WASI SDK v34 installed successfully
Linux build and workspace tests	Build test extension	﻿2026-10-07T17:25:15.5219304Z ##[group]Run python3 script/ci-run stage 'Test extension build' -- cargo build --locked --manifest-path extensions/test-extension/Cargo.toml --target wasm32-wasip2 --target-dir extensions/test-extension/target
Linux build and workspace tests	Build test extension	2026-10-07T17:25:15.5220782Z [36;1mpython3 script/ci-run stage 'Test extension build' -- cargo build --locked --manifest-path extensions/test-extension/Cargo.toml --target wasm32-wasip2 --target-dir extensions/test-extension/target[0m
Linux build and workspace tests	Build test extension	2026-10-07T17:25:15.5296623Z shell: /usr/bin/bash --noprofile --norc -e -o pipefail {0}
Linux build and workspace tests	Build test extension	2026-10-07T17:25:15.5296993Z env:
Linux build and workspace tests	Build test extension	2026-10-07T17:25:15.5297208Z   CARGO_TERM_COLOR: always
Linux build and workspace tests	Build test extension	2026-10-07T17:25:15.5297485Z   CARGO_INCREMENTAL: 0
Linux build and workspace tests	Build test extension	2026-10-07T17:25:15.5297722Z   CARGO_PROFILE_DEV_DEBUG: 0
Linux build and workspace tests	Build test extension	2026-10-07T17:25:15.5297993Z   CARGO_PROFILE_DEV_BUILD_OVERRIDE_DEBUG: 0
Linux build and workspace tests	Build test extension	2026-10-07T17:25:15.5298279Z   RUST_BACKTRACE: 1
Linux build and workspace tests	Build test extension	2026-10-07T17:25:15.5298491Z   CC: clang
Linux build and workspace tests	Build test extension	2026-10-07T17:25:15.5298678Z   CXX: clang++
Linux build and workspace tests	Build test extension	2026-10-07T17:25:15.5298882Z   WGPU_BACKEND: vulkan
Linux build and workspace tests	Build test extension	2026-10-07T17:25:15.5299098Z   CI_TEST_FILTER: 
Linux build and workspace tests	Build test extension	2026-10-07T17:25:15.5299357Z   CI_TEST_MODE: full
Linux build and workspace tests	Build test extension	2026-10-07T17:25:15.5299576Z   CARGO_BUILD_JOBS: 4
Linux build and workspace tests	Build test extension	2026-10-07T17:25:15.5299792Z   CI_TEST_THREADS: 4
Linux build and workspace tests	Build test extension	2026-10-07T17:25:15.5300053Z   VK_DRIVER_FILES: /usr/share/vulkan/icd.d/lvp_icd.json
Linux build and workspace tests	Build test extension	2026-10-07T17:25:15.5300367Z ##[endgroup]
Linux build and workspace tests	Build test extension	2026-10-07T17:25:15.8426950Z [1m[92m    Updating[0m git repository `https://github.com/zed-industries/async-process.git`
Linux build and workspace tests	Build test extension	2026-10-07T17:25:16.0912295Z [1m[92m    Updating[0m git repository `https://github.com/smol-rs/async-task.git`
Linux build and workspace tests	Build test extension	2026-10-07T17:25:16.6092686Z [1m[92m    Updating[0m git repository `https://github.com/zed-industries/calloop`
Linux build and workspace tests	Build test extension	2026-10-07T17:25:16.9491298Z [1m[92m    Updating[0m git repository `https://github.com/zed-industries/livekit-rust-sdks`
Linux build and workspace tests	Build test extension	2026-10-07T17:25:18.4072159Z [1m[92m    Updating[0m git submodule `https://github.com/livekit/protocol`
Linux build and workspace tests	Build test extension	2026-10-07T17:25:19.6291905Z [1m[92m    Updating[0m git submodule `https://github.com/zed-industries/libyuv`
Linux build and workspace tests	Build test extension	2026-10-07T17:25:23.5789064Z [1m[92m    Updating[0m git repository `https://github.com/zed-industries/notify`
Linux build and workspace tests	Build test extension	2026-10-07T17:25:24.1053133Z [1m[92m    Updating[0m git repository `https://github.com/tree-sitter/tree-sitter`
Linux build and workspace tests	Build test extension	2026-10-07T17:25:28.2565497Z [1m[92m    Updating[0m git repository `https://github.com/zed-industries/windows-capture.git`
Linux build and workspace tests	Build test extension	2026-10-07T17:25:28.7092508Z [1m[92m    Updating[0m crates.io index
Linux build and workspace tests	Build test extension	2026-10-07T17:25:28.7107469Z [1m[92m    Updating[0m git repository `https://github.com/proptest-rs/proptest`
Linux build and workspace tests	Build test extension	2026-10-07T17:25:29.4668745Z [1m[92m    Updating[0m git repository `https://github.com/zed-industries/scap`
Linux build and workspace tests	Build test extension	2026-10-07T17:25:30.0321330Z [1m[92m    Updating[0m git repository `https://github.com/zed-industries/font-kit`
Linux build and workspace tests	Build test extension	2026-10-07T17:25:30.4797960Z [1m[92m    Updating[0m git repository `https://github.com/zed-industries/async-tar`
Linux build and workspace tests	Build test extension	2026-10-07T17:25:30.8759170Z [1m[92m    Updating[0m git repository `https://github.com/zed-industries/wasm_thread`
Linux build and workspace tests	Build test extension	2026-10-07T17:25:31.1077019Z [1m[92m    Updating[0m git repository `https://github.com/zed-industries/xim-rs.git`
Linux build and workspace tests	Build test extension	2026-10-07T17:25:31.4550173Z [1m[92m    Updating[0m git repository `https://github.com/zed-industries/reqwest.git`
Linux build and workspace tests	Build test extension	2026-10-07T17:25:32.2345240Z [1m[92m    Updating[0m git repository `https://github.com/zed-industries/tree-sitter-markdown`
Linux build and workspace tests	Build test extension	2026-10-07T17:25:37.4033458Z [1m[92m    Updating[0m git repository `https://github.com/zed-industries/tree-sitter-typescript`
Linux build and workspace tests	Build test extension	2026-10-07T17:26:30.0983572Z [1m[92m    Updating[0m git repository `https://github.com/zed-industries/tree-sitter-heex`
Linux build and workspace tests	Build test extension	2026-10-07T17:26:30.3599829Z [1m[92m    Updating[0m git repository `https://github.com/zed-industries/trash-rs`
Linux build and workspace tests	Build test extension	2026-10-07T17:26:30.6967775Z [1m[92m    Updating[0m git repository `https://github.com/tree-sitter/tree-sitter-cpp`
Linux build and workspace tests	Build test extension	2026-10-07T17:28:27.4719052Z [1m[92m    Updating[0m git repository `https://github.com/zed-industries/tree-sitter-git-commit`
Linux build and workspace tests	Build test extension	2026-10-07T17:28:27.8416703Z [1m[92m    Updating[0m git repository `https://github.com/camdencheek/tree-sitter-go-mod`
Linux build and workspace tests	Build test extension	2026-10-07T17:28:28.1149010Z [1m[92m    Updating[0m git repository `https://github.com/zed-industries/tree-sitter-go-work`
Linux build and workspace tests	Build test extension	2026-10-07T17:28:28.3577167Z [1m[92m    Updating[0m git repository `https://github.com/zed-industries/tree-sitter-yaml`
Linux build and workspace tests	Build test extension	2026-10-07T17:28:28.8110407Z [1m[92m    Updating[0m git submodule `https://github.com/yaml/yaml-test-suite`
Linux build and workspace tests	Build test extension	2026-10-07T17:28:29.2712859Z [1m[92m    Updating[0m git repository `https://github.com/zed-industries/async-pipe-rs`
Linux build and workspace tests	Build test extension	2026-10-07T17:28:29.4910102Z [1m[92m    Updating[0m git repository `https://github.com/zed-industries/lsp-types`
Linux build and workspace tests	Build test extension	2026-10-07T17:28:30.0298061Z [1m[92m    Updating[0m git repository `https://github.com/zed-industries/dap-types`
Linux build and workspace tests	Build test extension	2026-10-07T17:28:30.2654363Z [1m[92m    Updating[0m git repository `https://github.com/zed-industries/python-environment-tools.git`
Linux build and workspace tests	Build test extension	2026-10-07T17:28:30.9055082Z [1m[92m    Updating[0m git repository `https://github.com/zed-industries/alacritty`
Linux build and workspace tests	Build test extension	2026-10-07T17:28:34.3628621Z [1m[92m    Updating[0m git repository `https://github.com/RustAudio/rodio`
Linux build and workspace tests	Build test extension	2026-10-07T17:28:35.3345575Z [1m[92m    Updating[0m git repository `https://github.com/KillTheMule/nvim-rs`
Linux build and workspace tests	Build test extension	2026-10-07T17:28:35.6904071Z [1m[92m    Updating[0m git repository `https://github.com/zed-industries/wprcontrol`
Linux build and workspace tests	Build test extension	2026-10-07T17:28:35.9274843Z [1m[92m    Updating[0m git repository `https://github.com/zed-industries/gh-workflow`
Linux build and workspace tests	Build test extension	2026-10-07T17:28:38.1358159Z [1m[92m Downloading[0m crates ...
Linux build and workspace tests	Build test extension	2026-10-07T17:28:38.1643775Z [1m[92m  Downloaded[0m cfg-if v1.0.4
Linux build and workspace tests	Build test extension	2026-10-07T17:28:38.1660827Z [1m[92m  Downloaded[0m adler2 v2.0.1
Linux build and workspace tests	Build test extension	2026-10-07T17:28:38.1690629Z [1m[92m  Downloaded[0m auditable-serde v0.8.0
Linux build and workspace tests	Build test extension	2026-10-07T17:28:38.1700937Z [1m[92m  Downloaded[0m anyhow v1.0.104
Linux build and workspace tests	Build test extension	2026-10-07T17:28:38.1750506Z [1m[92m  Downloaded[0m synstructure v0.13.2
Linux build and workspace tests	Build test extension	2026-10-07T17:28:38.1766726Z [1m[92m  Downloaded[0m zmij v1.0.23
Linux build and workspace tests	Build test extension	2026-10-07T17:28:38.1788603Z [1m[92m  Downloaded[0m bitflags v2.13.1
Linux build and workspace tests	Build test extension	2026-10-07T17:28:38.1842869Z [1m[92m  Downloaded[0m yoke v0.8.3
Linux build and workspace tests	Build test extension	2026-10-07T17:28:38.1867556Z [1m[92m  Downloaded[0m icu_locale_core v2.3.0
Linux build and workspace tests	Build test extension	2026-10-07T17:28:38.1956103Z [1m[92m  Downloaded[0m heck v0.5.0
Linux build and workspace tests	Build test extension	2026-10-07T17:28:38.1972784Z [1m[92m  Downloaded[0m futures-macro v0.3.34
Linux build and workspace tests	Build test extension	2026-10-07T17:28:38.1985847Z [1m[92m  Downloaded[0m form_urlencoded v1.2.2
Linux build and workspace tests	Build test extension	2026-10-07T17:28:38.1997266Z [1m[92m  Downloaded[0m futures-core v0.3.34
Linux build and workspace tests	Build test extension	2026-10-07T17:28:38.2015319Z [1m[92m  Downloaded[0m futures-executor v0.3.34
Linux build and workspace tests	Build test extension	2026-10-07T17:28:38.2033901Z [1m[92m  Downloaded[0m syn v2.0.117
Linux build and workspace tests	Build test extension	2026-10-07T17:28:38.2159946Z [1m[92m  Downloaded[0m futures-sink v0.3.34
Linux build and workspace tests	Build test extension	2026-10-07T17:28:38.2168962Z [1m[92m  Downloaded[0m percent-encoding v2.3.2
Linux build and workspace tests	Build test extension	2026-10-07T17:28:38.2178012Z [1m[92m  Downloaded[0m displaydoc v0.2.5
Linux build and workspace tests	Build test extension	2026-10-07T17:28:38.2210583Z [1m[92m  Downloaded[0m itoa v1.0.18
Linux build and workspace tests	Build test extension	2026-10-07T17:28:38.2225974Z [1m[92m  Downloaded[0m futures-io v0.3.34
Linux build and workspace tests	Build test extension	2026-10-07T17:28:38.2235258Z [1m[92m  Downloaded[0m futures-channel v0.3.34
Linux build and workspace tests	Build test extension	2026-10-07T17:28:38.2255224Z [1m[92m  Downloaded[0m leb128fmt v0.1.0
Linux build and workspace tests	Build test extension	2026-10-07T17:28:38.2265204Z [1m[92m  Downloaded[0m id-arena v2.3.0
Linux build and workspace tests	Build test extension	2026-10-07T17:28:38.2278699Z [1m[92m  Downloaded[0m stable_deref_trait v1.2.1
Linux build and workspace tests	Build test extension	2026-10-07T17:28:38.2287821Z [1m[92m  Downloaded[0m icu_provider v2.3.0
Linux build and workspace tests	Build test extension	2026-10-07T17:28:38.2316617Z [1m[92m  Downloaded[0m simd-adler32 v0.3.7
Linux build and workspace tests	Build test extension	2026-10-07T17:28:38.2335571Z [1m[92m  Downloaded[0m crc32fast v1.5.0
Linux build and workspace tests	Build test extension	2026-10-07T17:28:38.2355160Z [1m[92m  Downloaded[0m unicode-xid v0.2.6
Linux build and workspace tests	Build test extension	2026-10-07T17:28:38.2368693Z [1m[92m  Downloaded[0m zerofrom v0.1.6
Linux build and workspace tests	Build test extension	2026-10-07T17:28:38.2378289Z [1m[92m  Downloaded[0m equivalent v1.0.2
Linux build and workspace tests	Build test extension	2026-10-07T17:28:38.2388638Z [1m[92m  Downloaded[0m foldhash v0.1.5
Linux build and workspace tests	Build test extension	2026-10-07T17:28:38.2401552Z [1m[92m  Downloaded[0m utf8_iter v1.0.4
Linux build and workspace tests	Build test extension	2026-10-07T17:28:38.2412218Z [1m[92m  Downloaded[0m futures-task v0.3.34
Linux build and workspace tests	Build test extension	2026-10-07T17:28:38.2424730Z [1m[92m  Downloaded[0m potential_utf v0.1.3
Linux build and workspace tests	Build test extension	2026-10-07T17:28:38.2435242Z [1m[92m  Downloaded[0m icu_collections v2.3.0
Linux build and workspace tests	Build test extension	2026-10-07T17:28:38.2501495Z [1m[92m  Downloaded[0m litemap v0.8.0
Linux build and workspace tests	Build test extension	2026-10-07T17:28:38.2525358Z [1m[92m  Downloaded[0m smallvec v1.16.1
Linux build and workspace tests	Build test extension	2026-10-07T17:28:38.2539124Z [1m[92m  Downloaded[0m yoke-derive v0.8.2
Linux build and workspace tests	Build test extension	2026-10-07T17:28:38.2551262Z [1m[92m  Downloaded[0m prettyplease v0.2.37
Linux build and workspace tests	Build test extension	2026-10-07T17:28:38.2589065Z [1m[92m  Downloaded[0m once_cell v1.21.4
Linux build and workspace tests	Build test extension	2026-10-07T17:28:38.2615856Z [1m[92m  Downloaded[0m icu_properties v2.3.0
Linux build and workspace tests	Build test extension	2026-10-07T17:28:38.2649079Z [1m[92m  Downloaded[0m flate2 v1.1.8
Linux build and workspace tests	Build test extension	2026-10-07T17:28:38.2701274Z [1m[92m  Downloaded[0m zerofrom-derive v0.1.6
Linux build and workspace tests	Build test extension	2026-10-07T17:28:38.2711805Z [1m[92m  Downloaded[0m proc-macro2 v1.0.107
Linux build and workspace tests	Build test extension	2026-10-07T17:28:38.2742888Z [1m[92m  Downloaded[0m futures v0.3.34
Linux build and workspace tests	Build test extension	2026-10-07T17:28:38.2796484Z [1m[92m  Downloaded[0m idna_adapter v1.2.1
Linux build and workspace tests	Build test extension	2026-10-07T17:28:38.2805936Z [1m[92m  Downloaded[0m slab v0.4.11
Linux build and workspace tests	Build test extension	2026-10-07T17:28:38.2818725Z [1m[92m  Downloaded[0m wasm-metadata v0.227.1
Linux build and workspace tests	Build test extension	2026-10-07T17:28:38.2840930Z [1m[92m  Downloaded[0m wit-bindgen v0.41.0
Linux build and workspace tests	Build test extension	2026-10-07T17:28:38.2855598Z [1m[92m  Downloaded[0m wit-bindgen-core v0.41.0
Linux build and workspace tests	Build test extension	2026-10-07T17:28:38.2867312Z [1m[92m  Downloaded[0m wit-bindgen-rust v0.41.0
Linux build and workspace tests	Build test extension	2026-10-07T17:28:38.2886045Z [1m[92m  Downloaded[0m pin-project-lite v0.2.16
Linux build and workspace tests	Build test extension	2026-10-07T17:28:38.2948244Z [1m[92m  Downloaded[0m unicode-ident v1.0.24
Linux build and workspace tests	Build test extension	2026-10-07T17:28:38.2977304Z [1m[92m  Downloaded[0m wit-bindgen-rust-macro v0.41.0
Linux build and workspace tests	Build test extension	2026-10-07T17:28:38.2985988Z [1m[92m  Downloaded[0m memchr v2.8.3
Linux build and workspace tests	Build test extension	2026-10-07T17:28:38.3044092Z [1m[92m  Downloaded[0m semver v1.0.28
Linux build and workspace tests	Build test extension	2026-10-07T17:28:38.3068164Z [1m[92m  Downloaded[0m serde v1.0.229
Linux build and workspace tests	Build test extension	2026-10-07T17:28:38.3104853Z [1m[92m  Downloaded[0m topological-sort v0.2.2
Linux build and workspace tests	Build test extension	2026-10-07T17:28:38.3116272Z [1m[92m  Downloaded[0m wasm-encoder v0.227.1
Linux build and workspace tests	Build test extension	2026-10-07T17:28:38.3156501Z [1m[92m  Downloaded[0m log v0.4.29
Linux build and workspace tests	Build test extension	2026-10-07T17:28:38.3182891Z [1m[92m  Downloaded[0m tinystr v0.8.4
Linux build and workspace tests	Build test extension	2026-10-07T17:28:38.3204526Z [1m[92m  Downloaded[0m icu_normalizer_data v2.3.0
Linux build and workspace tests	Build test extension	2026-10-07T17:28:38.3226643Z [1m[92m  Downloaded[0m indexmap v2.14.0
Linux build and workspace tests	Build test extension	2026-10-07T17:28:38.3270783Z [1m[92m  Downloaded[0m quote v1.0.47
Linux build and workspace tests	Build test extension	2026-10-07T17:28:38.3299598Z [1m[92m  Downloaded[0m url v2.5.7
Linux build and workspace tests	Build test extension	2026-10-07T17:28:38.3326978Z [1m[92m  Downloaded[0m wit-bindgen-rt v0.41.0
Linux build and workspace tests	Build test extension	2026-10-07T17:28:38.3340412Z [1m[92m  Downloaded[0m miniz_oxide v0.8.9
Linux build and workspace tests	Build test extension	2026-10-07T17:28:38.3366575Z [1m[92m  Downloaded[0m zerotrie v0.2.5
Linux build and workspace tests	Build test extension	2026-10-07T17:28:38.3407805Z [1m[92m  Downloaded[0m zerovec-derive v0.11.5
Linux build and workspace tests	Build test extension	2026-10-07T17:28:38.3425073Z [1m[92m  Downloaded[0m writeable v0.6.4
Linux build and workspace tests	Build test extension	2026-10-07T17:28:38.3446721Z [1m[92m  Downloaded[0m hashbrown v0.15.5
Linux build and workspace tests	Build test extension	2026-10-07T17:28:38.3499147Z [1m[92m  Downloaded[0m serde_derive v1.0.229
Linux build and workspace tests	Build test extension	2026-10-07T17:28:38.3531674Z [1m[92m  Downloaded[0m hashbrown v0.17.1
Linux build and workspace tests	Build test extension	2026-10-07T17:28:38.3587638Z [1m[92m  Downloaded[0m icu_properties_data v2.3.0
Linux build and workspace tests	Build test extension	2026-10-07T17:28:38.3703147Z [1m[92m  Downloaded[0m serde_core v1.0.229
Linux build and workspace tests	Build test extension	2026-10-07T17:28:38.3733081Z [1m[92m  Downloaded[0m futures-util v0.3.34
Linux build and workspace tests	Build test extension	2026-10-07T17:28:38.3871198Z [1m[92m  Downloaded[0m wit-parser v0.227.1
Linux build and workspace tests	Build test extension	2026-10-07T17:28:38.4245345Z [1m[92m  Downloaded[0m serde_json v1.0.151
Linux build and workspace tests	Build test extension	2026-10-07T17:28:38.4321769Z [1m[92m  Downloaded[0m zerovec v0.11.8
Linux build and workspace tests	Build test extension	2026-10-07T17:28:38.4385029Z [1m[92m  Downloaded[0m idna v1.1.0
Linux build and workspace tests	Build test extension	2026-10-07T17:28:38.4421551Z [1m[92m  Downloaded[0m wit-component v0.227.1
Linux build and workspace tests	Build test extension	2026-10-07T17:28:38.4992911Z [1m[92m  Downloaded[0m syn v3.0.3
Linux build and workspace tests	Build test extension	2026-10-07T17:28:38.5102973Z [1m[92m  Downloaded[0m wasmparser v0.227.1
Linux build and workspace tests	Build test extension	2026-10-07T17:28:38.5184381Z [1m[92m  Downloaded[0m icu_normalizer v2.3.0
Linux build and workspace tests	Build test extension	2026-10-07T17:28:38.5284410Z [1m[92m  Downloaded[0m spdx v0.10.9
Linux build and workspace tests	Build test extension	2026-10-07T17:28:38.6480508Z [1m[92m   Compiling[0m proc-macro2 v1.0.107
Linux build and workspace tests	Build test extension	2026-10-07T17:28:38.6481495Z [1m[92m   Compiling[0m unicode-ident v1.0.24
Linux build and workspace tests	Build test extension	2026-10-07T17:28:38.6527293Z [1m[92m   Compiling[0m quote v1.0.47
Linux build and workspace tests	Build test extension	2026-10-07T17:28:38.6529878Z [1m[92m   Compiling[0m stable_deref_trait v1.2.1
Linux build and workspace tests	Build test extension	2026-10-07T17:28:38.6993515Z [1m[92m   Compiling[0m serde_core v1.0.229
Linux build and workspace tests	Build test extension	2026-10-07T17:28:38.7463689Z [1m[92m   Compiling[0m zmij v1.0.23
Linux build and workspace tests	Build test extension	2026-10-07T17:28:38.9365216Z [1m[92m   Compiling[0m litemap v0.8.0
Linux build and workspace tests	Build test extension	2026-10-07T17:28:39.0759189Z [1m[92m   Compiling[0m writeable v0.6.4
Linux build and workspace tests	Build test extension	2026-10-07T17:28:39.1122777Z [1m[92m   Compiling[0m serde_json v1.0.151
Linux build and workspace tests	Build test extension	2026-10-07T17:28:39.2607702Z [1m[92m   Compiling[0m icu_properties_data v2.3.0
Linux build and workspace tests	Build test extension	2026-10-07T17:28:39.3015418Z [1m[92m   Compiling[0m utf8_iter v1.0.4
Linux build and workspace tests	Build test extension	2026-10-07T17:28:39.3714115Z [1m[92m   Compiling[0m serde v1.0.229
Linux build and workspace tests	Build test extension	2026-10-07T17:28:39.3973526Z [1m[92m   Compiling[0m icu_normalizer_data v2.3.0
Linux build and workspace tests	Build test extension	2026-10-07T17:28:39.6034232Z [1m[92m   Compiling[0m equivalent v1.0.2
Linux build and workspace tests	Build test extension	2026-10-07T17:28:39.6253673Z [1m[92m   Compiling[0m hashbrown v0.17.1
Linux build and workspace tests	Build test extension	2026-10-07T17:28:39.6523676Z [1m[92m   Compiling[0m smallvec v1.16.1
Linux build and workspace tests	Build test extension	2026-10-07T17:28:40.1923557Z [1m[92m   Compiling[0m syn v3.0.3
Linux build and workspace tests	Build test extension	2026-10-07T17:28:40.9083843Z [1m[92m   Compiling[0m syn v2.0.117
Linux build and workspace tests	Build test extension	2026-10-07T17:28:41.1370680Z [1m[92m   Compiling[0m semver v1.0.28
Linux build and workspace tests	Build test extension	2026-10-07T17:28:41.4293616Z [1m[92m   Compiling[0m foldhash v0.1.5
Linux build and workspace tests	Build test extension	2026-10-07T17:28:41.5993480Z [1m[92m   Compiling[0m wasmparser v0.227.1
Linux build and workspace tests	Build test extension	2026-10-07T17:28:41.8214007Z [1m[92m   Compiling[0m hashbrown v0.15.5
Linux build and workspace tests	Build test extension	2026-10-07T17:28:41.9853749Z [1m[92m   Compiling[0m indexmap v2.14.0
Linux build and workspace tests	Build test extension	2026-10-07T17:28:42.7368577Z [1m[92m   Compiling[0m memchr v2.8.3
Linux build and workspace tests	Build test extension	2026-10-07T17:28:42.7494855Z [1m[92m   Compiling[0m bitflags v2.13.1
Linux build and workspace tests	Build test extension	2026-10-07T17:28:42.9153646Z [1m[92m   Compiling[0m itoa v1.0.18
Linux build and workspace tests	Build test extension	2026-10-07T17:28:43.0760930Z [1m[92m   Compiling[0m anyhow v1.0.104
Linux build and workspace tests	Build test extension	2026-10-07T17:28:46.3664273Z [1m[92m   Compiling[0m synstructure v0.13.2
Linux build and workspace tests	Build test extension	2026-10-07T17:28:47.0473674Z [1m[92m   Compiling[0m crc32fast v1.5.0
Linux build and workspace tests	Build test extension	2026-10-07T17:28:47.5513618Z [1m[92m   Compiling[0m prettyplease v0.2.37
Linux build and workspace tests	Build test extension	2026-10-07T17:28:47.6853754Z [1m[92m   Compiling[0m percent-encoding v2.3.2
Linux build and workspace tests	Build test extension	2026-10-07T17:28:47.8373643Z [1m[92m   Compiling[0m cfg-if v1.0.4
Linux build and workspace tests	Build test extension	2026-10-07T17:28:47.8766837Z [1m[92m   Compiling[0m adler2 v2.0.1
Linux build and workspace tests	Build test extension	2026-10-07T17:28:47.9553769Z [1m[92m   Compiling[0m wasm-encoder v0.227.1
Linux build and workspace tests	Build test extension	2026-10-07T17:28:48.1293614Z [1m[92m   Compiling[0m simd-adler32 v0.3.7
Linux build and workspace tests	Build test extension	2026-10-07T17:28:48.3073678Z [1m[92m   Compiling[0m miniz_oxide v0.8.9
Linux build and workspace tests	Build test extension	2026-10-07T17:28:50.3923603Z [1m[92m   Compiling[0m form_urlencoded v1.2.2
Linux build and workspace tests	Build test extension	2026-10-07T17:28:51.0143519Z [1m[92m   Compiling[0m leb128fmt v0.1.0
Linux build and workspace tests	Build test extension	2026-10-07T17:28:51.1183645Z [1m[92m   Compiling[0m log v0.4.29
Linux build and workspace tests	Build test extension	2026-10-07T17:28:51.2663531Z [1m[92m   Compiling[0m id-arena v2.3.0
Linux build and workspace tests	Build test extension	2026-10-07T17:28:51.3481345Z [1m[92m   Compiling[0m unicode-xid v0.2.6
Linux build and workspace tests	Build test extension	2026-10-07T17:28:51.4313897Z [1m[92m   Compiling[0m futures-core v0.3.34
Linux build and workspace tests	Build test extension	2026-10-07T17:28:51.4735427Z [1m[92m   Compiling[0m topological-sort v0.2.2
Linux build and workspace tests	Build test extension	2026-10-07T17:28:51.5485299Z [1m[92m   Compiling[0m futures-sink v0.3.34
Linux build and workspace tests	Build test extension	2026-10-07T17:28:51.6064197Z [1m[92m   Compiling[0m futures-channel v0.3.34
Linux build and workspace tests	Build test extension	2026-10-07T17:28:51.7923610Z [1m[92m   Compiling[0m flate2 v1.1.8
Linux build and workspace tests	Build test extension	2026-10-07T17:28:52.1994090Z [1m[92m   Compiling[0m spdx v0.10.9
Linux build and workspace tests	Build test extension	2026-10-07T17:28:52.5893997Z [1m[92m   Compiling[0m slab v0.4.11
Linux build and workspace tests	Build test extension	2026-10-07T17:28:52.6983568Z [1m[92m   Compiling[0m futures-io v0.3.34
Linux build and workspace tests	Build test extension	2026-10-07T17:28:52.8365024Z [1m[92m   Compiling[0m futures-task v0.3.34
Linux build and workspace tests	Build test extension	2026-10-07T17:28:52.9993032Z [1m[92m   Compiling[0m pin-project-lite v0.2.16
Linux build and workspace tests	Build test extension	2026-10-07T17:28:53.0523704Z [1m[92m   Compiling[0m wit-bindgen-rust v0.41.0
Linux build and workspace tests	Build test extension	2026-10-07T17:28:53.1474062Z [1m[92m   Compiling[0m heck v0.5.0
Linux build and workspace tests	Build test extension	2026-10-07T17:28:53.3818009Z [1m[92m   Compiling[0m wit-bindgen-rt v0.41.0
Linux build and workspace tests	Build test extension	2026-10-07T17:28:53.5493640Z [1m[92m   Compiling[0m wit-bindgen-rust-macro v0.41.0
Linux build and workspace tests	Build test extension	2026-10-07T17:28:54.4623727Z [1m[92m   Compiling[0m once_cell v1.21.4
Linux build and workspace tests	Build test extension	2026-10-07T17:28:55.1804079Z [1m[92m   Compiling[0m zed_extension_api v0.8.0 (/home/runner/work/koda/koda/crates/extension_api)
Linux build and workspace tests	Build test extension	2026-10-07T17:29:04.4733680Z [1m[92m   Compiling[0m zerovec-derive v0.11.5
Linux build and workspace tests	Build test extension	2026-10-07T17:29:05.2563591Z [1m[92m   Compiling[0m serde_derive v1.0.229
Linux build and workspace tests	Build test extension	2026-10-07T17:29:05.5073764Z [1m[92m   Compiling[0m futures-macro v0.3.34
Linux build and workspace tests	Build test extension	2026-10-07T17:29:05.6133716Z [1m[92m   Compiling[0m zerofrom-derive v0.1.6
Linux build and workspace tests	Build test extension	2026-10-07T17:29:05.6223576Z [1m[92m   Compiling[0m yoke-derive v0.8.2
Linux build and workspace tests	Build test extension	2026-10-07T17:29:06.2344228Z [1m[92m   Compiling[0m displaydoc v0.2.5
Linux build and workspace tests	Build test extension	2026-10-07T17:29:06.5224535Z [1m[92m   Compiling[0m futures-util v0.3.34
Linux build and workspace tests	Build test extension	2026-10-07T17:29:06.7084029Z [1m[92m   Compiling[0m zerofrom v0.1.6
Linux build and workspace tests	Build test extension	2026-10-07T17:29:06.8040893Z [1m[92m   Compiling[0m yoke v0.8.3
Linux build and workspace tests	Build test extension	2026-10-07T17:29:06.9336715Z [1m[92m   Compiling[0m zerovec v0.11.8
Linux build and workspace tests	Build test extension	2026-10-07T17:29:06.9755829Z [1m[92m   Compiling[0m zerotrie v0.2.5
Linux build and workspace tests	Build test extension	2026-10-07T17:29:07.4823712Z [1m[92m   Compiling[0m tinystr v0.8.4
Linux build and workspace tests	Build test extension	2026-10-07T17:29:07.5902580Z [1m[92m   Compiling[0m potential_utf v0.1.3
Linux build and workspace tests	Build test extension	2026-10-07T17:29:07.6364531Z [1m[92m   Compiling[0m icu_locale_core v2.3.0
Linux build and workspace tests	Build test extension	2026-10-07T17:29:07.7053715Z [1m[92m   Compiling[0m icu_collections v2.3.0
Linux build and workspace tests	Build test extension	2026-10-07T17:29:08.4424151Z [1m[92m   Compiling[0m auditable-serde v0.8.0
Linux build and workspace tests	Build test extension	2026-10-07T17:29:08.7404716Z [1m[92m   Compiling[0m icu_provider v2.3.0
Linux build and workspace tests	Build test extension	2026-10-07T17:29:08.7493275Z [1m[92m   Compiling[0m wit-parser v0.227.1
Linux build and workspace tests	Build test extension	2026-10-07T17:29:08.8888744Z [1m[92m   Compiling[0m futures-executor v0.3.34
Linux build and workspace tests	Build test extension	2026-10-07T17:29:09.0261143Z [1m[92m   Compiling[0m icu_properties v2.3.0
Linux build and workspace tests	Build test extension	2026-10-07T17:29:09.0403254Z [1m[92m   Compiling[0m icu_normalizer v2.3.0
Linux build and workspace tests	Build test extension	2026-10-07T17:29:09.0844253Z [1m[92m   Compiling[0m futures v0.3.34
Linux build and workspace tests	Build test extension	2026-10-07T17:29:09.8602218Z [1m[92m   Compiling[0m idna_adapter v1.2.1
Linux build and workspace tests	Build test extension	2026-10-07T17:29:09.9284074Z [1m[92m   Compiling[0m idna v1.1.0
Linux build and workspace tests	Build test extension	2026-10-07T17:29:10.1254167Z [1m[92m   Compiling[0m url v2.5.7
Linux build and workspace tests	Build test extension	2026-10-07T17:29:10.5159915Z [1m[92m   Compiling[0m wasm-metadata v0.227.1
Linux build and workspace tests	Build test extension	2026-10-07T17:29:10.6774927Z [1m[92m   Compiling[0m wit-bindgen-core v0.41.0
Linux build and workspace tests	Build test extension	2026-10-07T17:29:10.9365504Z [1m[92m   Compiling[0m wit-component v0.227.1
Linux build and workspace tests	Build test extension	2026-10-07T17:29:13.8194119Z [1m[92m   Compiling[0m wit-bindgen v0.41.0
Linux build and workspace tests	Build test extension	2026-10-07T17:29:14.5307454Z [1m[92m   Compiling[0m zed_test_extension v0.1.0 (/home/runner/work/koda/koda/extensions/test-extension)
Linux build and workspace tests	Build test extension	2026-10-07T17:29:14.7139519Z [1m[92m    Finished[0m `dev` profile [unoptimized] target(s) in 3m 59s
Linux build and workspace tests	Build test extension	2026-10-07T17:29:14.9645818Z Test extension build: 239.4s (exit 0)
Linux build and workspace tests	Build and run workspace tests	﻿2026-10-07T17:29:14.9755423Z ##[group]Run printf 'Test coverage: %s; filter: %s\n' "$CI_TEST_MODE" "$CI_TEST_FILTER"
Linux build and workspace tests	Build and run workspace tests	2026-10-07T17:29:14.9756377Z [36;1mprintf 'Test coverage: %s; filter: %s\n' "$CI_TEST_MODE" "$CI_TEST_FILTER"[0m
Linux build and workspace tests	Build and run workspace tests	2026-10-07T17:29:14.9757039Z [36;1mfilter_args=()[0m
Linux build and workspace tests	Build and run workspace tests	2026-10-07T17:29:14.9757474Z [36;1mif [[ -n "$CI_TEST_FILTER" ]]; then[0m
Linux build and workspace tests	Build and run workspace tests	2026-10-07T17:29:14.9757971Z [36;1m  filter_args=(-E "$CI_TEST_FILTER")[0m
Linux build and workspace tests	Build and run workspace tests	2026-10-07T17:29:14.9758412Z [36;1mfi[0m
Linux build and workspace tests	Build and run workspace tests	2026-10-07T17:29:14.9758957Z [36;1mpython3 script/ci-run stage 'Workspace tests (build and execution)' -- \[0m
Linux build and workspace tests	Build and run workspace tests	2026-10-07T17:29:14.9759919Z [36;1m  cargo nextest run --locked --workspace "${filter_args[@]}" --no-fail-fast --no-tests=warn \[0m
Linux build and workspace tests	Build and run workspace tests	2026-10-07T17:29:14.9760967Z [36;1m  --test-threads "$CI_TEST_THREADS" --status-level=fail --final-status-level=fail[0m
Linux build and workspace tests	Build and run workspace tests	2026-10-07T17:29:14.9841834Z shell: /usr/bin/bash --noprofile --norc -e -o pipefail {0}
Linux build and workspace tests	Build and run workspace tests	2026-10-07T17:29:14.9842425Z env:
Linux build and workspace tests	Build and run workspace tests	2026-10-07T17:29:14.9842643Z   CARGO_TERM_COLOR: always
Linux build and workspace tests	Build and run workspace tests	2026-10-07T17:29:14.9843168Z   CARGO_INCREMENTAL: 0
Linux build and workspace tests	Build and run workspace tests	2026-10-07T17:29:14.9843512Z   CARGO_PROFILE_DEV_DEBUG: 0
Linux build and workspace tests	Build and run workspace tests	2026-10-07T17:29:14.9843916Z   CARGO_PROFILE_DEV_BUILD_OVERRIDE_DEBUG: 0
Linux build and workspace tests	Build and run workspace tests	2026-10-07T17:29:14.9844346Z   RUST_BACKTRACE: 1
Linux build and workspace tests	Build and run workspace tests	2026-10-07T17:29:14.9844663Z   CC: clang
Linux build and workspace tests	Build and run workspace tests	2026-10-07T17:29:14.9844958Z   CXX: clang++
Linux build and workspace tests	Build and run workspace tests	2026-10-07T17:29:14.9845276Z   WGPU_BACKEND: vulkan
Linux build and workspace tests	Build and run workspace tests	2026-10-07T17:29:14.9845610Z   CI_TEST_FILTER: 
Linux build and workspace tests	Build and run workspace tests	2026-10-07T17:29:14.9845932Z   CI_TEST_MODE: full
Linux build and workspace tests	Build and run workspace tests	2026-10-07T17:29:14.9846270Z   CARGO_BUILD_JOBS: 4
Linux build and workspace tests	Build and run workspace tests	2026-10-07T17:29:14.9846609Z   CI_TEST_THREADS: 4
Linux build and workspace tests	Build and run workspace tests	2026-10-07T17:29:14.9846917Z   VK_DRIVER_FILES: /usr/share/vulkan/icd.d/lvp_icd.json
Linux build and workspace tests	Build and run workspace tests	2026-10-07T17:29:14.9847238Z ##[endgroup]
Linux build and workspace tests	Build and run workspace tests	2026-10-07T17:29:14.9944874Z Test coverage: full; filter: 
Linux build and workspace tests	Build and run workspace tests	2026-10-07T17:29:15.9350226Z [1m[92m Downloading[0m crates ...
Linux build and workspace tests	Build and run workspace tests	2026-10-07T17:29:15.9874100Z [1m[92m  Downloaded[0m agent-client-protocol-derive v2.2.0
Linux build and workspace tests	Build and run workspace tests	2026-10-07T17:29:15.9881860Z [1m[92m  Downloaded[0m accesskit v0.24.1
Linux build and workspace tests	Build and run workspace tests	2026-10-07T17:29:15.9895807Z [1m[92m  Downloaded[0m accesskit_unix v0.22.1
Linux build and workspace tests	Build and run workspace tests	2026-10-07T17:29:15.9919632Z [1m[92m  Downloaded[0m aligned-vec v0.6.4
Linux build and workspace tests	Build and run workspace tests	2026-10-07T17:29:15.9931535Z [1m[92m  Downloaded[0m ambient-authority v0.0.2
Linux build and workspace tests	Build and run workspace tests	2026-10-07T17:29:15.9945565Z [1m[92m  Downloaded[0m anes v0.1.6
Linux build and workspace tests	Build and run workspace tests	2026-10-07T17:29:15.9977858Z [1m[92m  Downloaded[0m as-slice v0.2.1
Linux build and workspace tests	Build and run workspace tests	2026-10-07T17:29:15.9988649Z [1m[92m  Downloaded[0m accesskit_consumer v0.38.0
Linux build and workspace tests	Build and run workspace tests	2026-10-07T17:29:16.0006403Z [1m[92m  Downloaded[0m anstyle v1.0.13
Linux build and workspace tests	Build and run workspace tests	2026-10-07T17:29:16.0023162Z [1m[92m  Downloaded[0m accesskit_atspi_common v0.19.1
Linux build and workspace tests	Build and run workspace tests	2026-10-07T17:29:16.0042950Z [1m[92m  Downloaded[0m async-global-executor v2.4.1
Linux build and workspace tests	Build and run workspace tests	2026-10-07T17:29:16.0062442Z [1m[92m  Downloaded[0m async-dispatcher v0.1.2
Linux build and workspace tests	Build and run workspace tests	2026-10-07T17:29:16.0074154Z [1m[92m  Downloaded[0m anstyle-parse v0.2.7
Linux build and workspace tests	Build and run workspace tests	2026-10-07T17:29:16.0091621Z [1m[92m  Downloaded[0m async-channel v2.5.0
Linux build and workspace tests	Build and run workspace tests	2026-10-07T17:29:16.0105875Z [1m[92m  Downloaded[0m async-trait v0.1.89
Linux build and workspace tests	Build and run workspace tests	2026-10-07T17:29:16.0147838Z [1m[92m  Downloaded[0m atomic v0.5.3
Linux build and workspace tests	Build and run workspace tests	2026-10-07T17:29:16.0162130Z [1m[92m  Downloaded[0m aws-smithy-checksums v0.64.4
Linux build and workspace tests	Build and run workspace tests	2026-10-07T17:29:16.0178824Z [1m[92m  Downloaded[0m addr2line v0.25.1
Linux build and workspace tests	Build and run workspace tests	2026-10-07T17:29:16.0198957Z [1m[92m  Downloaded[0m asynchronous-codec v0.7.0
Linux build and workspace tests	Build and run workspace tests	2026-10-07T17:29:16.0227116Z [1m[92m  Downloaded[0m cpufeatures v0.2.17
Linux build and workspace tests	Build and run workspace tests	2026-10-07T17:29:16.0243130Z [1m[92m  Downloaded[0m alsa v0.10.0
Linux build and workspace tests	Build and run workspace tests	2026-10-07T17:29:16.0272126Z [1m[92m  Downloaded[0m aws-smithy-types v1.4.7
Linux build and workspace tests	Build and run workspace tests	2026-10-07T17:29:16.0322980Z [1m[92m  Downloaded[0m cpufeatures v0.3.0
Linux build and workspace tests	Build and run workspace tests	2026-10-07T17:29:16.0340746Z [1m[92m  Downloaded[0m ammonia v4.1.4
Linux build and workspace tests	Build and run workspace tests	2026-10-07T17:29:16.0368143Z [1m[92m  Downloaded[0m arg_enum_proc_macro v0.3.4
Linux build and workspace tests	Build and run workspace tests	2026-10-07T17:29:16.0380973Z [1m[92m  Downloaded[0m cranelift-control v0.135.1
Linux build and workspace tests	Build and run workspace tests	2026-10-07T17:29:16.0390371Z [1m[92m  Downloaded[0m aligned v0.4.3
Linux build and workspace tests	Build and run workspace tests	2026-10-07T17:29:16.0403261Z [1m[92m  Downloaded[0m arrayref v0.3.9
Linux build and workspace tests	Build and run workspace tests	2026-10-07T17:29:16.0418601Z [1m[92m  Downloaded[0m ahash v0.8.12
Linux build and workspace tests	Build and run workspace tests	2026-10-07T17:29:16.0446012Z [1m[92m  Downloaded[0m ashpd v0.13.5
Linux build and workspace tests	Build and run workspace tests	2026-10-07T17:29:16.0520909Z [1m[92m  Downloaded[0m async-attributes v1.1.2
Linux build and workspace tests	Build and run workspace tests	2026-10-07T17:29:16.0535052Z [1m[92m  Downloaded[0m aws-smithy-json v0.62.5
Linux build and workspace tests	Build and run workspace tests	2026-10-07T17:29:16.0552631Z [1m[92m  Downloaded[0m adler32 v1.2.0
Linux build and workspace tests	Build and run workspace tests	2026-10-07T17:29:16.0563949Z [1m[92m  Downloaded[0m ascii v1.1.0
Linux build and workspace tests	Build and run workspace tests	2026-10-07T17:29:16.0588500Z [1m[92m  Downloaded[0m async-lock v3.4.2
Linux build and workspace tests	Build and run workspace tests	2026-10-07T17:29:16.0615405Z [1m[92m  Downloaded[0m aws-credential-types v1.2.12
Linux build and workspace tests	Build and run workspace tests	2026-10-07T17:29:16.0634177Z [1m[92m  Downloaded[0m aws-smithy-xml v0.60.15
Linux build and workspace tests	Build and run workspace tests	2026-10-07T17:29:16.0649011Z [1m[92m  Downloaded[0m aws-types v1.3.12
Linux build and workspace tests	Build and run workspace tests	2026-10-07T17:29:16.0671037Z [1m[92m  Downloaded[0m alsa-sys v0.3.1
Linux build and workspace tests	Build and run workspace tests	2026-10-07T17:29:16.0686861Z [1m[92m  Downloaded[0m approx v0.5.1
Linux build and workspace tests	Build and run workspace tests	2026-10-07T17:29:16.0707061Z [1m[92m  Downloaded[0m as-raw-xcb-connection v1.0.1
Linux build and workspace tests	Build and run workspace tests	2026-10-07T17:29:16.0716469Z [1m[92m  Downloaded[0m async-io v2.6.0
Linux build and workspace tests	Build and run workspace tests	2026-10-07T17:29:16.0754403Z [1m[92m  Downloaded[0m cpal v0.17.1
Linux build and workspace tests	Build and run workspace tests	2026-10-07T17:29:16.0829175Z [1m[92m  Downloaded[0m data-url v0.3.2
Linux build and workspace tests	Build and run workspace tests	2026-10-07T17:29:16.0845354Z [1m[92m  Downloaded[0m digest v0.10.7
Linux build and workspace tests	Build and run workspace tests	2026-10-07T17:29:16.0865089Z [1m[92m  Downloaded[0m hex v0.4.3
Linux build and workspace tests	Build and run workspace tests	2026-10-07T17:29:16.0882168Z [1m[92m  Downloaded[0m inout v0.1.4
Linux build and workspace tests	Build and run workspace tests	2026-10-07T17:29:16.0893933Z [1m[92m  Downloaded[0m atoi v2.0.0
Linux build and workspace tests	Build and run workspace tests	2026-10-07T17:29:16.0908315Z [1m[92m  Downloaded[0m axum v0.6.20
Linux build and workspace tests	Build and run workspace tests	2026-10-07T17:29:16.0988865Z [1m[92m  Downloaded[0m cpp_demangle v0.5.1
Linux build and workspace tests	Build and run workspace tests	2026-10-07T17:29:16.1020274Z [1m[92m  Downloaded[0m cxxbridge-macro v1.0.187
Linux build and workspace tests	Build and run workspace tests	2026-10-07T17:29:16.1063280Z [1m[92m  Downloaded[0m anstyle-query v1.1.4
Linux build and workspace tests	Build and run workspace tests	2026-10-07T17:29:16.1076003Z [1m[92m  Downloaded[0m async-stream v0.3.6
Linux build and workspace tests	Build and run workspace tests	2026-10-07T17:29:16.1099194Z [1m[92m  Downloaded[0m aws-smithy-query v0.60.15
Linux build and workspace tests	Build and run workspace tests	2026-10-07T17:29:16.1109760Z [1m[92m  Downloaded[0m aliasable v0.1.3
Linux build and workspace tests	Build and run workspace tests	2026-10-07T17:29:16.1121054Z [1m[92m  Downloaded[0m alloca v0.4.0
Linux build and workspace tests	Build and run workspace tests	2026-10-07T17:29:16.1136616Z [1m[92m  Downloaded[0m async-executor v1.13.3
Linux build and workspace tests	Build and run workspace tests	2026-10-07T17:29:16.1157754Z [1m[92m  Downloaded[0m async-fs v2.2.0
Linux build and workspace tests	Build and run workspace tests	2026-10-07T17:29:16.1168640Z [1m[92m  Downloaded[0m async-std v1.13.2
Linux build and workspace tests	Build and run workspace tests	2026-10-07T17:29:16.1419713Z [1m[92m  Downloaded[0m avif-serialize v0.8.6
Linux build and workspace tests	Build and run workspace tests	2026-10-07T17:29:16.1431249Z [1m[92m  Downloaded[0m aws-config v1.8.14
Linux build and workspace tests	Build and run workspace tests	2026-10-07T17:29:16.1502873Z [1m[92m  Downloaded[0m aws-smithy-observability v0.2.5
Linux build and workspace tests	Build and run workspace tests	2026-10-07T17:29:16.1516662Z [1m[92m  Downloaded[0m ecdsa v0.14.8
Linux build and workspace tests	Build and run workspace tests	2026-10-07T17:29:16.1533929Z [1m[92m  Downloaded[0m any_vec v0.14.0
Linux build and workspace tests	Build and run workspace tests	2026-10-07T17:29:16.1575307Z [1m[92m  Downloaded[0m arbitrary v1.4.2
Linux build and workspace tests	Build and run workspace tests	2026-10-07T17:29:16.1630092Z [1m[92m  Downloaded[0m arraydeque v0.5.1
Linux build and workspace tests	Build and run workspace tests	2026-10-07T17:29:16.1648165Z [1m[92m  Downloaded[0m async-broadcast v0.7.2
Linux build and workspace tests	Build and run workspace tests	2026-10-07T17:29:16.1667746Z [1m[92m  Downloaded[0m async-compat v0.2.5
Linux build and workspace tests	Build and run workspace tests	2026-10-07T17:29:16.1684158Z [1m[92m  Downloaded[0m async-recursion v1.1.1
Linux build and workspace tests	Build and run workspace tests	2026-10-07T17:29:16.1727075Z [1m[92m  Downloaded[0m atomic-waker v1.1.2
Linux build and workspace tests	Build and run workspace tests	2026-10-07T17:29:16.1740672Z [1m[92m  Downloaded[0m atspi v0.29.0
Linux build and workspace tests	Build and run workspace tests	2026-10-07T17:29:16.1752918Z [1m[92m  Downloaded[0m atspi-proxies v0.13.0
Linux build and workspace tests	Build and run workspace tests	2026-10-07T17:29:16.1778593Z [1m[92m  Downloaded[0m av1-grain v0.2.4
Linux build and workspace tests	Build and run workspace tests	2026-10-07T17:29:16.1803618Z [1m[92m  Downloaded[0m aws-sigv4 v1.4.0
Linux build and workspace tests	Build and run workspace tests	2026-10-07T17:29:16.2425369Z [1m[92m  Downloaded[0m aws-smithy-http v0.63.4
Linux build and workspace tests	Build and run workspace tests	2026-10-07T17:29:16.2448666Z [1m[92m  Downloaded[0m documented v0.10.0
Linux build and workspace tests	Build and run workspace tests	2026-10-07T17:29:16.2457322Z [1m[92m  Downloaded[0m io-extras v0.19.0
Linux build and workspace tests	Build and run workspace tests	2026-10-07T17:29:16.2482791Z [1m[92m  Downloaded[0m addr2line v0.26.1
Linux build and workspace tests	Build and run workspace tests	2026-10-07T17:29:16.2504736Z [1m[92m  Downloaded[0m agent-client-protocol-schema v1.9.1
Linux build and workspace tests	Build and run workspace tests	2026-10-07T17:29:16.2567041Z [1m[92m  Downloaded[0m ahash v0.7.8
Linux build and workspace tests	Build and run workspace tests	2026-10-07T17:29:16.2594699Z [1m[92m  Downloaded[0m annotate-snippets v0.12.12
Linux build and workspace tests	Build and run workspace tests	2026-10-07T17:29:16.2630881Z [1m[92m  Downloaded[0m anstream v0.6.21
Linux build and workspace tests	Build and run workspace tests	2026-10-07T17:29:16.2652171Z [1m[92m  Downloaded[0m arrayvec v0.7.6
Linux build and workspace tests	Build and run workspace tests	2026-10-07T17:29:16.2673549Z [1m[92m  Downloaded[0m async-channel v1.9.0
Linux build and workspace tests	Build and run workspace tests	2026-10-07T17:29:16.2685207Z [1m[92m  Downloaded[0m async-net v2.0.0
Linux build and workspace tests	Build and run workspace tests	2026-10-07T17:29:16.2698191Z [1m[92m  Downloaded[0m async-signal v0.2.13
Linux build and workspace tests	Build and run workspace tests	2026-10-07T17:29:16.2715498Z [1m[92m  Downloaded[0m async-tungstenite v0.33.0
Linux build and workspace tests	Build and run workspace tests	2026-10-07T17:29:16.2750059Z [1m[92m  Downloaded[0m atspi-common v0.13.0
Linux build and workspace tests	Build and run workspace tests	2026-10-07T17:29:16.2802934Z [1m[92m  Downloaded[0m autocfg v1.5.0
Linux build and workspace tests	Build and run workspace tests	2026-10-07T17:29:16.2832686Z [1m[92m  Downloaded[0m aws-smithy-async v1.2.14
Linux build and workspace tests	Build and run workspace tests	2026-10-07T17:29:16.2854969Z [1m[92m  Downloaded[0m cranelift-srcgen v0.135.1
Linux build and workspace tests	Build and run workspace tests	2026-10-07T17:29:16.2862636Z [1m[92m  Downloaded[0m criterion v0.8.2
Linux build and workspace tests	Build and run workspace tests	2026-10-07T17:29:16.2943529Z [1m[92m  Downloaded[0m dirs v6.0.0
Linux build and workspace tests	Build and run workspace tests	2026-10-07T17:29:16.2956794Z [1m[92m  Downloaded[0m dirs-sys v0.5.0
Linux build and workspace tests	Build and run workspace tests	2026-10-07T17:29:16.2973695Z [1m[92m  Downloaded[0m downcast-rs v1.2.1
Linux build and workspace tests	Build and run workspace tests	2026-10-07T17:29:16.2992885Z [1m[92m  Downloaded[0m home v0.5.11
Linux build and workspace tests	Build and run workspace tests	2026-10-07T17:29:16.3003354Z [1m[92m  Downloaded[0m allocator-api2 v0.2.21
Linux build and workspace tests	Build and run workspace tests	2026-10-07T17:29:16.3037220Z [1m[92m  Downloaded[0m async-stream-impl v0.3.6
Linux build and workspace tests	Build and run workspace tests	2026-10-07T17:29:16.3044687Z [1m[92m  Downloaded[0m aws-runtime v1.7.0
Linux build and workspace tests	Build and run workspace tests	2026-10-07T17:29:16.3100082Z [1m[92m  Downloaded[0m aws-sdk-sts v1.98.0
Linux build and workspace tests	Build and run workspace tests	2026-10-07T17:29:16.3234134Z [1m[92m  Downloaded[0m aws-smithy-eventstream v0.60.20
Linux build and workspace tests	Build and run workspace tests	2026-10-07T17:29:16.3260295Z [1m[92m  Downloaded[0m criterion-plot v0.8.2
Linux build and workspace tests	Build and run workspace tests	2026-10-07T17:29:16.3279715Z [1m[92m  Downloaded[0m crossbeam-queue v0.3.12
Linux build and workspace tests	Build and run workspace tests	2026-10-07T17:29:16.3293474Z [1m[92m  Downloaded[0m darling_macro v0.23.0
Linux build and workspace tests	Build and run workspace tests	2026-10-07T17:29:16.3300078Z [1m[92m  Downloaded[0m dasp_sample v0.11.0
Linux build and workspace tests	Build and run workspace tests	2026-10-07T17:29:16.3310984Z [1m[92m  Downloaded[0m dotenvy v0.15.7
Linux build and workspace tests	Build and run workspace tests	2026-10-07T17:29:16.3340581Z [1m[92m  Downloaded[0m endi v1.1.0
Linux build and workspace tests	Build and run workspace tests	2026-10-07T17:29:16.3357049Z [1m[92m  Downloaded[0m hound v3.5.1
Linux build and workspace tests	Build and run workspace tests	2026-10-07T17:29:16.3394450Z [1m[92m  Downloaded[0m indenter v0.3.4
Linux build and workspace tests	Build and run workspace tests	2026-10-07T17:29:16.3407560Z [1m[92m  Downloaded[0m inotify-sys v0.1.5
Linux build and workspace tests	Build and run workspace tests	2026-10-07T17:29:16.3422788Z [1m[92m  Downloaded[0m memmap2 v0.9.8
Linux build and workspace tests	Build and run workspace tests	2026-10-07T17:29:16.3440919Z [1m[92m  Downloaded[0m pico-args v0.5.0
Linux build and workspace tests	Build and run workspace tests	2026-10-07T17:29:16.3455624Z [1m[92m  Downloaded[0m aes v0.8.4
Linux build and workspace tests	Build and run workspace tests	2026-10-07T17:29:16.3493610Z [1m[92m  Downloaded[0m agent-client-protocol v2.2.0
Linux build and workspace tests	Build and run workspace tests	2026-10-07T17:29:16.3595065Z [1m[92m  Downloaded[0m ar_archive_writer v0.5.1
Linux build and workspace tests	Build and run workspace tests	2026-10-07T17:29:16.3629418Z [1m[92m  Downloaded[0m async-compression v0.4.32
Linux build and workspace tests	Build and run workspace tests	2026-10-07T17:29:16.3700095Z [1m[92m  Downloaded[0m async_zip v0.0.18
Linux build and workspace tests	Build and run workspace tests	2026-10-07T17:29:16.3789439Z [1m[92m  Downloaded[0m aws-sdk-sso v1.94.0
Linux build and workspace tests	Build and run workspace tests	2026-10-07T17:29:16.3862310Z [1m[92m  Downloaded[0m aws-sdk-ssooidc v1.96.0
Linux build and workspace tests	Build and run workspace tests	2026-10-07T17:29:16.3947527Z [1m[92m  Downloaded[0m aws-smithy-http-client v1.1.10
Linux build and workspace tests	Build and run workspace tests	2026-10-07T17:29:16.3990438Z [1m[92m  Downloaded[0m aws-smithy-runtime v1.10.1
Linux build and workspace tests	Build and run workspace tests	2026-10-07T17:29:16.4054160Z [1m[92m  Downloaded[0m aws-smithy-runtime-api v1.11.4
Linux build and workspace tests	Build and run workspace tests	2026-10-07T17:29:16.4097047Z [1m[92m  Downloaded[0m cranelift-bforest v0.135.1
Linux build and workspace tests	Build and run workspace tests	2026-10-07T17:29:16.4111557Z [1m[92m  Downloaded[0m cranelift-bitset v0.135.1
Linux build and workspace tests	Build and run workspace tests	2026-10-07T17:29:16.4121827Z [1m[92m  Downloaded[0m cranelift-codegen-shared v0.135.1
Linux build and workspace tests	Build and run workspace tests	2026-10-07T17:29:16.4130560Z [1m[92m  Downloaded[0m crc-catalog v2.4.0
Linux build and workspace tests	Build and run workspace tests	2026-10-07T17:29:16.4143001Z [1m[92m  Downloaded[0m crossbeam-deque v0.8.6
Linux build and workspace tests	Build and run workspace tests	2026-10-07T17:29:16.4157316Z [1m[92m  Downloaded[0m crunchy v0.2.4
Linux build and workspace tests	Build and run workspace tests	2026-10-07T17:29:16.4165986Z [1m[92m  Downloaded[0m crypto-common v0.1.6
Linux build and workspace tests	Build and run workspace tests	2026-10-07T17:29:16.4175137Z [1m[92m  Downloaded[0m ctrlc v3.5.0
Linux build and workspace tests	Build and run workspace tests	2026-10-07T17:29:16.4196881Z [1m[92m  Downloaded[0m cxx v1.0.187
Linux build and workspace tests	Build and run workspace tests	2026-10-07T17:29:16.4410898Z [1m[92m  Downloaded[0m darling v0.21.3
Linux build and workspace tests	Build and run workspace tests	2026-10-07T17:29:16.4467606Z [1m[92m  Downloaded[0m darling v0.23.0
Linux build and workspace tests	Build and run workspace tests	2026-10-07T17:29:16.4525737Z [1m[92m  Downloaded[0m darling_macro v0.20.11
Linux build and workspace tests	Build and run workspace tests	2026-10-07T17:29:16.4533132Z [1m[92m  Downloaded[0m darling_macro v0.21.3
Linux build and workspace tests	Build and run workspace tests	2026-10-07T17:29:16.4540253Z [1m[92m  Downloaded[0m debug-ignore v1.0.5
Linux build and workspace tests	Build and run workspace tests	2026-10-07T17:29:16.4559190Z [1m[92m  Downloaded[0m debugid v0.8.0
Linux build and workspace tests	Build and run workspace tests	2026-10-07T17:29:16.4572501Z [1m[92m  Downloaded[0m deflate64 v0.1.10
Linux build and workspace tests	Build and run workspace tests	2026-10-07T17:29:16.4586970Z [1m[92m  Downloaded[0m derive_setters v0.1.9
Linux build and workspace tests	Build and run workspace tests	2026-10-07T17:29:16.4608407Z [1m[92m  Downloaded[0m diff v0.1.13
Linux build and workspace tests	Build and run workspace tests	2026-10-07T17:29:16.4637324Z [1m[92m  Downloaded[0m dlib v0.5.3
Linux build and workspace tests	Build and run workspace tests	2026-10-07T17:29:16.4647793Z [1m[92m  Downloaded[0m document-features v0.2.12
Linux build and workspace tests	Build and run workspace tests	2026-10-07T17:29:16.4662278Z [1m[92m  Downloaded[0m documented-macros v0.10.0
Linux build and workspace tests	Build and run workspace tests	2026-10-07T17:29:16.4675218Z [1m[92m  Downloaded[0m doxygen-rs v0.4.2
Linux build and workspace tests	Build and run workspace tests	2026-10-07T17:29:16.4690962Z [1m[92m  Downloaded[0m dtoa-short v0.3.5
Linux build and workspace tests	Build and run workspace tests	2026-10-07T17:29:16.4699248Z [1m[92m  Downloaded[0m dyn-clone v1.0.20
Linux build and workspace tests	Build and run workspace tests	2026-10-07T17:29:16.4717124Z [1m[92m  Downloaded[0m email_address v0.2.9
Linux build and workspace tests	Build and run workspace tests	2026-10-07T17:29:16.4734413Z [1m[92m  Downloaded[0m embedded-io v0.6.1
Linux build and workspace tests	Build and run workspace tests	2026-10-07T17:29:16.4747456Z [1m[92m  Downloaded[0m enumflags2 v0.7.12
Linux build and workspace tests	Build and run workspace tests	2026-10-07T17:29:16.4761704Z [1m[92m  Downloaded[0m heed v0.21.0
Linux build and workspace tests	Build and run workspace tests	2026-10-07T17:29:16.4793201Z [1m[92m  Downloaded[0m html5ever v0.39.0
Linux build and workspace tests	Build and run workspace tests	2026-10-07T17:29:16.4831116Z [1m[92m  Downloaded[0m humantime v2.3.0
Linux build and workspace tests	Build and run workspace tests	2026-10-07T17:29:16.4848561Z [1m[92m  Downloaded[0m iana-time-zone v0.1.64
Linux build and workspace tests	Build and run workspace tests	2026-10-07T17:29:16.4877172Z [1m[92m  Downloaded[0m image-webp v0.2.4
Linux build and workspace tests	Build and run workspace tests	2026-10-07T17:29:16.4900418Z [1m[92m  Downloaded[0m inotify v0.11.0
Linux build and workspace tests	Build and run workspace tests	2026-10-07T17:29:16.4920991Z [1m[92m  Downloaded[0m inventory v0.3.21
Linux build and workspace tests	Build and run workspace tests	2026-10-07T17:29:16.4944159Z [1m[92m  Downloaded[0m lazy_static v1.5.0
Linux build and workspace tests	Build and run workspace tests	2026-10-07T17:29:16.4963275Z [1m[92m  Downloaded[0m linebender_resource_handle v0.1.1
Linux build and workspace tests	Build and run workspace tests	2026-10-07T17:29:16.4975293Z [1m[92m  Downloaded[0m logos v0.16.1
Linux build and workspace tests	Build and run workspace tests	2026-10-07T17:29:16.4994628Z [1m[92m  Downloaded[0m logos-codegen v0.15.1
Linux build and workspace tests	Build and run workspace tests	2026-10-07T17:29:16.5061862Z [1m[92m  Downloaded[0m lyon v1.0.16
Linux build and workspace tests	Build and run workspace tests	2026-10-07T17:29:16.5070539Z [1m[92m  Downloaded[0m lyon_algorithms v1.0.16
Linux build and workspace tests	Build and run workspace tests	2026-10-07T17:29:16.5096868Z [1m[92m  Downloaded[0m md-5 v0.10.6
Linux build and workspace tests	Build and run workspace tests	2026-10-07T17:29:16.5113656Z [1m[92m  Downloaded[0m memfd v0.6.5
Linux build and workspace tests	Build and run workspace tests	2026-10-07T17:29:16.5135243Z [1m[92m  Downloaded[0m memoffset v0.9.1
Linux build and workspace tests	Build and run workspace tests	2026-10-07T17:29:16.5151761Z [1m[92m  Downloaded[0m pin-project-internal v1.1.10
Linux build and workspace tests	Build and run workspace tests	2026-10-07T17:29:16.5172224Z [1m[92m  Downloaded[0m aho-corasick v1.1.3
Linux build and workspace tests	Build and run workspace tests	2026-10-07T17:29:16.5240385Z [1m[92m  Downloaded[0m av-scenechange v0.14.1
Linux build and workspace tests	Build and run workspace tests	2026-10-07T17:29:16.5369656Z [1m[92m  Downloaded[0m aws-lc-rs v1.17.1
Linux build and workspace tests	Build and run workspace tests	2026-10-07T17:29:16.5524093Z [1m[92m  Downloaded[0m aws-sdk-bedrockruntime v1.125.0
Linux build and workspace tests	Build and run workspace tests	2026-10-07T17:29:16.5886785Z [1m[92m  Downloaded[0m aws-sdk-kinesis v1.100.0
Linux build and workspace tests	Build and run workspace tests	2026-10-07T17:29:16.6225275Z [1m[92m  Downloaded[0m cranelift-assembler-x64 v0.135.1
Linux build and workspace tests	Build and run workspace tests	2026-10-07T17:29:16.6244787Z [1m[92m  Downloaded[0m cranelift-entity v0.135.1
Linux build and workspace tests	Build and run workspace tests	2026-10-07T17:29:16.6261026Z [1m[92m  Downloaded[0m cranelift-native v0.135.1
Linux build and workspace tests	Build and run workspace tests	2026-10-07T17:29:16.6270370Z [1m[92m  Downloaded[0m crash-context v0.8.0
Linux build and workspace tests	Build and run workspace tests	2026-10-07T17:29:16.6293780Z [1m[92m  Downloaded[0m crc v3.3.0
Linux build and workspace tests	Build and run workspace tests	2026-10-07T17:29:16.6310979Z [1m[92m  Downloaded[0m crc-fast v1.9.0
Linux build and workspace tests	Build and run workspace tests	2026-10-07T17:29:16.6407723Z [1m[92m  Downloaded[0m crossbeam-utils v0.8.21
Linux build and workspace tests	Build and run workspace tests	2026-10-07T17:29:16.6435420Z [1m[92m  Downloaded[0m cssparser-macros v0.6.1
Linux build and workspace tests	Build and run workspace tests	2026-10-07T17:29:16.6442167Z [1m[92m  Downloaded[0m cursor-icon v1.2.0
Linux build and workspace tests	Build and run workspace tests	2026-10-07T17:29:16.6455334Z [1m[92m  Downloaded[0m cxxbridge-flags v1.0.187
Linux build and workspace tests	Build and run workspace tests	2026-10-07T17:29:16.6463471Z [1m[92m  Downloaded[0m darling v0.20.11
Linux build and workspace tests	Build and run workspace tests	2026-10-07T17:29:16.6515554Z [1m[92m  Downloaded[0m dashmap v6.1.0
Linux build and workspace tests	Build and run workspace tests	2026-10-07T17:29:16.6541338Z [1m[92m  Downloaded[0m data-encoding v2.9.0
Linux build and workspace tests	Build and run workspace tests	2026-10-07T17:29:16.6551580Z [1m[92m  Downloaded[0m deranged v0.5.4
Linux build and workspace tests	Build and run workspace tests	2026-10-07T17:29:16.6565366Z [1m[92m  Downloaded[0m derive_more v2.1.1
Linux build and workspace tests	Build and run workspace tests	2026-10-07T17:29:16.6704066Z [1m[92m  Downloaded[0m dialoguer v0.12.0
Linux build and workspace tests	Build and run workspace tests	2026-10-07T17:29:16.6740175Z [1m[92m  Downloaded[0m diffy v0.4.2
Linux build and workspace tests	Build and run workspace tests	2026-10-07T17:29:16.6763222Z [1m[92m  Downloaded[0m dtoa v1.0.10
Linux build and workspace tests	Build and run workspace tests	2026-10-07T17:29:16.6779041Z [1m[92m  Downloaded[0m dunce v1.0.5
Linux build and workspace tests	Build and run workspace tests	2026-10-07T17:29:16.6788239Z [1m[92m  Downloaded[0m ec4rs v1.2.0
Linux build and workspace tests	Build and run workspace tests	2026-10-07T17:29:16.6815770Z [1m[92m  Downloaded[0m either v1.15.0
Linux build and workspace tests	Build and run workspace tests	2026-10-07T17:29:16.6830567Z [1m[92m  Downloaded[0m embed-resource v3.0.6
Linux build and workspace tests	Build and run workspace tests	2026-10-07T17:29:16.6848306Z [1m[92m  Downloaded[0m embedded-io v0.4.0
Linux build and workspace tests	Build and run workspace tests	2026-10-07T17:29:16.6865908Z [1m[92m  Downloaded[0m hyper v0.14.32
Linux build and workspace tests	Build and run workspace tests	2026-10-07T17:29:16.6945481Z [1m[92m  Downloaded[0m hyper-util v0.1.17
Linux build and workspace tests	Build and run workspace tests	2026-10-07T17:29:16.7005327Z [1m[92m  Downloaded[0m itertools v0.13.0
Linux build and workspace tests	Build and run workspace tests	2026-10-07T17:29:16.7077984Z [1m[92m  Downloaded[0m itertools v0.14.0
Linux build and workspace tests	Build and run workspace tests	2026-10-07T17:29:16.7151405Z [1m[92m  Downloaded[0m jupyter-websocket-client v1.1.0
Linux build and workspace tests	Build and run workspace tests	2026-10-07T17:29:16.7163303Z [1m[92m  Downloaded[0m link-cplusplus v1.0.12
Linux build and workspace tests	Build and run workspace tests	2026-10-07T17:29:16.7175662Z [1m[92m  Downloaded[0m lyon_extra v1.0.3
Linux build and workspace tests	Build and run workspace tests	2026-10-07T17:29:16.7184696Z [1m[92m  Downloaded[0m lyon_geom v1.0.17
Linux build and workspace tests	Build and run workspace tests	2026-10-07T17:29:16.7202372Z [1m[92m  Downloaded[0m multimap v0.8.3
Linux build and workspace tests	Build and run workspace tests	2026-10-07T17:29:16.7212412Z [1m[92m  Downloaded[0m nanoid v0.4.0
Linux build and workspace tests	Build and run workspace tests	2026-10-07T17:29:16.7222321Z [1m[92m  Downloaded[0m nested v0.1.1
Linux build and workspace tests	Build and run workspace tests	2026-10-07T17:29:16.7232439Z [1m[92m  Downloaded[0m new_debug_unreachable v1.0.6
Linux build and workspace tests	Build and run workspace tests	2026-10-07T17:29:16.7243139Z [1m[92m  Downloaded[0m openssl-macros v0.1.1
Linux build and workspace tests	Build and run workspace tests	2026-10-07T17:29:16.7250505Z [1m[92m  Downloaded[0m pbkdf2 v0.12.2
Linux build and workspace tests	Build and run workspace tests	2026-10-07T17:29:16.7263941Z [1m[92m  Downloaded[0m pkcs1 v0.7.5
Linux build and workspace tests	Build and run workspace tests	2026-10-07T17:29:16.7288685Z [1m[92m  Downloaded[0m plotters-backend v0.3.7
Linux build and workspace tests	Build and run workspace tests	2026-10-07T17:29:16.7301474Z [1m[92m  Downloaded[0m pulley-interpreter v48.0.1
Linux build and workspace tests	Build and run workspace tests	2026-10-07T17:29:16.7330647Z [1m[92m  Downloaded[0m ash v0.38.0+1.3.281
Linux build and workspace tests	Build and run workspace tests	2026-10-07T17:29:16.7498151Z [1m[92m  Downloaded[0m cranelift-assembler-x64-meta v0.135.1
Linux build and workspace tests	Build and run workspace tests	2026-10-07T17:29:16.7538336Z [1m[92m  Downloaded[0m cranelift-codegen-meta v0.135.1
Linux build and workspace tests	Build and run workspace tests	2026-10-07T17:29:16.7575896Z [1m[92m  Downloaded[0m cranelift-frontend v0.135.1
Linux build and workspace tests	Build and run workspace tests	2026-10-07T17:29:16.7594869Z [1m[92m  Downloaded[0m cranelift-isle v0.135.1
Linux build and workspace tests	Build and run workspace tests	2026-10-07T17:29:16.7657028Z [1m[92m  Downloaded[0m crash-handler v0.8.0
Linux build and workspace tests	Build and run workspace tests	2026-10-07T17:29:16.7688679Z [1m[92m  Downloaded[0m crossbeam-channel v0.5.15
Linux build and workspace tests	Build and run workspace tests	2026-10-07T17:29:16.7732602Z [1m[92m  Downloaded[0m crossbeam-epoch v0.9.18
Linux build and workspace tests	Build and run workspace tests	2026-10-07T17:29:16.7758253Z [1m[92m  Downloaded[0m crypto-bigint v0.4.9
Linux build and workspace tests	Build and run workspace tests	2026-10-07T17:29:16.7806422Z [1m[92m  Downloaded[0m crypto-bigint v0.5.5
Linux build and workspace tests	Build and run workspace tests	2026-10-07T17:29:16.7889859Z [1m[92m  Downloaded[0m cssparser v0.36.0
Linux build and workspace tests	Build and run workspace tests	2026-10-07T17:29:16.7914838Z [1m[92m  Downloaded[0m cssparser v0.37.0
Linux build and workspace tests	Build and run workspace tests	2026-10-07T17:29:16.7940002Z [1m[92m  Downloaded[0m cxx-build v1.0.187
Linux build and workspace tests	Build and run workspace tests	2026-10-07T17:29:16.8006669Z [1m[92m  Downloaded[0m darling_core v0.20.11
Linux build and workspace tests	Build and run workspace tests	2026-10-07T17:29:16.8062411Z [1m[92m  Downloaded[0m darling_core v0.21.3
Linux build and workspace tests	Build and run workspace tests	2026-10-07T17:29:16.8121151Z [1m[92m  Downloaded[0m darling_core v0.23.0
Linux build and workspace tests	Build and run workspace tests	2026-10-07T17:29:16.8180544Z [1m[92m  Downloaded[0m dary_heap v0.3.9
Linux build and workspace tests	Build and run workspace tests	2026-10-07T17:29:16.8192335Z [1m[92m  Downloaded[0m dbus v0.9.9
Linux build and workspace tests	Build and run workspace tests	2026-10-07T17:29:16.8237357Z [1m[92m  Downloaded[0m der v0.6.1
Linux build and workspace tests	Build and run workspace tests	2026-10-07T17:29:16.8289199Z [1m[92m  Downloaded[0m der v0.7.10
Linux build and workspace tests	Build and run workspace tests	2026-10-07T17:29:16.8345332Z [1m[92m  Downloaded[0m derive_more-impl v2.1.1
Linux build and workspace tests	Build and run workspace tests	2026-10-07T17:29:16.8401337Z [1m[92m  Downloaded[0m dugong v0.8.0-alpha.5
Linux build and workspace tests	Build and run workspace tests	2026-10-07T17:29:16.8475193Z [1m[92m  Downloaded[0m dugong-graphlib v0.8.0-alpha.5
Linux build and workspace tests	Build and run workspace tests	2026-10-07T17:29:16.8499290Z [1m[92m  Downloaded[0m elasticlunr-rs v3.0.2
Linux build and workspace tests	Build and run workspace tests	2026-10-07T17:29:16.8569473Z [1m[92m  Downloaded[0m elliptic-curve v0.12.3
Linux build and workspace tests	Build and run workspace tests	2026-10-07T17:29:16.8607642Z [1m[92m  Downloaded[0m emojis v0.9.0
Linux build and workspace tests	Build and run workspace tests	2026-10-07T17:29:16.8647260Z [1m[92m  Downloaded[0m image v0.25.10
Linux build and workspace tests	Build and run workspace tests	2026-10-07T17:29:16.8746381Z [1m[92m  Downloaded[0m libflate v2.3.1
Linux build and workspace tests	Build and run workspace tests	2026-10-07T17:29:16.8771675Z [1m[92m  Downloaded[0m merge v0.1.0
Linux build and workspace tests	Build and run workspace tests	2026-10-07T17:29:16.8798446Z [1m[92m  Downloaded[0m nbformat v1.2.0
Linux build and workspace tests	Build and run workspace tests	2026-10-07T17:29:16.8845289Z [1m[92m  Downloaded[0m openssl-probe v0.2.1
Linux build and workspace tests	Build and run workspace tests	2026-10-07T17:29:16.8857705Z [1m[92m  Downloaded[0m openssl-sys v0.9.117
Linux build and workspace tests	Build and run workspace tests	2026-10-07T17:29:16.8917169Z [1m[92m  Downloaded[0m pbjson v0.9.0
Linux build and workspace tests	Build and run workspace tests	2026-10-07T17:29:16.8924935Z [1m[92m  Downloaded[0m pbjson-build v0.9.0
Linux build and workspace tests	Build and run workspace tests	2026-10-07T17:29:16.8938380Z [1m[92m  Downloaded[0m pbjson-types v0.9.0
Linux build and workspace tests	Build and run workspace tests	2026-10-07T17:29:16.8957184Z [1m[92m  Downloaded[0m pbkdf2 v0.11.0
Linux build and workspace tests	Build and run workspace tests	2026-10-07T17:29:16.8983369Z [1m[92m  Downloaded[0m peg v0.8.5
Linux build and workspace tests	Build and run workspace tests	2026-10-07T17:29:16.9029662Z [1m[92m  Downloaded[0m plain v0.2.3
Linux build and workspace tests	Build and run workspace tests	2026-10-07T17:29:16.9041228Z [1m[92m  Downloaded[0m plotters-svg v0.3.7
Linux build and workspace tests	Build and run workspace tests	2026-10-07T17:29:16.9049611Z [1m[92m  Downloaded[0m quick-xml v0.39.3
Linux build and workspace tests	Build and run workspace tests	2026-10-07T17:29:16.9109988Z [1m[92m  Downloaded[0m moxcms v0.8.1
Linux build and workspace tests	Build and run workspace tests	2026-10-07T17:29:16.9219200Z [1m[92m  Downloaded[0m native-tls v0.2.18
Linux build and workspace tests	Build and run workspace tests	2026-10-07T17:29:16.9234842Z [1m[92m  Downloaded[0m p256 v0.11.1
Linux build and workspace tests	Build and run workspace tests	2026-10-07T17:29:16.9267584Z [1m[92m  Downloaded[0m page_size v0.6.0
Linux build and workspace tests	Build and run workspace tests	2026-10-07T17:29:16.9278123Z [1m[92m  Downloaded[0m pathfinder_geometry v0.5.1
Linux build and workspace tests	Build and run workspace tests	2026-10-07T17:29:16.9289900Z [1m[92m  Downloaded[0m phf_shared v0.13.1
Linux build and workspace tests	Build and run workspace tests	2026-10-07T17:29:16.9299421Z [1m[92m  Downloaded[0m pin-project v1.1.10
Linux build and workspace tests	Build and run workspace tests	2026-10-07T17:29:16.9446697Z [1m[92m  Downloaded[0m pin-utils v0.1.0
Linux build and workspace tests	Build and run workspace tests	2026-10-07T17:29:16.9459284Z [1m[92m  Downloaded[0m piper v0.2.4
Linux build and workspace tests	Build and run workspace tests	2026-10-07T17:29:16.9474611Z [1m[92m  Downloaded[0m pkcs8 v0.9.0
Linux build and workspace tests	Build and run workspace tests	2026-10-07T17:29:16.9504956Z [1m[92m  Downloaded[0m pkcs8 v0.10.2
Linux build and workspace tests	Build and run workspace tests	2026-10-07T17:29:16.9535388Z [1m[92m  Downloaded[0m pkg-config v0.3.32
Linux build and workspace tests	Build and run workspace tests	2026-10-07T17:29:16.9552195Z [1m[92m  Downloaded[0m psm v0.1.30
Linux build and workspace tests	Build and run workspace tests	2026-10-07T17:29:16.9585461Z [1m[92m  Downloaded[0m ptr_meta v0.1.4
Linux build and workspace tests	Build and run workspace tests	2026-10-07T17:29:16.9594475Z [1m[92m  Downloaded[0m ptr_meta_derive v0.1.4
Linux build and workspace tests	Build and run workspace tests	2026-10-07T17:29:16.9601717Z [1m[92m  Downloaded[0m pulldown-cmark-escape v0.10.1
Linux build and workspace tests	Build and run workspace tests	2026-10-07T17:29:16.9609378Z [1m[92m  Downloaded[0m pulley-macros v48.0.1
Linux build and workspace tests	Build and run workspace tests	2026-10-07T17:29:16.9616750Z [1m[92m  Downloaded[0m quick-error v2.0.1
Linux build and workspace tests	Build and run workspace tests	2026-10-07T17:29:16.9629878Z [1m[92m  Downloaded[0m quinn v0.11.9
Linux build and workspace tests	Build and run workspace tests	2026-10-07T17:29:16.9663819Z [1m[92m  Downloaded[0m rustc-hash v1.1.0
Linux build and workspace tests	Build and run workspace tests	2026-10-07T17:29:16.9673385Z [1m[92m  Downloaded[0m rustc_version v0.4.1
Linux build and workspace tests	Build and run workspace tests	2026-10-07T17:29:16.9687316Z [1m[92m  Downloaded[0m rustix-linux-procfs v0.1.1
Linux build and workspace tests	Build and run workspace tests	2026-10-07T17:29:16.9699388Z [1m[92m  Downloaded[0m rustix-openpty v0.2.0
Linux build and workspace tests	Build and run workspace tests	2026-10-07T17:29:16.9710968Z [1m[92m  Downloaded[0m rustls-native-certs v0.8.3
Linux build and workspace tests	Build and run workspace tests	2026-10-07T17:29:16.9737017Z [1m[92m  Downloaded[0m shlex v1.3.0
Linux build and workspace tests	Build and run workspace tests	2026-10-07T17:29:16.9750414Z [1m[92m  Downloaded[0m simplelog v0.12.2
Linux build and workspace tests	Build and run workspace tests	2026-10-07T17:29:16.9770819Z [1m[92m  Downloaded[0m siphasher v1.0.1
Linux build and workspace tests	Build and run workspace tests	2026-10-07T17:29:16.9783501Z [1m[92m  Downloaded[0m strsim v0.11.1
Linux build and workspace tests	Build and run workspace tests	2026-10-07T17:29:16.9797032Z [1m[92m  Downloaded[0m ctor v1.0.12
Linux build and workspace tests	Build and run workspace tests	2026-10-07T17:29:16.9823211Z [1m[92m  Downloaded[0m pathfinder_simd v0.5.6
Linux build and workspace tests	Build and run workspace tests	2026-10-07T17:29:16.9843755Z [1m[92m  Downloaded[0m plotters v0.3.7
Linux build and workspace tests	Build and run workspace tests	2026-10-07T17:29:16.9943715Z [1m[92m  Downloaded[0m proxyvars v0.2.0
Linux build and workspace tests	Build and run workspace tests	2026-10-07T17:29:16.9954534Z [1m[92m  Downloaded[0m pulldown-cmark v0.13.4
Linux build and workspace tests	Build and run workspace tests	2026-10-07T17:29:17.0007623Z [1m[92m  Downloaded[0m qoi v0.4.1
Linux build and workspace tests	Build and run workspace tests	2026-10-07T17:29:17.0037663Z [1m[92m  Downloaded[0m quick-error v1.2.3
Linux build and workspace tests	Build and run workspace tests	2026-10-07T17:29:17.0051153Z [1m[92m  Downloaded[0m quick-xml v0.37.5
Linux build and workspace tests	Build and run workspace tests	2026-10-07T17:29:17.0106578Z [1m[92m  Downloaded[0m quick-xml v0.41.0
Linux build and workspace tests	Build and run workspace tests	2026-10-07T17:29:17.0168837Z [1m[92m  Downloaded[0m quinn-proto v0.11.17
Linux build and workspace tests	Build and run workspace tests	2026-10-07T17:29:17.0239465Z [1m[92m  Downloaded[0m rtoolbox v0.0.3
Linux build and workspace tests	Build and run workspace tests	2026-10-07T17:29:17.0253404Z [1m[92m  Downloaded[0m rtrb v0.3.2
Linux build and workspace tests	Build and run workspace tests	2026-10-07T17:29:17.0270362Z [1m[92m  Downloaded[0m runtimelib v1.4.0
Linux build and workspace tests	Build and run workspace tests	2026-10-07T17:29:17.0290404Z [1m[92m  Downloaded[0m rust-embed-impl v8.11.0
Linux build and workspace tests	Build and run workspace tests	2026-10-07T17:29:17.0299305Z [1m[92m  Downloaded[0m rust-embed-utils v8.11.0
Linux build and workspace tests	Build and run workspace tests	2026-10-07T17:29:17.0307732Z [1m[92m  Downloaded[0m rustc-demangle v0.1.26
Linux build and workspace tests	Build and run workspace tests	2026-10-07T17:29:17.0325622Z [1m[92m  Downloaded[0m rustc-hash v2.1.1
Linux build and workspace tests	Build and run workspace tests	2026-10-07T17:29:17.0339439Z [1m[92m  Downloaded[0m shell-words v1.1.0
Linux build and workspace tests	Build and run workspace tests	2026-10-07T17:29:17.0348938Z [1m[92m  Downloaded[0m shellexpand v3.1.1
Linux build and workspace tests	Build and run workspace tests	2026-10-07T17:29:17.0367756Z [1m[92m  Downloaded[0m shingles v0.1.1
Linux build and workspace tests	Build and run workspace tests	2026-10-07T17:29:17.0379312Z [1m[92m  Downloaded[0m signal-hook-registry v1.4.6
Linux build and workspace tests	Build and run workspace tests	2026-10-07T17:29:17.0391037Z [1m[92m  Downloaded[0m signature v1.6.4
Linux build and workspace tests	Build and run workspace tests	2026-10-07T17:29:17.0406016Z [1m[92m  Downloaded[0m signature v2.2.0
Linux build and workspace tests	Build and run workspace tests	2026-10-07T17:29:17.0421222Z [1m[92m  Downloaded[0m simd_helpers v0.1.0
Linux build and workspace tests	Build and run workspace tests	2026-10-07T17:29:17.0429740Z [1m[92m  Downloaded[0m siphasher v0.3.11
Linux build and workspace tests	Build and run workspace tests	2026-10-07T17:29:17.0443155Z [1m[92m  Downloaded[0m slotmap v1.0.7
Linux build and workspace tests	Build and run workspace tests	2026-10-07T17:29:17.0466382Z [1m[92m  Downloaded[0m smart-default v0.7.1
Linux build and workspace tests	Build and run workspace tests	2026-10-07T17:29:17.0481414Z [1m[92m  Downloaded[0m smol_str v0.3.6
Linux build and workspace tests	Build and run workspace tests	2026-10-07T17:29:17.0498884Z [1m[92m  Downloaded[0m spin v0.9.8
Linux build and workspace tests	Build and run workspace tests	2026-10-07T17:29:17.0523632Z [1m[92m  Downloaded[0m spin v0.10.0
Linux build and workspace tests	Build and run workspace tests	2026-10-07T17:29:17.0549591Z [1m[92m  Downloaded[0m spirv v0.4.0+sdk-1.4.341.0
Linux build and workspace tests	Build and run workspace tests	2026-10-07T17:29:17.0562602Z [1m[92m  Downloaded[0m spki v0.6.0
Linux build and workspace tests	Build and run workspace tests	2026-10-07T17:29:17.0581100Z [1m[92m  Downloaded[0m spki v0.7.3
Linux build and workspace tests	Build and run workspace tests	2026-10-07T17:29:17.0600166Z [1m[92m  Downloaded[0m sqlx-core v0.8.6
Linux build and workspace tests	Build and run workspace tests	2026-10-07T17:29:17.0683232Z [1m[92m  Downloaded[0m sqlx-macros v0.8.6
Linux build and workspace tests	Build and run workspace tests	2026-10-07T17:29:17.0691840Z [1m[92m  Downloaded[0m sqlx-macros-core v0.8.6
Linux build and workspace tests	Build and run workspace tests	2026-10-07T17:29:17.0714899Z [1m[92m  Downloaded[0m stacker v0.1.25
Linux build and workspace tests	Build and run workspace tests	2026-10-07T17:29:17.0736418Z [1m[92m  Downloaded[0m stacksafe v1.0.3
Linux build and workspace tests	Build and run workspace tests	2026-10-07T17:29:17.0754368Z [1m[92m  Downloaded[0m stacksafe-macro v1.0.3
Linux build and workspace tests	Build and run workspace tests	2026-10-07T17:29:17.0761481Z [1m[92m  Downloaded[0m static_assertions v1.1.0
Linux build and workspace tests	Build and run workspace tests	2026-10-07T17:29:17.0776770Z [1m[92m  Downloaded[0m strict-num v0.1.1
Linux build and workspace tests	Build and run workspace tests	2026-10-07T17:29:17.0787314Z [1m[92m  Downloaded[0m string_cache v0.9.0
Linux build and workspace tests	Build and run workspace tests	2026-10-07T17:29:17.0803810Z [1m[92m  Downloaded[0m string_cache_codegen v0.6.1
Linux build and workspace tests	Build and run workspace tests	2026-10-07T17:29:17.0810906Z [1m[92m  Downloaded[0m strum v0.26.3
Linux build and workspace tests	Build and run workspace tests	2026-10-07T17:29:17.0819360Z [1m[92m  Downloaded[0m strum v0.28.0
Linux build and workspace tests	Build and run workspace tests	2026-10-07T17:29:17.0828866Z [1m[92m  Downloaded[0m unindent v0.2.4
Linux build and workspace tests	Build and run workspace tests	2026-10-07T17:29:17.0837983Z [1m[92m  Downloaded[0m untrusted v0.9.0
Linux build and workspace tests	Build and run workspace tests	2026-10-07T17:29:17.0855689Z [1m[92m  Downloaded[0m utf8-chars v3.0.6
Linux build and workspace tests	Build and run workspace tests	2026-10-07T17:29:17.0865794Z [1m[92m  Downloaded[0m want v0.3.1
Linux build and workspace tests	Build and run workspace tests	2026-10-07T17:29:17.0875823Z [1m[92m  Downloaded[0m cranelift-codegen v0.135.1
Linux build and workspace tests	Build and run workspace tests	2026-10-07T17:29:17.1191499Z [1m[92m  Downloaded[0m failspot v0.2.0
Linux build and workspace tests	Build and run workspace tests	2026-10-07T17:29:17.1201126Z [1m[92m  Downloaded[0m moka v0.12.11
Linux build and workspace tests	Build and run workspace tests	2026-10-07T17:29:17.1302986Z [1m[92m  Downloaded[0m openssl v0.10.81
Linux build and workspace tests	Build and run workspace tests	2026-10-07T17:29:17.1406015Z [1m[92m  Downloaded[0m pulldown-cmark v0.10.3
Linux build and workspace tests	Build and run workspace tests	2026-10-07T17:29:17.1457069Z [1m[92m  Downloaded[0m quick-xml v0.30.0
Linux build and workspace tests	Build and run workspace tests	2026-10-07T17:29:17.1506650Z [1m[92m  Downloaded[0m rust_decimal v1.39.0
Linux build and workspace tests	Build and run workspace tests	2026-10-07T17:29:17.1571822Z [1m[92m  Downloaded[0m rustix v1.1.4
Linux build and workspace tests	Build and run workspace tests	2026-10-07T17:29:17.1861758Z [1m[92m  Downloaded[0m rustls v0.23.40
Linux build and workspace tests	Build and run workspace tests	2026-10-07T17:29:17.1987460Z [1m[92m  Downloaded[0m shlex v2.0.1
Linux build and workspace tests	Build and run workspace tests	2026-10-07T17:29:17.2001159Z [1m[92m  Downloaded[0m signal-hook v0.4.4
Linux build and workspace tests	Build and run workspace tests	2026-10-07T17:29:17.2027781Z [1m[92m  Downloaded[0m simdutf8 v0.1.5
Linux build and workspace tests	Build and run workspace tests	2026-10-07T17:29:17.2052607Z [1m[92m  Downloaded[0m similar v2.7.0
Linux build and workspace tests	Build and run workspace tests	2026-10-07T17:29:17.2109741Z [1m[92m  Downloaded[0m simple_asn1 v0.6.3
Linux build and workspace tests	Build and run workspace tests	2026-10-07T17:29:17.2124004Z [1m[92m  Downloaded[0m simplecss v0.2.2
Linux build and workspace tests	Build and run workspace tests	2026-10-07T17:29:17.2143175Z [1m[92m  Downloaded[0m snafu v0.8.9
Linux build and workspace tests	Build and run workspace tests	2026-10-07T17:29:17.2212509Z [1m[92m  Downloaded[0m snafu-derive v0.8.9
Linux build and workspace tests	Build and run workspace tests	2026-10-07T17:29:17.2226876Z [1m[92m  Downloaded[0m socket2 v0.5.10
Linux build and workspace tests	Build and run workspace tests	2026-10-07T17:29:17.2245851Z [1m[92m  Downloaded[0m socket2 v0.6.5
Linux build and workspace tests	Build and run workspace tests	2026-10-07T17:29:17.2264944Z [1m[92m  Downloaded[0m sqlformat v0.2.6
Linux build and workspace tests	Build and run workspace tests	2026-10-07T17:29:17.2282696Z [1m[92m  Downloaded[0m sqlx v0.8.6
Linux build and workspace tests	Build and run workspace tests	2026-10-07T17:29:17.2434891Z [1m[92m  Downloaded[0m sqlx-mysql v0.8.6
Linux build and workspace tests	Build and run workspace tests	2026-10-07T17:29:17.2497452Z [1m[92m  Downloaded[0m sqlx-postgres v0.8.6
Linux build and workspace tests	Build and run workspace tests	2026-10-07T17:29:17.2591456Z [1m[92m  Downloaded[0m sqlx-sqlite v0.8.6
Linux build and workspace tests	Build and run workspace tests	2026-10-07T17:29:17.2640282Z [1m[92m  Downloaded[0m streaming-iterator v0.1.9
Linux build and workspace tests	Build and run workspace tests	2026-10-07T17:29:17.2654418Z [1m[92m  Downloaded[0m stringprep v0.1.5
Linux build and workspace tests	Build and run workspace tests	2026-10-07T17:29:17.2670146Z [1m[92m  Downloaded[0m strum_macros v0.27.2
Linux build and workspace tests	Build and run workspace tests	2026-10-07T17:29:17.2695762Z [1m[92m  Downloaded[0m strum_macros v0.28.0
Linux build and workspace tests	Build and run workspace tests	2026-10-07T17:29:17.2721660Z [1m[92m  Downloaded[0m unicode_categories v0.1.1
Linux build and workspace tests	Build and run workspace tests	2026-10-07T17:29:17.2739900Z [1m[92m  Downloaded[0m unsafe-libyaml v0.2.11
Linux build and workspace tests	Build and run workspace tests	2026-10-07T17:29:17.2774315Z [1m[92m  Downloaded[0m untrusted v0.7.1
Linux build and workspace tests	Build and run workspace tests	2026-10-07T17:29:17.2785696Z [1m[92m  Downloaded[0m urlencoding v2.1.3
Linux build and workspace tests	Build and run workspace tests	2026-10-07T17:29:17.2796215Z [1m[92m  Downloaded[0m utf-8 v0.7.6
Linux build and workspace tests	Build and run workspace tests	2026-10-07T17:29:17.2809002Z [1m[92m  Downloaded[0m utf16_iter v1.0.5
Linux build and workspace tests	Build and run workspace tests	2026-10-07T17:29:17.2819725Z [1m[92m  Downloaded[0m utf8parse v0.2.2
Linux build and workspace tests	Build and run workspace tests	2026-10-07T17:29:17.2830095Z [1m[92m  Downloaded[0m uuid-simd v0.8.0
Linux build and workspace tests	Build and run workspace tests	2026-10-07T17:29:17.2844902Z [1m[92m  Downloaded[0m value-bag-serde1 v1.12.0
Linux build and workspace tests	Build and run workspace tests	2026-10-07T17:29:17.2853425Z [1m[92m  Downloaded[0m value-bag-sval2 v1.12.0
Linux build and workspace tests	Build and run workspace tests	2026-10-07T17:29:17.2861828Z [1m[92m  Downloaded[0m version-compare v0.2.0
Linux build and workspace tests	Build and run workspace tests	2026-10-07T17:29:17.2875731Z [1m[92m  Downloaded[0m version_check v0.9.5
Linux build and workspace tests	Build and run workspace tests	2026-10-07T17:29:17.2889146Z [1m[92m  Downloaded[0m vscode_theme v0.2.0
Linux build and workspace tests	Build and run workspace tests	2026-10-07T17:29:17.2901723Z [1m[92m  Downloaded[0m vsimd v0.8.0
Linux build and workspace tests	Build and run workspace tests	2026-10-07T17:29:17.2924315Z [1m[92m  Downloaded[0m vte v0.15.0
Linux build and workspace tests	Build and run workspace tests	2026-10-07T17:29:17.2946668Z [1m[92m  Downloaded[0m wait-timeout v0.2.1
Linux build and workspace tests	Build and run workspace tests	2026-10-07T17:29:17.2963131Z [1m[92m  Downloaded[0m waker-fn v1.2.0
Linux build and workspace tests	Build and run workspace tests	2026-10-07T17:29:17.2972243Z [1m[92m  Downloaded[0m walkdir v2.5.0
Linux build and workspace tests	Build and run workspace tests	2026-10-07T17:29:17.2991524Z [1m[92m  Downloaded[0m wasm-bindgen v0.2.120
Linux build and workspace tests	Build and run workspace tests	2026-10-07T17:29:17.3019277Z [1m[92m  Downloaded[0m wasm-bindgen-macro v0.2.120
Linux build and workspace tests	Build and run workspace tests	2026-10-07T17:29:17.3029271Z [1m[92m  Downloaded[0m wasm-bindgen-macro-support v0.2.120
Linux build and workspace tests	Build and run workspace tests	2026-10-07T17:29:17.3049243Z [1m[92m  Downloaded[0m wasm-bindgen-shared v0.2.120
Linux build and workspace tests	Build and run workspace tests	2026-10-07T17:29:17.3060230Z [1m[92m  Downloaded[0m wasm-encoder v0.254.0
Linux build and workspace tests	Build and run workspace tests	2026-10-07T17:29:17.3103072Z [1m[92m  Downloaded[0m wasm-metadata v0.201.0
Linux build and workspace tests	Build and run workspace tests	2026-10-07T17:29:17.3110982Z [1m[92m  Downloaded[0m wasm-metadata v0.254.0
Linux build and workspace tests	Build and run workspace tests	2026-10-07T17:29:17.3137469Z [1m[92m  Downloaded[0m wasmprinter v0.254.0
Linux build and workspace tests	Build and run workspace tests	2026-10-07T17:29:17.3158025Z [1m[92m  Downloaded[0m wasmtime-internal-c-api-macros v48.0.1
Linux build and workspace tests	Build and run workspace tests	2026-10-07T17:29:17.3165170Z [1m[92m  Downloaded[0m axum-core v0.3.4
Linux build and workspace tests	Build and run workspace tests	2026-10-07T17:29:17.3187636Z [1m[92m  Downloaded[0m encoding_rs v0.8.35
Linux build and workspace tests	Build and run workspace tests	2026-10-07T17:29:17.3397279Z [1m[92m  Downloaded[0m enumflags2_derive v0.7.12
Linux build and workspace tests	Build and run workspace tests	2026-10-07T17:29:17.3405984Z [1m[92m  Downloaded[0m envy v0.4.2
Linux build and workspace tests	Build and run workspace tests	2026-10-07T17:29:17.3423956Z [1m[92m  Downloaded[0m error-graph v0.1.1
Linux build and workspace tests	Build and run workspace tests	2026-10-07T17:29:17.3437114Z [1m[92m  Downloaded[0m event-listener v2.5.3
Linux build and workspace tests	Build and run workspace tests	2026-10-07T17:29:17.3450259Z [1m[92m  Downloaded[0m event-listener v5.4.1
Linux build and workspace tests	Build and run workspace tests	2026-10-07T17:29:17.3472480Z [1m[92m  Downloaded[0m event-listener-strategy v0.5.4
Linux build and workspace tests	Build and run workspace tests	2026-10-07T17:29:17.3484895Z [1m[92m  Downloaded[0m exr v1.74.0
Linux build and workspace tests	Build and run workspace tests	2026-10-07T17:29:17.3581208Z [1m[92m  Downloaded[0m palette v0.7.6
Linux build and workspace tests	Build and run workspace tests	2026-10-07T17:29:17.3701257Z [1m[92m  Downloaded[0m usvg v0.46.0
Linux build and workspace tests	Build and run workspace tests	2026-10-07T17:29:17.3747939Z [1m[92m  Downloaded[0m uuid v1.18.1
Linux build and workspace tests	Build and run workspace tests	2026-10-07T17:29:17.3780056Z [1m[92m  Downloaded[0m v_frame v0.3.9
Linux build and workspace tests	Build and run workspace tests	2026-10-07T17:29:17.3797235Z [1m[92m  Downloaded[0m value-bag v1.12.0
Linux build and workspace tests	Build and run workspace tests	2026-10-07T17:29:17.3827114Z [1m[92m  Downloaded[0m vcpkg v0.2.15
Linux build and workspace tests	Build and run workspace tests	2026-10-07T17:29:17.4425937Z [1m[92m  Downloaded[0m warp v0.3.7
Linux build and workspace tests	Build and run workspace tests	2026-10-07T17:29:17.4512860Z [1m[92m  Downloaded[0m wasm-encoder v0.201.0
Linux build and workspace tests	Build and run workspace tests	2026-10-07T17:29:17.4545878Z [1m[92m  Downloaded[0m wasmparser v0.201.0
Linux build and workspace tests	Build and run workspace tests	2026-10-07T17:29:17.4611668Z [1m[92m  Downloaded[0m wasmparser v0.254.0
Linux build and workspace tests	Build and run workspace tests	2026-10-07T17:29:17.4699398Z [1m[92m  Downloaded[0m wasmtime-c-api-impl v48.0.1
Linux build and workspace tests	Build and run workspace tests	2026-10-07T17:29:17.4839489Z [1m[92m  Downloaded[0m wasmtime-internal-component-macro v48.0.1
Linux build and workspace tests	Build and run workspace tests	2026-10-07T17:29:17.5011272Z [1m[92m  Downloaded[0m enumn v0.1.14
Linux build and workspace tests	Build and run workspace tests	2026-10-07T17:29:17.5023932Z [1m[92m  Downloaded[0m env_filter v0.1.4
Linux build and workspace tests	Build and run workspace tests	2026-10-07T17:29:17.5037870Z [1m[92m  Downloaded[0m env_logger v0.10.2
Linux build and workspace tests	Build and run workspace tests	2026-10-07T17:29:17.5068464Z [1m[92m  Downloaded[0m env_logger v0.11.8
Linux build and workspace tests	Build and run workspace tests	2026-10-07T17:29:17.5094045Z [1m[92m  Downloaded[0m equator v0.4.2
Linux build and workspace tests	Build and run workspace tests	2026-10-07T17:29:17.5108322Z [1m[92m  Downloaded[0m equator-macro v0.4.2
Linux build and workspace tests	Build and run workspace tests	2026-10-07T17:29:17.5116788Z [1m[92m  Downloaded[0m erased-serde v0.4.9
Linux build and workspace tests	Build and run workspace tests	2026-10-07T17:29:17.5142292Z [1m[92m  Downloaded[0m errno v0.2.8
Linux build and workspace tests	Build and run workspace tests	2026-10-07T17:29:17.5156773Z [1m[92m  Downloaded[0m errno v0.3.14
Linux build and workspace tests	Build and run workspace tests	2026-10-07T17:29:17.5172980Z [1m[92m  Downloaded[0m etagere v0.2.15
Linux build and workspace tests	Build and run workspace tests	2026-10-07T17:29:17.5188351Z [1m[92m  Downloaded[0m euclid v0.22.14
Linux build and workspace tests	Build and run workspace tests	2026-10-07T17:29:17.5222539Z [1m[92m  Downloaded[0m exec v0.3.1
Linux build and workspace tests	Build and run workspace tests	2026-10-07T17:29:17.5233006Z [1m[92m  Downloaded[0m extended v0.1.0
Linux build and workspace tests	Build and run workspace tests	2026-10-07T17:29:17.5240937Z [1m[92m  Downloaded[0m fast-srgb8 v1.0.0
Linux build and workspace tests	Build and run workspace tests	2026-10-07T17:29:17.5253540Z [1m[92m  Downloaded[0m fastrand v1.9.0
Linux build and workspace tests	Build and run workspace tests	2026-10-07T17:29:17.5266488Z [1m[92m  Downloaded[0m fastrand v2.3.0
Linux build and workspace tests	Build and run workspace tests	2026-10-07T17:29:17.5279820Z [1m[92m  Downloaded[0m gobject-sys v0.21.5
Linux build and workspace tests	Build and run workspace tests	2026-10-07T17:29:17.5295160Z [1m[92m  Downloaded[0m gpu-allocator v0.28.0
Linux build and workspace tests	Build and run workspace tests	2026-10-07T17:29:17.5325601Z [1m[92m  Downloaded[0m gpu-descriptor v0.3.2
Linux build and workspace tests	Build and run workspace tests	2026-10-07T17:29:17.5334923Z [1m[92m  Downloaded[0m gpu-descriptor-types v0.2.0
Linux build and workspace tests	Build and run workspace tests	2026-10-07T17:29:17.5342322Z [1m[92m  Downloaded[0m group v0.12.1
Linux build and workspace tests	Build and run workspace tests	2026-10-07T17:29:17.5358773Z [1m[92m  Downloaded[0m guppy-workspace-hack v0.1.0
Linux build and workspace tests	Build and run workspace tests	2026-10-07T17:29:17.5365393Z [1m[92m  Downloaded[0m link-section v0.19.2
Linux build and workspace tests	Build and run workspace tests	2026-10-07T17:29:17.5413461Z [1m[92m  Downloaded[0m lru v0.16.4
Linux build and workspace tests	Build and run workspace tests	2026-10-07T17:29:17.5426136Z [1m[92m  Downloaded[0m pciid-parser v0.8.0
Linux build and workspace tests	Build and run workspace tests	2026-10-07T17:29:17.5479087Z [1m[92m  Downloaded[0m radium v0.7.0
Linux build and workspace tests	Build and run workspace tests	2026-10-07T17:29:17.5489719Z [1m[92m  Downloaded[0m skrifa v0.37.0
Linux build and workspace tests	Build and run workspace tests	2026-10-07T17:29:17.5586967Z [1m[92m  Downloaded[0m wasmtime-environ v48.0.1
Linux build and workspace tests	Build and run workspace tests	2026-10-07T17:29:17.5675902Z [1m[92m  Downloaded[0m fancy-regex v0.19.0
Linux build and workspace tests	Build and run workspace tests	2026-10-07T17:29:17.5743041Z [1m[92m  Downloaded[0m guppy v0.18.0
Linux build and workspace tests	Build and run workspace tests	2026-10-07T17:29:17.5812233Z [1m[92m  Downloaded[0m h2 v0.3.27
Linux build and workspace tests	Build and run workspace tests	2026-10-07T17:29:17.5880121Z [1m[92m  Downloaded[0m h2 v0.4.19
Linux build and workspace tests	Build and run workspace tests	2026-10-07T17:29:17.5948208Z [1m[92m  Downloaded[0m half v2.7.1
Linux build and workspace tests	Build and run workspace tests	2026-10-07T17:29:17.5976569Z [1m[92m  Downloaded[0m handlebars v4.5.0
Linux build and workspace tests	Build and run workspace tests	2026-10-07T17:29:17.6050650Z [1m[92m  Downloaded[0m khronos-egl v6.0.0
Linux build and workspace tests	Build and run workspace tests	2026-10-07T17:29:17.6071086Z [1m[92m  Downloaded[0m kv-log-macro v1.0.7
Linux build and workspace tests	Build and run workspace tests	2026-10-07T17:29:17.6090612Z [1m[92m  Downloaded[0m lalrpop-util v0.23.1
Linux build and workspace tests	Build and run workspace tests	2026-10-07T17:29:17.6102520Z [1m[92m  Downloaded[0m leb128 v0.2.5
Linux build and workspace tests	Build and run workspace tests	2026-10-07T17:29:17.6117284Z [1m[92m  Downloaded[0m lebe v0.5.3
Linux build and workspace tests	Build and run workspace tests	2026-10-07T17:29:17.6130245Z [1m[92m  Downloaded[0m libbz2-rs-sys v0.2.2
Linux build and workspace tests	Build and run workspace tests	2026-10-07T17:29:17.6149830Z [1m[92m  Downloaded[0m libflate_lz77 v2.3.0
Linux build and workspace tests	Build and run workspace tests	2026-10-07T17:29:17.6158837Z [1m[92m  Downloaded[0m linkify v0.10.0
Linux build and workspace tests	Build and run workspace tests	2026-10-07T17:29:17.6178289Z [1m[92m  Downloaded[0m linktime-proc-macro v0.2.2
Linux build and workspace tests	Build and run workspace tests	2026-10-07T17:29:17.6192633Z [1m[92m  Downloaded[0m litrs v1.0.0
Linux build and workspace tests	Build and run workspace tests	2026-10-07T17:29:17.6224585Z [1m[92m  Downloaded[0m lock_api v0.4.14
Linux build and workspace tests	Build and run workspace tests	2026-10-07T17:29:17.6237939Z [1m[92m  Downloaded[0m logos-derive v0.15.1
Linux build and workspace tests	Build and run workspace tests	2026-10-07T17:29:17.6246976Z [1m[92m  Downloaded[0m logos-derive v0.16.1
Linux build and workspace tests	Build and run workspace tests	2026-10-07T17:29:17.6255650Z [1m[92m  Downloaded[0m lol_html v3.0.1
Linux build and workspace tests	Build and run workspace tests	2026-10-07T17:29:17.6341860Z [1m[92m  Downloaded[0m loop9 v0.1.5
Linux build and workspace tests	Build and run workspace tests	2026-10-07T17:29:17.6349683Z [1m[92m  Downloaded[0m lru-slab v0.1.2
Linux build and workspace tests	Build and run workspace tests	2026-10-07T17:29:17.6359036Z [1m[92m  Downloaded[0m lyon_path v1.0.16
Linux build and workspace tests	Build and run workspace tests	2026-10-07T17:29:17.6375449Z [1m[92m  Downloaded[0m lyon_tessellation v1.0.16
Linux build and workspace tests	Build and run workspace tests	2026-10-07T17:29:17.6412661Z [1m[92m  Downloaded[0m peg-macros v0.8.5
Linux build and workspace tests	Build and run workspace tests	2026-10-07T17:29:17.6428429Z [1m[92m  Downloaded[0m phf v0.13.1
Linux build and workspace tests	Build and run workspace tests	2026-10-07T17:29:17.6441862Z [1m[92m  Downloaded[0m phf_codegen v0.13.1
Linux build and workspace tests	Build and run workspace tests	2026-10-07T17:29:17.6452078Z [1m[92m  Downloaded[0m phf_generator v0.11.3
Linux build and workspace tests	Build and run workspace tests	2026-10-07T17:29:17.6464503Z [1m[92m  Downloaded[0m phf_generator v0.13.1
Linux build and workspace tests	Build and run workspace tests	2026-10-07T17:29:17.6476909Z [1m[92m  Downloaded[0m phf_macros v0.11.3
Linux build and workspace tests	Build and run workspace tests	2026-10-07T17:29:17.6487239Z [1m[92m  Downloaded[0m phf_macros v0.13.1
Linux build and workspace tests	Build and run workspace tests	2026-10-07T17:29:17.6498085Z [1m[92m  Downloaded[0m phf_shared v0.11.3
Linux build and workspace tests	Build and run workspace tests	2026-10-07T17:29:17.6508160Z [1m[92m  Downloaded[0m pollster v0.2.5
Linux build and workspace tests	Build and run workspace tests	2026-10-07T17:29:17.6520727Z [1m[92m  Downloaded[0m polycool v0.4.0
Linux build and workspace tests	Build and run workspace tests	2026-10-07T17:29:17.6538371Z [1m[92m  Downloaded[0m pori v0.0.0
Linux build and workspace tests	Build and run workspace tests	2026-10-07T17:29:17.6549748Z [1m[92m  Downloaded[0m ppv-lite86 v0.2.21
Linux build and workspace tests	Build and run workspace tests	2026-10-07T17:29:17.6563733Z [1m[92m  Downloaded[0m precomputed-hash v0.1.1
Linux build and workspace tests	Build and run workspace tests	2026-10-07T17:29:17.6570562Z [1m[92m  Downloaded[0m proc-macro-crate v3.4.0
Linux build and workspace tests	Build and run workspace tests	2026-10-07T17:29:17.6585023Z [1m[92m  Downloaded[0m proc-macro-error v1.0.4
Linux build and workspace tests	Build and run workspace tests	2026-10-07T17:29:17.6622866Z [1m[92m  Downloaded[0m proc-macro-error-attr3 v3.1.1
Linux build and workspace tests	Build and run workspace tests	2026-10-07T17:29:17.6633259Z [1m[92m  Downloaded[0m process-backend v0.1.0
Linux build and workspace tests	Build and run workspace tests	2026-10-07T17:29:17.6646697Z [1m[92m  Downloaded[0m profiling v1.0.17
Linux build and workspace tests	Build and run workspace tests	2026-10-07T17:29:17.6659793Z [1m[92m  Downloaded[0m prometheus v0.14.0
Linux build and workspace tests	Build and run workspace tests	2026-10-07T17:29:17.6714747Z [1m[92m  Downloaded[0m proptest-derive v0.8.0
Linux build and workspace tests	Build and run workspace tests	2026-10-07T17:29:17.6773878Z [1m[92m  Downloaded[0m prost-build v0.14.4
Linux build and workspace tests	Build and run workspace tests	2026-10-07T17:29:17.6812449Z [1m[92m  Downloaded[0m prost-derive v0.14.4
Linux build and workspace tests	Build and run workspace tests	2026-10-07T17:29:17.6828107Z [1m[92m  Downloaded[0m prost-types v0.14.4
Linux build and workspace tests	Build and run workspace tests	2026-10-07T17:29:17.6847296Z [1m[92m  Downloaded[0m protobuf v3.7.2
Linux build and workspace tests	Build and run workspace tests	2026-10-07T17:29:17.6964909Z [1m[92m  Downloaded[0m protox v0.9.1
Linux build and workspace tests	Build and run workspace tests	2026-10-07T17:29:17.7007929Z [1m[92m  Downloaded[0m rand v0.9.4
Linux build and workspace tests	Build and run workspace tests	2026-10-07T17:29:17.7048677Z [1m[92m  Downloaded[0m rand_chacha v0.3.1
Linux build and workspace tests	Build and run workspace tests	2026-10-07T17:29:17.7060973Z [1m[92m  Downloaded[0m rand_chacha v0.9.0
Linux build and workspace tests	Build and run workspace tests	2026-10-07T17:29:17.7073810Z [1m[92m  Downloaded[0m rustls-pemfile v1.0.4
Linux build and workspace tests	Build and run workspace tests	2026-10-07T17:29:17.7098867Z [1m[92m  Downloaded[0m rustls-pemfile v2.2.0
Linux build and workspace tests	Build and run workspace tests	2026-10-07T17:29:17.7125058Z [1m[92m  Downloaded[0m skrifa v0.40.0
Linux build and workspace tests	Build and run workspace tests	2026-10-07T17:29:17.7222339Z [1m[92m  Downloaded[0m smol v2.0.2
Linux build and workspace tests	Build and run workspace tests	2026-10-07T17:29:17.7263401Z [1m[92m  Downloaded[0m subtle v2.6.1
Linux build and workspace tests	Build and run workspace tests	2026-10-07T17:29:17.7277180Z [1m[92m  Downloaded[0m sval_buffer v2.15.0
Linux build and workspace tests	Build and run workspace tests	2026-10-07T17:29:17.7290864Z [1m[92m  Downloaded[0m sval_ref v2.15.0
Linux build and workspace tests	Build and run workspace tests	2026-10-07T17:29:17.7300312Z [1m[92m  Downloaded[0m svg_fmt v0.4.5
Linux build and workspace tests	Build and run workspace tests	2026-10-07T17:29:17.7310003Z [1m[92m  Downloaded[0m syn v1.0.109
Linux build and workspace tests	Build and run workspace tests	2026-10-07T17:29:17.7410787Z [1m[92m  Downloaded[0m sync_wrapper v0.1.2
Linux build and workspace tests	Build and run workspace tests	2026-10-07T17:29:17.7419667Z [1m[92m  Downloaded[0m unicode-width v0.2.2
Linux build and workspace tests	Build and run workspace tests	2026-10-07T17:29:17.7479321Z [1m[92m  Downloaded[0m wasmtime v48.0.1
Linux build and workspace tests	Build and run workspace tests	2026-10-07T17:29:17.7784970Z [1m[92m  Downloaded[0m wasmtime-internal-component-util v48.0.1
Linux build and workspace tests	Build and run workspace tests	2026-10-07T17:29:17.7791324Z [1m[92m  Downloaded[0m wasmtime-internal-jit-icache-coherence v48.0.1
Linux build and workspace tests	Build and run workspace tests	2026-10-07T17:29:17.7800843Z [1m[92m  Downloaded[0m wasmtime-internal-wit-bindgen v48.0.1
Linux build and workspace tests	Build and run workspace tests	2026-10-07T17:29:17.7815076Z [1m[92m  Downloaded[0m wayland-cursor v0.31.11
Linux build and workspace tests	Build and run workspace tests	2026-10-07T17:29:17.7824514Z [1m[92m  Downloaded[0m arc-swap v1.9.0
Linux build and workspace tests	Build and run workspace tests	2026-10-07T17:29:17.7866854Z [1m[92m  Downloaded[0m glow v0.17.0
Linux build and workspace tests	Build and run workspace tests	2026-10-07T17:29:17.7915158Z [1m[92m  Downloaded[0m goblin v0.9.3
Linux build and workspace tests	Build and run workspace tests	2026-10-07T17:29:17.7980957Z [1m[92m  Downloaded[0m granit-parser v1.0.0
Linux build and workspace tests	Build and run workspace tests	2026-10-07T17:29:17.8054011Z [1m[92m  Downloaded[0m kurbo v0.13.1
Linux build and workspace tests	Build and run workspace tests	2026-10-07T17:29:17.8109264Z [1m[92m  Downloaded[0m libloading v0.8.9
Linux build and workspace tests	Build and run workspace tests	2026-10-07T17:29:17.8134447Z [1m[92m  Downloaded[0m lmdb-master-sys v0.2.5
Linux build and workspace tests	Build and run workspace tests	2026-10-07T17:29:17.8188323Z [1m[92m  Downloaded[0m logos-codegen v0.16.1
Linux build and workspace tests	Build and run workspace tests	2026-10-07T17:29:17.8243255Z [1m[92m  Downloaded[0m pollster v0.4.0
Linux build and workspace tests	Build and run workspace tests	2026-10-07T17:29:17.8256688Z [1m[92m  Downloaded[0m powerfmt v0.2.0
Linux build and workspace tests	Build and run workspace tests	2026-10-07T17:29:17.8268670Z [1m[92m  Downloaded[0m proc-macro-error-attr v1.0.4
Linux build and workspace tests	Build and run workspace tests	2026-10-07T17:29:17.8279129Z [1m[92m  Downloaded[0m proc-macro-error3 v3.1.1
Linux build and workspace tests	Build and run workspace tests	2026-10-07T17:29:17.8316506Z [1m[92m  Downloaded[0m proc-macro2-diagnostics v0.10.1
Linux build and workspace tests	Build and run workspace tests	2026-10-07T17:29:17.8334708Z [1m[92m  Downloaded[0m process-reader v0.1.0
Linux build and workspace tests	Build and run workspace tests	2026-10-07T17:29:17.8347055Z [1m[92m  Downloaded[0m procfs-core v0.18.0
Linux build and workspace tests	Build and run workspace tests	2026-10-07T17:29:17.8384429Z [1m[92m  Downloaded[0m profiling-procmacros v1.0.17
Linux build and workspace tests	Build and run workspace tests	2026-10-07T17:29:17.8391672Z [1m[92m  Downloaded[0m prost v0.14.4
Linux build and workspace tests	Build and run workspace tests	2026-10-07T17:29:17.8409870Z [1m[92m  Downloaded[0m prost-reflect v0.16.5
Linux build and workspace tests	Build and run workspace tests	2026-10-07T17:29:17.8581453Z [1m[92m  Downloaded[0m protox-parse v0.9.0
Linux build and workspace tests	Build and run workspace tests	2026-10-07T17:29:17.8604170Z [1m[92m  Downloaded[0m rand v0.3.23
Linux build and workspace tests	Build and run workspace tests	2026-10-07T17:29:17.8616603Z [1m[92m  Downloaded[0m rand v0.8.6
Linux build and workspace tests	Build and run workspace tests	2026-10-07T17:29:17.8651714Z [1m[92m  Downloaded[0m rand v0.10.2
Linux build and workspace tests	Build and run workspace tests	2026-10-07T17:29:17.8692107Z [1m[92m  Downloaded[0m rustls-pki-types v1.12.0
Linux build and workspace tests	Build and run workspace tests	2026-10-07T17:29:17.8742602Z [1m[92m  Downloaded[0m sval v2.15.0
Linux build and workspace tests	Build and run workspace tests	2026-10-07T17:29:17.8774512Z [1m[92m  Downloaded[0m sval_dynamic v2.15.0
Linux build and workspace tests	Build and run workspace tests	2026-10-07T17:29:17.8784983Z [1m[92m  Downloaded[0m sval_fmt v2.15.0
Linux build and workspace tests	Build and run workspace tests	2026-10-07T17:29:17.8828668Z [1m[92m  Downloaded[0m sval_json v2.15.0
Linux build and workspace tests	Build and run workspace tests	2026-10-07T17:29:17.8845944Z [1m[92m  Downloaded[0m sval_nested v2.15.0
Linux build and workspace tests	Build and run workspace tests	2026-10-07T17:29:17.8862637Z [1m[92m  Downloaded[0m sval_serde v2.15.0
Linux build and workspace tests	Build and run workspace tests	2026-10-07T17:29:17.8874913Z [1m[92m  Downloaded[0m svgtypes v0.16.1
Linux build and workspace tests	Build and run workspace tests	2026-10-07T17:29:17.8906252Z [1m[92m  Downloaded[0m swash v0.2.6
Linux build and workspace tests	Build and run workspace tests	2026-10-07T17:29:17.8987606Z [1m[92m  Downloaded[0m symphonia v0.5.5
Linux build and workspace tests	Build and run workspace tests	2026-10-07T17:29:17.8999621Z [1m[92m  Downloaded[0m symphonia-codec-pcm v0.5.5
Linux build and workspace tests	Build and run workspace tests	2026-10-07T17:29:17.9008267Z [1m[92m  Downloaded[0m symphonia-format-riff v0.5.5
Linux build and workspace tests	Build and run workspace tests	2026-10-07T17:29:17.9020952Z [1m[92m  Downloaded[0m symphonia-metadata v0.5.5
Linux build and workspace tests	Build and run workspace tests	2026-10-07T17:29:17.9035897Z [1m[92m  Downloaded[0m wasmtime-internal-core v48.0.1
Linux build and workspace tests	Build and run workspace tests	2026-10-07T17:29:17.9067576Z [1m[92m  Downloaded[0m wasmtime-internal-fiber v48.0.1
Linux build and workspace tests	Build and run workspace tests	2026-10-07T17:29:17.9089350Z [1m[92m  Downloaded[0m wasmtime-internal-jit-debug v48.0.1
Linux build and workspace tests	Build and run workspace tests	2026-10-07T17:29:17.9100689Z [1m[92m  Downloaded[0m wasmtime-internal-unwinder v48.0.1
Linux build and workspace tests	Build and run workspace tests	2026-10-07T17:29:17.9117373Z [1m[92m  Downloaded[0m wasmtime-internal-versioned-export-macros v48.0.1
Linux build and workspace tests	Build and run workspace tests	2026-10-07T17:29:17.9124115Z [1m[92m  Downloaded[0m wasmtime-wasi-io v48.0.1
Linux build and workspace tests	Build and run workspace tests	2026-10-07T17:29:17.9137689Z [1m[92m  Downloaded[0m wax v0.7.0
Linux build and workspace tests	Build and run workspace tests	2026-10-07T17:29:17.9176016Z [1m[92m  Downloaded[0m wayland-backend v0.3.15
Linux build and workspace tests	Build and run workspace tests	2026-10-07T17:29:17.9219116Z [1m[92m  Downloaded[0m wayland-protocols-plasma v0.3.9
Linux build and workspace tests	Build and run workspace tests	2026-10-07T17:29:17.9268417Z [1m[92m  Downloaded[0m wayland-protocols-wlr v0.3.9
Linux build and workspace tests	Build and run workspace tests	2026-10-07T17:29:17.9290938Z [1m[92m  Downloaded[0m wayland-scanner v0.31.7
Linux build and workspace tests	Build and run workspace tests	2026-10-07T17:29:17.9313098Z [1m[92m  Downloaded[0m wayland-sys v0.31.11
Linux build and workspace tests	Build and run workspace tests	2026-10-07T17:29:17.9325891Z [1m[92m  Downloaded[0m web-time v1.1.0
Linux build and workspace tests	Build and run workspace tests	2026-10-07T17:29:17.9344564Z [1m[92m  Downloaded[0m web_atoms v0.2.6
Linux build and workspace tests	Build and run workspace tests	2026-10-07T17:29:17.9356518Z [1m[92m  Downloaded[0m zune-core v0.5.1
Linux build and workspace tests	Build and run workspace tests	2026-10-07T17:29:17.9381314Z [1m[92m  Downloaded[0m float-ord v0.3.2
Linux build and workspace tests	Build and run workspace tests	2026-10-07T17:29:17.9391348Z [1m[92m  Downloaded[0m hash32 v0.3.1
Linux build and workspace tests	Build and run workspace tests	2026-10-07T17:29:17.9406950Z [1m[92m  Downloaded[0m libm v0.2.16
Linux build and workspace tests	Build and run workspace tests	2026-10-07T17:29:17.9524999Z [1m[92m  Downloaded[0m naga v29.0.4
Linux build and workspace tests	Build and run workspace tests	2026-10-07T17:29:17.9744506Z [1m[92m  Downloaded[0m png v0.17.16
Linux build and workspace tests	Build and run workspace tests	2026-10-07T17:29:17.9785092Z [1m[92m  Downloaded[0m png v0.18.0
Linux build and workspace tests	Build and run workspace tests	2026-10-07T17:29:17.9826280Z [1m[92m  Downloaded[0m polling v3.11.0
Linux build and workspace tests	Build and run workspace tests	2026-10-07T17:29:17.9858851Z [1m[92m  Downloaded[0m postcard v1.1.3
Linux build and workspace tests	Build and run workspace tests	2026-10-07T17:29:17.9884009Z [1m[92m  Downloaded[0m presser v0.3.1
Linux build and workspace tests	Build and run workspace tests	2026-10-07T17:29:17.9902543Z [1m[92m  Downloaded[0m pretty_assertions v1.4.1
Linux build and workspace tests	Build and run workspace tests	2026-10-07T17:29:17.9920811Z [1m[92m  Downloaded[0m protobuf-support v3.7.2
Linux build and workspace tests	Build and run workspace tests	2026-10-07T17:29:17.9938680Z [1m[92m  Downloaded[0m quinn-udp v0.5.14
Linux build and workspace tests	Build and run workspace tests	2026-10-07T17:29:17.9957256Z [1m[92m  Downloaded[0m rand v0.4.6
Linux build and workspace tests	Build and run workspace tests	2026-10-07T17:29:17.9992704Z [1m[92m  Downloaded[0m symphonia-core v0.5.5
Linux build and workspace tests	Build and run workspace tests	2026-10-07T17:29:18.0029040Z [1m[92m  Downloaded[0m wasmtime-wasi v48.0.1
Linux build and workspace tests	Build and run workspace tests	2026-10-07T17:29:18.0131632Z [1m[92m  Downloaded[0m wayland-client v0.31.11
Linux build and workspace tests	Build and run workspace tests	2026-10-07T17:29:18.0153404Z [1m[92m  Downloaded[0m wayland-protocols v0.32.9
Linux build and workspace tests	Build and run workspace tests	2026-10-07T17:29:18.0242696Z [1m[92m  Downloaded[0m webpki-roots v0.26.8
Linux build and workspace tests	Build and run workspace tests	2026-10-07T17:29:18.0278796Z [1m[92m  Downloaded[0m webpki-roots v1.0.8
Linux build and workspace tests	Build and run workspace tests	2026-10-07T17:29:18.0310883Z [1m[92m  Downloaded[0m weezl v0.1.10
Linux build and workspace tests	Build and run workspace tests	2026-10-07T17:29:18.0337106Z [1m[92m  Downloaded[0m wgpu v29.0.4
Linux build and workspace tests	Build and run workspace tests	2026-10-07T17:29:18.0494398Z [1m[92m  Downloaded[0m wgpu-core v29.0.4
Linux build and workspace tests	Build and run workspace tests	2026-10-07T17:29:18.0594868Z [1m[92m  Downloaded[0m zune-inflate v0.2.54
Linux build and workspace tests	Build and run workspace tests	2026-10-07T17:29:18.0612976Z [1m[92m  Downloaded[0m zvariant v5.11.0
Linux build and workspace tests	Build and run workspace tests	2026-10-07T17:29:18.0687846Z [1m[92m  Downloaded[0m zvariant_derive v5.11.0
Linux build and workspace tests	Build and run workspace tests	2026-10-07T17:29:18.0702835Z [1m[92m  Downloaded[0m zvariant_utils v3.3.1
Linux build and workspace tests	Build and run workspace tests	2026-10-07T17:29:18.0717938Z [1m[92m  Downloaded[0m backtrace v0.3.76
Linux build and workspace tests	Build and run workspace tests	2026-10-07T17:29:18.0772892Z [1m[92m  Downloaded[0m cap-fs-ext v4.0.3
Linux build and workspace tests	Build and run workspace tests	2026-10-07T17:29:18.0790858Z [1m[92m  Downloaded[0m cap-primitives v4.0.3
Linux build and workspace tests	Build and run workspace tests	2026-10-07T17:29:18.0912230Z [1m[92m  Downloaded[0m cap-std v4.0.3
Linux build and workspace tests	Build and run workspace tests	2026-10-07T17:29:18.0944490Z [1m[92m  Downloaded[0m cargo-platform v0.1.9
Linux build and workspace tests	Build and run workspace tests	2026-10-07T17:29:18.0957375Z [1m[92m  Downloaded[0m cargo-platform v0.3.2
Linux build and workspace tests	Build and run workspace tests	2026-10-07T17:29:18.0970580Z [1m[92m  Downloaded[0m cargo_metadata v0.19.2
Linux build and workspace tests	Build and run workspace tests	2026-10-07T17:29:18.0989883Z [1m[92m  Downloaded[0m cargo_metadata v0.23.1
Linux build and workspace tests	Build and run workspace tests	2026-10-07T17:29:18.1009630Z [1m[92m  Downloaded[0m cargo_toml v0.21.0
Linux build and workspace tests	Build and run workspace tests	2026-10-07T17:29:18.1023507Z [1m[92m  Downloaded[0m cast v0.3.0
Linux build and workspace tests	Build and run workspace tests	2026-10-07T17:29:18.1035867Z [1m[92m  Downloaded[0m cbc v0.1.2
Linux build and workspace tests	Build and run workspace tests	2026-10-07T17:29:18.1051315Z [1m[92m  Downloaded[0m cfg_aliases v0.2.1
Linux build and workspace tests	Build and run workspace tests	2026-10-07T17:29:18.1061607Z [1m[92m  Downloaded[0m chacha20 v0.10.1
Linux build and workspace tests	Build and run workspace tests	2026-10-07T17:29:18.1086831Z [1m[92m  Downloaded[0m fax v0.2.6
Linux build and workspace tests	Build and run workspace tests	2026-10-07T17:29:18.1102976Z [1m[92m  Downloaded[0m fax_derive v0.2.0
Linux build and workspace tests	Build and run workspace tests	2026-10-07T17:29:18.1109773Z [1m[92m  Downloaded[0m fdeflate v0.3.7
Linux build and workspace tests	Build and run workspace tests	2026-10-07T17:29:18.1126911Z [1m[92m  Downloaded[0m ff v0.12.1
Linux build and workspace tests	Build and run workspace tests	2026-10-07T17:29:18.1141599Z [1m[92m  Downloaded[0m filedescriptor v0.8.3
Linux build and workspace tests	Build and run workspace tests	2026-10-07T17:29:18.1152262Z [1m[92m  Downloaded[0m filetime v0.2.29
Linux build and workspace tests	Build and run workspace tests	2026-10-07T17:29:18.1169860Z [1m[92m  Downloaded[0m fixedbitset v0.5.7
Linux build and workspace tests	Build and run workspace tests	2026-10-07T17:29:18.1189724Z [1m[92m  Downloaded[0m float-cmp v0.9.0
Linux build and workspace tests	Build and run workspace tests	2026-10-07T17:29:18.1202302Z [1m[92m  Downloaded[0m float_next_after v1.0.0
Linux build and workspace tests	Build and run workspace tests	2026-10-07T17:29:18.1213113Z [1m[92m  Downloaded[0m flume v0.11.1
Linux build and workspace tests	Build and run workspace tests	2026-10-07T17:29:18.1250967Z [1m[92m  Downloaded[0m fnv v1.0.7
Linux build and workspace tests	Build and run workspace tests	2026-10-07T17:29:18.1260631Z [1m[92m  Downloaded[0m hashbrown v0.14.5
Linux build and workspace tests	Build and run workspace tests	2026-10-07T17:29:18.1311467Z [1m[92m  Downloaded[0m hashbrown v0.16.1
Linux build and workspace tests	Build and run workspace tests	2026-10-07T17:29:18.1366016Z [1m[92m  Downloaded[0m iovec v0.1.4
Linux build and workspace tests	Build and run workspace tests	2026-10-07T17:29:18.1380827Z [1m[92m  Downloaded[0m is-docker v0.2.0
Linux build and workspace tests	Build and run workspace tests	2026-10-07T17:29:18.1391340Z [1m[92m  Downloaded[0m is-wsl v0.4.0
Linux build and workspace tests	Build and run workspace tests	2026-10-07T17:29:18.1402518Z [1m[92m  Downloaded[0m libdbus-sys v0.2.6
Linux build and workspace tests	Build and run workspace tests	2026-10-07T17:29:18.1731558Z [1m[92m  Downloaded[0m markup5ever_rcdom v0.39.0+unofficial
Linux build and workspace tests	Build and run workspace tests	2026-10-07T17:29:18.1740475Z [1m[92m  Downloaded[0m matchit v0.7.3
Linux build and workspace tests	Build and run workspace tests	2026-10-07T17:29:18.1761479Z [1m[92m  Downloaded[0m maybe-owned v0.3.4
Linux build and workspace tests	Build and run workspace tests	2026-10-07T17:29:18.1775110Z [1m[92m  Downloaded[0m miette v7.6.0
Linux build and workspace tests	Build and run workspace tests	2026-10-07T17:29:18.1823214Z [1m[92m  Downloaded[0m portable-atomic v1.11.1
Linux build and workspace tests	Build and run workspace tests	2026-10-07T17:29:18.1897609Z [1m[92m  Downloaded[0m rand_core v0.9.3
Linux build and workspace tests	Build and run workspace tests	2026-10-07T17:29:18.1912114Z [1m[92m  Downloaded[0m rand_xorshift v0.4.0
Linux build and workspace tests	Build and run workspace tests	2026-10-07T17:29:18.1923108Z [1m[92m  Downloaded[0m raw-window-handle v0.6.2
Linux build and workspace tests	Build and run workspace tests	2026-10-07T17:29:18.1942394Z [1m[92m  Downloaded[0m ref-cast v1.0.25
Linux build and workspace tests	Build and run workspace tests	2026-10-07T17:29:18.1974728Z [1m[92m  Downloaded[0m ref-cast-impl v1.0.25
Linux build and workspace tests	Build and run workspace tests	2026-10-07T17:29:18.1983536Z [1m[92m  Downloaded[0m system-deps v7.0.7
Linux build and workspace tests	Build and run workspace tests	2026-10-07T17:29:18.2007338Z [1m[92m  Downloaded[0m wasmtime-internal-cranelift v48.0.1
Linux build and workspace tests	Build and run workspace tests	2026-10-07T17:29:18.2077493Z [1m[92m  Downloaded[0m zune-jpeg v0.5.15
Linux build and workspace tests	Build and run workspace tests	2026-10-07T17:29:18.2114649Z [1m[92m  Downloaded[0m cc v1.4.3
Linux build and workspace tests	Build and run workspace tests	2026-10-07T17:29:18.2146961Z [1m[92m  Downloaded[0m cfg-expr v0.20.9
Linux build and workspace tests	Build and run workspace tests	2026-10-07T17:29:18.2178578Z [1m[92m  Downloaded[0m fearless_simd v0.4.1
Linux build and workspace tests	Build and run workspace tests	2026-10-07T17:29:18.2251520Z [1m[92m  Downloaded[0m find-msvc-tools v0.1.11
Linux build and workspace tests	Build and run workspace tests	2026-10-07T17:29:18.2268884Z [1m[92m  Downloaded[0m fluent-uri v0.4.1
Linux build and workspace tests	Build and run workspace tests	2026-10-07T17:29:18.2298210Z [1m[92m  Downloaded[0m flume v0.12.0
Linux build and workspace tests	Build and run workspace tests	2026-10-07T17:29:18.2334728Z [1m[92m  Downloaded[0m handlebars v5.1.2
Linux build and workspace tests	Build and run workspace tests	2026-10-07T17:29:18.2410546Z [1m[92m  Downloaded[0m hashbrown v0.12.3
Linux build and workspace tests	Build and run workspace tests	2026-10-07T17:29:18.2450086Z [1m[92m  Downloaded[0m io-lifetimes v2.0.4
Linux build and workspace tests	Build and run workspace tests	2026-10-07T17:29:18.2468889Z [1m[92m  Downloaded[0m io-lifetimes v3.0.1
Linux build and workspace tests	Build and run workspace tests	2026-10-07T17:29:18.2486589Z [1m[92m  Downloaded[0m ipnet v2.11.0
Linux build and workspace tests	Build and run workspace tests	2026-10-07T17:29:18.2504381Z [1m[92m  Downloaded[0m is-terminal v0.4.16
Linux build and workspace tests	Build and run workspace tests	2026-10-07T17:29:18.2514249Z [1m[92m  Downloaded[0m is_executable v1.0.5
Linux build and workspace tests	Build and run workspace tests	2026-10-07T17:29:18.2529226Z [1m[92m  Downloaded[0m is_terminal_polyfill v1.70.1
Linux build and workspace tests	Build and run workspace tests	2026-10-07T17:29:18.2538666Z [1m[92m  Downloaded[0m itertools v0.10.5
Linux build and workspace tests	Build and run workspace tests	2026-10-07T17:29:18.2606548Z [1m[92m  Downloaded[0m itertools v0.15.0
Linux build and workspace tests	Build and run workspace tests	2026-10-07T17:29:18.2683751Z [1m[92m  Downloaded[0m maplit v1.0.2
Linux build and workspace tests	Build and run workspace tests	2026-10-07T17:29:18.2694570Z [1m[92m  Downloaded[0m markup5ever v0.39.0
Linux build and workspace tests	Build and run workspace tests	2026-10-07T17:29:18.2707039Z [1m[92m  Downloaded[0m matchers v0.2.0
Linux build and workspace tests	Build and run workspace tests	2026-10-07T17:29:18.2718171Z [1m[92m  Downloaded[0m maybe-rayon v0.1.1
Linux build and workspace tests	Build and run workspace tests	2026-10-07T17:29:18.2726458Z [1m[92m  Downloaded[0m merge_derive v0.1.0
Linux build and workspace tests	Build and run workspace tests	2026-10-07T17:29:18.2734654Z [1m[92m  Downloaded[0m micromap v0.3.0
Linux build and workspace tests	Build and run workspace tests	2026-10-07T17:29:18.2789986Z [1m[92m  Downloaded[0m miette-derive v7.6.0
Linux build and workspace tests	Build and run workspace tests	2026-10-07T17:29:18.2806387Z [1m[92m  Downloaded[0m mimalloc v0.1.48
Linux build and workspace tests	Build and run workspace tests	2026-10-07T17:29:18.2817388Z [1m[92m  Downloaded[0m mime v0.3.17
Linux build and workspace tests	Build and run workspace tests	2026-10-07T17:29:18.2831228Z [1m[92m  Downloaded[0m mime_guess v2.0.5
Linux build and workspace tests	Build and run workspace tests	2026-10-07T17:29:18.2849006Z [1m[92m  Downloaded[0m peg-runtime v0.8.5
Linux build and workspace tests	Build and run workspace tests	2026-10-07T17:29:18.2857238Z [1m[92m  Downloaded[0m rand_core v0.6.4
Linux build and workspace tests	Build and run workspace tests	2026-10-07T17:29:18.2871568Z [1m[92m  Downloaded[0m rand_core v0.10.1
Linux build and workspace tests	Build and run workspace tests	2026-10-07T17:29:18.2888843Z [1m[92m  Downloaded[0m rand_distr v0.5.1
Linux build and workspace tests	Build and run workspace tests	2026-10-07T17:29:18.2926237Z [1m[92m  Downloaded[0m rand_pcg v0.3.1
Linux build and workspace tests	Build and run workspace tests	2026-10-07T17:29:18.2940154Z [1m[92m  Downloaded[0m rand_pcg v0.10.2
Linux build and workspace tests	Build and run workspace tests	2026-10-07T17:29:18.2955944Z [1m[92m  Downloaded[0m random_choice v0.3.2
Linux build and workspace tests	Build and run workspace tests	2026-10-07T17:29:18.2965978Z [1m[92m  Downloaded[0m range-map v0.2.0
Linux build and workspace tests	Build and run workspace tests	2026-10-07T17:29:18.2976131Z [1m[92m  Downloaded[0m rangemap v1.7.1
Linux build and workspace tests	Build and run workspace tests	2026-10-07T17:29:18.3000272Z [1m[92m  Downloaded[0m ravif v0.13.0
Linux build and workspace tests	Build and run workspace tests	2026-10-07T17:29:18.3012387Z [1m[92m  Downloaded[0m referencing v0.51.0
Linux build and workspace tests	Build and run workspace tests	2026-10-07T17:29:18.3061795Z [1m[92m  Downloaded[0m regex v1.12.3
Linux build and workspace tests	Build and run workspace tests	2026-10-07T17:29:18.3118599Z [1m[92m  Downloaded[0m regex-automata v0.4.18
Linux build and workspace tests	Build and run workspace tests	2026-10-07T17:29:18.3268657Z [1m[92m  Downloaded[0m regex-lite v0.1.8
Linux build and workspace tests	Build and run workspace tests	2026-10-07T17:29:18.3298330Z [1m[92m  Downloaded[0m rend v0.4.2
Linux build and workspace tests	Build and run workspace tests	2026-10-07T17:29:18.3312582Z [1m[92m  Downloaded[0m renderdoc-sys v1.1.0
Linux build and workspace tests	Build and run workspace tests	2026-10-07T17:29:18.3322497Z [1m[92m  Downloaded[0m rustls-platform-verifier v0.7.0
Linux build and workspace tests	Build and run workspace tests	2026-10-07T17:29:18.3364318Z [1m[92m  Downloaded[0m rustls-webpki v0.103.13
Linux build and workspace tests	Build and run workspace tests	2026-10-07T17:29:18.3398472Z [1m[92m  Downloaded[0m sync_wrapper v1.0.2
Linux build and workspace tests	Build and run workspace tests	2026-10-07T17:29:18.3407598Z [1m[92m  Downloaded[0m synchronoise v1.0.1
Linux build and workspace tests	Build and run workspace tests	2026-10-07T17:29:18.3420477Z [1m[92m  Downloaded[0m sys-locale v0.3.2
Linux build and workspace tests	Build and run workspace tests	2026-10-07T17:29:18.3434462Z [1m[92m  Downloaded[0m tagptr v0.2.0
Linux build and workspace tests	Build and run workspace tests	2026-10-07T17:29:18.3448944Z [1m[92m  Downloaded[0m tokio-socks v0.5.2
Linux build and workspace tests	Build and run workspace tests	2026-10-07T17:29:18.3479749Z [1m[92m  Downloaded[0m wgpu-core-deps-windows-linux-android v29.0.4
Linux build and workspace tests	Build and run workspace tests	2026-10-07T17:29:18.3489500Z [1m[92m  Downloaded[0m base16ct v0.1.1
Linux build and workspace tests	Build and run workspace tests	2026-10-07T17:29:18.3504039Z [1m[92m  Downloaded[0m ipc-channel v0.19.0
Linux build and workspace tests	Build and run workspace tests	2026-10-07T17:29:18.3553077Z [1m[92m  Downloaded[0m manatee v0.8.0-alpha.5
Linux build and workspace tests	Build and run workspace tests	2026-10-07T17:29:18.3590122Z [1m[92m  Downloaded[0m rayon-core v1.13.0
Linux build and workspace tests	Build and run workspace tests	2026-10-07T17:29:18.3629760Z [1m[92m  Downloaded[0m read-fonts v0.35.0
Linux build and workspace tests	Build and run workspace tests	2026-10-07T17:29:18.3792626Z [1m[92m  Downloaded[0m read-fonts v0.37.0
Linux build and workspace tests	Build and run workspace tests	2026-10-07T17:29:18.3955151Z [1m[92m  Downloaded[0m regalloc2 v0.15.2
Linux build and workspace tests	Build and run workspace tests	2026-10-07T17:29:18.4004468Z [1m[92m  Downloaded[0m regex-syntax v0.8.11
Linux build and workspace tests	Build and run workspace tests	2026-10-07T17:29:18.4076021Z [1m[92m  Downloaded[0m taffy v0.13.0
Linux build and workspace tests	Build and run workspace tests	2026-10-07T17:29:18.4148080Z [1m[92m  Downloaded[0m tokio-macros v2.7.0
Linux build and workspace tests	Build and run workspace tests	2026-10-07T17:29:18.4159762Z [1m[92m  Downloaded[0m tokio-native-tls v0.3.1
Linux build and workspace tests	Build and run workspace tests	2026-10-07T17:29:18.4178487Z [1m[92m  Downloaded[0m tokio-rustls v0.26.4
Linux build and workspace tests	Build and run workspace tests	2026-10-07T17:29:18.4200648Z [1m[92m  Downloaded[0m tokio-stream v0.1.17
Linux build and workspace tests	Build and run workspace tests	2026-10-07T17:29:18.4251342Z [1m[92m  Downloaded[0m tokio-tungstenite v0.20.1
Linux build and workspace tests	Build and run workspace tests	2026-10-07T17:29:18.4273628Z [1m[92m  Downloaded[0m toml v0.5.11
Linux build and workspace tests	Build and run workspace tests	2026-10-07T17:29:18.4297206Z [1m[92m  Downloaded[0m toml_datetime v0.6.11
Linux build and workspace tests	Build and run workspace tests	2026-10-07T17:29:18.4309289Z [1m[92m  Downloaded[0m toml_datetime v0.7.3
Linux build and workspace tests	Build and run workspace tests	2026-10-07T17:29:18.4322846Z [1m[92m  Downloaded[0m toml_write v0.1.2
Linux build and workspace tests	Build and run workspace tests	2026-10-07T17:29:18.4336751Z [1m[92m  Downloaded[0m toml_writer v1.0.4
Linux build and workspace tests	Build and run workspace tests	2026-10-07T17:29:18.4351344Z [1m[92m  Downloaded[0m tower-layer v0.3.3
Linux build and workspace tests	Build and run workspace tests	2026-10-07T17:29:18.4363415Z [1m[92m  Downloaded[0m tower-service v0.3.3
Linux build and workspace tests	Build and run workspace tests	2026-10-07T17:29:18.4371003Z [1m[92m  Downloaded[0m tracing-attributes v0.1.31
Linux build and workspace tests	Build and run workspace tests	2026-10-07T17:29:18.4399906Z [1m[92m  Downloaded[0m tracing-core v0.1.35
Linux build and workspace tests	Build and run workspace tests	2026-10-07T17:29:18.4428609Z [1m[92m  Downloaded[0m tracing-log v0.2.0
Linux build and workspace tests	Build and run workspace tests	2026-10-07T17:29:18.4443293Z [1m[92m  Downloaded[0m tracing-serde v0.2.0
Linux build and workspace tests	Build and run workspace tests	2026-10-07T17:29:18.4452856Z [1m[92m  Downloaded[0m tracing-tracy v0.11.4
Linux build and workspace tests	Build and run workspace tests	2026-10-07T17:29:18.4465107Z [1m[92m  Downloaded[0m tracy-client v0.18.3
Linux build and workspace tests	Build and run workspace tests	2026-10-07T17:29:18.4484329Z [1m[92m  Downloaded[0m tree-sitter-css v0.23.2
Linux build and workspace tests	Build and run workspace tests	2026-10-07T17:29:18.4508663Z [1m[92m  Downloaded[0m tree-sitter-diff v0.1.0
Linux build and workspace tests	Build and run workspace tests	2026-10-07T17:29:18.4525014Z [1m[92m  Downloaded[0m tree-sitter-embedded-template v0.23.2
Linux build and workspace tests	Build and run workspace tests	2026-10-07T17:29:18.4541348Z [1m[92m  Downloaded[0m wgpu-naga-bridge v29.0.4
Linux build and workspace tests	Build and run workspace tests	2026-10-07T17:29:18.4549939Z [1m[92m  Downloaded[0m which v8.0.5
Linux build and workspace tests	Build and run workspace tests	2026-10-07T17:29:18.4570338Z [1m[92m  Downloaded[0m whoami v1.6.1
Linux build and workspace tests	Build and run workspace tests	2026-10-07T17:29:18.4591696Z [1m[92m  Downloaded[0m wit-bindgen v0.22.0
Linux build and workspace tests	Build and run workspace tests	2026-10-07T17:29:18.4606191Z [1m[92m  Downloaded[0m wit-bindgen-core v0.22.0
Linux build and workspace tests	Build and run workspace tests	2026-10-07T17:29:18.4616741Z [1m[92m  Downloaded[0m wit-bindgen-rt v0.22.0
Linux build and workspace tests	Build and run workspace tests	2026-10-07T17:29:18.4625386Z [1m[92m  Downloaded[0m wit-bindgen-rust v0.22.0
Linux build and workspace tests	Build and run workspace tests	2026-10-07T17:29:18.4640008Z [1m[92m  Downloaded[0m wit-bindgen-rust-macro v0.22.0
Linux build and workspace tests	Build and run workspace tests	2026-10-07T17:29:18.4647757Z [1m[92m  Downloaded[0m foldhash v0.2.0
Linux build and workspace tests	Build and run workspace tests	2026-10-07T17:29:18.4660935Z [1m[92m  Downloaded[0m hashlink v0.8.4
Linux build and workspace tests	Build and run workspace tests	2026-10-07T17:29:18.4679389Z [1m[92m  Downloaded[0m jsonschema-regex v0.51.0
Linux build and workspace tests	Build and run workspace tests	2026-10-07T17:29:18.4688274Z [1m[92m  Downloaded[0m libmimalloc-sys v0.1.44
Linux build and workspace tests	Build and run workspace tests	2026-10-07T17:29:18.4843931Z [1m[92m  Downloaded[0m merman v0.8.0-alpha.5
Linux build and workspace tests	Build and run workspace tests	2026-10-07T17:29:18.4947738Z [1m[92m  Downloaded[0m noop_proc_macro v0.3.0
Linux build and workspace tests	Build and run workspace tests	2026-10-07T17:29:18.4957506Z [1m[92m  Downloaded[0m num v0.4.3
Linux build and workspace tests	Build and run workspace tests	2026-10-07T17:29:18.4967976Z [1m[92m  Downloaded[0m ordered-float v4.6.0
Linux build and workspace tests	Build and run workspace tests	2026-10-07T17:29:18.4984085Z [1m[92m  Downloaded[0m tokio-io v0.1.13
Linux build and workspace tests	Build and run workspace tests	2026-10-07T17:29:18.5015857Z [1m[92m  Downloaded[0m tokio-tungstenite v0.21.0
Linux build and workspace tests	Build and run workspace tests	2026-10-07T17:29:18.5037833Z [1m[92m  Downloaded[0m tokio-tungstenite v0.28.0
Linux build and workspace tests	Build and run workspace tests	2026-10-07T17:29:18.5059153Z [1m[92m  Downloaded[0m toml v0.8.23
Linux build and workspace tests	Build and run workspace tests	2026-10-07T17:29:18.5085127Z [1m[92m  Downloaded[0m toml v0.9.8
Linux build and workspace tests	Build and run workspace tests	2026-10-07T17:29:18.5129546Z [1m[92m  Downloaded[0m toml_edit v0.22.27
Linux build and workspace tests	Build and run workspace tests	2026-10-07T17:29:18.5176885Z [1m[92m  Downloaded[0m toml_edit v0.23.7
Linux build and workspace tests	Build and run workspace tests	2026-10-07T17:29:18.5218246Z [1m[92m  Downloaded[0m toml_parser v1.0.4
Linux build and workspace tests	Build and run workspace tests	2026-10-07T17:29:18.5242484Z [1m[92m  Downloaded[0m tower v0.4.13
Linux build and workspace tests	Build and run workspace tests	2026-10-07T17:29:18.5352557Z [1m[92m  Downloaded[0m tower-http v0.6.11
Linux build and workspace tests	Build and run workspace tests	2026-10-07T17:29:18.5453626Z [1m[92m  Downloaded[0m tracing v0.1.43
Linux build and workspace tests	Build and run workspace tests	2026-10-07T17:29:18.5497791Z [1m[92m  Downloaded[0m tracing-subscriber v0.3.22
Linux build and workspace tests	Build and run workspace tests	2026-10-07T17:29:18.5587711Z [1m[92m  Downloaded[0m tracy-client-sys v0.27.0
Linux build and workspace tests	Build and run workspace tests	2026-10-07T17:29:18.5690334Z [1m[92m  Downloaded[0m tree-sitter-c v0.24.1
Linux build and workspace tests	Build and run workspace tests	2026-10-07T17:29:18.5764560Z [1m[92m  Downloaded[0m winnow v0.7.13
Linux build and workspace tests	Build and run workspace tests	2026-10-07T17:29:18.5861329Z [1m[92m  Downloaded[0m winnow v1.0.2
Linux build and workspace tests	Build and run workspace tests	2026-10-07T17:29:18.5964791Z [1m[92m  Downloaded[0m wit-component v0.201.0
Linux build and workspace tests	Build and run workspace tests	2026-10-07T17:29:18.6466535Z [1m[92m  Downloaded[0m jobserver v0.1.34
Linux build and workspace tests	Build and run workspace tests	2026-10-07T17:29:18.6488275Z [1m[92m  Downloaded[0m jsonwebtoken v10.3.0
Linux build and workspace tests	Build and run workspace tests	2026-10-07T17:29:18.6543691Z [1m[92m  Downloaded[0m jupyter-protocol v1.4.0
Linux build and workspace tests	Build and run workspace tests	2026-10-07T17:29:18.6561110Z [1m[92m  Downloaded[0m minidump-common v0.26.1
Linux build and workspace tests	Build and run workspace tests	2026-10-07T17:29:18.6584994Z [1m[92m  Downloaded[0m minidumper v0.11.0
Linux build and workspace tests	Build and run workspace tests	2026-10-07T17:29:18.6604592Z [1m[92m  Downloaded[0m notify v6.1.1
Linux build and workspace tests	Build and run workspace tests	2026-10-07T17:29:18.6624106Z [1m[92m  Downloaded[0m notify-debouncer-mini v0.4.1
Linux build and workspace tests	Build and run workspace tests	2026-10-07T17:29:18.6634066Z [1m[92m  Downloaded[0m notify-rust v4.18.0
Linux build and workspace tests	Build and run workspace tests	2026-10-07T17:29:18.6668407Z [1m[92m  Downloaded[0m nucleo v0.5.0
Linux build and workspace tests	Build and run workspace tests	2026-10-07T17:29:18.6687437Z [1m[92m  Downloaded[0m num-bigint-dig v0.8.6
Linux build and workspace tests	Build and run workspace tests	2026-10-07T17:29:18.6735636Z [1m[92m  Downloaded[0m num-bigint-dig v0.9.1
Linux build and workspace tests	Build and run workspace tests	2026-10-07T17:29:18.6783892Z [1m[92m  Downloaded[0m num-cmp v0.1.0
Linux build and workspace tests	Build and run workspace tests	2026-10-07T17:29:18.6793603Z [1m[92m  Downloaded[0m num-complex v0.4.6
Linux build and workspace tests	Build and run workspace tests	2026-10-07T17:29:18.6808358Z [1m[92m  Downloaded[0m num-conv v0.2.0
Linux build and workspace tests	Build and run workspace tests	2026-10-07T17:29:18.6817535Z [1m[92m  Downloaded[0m num-derive v0.4.2
Linux build and workspace tests	Build and run workspace tests	2026-10-07T17:29:18.6836506Z [1m[92m  Downloaded[0m num-format v0.4.4
Linux build and workspace tests	Build and run workspace tests	2026-10-07T17:29:18.6874497Z [1m[92m  Downloaded[0m num-integer v0.1.46
Linux build and workspace tests	Build and run workspace tests	2026-10-07T17:29:18.6891666Z [1m[92m  Downloaded[0m num-traits v0.2.19
Linux build and workspace tests	Build and run workspace tests	2026-10-07T17:29:18.6919576Z [1m[92m  Downloaded[0m num_threads v0.1.7
Linux build and workspace tests	Build and run workspace tests	2026-10-07T17:29:18.6930679Z [1m[92m  Downloaded[0m oo7 v0.6.0
Linux build and workspace tests	Build and run workspace tests	2026-10-07T17:29:18.6979801Z [1m[92m  Downloaded[0m opener v0.7.2
Linux build and workspace tests	Build and run workspace tests	2026-10-07T17:29:18.6995061Z [1m[92m  Downloaded[0m ordered-float v5.5.0
Linux build and workspace tests	Build and run workspace tests	2026-10-07T17:29:18.7013211Z [1m[92m  Downloaded[0m ouroboros v0.18.5
Linux build and workspace tests	Build and run workspace tests	2026-10-07T17:29:18.7022362Z [1m[92m  Downloaded[0m ouroboros_macro v0.18.5
Linux build and workspace tests	Build and run workspace tests	2026-10-07T17:29:18.7041331Z [1m[92m  Downloaded[0m outref v0.5.2
Linux build and workspace tests	Build and run workspace tests	2026-10-07T17:29:18.7054307Z [1m[92m  Downloaded[0m palette_derive v0.7.6
Linux build and workspace tests	Build and run workspace tests	2026-10-07T17:29:18.7072801Z [1m[92m  Downloaded[0m parking v2.2.1
Linux build and workspace tests	Build and run workspace tests	2026-10-07T17:29:18.7084547Z [1m[92m  Downloaded[0m parking_lot v0.12.5
Linux build and workspace tests	Build and run workspace tests	2026-10-07T17:29:18.7110767Z [1m[92m  Downloaded[0m parking_lot_core v0.9.12
Linux build and workspace tests	Build and run workspace tests	2026-10-07T17:29:18.7133281Z [1m[92m  Downloaded[0m postage v0.5.0
Linux build and workspace tests	Build and run workspace tests	2026-10-07T17:29:18.7233192Z [1m[92m  Downloaded[0m pxfm v0.1.25
Linux build and workspace tests	Build and run workspace tests	2026-10-07T17:29:18.7496787Z [1m[92m  Downloaded[0m rayon v1.11.0
Linux build and workspace tests	Build and run workspace tests	2026-10-07T17:29:18.7598004Z [1m[92m  Downloaded[0m rfc6979 v0.3.1
Linux build and workspace tests	Build and run workspace tests	2026-10-07T17:29:18.7609277Z [1m[92m  Downloaded[0m sysinfo v0.31.4
Linux build and workspace tests	Build and run workspace tests	2026-10-07T17:29:18.7714211Z [1m[92m  Downloaded[0m tap v1.0.1
Linux build and workspace tests	Build and run workspace tests	2026-10-07T17:29:18.7724711Z [1m[92m  Downloaded[0m tower v0.5.2
Linux build and workspace tests	Build and run workspace tests	2026-10-07T17:29:18.7834861Z [1m[92m  Downloaded[0m tower-http v0.4.4
Linux build and workspace tests	Build and run workspace tests	2026-10-07T17:29:18.7919160Z [1m[92m  Downloaded[0m tree-sitter-bash v0.25.1
Linux build and workspace tests	Build and run workspace tests	2026-10-07T17:29:18.8069265Z [1m[92m  Downloaded[0m tree-sitter-elixir v0.3.4
Linux build and workspace tests	Build and run workspace tests	2026-10-07T17:29:18.8244720Z [1m[92m  Downloaded[0m wgpu-types v29.0.4
Linux build and workspace tests	Build and run workspace tests	2026-10-07T17:29:18.8285076Z [1m[92m  Downloaded[0m zeroize v1.8.2
Linux build and workspace tests	Build and run workspace tests	2026-10-07T17:29:18.8299719Z [1m[92m  Downloaded[0m zeroize_derive v1.4.2
Linux build and workspace tests	Build and run workspace tests	2026-10-07T17:29:18.8309940Z [1m[92m  Downloaded[0m zstd v0.11.2+zstd.1.5.2
Linux build and workspace tests	Build and run workspace tests	2026-10-07T17:29:18.8345633Z [1m[92m  Downloaded[0m circular-buffer v1.2.0
Linux build and workspace tests	Build and run workspace tests	2026-10-07T17:29:18.8368491Z [1m[92m  Downloaded[0m json5 v1.3.1
Linux build and workspace tests	Build and run workspace tests	2026-10-07T17:29:18.8395774Z [1m[92m  Downloaded[0m jsonschema-value v0.51.0
Linux build and workspace tests	Build and run workspace tests	2026-10-07T17:29:18.8416367Z [1m[92m  Downloaded[0m mio v1.2.0
Linux build and workspace tests	Build and run workspace tests	2026-10-07T17:29:18.8481213Z [1m[92m  Downloaded[0m no_std_io2 v0.9.4
Linux build and workspace tests	Build and run workspace tests	2026-10-07T17:29:18.8502687Z [1m[92m  Downloaded[0m nu-ansi-term v0.50.3
Linux build and workspace tests	Build and run workspace tests	2026-10-07T17:29:18.8527624Z [1m[92m  Downloaded[0m nucleo-matcher v0.3.1
Linux build and workspace tests	Build and run workspace tests	2026-10-07T17:29:18.8551193Z [1m[92m  Downloaded[0m num-bigint v0.4.8
Linux build and workspace tests	Build and run workspace tests	2026-10-07T17:29:18.8602821Z [1m[92m  Downloaded[0m num-iter v0.1.45
Linux build and workspace tests	Build and run workspace tests	2026-10-07T17:29:18.8613546Z [1m[92m  Downloaded[0m num-rational v0.4.2
Linux build and workspace tests	Build and run workspace tests	2026-10-07T17:29:18.8626518Z [1m[92m  Downloaded[0m num_cpus v1.17.0
Linux build and workspace tests	Build and run workspace tests	2026-10-07T17:29:18.8661648Z [1m[92m  Downloaded[0m object v0.37.3
Linux build and workspace tests	Build and run workspace tests	2026-10-07T17:29:18.8778127Z [1m[92m  Downloaded[0m object v0.39.1
Linux build and workspace tests	Build and run workspace tests	2026-10-07T17:29:18.8898783Z [1m[92m  Downloaded[0m octocrab v0.49.7
Linux build and workspace tests	Build and run workspace tests	2026-10-07T17:29:18.9271369Z [1m[92m  Downloaded[0m oorandom v11.1.5
Linux build and workspace tests	Build and run workspace tests	2026-10-07T17:29:18.9281510Z [1m[92m  Downloaded[0m open v5.3.2
Linux build and workspace tests	Build and run workspace tests	2026-10-07T17:29:18.9296768Z [1m[92m  Downloaded[0m optfield v0.4.0
Linux build and workspace tests	Build and run workspace tests	2026-10-07T17:29:18.9318093Z [1m[92m  Downloaded[0m option-ext v0.2.0
Linux build and workspace tests	Build and run workspace tests	2026-10-07T17:29:18.9327099Z [1m[92m  Downloaded[0m ordered-stream v0.2.0
Linux build and workspace tests	Build and run workspace tests	2026-10-07T17:29:18.9339118Z [1m[92m  Downloaded[0m resvg v0.46.0
Linux build and workspace tests	Build and run workspace tests	2026-10-07T17:29:18.9369993Z [1m[92m  Downloaded[0m rgb v0.8.52
Linux build and workspace tests	Build and run workspace tests	2026-10-07T17:29:18.9396592Z [1m[92m  Downloaded[0m rust-embed v8.11.0
Linux build and workspace tests	Build and run workspace tests	2026-10-07T17:29:18.9484913Z [1m[92m  Downloaded[0m sysinfo v0.39.6
Linux build and workspace tests	Build and run workspace tests	2026-10-07T17:29:18.9616779Z [1m[92m  Downloaded[0m tokio-util v0.7.18
Linux build and workspace tests	Build and run workspace tests	2026-10-07T17:29:18.9698651Z [1m[92m  Downloaded[0m zed_extension_api v0.7.0
Linux build and workspace tests	Build and run workspace tests	2026-10-07T17:29:18.9759476Z [1m[92m  Downloaded[0m zeno v0.3.3
Linux build and workspace tests	Build and run workspace tests	2026-10-07T17:29:18.9783507Z [1m[92m  Downloaded[0m zeromq v0.5.0
Linux build and workspace tests	Build and run workspace tests	2026-10-07T17:29:18.9851792Z [1m[92m  Downloaded[0m zstd v0.13.3
Linux build and workspace tests	Build and run workspace tests	2026-10-07T17:29:18.9884491Z [1m[92m  Downloaded[0m zstd-safe v5.0.2+zstd.1.5.2
Linux build and workspace tests	Build and run workspace tests	2026-10-07T17:29:18.9897621Z [1m[92m  Downloaded[0m zstd-safe v7.3.0
Linux build and workspace tests	Build and run workspace tests	2026-10-07T17:29:18.9912205Z [1m[92m  Downloaded[0m base64 v0.21.7
Linux build and workspace tests	Build and run workspace tests	2026-10-07T17:29:18.9953519Z [1m[92m  Downloaded[0m bytecount v0.6.9
Linux build and workspace tests	Build and run workspace tests	2026-10-07T17:29:18.9974730Z [1m[92m  Downloaded[0m bytemuck v1.24.0
Linux build and workspace tests	Build and run workspace tests	2026-10-07T17:29:19.0008518Z [1m[92m  Downloaded[0m bytemuck_derive v1.10.2
Linux build and workspace tests	Build and run workspace tests	2026-10-07T17:29:19.0022778Z [1m[92m  Downloaded[0m byteorder v1.5.0
Linux build and workspace tests	Build and run workspace tests	2026-10-07T17:29:19.0040007Z [1m[92m  Downloaded[0m byteorder-lite v0.1.0
Linux build and workspace tests	Build and run workspace tests	2026-10-07T17:29:19.0050776Z [1m[92m  Downloaded[0m bytes-utils v0.1.4
Linux build and workspace tests	Build and run workspace tests	2026-10-07T17:29:19.0073466Z [1m[92m  Downloaded[0m bzip2 v0.4.4
Linux build and workspace tests	Build and run workspace tests	2026-10-07T17:29:19.0091327Z [1m[92m  Downloaded[0m bzip2 v0.6.1
Linux build and workspace tests	Build and run workspace tests	2026-10-07T17:29:19.0110056Z [1m[92m  Downloaded[0m c-enum v0.2.3
Linux build and workspace tests	Build and run workspace tests	2026-10-07T17:29:19.0125336Z [1m[92m  Downloaded[0m cached_proc_macro v0.25.0
Linux build and workspace tests	Build and run workspace tests	2026-10-07T17:29:19.0136409Z [1m[92m  Downloaded[0m cached_proc_macro_types v0.1.1
Linux build and workspace tests	Build and run workspace tests	2026-10-07T17:29:19.0143675Z [1m[92m  Downloaded[0m calloop-wayland-source v0.4.1
Linux build and workspace tests	Build and run workspace tests	2026-10-07T17:29:19.0156243Z [1m[92m  Downloaded[0m camino v1.2.6
Linux build and workspace tests	Build and run workspace tests	2026-10-07T17:29:19.0173392Z [1m[92m  Downloaded[0m ciborium v0.2.2
Linux build and workspace tests	Build and run workspace tests	2026-10-07T17:29:19.0198566Z [1m[92m  Downloaded[0m ciborium-io v0.2.2
Linux build and workspace tests	Build and run workspace tests	2026-10-07T17:29:19.0206803Z [1m[92m  Downloaded[0m ciborium-ll v0.2.2
Linux build and workspace tests	Build and run workspace tests	2026-10-07T17:29:19.0218084Z [1m[92m  Downloaded[0m cipher v0.4.4
Linux build and workspace tests	Build and run workspace tests	2026-10-07T17:29:19.0234061Z [1m[92m  Downloaded[0m clap_complete_nushell v4.6.0
Linux build and workspace tests	Build and run workspace tests	2026-10-07T17:29:19.0250562Z [1m[92m  Downloaded[0m cmake v0.1.56
Linux build and workspace tests	Build and run workspace tests	2026-10-07T17:29:19.0265766Z [1m[92m  Downloaded[0m cobs v0.3.0
Linux build and workspace tests	Build and run workspace tests	2026-10-07T17:29:19.0280222Z [1m[92m  Downloaded[0m color_quant v1.1.0
Linux build and workspace tests	Build and run workspace tests	2026-10-07T17:29:19.0291319Z [1m[92m  Downloaded[0m colorchoice v1.0.4
Linux build and workspace tests	Build and run workspace tests	2026-10-07T17:29:19.0301373Z [1m[92m  Downloaded[0m compression-codecs v0.4.31
Linux build and workspace tests	Build and run workspace tests	2026-10-07T17:29:19.0342344Z [1m[92m  Downloaded[0m minimal-lexical v0.2.1
Linux build and workspace tests	Build and run workspace tests	2026-10-07T17:29:19.0391217Z [1m[92m  Downloaded[0m mio v0.8.11
Linux build and workspace tests	Build and run workspace tests	2026-10-07T17:29:19.0453425Z [1m[92m  Downloaded[0m nom v7.1.3
Linux build and workspace tests	Build and run workspace tests	2026-10-07T17:29:19.0507903Z [1m[92m  Downloaded[0m nom v8.0.0
Linux build and workspace tests	Build and run workspace tests	2026-10-07T17:29:19.0564516Z [1m[92m  Downloaded[0m parse_int v0.9.0
Linux build and workspace tests	Build and run workspace tests	2026-10-07T17:29:19.0574022Z [1m[92m  Downloaded[0m reqwest v0.12.24
Linux build and workspace tests	Build and run workspace tests	2026-10-07T17:29:19.0632807Z [1m[92m  Downloaded[0m rkyv_derive v0.7.45
Linux build and workspace tests	Build and run workspace tests	2026-10-07T17:29:19.0648645Z [1m[92m  Downloaded[0m rle-decode-fast v1.0.3
Linux build and workspace tests	Build and run workspace tests	2026-10-07T17:29:19.0664698Z [1m[92m  Downloaded[0m rmp v0.8.14
Linux build and workspace tests	Build and run workspace tests	2026-10-07T17:29:19.0706871Z [1m[92m  Downloaded[0m tar v0.4.46
Linux build and workspace tests	Build and run workspace tests	2026-10-07T17:29:19.0737374Z [1m[92m  Downloaded[0m tree-sitter-html v0.23.2
Linux build and workspace tests	Build and run workspace tests	2026-10-07T17:29:19.0756084Z [1m[92m  Downloaded[0m tree-sitter-jsdoc v0.23.2
Linux build and workspace tests	Build and run workspace tests	2026-10-07T17:29:19.0773100Z [1m[92m  Downloaded[0m tree-sitter-json v0.24.8
Linux build and workspace tests	Build and run workspace tests	2026-10-07T17:29:19.0788677Z [1m[92m  Downloaded[0m try-lock v0.2.5
Linux build and workspace tests	Build and run workspace tests	2026-10-07T17:29:19.0798460Z [1m[92m  Downloaded[0m typenum v1.19.0
Linux build and workspace tests	Build and run workspace tests	2026-10-07T17:29:19.0828036Z [1m[92m  Downloaded[0m unarray v0.1.4
Linux build and workspace tests	Build and run workspace tests	2026-10-07T17:29:19.0841209Z [1m[92m  Downloaded[0m write16 v1.0.0
Linux build and workspace tests	Build and run workspace tests	2026-10-07T17:29:19.0850649Z [1m[92m  Downloaded[0m wyz v0.5.1
Linux build and workspace tests	Build and run workspace tests	2026-10-07T17:29:19.0863507Z [1m[92m  Downloaded[0m zerocopy-derive v0.8.27
Linux build and workspace tests	Build and run workspace tests	2026-10-07T17:29:19.0937526Z [1m[92m  Downloaded[0m zip v0.6.6
Linux build and workspace tests	Build and run workspace tests	2026-10-07T17:29:19.0982316Z [1m[92m  Downloaded[0m aws-sdk-s3 v1.123.0
Linux build and workspace tests	Build and run workspace tests	2026-10-07T17:29:19.2069700Z [1m[92m  Downloaded[0m bytes v0.4.12
Linux build and workspace tests	Build and run workspace tests	2026-10-07T17:29:19.2104281Z [1m[92m  Downloaded[0m bytes v1.11.1
Linux build and workspace tests	Build and run workspace tests	2026-10-07T17:29:19.2150548Z [1m[92m  Downloaded[0m cached v0.56.0
Linux build and workspace tests	Build and run workspace tests	2026-10-07T17:29:19.2189721Z [1m[92m  Downloaded[0m chardetng v0.1.17
Linux build and workspace tests	Build and run workspace tests	2026-10-07T17:29:19.2208121Z [1m[92m  Downloaded[0m chrono v0.4.42
Linux build and workspace tests	Build and run workspace tests	2026-10-07T17:29:19.2280578Z [1m[92m  Downloaded[0m chunked_transfer v1.5.0
Linux build and workspace tests	Build and run workspace tests	2026-10-07T17:29:19.2294481Z [1m[92m  Downloaded[0m clap v4.5.49
Linux build and workspace tests	Build and run workspace tests	2026-10-07T17:29:19.2398171Z [1m[92m  Downloaded[0m clap_builder v4.5.49
Linux build and workspace tests	Build and run workspace tests	2026-10-07T17:29:19.2465034Z [1m[92m  Downloaded[0m clap_complete v4.5.59
Linux build and workspace tests	Build and run workspace tests	2026-10-07T17:29:19.2496178Z [1m[92m  Downloaded[0m clap_derive v4.5.49
Linux build and workspace tests	Build and run workspace tests	2026-10-07T17:29:19.2519523Z [1m[92m  Downloaded[0m clap_lex v0.7.6
Linux build and workspace tests	Build and run workspace tests	2026-10-07T17:29:19.2532403Z [1m[92m  Downloaded[0m codespan-reporting v0.13.0
Linux build and workspace tests	Build and run workspace tests	2026-10-07T17:29:19.2613464Z [1m[92m  Downloaded[0m command-fds v0.3.2
Linux build and workspace tests	Build and run workspace tests	2026-10-07T17:29:19.2628956Z [1m[92m  Downloaded[0m globset v0.4.17
Linux build and workspace tests	Build and run workspace tests	2026-10-07T17:29:19.2644995Z [1m[92m  Downloaded[0m hashlink v0.10.0
Linux build and workspace tests	Build and run workspace tests	2026-10-07T17:29:19.2664140Z [1m[92m  Downloaded[0m libc v0.2.186
Linux build and workspace tests	Build and run workspace tests	2026-10-07T17:29:19.3088354Z [1m[92m  Downloaded[0m minidump-writer v0.13.0
Linux build and workspace tests	Build and run workspace tests	2026-10-07T17:29:19.3171233Z [1m[92m  Downloaded[0m reqwest v0.11.27
Linux build and workspace tests	Build and run workspace tests	2026-10-07T17:29:19.3247959Z [1m[92m  Downloaded[0m ring v0.17.14
Linux build and workspace tests	Build and run workspace tests	2026-10-07T17:29:19.3696024Z [1m[92m  Downloaded[0m rkyv v0.7.45
Linux build and workspace tests	Build and run workspace tests	2026-10-07T17:29:19.3787178Z [1m[92m  Downloaded[0m rmpv v1.3.0
Linux build and workspace tests	Build and run workspace tests	2026-10-07T17:29:19.3810799Z [1m[92m  Downloaded[0m tree-sitter-regex v0.24.3
Linux build and workspace tests	Build and run workspace tests	2026-10-07T17:29:19.3829021Z [1m[92m  Downloaded[0m triomphe v0.1.15
Linux build and workspace tests	Build and run workspace tests	2026-10-07T17:29:19.3849839Z [1m[92m  Downloaded[0m ttf-parser v0.25.1
Linux build and workspace tests	Build and run workspace tests	2026-10-07T17:29:19.3951603Z [1m[92m  Downloaded[0m tungstenite v0.20.1
Linux build and workspace tests	Build and run workspace tests	2026-10-07T17:29:19.3986686Z [1m[92m  Downloaded[0m tungstenite v0.21.0
Linux build and workspace tests	Build and run workspace tests	2026-10-07T17:29:19.4021154Z [1m[92m  Downloaded[0m tungstenite v0.28.0
Linux build and workspace tests	Build and run workspace tests	2026-10-07T17:29:19.4058184Z [1m[92m  Downloaded[0m typeid v1.0.3
Linux build and workspace tests	Build and run workspace tests	2026-10-07T17:29:19.4071666Z [1m[92m  Downloaded[0m ucd-trie v0.1.7
Linux build and workspace tests	Build and run workspace tests	2026-10-07T17:29:19.4086588Z [1m[92m  Downloaded[0m uds v0.4.2
Linux build and workspace tests	Build and run workspace tests	2026-10-07T17:29:19.4109177Z [1m[92m  Downloaded[0m unicase v2.8.1
Linux build and workspace tests	Build and run workspace tests	2026-10-07T17:29:19.4124257Z [1m[92m  Downloaded[0m unicode-bidi v0.3.18
Linux build and workspace tests	Build and run workspace tests	2026-10-07T17:29:19.4149945Z [1m[92m  Downloaded[0m unicode-general-category v1.1.0
Linux build and workspace tests	Build and run workspace tests	2026-10-07T17:29:19.4166624Z [1m[92m  Downloaded[0m wit-parser v0.201.0
Linux build and workspace tests	Build and run workspace tests	2026-10-07T17:29:19.4467758Z [1m[92m  Downloaded[0m x11 v2.21.0
Linux build and workspace tests	Build and run workspace tests	2026-10-07T17:29:19.4503365Z [1m[92m  Downloaded[0m x11rb v0.13.2
Linux build and workspace tests	Build and run workspace tests	2026-10-07T17:29:19.4592110Z [1m[92m  Downloaded[0m x11rb-protocol v0.13.2
Linux build and workspace tests	Build and run workspace tests	2026-10-07T17:29:19.4722939Z [1m[92m  Downloaded[0m xattr v1.6.1
Linux build and workspace tests	Build and run workspace tests	2026-10-07T17:29:19.4744013Z [1m[92m  Downloaded[0m base64-simd v0.8.0
Linux build and workspace tests	Build and run workspace tests	2026-10-07T17:29:19.4759496Z [1m[92m  Downloaded[0m font-types v0.10.0
Linux build and workspace tests	Build and run workspace tests	2026-10-07T17:29:19.4778551Z [1m[92m  Downloaded[0m gif v0.14.2
Linux build and workspace tests	Build and run workspace tests	2026-10-07T17:29:19.4797107Z [1m[92m  Downloaded[0m glob v0.3.3
Linux build and workspace tests	Build and run workspace tests	2026-10-07T17:29:19.4813522Z [1m[92m  Downloaded[0m harfrust v0.5.0
Linux build and workspace tests	Build and run workspace tests	2026-10-07T17:29:19.4924309Z [1m[92m  Downloaded[0m heck v0.4.1
Linux build and workspace tests	Build and run workspace tests	2026-10-07T17:29:19.4938720Z [1m[92m  Downloaded[0m heed-traits v0.20.0
Linux build and workspace tests	Build and run workspace tests	2026-10-07T17:29:19.4945994Z [1m[92m  Downloaded[0m heed-types v0.21.0
Linux build and workspace tests	Build and run workspace tests	2026-10-07T17:29:19.4958434Z [1m[92m  Downloaded[0m hexf-parse v0.2.1
Linux build and workspace tests	Build and run workspace tests	2026-10-07T17:29:19.4965154Z [1m[92m  Downloaded[0m hkdf v0.12.4
Linux build and workspace tests	Build and run workspace tests	2026-10-07T17:29:19.4990025Z [1m[92m  Downloaded[0m hmac v0.12.1
Linux build and workspace tests	Build and run workspace tests	2026-10-07T17:29:19.5010548Z [1m[92m  Downloaded[0m htmlize v1.1.0
Linux build and workspace tests	Build and run workspace tests	2026-10-07T17:29:19.5044754Z [1m[92m  Downloaded[0m http v0.2.12
Linux build and workspace tests	Build and run workspace tests	2026-10-07T17:29:19.5082387Z [1m[92m  Downloaded[0m http-body v0.4.6
Linux build and workspace tests	Build and run workspace tests	2026-10-07T17:29:19.5100732Z [1m[92m  Downloaded[0m partial-json-fixer v0.5.3
Linux build and workspace tests	Build and run workspace tests	2026-10-07T17:29:19.5109640Z [1m[92m  Downloaded[0m password-hash v0.4.2
Linux build and workspace tests	Build and run workspace tests	2026-10-07T17:29:19.5128245Z [1m[92m  Downloaded[0m paste v1.0.15
Linux build and workspace tests	Build and run workspace tests	2026-10-07T17:29:19.5163241Z [1m[92m  Downloaded[0m pastey v0.1.1
Linux build and workspace tests	Build and run workspace tests	2026-10-07T17:29:19.5181572Z [1m[92m  Downloaded[0m pathdiff v0.2.3
Linux build and workspace tests	Build and run workspace tests	2026-10-07T17:29:19.5191618Z [1m[92m  Downloaded[0m pem v3.0.6
Linux build and workspace tests	Build and run workspace tests	2026-10-07T17:29:19.5206798Z [1m[92m  Downloaded[0m perf-event-data v0.1.8
Linux build and workspace tests	Build and run workspace tests	2026-10-07T17:29:19.5243367Z [1m[92m  Downloaded[0m perf-event-open-sys2 v5.0.6
Linux build and workspace tests	Build and run workspace tests	2026-10-07T17:29:19.5263546Z [1m[92m  Downloaded[0m perf-event2 v0.7.4
Linux build and workspace tests	Build and run workspace tests	2026-10-07T17:29:19.5306062Z [1m[92m  Downloaded[0m pest v2.8.3
Linux build and workspace tests	Build and run workspace tests	2026-10-07T17:29:19.5354176Z [1m[92m  Downloaded[0m pest_derive v2.8.3
Linux build and workspace tests	Build and run workspace tests	2026-10-07T17:29:19.5379505Z [1m[92m  Downloaded[0m pest_generator v2.8.3
Linux build and workspace tests	Build and run workspace tests	2026-10-07T17:29:19.5396774Z [1m[92m  Downloaded[0m pest_meta v2.8.3
Linux build and workspace tests	Build and run workspace tests	2026-10-07T17:29:19.5421008Z [1m[92m  Downloaded[0m roughr-merman v0.12.3
Linux build and workspace tests	Build and run workspace tests	2026-10-07T17:29:19.5442982Z [1m[92m  Downloaded[0m roxmltree v0.21.1
Linux build and workspace tests	Build and run workspace tests	2026-10-07T17:29:19.5585510Z [1m[92m  Downloaded[0m rpassword v7.5.2
Linux build and workspace tests	Build and run workspace tests	2026-10-07T17:29:19.5611134Z [1m[92m  Downloaded[0m rsa v0.9.10
Linux build and workspace tests	Build and run workspace tests	2026-10-07T17:29:19.5668276Z [1m[92m  Downloaded[0m rustversion v1.0.22
Linux build and workspace tests	Build and run workspace tests	2026-10-07T17:29:19.5698448Z [1m[92m  Downloaded[0m ryu v1.0.23
Linux build and workspace tests	Build and run workspace tests	2026-10-07T17:29:19.5733326Z [1m[92m  Downloaded[0m ryu-js v1.0.2
Linux build and workspace tests	Build and run workspace tests	2026-10-07T17:29:19.5779902Z [1m[92m  Downloaded[0m saa v5.4.9
Linux build and workspace tests	Build and run workspace tests	2026-10-07T17:29:19.5803974Z [1m[92m  Downloaded[0m same-file v1.0.6
Linux build and workspace tests	Build and run workspace tests	2026-10-07T17:29:19.5818322Z [1m[92m  Downloaded[0m schemars v0.9.0
Linux build and workspace tests	Build and run workspace tests	2026-10-07T17:29:19.5973636Z [1m[92m  Downloaded[0m schemars_derive v1.0.4
Linux build and workspace tests	Build and run workspace tests	2026-10-07T17:29:19.5994251Z [1m[92m  Downloaded[0m sea-bae v0.2.2
Linux build and workspace tests	Build and run workspace tests	2026-10-07T17:29:19.6004070Z [1m[92m  Downloaded[0m serde_fmt v1.0.3
Linux build and workspace tests	Build and run workspace tests	2026-10-07T17:29:19.6014313Z [1m[92m  Downloaded[0m target-lexicon v0.13.5
Linux build and workspace tests	Build and run workspace tests	2026-10-07T17:29:19.6030811Z [1m[92m  Downloaded[0m target-spec v3.7.0
Linux build and workspace tests	Build and run workspace tests	2026-10-07T17:29:19.6049752Z [1m[92m  Downloaded[0m tree-sitter-go v0.25.0
Linux build and workspace tests	Build and run workspace tests	2026-10-07T17:29:19.6093059Z [1m[92m  Downloaded[0m unicode-bidi-mirroring v0.4.0
Linux build and workspace tests	Build and run workspace tests	2026-10-07T17:29:19.6102750Z [1m[92m  Downloaded[0m unicode-ccc v0.4.0
Linux build and workspace tests	Build and run workspace tests	2026-10-07T17:29:19.6112370Z [1m[92m  Downloaded[0m unicode-linebreak v0.1.5
Linux build and workspace tests	Build and run workspace tests	2026-10-07T17:29:19.6121098Z [1m[92m  Downloaded[0m base64 v0.22.1
Linux build and workspace tests	Build and run workspace tests	2026-10-07T17:29:19.6162838Z [1m[92m  Downloaded[0m base64ct v1.8.0
Linux build and workspace tests	Build and run workspace tests	2026-10-07T17:29:19.6188942Z [1m[92m  Downloaded[0m compression-core v0.4.29
Linux build and workspace tests	Build and run workspace tests	2026-10-07T17:29:19.6198792Z [1m[92m  Downloaded[0m gio-sys v0.21.5
Linux build and workspace tests	Build and run workspace tests	2026-10-07T17:29:19.6226425Z [1m[92m  Downloaded[0m glib-macros v0.21.5
Linux build and workspace tests	Build and run workspace tests	2026-10-07T17:29:19.6261326Z [1m[92m  Downloaded[0m glib-sys v0.21.5
Linux build and workspace tests	Build and run workspace tests	2026-10-07T17:29:19.6284027Z [1m[92m  Downloaded[0m headers v0.3.9
Linux build and workspace tests	Build and run workspace tests	2026-10-07T17:29:19.6347634Z [1m[92m  Downloaded[0m headers-core v0.2.0
Linux build and workspace tests	Build and run workspace tests	2026-10-07T17:29:19.6354899Z [1m[92m  Downloaded[0m http v1.3.1
Linux build and workspace tests	Build and run workspace tests	2026-10-07T17:29:19.6392693Z [1m[92m  Downloaded[0m pem-rfc7468 v0.7.0
Linux build and workspace tests	Build and run workspace tests	2026-10-07T17:29:19.6413989Z [1m[92m  Downloaded[0m petgraph v0.8.3
Linux build and workspace tests	Build and run workspace tests	2026-10-07T17:29:19.6631225Z [1m[92m  Downloaded[0m pgvector v0.4.1
Linux build and workspace tests	Build and run workspace tests	2026-10-07T17:29:19.6659354Z [1m[92m  Downloaded[0m phf v0.11.3
Linux build and workspace tests	Build and run workspace tests	2026-10-07T17:29:19.6672850Z [1m[92m  Downloaded[0m roxmltree v0.20.0
Linux build and workspace tests	Build and run workspace tests	2026-10-07T17:29:19.6810981Z [1m[92m  Downloaded[0m rusty-fork v0.3.1
Linux build and workspace tests	Build and run workspace tests	2026-10-07T17:29:19.6826660Z [1m[92m  Downloaded[0m rustybuzz v0.20.1
Linux build and workspace tests	Build and run workspace tests	2026-10-07T17:29:19.6930602Z [1m[92m  Downloaded[0m scc v3.5.6
Linux build and workspace tests	Build and run workspace tests	2026-10-07T17:29:19.6974142Z [1m[92m  Downloaded[0m schemars v1.0.4
Linux build and workspace tests	Build and run workspace tests	2026-10-07T17:29:19.7150720Z [1m[92m  Downloaded[0m scoped-tls v1.0.1
Linux build and workspace tests	Build and run workspace tests	2026-10-07T17:29:19.7161481Z [1m[92m  Downloaded[0m scopeguard v1.2.0
Linux build and workspace tests	Build and run workspace tests	2026-10-07T17:29:19.7174771Z [1m[92m  Downloaded[0m scroll v0.12.0
Linux build and workspace tests	Build and run workspace tests	2026-10-07T17:29:19.7189165Z [1m[92m  Downloaded[0m scroll_derive v0.12.1
Linux build and workspace tests	Build and run workspace tests	2026-10-07T17:29:19.7197387Z [1m[92m  Downloaded[0m sea-orm-macros v1.1.10
Linux build and workspace tests	Build and run workspace tests	2026-10-07T17:29:19.7230511Z [1m[92m  Downloaded[0m sea-query-binder v0.7.0
Linux build and workspace tests	Build and run workspace tests	2026-10-07T17:29:19.7242228Z [1m[92m  Downloaded[0m sec1 v0.3.0
Linux build and workspace tests	Build and run workspace tests	2026-10-07T17:29:19.7259772Z [1m[92m  Downloaded[0m seccompiler v0.5.0
Linux build and workspace tests	Build and run workspace tests	2026-10-07T17:29:19.7298643Z [1m[92m  Downloaded[0m self_cell v1.2.2
Linux build and workspace tests	Build and run workspace tests	2026-10-07T17:29:19.7310184Z [1m[92m  Downloaded[0m serde_bytes v0.11.19
Linux build and workspace tests	Build and run workspace tests	2026-10-07T17:29:19.7327245Z [1m[92m  Downloaded[0m serde_derive_internals v0.29.1
Linux build and workspace tests	Build and run workspace tests	2026-10-07T17:29:19.7342941Z [1m[92m  Downloaded[0m serde_path_to_error v0.1.20
Linux build and workspace tests	Build and run workspace tests	2026-10-07T17:29:19.7360169Z [1m[92m  Downloaded[0m serde_spanned v0.6.9
Linux build and workspace tests	Build and run workspace tests	2026-10-07T17:29:19.7371839Z [1m[92m  Downloaded[0m tempfile v3.27.0
Linux build and workspace tests	Build and run workspace tests	2026-10-07T17:29:19.7399271Z [1m[92m  Downloaded[0m tree-sitter-python v0.25.0
Linux build and workspace tests	Build and run workspace tests	2026-10-07T17:29:19.7466595Z [1m[92m  Downloaded[0m wit-component v0.254.0
Linux build and workspace tests	Build and run workspace tests	2026-10-07T17:29:19.8121455Z [1m[92m  Downloaded[0m wit-parser v0.254.0
Linux build and workspace tests	Build and run workspace tests	2026-10-07T17:29:19.8708319Z [1m[92m  Downloaded[0m zerocopy v0.8.27
Linux build and workspace tests	Build and run workspace tests	2026-10-07T17:29:19.8987285Z [1m[92m  Downloaded[0m bit-set v0.8.0
Linux build and workspace tests	Build and run workspace tests	2026-10-07T17:29:19.9001669Z [1m[92m  Downloaded[0m concurrent-queue v2.5.0
Linux build and workspace tests	Build and run workspace tests	2026-10-07T17:29:19.9020371Z [1m[92m  Downloaded[0m const-random-macro v0.1.16
Linux build and workspace tests	Build and run workspace tests	2026-10-07T17:29:19.9029846Z [1m[92m  Downloaded[0m const_format_proc_macros v0.2.34
Linux build and workspace tests	Build and run workspace tests	2026-10-07T17:29:19.9054864Z [1m[92m  Downloaded[0m constant_time_eq v0.1.5
Linux build and workspace tests	Build and run workspace tests	2026-10-07T17:29:19.9065212Z [1m[92m  Downloaded[0m convert_case v0.11.0
Linux build and workspace tests	Build and run workspace tests	2026-10-07T17:29:19.9085270Z [1m[92m  Downloaded[0m core2 v0.4.0
Linux build and workspace tests	Build and run workspace tests	2026-10-07T17:29:19.9106080Z [1m[92m  Downloaded[0m core_maths v0.1.1
Linux build and workspace tests	Build and run workspace tests	2026-10-07T17:29:19.9114378Z [1m[92m  Downloaded[0m font-types v0.11.0
Linux build and workspace tests	Build and run workspace tests	2026-10-07T17:29:19.9133426Z [1m[92m  Downloaded[0m fontconfig-parser v0.5.8
Linux build and workspace tests	Build and run workspace tests	2026-10-07T17:29:19.9194392Z [1m[92m  Downloaded[0m fontdb v0.23.0
Linux build and workspace tests	Build and run workspace tests	2026-10-07T17:29:19.9221187Z [1m[92m  Downloaded[0m foreign-types v0.3.2
Linux build and workspace tests	Build and run workspace tests	2026-10-07T17:29:19.9229531Z [1m[92m  Downloaded[0m foreign-types-shared v0.1.1
Linux build and workspace tests	Build and run workspace tests	2026-10-07T17:29:19.9236499Z [1m[92m  Downloaded[0m fork v0.4.0
Linux build and workspace tests	Build and run workspace tests	2026-10-07T17:29:19.9260916Z [1m[92m  Downloaded[0m fs-set-times v0.20.3
Linux build and workspace tests	Build and run workspace tests	2026-10-07T17:29:19.9276436Z [1m[92m  Downloaded[0m fs2 v0.4.3
Linux build and workspace tests	Build and run workspace tests	2026-10-07T17:29:19.9288110Z [1m[92m  Downloaded[0m heapless v0.9.2
Linux build and workspace tests	Build and run workspace tests	2026-10-07T17:29:19.9341517Z [1m[92m  Downloaded[0m sdd v4.6.2
Linux build and workspace tests	Build and run workspace tests	2026-10-07T17:29:19.9370317Z [1m[92m  Downloaded[0m sea-query v0.32.7
Linux build and workspace tests	Build and run workspace tests	2026-10-07T17:29:19.9487101Z [1m[92m  Downloaded[0m seahash v4.1.0
Linux build and workspace tests	Build and run workspace tests	2026-10-07T17:29:19.9504239Z [1m[92m  Downloaded[0m secrecy v0.10.3
Linux build and workspace tests	Build and run workspace tests	2026-10-07T17:29:19.9513663Z [1m[92m  Downloaded[0m selectors v0.37.0
Linux build and workspace tests	Build and run workspace tests	2026-10-07T17:29:19.9538285Z [1m[92m  Downloaded[0m serde_spanned v1.0.3
Linux build and workspace tests	Build and run workspace tests	2026-10-07T17:29:19.9550734Z [1m[92m  Downloaded[0m serde_urlencoded v0.7.1
Linux build and workspace tests	Build and run workspace tests	2026-10-07T17:29:19.9568776Z [1m[92m  Downloaded[0m serde_yaml v0.9.34+deprecated
Linux build and workspace tests	Build and run workspace tests	2026-10-07T17:29:19.9604572Z [1m[92m  Downloaded[0m serde_yaml_ng v0.10.0
Linux build and workspace tests	Build and run workspace tests	2026-10-07T17:29:19.9638968Z [1m[92m  Downloaded[0m servo_arc v0.4.3
Linux build and workspace tests	Build and run workspace tests	2026-10-07T17:29:19.9648098Z [1m[92m  Downloaded[0m sha-1 v0.10.1
Linux build and workspace tests	Build and run workspace tests	2026-10-07T17:29:19.9664022Z [1m[92m  Downloaded[0m tendril v0.5.1
Linux build and workspace tests	Build and run workspace tests	2026-10-07T17:29:19.9684337Z [1m[92m  Downloaded[0m unicode-normalization v0.1.25
Linux build and workspace tests	Build and run workspace tests	2026-10-07T17:29:19.9720723Z [1m[92m  Downloaded[0m unicode-vo v0.1.0
Linux build and workspace tests	Build and run workspace tests	2026-10-07T17:29:19.9730565Z [1m[92m  Downloaded[0m unicode-width v0.1.14
Linux build and workspace tests	Build and run workspace tests	2026-10-07T17:29:19.9786376Z [1m[92m  Downloaded[0m wgpu-hal v29.0.4
Linux build and workspace tests	Build and run workspace tests	2026-10-07T17:29:19.9902723Z [1m[92m  Downloaded[0m xcursor v0.3.10
Linux build and workspace tests	Build and run workspace tests	2026-10-07T17:29:19.9911511Z [1m[92m  Downloaded[0m yeslogic-fontconfig-sys v6.0.0
Linux build and workspace tests	Build and run workspace tests	2026-10-07T17:29:19.9920258Z [1m[92m  Downloaded[0m beef v0.5.2
Linux build and workspace tests	Build and run workspace tests	2026-10-07T17:29:19.9939194Z [1m[92m  Downloaded[0m bincode v1.3.3
Linux build and workspace tests	Build and run workspace tests	2026-10-07T17:29:19.9962607Z [1m[92m  Downloaded[0m bit-set v0.9.1
Linux build and workspace tests	Build and run workspace tests	2026-10-07T17:29:19.9977825Z [1m[92m  Downloaded[0m bit-vec v0.9.1
Linux build and workspace tests	Build and run workspace tests	2026-10-07T17:29:19.9995397Z [1m[92m  Downloaded[0m bit_field v0.10.3
Linux build and workspace tests	Build and run workspace tests	2026-10-07T17:29:20.0008412Z [1m[92m  Downloaded[0m console v0.16.3
Linux build and workspace tests	Build and run workspace tests	2026-10-07T17:29:20.0026322Z [1m[92m  Downloaded[0m const-oid v0.9.6
Linux build and workspace tests	Build and run workspace tests	2026-10-07T17:29:20.0046298Z [1m[92m  Downloaded[0m const-random v0.1.18
Linux build and workspace tests	Build and run workspace tests	2026-10-07T17:29:20.0058078Z [1m[92m  Downloaded[0m convert_case v0.10.0
Linux build and workspace tests	Build and run workspace tests	2026-10-07T17:29:20.0075988Z [1m[92m  Downloaded[0m fraction v0.16.0
Linux build and workspace tests	Build and run workspace tests	2026-10-07T17:29:20.0135798Z [1m[92m  Downloaded[0m fs_extra v1.3.0
Linux build and workspace tests	Build and run workspace tests	2026-10-07T17:29:20.0152911Z [1m[92m  Downloaded[0m gaoya v0.2.0
Linux build and workspace tests	Build and run workspace tests	2026-10-07T17:29:20.0177516Z [1m[92m  Downloaded[0m generic-array v0.14.7
Linux build and workspace tests	Build and run workspace tests	2026-10-07T17:29:20.0192568Z [1m[92m  Downloaded[0m getrandom v0.2.16
Linux build and workspace tests	Build and run workspace tests	2026-10-07T17:29:20.0224085Z [1m[92m  Downloaded[0m http-body v1.0.1
Linux build and workspace tests	Build and run workspace tests	2026-10-07T17:29:20.0234874Z [1m[92m  Downloaded[0m http-body-util v0.1.3
Linux build and workspace tests	Build and run workspace tests	2026-10-07T17:29:20.0253794Z [1m[92m  Downloaded[0m nix v0.30.1
Linux build and workspace tests	Build and run workspace tests	2026-10-07T17:29:20.0375997Z [1m[92m  Downloaded[0m serde_json_lenient v0.2.4
Linux build and workspace tests	Build and run workspace tests	2026-10-07T17:29:20.0421873Z [1m[92m  Downloaded[0m serde_repr v0.1.20
Linux build and workspace tests	Build and run workspace tests	2026-10-07T17:29:20.0444101Z [1m[92m  Downloaded[0m serde_with_macros v3.22.0
Linux build and workspace tests	Build and run workspace tests	2026-10-07T17:29:20.0464978Z [1m[92m  Downloaded[0m sha1 v0.10.6
Linux build and workspace tests	Build and run workspace tests	2026-10-07T17:29:20.0482428Z [1m[92m  Downloaded[0m sha1_smol v1.0.1
Linux build and workspace tests	Build and run workspace tests	2026-10-07T17:29:20.0496360Z [1m[92m  Downloaded[0m sha2 v0.10.9
Linux build and workspace tests	Build and run workspace tests	2026-10-07T17:29:20.0523847Z [1m[92m  Downloaded[0m unicode-script v0.5.8
Linux build and workspace tests	Build and run workspace tests	2026-10-07T17:29:20.0543581Z [1m[92m  Downloaded[0m xkeysym v0.2.1
Linux build and workspace tests	Build and run workspace tests	2026-10-07T17:29:20.0572555Z [1m[92m  Downloaded[0m xml5ever v0.39.0
Linux build and workspace tests	Build and run workspace tests	2026-10-07T17:29:20.0598527Z [1m[92m  Downloaded[0m xmlparser v0.13.6
Linux build and workspace tests	Build and run workspace tests	2026-10-07T17:29:20.0622882Z [1m[92m  Downloaded[0m xmlwriter v0.1.0
Linux build and workspace tests	Build and run workspace tests	2026-10-07T17:29:20.0633553Z [1m[92m  Downloaded[0m bit-vec v0.8.0
Linux build and workspace tests	Build and run workspace tests	2026-10-07T17:29:20.0650372Z [1m[92m  Downloaded[0m bitflags v1.3.2
Linux build and workspace tests	Build and run workspace tests	2026-10-07T17:29:20.0685161Z [1m[92m  Downloaded[0m const_format v0.2.35
Linux build and workspace tests	Build and run workspace tests	2026-10-07T17:29:20.0735062Z [1m[92m  Downloaded[0m funty v2.0.0
Linux build and workspace tests	Build and run workspace tests	2026-10-07T17:29:20.0743882Z [1m[92m  Downloaded[0m getrandom v0.3.4
Linux build and workspace tests	Build and run workspace tests	2026-10-07T17:29:20.0780479Z [1m[92m  Downloaded[0m http-range-header v0.3.1
Linux build and workspace tests	Build and run workspace tests	2026-10-07T17:29:20.0792198Z [1m[92m  Downloaded[0m httpdate v1.0.3
Linux build and workspace tests	Build and run workspace tests	2026-10-07T17:29:20.0804913Z [1m[92m  Downloaded[0m thiserror-impl v1.0.69
Linux build and workspace tests	Build and run workspace tests	2026-10-07T17:29:20.0818749Z [1m[92m  Downloaded[0m unicode-properties v0.1.3
Linux build and workspace tests	Build and run workspace tests	2026-10-07T17:29:20.0837922Z [1m[92m  Downloaded[0m xcb v1.6.0
Linux build and workspace tests	Build and run workspace tests	2026-10-07T17:29:20.0924047Z [1m[92m  Downloaded[0m xkbcommon v0.8.0
Linux build and workspace tests	Build and run workspace tests	2026-10-07T17:29:20.0946810Z [1m[92m  Downloaded[0m bigdecimal v0.4.8
Linux build and workspace tests	Build and run workspace tests	2026-10-07T17:29:20.0995262Z [1m[92m  Downloaded[0m bitstream-io v4.9.0
Linux build and workspace tests	Build and run workspace tests	2026-10-07T17:29:20.1025515Z [1m[92m  Downloaded[0m futures-concurrency v7.7.1
Linux build and workspace tests	Build and run workspace tests	2026-10-07T17:29:20.1113759Z [1m[92m  Downloaded[0m futures-intrusive v0.5.0
Linux build and workspace tests	Build and run workspace tests	2026-10-07T17:29:20.1161591Z [1m[92m  Downloaded[0m futures-lite v1.13.0
Linux build and workspace tests	Build and run workspace tests	2026-10-07T17:29:20.1178198Z [1m[92m  Downloaded[0m futures-lite v2.6.1
Linux build and workspace tests	Build and run workspace tests	2026-10-07T17:29:20.1196276Z [1m[92m  Downloaded[0m gethostname v1.1.0
Linux build and workspace tests	Build and run workspace tests	2026-10-07T17:29:20.1207660Z [1m[92m  Downloaded[0m getrandom v0.4.1
Linux build and workspace tests	Build and run workspace tests	2026-10-07T17:29:20.1248088Z [1m[92m  Downloaded[0m httparse v1.10.1
Linux build and workspace tests	Build and run workspace tests	2026-10-07T17:29:20.1275020Z [1m[92m  Downloaded[0m termcolor v1.4.1
Linux build and workspace tests	Build and run workspace tests	2026-10-07T17:29:20.1288395Z [1m[92m  Downloaded[0m terminal_size v0.4.3
Linux build and workspace tests	Build and run workspace tests	2026-10-07T17:29:20.1303517Z [1m[92m  Downloaded[0m thiserror v2.0.17
Linux build and workspace tests	Build and run workspace tests	2026-10-07T17:29:20.1397567Z [1m[92m  Downloaded[0m time-core v0.1.8
Linux build and workspace tests	Build and run workspace tests	2026-10-07T17:29:20.1408670Z [1m[92m  Downloaded[0m time-macros v0.2.27
Linux build and workspace tests	Build and run workspace tests	2026-10-07T17:29:20.1431620Z [1m[92m  Downloaded[0m tiny-keccak v2.0.2
Linux build and workspace tests	Build and run workspace tests	2026-10-07T17:29:20.1458965Z [1m[92m  Downloaded[0m unicode-segmentation v1.13.3
Linux build and workspace tests	Build and run workspace tests	2026-10-07T17:29:20.1489798Z [1m[92m  Downloaded[0m y4m v0.8.0
Linux build and workspace tests	Build and run workspace tests	2026-10-07T17:29:20.1502525Z [1m[92m  Downloaded[0m zbus-lockstep v0.5.2
Linux build and workspace tests	Build and run workspace tests	2026-10-07T17:29:20.1512943Z [1m[92m  Downloaded[0m zbus-lockstep-macros v0.5.2
Linux build and workspace tests	Build and run workspace tests	2026-10-07T17:29:20.1521700Z [1m[92m  Downloaded[0m bmrng v0.5.2
Linux build and workspace tests	Build and run workspace tests	2026-10-07T17:29:20.1536539Z [1m[92m  Downloaded[0m futures v0.1.31
Linux build and workspace tests	Build and run workspace tests	2026-10-07T17:29:20.1648302Z [1m[92m  Downloaded[0m hyper-timeout v0.5.2
Linux build and workspace tests	Build and run workspace tests	2026-10-07T17:29:20.1663708Z [1m[92m  Downloaded[0m hyper-tls v0.5.0
Linux build and workspace tests	Build and run workspace tests	2026-10-07T17:29:20.1677118Z [1m[92m  Downloaded[0m ident_case v1.0.1
Linux build and workspace tests	Build and run workspace tests	2026-10-07T17:29:20.1686072Z [1m[92m  Downloaded[0m serde_with v3.22.0
Linux build and workspace tests	Build and run workspace tests	2026-10-07T17:29:20.1827716Z [1m[92m  Downloaded[0m thiserror v1.0.69
Linux build and workspace tests	Build and run workspace tests	2026-10-07T17:29:20.1888062Z [1m[92m  Downloaded[0m thiserror-impl v2.0.17
Linux build and workspace tests	Build and run workspace tests	2026-10-07T17:29:20.1903497Z [1m[92m  Downloaded[0m thread_local v1.1.9
Linux build and workspace tests	Build and run workspace tests	2026-10-07T17:29:20.1919473Z [1m[92m  Downloaded[0m tree-sitter-rust v0.24.2
Linux build and workspace tests	Build and run workspace tests	2026-10-07T17:29:20.2029058Z [1m[92m  Downloaded[0m xxhash-rust v0.8.15
Linux build and workspace tests	Build and run workspace tests	2026-10-07T17:29:20.2047044Z [1m[92m  Downloaded[0m yaml-rust2 v0.8.1
Linux build and workspace tests	Build and run workspace tests	2026-10-07T17:29:20.2351434Z [1m[92m  Downloaded[0m yazi v0.2.1
Linux build and workspace tests	Build and run workspace tests	2026-10-07T17:29:20.2366197Z [1m[92m  Downloaded[0m zed_extension_api v0.1.0
Linux build and workspace tests	Build and run workspace tests	2026-10-07T17:29:20.2390924Z [1m[92m  Downloaded[0m block-buffer v0.10.4
Linux build and workspace tests	Build and run workspace tests	2026-10-07T17:29:20.2401605Z [1m[92m  Downloaded[0m gimli v0.32.3
Linux build and workspace tests	Build and run workspace tests	2026-10-07T17:29:20.2475192Z [1m[92m  Downloaded[0m glib v0.21.5
Linux build and workspace tests	Build and run workspace tests	2026-10-07T17:29:20.2603357Z [1m[92m  Downloaded[0m imagesize v0.14.0
Linux build and workspace tests	Build and run workspace tests	2026-10-07T17:29:20.2631813Z [1m[92m  Downloaded[0m include-flate v0.3.4
Linux build and workspace tests	Build and run workspace tests	2026-10-07T17:29:20.2640937Z [1m[92m  Downloaded[0m sharded-slab v0.1.7
Linux build and workspace tests	Build and run workspace tests	2026-10-07T17:29:20.2676313Z [1m[92m  Downloaded[0m tiny_http v0.12.0
Linux build and workspace tests	Build and run workspace tests	2026-10-07T17:29:20.2716424Z [1m[92m  Downloaded[0m yawc v0.4.2
Linux build and workspace tests	Build and run workspace tests	2026-10-07T17:29:20.2753354Z [1m[92m  Downloaded[0m block-padding v0.3.3
Linux build and workspace tests	Build and run workspace tests	2026-10-07T17:29:20.2762631Z [1m[92m  Downloaded[0m blocking v1.6.2
Linux build and workspace tests	Build and run workspace tests	2026-10-07T17:29:20.2774763Z [1m[92m  Downloaded[0m bytecheck v0.6.12
Linux build and workspace tests	Build and run workspace tests	2026-10-07T17:29:20.2784796Z [1m[92m  Downloaded[0m hdrhistogram v7.5.4
Linux build and workspace tests	Build and run workspace tests	2026-10-07T17:29:20.2860777Z [1m[92m  Downloaded[0m human_bytes v0.4.3
Linux build and workspace tests	Build and run workspace tests	2026-10-07T17:29:20.2873754Z [1m[92m  Downloaded[0m icu_locale_fallback_data v2.3.0
Linux build and workspace tests	Build and run workspace tests	2026-10-07T17:29:20.2885024Z [1m[92m  Downloaded[0m imgref v1.12.0
Linux build and workspace tests	Build and run workspace tests	2026-10-07T17:29:20.2902608Z [1m[92m  Downloaded[0m inherent v1.0.13
Linux build and workspace tests	Build and run workspace tests	2026-10-07T17:29:20.2923014Z [1m[92m  Downloaded[0m tinyvec_macros v0.1.1
Linux build and workspace tests	Build and run workspace tests	2026-10-07T17:29:20.2931726Z [1m[92m  Downloaded[0m zbus_names v4.3.2
Linux build and workspace tests	Build and run workspace tests	2026-10-07T17:29:20.2948603Z [1m[92m  Downloaded[0m zbus_xml v5.1.1
Linux build and workspace tests	Build and run workspace tests	2026-10-07T17:29:20.2961369Z [1m[92m  Downloaded[0m brush-parser v0.3.0
Linux build and workspace tests	Build and run workspace tests	2026-10-07T17:29:20.3025789Z [1m[92m  Downloaded[0m hyper-rustls v0.27.9
Linux build and workspace tests	Build and run workspace tests	2026-10-07T17:29:20.3041289Z [1m[92m  Downloaded[0m icu_locale_fallback v2.3.0
Linux build and workspace tests	Build and run workspace tests	2026-10-07T17:29:20.3053644Z [1m[92m  Downloaded[0m ignore v0.4.24
Linux build and workspace tests	Build and run workspace tests	2026-10-07T17:29:20.3077598Z [1m[92m  Downloaded[0m jsonschema v0.51.0
Linux build and workspace tests	Build and run workspace tests	2026-10-07T17:29:20.3277168Z [1m[92m  Downloaded[0m tiff v0.11.3
Linux build and workspace tests	Build and run workspace tests	2026-10-07T17:29:20.3323163Z [1m[92m  Downloaded[0m tiny-skia-path v0.11.4
Linux build and workspace tests	Build and run workspace tests	2026-10-07T17:29:20.3343411Z [1m[92m  Downloaded[0m borrow-or-share v0.2.4
Linux build and workspace tests	Build and run workspace tests	2026-10-07T17:29:20.3353463Z [1m[92m  Downloaded[0m borsh-derive v1.5.7
Linux build and workspace tests	Build and run workspace tests	2026-10-07T17:29:20.3385841Z [1m[92m  Downloaded[0m bs58 v0.5.1
Linux build and workspace tests	Build and run workspace tests	2026-10-07T17:29:20.3409577Z [1m[92m  Downloaded[0m bytecheck_derive v0.6.12
Linux build and workspace tests	Build and run workspace tests	2026-10-07T17:29:20.3417417Z [1m[92m  Downloaded[0m tinytemplate v1.2.1
Linux build and workspace tests	Build and run workspace tests	2026-10-07T17:29:20.3435315Z [1m[92m  Downloaded[0m yansi v1.0.1
Linux build and workspace tests	Build and run workspace tests	2026-10-07T17:29:20.3459458Z [1m[92m  Downloaded[0m zbus_macros v5.13.2
Linux build and workspace tests	Build and run workspace tests	2026-10-07T17:29:20.3475989Z [1m[92m  Downloaded[0m gimli v0.33.0
Linux build and workspace tests	Build and run workspace tests	2026-10-07T17:29:20.3556138Z [1m[92m  Downloaded[0m hyper v1.11.1
Linux build and workspace tests	Build and run workspace tests	2026-10-07T17:29:20.3630974Z [1m[92m  Downloaded[0m bumpalo v3.20.3
Linux build and workspace tests	Build and run workspace tests	2026-10-07T17:29:20.3659466Z [1m[92m  Downloaded[0m mdbook v0.4.40
Linux build and workspace tests	Build and run workspace tests	2026-10-07T17:29:20.3889050Z [1m[92m  Downloaded[0m bon v3.8.2
Linux build and workspace tests	Build and run workspace tests	2026-10-07T17:29:20.3974854Z [1m[92m  Downloaded[0m include-flate-codegen v0.3.4
Linux build and workspace tests	Build and run workspace tests	2026-10-07T17:29:20.3983435Z [1m[92m  Downloaded[0m indexmap v1.9.3
Linux build and workspace tests	Build and run workspace tests	2026-10-07T17:29:20.4016523Z [1m[92m  Downloaded[0m indoc v2.0.6
Linux build and workspace tests	Build and run workspace tests	2026-10-07T17:29:20.4047947Z [1m[92m  Downloaded[0m inotify v0.9.6
Linux build and workspace tests	Build and run workspace tests	2026-10-07T17:29:20.4068140Z [1m[92m  Downloaded[0m tiny-skia v0.11.4
Linux build and workspace tests	Build and run workspace tests	2026-10-07T17:29:20.4210388Z [1m[92m  Downloaded[0m by_address v1.2.1
Linux build and workspace tests	Build and run workspace tests	2026-10-07T17:29:20.4219657Z [1m[92m  Downloaded[0m zbus v5.13.2
Linux build and workspace tests	Build and run workspace tests	2026-10-07T17:29:20.4318292Z [1m[92m  Downloaded[0m icu_collator_data v2.3.0
Linux build and workspace tests	Build and run workspace tests	2026-10-07T17:29:20.4401499Z [1m[92m  Downloaded[0m tree-sitter-ruby v0.23.1
Linux build and workspace tests	Build and run workspace tests	2026-10-07T17:29:20.4606584Z [1m[92m  Downloaded[0m built v0.8.0
Linux build and workspace tests	Build and run workspace tests	2026-10-07T17:29:20.4626273Z [1m[92m  Downloaded[0m imara-diff v0.2.0
Linux build and workspace tests	Build and run workspace tests	2026-10-07T17:29:20.4672503Z [1m[92m  Downloaded[0m include-flate-compress v0.3.4
Linux build and workspace tests	Build and run workspace tests	2026-10-07T17:29:20.4679517Z [1m[92m  Downloaded[0m tinyvec v1.10.0
Linux build and workspace tests	Build and run workspace tests	2026-10-07T17:29:20.4707054Z [1m[92m  Downloaded[0m bzip2-sys v0.1.13+1.0.8
Linux build and workspace tests	Build and run workspace tests	2026-10-07T17:29:20.4821345Z [1m[92m  Downloaded[0m time v0.3.47
Linux build and workspace tests	Build and run workspace tests	2026-10-07T17:29:20.4959681Z [1m[92m  Downloaded[0m bitvec v1.0.1
Linux build and workspace tests	Build and run workspace tests	2026-10-07T17:29:20.5138927Z [1m[92m  Downloaded[0m bon-macros v3.8.2
Linux build and workspace tests	Build and run workspace tests	2026-10-07T17:29:20.5212411Z [1m[92m  Downloaded[0m bstr v1.12.1
Linux build and workspace tests	Build and run workspace tests	2026-10-07T17:29:20.5296144Z [1m[92m  Downloaded[0m borsh v1.5.7
Linux build and workspace tests	Build and run workspace tests	2026-10-07T17:29:20.5370896Z [1m[92m  Downloaded[0m jiff v0.2.15
Linux build and workspace tests	Build and run workspace tests	2026-10-07T17:29:20.5529813Z [1m[92m  Downloaded[0m zstd-sys v2.0.16+zstd.1.5.7
Linux build and workspace tests	Build and run workspace tests	2026-10-07T17:29:20.5703452Z [1m[92m  Downloaded[0m betlang v0.1.1
Linux build and workspace tests	Build and run workspace tests	2026-10-07T17:29:20.5803795Z [1m[92m  Downloaded[0m merman-core v0.8.0-alpha.5
Linux build and workspace tests	Build and run workspace tests	2026-10-07T17:29:20.6032695Z [1m[92m  Downloaded[0m logos v0.15.1
Linux build and workspace tests	Build and run workspace tests	2026-10-07T17:29:20.6124755Z [1m[92m  Downloaded[0m rav1e v0.8.1
Linux build and workspace tests	Build and run workspace tests	2026-10-07T17:29:20.6477442Z [1m[92m  Downloaded[0m merman-render v0.8.0-alpha.5
Linux build and workspace tests	Build and run workspace tests	2026-10-07T17:29:20.6968361Z [1m[92m  Downloaded[0m tokio v1.52.1
Linux build and workspace tests	Build and run workspace tests	2026-10-07T17:29:20.7443194Z [1m[92m  Downloaded[0m sea-orm v1.1.10
Linux build and workspace tests	Build and run workspace tests	2026-10-07T17:29:20.7828895Z [1m[92m  Downloaded[0m icu_collator v2.3.0
Linux build and workspace tests	Build and run workspace tests	2026-10-07T17:29:20.7996922Z [1m[92m  Downloaded[0m cosmic-text v0.19.0
Linux build and workspace tests	Build and run workspace tests	2026-10-07T17:29:20.8329063Z [1m[92m  Downloaded[0m linux-raw-sys v0.12.1
Linux build and workspace tests	Build and run workspace tests	2026-10-07T17:29:20.8988234Z [1m[92m  Downloaded[0m libsqlite3-sys v0.30.1
Linux build and workspace tests	Build and run workspace tests	2026-10-07T17:29:20.9623872Z [1m[92m  Downloaded[0m freetype-sys v0.20.1
Linux build and workspace tests	Build and run workspace tests	2026-10-07T17:29:21.0656110Z [1m[92m  Downloaded[0m aws-lc-sys v0.42.0
Linux build and workspace tests	Build and run workspace tests	2026-10-07T17:29:24.4634742Z [1m[92m   Compiling[0m unicode-ident v1.0.24
Linux build and workspace tests	Build and run workspace tests	2026-10-07T17:29:24.4635529Z [1m[92m   Compiling[0m quote v1.0.47
Linux build and workspace tests	Build and run workspace tests	2026-10-07T17:29:24.4637939Z [1m[92m   Compiling[0m proc-macro2 v1.0.107
Linux build and workspace tests	Build and run workspace tests	2026-10-07T17:29:24.4639948Z [1m[92m   Compiling[0m serde_core v1.0.229
Linux build and workspace tests	Build and run workspace tests	2026-10-07T17:29:24.5484389Z [1m[92m   Compiling[0m libc v0.2.186
Linux build and workspace tests	Build and run workspace tests	2026-10-07T17:29:24.9658726Z [1m[92m   Compiling[0m serde v1.0.229
Linux build and workspace tests	Build and run workspace tests	2026-10-07T17:29:25.2177380Z [1m[92m   Compiling[0m cfg-if v1.0.4
Linux build and workspace tests	Build and run workspace tests	2026-10-07T17:29:25.2703486Z [1m[92m   Compiling[0m memchr v2.8.3
Linux build and workspace tests	Build and run workspace tests	2026-10-07T17:29:26.2583666Z [1m[92m   Compiling[0m syn v2.0.117
Linux build and workspace tests	Build and run workspace tests	2026-10-07T17:29:27.0216784Z [1m[92m   Compiling[0m syn v3.0.3
Linux build and workspace tests	Build and run workspace tests	2026-10-07T17:29:27.0543749Z [1m[92m   Compiling[0m typeid v1.0.3
Linux build and workspace tests	Build and run workspace tests	2026-10-07T17:29:27.2863801Z [1m[92m   Compiling[0m erased-serde v0.4.9
Linux build and workspace tests	Build and run workspace tests	2026-10-07T17:29:28.1173748Z [1m[92m   Compiling[0m equivalent v1.0.2
Linux build and workspace tests	Build and run workspace tests	2026-10-07T17:29:28.1683708Z [1m[92m   Compiling[0m jobserver v0.1.34
Linux build and workspace tests	Build and run workspace tests	2026-10-07T17:29:28.5003691Z [1m[92m   Compiling[0m find-msvc-tools v0.1.11
Linux build and workspace tests	Build and run workspace tests	2026-10-07T17:29:28.7291747Z [1m[92m   Compiling[0m shlex v2.0.1
Linux build and workspace tests	Build and run workspace tests	2026-10-07T17:29:28.7433761Z [1m[92m   Compiling[0m itoa v1.0.18
Linux build and workspace tests	Build and run workspace tests	2026-10-07T17:29:28.9063947Z [1m[92m   Compiling[0m cc v1.4.3
Linux build and workspace tests	Build and run workspace tests	2026-10-07T17:29:28.9163526Z [1m[92m   Compiling[0m allocator-api2 v0.2.21
Linux build and workspace tests	Build and run workspace tests	2026-10-07T17:29:29.2225770Z [1m[92m   Compiling[0m once_cell v1.21.4
Linux build and workspace tests	Build and run workspace tests	2026-10-07T17:29:29.4123670Z [1m[92m   Compiling[0m pin-project-lite v0.2.16
Linux build and workspace tests	Build and run workspace tests	2026-10-07T17:29:29.4723593Z [1m[92m   Compiling[0m autocfg v1.5.0
Linux build and workspace tests	Build and run workspace tests	2026-10-07T17:29:29.8343955Z [1m[92m   Compiling[0m version_check v0.9.5
Linux build and workspace tests	Build and run workspace tests	2026-10-07T17:29:30.0913774Z [1m[92m   Compiling[0m foldhash v0.2.0
Linux build and workspace tests	Build and run workspace tests	2026-10-07T17:29:30.2723688Z [1m[92m   Compiling[0m futures-core v0.3.34
Linux build and workspace tests	Build and run workspace tests	2026-10-07T17:29:30.3792954Z [1m[92m   Compiling[0m libm v0.2.16
Linux build and workspace tests	Build and run workspace tests	2026-10-07T17:29:30.4003588Z [1m[92m   Compiling[0m bitflags v2.13.1
Linux build and workspace tests	Build and run workspace tests	2026-10-07T17:29:30.6064001Z [1m[92m   Compiling[0m hashbrown v0.17.1
Linux build and workspace tests	Build and run workspace tests	2026-10-07T17:29:31.2543655Z [1m[92m   Compiling[0m scopeguard v1.2.0
Linux build and workspace tests	Build and run workspace tests	2026-10-07T17:29:31.3229453Z [1m[92m   Compiling[0m indexmap v2.14.0
Linux build and workspace tests	Build and run workspace tests	2026-10-07T17:29:31.8133885Z [1m[92m   Compiling[0m pkg-config v0.3.32
Linux build and workspace tests	Build and run workspace tests	2026-10-07T17:29:32.1213684Z [1m[92m   Compiling[0m futures-io v0.3.34
Linux build and workspace tests	Build and run workspace tests	2026-10-07T17:29:32.2737515Z [1m[92m   Compiling[0m zmij v1.0.23
Linux build and workspace tests	Build and run workspace tests	2026-10-07T17:29:32.3224223Z [1m[92m   Compiling[0m slab v0.4.11
Linux build and workspace tests	Build and run workspace tests	2026-10-07T17:29:32.4583838Z [1m[92m   Compiling[0m subtle v2.6.1
Linux build and workspace tests	Build and run workspace tests	2026-10-07T17:29:32.8303792Z [1m[92m   Compiling[0m linux-raw-sys v0.12.1
Linux build and workspace tests	Build and run workspace tests	2026-10-07T17:29:33.2170617Z [1m[92m   Compiling[0m lock_api v0.4.14
Linux build and workspace tests	Build and run workspace tests	2026-10-07T17:29:33.4843994Z [1m[92m   Compiling[0m fnv v1.0.7
Linux build and workspace tests	Build and run workspace tests	2026-10-07T17:29:33.5443732Z [1m[92m   Compiling[0m futures-sink v0.3.34
Linux build and workspace tests	Build and run workspace tests	2026-10-07T17:29:33.6123631Z [1m[92m   Compiling[0m typenum v1.19.0
Linux build and workspace tests	Build and run workspace tests	2026-10-07T17:29:33.8983622Z [1m[92m   Compiling[0m generic-array v0.14.7
Linux build and workspace tests	Build and run workspace tests	2026-10-07T17:29:34.1193836Z [1m[92m   Compiling[0m bytes v1.11.1
Linux build and workspace tests	Build and run workspace tests	2026-10-07T17:29:35.1797790Z [1m[92m   Compiling[0m crypto-common v0.1.6
Linux build and workspace tests	Build and run workspace tests	2026-10-07T17:29:35.2543749Z [1m[92m   Compiling[0m anyhow v1.0.104
Linux build and workspace tests	Build and run workspace tests	2026-10-07T17:29:35.3874338Z [1m[92m   Compiling[0m num-traits v0.2.19
Linux build and workspace tests	Build and run workspace tests	2026-10-07T17:29:35.5763141Z [1m[92m   Compiling[0m block-buffer v0.10.4
Linux build and workspace tests	Build and run workspace tests	2026-10-07T17:29:35.8613611Z [1m[92m   Compiling[0m futures-channel v0.3.34
Linux build and workspace tests	Build and run workspace tests	2026-10-07T17:29:36.0496506Z [1m[92m   Compiling[0m futures-task v0.3.34
Linux build and workspace tests	Build and run workspace tests	2026-10-07T17:29:36.2096739Z [1m[92m   Compiling[0m fastrand v2.3.0
Linux build and workspace tests	Build and run workspace tests	2026-10-07T17:29:36.3733851Z [1m[92m   Compiling[0m regex-syntax v0.8.11
Linux build and workspace tests	Build and run workspace tests	2026-10-07T17:29:36.4143773Z [1m[92m   Compiling[0m parking_lot_core v0.9.12
Linux build and workspace tests	Build and run workspace tests	2026-10-07T17:29:36.6078235Z [1m[92m   Compiling[0m crossbeam-utils v0.8.21
Linux build and workspace tests	Build and run workspace tests	2026-10-07T17:29:37.3123901Z [1m[92m   Compiling[0m zerocopy v0.8.27
Linux build and workspace tests	Build and run workspace tests	2026-10-07T17:29:37.6443680Z [1m[92m   Compiling[0m aho-corasick v1.1.3
Linux build and workspace tests	Build and run workspace tests	2026-10-07T17:29:38.7307737Z [1m[92m   Compiling[0m regex-automata v0.4.18
Linux build and workspace tests	Build and run workspace tests	2026-10-07T17:29:39.3084100Z [1m[92m   Compiling[0m synstructure v0.13.2
Linux build and workspace tests	Build and run workspace tests	2026-10-07T17:29:39.9783745Z [1m[92m   Compiling[0m serde_json v1.0.151
Linux build and workspace tests	Build and run workspace tests	2026-10-07T17:29:43.1252567Z [1m[92m   Compiling[0m cpufeatures v0.2.17
Linux build and workspace tests	Build and run workspace tests	2026-10-07T17:29:43.1813733Z [1m[92m   Compiling[0m rustix v1.1.4
Linux build and workspace tests	Build and run workspace tests	2026-10-07T17:29:43.4393850Z [1m[92m   Compiling[0m thiserror v2.0.17
Linux build and workspace tests	Build and run workspace tests	2026-10-07T17:29:45.2083401Z [1m[92m   Compiling[0m getrandom v0.3.4
Linux build and workspace tests	Build and run workspace tests	2026-10-07T17:29:45.4373745Z [1m[92m   Compiling[0m const-oid v0.9.6
Linux build and workspace tests	Build and run workspace tests	2026-10-07T17:29:45.8163589Z [1m[92m   Compiling[0m heck v0.5.0
Linux build and workspace tests	Build and run workspace tests	2026-10-07T17:29:46.0330497Z [1m[92m   Compiling[0m percent-encoding v2.3.2
Linux build and workspace tests	Build and run workspace tests	2026-10-07T17:29:46.2073668Z [1m[92m   Compiling[0m signal-hook-registry v1.4.6
Linux build and workspace tests	Build and run workspace tests	2026-10-07T17:29:46.4953706Z [1m[92m   Compiling[0m digest v0.10.7
Linux build and workspace tests	Build and run workspace tests	2026-10-07T17:29:46.6893598Z [1m[92m   Compiling[0m tracing-core v0.1.35
Linux build and workspace tests	Build and run workspace tests	2026-10-07T17:29:47.1993559Z [1m[92m   Compiling[0m utf8_iter v1.0.4
Linux build and workspace tests	Build and run workspace tests	2026-10-07T17:29:47.3523790Z [1m[92m   Compiling[0m icu_properties_data v2.3.0
Linux build and workspace tests	Build and run workspace tests	2026-10-07T17:29:47.4763636Z [1m[92m   Compiling[0m icu_normalizer_data v2.3.0
Linux build and workspace tests	Build and run workspace tests	2026-10-07T17:29:47.6563617Z [1m[92m   Compiling[0m crc32fast v1.5.0
Linux build and workspace tests	Build and run workspace tests	2026-10-07T17:29:48.0511647Z [1m[92m   Compiling[0m form_urlencoded v1.2.2
Linux build and workspace tests	Build and run workspace tests	2026-10-07T17:29:48.3723685Z [1m[92m   Compiling[0m regex v1.12.3
Linux build and workspace tests	Build and run workspace tests	2026-10-07T17:29:48.9492359Z [1m[92m   Compiling[0m dunce v1.0.5
Linux build and workspace tests	Build and run workspace tests	2026-10-07T17:29:49.0149641Z [1m[92m   Compiling[0m atomic-waker v1.1.2
Linux build and workspace tests	Build and run workspace tests	2026-10-07T17:29:49.1493590Z [1m[92m   Compiling[0m ryu v1.0.23
Linux build and workspace tests	Build and run workspace tests	2026-10-07T17:29:49.3147392Z [1m[92m   Compiling[0m http v1.3.1
Linux build and workspace tests	Build and run workspace tests	2026-10-07T17:29:50.2793844Z [1m[92m   Compiling[0m stable_deref_trait v1.2.1
Linux build and workspace tests	Build and run workspace tests	2026-10-07T17:29:50.3423624Z [1m[92m   Compiling[0m parking v2.2.1
Linux build and workspace tests	Build and run workspace tests	2026-10-07T17:29:50.4703759Z [1m[92m   Compiling[0m sha2 v0.10.9
Linux build and workspace tests	Build and run workspace tests	2026-10-07T17:29:50.8333623Z [1m[92m   Compiling[0m simd-adler32 v0.3.7
Linux build and workspace tests	Build and run workspace tests	2026-10-07T17:29:51.0523671Z [1m[92m   Compiling[0m concurrent-queue v2.5.0
Linux build and workspace tests	Build and run workspace tests	2026-10-07T17:29:51.2153673Z [1m[92m   Compiling[0m adler2 v2.0.1
Linux build and workspace tests	Build and run workspace tests	2026-10-07T17:29:51.3124201Z [1m[92m   Compiling[0m miniz_oxide v0.8.9
Linux build and workspace tests	Build and run workspace tests	2026-10-07T17:29:53.3114232Z [1m[92m   Compiling[0m http-body v1.0.1
Linux build and workspace tests	Build and run workspace tests	2026-10-07T17:29:53.4183690Z [1m[92m   Compiling[0m rustc-hash v2.1.1
Linux build and workspace tests	Build and run workspace tests	2026-10-07T17:29:53.4953560Z [1m[92m   Compiling[0m writeable v0.6.4
Linux build and workspace tests	Build and run workspace tests	2026-10-07T17:29:53.5519449Z [1m[92m   Compiling[0m litemap v0.8.0
Linux build and workspace tests	Build and run workspace tests	2026-10-07T17:29:53.7303965Z [1m[92m   Compiling[0m event-listener v5.4.1
Linux build and workspace tests	Build and run workspace tests	2026-10-07T17:29:53.7923680Z [1m[92m   Compiling[0m write16 v1.0.0
Linux build and workspace tests	Build and run workspace tests	2026-10-07T17:29:53.8663818Z [1m[92m   Compiling[0m utf16_iter v1.0.5
Linux build and workspace tests	Build and run workspace tests	2026-10-07T17:29:53.9713728Z [1m[92m   Compiling[0m flate2 v1.1.8
Linux build and workspace tests	Build and run workspace tests	2026-10-07T17:29:53.9893559Z [1m[92m   Compiling[0m base64 v0.22.1
Linux build and workspace tests	Build and run workspace tests	2026-10-07T17:29:54.3144646Z [1m[92m   Compiling[0m semver v1.0.28
Linux build and workspace tests	Build and run workspace tests	2026-10-07T17:29:54.3974011Z [1m[92m   Compiling[0m futures-lite v2.6.1
Linux build and workspace tests	Build and run workspace tests	2026-10-07T17:29:54.6394536Z [1m[92m   Compiling[0m async-task v4.7.1 (https://github.com/smol-rs/async-task.git?rev=b4486cd71e4e94fbda54ce6302444de14f4d190e#b4486cd7)
Linux build and workspace tests	Build and run workspace tests	2026-10-07T17:29:54.8643839Z [1m[92m   Compiling[0m event-listener-strategy v0.5.4
Linux build and workspace tests	Build and run workspace tests	2026-10-07T17:29:55.1437221Z [1m[92m   Compiling[0m async-channel v2.5.0
Linux build and workspace tests	Build and run workspace tests	2026-10-07T17:29:55.2016805Z [1m[92m   Compiling[0m zstd-sys v2.0.16+zstd.1.5.7
Linux build and workspace tests	Build and run workspace tests	2026-10-07T17:29:55.3222287Z [1m[92m   Compiling[0m hashbrown v0.16.1
Linux build and workspace tests	Build and run workspace tests	2026-10-07T17:29:55.5763716Z [1m[92m   Compiling[0m sha1_smol v1.0.1
Linux build and workspace tests	Build and run workspace tests	2026-10-07T17:29:56.3223757Z [1m[92m   Compiling[0m rand_core v0.9.3
Linux build and workspace tests	Build and run workspace tests	2026-10-07T17:29:56.5043081Z [1m[92m   Compiling[0m async-io v2.6.0
Linux build and workspace tests	Build and run workspace tests	2026-10-07T17:29:56.6144265Z [1m[92m   Compiling[0m getrandom v0.2.16
Linux build and workspace tests	Build and run workspace tests	2026-10-07T17:29:56.7967470Z [1m[92m   Compiling[0m unicode-segmentation v1.13.3
Linux build and workspace tests	Build and run workspace tests	2026-10-07T17:29:57.2772747Z [1m[92m   Compiling[0m same-file v1.0.6
Linux build and workspace tests	Build and run workspace tests	2026-10-07T17:29:57.4148606Z [1m[92m   Compiling[0m walkdir v2.5.0
Linux build and workspace tests	Build and run workspace tests	2026-10-07T17:29:57.6764938Z [1m[92m   Compiling[0m unicase v2.8.1
Linux build and workspace tests	Build and run workspace tests	2026-10-07T17:29:57.8583754Z [1m[92m   Compiling[0m ref-cast v1.0.25
Linux build and workspace tests	Build and run workspace tests	2026-10-07T17:29:58.0979966Z [1m[92m   Compiling[0m piper v0.2.4
Linux build and workspace tests	Build and run workspace tests	2026-10-07T17:29:58.2638164Z [1m[92m   Compiling[0m cfg_aliases v0.2.1
Linux build and workspace tests	Build and run workspace tests	2026-10-07T17:29:58.3130191Z [1m[92m   Compiling[0m iana-time-zone v0.1.64
Linux build and workspace tests	Build and run workspace tests	2026-10-07T17:29:58.4877452Z [1m[92m   Compiling[0m polling v3.11.0
Linux build and workspace tests	Build and run workspace tests	2026-10-07T17:29:58.6495406Z [1m[92m   Compiling[0m rand_core v0.10.1
Linux build and workspace tests	Build and run workspace tests	2026-10-07T17:29:58.7266673Z [1m[92m   Compiling[0m getrandom v0.4.1
Linux build and workspace tests	Build and run workspace tests	2026-10-07T17:29:58.8790614Z [1m[92m   Compiling[0m blocking v1.6.2
Linux build and workspace tests	Build and run workspace tests	2026-10-07T17:29:59.0911753Z [1m[92m   Compiling[0m async-lock v3.4.2
Linux build and workspace tests	Build and run workspace tests	2026-10-07T17:29:59.5662883Z [1m[92m   Compiling[0m serde_derive_internals v0.29.1
Linux build and workspace tests	Build and run workspace tests	2026-10-07T17:30:00.6642875Z [1m[92m   Compiling[0m zerocopy-derive v0.8.27
Linux build and workspace tests	Build and run workspace tests	2026-10-07T17:30:00.7274115Z [1m[92m   Compiling[0m zerofrom-derive v0.1.6
Linux build and workspace tests	Build and run workspace tests	2026-10-07T17:30:00.9673717Z [1m[92m   Compiling[0m serde_derive v1.0.229
Linux build and workspace tests	Build and run workspace tests	2026-10-07T17:30:01.6913826Z [1m[92m   Compiling[0m futures-macro v0.3.34
Linux build and workspace tests	Build and run workspace tests	2026-10-07T17:30:02.3316510Z [1m[92m   Compiling[0m futures-util v0.3.34
Linux build and workspace tests	Build and run workspace tests	2026-10-07T17:30:03.5383812Z [1m[92m   Compiling[0m thiserror-impl v2.0.17
Linux build and workspace tests	Build and run workspace tests	2026-10-07T17:30:04.5518418Z [1m[92m   Compiling[0m serde_fmt v1.0.3
Linux build and workspace tests	Build and run workspace tests	2026-10-07T17:30:04.6753873Z [1m[92m   Compiling[0m value-bag-serde1 v1.12.0
Linux build and workspace tests	Build and run workspace tests	2026-10-07T17:30:04.7251172Z [1m[92m   Compiling[0m value-bag v1.12.0
Linux build and workspace tests	Build and run workspace tests	2026-10-07T17:30:04.7975610Z [1m[92m   Compiling[0m smallvec v1.16.1
Linux build and workspace tests	Build and run workspace tests	2026-10-07T17:30:04.9668832Z [1m[92m   Compiling[0m either v1.15.0
Linux build and workspace tests	Build and run workspace tests	2026-10-07T17:30:04.9813330Z [1m[92m   Compiling[0m log v0.4.29
Linux build and workspace tests	Build and run workspace tests	2026-10-07T17:30:05.1768916Z [1m[92m   Compiling[0m yoke-derive v0.8.2
Linux build and workspace tests	Build and run workspace tests	2026-10-07T17:30:05.3434125Z [1m[92m   Compiling[0m zerovec-derive v0.11.5
Linux build and workspace tests	Build and run workspace tests	2026-10-07T17:30:05.3719658Z [1m[92m   Compiling[0m displaydoc v0.2.5
Linux build and workspace tests	Build and run workspace tests	2026-10-07T17:30:05.9673698Z [1m[92m   Compiling[0m parking_lot v0.12.5
Linux build and workspace tests	Build and run workspace tests	2026-10-07T17:30:06.0513974Z [1m[92m   Compiling[0m tracing-attributes v0.1.31
Linux build and workspace tests	Build and run workspace tests	2026-10-07T17:30:06.3253896Z [1m[92m   Compiling[0m ppv-lite86 v0.2.21
Linux build and workspace tests	Build and run workspace tests	2026-10-07T17:30:06.3683820Z [1m[92m   Compiling[0m zerofrom v0.1.6
Linux build and workspace tests	Build and run workspace tests	2026-10-07T17:30:06.4603685Z [1m[92m   Compiling[0m yoke v0.8.3
Linux build and workspace tests	Build and run workspace tests	2026-10-07T17:30:06.6261270Z [1m[92m   Compiling[0m zerovec v0.11.8
Linux build and workspace tests	Build and run workspace tests	2026-10-07T17:30:06.6417541Z [1m[92m   Compiling[0m zerotrie v0.2.5
Linux build and workspace tests	Build and run workspace tests	2026-10-07T17:30:07.0981078Z [1m[92m   Compiling[0m tracing v0.1.43
Linux build and workspace tests	Build and run workspace tests	2026-10-07T17:30:07.2443685Z [1m[92m   Compiling[0m futures-executor v0.3.34
Linux build and workspace tests	Build and run workspace tests	2026-10-07T17:30:07.3567973Z [1m[92m   Compiling[0m itertools v0.14.0
Linux build and workspace tests	Build and run workspace tests	2026-10-07T17:30:07.4640481Z [1m[92m   Compiling[0m futures v0.3.34
Linux build and workspace tests	Build and run workspace tests	2026-10-07T17:30:07.5134004Z [1m[92m   Compiling[0m tinystr v0.8.4
Linux build and workspace tests	Build and run workspace tests	2026-10-07T17:30:07.5684812Z [1m[92m   Compiling[0m potential_utf v0.1.3
Linux build and workspace tests	Build and run workspace tests	2026-10-07T17:30:07.6744304Z [1m[92m   Compiling[0m icu_locale_core v2.3.0
Linux build and workspace tests	Build and run workspace tests	2026-10-07T17:30:07.7173819Z [1m[92m   Compiling[0m icu_collections v2.3.0
Linux build and workspace tests	Build and run workspace tests	2026-10-07T17:30:08.2186758Z [1m[92m   Compiling[0m uuid v1.18.1
Linux build and workspace tests	Build and run workspace tests	2026-10-07T17:30:08.6215350Z [1m[92m   Compiling[0m icu_provider v2.3.0
Linux build and workspace tests	Build and run workspace tests	2026-10-07T17:30:08.6453695Z [1m[92m   Compiling[0m serde_urlencoded v0.7.1
Linux build and workspace tests	Build and run workspace tests	2026-10-07T17:30:08.8582306Z [1m[92m   Compiling[0m rand_chacha v0.9.0
Linux build and workspace tests	Build and run workspace tests	2026-10-07T17:30:09.0917858Z [1m[92m   Compiling[0m icu_normalizer v2.3.0
Linux build and workspace tests	Build and run workspace tests	2026-10-07T17:30:09.1269470Z [1m[92m   Compiling[0m icu_properties v2.3.0
Linux build and workspace tests	Build and run workspace tests	2026-10-07T17:30:09.2245422Z [1m[92m   Compiling[0m rand v0.9.4
Linux build and workspace tests	Build and run workspace tests	2026-10-07T17:30:09.6934147Z [1m[92m   Compiling[0m gpui_util v0.1.0 (/home/runner/work/koda/koda/crates/gpui_util)
Linux build and workspace tests	Build and run workspace tests	2026-10-07T17:30:09.8032164Z [1m[92m   Compiling[0m ref-cast-impl v1.0.25
Linux build and workspace tests	Build and run workspace tests	2026-10-07T17:30:09.8853754Z [1m[92m   Compiling[0m chrono v0.4.42
Linux build and workspace tests	Build and run workspace tests	2026-10-07T17:30:10.2904289Z [1m[92m   Compiling[0m idna_adapter v1.2.1
Linux build and workspace tests	Build and run workspace tests	2026-10-07T17:30:10.3644701Z [1m[92m   Compiling[0m idna v1.1.0
Linux build and workspace tests	Build and run workspace tests	2026-10-07T17:30:10.4278469Z [1m[92m   Compiling[0m pin-project-internal v1.1.10
Linux build and workspace tests	Build and run workspace tests	2026-10-07T17:30:10.8524670Z [1m[92m   Compiling[0m url v2.5.7
Linux build and workspace tests	Build and run workspace tests	2026-10-07T17:30:11.2576599Z [1m[92m   Compiling[0m schemars_derive v1.0.4
Linux build and workspace tests	Build and run workspace tests	2026-10-07T17:30:11.4396788Z [1m[92m   Compiling[0m pin-project v1.1.10
Linux build and workspace tests	Build and run workspace tests	2026-10-07T17:30:11.4951220Z [1m[92m   Compiling[0m dyn-clone v1.0.20
Linux build and workspace tests	Build and run workspace tests	2026-10-07T17:30:11.5878664Z [1m[92m   Compiling[0m memoffset v0.9.1
Linux build and workspace tests	Build and run workspace tests	2026-10-07T17:30:11.7493689Z [1m[92m   Compiling[0m async-executor v1.13.3
Linux build and workspace tests	Build and run workspace tests	2026-10-07T17:30:11.9341097Z [1m[92m   Compiling[0m tempfile v3.27.0
Linux build and workspace tests	Build and run workspace tests	2026-10-07T17:30:12.0775385Z [1m[92m   Compiling[0m arrayvec v0.7.6
Linux build and workspace tests	Build and run workspace tests	2026-10-07T17:30:12.1883777Z [1m[92m   Compiling[0m winnow v0.7.13
Linux build and workspace tests	Build and run workspace tests	2026-10-07T17:30:12.2664311Z [1m[92m   Compiling[0m collections v0.1.0 (/home/runner/work/koda/koda/crates/collections)
Linux build and workspace tests	Build and run workspace tests	2026-10-07T17:30:12.3078663Z [1m[92m   Compiling[0m option-ext v0.2.0
Linux build and workspace tests	Build and run workspace tests	2026-10-07T17:30:12.3403931Z [1m[92m   Compiling[0m siphasher v1.0.1
Linux build and workspace tests	Build and run workspace tests	2026-10-07T17:30:12.3673666Z [1m[92m   Compiling[0m byteorder v1.5.0
Linux build and workspace tests	Build and run workspace tests	2026-10-07T17:30:12.5153637Z [1m[92m   Compiling[0m libbz2-rs-sys v0.2.2
Linux build and workspace tests	Build and run workspace tests	2026-10-07T17:30:12.5594585Z [1m[92m   Compiling[0m dirs-sys v0.5.0
Linux build and workspace tests	Build and run workspace tests	2026-10-07T17:30:12.6757005Z [1m[92m   Compiling[0m async-signal v0.2.13
Linux build and workspace tests	Build and run workspace tests	2026-10-07T17:30:12.8463909Z [1m[92m   Compiling[0m spin v0.9.8
Linux build and workspace tests	Build and run workspace tests	2026-10-07T17:30:12.9304000Z [1m[92m   Compiling[0m no_std_io2 v0.9.4
Linux build and workspace tests	Build and run workspace tests	2026-10-07T17:30:12.9853613Z [1m[92m   Compiling[0m deflate64 v0.1.10
Linux build and workspace tests	Build and run workspace tests	2026-10-07T17:30:13.0363835Z [1m[92m   Compiling[0m rayon-core v1.13.0
Linux build and workspace tests	Build and run workspace tests	2026-10-07T17:30:13.1443698Z [1m[92m   Compiling[0m bzip2 v0.6.1
Linux build and workspace tests	Build and run workspace tests	2026-10-07T17:30:13.2533560Z [1m[92m   Compiling[0m strsim v0.11.1
Linux build and workspace tests	Build and run workspace tests	2026-10-07T17:30:13.2823186Z [1m[92m   Compiling[0m compression-core v0.4.29
Linux build and workspace tests	Build and run workspace tests	2026-10-07T17:30:13.3393738Z [1m[92m   Compiling[0m rle-decode-fast v1.0.3
Linux build and workspace tests	Build and run workspace tests	2026-10-07T17:30:13.3753920Z [1m[92m   Compiling[0m compression-codecs v0.4.31
Linux build and workspace tests	Build and run workspace tests	2026-10-07T17:30:13.4617214Z [1m[92m   Compiling[0m async-process v2.5.0 (https://github.com/zed-industries/async-process.git?rev=0b6d6713570af61806e1e5cb40e0f757cb93fd9d#0b6d6713)
Linux build and workspace tests	Build and run workspace tests	2026-10-07T17:30:13.5927745Z [1m[92m   Compiling[0m dirs v6.0.0
Linux build and workspace tests	Build and run workspace tests	2026-10-07T17:30:13.6194497Z [1m[92m   Compiling[0m zstd-safe v7.3.0
Linux build and workspace tests	Build and run workspace tests	2026-10-07T17:30:13.6703911Z [1m[92m   Compiling[0m async-compression v0.4.32
Linux build and workspace tests	Build and run workspace tests	2026-10-07T17:30:13.7698124Z [1m[92m   Compiling[0m perf v0.1.0 (/home/runner/work/koda/koda/tooling/perf)
Linux build and workspace tests	Build and run workspace tests	2026-10-07T17:30:13.9163682Z [1m[92m   Compiling[0m adler32 v1.2.0
Linux build and workspace tests	Build and run workspace tests	2026-10-07T17:30:13.9823276Z [1m[92m   Compiling[0m thiserror v1.0.69
Linux build and workspace tests	Build and run workspace tests	2026-10-07T17:30:13.9989367Z [1m[92m   Compiling[0m dary_heap v0.3.9
Linux build and workspace tests	Build and run workspace tests	2026-10-07T17:30:14.0444078Z [1m[92m   Compiling[0m unicode-xid v0.2.6
Linux build and workspace tests	Build and run workspace tests	2026-10-07T17:30:14.1372780Z [1m[92m   Compiling[0m util_macros v0.1.0 (/home/runner/work/koda/koda/crates/util_macros)
Linux build and workspace tests	Build and run workspace tests	2026-10-07T17:30:14.1458258Z [1m[92m   Compiling[0m thiserror-impl v1.0.69
Linux build and workspace tests	Build and run workspace tests	2026-10-07T17:30:14.3126642Z [1m[92m   Compiling[0m zstd v0.13.3
Linux build and workspace tests	Build and run workspace tests	2026-10-07T17:30:14.5737009Z [1m[92m   Compiling[0m which v8.0.5
Linux build and workspace tests	Build and run workspace tests	2026-10-07T17:30:14.8310846Z [1m[92m   Compiling[0m libflate_lz77 v2.3.0
Linux build and workspace tests	Build and run workspace tests	2026-10-07T17:30:14.8963681Z [1m[92m   Compiling[0m pin-utils v0.1.0
Linux build and workspace tests	Build and run workspace tests	2026-10-07T17:30:14.9443618Z [1m[92m   Compiling[0m schemars v1.0.4
Linux build and workspace tests	Build and run workspace tests	2026-10-07T17:30:15.0226497Z [1m[92m   Compiling[0m libflate v2.3.1
Linux build and workspace tests	Build and run workspace tests	2026-10-07T17:30:15.5043801Z [1m[92m   Compiling[0m proc-macro-error-attr3 v3.1.1
Linux build and workspace tests	Build and run workspace tests	2026-10-07T17:30:15.7053995Z [1m[92m   Compiling[0m serde_json_lenient v0.2.4
Linux build and workspace tests	Build and run workspace tests	2026-10-07T17:30:15.8024234Z [1m[92m   Compiling[0m proc-macro-error3 v3.1.1
Linux build and workspace tests	Build and run workspace tests	2026-10-07T17:30:15.8643898Z [1m[92m   Compiling[0m include-flate-compress v0.3.4
Linux build and workspace tests	Build and run workspace tests	2026-10-07T17:30:15.9633984Z [1m[92m   Compiling[0m async-fs v2.2.0
Linux build and workspace tests	Build and run workspace tests	2026-10-07T17:30:16.1104443Z [1m[92m   Compiling[0m rand_core v0.6.4
Linux build and workspace tests	Build and run workspace tests	2026-10-07T17:30:16.3034184Z [1m[92m   Compiling[0m bstr v1.12.1
Linux build and workspace tests	Build and run workspace tests	2026-10-07T17:30:16.3241037Z [1m[92m   Compiling[0m include-flate-codegen v0.3.4
Linux build and workspace tests	Build and run workspace tests	2026-10-07T17:30:16.3453520Z [1m[92m   Compiling[0m convert_case v0.10.0
Linux build and workspace tests	Build and run workspace tests	2026-10-07T17:30:16.6163646Z [1m[92m   Compiling[0m anstyle v1.0.13
Linux build and workspace tests	Build and run workspace tests	2026-10-07T17:30:16.7742676Z [1m[92m   Compiling[0m globset v0.4.17
Linux build and workspace tests	Build and run workspace tests	2026-10-07T17:30:16.8164741Z [1m[92m   Compiling[0m derive_more-impl v2.1.1
Linux build and workspace tests	Build and run workspace tests	2026-10-07T17:30:16.8398258Z [1m[92m   Compiling[0m path v0.1.0 (/home/runner/work/koda/koda/crates/path)
Linux build and workspace tests	Build and run workspace tests	2026-10-07T17:30:17.2723960Z [1m[92m   Compiling[0m rust-embed-utils v8.11.0
Linux build and workspace tests	Build and run workspace tests	2026-10-07T17:30:17.4363279Z [1m[92m   Compiling[0m strum_macros v0.28.0
Linux build and workspace tests	Build and run workspace tests	2026-10-07T17:30:18.1533734Z [1m[92m   Compiling[0m rust-embed-impl v8.11.0
Linux build and workspace tests	Build and run workspace tests	2026-10-07T17:30:18.8473940Z [1m[92m   Compiling[0m lazy_static v1.5.0
Linux build and workspace tests	Build and run workspace tests	2026-10-07T17:30:18.9110957Z [1m[92m   Compiling[0m crossbeam-epoch v0.9.18
Linux build and workspace tests	Build and run workspace tests	2026-10-07T17:30:19.4943653Z [1m[92m   Compiling[0m strum v0.28.0
Linux build and workspace tests	Build and run workspace tests	2026-10-07T17:30:19.7423970Z [1m[92m   Compiling[0m nix v0.30.1
Linux build and workspace tests	Build and run workspace tests	2026-10-07T17:30:19.8673792Z [1m[92m   Compiling[0m clap_lex v0.7.6
Linux build and workspace tests	Build and run workspace tests	2026-10-07T17:30:20.0859835Z [1m[92m   Compiling[0m derive_more v2.1.1
Linux build and workspace tests	Build and run workspace tests	2026-10-07T17:30:20.1213703Z [1m[92m   Compiling[0m crossbeam-deque v0.8.6
Linux build and workspace tests	Build and run workspace tests	2026-10-07T17:30:20.1994267Z [1m[92m   Compiling[0m async-net v2.0.0
Linux build and workspace tests	Build and run workspace tests	2026-10-07T17:30:20.2673684Z [1m[92m   Compiling[0m bytemuck_derive v1.10.2
Linux build and workspace tests	Build and run workspace tests	2026-10-07T17:30:20.4433582Z [1m[92m   Compiling[0m shlex v1.3.0
Linux build and workspace tests	Build and run workspace tests	2026-10-07T17:30:20.6643647Z [1m[92m   Compiling[0m smol v2.0.2
Linux build and workspace tests	Build and run workspace tests	2026-10-07T17:30:20.7396928Z [1m[92m   Compiling[0m async_zip v0.0.18
Linux build and workspace tests	Build and run workspace tests	2026-10-07T17:30:20.9033700Z [1m[92m   Compiling[0m filetime v0.2.29
Linux build and workspace tests	Build and run workspace tests	2026-10-07T17:30:21.0823739Z [1m[92m   Compiling[0m include-flate v0.3.4
Linux build and workspace tests	Build and run workspace tests	2026-10-07T17:30:21.4483787Z [1m[92m   Compiling[0m bytemuck v1.24.0
Linux build and workspace tests	Build and run workspace tests	2026-10-07T17:30:21.5004611Z [1m[92m   Compiling[0m rust-embed v8.11.0
Linux build and workspace tests	Build and run workspace tests	2026-10-07T17:30:21.5753709Z [1m[92m   Compiling[0m toml_parser v1.0.4
Linux build and workspace tests	Build and run workspace tests	2026-10-07T17:30:21.7050257Z [1m[92m   Compiling[0m toml_datetime v0.7.3
Linux build and workspace tests	Build and run workspace tests	2026-10-07T17:30:21.9943721Z [1m[92m   Compiling[0m zeroize_derive v1.4.2
Linux build and workspace tests	Build and run workspace tests	2026-10-07T17:30:22.2401321Z [1m[92m   Compiling[0m syn v1.0.109
Linux build and workspace tests	Build and run workspace tests	2026-10-07T17:30:22.6044147Z [1m[92m   Compiling[0m zeroize v1.8.2
Linux build and workspace tests	Build and run workspace tests	2026-10-07T17:30:22.7743210Z [1m[92m   Compiling[0m command-fds v0.3.2
Linux build and workspace tests	Build and run workspace tests	2026-10-07T17:30:23.0013906Z [1m[92m   Compiling[0m util v0.1.0 (/home/runner/work/koda/koda/crates/util)
Linux build and workspace tests	Build and run workspace tests	2026-10-07T17:30:23.2153667Z [1m[92m   Compiling[0m rustc_version v0.4.1
Linux build and workspace tests	Build and run workspace tests	2026-10-07T17:30:23.4758815Z [1m[92m   Compiling[0m utf8parse v0.2.2
Linux build and workspace tests	Build and run workspace tests	2026-10-07T17:30:23.4989315Z [1m[92m   Compiling[0m mio v1.2.0
Linux build and workspace tests	Build and run workspace tests	2026-10-07T17:30:23.5433635Z [1m[92m   Compiling[0m anstyle-parse v0.2.7
Linux build and workspace tests	Build and run workspace tests	2026-10-07T17:30:23.7083886Z [1m[92m   Compiling[0m is_terminal_polyfill v1.70.1
Linux build and workspace tests	Build and run workspace tests	2026-10-07T17:30:23.7655695Z [1m[92m   Compiling[0m colorchoice v1.0.4
Linux build and workspace tests	Build and run workspace tests	2026-10-07T17:30:23.8403942Z [1m[92m   Compiling[0m anstyle-query v1.1.4
Linux build and workspace tests	Build and run workspace tests	2026-10-07T17:30:23.9178055Z [1m[92m   Compiling[0m anstream v0.6.21
Linux build and workspace tests	Build and run workspace tests	2026-10-07T17:30:23.9663492Z [1m[92m   Compiling[0m rayon v1.11.0
Linux build and workspace tests	Build and run workspace tests	2026-10-07T17:30:24.1963858Z [1m[92m   Compiling[0m terminal_size v0.4.3
Linux build and workspace tests	Build and run workspace tests	2026-10-07T17:30:24.3233926Z [1m[92m   Compiling[0m clap_builder v4.5.49
Linux build and workspace tests	Build and run workspace tests	2026-10-07T17:30:24.7823614Z [1m[92m   Compiling[0m clap_derive v4.5.49
Linux build and workspace tests	Build and run workspace tests	2026-10-07T17:30:26.0243379Z [1m[92m   Compiling[0m half v2.7.1
Linux build and workspace tests	Build and run workspace tests	2026-10-07T17:30:26.4673815Z [1m[92m   Compiling[0m event-listener v2.5.3
Linux build and workspace tests	Build and run workspace tests	2026-10-07T17:30:26.5934114Z [1m[92m   Compiling[0m clap v4.5.49
Linux build and workspace tests	Build and run workspace tests	2026-10-07T17:30:26.6454366Z [1m[92m   Compiling[0m async-channel v1.9.0
Linux build and workspace tests	Build and run workspace tests	2026-10-07T17:30:26.6606615Z [1m[92m   Compiling[0m async-global-executor v2.4.1
Linux build and workspace tests	Build and run workspace tests	2026-10-07T17:30:26.7744269Z [1m[92m   Compiling[0m kv-log-macro v1.0.7
Linux build and workspace tests	Build and run workspace tests	2026-10-07T17:30:26.8872171Z [1m[92m   Compiling[0m fixedbitset v0.5.7
Linux build and workspace tests	Build and run workspace tests	2026-10-07T17:30:27.1177469Z [1m[92m   Compiling[0m smol_str v0.3.6
Linux build and workspace tests	Build and run workspace tests	2026-10-07T17:30:27.1723940Z [1m[92m   Compiling[0m xattr v1.6.1
Linux build and workspace tests	Build and run workspace tests	2026-10-07T17:30:27.3413693Z [1m[92m   Compiling[0m crossbeam-queue v0.3.12
Linux build and workspace tests	Build and run workspace tests	2026-10-07T17:30:27.4113039Z [1m[92m   Compiling[0m bitflags v1.3.2
Linux build and workspace tests	Build and run workspace tests	2026-10-07T17:30:27.4452326Z [1m[92m   Compiling[0m thread_local v1.1.9
Linux build and workspace tests	Build and run workspace tests	2026-10-07T17:30:27.4622206Z [1m[92m   Compiling[0m tinyvec_macros v0.1.1
Linux build and workspace tests	Build and run workspace tests	2026-10-07T17:30:27.4744100Z [1m[92m   Compiling[0m memmap2 v0.9.8
Linux build and workspace tests	Build and run workspace tests	2026-10-07T17:30:27.5143607Z [1m[92m   Compiling[0m tinyvec v1.10.0
Linux build and workspace tests	Build and run workspace tests	2026-10-07T17:30:27.6554272Z [1m[92m   Compiling[0m nu-ansi-term v0.50.3
Linux build and workspace tests	Build and run workspace tests	2026-10-07T17:30:27.6680851Z [1m[92m   Compiling[0m unicode-properties v0.1.3
Linux build and workspace tests	Build and run workspace tests	2026-10-07T17:30:27.8415879Z [1m[92m   Compiling[0m tracing-log v0.2.0
Linux build and workspace tests	Build and run workspace tests	2026-10-07T17:30:27.8694186Z [1m[92m   Compiling[0m serde_spanned v1.0.3
Linux build and workspace tests	Build and run workspace tests	2026-10-07T17:30:27.9323721Z [1m[92m   Compiling[0m toml_writer v1.0.4
Linux build and workspace tests	Build and run workspace tests	2026-10-07T17:30:27.9903684Z [1m[92m   Compiling[0m static_assertions v1.1.0
Linux build and workspace tests	Build and run workspace tests	2026-10-07T17:30:28.0603828Z [1m[92m   Compiling[0m rustc-demangle v0.1.26
Linux build and workspace tests	Build and run workspace tests	2026-10-07T17:30:28.1153678Z [1m[92m   Compiling[0m unicode-bidi v0.3.18
Linux build and workspace tests	Build and run workspace tests	2026-10-07T17:30:28.1334324Z [1m[92m   Compiling[0m core_maths v0.1.1
Linux build and workspace tests	Build and run workspace tests	2026-10-07T17:30:28.2003994Z [1m[92m   Compiling[0m gpui_shared_string v0.1.0 (/home/runner/work/koda/koda/crates/gpui_shared_string)
Linux build and workspace tests	Build and run workspace tests	2026-10-07T17:30:28.3092989Z [1m[92m   Compiling[0m rand_chacha v0.3.1
Linux build and workspace tests	Build and run workspace tests	2026-10-07T17:30:28.4768347Z [1m[92m   Compiling[0m euclid v0.22.14
Linux build and workspace tests	Build and run workspace tests	2026-10-07T17:30:28.6813879Z [1m[92m   Compiling[0m ztracing v0.1.0 (/home/runner/work/koda/koda/crates/ztracing)
Linux build and workspace tests	Build and run workspace tests	2026-10-07T17:30:28.7383764Z [1m[92m   Compiling[0m rand v0.8.6
Linux build and workspace tests	Build and run workspace tests	2026-10-07T17:30:28.8382659Z [1m[92m   Compiling[0m fdeflate v0.3.7
Linux build and workspace tests	Build and run workspace tests	2026-10-07T17:30:29.1325318Z [1m[92m   Compiling[0m ciborium-io v0.2.2
Linux build and workspace tests	Build and run workspace tests	2026-10-07T17:30:29.1942732Z [1m[92m   Compiling[0m heapless v0.9.2
Linux build and workspace tests	Build and run workspace tests	2026-10-07T17:30:29.2934066Z [1m[92m   Compiling[0m object v0.37.3
Linux build and workspace tests	Build and run workspace tests	2026-10-07T17:30:29.4119675Z [1m[92m   Compiling[0m ztracing_macro v0.1.0 (/home/runner/work/koda/koda/crates/ztracing_macro)
Linux build and workspace tests	Build and run workspace tests	2026-10-07T17:30:29.4925671Z [1m[92m   Compiling[0m ciborium-ll v0.2.2
Linux build and workspace tests	Build and run workspace tests	2026-10-07T17:30:29.5504009Z [1m[92m   Compiling[0m hash32 v0.3.1
Linux build and workspace tests	Build and run workspace tests	2026-10-07T17:30:29.5824414Z [1m[92m   Compiling[0m polycool v0.4.0
Linux build and workspace tests	Build and run workspace tests	2026-10-07T17:30:29.6803798Z [1m[92m   Compiling[0m slotmap v1.0.7
Linux build and workspace tests	Build and run workspace tests	2026-10-07T17:30:29.6953638Z [1m[92m   Compiling[0m ciborium v0.2.2
Linux build and workspace tests	Build and run workspace tests	2026-10-07T17:30:29.8677666Z [1m[92m   Compiling[0m kurbo v0.13.1
Linux build and workspace tests	Build and run workspace tests	2026-10-07T17:30:30.3174302Z [1m[92m   Compiling[0m ttf-parser v0.25.1
Linux build and workspace tests	Build and run workspace tests	2026-10-07T17:30:31.1703745Z [1m[92m   Compiling[0m toml v0.9.8
Linux build and workspace tests	Build and run workspace tests	2026-10-07T17:30:32.4868191Z [1m[92m   Compiling[0m convert_case v0.11.0
Linux build and workspace tests	Build and run workspace tests	2026-10-07T17:30:32.7673639Z [1m[92m   Compiling[0m alloca v0.4.0
Linux build and workspace tests	Build and run workspace tests	2026-10-07T17:30:32.7903601Z [1m[92m   Compiling[0m bit-vec v0.8.0
Linux build and workspace tests	Build and run workspace tests	2026-10-07T17:30:32.9123544Z [1m[92m   Compiling[0m quick-error v2.0.1
Linux build and workspace tests	Build and run workspace tests	2026-10-07T17:30:32.9698661Z [1m[92m   Compiling[0m zune-core v0.5.1
Linux build and workspace tests	Build and run workspace tests	2026-10-07T17:30:33.0144302Z [1m[92m   Compiling[0m weezl v0.1.10
Linux build and workspace tests	Build and run workspace tests	2026-10-07T17:30:33.1980919Z [1m[92m   Compiling[0m plotters-backend v0.3.7
Linux build and workspace tests	Build and run workspace tests	2026-10-07T17:30:33.2534436Z [1m[92m   Compiling[0m zune-jpeg v0.5.15
Linux build and workspace tests	Build and run workspace tests	2026-10-07T17:30:33.4423889Z [1m[92m   Compiling[0m plotters-svg v0.3.7
Linux build and workspace tests	Build and run workspace tests	2026-10-07T17:30:33.4753694Z [1m[92m   Compiling[0m bit-set v0.8.0
Linux build and workspace tests	Build and run workspace tests	2026-10-07T17:30:33.6263646Z [1m[92m   Compiling[0m svgtypes v0.16.1
Linux build and workspace tests	Build and run workspace tests	2026-10-07T17:30:34.1229001Z [1m[92m   Compiling[0m perf-event-open-sys2 v5.0.6
Linux build and workspace tests	Build and run workspace tests	2026-10-07T17:30:34.3123589Z [1m[92m   Compiling[0m itertools v0.13.0
Linux build and workspace tests	Build and run workspace tests	2026-10-07T17:30:34.3353029Z [1m[92m   Compiling[0m wait-timeout v0.2.1
Linux build and workspace tests	Build and run workspace tests	2026-10-07T17:30:34.4103668Z [1m[92m   Compiling[0m page_size v0.6.0
Linux build and workspace tests	Build and run workspace tests	2026-10-07T17:30:34.4833618Z [1m[92m   Compiling[0m cast v0.3.0
Linux build and workspace tests	Build and run workspace tests	2026-10-07T17:30:34.5473507Z [1m[92m   Compiling[0m c-enum v0.2.3
Linux build and workspace tests	Build and run workspace tests	2026-10-07T17:30:34.6053743Z [1m[92m   Compiling[0m color_quant v1.1.0
Linux build and workspace tests	Build and run workspace tests	2026-10-07T17:30:34.6373315Z [1m[92m   Compiling[0m float-cmp v0.9.0
Linux build and workspace tests	Build and run workspace tests	2026-10-07T17:30:34.7384371Z [1m[92m   Compiling[0m unicode-script v0.5.8
Linux build and workspace tests	Build and run workspace tests	2026-10-07T17:30:34.7846763Z [1m[92m   Compiling[0m byteorder-lite v0.1.0
Linux build and workspace tests	Build and run workspace tests	2026-10-07T17:30:35.0158425Z [1m[92m   Compiling[0m quick-error v1.2.3
Linux build and workspace tests	Build and run workspace tests	2026-10-07T17:30:35.0754180Z [1m[92m   Compiling[0m roxmltree v0.20.0
Linux build and workspace tests	Build and run workspace tests	2026-10-07T17:30:35.0963117Z [1m[92m   Compiling[0m gimli v0.32.3
Linux build and workspace tests	Build and run workspace tests	2026-10-07T17:30:35.6963891Z [1m[92m   Compiling[0m criterion-plot v0.8.2
Linux build and workspace tests	Build and run workspace tests	2026-10-07T17:30:35.7393964Z [1m[92m   Compiling[0m fontconfig-parser v0.5.8
Linux build and workspace tests	Build and run workspace tests	2026-10-07T17:30:36.1213352Z [1m[92m   Compiling[0m image-webp v0.2.4
Linux build and workspace tests	Build and run workspace tests	2026-10-07T17:30:36.3463862Z [1m[92m   Compiling[0m strict-num v0.1.1
Linux build and workspace tests	Build and run workspace tests	2026-10-07T17:30:36.4584237Z [1m[92m   Compiling[0m gif v0.14.2
Linux build and workspace tests	Build and run workspace tests	2026-10-07T17:30:37.0923676Z [1m[92m   Compiling[0m plotters v0.3.7
Linux build and workspace tests	Build and run workspace tests	2026-10-07T17:30:37.3403838Z [1m[92m   Compiling[0m addr2line v0.25.1
Linux build and workspace tests	Build and run workspace tests	2026-10-07T17:30:37.3833645Z [1m[92m   Compiling[0m fax_derive v0.2.0
Linux build and workspace tests	Build and run workspace tests	2026-10-07T17:30:37.6793782Z [1m[92m   Compiling[0m zune-inflate v0.2.54
Linux build and workspace tests	Build and run workspace tests	2026-10-07T17:30:37.8961756Z [1m[92m   Compiling[0m roxmltree v0.21.1
Linux build and workspace tests	Build and run workspace tests	2026-10-07T17:30:37.9383814Z [1m[92m   Compiling[0m raw-window-handle v0.6.2
Linux build and workspace tests	Build and run workspace tests	2026-10-07T17:30:38.1423743Z [1m[92m   Compiling[0m anes v0.1.6
Linux build and workspace tests	Build and run workspace tests	2026-10-07T17:30:38.1703751Z [1m[92m   Compiling[0m unicode-bidi-mirroring v0.4.0
Linux build and workspace tests	Build and run workspace tests	2026-10-07T17:30:38.3252724Z [1m[92m   Compiling[0m oorandom v11.1.5
Linux build and workspace tests	Build and run workspace tests	2026-10-07T17:30:38.3492299Z [1m[92m   Compiling[0m bit_field v0.10.3
Linux build and workspace tests	Build and run workspace tests	2026-10-07T17:30:38.4123697Z [1m[92m   Compiling[0m arrayref v0.3.9
Linux build and workspace tests	Build and run workspace tests	2026-10-07T17:30:38.4553726Z [1m[92m   Compiling[0m unicode-ccc v0.4.0
Linux build and workspace tests	Build and run workspace tests	2026-10-07T17:30:38.4682929Z [1m[92m   Compiling[0m data-url v0.3.2
Linux build and workspace tests	Build and run workspace tests	2026-10-07T17:30:38.5344139Z [1m[92m   Compiling[0m lebe v0.5.3
Linux build and workspace tests	Build and run workspace tests	2026-10-07T17:30:38.6121798Z [1m[92m   Compiling[0m tiny-skia-path v0.11.4
Linux build and workspace tests	Build and run workspace tests	2026-10-07T17:30:38.6884386Z [1m[92m   Compiling[0m fax v0.2.6
Linux build and workspace tests	Build and run workspace tests	2026-10-07T17:30:38.7545348Z [1m[92m   Compiling[0m fontdb v0.23.0
Linux build and workspace tests	Build and run workspace tests	2026-10-07T17:30:38.9427015Z [1m[92m   Compiling[0m proptest-macro v0.5.0 (https://github.com/proptest-rs/proptest?rev=3dca198a8fef1b32e3a66f1e1897c955b4dc5b5b#3dca198a)
Linux build and workspace tests	Build and run workspace tests	2026-10-07T17:30:39.2404062Z [1m[92m   Compiling[0m lyon_geom v1.0.17
Linux build and workspace tests	Build and run workspace tests	2026-10-07T17:30:39.2824113Z [1m[92m   Compiling[0m profiling-procmacros v1.0.17
Linux build and workspace tests	Build and run workspace tests	2026-10-07T17:30:39.5894257Z [1m[92m   Compiling[0m rand_xorshift v0.4.0
Linux build and workspace tests	Build and run workspace tests	2026-10-07T17:30:39.6415401Z [1m[92m   Compiling[0m pxfm v0.1.25
Linux build and workspace tests	Build and run workspace tests	2026-10-07T17:30:39.6563054Z [1m[92m   Compiling[0m unarray v0.1.4
Linux build and workspace tests	Build and run workspace tests	2026-10-07T17:30:39.7163680Z [1m[92m   Compiling[0m profiling v1.0.17
Linux build and workspace tests	Build and run workspace tests	2026-10-07T17:30:39.7313675Z [1m[92m   Compiling[0m lyon_path v1.0.16
Linux build and workspace tests	Build and run workspace tests	2026-10-07T17:30:39.7683683Z [1m[92m   Compiling[0m tiff v0.11.3
Linux build and workspace tests	Build and run workspace tests	2026-10-07T17:30:40.2213682Z [1m[92m   Compiling[0m qoi v0.4.1
Linux build and workspace tests	Build and run workspace tests	2026-10-07T17:30:40.4203788Z [1m[92m   Compiling[0m simplecss v0.2.2
Linux build and workspace tests	Build and run workspace tests	2026-10-07T17:30:40.7995646Z [1m[92m   Compiling[0m enumn v0.1.14
Linux build and workspace tests	Build and run workspace tests	2026-10-07T17:30:41.1743757Z [1m[92m   Compiling[0m xmlwriter v0.1.0
Linux build and workspace tests	Build and run workspace tests	2026-10-07T17:30:41.2733538Z [1m[92m   Compiling[0m pico-args v0.5.0
Linux build and workspace tests	Build and run workspace tests	2026-10-07T17:30:41.3593648Z [1m[92m   Compiling[0m pollster v0.4.0
Linux build and workspace tests	Build and run workspace tests	2026-10-07T17:30:41.4679681Z [1m[92m   Compiling[0m imagesize v0.14.0
Linux build and workspace tests	Build and run workspace tests	2026-10-07T17:30:41.4816345Z [1m[92m   Compiling[0m waker-fn v1.2.0
Linux build and workspace tests	Build and run workspace tests	2026-10-07T17:30:41.5353740Z [1m[92m   Compiling[0m unicode-vo v0.1.0
Linux build and workspace tests	Build and run workspace tests	2026-10-07T17:30:41.6170903Z [1m[92m   Compiling[0m moxcms v0.8.1
Linux build and workspace tests	Build and run workspace tests	2026-10-07T17:30:41.8654126Z [1m[92m   Compiling[0m accesskit v0.24.1
Linux build and workspace tests	Build and run workspace tests	2026-10-07T17:30:42.1583948Z [1m[92m   Compiling[0m png v0.17.16
Linux build and workspace tests	Build and run workspace tests	2026-10-07T17:30:42.3333448Z [1m[92m   Compiling[0m atomic v0.5.3
Linux build and workspace tests	Build and run workspace tests	2026-10-07T17:30:42.4663634Z [1m[92m   Compiling[0m pollster v0.2.5
Linux build and workspace tests	Build and run workspace tests	2026-10-07T17:30:42.5713939Z [1m[92m   Compiling[0m foldhash v0.1.5
Linux build and workspace tests	Build and run workspace tests	2026-10-07T17:30:42.7143541Z [1m[92m   Compiling[0m hashbrown v0.15.5
Linux build and workspace tests	Build and run workspace tests	2026-10-07T17:30:43.1204324Z [1m[92m   Compiling[0m tiny-skia v0.11.4
Linux build and workspace tests	Build and run workspace tests	2026-10-07T17:30:43.3133565Z [1m[92m   Compiling[0m rgb v0.8.52
Linux build and workspace tests	Build and run workspace tests	2026-10-07T17:30:43.6493714Z [1m[92m   Compiling[0m sharded-slab v0.1.7
Linux build and workspace tests	Build and run workspace tests	2026-10-07T17:30:44.1763592Z [1m[92m   Compiling[0m tracing-serde v0.2.0
Linux build and workspace tests	Build and run workspace tests	2026-10-07T17:30:44.3033734Z [1m[92m   Compiling[0m matchers v0.2.0
Linux build and workspace tests	Build and run workspace tests	2026-10-07T17:30:44.3933688Z [1m[92m   Compiling[0m float_next_after v1.0.0
Linux build and workspace tests	Build and run workspace tests	2026-10-07T17:30:44.4613738Z [1m[92m   Compiling[0m linktime-proc-macro v0.2.2
Linux build and workspace tests	Build and run workspace tests	2026-10-07T17:30:44.9613788Z [1m[92m   Compiling[0m web-time v1.1.0
Linux build and workspace tests	Build and run workspace tests	2026-10-07T17:30:45.0173817Z [1m[92m   Compiling[0m link-section v0.19.2
Linux build and workspace tests	Build and run workspace tests	2026-10-07T17:30:45.0413747Z [1m[92m   Compiling[0m lyon_tessellation v1.0.16
Linux build and workspace tests	Build and run workspace tests	2026-10-07T17:30:45.2543466Z [1m[92m   Compiling[0m ctor v1.0.12
Linux build and workspace tests	Build and run workspace tests	2026-10-07T17:30:45.3662433Z [1m[92m   Compiling[0m tracing-subscriber v0.3.22
Linux build and workspace tests	Build and run workspace tests	2026-10-07T17:30:45.8493832Z [1m[92m   Compiling[0m lyon_extra v1.0.3
Linux build and workspace tests	Build and run workspace tests	2026-10-07T17:30:46.0694021Z [1m[92m   Compiling[0m lyon_algorithms v1.0.16
Linux build and workspace tests	Build and run workspace tests	2026-10-07T17:30:46.4763732Z [1m[92m   Compiling[0m futures-concurrency v7.7.1
Linux build and workspace tests	Build and run workspace tests	2026-10-07T17:30:47.5196526Z [1m[92m   Compiling[0m derive_refineable v0.1.0 (/home/runner/work/koda/koda/crates/refineable/derive_refineable)
Linux build and workspace tests	Build and run workspace tests	2026-10-07T17:30:48.8153627Z [1m[92m   Compiling[0m svg_fmt v0.4.5
Linux build and workspace tests	Build and run workspace tests	2026-10-07T17:30:49.0113656Z [1m[92m   Compiling[0m seahash v4.1.0
Linux build and workspace tests	Build and run workspace tests	2026-10-07T17:30:49.1503640Z [1m[92m   Compiling[0m etagere v0.2.15
Linux build and workspace tests	Build and run workspace tests	2026-10-07T17:30:49.4043717Z [1m[92m   Compiling[0m lyon v1.0.16
Linux build and workspace tests	Build and run workspace tests	2026-10-07T17:30:49.4583686Z [1m[92m   Compiling[0m taffy v0.13.0
Linux build and workspace tests	Build and run workspace tests	2026-10-07T17:30:50.9823950Z [1m[92m   Compiling[0m async-attributes v1.1.2
Linux build and workspace tests	Build and run workspace tests	2026-10-07T17:30:51.1673968Z [1m[92m   Compiling[0m zlog v0.1.0 (/home/runner/work/koda/koda/crates/zlog)
Linux build and workspace tests	Build and run workspace tests	2026-10-07T17:30:51.3153543Z [1m[92m   Compiling[0m async-std v1.13.2
Linux build and workspace tests	Build and run workspace tests	2026-10-07T17:30:51.6913693Z [1m[92m   Compiling[0m hdrhistogram v7.5.4
Linux build and workspace tests	Build and run workspace tests	2026-10-07T17:30:51.8952657Z [1m[92m   Compiling[0m gpui_macros v0.1.0 (/home/runner/work/koda/koda/crates/gpui_macros)
Linux build and workspace tests	Build and run workspace tests	2026-10-07T17:30:52.4243865Z [1m[92m   Compiling[0m num_cpus v1.17.0
Linux build and workspace tests	Build and run workspace tests	2026-10-07T17:30:52.7064637Z [1m[92m   Compiling[0m async-tar v0.6.1 (https://github.com/zed-industries/async-tar?rev=bd3ad6f89df9a9da7a8535958756d6bf465936a0#bd3ad6f8)
Linux build and workspace tests	Build and run workspace tests	2026-10-07T17:30:53.1565264Z [1m[92m   Compiling[0m inventory v0.3.21
Linux build and workspace tests	Build and run workspace tests	2026-10-07T17:30:53.4324015Z [1m[92m   Compiling[0m http_client v0.1.0 (/home/runner/work/koda/koda/crates/http_client)
Linux build and workspace tests	Build and run workspace tests	2026-10-07T17:30:54.1683717Z [1m[92m   Compiling[0m ar_archive_writer v0.5.1
Linux build and workspace tests	Build and run workspace tests	2026-10-07T17:30:54.9733672Z [1m[92m   Compiling[0m psm v0.1.30
Linux build and workspace tests	Build and run workspace tests	2026-10-07T17:30:55.7284316Z [1m[92m   Compiling[0m sum_tree v0.1.0 (/home/runner/work/koda/koda/crates/sum_tree)
Linux build and workspace tests	Build and run workspace tests	2026-10-07T17:30:56.1103796Z [1m[92m   Compiling[0m rusty-fork v0.3.1
Linux build and workspace tests	Build and run workspace tests	2026-10-07T17:30:56.4064255Z [1m[92m   Compiling[0m tinytemplate v1.2.1
Linux build and workspace tests	Build and run workspace tests	2026-10-07T17:30:56.6234206Z [1m[92m   Compiling[0m refineable v0.1.0 (/home/runner/work/koda/koda/crates/refineable)
Linux build and workspace tests	Build and run workspace tests	2026-10-07T17:30:56.7013668Z [1m[92m   Compiling[0m x11 v2.21.0
Linux build and workspace tests	Build and run workspace tests	2026-10-07T17:30:56.8353803Z [1m[92m   Compiling[0m quick-xml v0.30.0
Linux build and workspace tests	Build and run workspace tests	2026-10-07T17:30:56.8869194Z [1m[92m   Compiling[0m criterion v0.8.2
Linux build and workspace tests	Build and run workspace tests	2026-10-07T17:30:57.5413739Z [1m[92m   Compiling[0m xcb v1.6.0
Linux build and workspace tests	Build and run workspace tests	2026-10-07T17:30:58.6034035Z [1m[92m   Compiling[0m backtrace v0.3.76
Linux build and workspace tests	Build and run workspace tests	2026-10-07T17:30:59.7124498Z [1m[92m   Compiling[0m proptest v1.10.0 (https://github.com/proptest-rs/proptest?rev=3dca198a8fef1b32e3a66f1e1897c955b4dc5b5b#3dca198a)
Linux build and workspace tests	Build and run workspace tests	2026-10-07T17:31:00.5023853Z [1m[92m   Compiling[0m perf-event-data v0.1.8
Linux build and workspace tests	Build and run workspace tests	2026-10-07T17:31:01.4333826Z [1m[92m   Compiling[0m spin v0.10.0
Linux build and workspace tests	Build and run workspace tests	2026-10-07T17:31:01.5993909Z [1m[92m   Compiling[0m stacker v0.1.25
Linux build and workspace tests	Build and run workspace tests	2026-10-07T17:31:01.7839172Z [1m[92m   Compiling[0m perf-event2 v0.7.4
Linux build and workspace tests	Build and run workspace tests	2026-10-07T17:31:02.7323732Z [1m[92m   Compiling[0m rustybuzz v0.20.1
Linux build and workspace tests	Build and run workspace tests	2026-10-07T17:31:03.1999608Z [1m[92m   Compiling[0m embed-resource v3.0.6
Linux build and workspace tests	Build and run workspace tests	2026-10-07T17:31:03.2313911Z [1m[92m   Compiling[0m flume v0.12.0
Linux build and workspace tests	Build and run workspace tests	2026-10-07T17:31:03.4593547Z [1m[92m   Compiling[0m socket2 v0.6.5
Linux build and workspace tests	Build and run workspace tests	2026-10-07T17:31:03.5368925Z [1m[92m   Compiling[0m gpui v0.2.2 (/home/runner/work/koda/koda/crates/gpui)
Linux build and workspace tests	Build and run workspace tests	2026-10-07T17:31:04.1274108Z [1m[92m   Compiling[0m postage v0.5.0
Linux build and workspace tests	Build and run workspace tests	2026-10-07T17:31:04.5293684Z [1m[92m   Compiling[0m exr v1.74.0
Linux build and workspace tests	Build and run workspace tests	2026-10-07T17:31:05.5083700Z [1m[92m   Compiling[0m usvg v0.46.0
Linux build and workspace tests	Build and run workspace tests	2026-10-07T17:31:07.6101765Z [1m[92m   Compiling[0m png v0.18.0
Linux build and workspace tests	Build and run workspace tests	2026-10-07T17:31:08.1513624Z [1m[92m   Compiling[0m sysinfo v0.31.4
Linux build and workspace tests	Build and run workspace tests	2026-10-07T17:31:08.2473728Z [1m[92m   Compiling[0m stacksafe-macro v1.0.3
Linux build and workspace tests	Build and run workspace tests	2026-10-07T17:31:08.5894099Z [1m[92m   Compiling[0m stacksafe v1.0.3
Linux build and workspace tests	Build and run workspace tests	2026-10-07T17:31:08.6963819Z [1m[92m   Compiling[0m image v0.25.10
Linux build and workspace tests	Build and run workspace tests	2026-10-07T17:31:08.7293720Z [1m[92m   Compiling[0m resvg v0.46.0
Linux build and workspace tests	Build and run workspace tests	2026-10-07T17:31:09.6544461Z [1m[92m   Compiling[0m zed-scap v0.0.8-zed (https://github.com/zed-industries/scap?rev=4afea48c3b002197176fb19cd0f9b180dd36eaac#4afea48c)
Linux build and workspace tests	Build and run workspace tests	2026-10-07T17:31:10.2069946Z [1m[92m   Compiling[0m scheduler v0.1.0 (/home/runner/work/koda/koda/crates/scheduler)
Linux build and workspace tests	Build and run workspace tests	2026-10-07T17:31:10.9504214Z [1m[92m   Compiling[0m bench_metrics v0.1.0 (/home/runner/work/koda/koda/crates/bench_metrics)
Linux build and workspace tests	Build and run workspace tests	2026-10-07T17:31:11.7103664Z [1m[92m   Compiling[0m encoding_rs v0.8.35
Linux build and workspace tests	Build and run workspace tests	2026-10-07T17:31:13.1773746Z [1m[92m   Compiling[0m tokio-macros v2.7.0
Linux build and workspace tests	Build and run workspace tests	2026-10-07T17:31:13.8280973Z [1m[92m   Compiling[0m tokio v1.52.1
Linux build and workspace tests	Build and run workspace tests	2026-10-07T17:31:15.9038075Z [1m[92m   Compiling[0m async-trait v0.1.89
Linux build and workspace tests	Build and run workspace tests	2026-10-07T17:31:16.8084078Z [1m[92m   Compiling[0m cmake v0.1.56
Linux build and workspace tests	Build and run workspace tests	2026-10-07T17:31:17.1663796Z [1m[92m   Compiling[0m fs_extra v1.3.0
Linux build and workspace tests	Build and run workspace tests	2026-10-07T17:31:17.4423704Z [1m[92m   Compiling[0m aws-lc-sys v0.42.0
Linux build and workspace tests	Build and run workspace tests	2026-10-07T17:31:17.5513685Z [1m[92m   Compiling[0m httparse v1.10.1
Linux build and workspace tests	Build and run workspace tests	2026-10-07T17:31:17.8453644Z [1m[92m   Compiling[0m ring v0.17.14
Linux build and workspace tests	Build and run workspace tests	2026-10-07T17:31:20.2801866Z [1m[92m   Compiling[0m rustls-pki-types v1.12.0
Linux build and workspace tests	Build and run workspace tests	2026-10-07T17:31:20.6043913Z [1m[92m   Compiling[0m untrusted v0.9.0
Linux build and workspace tests	Build and run workspace tests	2026-10-07T17:31:20.6607832Z [1m[92m   Compiling[0m rustls v0.23.40
Linux build and workspace tests	Build and run workspace tests	2026-10-07T17:31:20.7437722Z [1m[92m   Compiling[0m num-integer v0.1.46
Linux build and workspace tests	Build and run workspace tests	2026-10-07T17:31:20.9845244Z [1m[92m   Compiling[0m powerfmt v0.2.0
Linux build and workspace tests	Build and run workspace tests	2026-10-07T17:31:21.1107610Z [1m[92m   Compiling[0m num-conv v0.2.0
Linux build and workspace tests	Build and run workspace tests	2026-10-07T17:31:21.1875670Z [1m[92m   Compiling[0m time-core v0.1.8
Linux build and workspace tests	Build and run workspace tests	2026-10-07T17:31:21.2995585Z [1m[92m   Compiling[0m time-macros v0.2.27
Linux build and workspace tests	Build and run workspace tests	2026-10-07T17:31:22.2862776Z [1m[92m   Compiling[0m deranged v0.5.4
Linux build and workspace tests	Build and run workspace tests	2026-10-07T17:31:23.1863621Z [1m[92m   Compiling[0m num_threads v0.1.7
Linux build and workspace tests	Build and run workspace tests	2026-10-07T17:31:23.3034442Z [1m[92m   Compiling[0m time v0.3.47
Linux build and workspace tests	Build and run workspace tests	2026-10-07T17:31:24.8084264Z [1m[92m   Compiling[0m aws-lc-rs v1.17.1
Linux build and workspace tests	Build and run workspace tests	2026-10-07T17:31:24.8963631Z [1m[92m   Compiling[0m untrusted v0.7.1
Linux build and workspace tests	Build and run workspace tests	2026-10-07T17:31:24.9784047Z [1m[92m   Compiling[0m tower-service v0.3.3
Linux build and workspace tests	Build and run workspace tests	2026-10-07T17:31:25.2180935Z [1m[92m   Compiling[0m ipnet v2.11.0
Linux build and workspace tests	Build and run workspace tests	2026-10-07T17:31:25.6366597Z [1m[92m   Compiling[0m try-lock v0.2.5
Linux build and workspace tests	Build and run workspace tests	2026-10-07T17:31:25.6978146Z [1m[92m   Compiling[0m want v0.3.1
Linux build and workspace tests	Build and run workspace tests	2026-10-07T17:31:26.1653815Z [1m[92m   Compiling[0m http-body-util v0.1.3
Linux build and workspace tests	Build and run workspace tests	2026-10-07T17:31:26.6914461Z [1m[92m   Compiling[0m hex v0.4.3
Linux build and workspace tests	Build and run workspace tests	2026-10-07T17:31:26.9314984Z [1m[92m   Compiling[0m tree-sitter-language v0.1.8 (https://github.com/tree-sitter/tree-sitter?rev=43623ec9bf0eaaf7113285c46e8a09018f181b18#43623ec9)
Linux build and workspace tests	Build and run workspace tests	2026-10-07T17:31:27.0933676Z [1m[92m   Compiling[0m openssl-probe v0.2.1
Linux build and workspace tests	Build and run workspace tests	2026-10-07T17:31:27.2343754Z [1m[92m   Compiling[0m tokio-util v0.7.18
Linux build and workspace tests	Build and run workspace tests	2026-10-07T17:31:27.9983681Z [1m[92m   Compiling[0m rustls-native-certs v0.8.3
Linux build and workspace tests	Build and run workspace tests	2026-10-07T17:31:28.1588632Z [1m[92m   Compiling[0m termcolor v1.4.1
Linux build and workspace tests	Build and run workspace tests	2026-10-07T17:31:28.5609530Z [1m[92m   Compiling[0m imara-diff v0.2.0
Linux build and workspace tests	Build and run workspace tests	2026-10-07T17:31:28.9404972Z [1m[92m   Compiling[0m zeta_prompt v0.1.0 (/home/runner/work/koda/koda/crates/zeta_prompt)
Linux build and workspace tests	Build and run workspace tests	2026-10-07T17:31:30.8217169Z [1m[92m   Compiling[0m cloud_llm_client v0.1.0 (/home/runner/work/koda/koda/crates/cloud_llm_client)
Linux build and workspace tests	Build and run workspace tests	2026-10-07T17:31:31.0423617Z [1m[92m   Compiling[0m num-iter v0.1.45
Linux build and workspace tests	Build and run workspace tests	2026-10-07T17:31:31.1153909Z [1m[92m   Compiling[0m tower-layer v0.3.3
Linux build and workspace tests	Build and run workspace tests	2026-10-07T17:31:31.2356084Z [1m[92m   Compiling[0m h2 v0.4.19
Linux build and workspace tests	Build and run workspace tests	2026-10-07T17:31:31.6492451Z [1m[92m   Compiling[0m phf_shared v0.13.1
Linux build and workspace tests	Build and run workspace tests	2026-10-07T17:31:31.9265601Z [1m[92m   Compiling[0m phf_generator v0.13.1
Linux build and workspace tests	Build and run workspace tests	2026-10-07T17:31:32.0881684Z [1m[92m   Compiling[0m sync_wrapper v1.0.2
Linux build and workspace tests	Build and run workspace tests	2026-10-07T17:31:32.1634018Z [1m[92m   Compiling[0m prettyplease v0.2.37
Linux build and workspace tests	Build and run workspace tests	2026-10-07T17:31:32.3213576Z [1m[92m   Compiling[0m prost-derive v0.14.4
Linux build and workspace tests	Build and run workspace tests	2026-10-07T17:31:33.4564445Z [1m[92m   Compiling[0m wasmtime-internal-core v48.0.1
Linux build and workspace tests	Build and run workspace tests	2026-10-07T17:31:33.5856972Z [1m[92m   Compiling[0m prost v0.14.4
Linux build and workspace tests	Build and run workspace tests	2026-10-07T17:31:34.8119839Z [1m[92m   Compiling[0m hyper v1.11.1
Linux build and workspace tests	Build and run workspace tests	2026-10-07T17:31:35.4193782Z [1m[92m   Compiling[0m target-lexicon v0.13.5
Linux build and workspace tests	Build and run workspace tests	2026-10-07T17:31:35.4829350Z [1m[92m   Compiling[0m prost-types v0.14.4
Linux build and workspace tests	Build and run workspace tests	2026-10-07T17:31:35.7718423Z [1m[92m   Compiling[0m hyper-util v0.1.17
Linux build and workspace tests	Build and run workspace tests	2026-10-07T17:31:36.5412953Z [1m[92m   Compiling[0m cranelift-srcgen v0.135.1
Linux build and workspace tests	Build and run workspace tests	2026-10-07T17:31:36.6891464Z [1m[92m   Compiling[0m cranelift-assembler-x64-meta v0.135.1
Linux build and workspace tests	Build and run workspace tests	2026-10-07T17:31:37.0933773Z [1m[92m   Compiling[0m partial-json-fixer v0.5.3
Linux build and workspace tests	Build and run workspace tests	2026-10-07T17:31:37.3560126Z [1m[92m   Compiling[0m cranelift-bitset v0.135.1
Linux build and workspace tests	Build and run workspace tests	2026-10-07T17:31:37.5525644Z [1m[92m   Compiling[0m pulley-macros v48.0.1
Linux build and workspace tests	Build and run workspace tests	2026-10-07T17:31:37.8006686Z [1m[92m   Compiling[0m leb128fmt v0.1.0
Linux build and workspace tests	Build and run workspace tests	2026-10-07T17:31:37.9154043Z [1m[92m   Compiling[0m language_model_core v0.1.0 (/home/runner/work/koda/koda/crates/language_model_core)
Linux build and workspace tests	Build and run workspace tests	2026-10-07T17:31:37.9883267Z [1m[92m   Compiling[0m cranelift-isle v0.135.1
Linux build and workspace tests	Build and run workspace tests	2026-10-07T17:31:38.1753504Z [1m[92m   Compiling[0m pulley-interpreter v48.0.1
Linux build and workspace tests	Build and run workspace tests	2026-10-07T17:31:38.6614102Z [1m[92m   Compiling[0m cranelift-entity v0.135.1
Linux build and workspace tests	Build and run workspace tests	2026-10-07T17:31:38.9870241Z [1m[92m   Compiling[0m phf_macros v0.13.1
Linux build and workspace tests	Build and run workspace tests	2026-10-07T17:31:39.2840020Z [1m[92m   Compiling[0m petgraph v0.8.3
Linux build and workspace tests	Build and run workspace tests	2026-10-07T17:31:39.7007051Z [1m[92m   Compiling[0m cobs v0.3.0
Linux build and workspace tests	Build and run workspace tests	2026-10-07T17:31:39.8653599Z [1m[92m   Compiling[0m multimap v0.8.3
Linux build and workspace tests	Build and run workspace tests	2026-10-07T17:31:39.9696832Z [1m[92m   Compiling[0m cranelift-codegen-shared v0.135.1
Linux build and workspace tests	Build and run workspace tests	2026-10-07T17:31:40.0398776Z [1m[92m   Compiling[0m postcard v1.1.3
Linux build and workspace tests	Build and run workspace tests	2026-10-07T17:31:40.3723654Z [1m[92m   Compiling[0m phf v0.13.1
Linux build and workspace tests	Build and run workspace tests	2026-10-07T17:31:40.4913966Z [1m[92m   Compiling[0m cranelift-bforest v0.135.1
Linux build and workspace tests	Build and run workspace tests	2026-10-07T17:31:40.6799377Z [1m[92m   Compiling[0m prost-build v0.14.4
Linux build and workspace tests	Build and run workspace tests	2026-10-07T17:31:40.7594332Z [1m[92m   Compiling[0m cranelift-assembler-x64 v0.135.1
Linux build and workspace tests	Build and run workspace tests	2026-10-07T17:31:41.6956250Z [1m[92m   Compiling[0m gimli v0.33.0
Linux build and workspace tests	Build and run workspace tests	2026-10-07T17:31:43.7473744Z [1m[92m   Compiling[0m wasmparser v0.254.0
Linux build and workspace tests	Build and run workspace tests	2026-10-07T17:31:44.8902193Z [1m[92m   Compiling[0m cranelift-codegen-meta v0.135.1
Linux build and workspace tests	Build and run workspace tests	2026-10-07T17:31:45.2063620Z [1m[92m   Compiling[0m logos-codegen v0.15.1
Linux build and workspace tests	Build and run workspace tests	2026-10-07T17:31:45.3443826Z [1m[92m   Compiling[0m wasmtime-internal-versioned-export-macros v48.0.1
Linux build and workspace tests	Build and run workspace tests	2026-10-07T17:31:45.6099740Z [1m[92m   Compiling[0m bumpalo v3.20.3
Linux build and workspace tests	Build and run workspace tests	2026-10-07T17:31:45.8264411Z [1m[92m   Compiling[0m unicode-width v0.2.2
Linux build and workspace tests	Build and run workspace tests	2026-10-07T17:31:46.0323491Z [1m[92m   Compiling[0m object v0.39.1
Linux build and workspace tests	Build and run workspace tests	2026-10-07T17:31:46.2130237Z [1m[92m   Compiling[0m cpp_demangle v0.5.1
Linux build and workspace tests	Build and run workspace tests	2026-10-07T17:31:46.5254198Z [1m[92m   Compiling[0m arbitrary v1.4.2
Linux build and workspace tests	Build and run workspace tests	2026-10-07T17:31:47.2241496Z [1m[92m   Compiling[0m cranelift-control v0.135.1
Linux build and workspace tests	Build and run workspace tests	2026-10-07T17:31:47.3232231Z [1m[92m   Compiling[0m regalloc2 v0.15.2
Linux build and workspace tests	Build and run workspace tests	2026-10-07T17:31:47.8104275Z [1m[92m   Compiling[0m cranelift-codegen v0.135.1
Linux build and workspace tests	Build and run workspace tests	2026-10-07T17:31:58.4741778Z [1m[92m   Compiling[0m beef v0.5.2
Linux build and workspace tests	Build and run workspace tests	2026-10-07T17:31:58.5779382Z [1m[92m   Compiling[0m wasmtime-internal-component-util v48.0.1
Linux build and workspace tests	Build and run workspace tests	2026-10-07T17:32:00.1374406Z [1m[92m   Compiling[0m wasm-encoder v0.254.0
Linux build and workspace tests	Build and run workspace tests	2026-10-07T17:32:05.8261078Z [1m[92m   Compiling[0m wasmprinter v0.254.0
Linux build and workspace tests	Build and run workspace tests	2026-10-07T17:32:08.1014716Z [1m[92m   Compiling[0m miette-derive v7.6.0
Linux build and workspace tests	Build and run workspace tests	2026-10-07T17:32:09.0106548Z [1m[92m   Compiling[0m logos-codegen v0.16.1
Linux build and workspace tests	Build and run workspace tests	2026-10-07T17:32:09.1614399Z [1m[92m   Compiling[0m id-arena v2.3.0
Linux build and workspace tests	Build and run workspace tests	2026-10-07T17:32:09.2409031Z [1m[92m   Compiling[0m unicode-width v0.1.14
Linux build and workspace tests	Build and run workspace tests	2026-10-07T17:32:09.4174003Z [1m[92m   Compiling[0m miette v7.6.0
Linux build and workspace tests	Build and run workspace tests	2026-10-07T17:32:09.9826901Z [1m[92m   Compiling[0m wit-parser v0.254.0
Linux build and workspace tests	Build and run workspace tests	2026-10-07T17:32:10.6039534Z [1m[92m   Compiling[0m logos-derive v0.16.1
Linux build and workspace tests	Build and run workspace tests	2026-10-07T17:32:10.8763710Z [1m[92m   Compiling[0m wasmtime-environ v48.0.1
Linux build and workspace tests	Build and run workspace tests	2026-10-07T17:32:14.8409432Z [1m[92m   Compiling[0m wasm-metadata v0.254.0
Linux build and workspace tests	Build and run workspace tests	2026-10-07T17:32:15.1461665Z [1m[92m   Compiling[0m logos-derive v0.15.1
Linux build and workspace tests	Build and run workspace tests	2026-10-07T17:32:15.3904371Z [1m[92m   Compiling[0m wasmtime-internal-unwinder v48.0.1
Linux build and workspace tests	Build and run workspace tests	2026-10-07T17:32:15.5173789Z [1m[92m   Compiling[0m logos v0.15.1
Linux build and workspace tests	Build and run workspace tests	2026-10-07T17:32:15.6296777Z [1m[92m   Compiling[0m wit-component v0.254.0
Linux build and workspace tests	Build and run workspace tests	2026-10-07T17:32:19.7934054Z [1m[92m   Compiling[0m logos v0.16.1
Linux build and workspace tests	Build and run workspace tests	2026-10-07T17:32:19.9003799Z [1m[92m   Compiling[0m wasmtime-internal-fiber v48.0.1
Linux build and workspace tests	Build and run workspace tests	2026-10-07T17:32:20.0817021Z [1m[92m   Compiling[0m wasmtime-internal-component-macro v48.0.1
Linux build and workspace tests	Build and run workspace tests	2026-10-07T17:32:20.2084250Z [1m[92m   Compiling[0m wasmtime-internal-cranelift v48.0.1
Linux build and workspace tests	Build and run workspace tests	2026-10-07T17:32:20.4778444Z [1m[92m   Compiling[0m prost-reflect v0.16.5
Linux build and workspace tests	Build and run workspace tests	2026-10-07T17:32:24.9950446Z [1m[92m   Compiling[0m cranelift-frontend v0.135.1
Linux build and workspace tests	Build and run workspace tests	2026-10-07T17:32:25.9473704Z [1m[92m   Compiling[0m cranelift-native v0.135.1
Linux build and workspace tests	Build and run workspace tests	2026-10-07T17:32:26.0570830Z [1m[92m   Compiling[0m wasmtime-internal-wit-bindgen v48.0.1
Linux build and workspace tests	Build and run workspace tests	2026-10-07T17:32:27.4734137Z [1m[92m   Compiling[0m protox-parse v0.9.0
Linux build and workspace tests	Build and run workspace tests	2026-10-07T17:32:28.7683808Z [1m[92m   Compiling[0m wasmtime v48.0.1
Linux build and workspace tests	Build and run workspace tests	2026-10-07T17:32:29.2488203Z [1m[92m   Compiling[0m mime v0.3.17
Linux build and workspace tests	Build and run workspace tests	2026-10-07T17:32:29.7553829Z [1m[92m   Compiling[0m protox v0.9.1
Linux build and workspace tests	Build and run workspace tests	2026-10-07T17:32:47.5153571Z [1m[92m   Compiling[0m rustls-webpki v0.103.13
Linux build and workspace tests	Build and run workspace tests	2026-10-07T17:32:51.9373725Z [1m[92m   Compiling[0m tokio-rustls v0.26.4
Linux build and workspace tests	Build and run workspace tests	2026-10-07T17:32:52.1524001Z [1m[92m   Compiling[0m wasmtime-internal-jit-icache-coherence v48.0.1
Linux build and workspace tests	Build and run workspace tests	2026-10-07T17:32:52.2163877Z [1m[92m   Compiling[0m const_format_proc_macros v0.2.34
Linux build and workspace tests	Build and run workspace tests	2026-10-07T17:32:52.9778124Z [1m[92m   Compiling[0m memfd v0.6.5
Linux build and workspace tests	Build and run workspace tests	2026-10-07T17:32:53.1690959Z [1m[92m   Compiling[0m wasmtime-c-api-impl v48.0.1
Linux build and workspace tests	Build and run workspace tests	2026-10-07T17:32:54.1403718Z [1m[92m   Compiling[0m const_format v0.2.35
Linux build and workspace tests	Build and run workspace tests	2026-10-07T17:32:54.4433535Z [1m[92m   Compiling[0m ignore v0.4.24
Linux build and workspace tests	Build and run workspace tests	2026-10-07T17:32:55.6601620Z [1m[92m   Compiling[0m paths v0.1.0 (/home/runner/work/koda/koda/crates/paths)
Linux build and workspace tests	Build and run workspace tests	2026-10-07T17:32:55.8244566Z [1m[92m   Compiling[0m tree-sitter v0.27.0 (https://github.com/tree-sitter/tree-sitter?rev=43623ec9bf0eaaf7113285c46e8a09018f181b18#43623ec9)
Linux build and workspace tests	Build and run workspace tests	2026-10-07T17:33:04.0463906Z [1m[92m   Compiling[0m serde_path_to_error v0.1.20
Linux build and workspace tests	Build and run workspace tests	2026-10-07T17:33:04.4163850Z [1m[92m   Compiling[0m wasmtime-internal-c-api-macros v48.0.1
Linux build and workspace tests	Build and run workspace tests	2026-10-07T17:33:04.9823786Z [1m[92m   Compiling[0m block-padding v0.3.3
Linux build and workspace tests	Build and run workspace tests	2026-10-07T17:33:05.0685784Z [1m[92m   Compiling[0m streaming-iterator v0.1.9
Linux build and workspace tests	Build and run workspace tests	2026-10-07T17:33:05.3323528Z [1m[92m   Compiling[0m inout v0.1.4
Linux build and workspace tests	Build and run workspace tests	2026-10-07T17:33:05.4273825Z [1m[92m   Compiling[0m proto v0.1.0 (/home/runner/work/koda/koda/crates/proto)
Linux build and workspace tests	Build and run workspace tests	2026-10-07T17:33:05.8694275Z [1m[92m   Compiling[0m release_channel v0.1.0 (/home/runner/work/koda/koda/crates/release_channel)
Linux build and workspace tests	Build and run workspace tests	2026-10-07T17:33:06.3979472Z [1m[92m   Compiling[0m cipher v0.4.4
Linux build and workspace tests	Build and run workspace tests	2026-10-07T17:33:11.3886958Z [1m[92m   Compiling[0m rope v0.1.0 (/home/runner/work/koda/koda/crates/rope)
Linux build and workspace tests	Build and run workspace tests	2026-10-07T17:33:12.5583670Z [1m[92m   Compiling[0m urlencoding v2.1.3
Linux build and workspace tests	Build and run workspace tests	2026-10-07T17:33:12.7364736Z [1m[92m   Compiling[0m telemetry_events v0.1.0 (/home/runner/work/koda/koda/crates/telemetry_events)
Linux build and workspace tests	Build and run workspace tests	2026-10-07T17:33:12.9863633Z [1m[92m   Compiling[0m aes v0.8.4
Linux build and workspace tests	Build and run workspace tests	2026-10-07T17:33:13.8590403Z [1m[92m   Compiling[0m net v0.1.0 (/home/runner/work/koda/koda/crates/net)
Linux build and workspace tests	Build and run workspace tests	2026-10-07T17:33:13.9163760Z [1m[92m   Compiling[0m clock v0.1.0 (/home/runner/work/koda/koda/crates/clock)
Linux build and workspace tests	Build and run workspace tests	2026-10-07T17:33:14.1603769Z [1m[92m   Compiling[0m tree-sitter-json v0.24.8
Linux build and workspace tests	Build and run workspace tests	2026-10-07T17:33:14.6343731Z [1m[92m   Compiling[0m inotify-sys v0.1.5
Linux build and workspace tests	Build and run workspace tests	2026-10-07T17:33:14.7693871Z [1m[92m   Compiling[0m text v0.1.0 (/home/runner/work/koda/koda/crates/text)
Linux build and workspace tests	Build and run workspace tests	2026-10-07T17:33:17.3764068Z [1m[92m   Compiling[0m askpass v0.1.0 (/home/runner/work/koda/koda/crates/askpass)
Linux build and workspace tests	Build and run workspace tests	2026-10-07T17:33:17.9153677Z [1m[92m   Compiling[0m webpki-roots v1.0.8
Linux build and workspace tests	Build and run workspace tests	2026-10-07T17:33:17.9992754Z [1m[92m   Compiling[0m rustls-platform-verifier v0.7.0
Linux build and workspace tests	Build and run workspace tests	2026-10-07T17:33:18.1974207Z [1m[92m   Compiling[0m http_client_tls v0.1.0 (/home/runner/work/koda/koda/crates/http_client_tls)
Linux build and workspace tests	Build and run workspace tests	2026-10-07T17:33:18.3594099Z [1m[92m   Compiling[0m settings_json v0.1.0 (/home/runner/work/koda/koda/crates/settings_json)
Linux build and workspace tests	Build and run workspace tests	2026-10-07T17:33:18.8574021Z [1m[92m   Compiling[0m telemetry v0.1.0 (/home/runner/work/koda/koda/crates/telemetry)
Linux build and workspace tests	Build and run workspace tests	2026-10-07T17:33:19.0013696Z [1m[92m   Compiling[0m settings_macros v0.1.0 (/home/runner/work/koda/koda/crates/settings_macros)
Linux build and workspace tests	Build and run workspace tests	2026-10-07T17:33:23.3293663Z [1m[92m   Compiling[0m inotify v0.11.0
Linux build and workspace tests	Build and run workspace tests	2026-10-07T17:33:23.7374547Z [1m[92m   Compiling[0m notify-types v2.1.0 (https://github.com/zed-industries/notify?rev=d842f16b2716bd60f09caf3ae3a894237ab38f54#d842f16b)
Linux build and workspace tests	Build and run workspace tests	2026-10-07T17:33:24.0323850Z [1m[92m   Compiling[0m xxhash-rust v0.8.15
Linux build and workspace tests	Build and run workspace tests	2026-10-07T17:33:24.2854367Z [1m[92m   Compiling[0m notify v9.0.0-rc.4 (https://github.com/zed-industries/notify?rev=d842f16b2716bd60f09caf3ae3a894237ab38f54#d842f16b)
Linux build and workspace tests	Build and run workspace tests	2026-10-07T17:33:25.3144078Z [1m[92m   Compiling[0m settings_content v0.1.0 (/home/runner/work/koda/koda/crates/settings_content)
Linux build and workspace tests	Build and run workspace tests	2026-10-07T17:33:41.1046699Z [1m[92m   Compiling[0m git v0.1.0 (/home/runner/work/koda/koda/crates/git)
Linux build and workspace tests	Build and run workspace tests	2026-10-07T17:33:46.2731475Z [1m[92m   Compiling[0m trash v5.2.5 (https://github.com/zed-industries/trash-rs?rev=41c6c800d884a89351f3b8856d12894cccee261d#41c6c800)
Linux build and workspace tests	Build and run workspace tests	2026-10-07T17:33:46.8693521Z [1m[92m   Compiling[0m is_executable v1.0.5
Linux build and workspace tests	Build and run workspace tests	2026-10-07T17:33:46.9563980Z [1m[92m   Compiling[0m fs v0.1.0 (/home/runner/work/koda/koda/crates/fs)
Linux build and workspace tests	Build and run workspace tests	2026-10-07T17:33:53.3643710Z [1m[92m   Compiling[0m rustls-pemfile v2.2.0
Linux build and workspace tests	Build and run workspace tests	2026-10-07T17:33:53.5184863Z [1m[92m   Compiling[0m zstd-safe v5.0.2+zstd.1.5.2
Linux build and workspace tests	Build and run workspace tests	2026-10-07T17:33:54.0303695Z [1m[92m   Compiling[0m sha1 v0.10.6
Linux build and workspace tests	Build and run workspace tests	2026-10-07T17:33:54.2383608Z [1m[92m   Compiling[0m by_address v1.2.1
Linux build and workspace tests	Build and run workspace tests	2026-10-07T17:33:54.3130258Z [1m[92m   Compiling[0m palette v0.7.6
Linux build and workspace tests	Build and run workspace tests	2026-10-07T17:33:54.5033805Z [1m[92m   Compiling[0m palette_derive v0.7.6
Linux build and workspace tests	Build and run workspace tests	2026-10-07T17:33:55.3064395Z [1m[92m   Compiling[0m zstd v0.11.2+zstd.1.5.2
Linux build and workspace tests	Build and run workspace tests	2026-10-07T17:33:55.4593870Z [1m[92m   Compiling[0m unicode-linebreak v0.1.5
Linux build and workspace tests	Build and run workspace tests	2026-10-07T17:33:55.5633614Z [1m[92m   Compiling[0m fast-srgb8 v1.0.0
Linux build and workspace tests	Build and run workspace tests	2026-10-07T17:33:55.6904107Z [1m[92m   Compiling[0m migrator v0.1.0 (/home/runner/work/koda/koda/crates/migrator)
Linux build and workspace tests	Build and run workspace tests	2026-10-07T17:33:57.0223752Z [1m[92m   Compiling[0m ec4rs v1.2.0
Linux build and workspace tests	Build and run workspace tests	2026-10-07T17:33:57.7002926Z [1m[92m   Compiling[0m base64ct v1.8.0
Linux build and workspace tests	Build and run workspace tests	2026-10-07T17:33:57.9699376Z [1m[92m   Compiling[0m rustversion v1.0.22
Linux build and workspace tests	Build and run workspace tests	2026-10-07T17:33:59.3774106Z [1m[92m   Compiling[0m settings v0.1.0 (/home/runner/work/koda/koda/crates/settings)
Linux build and workspace tests	Build and run workspace tests	2026-10-07T17:34:01.2783736Z [1m[92m   Compiling[0m data-encoding v2.9.0
Linux build and workspace tests	Build and run workspace tests	2026-10-07T17:34:04.2583464Z [1m[92m   Compiling[0m utf-8 v0.7.6
Linux build and workspace tests	Build and run workspace tests	2026-10-07T17:34:05.0013815Z [1m[92m   Compiling[0m syntax_theme v0.1.0 (/home/runner/work/koda/koda/crates/syntax_theme)
Linux build and workspace tests	Build and run workspace tests	2026-10-07T17:34:05.6429975Z [1m[92m   Compiling[0m theme v0.1.0 (/home/runner/work/koda/koda/crates/theme)
Linux build and workspace tests	Build and run workspace tests	2026-10-07T17:34:06.9323596Z [1m[92m   Compiling[0m signature v2.2.0
Linux build and workspace tests	Build and run workspace tests	2026-10-07T17:34:07.0403919Z [1m[92m   Compiling[0m toml_datetime v0.6.11
Linux build and workspace tests	Build and run workspace tests	2026-10-07T17:34:07.2782898Z [1m[92m   Compiling[0m serde_spanned v0.6.9
Linux build and workspace tests	Build and run workspace tests	2026-10-07T17:34:07.3862803Z [1m[92m   Compiling[0m toml_write v0.1.2
Linux build and workspace tests	Build and run workspace tests	2026-10-07T17:34:07.5480411Z [1m[92m   Compiling[0m tungstenite v0.28.0
Linux build and workspace tests	Build and run workspace tests	2026-10-07T17:34:07.5703625Z [1m[92m   Compiling[0m yansi v1.0.1
Linux build and workspace tests	Build and run workspace tests	2026-10-07T17:34:07.9237750Z [1m[92m   Compiling[0m pem-rfc7468 v0.7.0
Linux build and workspace tests	Build and run workspace tests	2026-10-07T17:34:08.1824492Z [1m[92m   Compiling[0m der v0.7.10
Linux build and workspace tests	Build and run workspace tests	2026-10-07T17:34:08.4203646Z [1m[92m   Compiling[0m toml_edit v0.22.27
Linux build and workspace tests	Build and run workspace tests	2026-10-07T17:34:08.7283652Z [1m[92m   Compiling[0m arc-swap v1.9.0
Linux build and workspace tests	Build and run workspace tests	2026-10-07T17:34:09.4716282Z [1m[92m   Compiling[0m spki v0.7.3
Linux build and workspace tests	Build and run workspace tests	2026-10-07T17:34:09.6613845Z [1m[92m   Compiling[0m num-bigint-dig v0.8.6
Linux build and workspace tests	Build and run workspace tests	2026-10-07T17:34:09.8053725Z [1m[92m   Compiling[0m pkcs8 v0.10.2
Linux build and workspace tests	Build and run workspace tests	2026-10-07T17:34:10.0463806Z [1m[92m   Compiling[0m pkcs1 v0.7.5
Linux build and workspace tests	Build and run workspace tests	2026-10-07T17:34:10.4768094Z [1m[92m   Compiling[0m toml v0.8.23
Linux build and workspace tests	Build and run workspace tests	2026-10-07T17:34:11.4394046Z [1m[92m   Compiling[0m async-tungstenite v0.33.0
Linux build and workspace tests	Build and run workspace tests	2026-10-07T17:34:11.8123639Z [1m[92m   Compiling[0m lru v0.16.4
Linux build and workspace tests	Build and run workspace tests	2026-10-07T17:34:12.1653552Z [1m[92m   Compiling[0m rsa v0.9.10
Linux build and workspace tests	Build and run workspace tests	2026-10-07T17:34:12.3893738Z [1m[92m   Compiling[0m shellexpand v3.1.1
Linux build and workspace tests	Build and run workspace tests	2026-10-07T17:34:12.5364262Z [1m[92m   Compiling[0m diff v0.1.13
Linux build and workspace tests	Build and run workspace tests	2026-10-07T17:34:12.7726887Z [1m[92m   Compiling[0m pretty_assertions v1.4.1
Linux build and workspace tests	Build and run workspace tests	2026-10-07T17:34:12.8533895Z [1m[92m   Compiling[0m rpc v0.1.0 (/home/runner/work/koda/koda/crates/rpc)
Linux build and workspace tests	Build and run workspace tests	2026-10-07T17:34:13.0225255Z [1m[92m   Compiling[0m zed_actions v0.1.0 (/home/runner/work/koda/koda/crates/zed_actions)
Linux build and workspace tests	Build and run workspace tests	2026-10-07T17:34:14.8754204Z [1m[92m   Compiling[0m watch v0.1.0 (/home/runner/work/koda/koda/crates/watch)
Linux build and workspace tests	Build and run workspace tests	2026-10-07T17:34:15.8383920Z [1m[92m   Compiling[0m task v0.1.0 (/home/runner/work/koda/koda/crates/task)
Linux build and workspace tests	Build and run workspace tests	2026-10-07T17:34:16.0113488Z [1m[92m   Compiling[0m nucleo-matcher v0.3.1
Linux build and workspace tests	Build and run workspace tests	2026-10-07T17:34:16.8764540Z [1m[92m   Compiling[0m tree-sitter-md v0.3.2 (https://github.com/zed-industries/tree-sitter-markdown?rev=b596e737286780d7bfa9fcddceaeeb754574b352#b596e737)
Linux build and workspace tests	Build and run workspace tests	2026-10-07T17:34:17.0433726Z [1m[92m   Compiling[0m tree-sitter-go v0.25.0
Linux build and workspace tests	Build and run workspace tests	2026-10-07T17:34:17.2033416Z [1m[92m   Compiling[0m tree-sitter-gomod v1.1.1 (https://github.com/camdencheek/tree-sitter-go-mod?rev=2e886870578eeba1927a2dc4bd2e2b3f598c5f9a#2e886870)
Linux build and workspace tests	Build and run workspace tests	2026-10-07T17:34:17.3673714Z [1m[92m   Compiling[0m tree-sitter-css v0.23.2
Linux build and workspace tests	Build and run workspace tests	2026-10-07T17:34:17.5214741Z [1m[92m   Compiling[0m tree-sitter-yaml v0.6.1 (https://github.com/zed-industries/tree-sitter-yaml?rev=baff0b51c64ef6a1fb1f8390f3ad6015b83ec13a#baff0b51)
Linux build and workspace tests	Build and run workspace tests	2026-10-07T17:34:17.6854425Z [1m[92m   Compiling[0m tree-sitter-diff v0.1.0
Linux build and workspace tests	Build and run workspace tests	2026-10-07T17:34:17.7008586Z [1m[92m   Compiling[0m tree-sitter-regex v0.24.3
Linux build and workspace tests	Build and run workspace tests	2026-10-07T17:34:17.8090589Z [1m[92m   Compiling[0m tree-sitter-jsdoc v0.23.2
Linux build and workspace tests	Build and run workspace tests	2026-10-07T17:34:17.8442658Z [1m[92m   Compiling[0m tree-sitter-python v0.25.0
Linux build and workspace tests	Build and run workspace tests	2026-10-07T17:34:17.8674435Z [1m[92m   Compiling[0m tree-sitter-gitcommit v0.0.1 (https://github.com/zed-industries/tree-sitter-git-commit?rev=88309716a69dd13ab83443721ba6e0b491d37ee9#88309716)
Linux build and workspace tests	Build and run workspace tests	2026-10-07T17:34:17.9903758Z [1m[92m   Compiling[0m tree-sitter-c v0.24.1
Linux build and workspace tests	Build and run workspace tests	2026-10-07T17:34:18.0392235Z [1m[92m   Compiling[0m tree-sitter-typescript v0.23.2 (https://github.com/zed-industries/tree-sitter-typescript?rev=e2c53597d6a5d9cf7bbe8dccde576fe1e46c5899#e2c53597)
Linux build and workspace tests	Build and run workspace tests	2026-10-07T17:34:18.0543730Z [1m[92m   Compiling[0m tree-sitter-rust v0.24.2
Linux build and workspace tests	Build and run workspace tests	2026-10-07T17:34:18.1526807Z [1m[92m   Compiling[0m tree-sitter-bash v0.25.1
Linux build and workspace tests	Build and run workspace tests	2026-10-07T17:34:18.2096245Z [1m[92m   Compiling[0m tree-sitter-gowork v0.0.1 (https://github.com/zed-industries/tree-sitter-go-work?rev=acb0617bf7f4fda02c6217676cc64acb89536dc7#acb0617b)
Linux build and workspace tests	Build and run workspace tests	2026-10-07T17:34:18.2225324Z [1m[92m   Compiling[0m tree-sitter-cpp v0.23.4 (https://github.com/tree-sitter/tree-sitter-cpp?rev=5cb9b693cfd7bfacab1d9ff4acac1a4150700609#5cb9b693)
Linux build and workspace tests	Build and run workspace tests	2026-10-07T17:34:18.3154199Z [1m[92m   Compiling[0m httpdate v1.0.3
Linux build and workspace tests	Build and run workspace tests	2026-10-07T17:34:27.1073311Z [1m[92m   Compiling[0m nucleo v0.5.0
Linux build and workspace tests	Build and run workspace tests	2026-10-07T17:34:27.4154046Z [1m[92m   Compiling[0m fuzzy v0.1.0 (/home/runner/work/koda/koda/crates/fuzzy)
Linux build and workspace tests	Build and run workspace tests	2026-10-07T17:34:27.9501753Z [1m[92m   Compiling[0m lsp-types v0.95.1 (https://github.com/zed-industries/lsp-types?rev=f1783e63a7f4eb4397bf51d4148b4895a1f7ab16#f1783e63)
Linux build and workspace tests	Build and run workspace tests	2026-10-07T17:34:29.1084406Z [1m[92m   Compiling[0m async-pipe v0.1.3 (https://github.com/zed-industries/async-pipe-rs?rev=82d00a04211cf4e1236029aa03e6b6ce2a74c553#82d00a04)
Linux build and workspace tests	Build and run workspace tests	2026-10-07T17:34:30.2002296Z [1m[92m   Compiling[0m language_core v0.1.0 (/home/runner/work/koda/koda/crates/language_core)
Linux build and workspace tests	Build and run workspace tests	2026-10-07T17:34:31.8903853Z [1m[92m   Compiling[0m language v0.1.0 (/home/runner/work/koda/koda/crates/language)
Linux build and workspace tests	Build and run workspace tests	2026-10-07T17:34:32.0565626Z [1m[92m   Compiling[0m grammars v0.1.0 (/home/runner/work/koda/koda/crates/grammars)
Linux build and workspace tests	Build and run workspace tests	2026-10-07T17:34:32.3444027Z [1m[92m   Compiling[0m fuzzy_nucleo v0.1.0 (/home/runner/work/koda/koda/crates/fuzzy_nucleo)
Linux build and workspace tests	Build and run workspace tests	2026-10-07T17:34:32.8287767Z [1m[92m   Compiling[0m chardetng v0.1.17
Linux build and workspace tests	Build and run workspace tests	2026-10-07T17:34:32.8923697Z [1m[92m   Compiling[0m diffy v0.4.2
Linux build and workspace tests	Build and run workspace tests	2026-10-07T17:34:33.1723602Z [1m[92m   Compiling[0m hmac v0.12.1
Linux build and workspace tests	Build and run workspace tests	2026-10-07T17:34:33.2868133Z [1m[92m   Compiling[0m credentials_provider v0.1.0 (/home/runner/work/koda/koda/crates/credentials_provider)
Linux build and workspace tests	Build and run workspace tests	2026-10-07T17:34:33.7257120Z [1m[92m   Compiling[0m phf_codegen v0.13.1
Linux build and workspace tests	Build and run workspace tests	2026-10-07T17:34:33.8163569Z [1m[92m   Compiling[0m ascii v1.1.0
Linux build and workspace tests	Build and run workspace tests	2026-10-07T17:34:34.1615559Z [1m[92m   Compiling[0m chunked_transfer v1.5.0
Linux build and workspace tests	Build and run workspace tests	2026-10-07T17:34:34.2683614Z [1m[92m   Compiling[0m tiny_http v0.12.0
Linux build and workspace tests	Build and run workspace tests	2026-10-07T17:34:35.2271704Z [1m[92m   Compiling[0m cloud_api_types v0.1.0 (/home/runner/work/koda/koda/crates/cloud_api_types)
Linux build and workspace tests	Build and run workspace tests	2026-10-07T17:34:36.2854137Z [1m[92m   Compiling[0m lsp v0.1.0 (/home/runner/work/koda/koda/crates/lsp)
Linux build and workspace tests	Build and run workspace tests	2026-10-07T17:34:36.2983821Z [1m[92m   Compiling[0m gpui_tokio v0.1.0 (/home/runner/work/koda/koda/crates/gpui_tokio)
Linux build and workspace tests	Build and run workspace tests	2026-10-07T17:34:36.5854183Z [1m[92m   Compiling[0m bzip2-sys v0.1.13+1.0.8
Linux build and workspace tests	Build and run workspace tests	2026-10-07T17:34:39.2183956Z [1m[92m   Compiling[0m tower v0.5.2
Linux build and workspace tests	Build and run workspace tests	2026-10-07T17:34:40.1964629Z [1m[92m   Compiling[0m password-hash v0.4.2
Linux build and workspace tests	Build and run workspace tests	2026-10-07T17:34:40.6037754Z [1m[92m   Compiling[0m icons v0.1.0 (/home/runner/work/koda/koda/crates/icons)
Linux build and workspace tests	Build and run workspace tests	2026-10-07T17:34:40.6922576Z [1m[92m   Compiling[0m nom v8.0.0
Linux build and workspace tests	Build and run workspace tests	2026-10-07T17:34:41.0474115Z [1m[92m   Compiling[0m bzip2 v0.4.4
Linux build and workspace tests	Build and run workspace tests	2026-10-07T17:34:41.2333720Z [1m[92m   Compiling[0m pbkdf2 v0.11.0
Linux build and workspace tests	Build and run workspace tests	2026-10-07T17:34:41.4154171Z [1m[92m   Compiling[0m hyper-rustls v0.27.9
Linux build and workspace tests	Build and run workspace tests	2026-10-07T17:34:41.6603667Z [1m[92m   Compiling[0m constant_time_eq v0.1.5
Linux build and workspace tests	Build and run workspace tests	2026-10-07T17:34:41.7318664Z [1m[92m   Compiling[0m worktree v0.1.0 (/home/runner/work/koda/koda/crates/worktree)
Linux build and workspace tests	Build and run workspace tests	2026-10-07T17:34:41.8374023Z [1m[92m   Compiling[0m zip v0.6.6
Linux build and workspace tests	Build and run workspace tests	2026-10-07T17:34:42.5777277Z [1m[92m   Compiling[0m fs2 v0.4.3
Linux build and workspace tests	Build and run workspace tests	2026-10-07T17:34:42.7153693Z [1m[92m   Compiling[0m new_debug_unreachable v1.0.6
Linux build and workspace tests	Build and run workspace tests	2026-10-07T17:34:42.7640381Z [1m[92m   Compiling[0m feature_flags_macros v0.1.0 (/home/runner/work/koda/koda/crates/feature_flags_macros)
Linux build and workspace tests	Build and run workspace tests	2026-10-07T17:34:43.5481393Z [1m[92m   Compiling[0m yawc v0.4.2
Linux build and workspace tests	Build and run workspace tests	2026-10-07T17:34:45.0103485Z [1m[92m   Compiling[0m cloud_api_client v0.1.0 (/home/runner/work/koda/koda/crates/cloud_api_client)
Linux build and workspace tests	Build and run workspace tests	2026-10-07T17:34:45.1933491Z [1m[92m   Compiling[0m precomputed-hash v0.1.1
Linux build and workspace tests	Build and run workspace tests	2026-10-07T17:34:45.2492620Z [1m[92m   Compiling[0m proxy_handshake v0.1.0 (/home/runner/work/koda/koda/crates/proxy_handshake)
Linux build and workspace tests	Build and run workspace tests	2026-10-07T17:34:45.5344351Z [1m[92m   Compiling[0m zed_credentials_provider v0.1.0 (/home/runner/work/koda/koda/crates/zed_credentials_provider)
Linux build and workspace tests	Build and run workspace tests	2026-10-07T17:34:45.8793585Z [1m[92m   Compiling[0m itertools v0.15.0
Linux build and workspace tests	Build and run workspace tests	2026-10-07T17:34:45.9874129Z [1m[92m   Compiling[0m arraydeque v0.5.1
Linux build and workspace tests	Build and run workspace tests	2026-10-07T17:34:46.1489292Z [1m[92m   Compiling[0m ucd-trie v0.1.7
Linux build and workspace tests	Build and run workspace tests	2026-10-07T17:34:46.3663764Z [1m[92m   Compiling[0m dtoa v1.0.10
Linux build and workspace tests	Build and run workspace tests	2026-10-07T17:34:46.4783425Z [1m[92m   Compiling[0m dtoa-short v0.3.5
Linux build and workspace tests	Build and run workspace tests	2026-10-07T17:34:46.5023770Z [1m[92m   Compiling[0m feature_flags v0.1.0 (/home/runner/work/koda/koda/crates/feature_flags)
Linux build and workspace tests	Build and run workspace tests	2026-10-07T17:34:46.5694783Z [1m[92m   Compiling[0m node_runtime v0.1.0 (/home/runner/work/koda/koda/crates/node_runtime)
Linux build and workspace tests	Build and run workspace tests	2026-10-07T17:34:47.1652530Z [1m[92m   Compiling[0m client v0.1.0 (/home/runner/work/koda/koda/crates/client)
Linux build and workspace tests	Build and run workspace tests	2026-10-07T17:34:47.1814071Z [1m[92m   Compiling[0m optfield v0.4.0
Linux build and workspace tests	Build and run workspace tests	2026-10-07T17:34:47.3583931Z [1m[92m   Compiling[0m minimal-lexical v0.2.1
Linux build and workspace tests	Build and run workspace tests	2026-10-07T17:34:47.6043896Z [1m[92m   Compiling[0m nom v7.1.3
Linux build and workspace tests	Build and run workspace tests	2026-10-07T17:34:47.7534432Z [1m[92m   Compiling[0m documented-macros v0.10.0
Linux build and workspace tests	Build and run workspace tests	2026-10-07T17:34:47.8173707Z [1m[92m   Compiling[0m string_cache_codegen v0.6.1
Linux build and workspace tests	Build and run workspace tests	2026-10-07T17:34:48.2343676Z [1m[92m   Compiling[0m mime_guess v2.0.5
Linux build and workspace tests	Build and run workspace tests	2026-10-07T17:34:48.4993887Z [1m[92m   Compiling[0m home v0.5.11
Linux build and workspace tests	Build and run workspace tests	2026-10-07T17:34:48.6333656Z [1m[92m   Compiling[0m web_atoms v0.2.6
Linux build and workspace tests	Build and run workspace tests	2026-10-07T17:34:48.7696156Z [1m[92m   Compiling[0m documented v0.10.0
Linux build and workspace tests	Build and run workspace tests	2026-10-07T17:34:48.8633766Z [1m[92m   Compiling[0m ui v0.1.0 (/home/runner/work/koda/koda/crates/ui)
Linux build and workspace tests	Build and run workspace tests	2026-10-07T17:34:49.2019119Z [1m[92m   Compiling[0m string_cache v0.9.0
Linux build and workspace tests	Build and run workspace tests	2026-10-07T17:34:49.2781477Z [1m[92m   Compiling[0m tokio-socks v0.5.2
Linux build and workspace tests	Build and run workspace tests	2026-10-07T17:34:49.4182840Z [1m[92m   Compiling[0m dap-types v0.0.1 (https://github.com/zed-industries/dap-types?rev=1b461b310481d01e02b2603c16d7144b926339f8#1b461b31)
Linux build and workspace tests	Build and run workspace tests	2026-10-07T17:34:49.6633700Z [1m[92m   Compiling[0m num-format v0.4.4
Linux build and workspace tests	Build and run workspace tests	2026-10-07T17:34:49.6823934Z [1m[92m   Compiling[0m ui_macros v0.1.0 (/home/runner/work/koda/koda/crates/ui_macros)
Linux build and workspace tests	Build and run workspace tests	2026-10-07T17:34:50.2385526Z [1m[92m   Compiling[0m ordered-float v5.5.0
Linux build and workspace tests	Build and run workspace tests	2026-10-07T17:34:50.8073761Z [1m[92m   Compiling[0m unicode-general-category v1.1.0
Linux build and workspace tests	Build and run workspace tests	2026-10-07T17:34:51.5980347Z [1m[92m   Compiling[0m zed-reqwest v0.12.15-zed (https://github.com/zed-industries/reqwest.git?rev=33bc764aa15ff7b200bf7c93bd96e24878d53e14#33bc764a)
Linux build and workspace tests	Build and run workspace tests	2026-10-07T17:34:51.6713609Z [1m[92m   Compiling[0m tar v0.4.46
Linux build and workspace tests	Build and run workspace tests	2026-10-07T17:34:53.1113616Z [1m[92m   Compiling[0m tendril v0.5.1
Linux build and workspace tests	Build and run workspace tests	2026-10-07T17:34:53.1246978Z [1m[92m   Compiling[0m selectors v0.37.0
Linux build and workspace tests	Build and run workspace tests	2026-10-07T17:34:53.3783954Z [1m[92m   Compiling[0m component v0.1.0 (/home/runner/work/koda/koda/crates/component)
Linux build and workspace tests	Build and run workspace tests	2026-10-07T17:34:53.4094556Z [1m[92m   Compiling[0m theme_settings v0.1.0 (/home/runner/work/koda/koda/crates/theme_settings)
Linux build and workspace tests	Build and run workspace tests	2026-10-07T17:34:53.6063561Z [1m[92m   Compiling[0m cssparser-macros v0.6.1
Linux build and workspace tests	Build and run workspace tests	2026-10-07T17:34:53.9583682Z [1m[92m   Compiling[0m icu_locale_fallback_data v2.3.0
Linux build and workspace tests	Build and run workspace tests	2026-10-07T17:34:54.0163364Z [1m[92m   Compiling[0m cssparser v0.36.0
Linux build and workspace tests	Build and run workspace tests	2026-10-07T17:34:54.1443684Z [1m[92m   Compiling[0m markup5ever v0.39.0
Linux build and workspace tests	Build and run workspace tests	2026-10-07T17:34:54.3824321Z [1m[92m   Compiling[0m dap v0.1.0 (/home/runner/work/koda/koda/crates/dap)
Linux build and workspace tests	Build and run workspace tests	2026-10-07T17:34:55.0643328Z [1m[92m   Compiling[0m htmlize v1.1.0
Linux build and workspace tests	Build and run workspace tests	2026-10-07T17:34:55.1733928Z [1m[92m   Compiling[0m menu v0.1.0 (/home/runner/work/koda/koda/crates/menu)
Linux build and workspace tests	Build and run workspace tests	2026-10-07T17:34:55.4924766Z [1m[92m   Compiling[0m servo_arc v0.4.3
Linux build and workspace tests	Build and run workspace tests	2026-10-07T17:34:55.5063653Z [1m[92m   Compiling[0m lalrpop-util v0.23.1
Linux build and workspace tests	Build and run workspace tests	2026-10-07T17:34:55.6165014Z [1m[92m   Compiling[0m android_tools v0.1.0 (/home/runner/work/koda/koda/crates/android_tools)
Linux build and workspace tests	Build and run workspace tests	2026-10-07T17:34:55.6278304Z [1m[92m   Compiling[0m icu_collator_data v2.3.0
Linux build and workspace tests	Build and run workspace tests	2026-10-07T17:34:56.5153883Z [1m[92m   Compiling[0m pulldown-cmark v0.13.4
Linux build and workspace tests	Build and run workspace tests	2026-10-07T17:34:56.6303555Z [1m[92m   Compiling[0m pastey v0.1.1
Linux build and workspace tests	Build and run workspace tests	2026-10-07T17:34:56.6893542Z [1m[92m   Compiling[0m vcpkg v0.2.15
Linux build and workspace tests	Build and run workspace tests	2026-10-07T17:34:57.3080196Z [1m[92m   Compiling[0m lol_html v3.0.1
Linux build and workspace tests	Build and run workspace tests	2026-10-07T17:34:57.4533661Z [1m[92m   Compiling[0m icu_locale_fallback v2.3.0
Linux build and workspace tests	Build and run workspace tests	2026-10-07T17:34:57.7701726Z [1m[92m   Compiling[0m html5ever v0.39.0
Linux build and workspace tests	Build and run workspace tests	2026-10-07T17:34:58.6133763Z [1m[92m   Compiling[0m json5 v1.3.1
Linux build and workspace tests	Build and run workspace tests	2026-10-07T17:34:58.9253561Z [1m[92m   Compiling[0m granit-parser v1.0.0
Linux build and workspace tests	Build and run workspace tests	2026-10-07T17:34:59.1386137Z [1m[92m   Compiling[0m dugong-graphlib v0.8.0-alpha.5
Linux build and workspace tests	Build and run workspace tests	2026-10-07T17:34:59.6675301Z [1m[92m   Compiling[0m ryu-js v1.0.2
Linux build and workspace tests	Build and run workspace tests	2026-10-07T17:34:59.8778974Z [1m[92m   Compiling[0m merman-core v0.8.0-alpha.5
Linux build and workspace tests	Build and run workspace tests	2026-10-07T17:34:59.9433766Z [1m[92m   Compiling[0m dugong v0.8.0-alpha.5
Linux build and workspace tests	Build and run workspace tests	2026-10-07T17:35:02.8363663Z [1m[92m   Compiling[0m icu_collator v2.3.0
Linux build and workspace tests	Build and run workspace tests	2026-10-07T17:35:06.2780941Z [1m[92m   Compiling[0m oauth_callback_server v0.1.0 (/home/runner/work/koda/koda/crates/oauth_callback_server)
Linux build and workspace tests	Build and run workspace tests	2026-10-07T17:35:06.5803627Z [1m[92m   Compiling[0m roughr-merman v0.12.3
Linux build and workspace tests	Build and run workspace tests	2026-10-07T17:35:07.0663662Z [1m[92m   Compiling[0m manatee v0.8.0-alpha.5
Linux build and workspace tests	Build and run workspace tests	2026-10-07T17:35:07.5463670Z [1m[92m   Compiling[0m quick-xml v0.41.0
Linux build and workspace tests	Build and run workspace tests	2026-10-07T17:35:08.4649709Z [1m[92m   Compiling[0m indoc v2.0.6
Linux build and workspace tests	Build and run workspace tests	2026-10-07T17:35:08.7444124Z [1m[92m   Compiling[0m extension v0.1.0 (/home/runner/work/koda/koda/crates/extension)
Linux build and workspace tests	Build and run workspace tests	2026-10-07T17:35:08.9243475Z [1m[92m   Compiling[0m sysinfo v0.39.6
Linux build and workspace tests	Build and run workspace tests	2026-10-07T17:35:10.2854332Z [1m[92m   Compiling[0m signal-hook v0.4.4
Linux build and workspace tests	Build and run workspace tests	2026-10-07T17:35:10.4335093Z [1m[92m   Compiling[0m xml5ever v0.39.0
Linux build and workspace tests	Build and run workspace tests	2026-10-07T17:35:10.5582849Z [1m[92m   Compiling[0m cursor-icon v1.2.0
Linux build and workspace tests	Build and run workspace tests	2026-10-07T17:35:10.6337602Z [1m[92m   Compiling[0m vte v0.15.0
Linux build and workspace tests	Build and run workspace tests	2026-10-07T17:35:10.9624396Z [1m[92m   Compiling[0m markup5ever_rcdom v0.39.0+unofficial
Linux build and workspace tests	Build and run workspace tests	2026-10-07T17:35:11.3092421Z [1m[92m   Compiling[0m snippet v0.1.0 (/home/runner/work/koda/koda/crates/snippet)
Linux build and workspace tests	Build and run workspace tests	2026-10-07T17:35:11.4933631Z [1m[92m   Compiling[0m rustix-openpty v0.2.0
Linux build and workspace tests	Build and run workspace tests	2026-10-07T17:35:11.5224442Z [1m[92m   Compiling[0m buffer_diff v0.1.0 (/home/runner/work/koda/koda/crates/buffer_diff)
Linux build and workspace tests	Build and run workspace tests	2026-10-07T17:35:11.6494410Z [1m[92m   Compiling[0m alacritty_terminal v0.26.1-dev (https://github.com/zed-industries/alacritty?rev=4c129667ce56611becdc82de6e28218c80e2e88f#4c129667)
Linux build and workspace tests	Build and run workspace tests	2026-10-07T17:35:12.9258340Z [1m[92m   Compiling[0m fancy-regex v0.19.0
Linux build and workspace tests	Build and run workspace tests	2026-10-07T17:35:13.1305968Z [1m[92m   Compiling[0m snippet_provider v0.1.0 (/home/runner/work/koda/koda/crates/snippet_provider)
Linux build and workspace tests	Build and run workspace tests	2026-10-07T17:35:14.1391574Z [1m[92m   Compiling[0m merman-render v0.8.0-alpha.5
Linux build and workspace tests	Build and run workspace tests	2026-10-07T17:35:14.3853757Z [1m[92m   Compiling[0m pori v0.0.0
Linux build and workspace tests	Build and run workspace tests	2026-10-07T17:35:14.4953951Z [1m[92m   Compiling[0m env_var v0.1.0 (/home/runner/work/koda/koda/crates/env_var)
Linux build and workspace tests	Build and run workspace tests	2026-10-07T17:35:14.5983666Z [1m[92m   Compiling[0m linkify v0.10.0
Linux build and workspace tests	Build and run workspace tests	2026-10-07T17:35:14.7923610Z [1m[92m   Compiling[0m wax v0.7.0
Linux build and workspace tests	Build and run workspace tests	2026-10-07T17:35:23.6350778Z [1m[92m   Compiling[0m terminal v0.1.0 (/home/runner/work/koda/koda/crates/terminal)
Linux build and workspace tests	Build and run workspace tests	2026-10-07T17:35:24.1254541Z [1m[92m   Compiling[0m context_server v0.1.0 (/home/runner/work/koda/koda/crates/context_server)
Linux build and workspace tests	Build and run workspace tests	2026-10-07T17:35:26.3769495Z [1m[92m   Compiling[0m prettier v0.1.0 (/home/runner/work/koda/koda/crates/prettier)
Linux build and workspace tests	Build and run workspace tests	2026-10-07T17:35:27.0323804Z [1m[92m   Compiling[0m remote v0.1.0 (/home/runner/work/koda/koda/crates/remote)
Linux build and workspace tests	Build and run workspace tests	2026-10-07T17:35:28.4604177Z [1m[92m   Compiling[0m git_hosting_providers v0.1.0 (/home/runner/work/koda/koda/crates/git_hosting_providers)
Linux build and workspace tests	Build and run workspace tests	2026-10-07T17:35:30.1202237Z [1m[92m   Compiling[0m circular-buffer v1.2.0
Linux build and workspace tests	Build and run workspace tests	2026-10-07T17:35:30.3373488Z [1m[92m   Compiling[0m libsqlite3-sys v0.30.1
Linux build and workspace tests	Build and run workspace tests	2026-10-07T17:35:32.2252477Z [1m[92m   Compiling[0m language_model v0.1.0 (/home/runner/work/koda/koda/crates/language_model)
Linux build and workspace tests	Build and run workspace tests	2026-10-07T17:35:33.3933663Z [1m[92m   Compiling[0m merman v0.8.0-alpha.5
Linux build and workspace tests	Build and run workspace tests	2026-10-07T17:35:33.7559402Z [1m[92m   Compiling[0m mermaid_render v0.1.0 (/home/runner/work/koda/koda/crates/mermaid_render)
Linux build and workspace tests	Build and run workspace tests	2026-10-07T17:35:34.7154558Z [1m[92m   Compiling[0m markdown v0.1.0 (/home/runner/work/koda/koda/crates/markdown)
Linux build and workspace tests	Build and run workspace tests	2026-10-07T17:35:36.6333561Z [1m[92m   Compiling[0m unicode_categories v0.1.1
Linux build and workspace tests	Build and run workspace tests	2026-10-07T17:35:36.7826627Z [1m[92m   Compiling[0m sqlformat v0.2.6
Linux build and workspace tests	Build and run workspace tests	2026-10-07T17:35:40.6204110Z [1m[92m   Compiling[0m sqlez v0.1.0 (/home/runner/work/koda/koda/crates/sqlez)
Linux build and workspace tests	Build and run workspace tests	2026-10-07T17:35:42.1364947Z [1m[92m   Compiling[0m zed_env_vars v0.1.0 (/home/runner/work/koda/koda/crates/zed_env_vars)
Linux build and workspace tests	Build and run workspace tests	2026-10-07T17:35:42.2193947Z [1m[92m   Compiling[0m ui_input v0.1.0 (/home/runner/work/koda/koda/crates/ui_input)
Linux build and workspace tests	Build and run workspace tests	2026-10-07T17:35:42.2876790Z [1m[92m   Compiling[0m sqlez_macros v0.1.0 (/home/runner/work/koda/koda/crates/sqlez_macros)
Linux build and workspace tests	Build and run workspace tests	2026-10-07T17:35:42.5923661Z [1m[92m   Compiling[0m async-recursion v1.1.1
Linux build and workspace tests	Build and run workspace tests	2026-10-07T17:35:42.7283916Z [1m[92m   Compiling[0m db v0.1.0 (/home/runner/work/koda/koda/crates/db)
Linux build and workspace tests	Build and run workspace tests	2026-10-07T17:35:43.0763674Z [1m[92m   Compiling[0m any_vec v0.14.0
Linux build and workspace tests	Build and run workspace tests	2026-10-07T17:35:43.3537298Z [1m[92m   Compiling[0m session v0.1.0 (/home/runner/work/koda/koda/crates/session)
Linux build and workspace tests	Build and run workspace tests	2026-10-07T17:35:43.3724202Z [1m[92m   Compiling[0m crunchy v0.2.4
Linux build and workspace tests	Build and run workspace tests	2026-10-07T17:35:43.5800092Z [1m[92m   Compiling[0m tiny-keccak v2.0.2
Linux build and workspace tests	Build and run workspace tests	2026-10-07T17:35:43.7864890Z [1m[92m   Compiling[0m ahash v0.8.12
Linux build and workspace tests	Build and run workspace tests	2026-10-07T17:35:43.9850917Z [1m[92m   Compiling[0m const-random-macro v0.1.16
Linux build and workspace tests	Build and run workspace tests	2026-10-07T17:35:43.9989191Z [1m[92m   Compiling[0m num-bigint v0.4.8
Linux build and workspace tests	Build and run workspace tests	2026-10-07T17:35:44.2403674Z [1m[92m   Compiling[0m const-random v0.1.18
Linux build and workspace tests	Build and run workspace tests	2026-10-07T17:35:44.5243746Z [1m[92m   Compiling[0m toml_edit v0.23.7
Linux build and workspace tests	Build and run workspace tests	2026-10-07T17:35:45.4446667Z [1m[92m   Compiling[0m proc-macro-crate v3.4.0
Linux build and workspace tests	Build and run workspace tests	2026-10-07T17:35:45.6027122Z [1m[92m   Compiling[0m file_icons v0.1.0 (/home/runner/work/koda/koda/crates/file_icons)
Linux build and workspace tests	Build and run workspace tests	2026-10-07T17:35:45.8974274Z [1m[92m   Compiling[0m edit_prediction_types v0.1.0 (/home/runner/work/koda/koda/crates/edit_prediction_types)
Linux build and workspace tests	Build and run workspace tests	2026-10-07T17:35:46.0154041Z [1m[92m   Compiling[0m multi_buffer v0.1.0 (/home/runner/work/koda/koda/crates/multi_buffer)
Linux build and workspace tests	Build and run workspace tests	2026-10-07T17:35:46.4224085Z [1m[92m   Compiling[0m project v0.1.0 (/home/runner/work/koda/koda/crates/project)
Linux build and workspace tests	Build and run workspace tests	2026-10-07T17:35:47.1743663Z [1m[92m   Compiling[0m unindent v0.2.4
Linux build and workspace tests	Build and run workspace tests	2026-10-07T17:35:47.5843995Z [1m[92m   Compiling[0m assets v0.1.0 (/home/runner/work/koda/koda/crates/assets)
Linux build and workspace tests	Build and run workspace tests	2026-10-07T17:35:47.8504099Z [1m[92m   Compiling[0m libloading v0.8.9
Linux build and workspace tests	Build and run workspace tests	2026-10-07T17:35:48.0383814Z [1m[92m   Compiling[0m tree-sitter-html v0.23.2
Linux build and workspace tests	Build and run workspace tests	2026-10-07T17:35:48.9371054Z [1m[92m   Compiling[0m fearless_simd v0.4.1
Linux build and workspace tests	Build and run workspace tests	2026-10-07T17:35:50.1154206Z [1m[92m   Compiling[0m vim_mode_setting v0.1.0 (/home/runner/work/koda/koda/crates/vim_mode_setting)
Linux build and workspace tests	Build and run workspace tests	2026-10-07T17:35:50.6942795Z [1m[92m   Compiling[0m emojis v0.9.0
Linux build and workspace tests	Build and run workspace tests	2026-10-07T17:35:50.8373691Z [1m[92m   Compiling[0m hashbrown v0.14.5
Linux build and workspace tests	Build and run workspace tests	2026-10-07T17:35:51.4607386Z [1m[92m   Compiling[0m num-rational v0.4.2
Linux build and workspace tests	Build and run workspace tests	2026-10-07T17:35:51.7635978Z [1m[92m   Compiling[0m winnow v1.0.2
Linux build and workspace tests	Build and run workspace tests	2026-10-07T17:35:52.4164080Z [1m[92m   Compiling[0m betlang v0.1.1
Linux build and workspace tests	Build and run workspace tests	2026-10-07T17:35:52.7004748Z [1m[92m   Compiling[0m language_detection v0.1.0 (/home/runner/work/koda/koda/crates/language_detection)
Linux build and workspace tests	Build and run workspace tests	2026-10-07T17:35:52.9523826Z [1m[92m   Compiling[0m zvariant_utils v3.3.1
Linux build and workspace tests	Build and run workspace tests	2026-10-07T17:35:53.1753795Z [1m[92m   Compiling[0m enumflags2_derive v0.7.12
Linux build and workspace tests	Build and run workspace tests	2026-10-07T17:35:53.4873610Z [1m[92m   Compiling[0m zvariant_derive v5.11.0
Linux build and workspace tests	Build and run workspace tests	2026-10-07T17:35:53.6967869Z [1m[92m   Compiling[0m enumflags2 v0.7.12
Linux build and workspace tests	Build and run workspace tests	2026-10-07T17:35:53.8424103Z [1m[92m   Compiling[0m dlib v0.5.3
Linux build and workspace tests	Build and run workspace tests	2026-10-07T17:35:54.3277549Z [1m[92m   Compiling[0m serde_bytes v0.11.19
Linux build and workspace tests	Build and run workspace tests	2026-10-07T17:35:54.3473549Z [1m[92m   Compiling[0m endi v1.1.0
Linux build and workspace tests	Build and run workspace tests	2026-10-07T17:35:54.5243575Z [1m[92m   Compiling[0m wayland-sys v0.31.11
Linux build and workspace tests	Build and run workspace tests	2026-10-07T17:35:55.9393598Z [1m[92m   Compiling[0m camino v1.2.6
Linux build and workspace tests	Build and run workspace tests	2026-10-07T17:35:55.9743919Z [1m[92m   Compiling[0m zvariant v5.11.0
Linux build and workspace tests	Build and run workspace tests	2026-10-07T17:35:58.6496624Z [1m[92m   Compiling[0m zbus_names v4.3.2
Linux build and workspace tests	Build and run workspace tests	2026-10-07T17:36:00.5162728Z [1m[92m   Compiling[0m scoped-tls v1.0.1
Linux build and workspace tests	Build and run workspace tests	2026-10-07T17:36:00.5853507Z [1m[92m   Compiling[0m quick-xml v0.39.3
Linux build and workspace tests	Build and run workspace tests	2026-10-07T17:36:02.4933896Z [1m[92m   Compiling[0m naga v29.0.4
Linux build and workspace tests	Build and run workspace tests	2026-10-07T17:36:02.6605068Z [1m[92m   Compiling[0m md-5 v0.10.6
Linux build and workspace tests	Build and run workspace tests	2026-10-07T17:36:02.7134271Z [1m[92m   Compiling[0m wayland-backend v0.3.15
Linux build and workspace tests	Build and run workspace tests	2026-10-07T17:36:02.7518146Z [1m[92m   Compiling[0m ash v0.38.0+1.3.281
Linux build and workspace tests	Build and run workspace tests	2026-10-07T17:36:02.8604048Z [1m[92m   Compiling[0m bit-vec v0.9.1
Linux build and workspace tests	Build and run workspace tests	2026-10-07T17:36:02.8733538Z [1m[92m   Compiling[0m sys-locale v0.3.2
Linux build and workspace tests	Build and run workspace tests	2026-10-07T17:36:03.0858430Z [1m[92m   Compiling[0m bit-set v0.9.1
Linux build and workspace tests	Build and run workspace tests	2026-10-07T17:36:03.2613566Z [1m[92m   Compiling[0m zbus_macros v5.13.2
Linux build and workspace tests	Build and run workspace tests	2026-10-07T17:36:03.5863558Z [1m[92m   Compiling[0m codespan-reporting v0.13.0
Linux build and workspace tests	Build and run workspace tests	2026-10-07T17:36:04.0374797Z [1m[92m   Compiling[0m serde_repr v0.1.20
Linux build and workspace tests	Build and run workspace tests	2026-10-07T17:36:04.5084163Z [1m[92m   Compiling[0m async-broadcast v0.7.2
Linux build and workspace tests	Build and run workspace tests	2026-10-07T17:36:04.7093670Z [1m[92m   Compiling[0m spirv v0.4.0+sdk-1.4.341.0
Linux build and workspace tests	Build and run workspace tests	2026-10-07T17:36:05.7534282Z [1m[92m   Compiling[0m ordered-stream v0.2.0
Linux build and workspace tests	Build and run workspace tests	2026-10-07T17:36:06.0253638Z [1m[92m   Compiling[0m quick-xml v0.37.5
Linux build and workspace tests	Build and run workspace tests	2026-10-07T17:36:06.7683860Z [1m[92m   Compiling[0m rustc-hash v1.1.0
Linux build and workspace tests	Build and run workspace tests	2026-10-07T17:36:06.7903503Z [1m[92m   Compiling[0m khronos-egl v6.0.0
Linux build and workspace tests	Build and run workspace tests	2026-10-07T17:36:06.8323766Z [1m[92m   Compiling[0m wayland-client v0.31.11
Linux build and workspace tests	Build and run workspace tests	2026-10-07T17:36:06.8903602Z [1m[92m   Compiling[0m downcast-rs v1.2.1
Linux build and workspace tests	Build and run workspace tests	2026-10-07T17:36:06.9383596Z [1m[92m   Compiling[0m hexf-parse v0.2.1
Linux build and workspace tests	Build and run workspace tests	2026-10-07T17:36:08.1973966Z [1m[92m   Compiling[0m wayland-scanner v0.31.7
Linux build and workspace tests	Build and run workspace tests	2026-10-07T17:36:09.7204188Z [1m[92m   Compiling[0m zbus v5.13.2
Linux build and workspace tests	Build and run workspace tests	2026-10-07T17:36:18.8144438Z [1m[92m   Compiling[0m agent_settings v0.1.0 (/home/runner/work/koda/koda/crates/agent_settings)
Linux build and workspace tests	Build and run workspace tests	2026-10-07T17:36:19.9224761Z [1m[92m   Compiling[0m workspace v0.1.0 (/home/runner/work/koda/koda/crates/workspace)
Linux build and workspace tests	Build and run workspace tests	2026-10-07T17:36:27.6654232Z [1m[92m   Compiling[0m hkdf v0.12.4
Linux build and workspace tests	Build and run workspace tests	2026-10-07T17:36:27.7533545Z [1m[92m   Compiling[0m wgpu-types v29.0.4
Linux build and workspace tests	Build and run workspace tests	2026-10-07T17:36:30.0683759Z [1m[92m   Compiling[0m wgpu-hal v29.0.4
Linux build and workspace tests	Build and run workspace tests	2026-10-07T17:36:30.3513660Z [1m[92m   Compiling[0m gpu-descriptor-types v0.2.0
Linux build and workspace tests	Build and run workspace tests	2026-10-07T17:36:30.5395791Z [1m[92m   Compiling[0m breadcrumbs v0.1.0 (/home/runner/work/koda/koda/crates/breadcrumbs)
Linux build and workspace tests	Build and run workspace tests	2026-10-07T17:36:30.6647796Z [1m[92m   Compiling[0m presser v0.3.1
Linux build and workspace tests	Build and run workspace tests	2026-10-07T17:36:30.7684248Z [1m[92m   Compiling[0m gpu-allocator v0.28.0
Linux build and workspace tests	Build and run workspace tests	2026-10-07T17:36:31.2494022Z [1m[92m   Compiling[0m editor v0.1.0 (/home/runner/work/koda/koda/crates/editor)
Linux build and workspace tests	Build and run workspace tests	2026-10-07T17:36:31.3274011Z [1m[92m   Compiling[0m gpu-descriptor v0.3.2
Linux build and workspace tests	Build and run workspace tests	2026-10-07T17:36:31.5794147Z [1m[92m   Compiling[0m wgpu-naga-bridge v29.0.4
Linux build and workspace tests	Build and run workspace tests	2026-10-07T17:36:33.7878859Z [1m[92m   Compiling[0m zbus_xml v5.1.1
Linux build and workspace tests	Build and run workspace tests	2026-10-07T17:36:34.5312529Z [1m[92m   Compiling[0m pathfinder_simd v0.5.6
Linux build and workspace tests	Build and run workspace tests	2026-10-07T17:36:34.6793744Z [1m[92m   Compiling[0m font-types v0.10.0
Linux build and workspace tests	Build and run workspace tests	2026-10-07T17:36:35.0303431Z [1m[92m   Compiling[0m font-types v0.11.0
Linux build and workspace tests	Build and run workspace tests	2026-10-07T17:36:35.3933663Z [1m[92m   Compiling[0m freetype-sys v0.20.1
Linux build and workspace tests	Build and run workspace tests	2026-10-07T17:36:35.5794359Z [1m[92m   Compiling[0m yeslogic-fontconfig-sys v6.0.0
Linux build and workspace tests	Build and run workspace tests	2026-10-07T17:36:35.7073639Z [1m[92m   Compiling[0m renderdoc-sys v1.1.0
Linux build and workspace tests	Build and run workspace tests	2026-10-07T17:36:35.8223693Z [1m[92m   Compiling[0m glow v0.17.0
Linux build and workspace tests	Build and run workspace tests	2026-10-07T17:36:40.7083412Z [1m[92m   Compiling[0m read-fonts v0.37.0
Linux build and workspace tests	Build and run workspace tests	2026-10-07T17:36:43.0119482Z [1m[92m   Compiling[0m read-fonts v0.35.0
Linux build and workspace tests	Build and run workspace tests	2026-10-07T17:36:48.1523634Z [1m[92m   Compiling[0m zbus-lockstep v0.5.2
Linux build and workspace tests	Build and run workspace tests	2026-10-07T17:36:49.0574193Z [1m[92m   Compiling[0m wgpu-core v29.0.4
Linux build and workspace tests	Build and run workspace tests	2026-10-07T17:36:49.3353870Z [1m[92m   Compiling[0m num-complex v0.4.6
Linux build and workspace tests	Build and run workspace tests	2026-10-07T17:36:49.7733734Z [1m[92m   Compiling[0m litrs v1.0.0
Linux build and workspace tests	Build and run workspace tests	2026-10-07T17:36:50.2513528Z [1m[92m   Compiling[0m document-features v0.2.12
Linux build and workspace tests	Build and run workspace tests	2026-10-07T17:36:50.7143711Z [1m[92m   Compiling[0m num v0.4.3
Linux build and workspace tests	Build and run workspace tests	2026-10-07T17:36:50.8243380Z [1m[92m   Compiling[0m skrifa v0.37.0
Linux build and workspace tests	Build and run workspace tests	2026-10-07T17:36:51.0005647Z [1m[92m   Compiling[0m zbus-lockstep-macros v0.5.2
Linux build and workspace tests	Build and run workspace tests	2026-10-07T17:36:51.8203997Z [1m[92m   Compiling[0m wgpu-core-deps-windows-linux-android v29.0.4
Linux build and workspace tests	Build and run workspace tests	2026-10-07T17:36:51.8733698Z [1m[92m   Compiling[0m pathdiff v0.2.3
Linux build and workspace tests	Build and run workspace tests	2026-10-07T17:36:51.9403438Z [1m[92m   Compiling[0m wgpu v29.0.4
Linux build and workspace tests	Build and run workspace tests	2026-10-07T17:36:52.3363973Z [1m[92m   Compiling[0m yazi v0.2.1
Linux build and workspace tests	Build and run workspace tests	2026-10-07T17:36:52.7983707Z [1m[92m   Compiling[0m zeno v0.3.3
Linux build and workspace tests	Build and run workspace tests	2026-10-07T17:36:53.3754674Z [1m[92m   Compiling[0m zed-font-kit v0.14.1-zed (https://github.com/zed-industries/font-kit?rev=94b0f28166665e8fd2f53ff6d268a14955c82269#94b0f281)
Linux build and workspace tests	Build and run workspace tests	2026-10-07T17:36:53.5294043Z [1m[92m   Compiling[0m swash v0.2.6
Linux build and workspace tests	Build and run workspace tests	2026-10-07T17:36:57.5334147Z [1m[92m   Compiling[0m pathfinder_geometry v0.5.1
Linux build and workspace tests	Build and run workspace tests	2026-10-07T17:36:57.7744719Z [1m[92m   Compiling[0m atspi-common v0.13.0
Linux build and workspace tests	Build and run workspace tests	2026-10-07T17:37:03.2193640Z [1m[92m   Compiling[0m harfrust v0.5.0
Linux build and workspace tests	Build and run workspace tests	2026-10-07T17:37:03.9453727Z [1m[92m   Compiling[0m skrifa v0.40.0
Linux build and workspace tests	Build and run workspace tests	2026-10-07T17:37:04.2773680Z [1m[92m   Compiling[0m wayland-protocols v0.32.9
Linux build and workspace tests	Build and run workspace tests	2026-10-07T17:37:07.0943688Z [1m[92m   Compiling[0m rangemap v1.7.1
Linux build and workspace tests	Build and run workspace tests	2026-10-07T17:37:07.3413648Z [1m[92m   Compiling[0m linebender_resource_handle v0.1.1
Linux build and workspace tests	Build and run workspace tests	2026-10-07T17:37:07.4257539Z [1m[92m   Compiling[0m float-ord v0.3.2
Linux build and workspace tests	Build and run workspace tests	2026-10-07T17:37:07.4905024Z [1m[92m   Compiling[0m self_cell v1.2.2
Linux build and workspace tests	Build and run workspace tests	2026-10-07T17:37:07.5683707Z [1m[92m   Compiling[0m cosmic-text v0.19.0
Linux build and workspace tests	Build and run workspace tests	2026-10-07T17:37:09.7193794Z [1m[92m   Compiling[0m as-raw-xcb-connection v1.0.1
Linux build and workspace tests	Build and run workspace tests	2026-10-07T17:37:09.7824498Z [1m[92m   Compiling[0m xim-parser v0.2.1 (https://github.com/zed-industries/xim-rs.git?rev=16f35a2c881b815a2b6cdfd6687988e84f8447d8#16f35a2c)
Linux build and workspace tests	Build and run workspace tests	2026-10-07T17:37:09.8933795Z [1m[92m   Compiling[0m xcursor v0.3.10
Linux build and workspace tests	Build and run workspace tests	2026-10-07T17:37:10.1913966Z [1m[92m   Compiling[0m num-bigint-dig v0.9.1
Linux build and workspace tests	Build and run workspace tests	2026-10-07T17:37:10.3653862Z [1m[92m   Compiling[0m atspi-proxies v0.13.0
Linux build and workspace tests	Build and run workspace tests	2026-10-07T17:37:10.9563564Z [1m[92m   Compiling[0m accesskit_consumer v0.38.0
Linux build and workspace tests	Build and run workspace tests	2026-10-07T17:37:11.2643407Z [1m[92m   Compiling[0m gethostname v1.1.0
Linux build and workspace tests	Build and run workspace tests	2026-10-07T17:37:11.3593564Z [1m[92m   Compiling[0m is-docker v0.2.0
Linux build and workspace tests	Build and run workspace tests	2026-10-07T17:37:11.4923756Z [1m[92m   Compiling[0m x11rb-protocol v0.13.2
Linux build and workspace tests	Build and run workspace tests	2026-10-07T17:37:11.9003983Z [1m[92m   Compiling[0m atspi v0.29.0
Linux build and workspace tests	Build and run workspace tests	2026-10-07T17:37:11.9453831Z [1m[92m   Compiling[0m accesskit_atspi_common v0.19.1
Linux build and workspace tests	Build and run workspace tests	2026-10-07T17:37:11.9682055Z [1m[92m   Compiling[0m is-wsl v0.4.0
Linux build and workspace tests	Build and run workspace tests	2026-10-07T17:37:12.0983757Z [1m[92m   Compiling[0m gpui_wgpu v0.1.0 (/home/runner/work/koda/koda/crates/gpui_wgpu)
Linux build and workspace tests	Build and run workspace tests	2026-10-07T17:37:13.9809327Z [1m[92m   Compiling[0m ashpd v0.13.5
Linux build and workspace tests	Build and run workspace tests	2026-10-07T17:37:14.9513983Z [1m[92m   Compiling[0m pbkdf2 v0.12.2
Linux build and workspace tests	Build and run workspace tests	2026-10-07T17:37:15.0283460Z [1m[92m   Compiling[0m cbc v0.1.2
Linux build and workspace tests	Build and run workspace tests	2026-10-07T17:37:15.1194335Z [1m[92m   Compiling[0m xim-ctext v0.3.0 (https://github.com/zed-industries/xim-rs.git?rev=16f35a2c881b815a2b6cdfd6687988e84f8447d8#16f35a2c)
Linux build and workspace tests	Build and run workspace tests	2026-10-07T17:37:15.2825373Z [1m[92m   Compiling[0m calloop v0.14.3 (https://github.com/zed-industries/calloop#eb6b4fd1)
Linux build and workspace tests	Build and run workspace tests	2026-10-07T17:37:15.9723796Z [1m[92m   Compiling[0m xkeysym v0.2.1
Linux build and workspace tests	Build and run workspace tests	2026-10-07T17:37:16.6803679Z [1m[92m   Compiling[0m xkbcommon v0.8.0
Linux build and workspace tests	Build and run workspace tests	2026-10-07T17:37:16.8110659Z [1m[92m   Compiling[0m calloop-wayland-source v0.4.1
Linux build and workspace tests	Build and run workspace tests	2026-10-07T17:37:16.9491320Z [1m[92m   Compiling[0m oo7 v0.6.0
Linux build and workspace tests	Build and run workspace tests	2026-10-07T17:37:16.9515978Z [1m[92m   Compiling[0m accesskit_unix v0.22.1
Linux build and workspace tests	Build and run workspace tests	2026-10-07T17:37:17.0006714Z [1m[92m   Compiling[0m open v5.3.2
Linux build and workspace tests	Build and run workspace tests	2026-10-07T17:37:17.1543713Z [1m[92m   Compiling[0m wayland-cursor v0.31.11
Linux build and workspace tests	Build and run workspace tests	2026-10-07T17:37:17.3999143Z [1m[92m   Compiling[0m wayland-protocols-plasma v0.3.9
Linux build and workspace tests	Build and run workspace tests	2026-10-07T17:37:19.4723717Z [1m[92m   Compiling[0m wayland-protocols-wlr v0.3.9
Linux build and workspace tests	Build and run workspace tests	2026-10-07T17:37:20.4293960Z [1m[92m   Compiling[0m notify-rust v4.18.0
Linux build and workspace tests	Build and run workspace tests	2026-10-07T17:37:20.8203846Z [1m[92m   Compiling[0m filedescriptor v0.8.3
Linux build and workspace tests	Build and run workspace tests	2026-10-07T17:37:21.0023752Z [1m[92m   Compiling[0m env_filter v0.1.4
Linux build and workspace tests	Build and run workspace tests	2026-10-07T17:37:21.2713815Z [1m[92m   Compiling[0m jiff v0.2.15
Linux build and workspace tests	Build and run workspace tests	2026-10-07T17:37:21.8027186Z [1m[92m   Compiling[0m x11rb v0.13.2
Linux build and workspace tests	Build and run workspace tests	2026-10-07T17:37:22.0921900Z [1m[92m   Compiling[0m picker v0.1.0 (/home/runner/work/koda/koda/crates/picker)
Linux build and workspace tests	Build and run workspace tests	2026-10-07T17:37:23.7224505Z [1m[92m   Compiling[0m zed-xim v0.4.0-zed (https://github.com/zed-industries/xim-rs.git?rev=16f35a2c881b815a2b6cdfd6687988e84f8447d8#16f35a2c)
Linux build and workspace tests	Build and run workspace tests	2026-10-07T17:37:23.7352187Z [1m[92m   Compiling[0m reqwest_client v0.1.0 (/home/runner/work/koda/koda/crates/reqwest_client)
Linux build and workspace tests	Build and run workspace tests	2026-10-07T17:37:23.9504210Z [1m[92m   Compiling[0m gpui_linux v0.1.0 (/home/runner/work/koda/koda/crates/gpui_linux)
Linux build and workspace tests	Build and run workspace tests	2026-10-07T17:37:24.2233683Z [1m[92m   Compiling[0m glob v0.3.3
Linux build and workspace tests	Build and run workspace tests	2026-10-07T17:37:24.5482424Z [1m[92m   Compiling[0m env_logger v0.11.8
Linux build and workspace tests	Build and run workspace tests	2026-10-07T17:37:24.8794224Z [1m[92m   Compiling[0m http v0.2.12
Linux build and workspace tests	Build and run workspace tests	2026-10-07T17:37:25.3423539Z [1m[92m   Compiling[0m vsimd v0.8.0
Linux build and workspace tests	Build and run workspace tests	2026-10-07T17:37:25.7130592Z [1m[92m   Compiling[0m http-body v0.4.6
Linux build and workspace tests	Build and run workspace tests	2026-10-07T17:37:25.7374270Z [1m[92m   Compiling[0m outref v0.5.2
Linux build and workspace tests	Build and run workspace tests	2026-10-07T17:37:25.7864283Z [1m[92m   Compiling[0m command_palette_hooks v0.1.0 (/home/runner/work/koda/koda/crates/command_palette_hooks)
Linux build and workspace tests	Build and run workspace tests	2026-10-07T17:37:25.8004019Z [1m[92m   Compiling[0m base64-simd v0.8.0
Linux build and workspace tests	Build and run workspace tests	2026-10-07T17:37:25.9083598Z [1m[92m   Compiling[0m bytes-utils v0.1.4
Linux build and workspace tests	Build and run workspace tests	2026-10-07T17:37:26.1433805Z [1m[92m   Compiling[0m aws-smithy-types v1.4.7
Linux build and workspace tests	Build and run workspace tests	2026-10-07T17:37:26.1614520Z [1m[92m   Compiling[0m pet-fs v0.1.0 (https://github.com/zed-industries/python-environment-tools.git?rev=5aad7164bfc2a58977b103c8ef8fdd7302ed2e9f#5aad7164)
Linux build and workspace tests	Build and run workspace tests	2026-10-07T17:37:26.3833804Z [1m[92m   Compiling[0m aws-smithy-async v1.2.14
Linux build and workspace tests	Build and run workspace tests	2026-10-07T17:37:26.5383507Z [1m[92m   Compiling[0m is-terminal v0.4.16
Linux build and workspace tests	Build and run workspace tests	2026-10-07T17:37:26.6098922Z [1m[92m   Compiling[0m ident_case v1.0.1
Linux build and workspace tests	Build and run workspace tests	2026-10-07T17:37:26.6254136Z [1m[92m   Compiling[0m humantime v2.3.0
Linux build and workspace tests	Build and run workspace tests	2026-10-07T17:37:26.6914550Z [1m[92m   Compiling[0m pet-core v0.1.0 (https://github.com/zed-industries/python-environment-tools.git?rev=5aad7164bfc2a58977b103c8ef8fdd7302ed2e9f#5aad7164)
Linux build and workspace tests	Build and run workspace tests	2026-10-07T17:37:26.8674324Z [1m[92m   Compiling[0m aws-smithy-runtime-api v1.11.4
Linux build and workspace tests	Build and run workspace tests	2026-10-07T17:37:27.3603640Z [1m[92m   Compiling[0m env_logger v0.10.2
Linux build and workspace tests	Build and run workspace tests	2026-10-07T17:37:27.7983792Z [1m[92m   Compiling[0m crossbeam-channel v0.5.15
Linux build and workspace tests	Build and run workspace tests	2026-10-07T17:37:28.0448144Z [1m[92m   Compiling[0m gpui_platform v0.1.0 (/home/runner/work/koda/koda/crates/gpui_platform)
Linux build and workspace tests	Build and run workspace tests	2026-10-07T17:37:28.4033518Z [1m[92m   Compiling[0m der v0.6.1
Linux build and workspace tests	Build and run workspace tests	2026-10-07T17:37:28.4513998Z [1m[92m   Compiling[0m io-lifetimes v3.0.1
Linux build and workspace tests	Build and run workspace tests	2026-10-07T17:37:28.6584245Z [1m[92m   Compiling[0m io-lifetimes v2.0.4
Linux build and workspace tests	Build and run workspace tests	2026-10-07T17:37:28.9364829Z [1m[92m   Compiling[0m pet-python-utils v0.1.0 (https://github.com/zed-industries/python-environment-tools.git?rev=5aad7164bfc2a58977b103c8ef8fdd7302ed2e9f#5aad7164)
Linux build and workspace tests	Build and run workspace tests	2026-10-07T17:37:29.3206654Z [1m[92m   Compiling[0m spki v0.6.0
Linux build and workspace tests	Build and run workspace tests	2026-10-07T17:37:29.3329482Z [1m[92m   Compiling[0m io-extras v0.19.0
Linux build and workspace tests	Build and run workspace tests	2026-10-07T17:37:29.5284810Z [1m[92m   Compiling[0m pkcs8 v0.9.0
Linux build and workspace tests	Build and run workspace tests	2026-10-07T17:37:29.7363868Z [1m[92m   Compiling[0m crypto-bigint v0.4.9
Linux build and workspace tests	Build and run workspace tests	2026-10-07T17:37:29.8084468Z [1m[92m   Compiling[0m ff v0.12.1
Linux build and workspace tests	Build and run workspace tests	2026-10-07T17:37:29.8953708Z [1m[92m   Compiling[0m cap-primitives v4.0.3
Linux build and workspace tests	Build and run workspace tests	2026-10-07T17:37:30.1033628Z [1m[92m   Compiling[0m unsafe-libyaml v0.2.11
Linux build and workspace tests	Build and run workspace tests	2026-10-07T17:37:30.1273458Z [1m[92m   Compiling[0m base16ct v0.1.1
Linux build and workspace tests	Build and run workspace tests	2026-10-07T17:37:30.2933516Z [1m[92m   Compiling[0m sec1 v0.3.0
Linux build and workspace tests	Build and run workspace tests	2026-10-07T17:37:30.5044478Z [1m[92m   Compiling[0m group v0.12.1
Linux build and workspace tests	Build and run workspace tests	2026-10-07T17:37:30.5433828Z [1m[92m   Compiling[0m fs-set-times v0.20.3
Linux build and workspace tests	Build and run workspace tests	2026-10-07T17:37:30.7183842Z [1m[92m   Compiling[0m aws-smithy-eventstream v0.60.20
Linux build and workspace tests	Build and run workspace tests	2026-10-07T17:37:30.8613016Z [1m[92m   Compiling[0m tokio-stream v0.1.17
Linux build and workspace tests	Build and run workspace tests	2026-10-07T17:37:31.0301015Z [1m[92m   Compiling[0m rustix-linux-procfs v0.1.1
Linux build and workspace tests	Build and run workspace tests	2026-10-07T17:37:31.0554377Z [1m[92m   Compiling[0m maybe-owned v0.3.4
Linux build and workspace tests	Build and run workspace tests	2026-10-07T17:37:31.1993430Z [1m[92m   Compiling[0m ambient-authority v0.0.2
Linux build and workspace tests	Build and run workspace tests	2026-10-07T17:37:31.2608718Z [1m[92m   Compiling[0m cap-std v4.0.3
Linux build and workspace tests	Build and run workspace tests	2026-10-07T17:37:31.2923672Z [1m[92m   Compiling[0m cfg-expr v0.20.9
Linux build and workspace tests	Build and run workspace tests	2026-10-07T17:37:31.5633770Z [1m[92m   Compiling[0m aws-smithy-http v0.63.4
Linux build and workspace tests	Build and run workspace tests	2026-10-07T17:37:31.8573700Z [1m[92m   Compiling[0m elliptic-curve v0.12.3
Linux build and workspace tests	Build and run workspace tests	2026-10-07T17:37:31.9663572Z [1m[92m   Compiling[0m rfc6979 v0.3.1
Linux build and workspace tests	Build and run workspace tests	2026-10-07T17:37:32.0243681Z [1m[92m   Compiling[0m hashlink v0.8.4
Linux build and workspace tests	Build and run workspace tests	2026-10-07T17:37:32.0480511Z [1m[92m   Compiling[0m signature v1.6.4
Linux build and workspace tests	Build and run workspace tests	2026-10-07T17:37:32.1033759Z [1m[92m   Compiling[0m version-compare v0.2.0
Linux build and workspace tests	Build and run workspace tests	2026-10-07T17:37:32.1463904Z [1m[92m   Compiling[0m cpufeatures v0.3.0
Linux build and workspace tests	Build and run workspace tests	2026-10-07T17:37:32.2103607Z [1m[92m   Compiling[0m portable-atomic v1.11.1
Linux build and workspace tests	Build and run workspace tests	2026-10-07T17:37:32.2843554Z [1m[92m   Compiling[0m cap-fs-ext v4.0.3
Linux build and workspace tests	Build and run workspace tests	2026-10-07T17:37:32.3674121Z [1m[92m   Compiling[0m yaml-rust2 v0.8.1
Linux build and workspace tests	Build and run workspace tests	2026-10-07T17:37:32.5527431Z [1m[92m   Compiling[0m system-deps v7.0.7
Linux build and workspace tests	Build and run workspace tests	2026-10-07T17:37:32.6082596Z [1m[92m   Compiling[0m chacha20 v0.10.1
Linux build and workspace tests	Build and run workspace tests	2026-10-07T17:37:32.8571771Z [1m[92m   Compiling[0m ecdsa v0.14.8
Linux build and workspace tests	Build and run workspace tests	2026-10-07T17:37:33.1963644Z [1m[92m   Compiling[0m aws-credential-types v1.2.12
Linux build and workspace tests	Build and run workspace tests	2026-10-07T17:37:33.2922184Z [1m[92m   Compiling[0m aws-types v1.3.12
Linux build and workspace tests	Build and run workspace tests	2026-10-07T17:37:33.4524742Z [1m[92m   Compiling[0m moka v0.12.11
Linux build and workspace tests	Build and run workspace tests	2026-10-07T17:37:33.5485787Z [1m[92m   Compiling[0m p256 v0.11.1
Linux build and workspace tests	Build and run workspace tests	2026-10-07T17:37:33.5953681Z [1m[92m   Compiling[0m rand v0.10.2
Linux build and workspace tests	Build and run workspace tests	2026-10-07T17:37:34.0134955Z [1m[92m   Compiling[0m aws-smithy-observability v0.2.5
Linux build and workspace tests	Build and run workspace tests	2026-10-07T17:37:34.0454173Z [1m[92m   Compiling[0m aws-smithy-http-client v1.1.10
Linux build and workspace tests	Build and run workspace tests	2026-10-07T17:37:34.1393649Z [1m[92m   Compiling[0m wasmtime-wasi-io v48.0.1
Linux build and workspace tests	Build and run workspace tests	2026-10-07T17:37:34.2648457Z [1m[92m   Compiling[0m crypto-bigint v0.5.5
Linux build and workspace tests	Build and run workspace tests	2026-10-07T17:37:34.2773325Z [1m[92m   Compiling[0m tagptr v0.2.0
Linux build and workspace tests	Build and run workspace tests	2026-10-07T17:37:34.3784174Z [1m[92m   Compiling[0m extension_host v0.1.0 (/home/runner/work/koda/koda/crates/extension_host)
Linux build and workspace tests	Build and run workspace tests	2026-10-07T17:37:35.3123756Z [1m[92m   Compiling[0m aws-smithy-runtime v1.10.1
Linux build and workspace tests	Build and run workspace tests	2026-10-07T17:37:35.4063592Z [1m[92m   Compiling[0m aws-sigv4 v1.4.0
Linux build and workspace tests	Build and run workspace tests	2026-10-07T17:37:35.4233686Z [1m[92m   Compiling[0m wasmtime-wasi v48.0.1
Linux build and workspace tests	Build and run workspace tests	2026-10-07T17:37:36.7884605Z [1m[92m   Compiling[0m pet-virtualenv v0.1.0 (https://github.com/zed-industries/python-environment-tools.git?rev=5aad7164bfc2a58977b103c8ef8fdd7302ed2e9f#5aad7164)
Linux build and workspace tests	Build and run workspace tests	2026-10-07T17:37:36.9343705Z [1m[92m   Compiling[0m aws-smithy-json v0.62.5
Linux build and workspace tests	Build and run workspace tests	2026-10-07T17:37:37.2502883Z [1m[92m   Compiling[0m open_ai v0.1.0 (/home/runner/work/koda/koda/crates/open_ai)
Linux build and workspace tests	Build and run workspace tests	2026-10-07T17:37:37.2863747Z [1m[92m   Compiling[0m phf_shared v0.11.3
Linux build and workspace tests	Build and run workspace tests	2026-10-07T17:37:37.4803634Z [1m[92m   Compiling[0m scratch v1.0.9 (/home/runner/work/koda/koda/tooling/corgi/patches/scratch)
Linux build and workspace tests	Build and run workspace tests	2026-10-07T17:37:37.6163643Z [1m[92m   Compiling[0m regex-lite v0.1.8
Linux build and workspace tests	Build and run workspace tests	2026-10-07T17:37:38.4444691Z [1m[92m   Compiling[0m aws-runtime v1.7.0
Linux build and workspace tests	Build and run workspace tests	2026-10-07T17:37:39.5204909Z [1m[92m   Compiling[0m pest v2.8.3
Linux build and workspace tests	Build and run workspace tests	2026-10-07T17:37:40.3743692Z [1m[92m   Compiling[0m phf_generator v0.11.3
Linux build and workspace tests	Build and run workspace tests	2026-10-07T17:37:40.5604246Z [1m[92m   Compiling[0m darling_core v0.23.0
Linux build and workspace tests	Build and run workspace tests	2026-10-07T17:37:40.7945021Z [1m[92m   Compiling[0m anthropic v0.1.0 (/home/runner/work/koda/koda/crates/anthropic)
Linux build and workspace tests	Build and run workspace tests	2026-10-07T17:37:41.9983865Z [1m[92m   Compiling[0m link-cplusplus v1.0.12
Linux build and workspace tests	Build and run workspace tests	2026-10-07T17:37:42.5003396Z [1m[92m   Compiling[0m pest_meta v2.8.3
Linux build and workspace tests	Build and run workspace tests	2026-10-07T17:37:43.3773907Z [1m[92m   Compiling[0m darling_macro v0.23.0
Linux build and workspace tests	Build and run workspace tests	2026-10-07T17:37:43.6295116Z [1m[92m   Compiling[0m phf_macros v0.11.3
Linux build and workspace tests	Build and run workspace tests	2026-10-07T17:37:43.8133565Z [1m[92m   Compiling[0m glib-sys v0.21.5
Linux build and workspace tests	Build and run workspace tests	2026-10-07T17:37:43.9823960Z [1m[92m   Compiling[0m tower-http v0.6.11
Linux build and workspace tests	Build and run workspace tests	2026-10-07T17:37:44.2144158Z [1m[92m   Compiling[0m pbjson-build v0.9.0
Linux build and workspace tests	Build and run workspace tests	2026-10-07T17:37:44.2246325Z [1m[92m   Compiling[0m bincode v1.3.3
Linux build and workspace tests	Build and run workspace tests	2026-10-07T17:37:44.3493668Z [1m[92m   Compiling[0m cxxbridge-flags v1.0.187
Linux build and workspace tests	Build and run workspace tests	2026-10-07T17:37:44.4053645Z [1m[92m   Compiling[0m cxx v1.0.187
Linux build and workspace tests	Build and run workspace tests	2026-10-07T17:37:44.6098384Z [1m[92m   Compiling[0m reqwest v0.12.24
Linux build and workspace tests	Build and run workspace tests	2026-10-07T17:37:44.6433894Z [1m[92m   Compiling[0m phf v0.11.3
Linux build and workspace tests	Build and run workspace tests	2026-10-07T17:37:44.8142875Z [1m[92m   Compiling[0m darling v0.23.0
Linux build and workspace tests	Build and run workspace tests	2026-10-07T17:37:44.8843811Z [1m[92m   Compiling[0m pest_generator v2.8.3
Linux build and workspace tests	Build and run workspace tests	2026-10-07T17:37:44.9085026Z [1m[92m   Compiling[0m pbjson-types v0.9.0
Linux build and workspace tests	Build and run workspace tests	2026-10-07T17:37:45.4678076Z [1m[92m   Compiling[0m gobject-sys v0.21.5
Linux build and workspace tests	Build and run workspace tests	2026-10-07T17:37:45.6331183Z [1m[92m   Compiling[0m pet-jsonrpc v0.1.0 (https://github.com/zed-industries/python-environment-tools.git?rev=5aad7164bfc2a58977b103c8ef8fdd7302ed2e9f#5aad7164)
Linux build and workspace tests	Build and run workspace tests	2026-10-07T17:37:45.7064785Z [1m[92m   Compiling[0m picker_preview v0.1.0 (/home/runner/work/koda/koda/crates/picker_preview)
Linux build and workspace tests	Build and run workspace tests	2026-10-07T17:37:46.8294164Z [1m[92m   Compiling[0m cxx-build v1.0.187
Linux build and workspace tests	Build and run workspace tests	2026-10-07T17:37:48.4844648Z [1m[92m   Compiling[0m webrtc-sys-build v0.3.13 (https://github.com/zed-industries/livekit-rust-sdks?rev=0a1c519cfce9b365229026b55de9b9dbdb6fed3c#0a1c519c)
Linux build and workspace tests	Build and run workspace tests	2026-10-07T17:37:49.0025010Z [1m[92m   Compiling[0m pet-reporter v0.1.0 (https://github.com/zed-industries/python-environment-tools.git?rev=5aad7164bfc2a58977b103c8ef8fdd7302ed2e9f#5aad7164)
Linux build and workspace tests	Build and run workspace tests	2026-10-07T17:37:49.5473710Z [1m[92m   Compiling[0m pest_derive v2.8.3
Linux build and workspace tests	Build and run workspace tests	2026-10-07T17:37:49.9014089Z [1m[92m   Compiling[0m doxygen-rs v0.4.2
Linux build and workspace tests	Build and run workspace tests	2026-10-07T17:37:50.2474257Z [1m[92m   Compiling[0m gio-sys v0.21.5
Linux build and workspace tests	Build and run workspace tests	2026-10-07T17:37:51.4998325Z [1m[92m   Compiling[0m symphonia-core v0.5.5
Linux build and workspace tests	Build and run workspace tests	2026-10-07T17:37:51.5739416Z [1m[92m   Compiling[0m pbjson v0.9.0
Linux build and workspace tests	Build and run workspace tests	2026-10-07T17:37:51.6671831Z [1m[92m   Compiling[0m alsa-sys v0.3.1
Linux build and workspace tests	Build and run workspace tests	2026-10-07T17:37:52.7635566Z [1m[92m   Compiling[0m lmdb-master-sys v0.2.5
Linux build and workspace tests	Build and run workspace tests	2026-10-07T17:37:53.1154225Z [1m[92m   Compiling[0m webrtc-sys v0.3.23 (https://github.com/zed-industries/livekit-rust-sdks?rev=0a1c519cfce9b365229026b55de9b9dbdb6fed3c#0a1c519c)
Linux build and workspace tests	Build and run workspace tests	2026-10-07T17:37:53.2614111Z [1m[92m   Compiling[0m copilot_chat v0.1.0 (/home/runner/work/koda/koda/crates/copilot_chat)
Linux build and workspace tests	Build and run workspace tests	2026-10-07T17:37:53.9724755Z [1m[92m   Compiling[0m livekit-runtime v0.4.0 (https://github.com/zed-industries/livekit-rust-sdks?rev=0a1c519cfce9b365229026b55de9b9dbdb6fed3c#0a1c519c)
Linux build and workspace tests	Build and run workspace tests	2026-10-07T17:37:54.0594588Z [1m[92m   Compiling[0m channel v0.1.0 (/home/runner/work/koda/koda/crates/channel)
Linux build and workspace tests	Build and run workspace tests	2026-10-07T17:37:54.1664052Z [1m[92m   Compiling[0m cxxbridge-macro v1.0.187
Linux build and workspace tests	Build and run workspace tests	2026-10-07T17:37:56.0474029Z [1m[92m   Compiling[0m xmlparser v0.13.6
Linux build and workspace tests	Build and run workspace tests	2026-10-07T17:37:56.4153512Z [1m[92m   Compiling[0m aws-smithy-xml v0.60.15
Linux build and workspace tests	Build and run workspace tests	2026-10-07T17:37:56.6481153Z [1m[92m   Compiling[0m livekit-protocol v0.7.1 (https://github.com/zed-industries/livekit-rust-sdks?rev=0a1c519cfce9b365229026b55de9b9dbdb6fed3c#0a1c519c)
Linux build and workspace tests	Build and run workspace tests	2026-10-07T17:38:00.2452089Z [1m[92m   Compiling[0m symphonia-metadata v0.5.5
Linux build and workspace tests	Build and run workspace tests	2026-10-07T17:38:00.9904895Z [1m[92m   Compiling[0m pet-conda v0.1.0 (https://github.com/zed-industries/python-environment-tools.git?rev=5aad7164bfc2a58977b103c8ef8fdd7302ed2e9f#5aad7164)
Linux build and workspace tests	Build and run workspace tests	2026-10-07T17:38:02.3873541Z [1m[92m   Compiling[0m serde_yaml_ng v0.10.0
Linux build and workspace tests	Build and run workspace tests	2026-10-07T17:38:03.7833648Z [1m[92m   Compiling[0m glib-macros v0.21.5
Linux build and workspace tests	Build and run workspace tests	2026-10-07T17:38:06.1733577Z [1m[92m   Compiling[0m cpal v0.17.1
Linux build and workspace tests	Build and run workspace tests	2026-10-07T17:38:06.2983739Z [1m[92m   Compiling[0m heed-traits v0.20.0
Linux build and workspace tests	Build and run workspace tests	2026-10-07T17:38:06.3635053Z [1m[92m   Compiling[0m extended v0.1.0
Linux build and workspace tests	Build and run workspace tests	2026-10-07T17:38:06.4713631Z [1m[92m   Compiling[0m heed v0.21.0
Linux build and workspace tests	Build and run workspace tests	2026-10-07T17:38:06.6383629Z [1m[92m   Compiling[0m symphonia-format-riff v0.5.5
Linux build and workspace tests	Build and run workspace tests	2026-10-07T17:38:06.8933494Z [1m[92m   Compiling[0m heed-types v0.21.0
Linux build and workspace tests	Build and run workspace tests	2026-10-07T17:38:07.0955877Z [1m[92m   Compiling[0m alsa v0.10.0
Linux build and workspace tests	Build and run workspace tests	2026-10-07T17:38:07.1764167Z [1m[92m   Compiling[0m glib v0.21.5
Linux build and workspace tests	Build and run workspace tests	2026-10-07T17:38:08.4934021Z [1m[92m   Compiling[0m copilot v0.1.0 (/home/runner/work/koda/koda/crates/copilot)
Linux build and workspace tests	Build and run workspace tests	2026-10-07T17:38:11.1463801Z [1m[92m   Compiling[0m symphonia-codec-pcm v0.5.5
Linux build and workspace tests	Build and run workspace tests	2026-10-07T17:38:11.5233794Z [1m[92m   Compiling[0m aws-smithy-query v0.60.15
Linux build and workspace tests	Build and run workspace tests	2026-10-07T17:38:11.6623723Z [1m[92m   Compiling[0m proxyvars v0.2.0
Linux build and workspace tests	Build and run workspace tests	2026-10-07T17:38:11.8363780Z [1m[92m   Compiling[0m synchronoise v1.0.1
Linux build and workspace tests	Build and run workspace tests	2026-10-07T17:38:12.0083648Z [1m[92m   Compiling[0m dasp_sample v0.11.0
Linux build and workspace tests	Build and run workspace tests	2026-10-07T17:38:12.2473525Z [1m[92m   Compiling[0m shell-words v1.1.0
Linux build and workspace tests	Build and run workspace tests	2026-10-07T17:38:14.0898410Z [1m[92m   Compiling[0m aws-sdk-sts v1.98.0
Linux build and workspace tests	Build and run workspace tests	2026-10-07T17:38:14.4787329Z [1m[92m   Compiling[0m symphonia v0.5.5
Linux build and workspace tests	Build and run workspace tests	2026-10-07T17:38:14.5803500Z [1m[92m   Compiling[0m copilot_ui v0.1.0 (/home/runner/work/koda/koda/crates/copilot_ui)
Linux build and workspace tests	Build and run workspace tests	2026-10-07T17:38:15.7704110Z [1m[92m   Compiling[0m agent_skills v0.1.0 (/home/runner/work/koda/koda/crates/agent_skills)
Linux build and workspace tests	Build and run workspace tests	2026-10-07T17:38:16.5762538Z [1m[92m   Compiling[0m notifications v0.1.0 (/home/runner/work/koda/koda/crates/notifications)
Linux build and workspace tests	Build and run workspace tests	2026-10-07T17:38:16.6933568Z [1m[92m   Compiling[0m handlebars v4.5.0
Linux build and workspace tests	Build and run workspace tests	2026-10-07T17:38:18.0253851Z [1m[92m   Compiling[0m aws-sdk-sso v1.94.0
Linux build and workspace tests	Build and run workspace tests	2026-10-07T17:38:18.0415418Z [1m[92m   Compiling[0m aws-sdk-ssooidc v1.96.0
Linux build and workspace tests	Build and run workspace tests	2026-10-07T17:38:19.0144525Z [1m[92m   Compiling[0m ai_onboarding v0.1.0 (/home/runner/work/koda/koda/crates/ai_onboarding)
Linux build and workspace tests	Build and run workspace tests	2026-10-07T17:38:19.9424117Z [1m[92m   Compiling[0m ollama v0.1.0 (/home/runner/work/koda/koda/crates/ollama)
Linux build and workspace tests	Build and run workspace tests	2026-10-07T17:38:20.6130399Z [1m[92m   Compiling[0m rand_distr v0.5.1
Linux build and workspace tests	Build and run workspace tests	2026-10-07T17:38:20.9888592Z [1m[92m   Compiling[0m hound v3.5.1
Linux build and workspace tests	Build and run workspace tests	2026-10-07T17:38:21.1598046Z [1m[92m   Compiling[0m rtrb v0.3.2
Linux build and workspace tests	Build and run workspace tests	2026-10-07T17:38:21.2674053Z [1m[92m   Compiling[0m aws-config v1.8.14
Linux build and workspace tests	Build and run workspace tests	2026-10-07T17:38:21.3564561Z [1m[92m   Compiling[0m rodio v0.21.1 (https://github.com/RustAudio/rodio?rev=e50e726ddd0292f6ef9de0dda6b90af4ed1fb66a#e50e726d)
Linux build and workspace tests	Build and run workspace tests	2026-10-07T17:38:22.4905776Z [1m[92m   Compiling[0m http_proxy v0.1.0 (/home/runner/work/koda/koda/crates/http_proxy)
Linux build and workspace tests	Build and run workspace tests	2026-10-07T17:38:22.8684612Z [1m[92m   Compiling[0m serde_with_macros v3.22.0
Linux build and workspace tests	Build and run workspace tests	2026-10-07T17:38:23.2323811Z [1m[92m   Compiling[0m auto_update v0.1.0 (/home/runner/work/koda/koda/crates/auto_update)
Linux build and workspace tests	Build and run workspace tests	2026-10-07T17:38:23.8043698Z [1m[92m   Compiling[0m simple_asn1 v0.6.3
Linux build and workspace tests	Build and run workspace tests	2026-10-07T17:38:24.2483404Z [1m[92m   Compiling[0m pem v3.0.6
Linux build and workspace tests	Build and run workspace tests	2026-10-07T17:38:24.5343566Z [1m[92m   Compiling[0m jsonwebtoken v10.3.0
Linux build and workspace tests	Build and run workspace tests	2026-10-07T17:38:25.1809617Z [1m[92m   Compiling[0m serde_with v3.22.0
Linux build and workspace tests	Build and run workspace tests	2026-10-07T17:38:25.3343900Z [1m[92m   Compiling[0m prompt_store v0.1.0 (/home/runner/work/koda/koda/crates/prompt_store)
Linux build and workspace tests	Build and run workspace tests	2026-10-07T17:38:25.9490190Z [1m[92m   Compiling[0m json_schema_store v0.1.0 (/home/runner/work/koda/koda/crates/json_schema_store)
Linux build and workspace tests	Build and run workspace tests	2026-10-07T17:38:27.1033921Z [1m[92m   Compiling[0m google_ai v0.1.0 (/home/runner/work/koda/koda/crates/google_ai)
Linux build and workspace tests	Build and run workspace tests	2026-10-07T17:38:27.1506622Z [1m[92m   Compiling[0m seccompiler v0.5.0
Linux build and workspace tests	Build and run workspace tests	2026-10-07T17:38:27.3039152Z [1m[92m   Compiling[0m pet v0.1.0 (https://github.com/zed-industries/python-environment-tools.git?rev=5aad7164bfc2a58977b103c8ef8fdd7302ed2e9f#5aad7164)
Linux build and workspace tests	Build and run workspace tests	2026-10-07T17:38:27.4289790Z [1m[92m   Compiling[0m agent-client-protocol-schema v1.9.1
Linux build and workspace tests	Build and run workspace tests	2026-10-07T17:38:27.4493599Z [1m[92m   Compiling[0m pet-uv v0.1.0 (https://github.com/zed-industries/python-environment-tools.git?rev=5aad7164bfc2a58977b103c8ef8fdd7302ed2e9f#5aad7164)
Linux build and workspace tests	Build and run workspace tests	2026-10-07T17:38:27.9034884Z [1m[92m   Compiling[0m pet-hatch v0.1.0 (https://github.com/zed-industries/python-environment-tools.git?rev=5aad7164bfc2a58977b103c8ef8fdd7302ed2e9f#5aad7164)
Linux build and workspace tests	Build and run workspace tests	2026-10-07T17:38:28.4434681Z [1m[92m   Compiling[0m pet-global-virtualenvs v0.1.0 (https://github.com/zed-industries/python-environment-tools.git?rev=5aad7164bfc2a58977b103c8ef8fdd7302ed2e9f#5aad7164)
Linux build and workspace tests	Build and run workspace tests	2026-10-07T17:38:28.6357975Z [1m[92m   Compiling[0m pet-env-var-path v0.1.0 (https://github.com/zed-industries/python-environment-tools.git?rev=5aad7164bfc2a58977b103c8ef8fdd7302ed2e9f#5aad7164)
Linux build and workspace tests	Build and run workspace tests	2026-10-07T17:38:28.7425028Z [1m[92m   Compiling[0m pet-pixi v0.1.0 (https://github.com/zed-industries/python-environment-tools.git?rev=5aad7164bfc2a58977b103c8ef8fdd7302ed2e9f#5aad7164)
Linux build and workspace tests	Build and run workspace tests	2026-10-07T17:38:28.8514782Z [1m[92m   Compiling[0m pet-pyenv v0.1.0 (https://github.com/zed-industries/python-environment-tools.git?rev=5aad7164bfc2a58977b103c8ef8fdd7302ed2e9f#5aad7164)
Linux build and workspace tests	Build and run workspace tests	2026-10-07T17:38:28.8794852Z [1m[92m   Compiling[0m pet-homebrew v0.1.0 (https://github.com/zed-industries/python-environment-tools.git?rev=5aad7164bfc2a58977b103c8ef8fdd7302ed2e9f#5aad7164)
Linux build and workspace tests	Build and run workspace tests	2026-10-07T17:38:29.1550493Z [1m[92m   Compiling[0m pet-poetry v0.1.0 (https://github.com/zed-industries/python-environment-tools.git?rev=5aad7164bfc2a58977b103c8ef8fdd7302ed2e9f#5aad7164)
Linux build and workspace tests	Build and run workspace tests	2026-10-07T17:38:29.2754481Z [1m[92m   Compiling[0m pet-venv v0.1.0 (https://github.com/zed-industries/python-environment-tools.git?rev=5aad7164bfc2a58977b103c8ef8fdd7302ed2e9f#5aad7164)
Linux build and workspace tests	Build and run workspace tests	2026-10-07T17:38:29.4115036Z [1m[92m   Compiling[0m pet-mac-xcode v0.1.0 (https://github.com/zed-industries/python-environment-tools.git?rev=5aad7164bfc2a58977b103c8ef8fdd7302ed2e9f#5aad7164)
Linux build and workspace tests	Build and run workspace tests	2026-10-07T17:38:29.5987858Z [1m[92m   Compiling[0m pet-mac-commandlinetools v0.1.0 (https://github.com/zed-industries/python-environment-tools.git?rev=5aad7164bfc2a58977b103c8ef8fdd7302ed2e9f#5aad7164)
Linux build and workspace tests	Build and run workspace tests	2026-10-07T17:38:29.8174610Z [1m[92m   Compiling[0m pet-pipenv v0.1.0 (https://github.com/zed-industries/python-environment-tools.git?rev=5aad7164bfc2a58977b103c8ef8fdd7302ed2e9f#5aad7164)
Linux build and workspace tests	Build and run workspace tests	2026-10-07T17:38:29.8499975Z [1m[92m   Compiling[0m pet-mac-python-org v0.1.0 (https://github.com/zed-industries/python-environment-tools.git?rev=5aad7164bfc2a58977b103c8ef8fdd7302ed2e9f#5aad7164)
Linux build and workspace tests	Build and run workspace tests	2026-10-07T17:38:30.0296924Z [1m[92m   Compiling[0m pet-linux-global-python v0.1.0 (https://github.com/zed-industries/python-environment-tools.git?rev=5aad7164bfc2a58977b103c8ef8fdd7302ed2e9f#5aad7164)
Linux build and workspace tests	Build and run workspace tests	2026-10-07T17:38:30.1134937Z [1m[92m   Compiling[0m pet-virtualenvwrapper v0.1.0 (https://github.com/zed-industries/python-environment-tools.git?rev=5aad7164bfc2a58977b103c8ef8fdd7302ed2e9f#5aad7164)
Linux build and workspace tests	Build and run workspace tests	2026-10-07T17:38:30.2734090Z [1m[92m   Compiling[0m pet-telemetry v0.1.0 (https://github.com/zed-industries/python-environment-tools.git?rev=5aad7164bfc2a58977b103c8ef8fdd7302ed2e9f#5aad7164)
Linux build and workspace tests	Build and run workspace tests	2026-10-07T17:38:30.3523714Z [1m[92m   Compiling[0m agent-client-protocol-derive v2.2.0
Linux build and workspace tests	Build and run workspace tests	2026-10-07T17:38:30.8163965Z [1m[92m   Compiling[0m sandbox v0.1.0 (/home/runner/work/koda/koda/crates/sandbox)
Linux build and workspace tests	Build and run workspace tests	2026-10-07T17:38:31.5085975Z [1m[92m   Compiling[0m action_log v0.1.0 (/home/runner/work/koda/koda/crates/action_log)
Linux build and workspace tests	Build and run workspace tests	2026-10-07T17:38:32.4594092Z [1m[92m   Compiling[0m remote_connection v0.1.0 (/home/runner/work/koda/koda/crates/remote_connection)
Linux build and workspace tests	Build and run workspace tests	2026-10-07T17:38:33.2263715Z [1m[92m   Compiling[0m aws-sdk-bedrockruntime v1.125.0
Linux build and workspace tests	Build and run workspace tests	2026-10-07T17:38:34.0717484Z [1m[92m   Compiling[0m livekit_api v0.1.0 (/home/runner/work/koda/koda/crates/livekit_api)
Linux build and workspace tests	Build and run workspace tests	2026-10-07T17:38:34.5123956Z [1m[92m   Compiling[0m x_ai v0.1.0 (/home/runner/work/koda/koda/crates/x_ai)
Linux build and workspace tests	Build and run workspace tests	2026-10-07T17:38:34.7231786Z [1m[92m   Compiling[0m dotenvy v0.15.7
Linux build and workspace tests	Build and run workspace tests	2026-10-07T17:38:35.0923983Z [1m[92m   Compiling[0m languages v0.1.0 (/home/runner/work/koda/koda/crates/languages)
Linux build and workspace tests	Build and run workspace tests	2026-10-07T17:38:41.8550084Z [1m[92m   Compiling[0m darling_core v0.20.11
Linux build and workspace tests	Build and run workspace tests	2026-10-07T17:38:42.7034004Z [1m[92m   Compiling[0m bedrock v0.1.0 (/home/runner/work/koda/koda/crates/bedrock)
Linux build and workspace tests	Build and run workspace tests	2026-10-07T17:38:43.6023966Z [1m[92m   Compiling[0m x_ai_subscribed v0.1.0 (/home/runner/work/koda/koda/crates/x_ai_subscribed)
Linux build and workspace tests	Build and run workspace tests	2026-10-07T17:38:44.5583622Z [1m[92m   Compiling[0m darling_macro v0.20.11
Linux build and workspace tests	Build and run workspace tests	2026-10-07T17:38:44.7329093Z [1m[92m   Compiling[0m opencode v0.1.0 (/home/runner/work/koda/koda/crates/opencode)
Linux build and workspace tests	Build and run workspace tests	2026-10-07T17:38:44.8354954Z [1m[92m   Compiling[0m language_models_cloud v0.1.0 (/home/runner/work/koda/koda/crates/language_models_cloud)
Linux build and workspace tests	Build and run workspace tests	2026-10-07T17:38:45.0974056Z [1m[92m   Compiling[0m open_router v0.1.0 (/home/runner/work/koda/koda/crates/open_router)
Linux build and workspace tests	Build and run workspace tests	2026-10-07T17:38:45.6445337Z [1m[92m   Compiling[0m openai_subscribed v0.1.0 (/home/runner/work/koda/koda/crates/openai_subscribed)
Linux build and workspace tests	Build and run workspace tests	2026-10-07T17:38:46.5454856Z [1m[92m   Compiling[0m aws_http_client v0.1.0 (/home/runner/work/koda/koda/crates/aws_http_client)
Linux build and workspace tests	Build and run workspace tests	2026-10-07T17:38:46.7997431Z [1m[92m   Compiling[0m lmstudio v0.1.0 (/home/runner/work/koda/koda/crates/lmstudio)
Linux build and workspace tests	Build and run workspace tests	2026-10-07T17:38:47.1544451Z [1m[92m   Compiling[0m agent-client-protocol v2.2.0
Linux build and workspace tests	Build and run workspace tests	2026-10-07T17:38:47.7540780Z [1m[92m   Compiling[0m llama_cpp v0.1.0 (/home/runner/work/koda/koda/crates/llama_cpp)
Linux build and workspace tests	Build and run workspace tests	2026-10-07T17:38:48.9836774Z [1m[92m   Compiling[0m mistral v0.1.0 (/home/runner/work/koda/koda/crates/mistral)
Linux build and workspace tests	Build and run workspace tests	2026-10-07T17:38:50.2273944Z [1m[92m   Compiling[0m deepseek v0.1.0 (/home/runner/work/koda/koda/crates/deepseek)
Linux build and workspace tests	Build and run workspace tests	2026-10-07T17:38:51.2012576Z [1m[92m   Compiling[0m crc-catalog v2.4.0
Linux build and workspace tests	Build and run workspace tests	2026-10-07T17:38:51.2662630Z [1m[92m   Compiling[0m crc v3.3.0
Linux build and workspace tests	Build and run workspace tests	2026-10-07T17:38:51.4496924Z [1m[92m   Compiling[0m darling v0.20.11
Linux build and workspace tests	Build and run workspace tests	2026-10-07T17:38:51.7283652Z [1m[92m   Compiling[0m nanoid v0.4.0
Linux build and workspace tests	Build and run workspace tests	2026-10-07T17:38:51.8603607Z [1m[92m   Compiling[0m peg-runtime v0.8.5
Linux build and workspace tests	Build and run workspace tests	2026-10-07T17:38:52.0857115Z [1m[92m   Compiling[0m peg-macros v0.8.5
Linux build and workspace tests	Build and run workspace tests	2026-10-07T17:38:53.4013814Z [1m[92m   Compiling[0m acp_thread v0.1.0 (/home/runner/work/koda/koda/crates/acp_thread)
Linux build and workspace tests	Build and run workspace tests	2026-10-07T17:38:53.6503710Z [1m[92m   Compiling[0m cached_proc_macro v0.25.0
Linux build and workspace tests	Build and run workspace tests	2026-10-07T17:38:54.5720041Z [1m[92m   Compiling[0m language_models v0.1.0 (/home/runner/work/koda/koda/crates/language_models)
Linux build and workspace tests	Build and run workspace tests	2026-10-07T17:38:57.3560752Z [1m[92m   Compiling[0m git_ui_core v0.1.0 (/home/runner/work/koda/koda/crates/git_ui_core)
Linux build and workspace tests	Build and run workspace tests	2026-10-07T17:39:01.7368021Z [1m[92m   Compiling[0m bon-macros v3.8.2
Linux build and workspace tests	Build and run workspace tests	2026-10-07T17:39:02.1840902Z [1m[92m   Compiling[0m tokio-tungstenite v0.28.0
Linux build and workspace tests	Build and run workspace tests	2026-10-07T17:39:02.7044641Z [1m[92m   Compiling[0m livekit v0.7.32 (https://github.com/zed-industries/livekit-rust-sdks?rev=0a1c519cfce9b365229026b55de9b9dbdb6fed3c#0a1c519c)
Linux build and workspace tests	Build and run workspace tests	2026-10-07T17:39:02.8333836Z [1m[92m   Compiling[0m cached_proc_macro_types v0.1.1
Linux build and workspace tests	Build and run workspace tests	2026-10-07T17:39:03.1229764Z [1m[92m   Compiling[0m peg v0.8.5
Linux build and workspace tests	Build and run workspace tests	2026-10-07T17:39:03.1795331Z [1m[92m   Compiling[0m cached v0.56.0
Linux build and workspace tests	Build and run workspace tests	2026-10-07T17:39:03.6154559Z [1m[92m   Compiling[0m livekit-api v0.4.14 (https://github.com/zed-industries/livekit-rust-sdks?rev=0a1c519cfce9b365229026b55de9b9dbdb6fed3c#0a1c519c)
Linux build and workspace tests	Build and run workspace tests	2026-10-07T17:39:04.3485696Z [1m[92m   Compiling[0m open_path_prompt v0.1.0 (/home/runner/work/koda/koda/crates/open_path_prompt)
Linux build and workspace tests	Build and run workspace tests	2026-10-07T17:39:05.4983563Z [1m[92m   Compiling[0m bon v3.8.2
Linux build and workspace tests	Build and run workspace tests	2026-10-07T17:39:05.5794156Z [1m[92m   Compiling[0m terminal_view v0.1.0 (/home/runner/work/koda/koda/crates/terminal_view)
Linux build and workspace tests	Build and run workspace tests	2026-10-07T17:39:06.1463563Z [1m[92m   Compiling[0m bmrng v0.5.2
Linux build and workspace tests	Build and run workspace tests	2026-10-07T17:39:06.2609077Z [1m[92m   Compiling[0m utf8-chars v3.0.6
Linux build and workspace tests	Build and run workspace tests	2026-10-07T17:39:06.3245191Z [1m[92m   Compiling[0m similar v2.7.0
Linux build and workspace tests	Build and run workspace tests	2026-10-07T17:39:06.5453224Z [1m[92m   Compiling[0m indenter v0.3.4
Linux build and workspace tests	Build and run workspace tests	2026-10-07T17:39:06.6243531Z [1m[92m   Compiling[0m brush-parser v0.3.0
Linux build and workspace tests	Build and run workspace tests	2026-10-07T17:39:07.6960416Z [1m[92m   Compiling[0m platform_title_bar v0.1.0 (/home/runner/work/koda/koda/crates/platform_title_bar)
Linux build and workspace tests	Build and run workspace tests	2026-10-07T17:39:09.1134760Z [1m[92m   Compiling[0m html_to_markdown v0.1.0 (/home/runner/work/koda/koda/crates/html_to_markdown)
Linux build and workspace tests	Build and run workspace tests	2026-10-07T17:39:09.4934539Z [1m[92m   Compiling[0m webpki-roots v0.26.8
Linux build and workspace tests	Build and run workspace tests	2026-10-07T17:39:09.5569772Z [1m[92m   Compiling[0m hashlink v0.10.0
Linux build and workspace tests	Build and run workspace tests	2026-10-07T17:39:09.7634065Z [1m[92m   Compiling[0m edit_prediction_metrics v0.1.0 (/home/runner/work/koda/koda/crates/edit_prediction_metrics)
Linux build and workspace tests	Build and run workspace tests	2026-10-07T17:39:09.9486791Z [1m[92m   Compiling[0m search v0.1.0 (/home/runner/work/koda/koda/crates/search)
Linux build and workspace tests	Build and run workspace tests	2026-10-07T17:39:10.7914710Z [1m[92m   Compiling[0m serde_yaml v0.9.34+deprecated
Linux build and workspace tests	Build and run workspace tests	2026-10-07T17:39:11.2194119Z [1m[92m   Compiling[0m web_search v0.1.0 (/home/runner/work/koda/koda/crates/web_search)
Linux build and workspace tests	Build and run workspace tests	2026-10-07T17:39:11.5913732Z [1m[92m   Compiling[0m scroll_derive v0.12.1
Linux build and workspace tests	Build and run workspace tests	2026-10-07T17:39:12.2833717Z [1m[92m   Compiling[0m bigdecimal v0.4.8
Linux build and workspace tests	Build and run workspace tests	2026-10-07T17:39:12.4834129Z [1m[92m   Compiling[0m rust_decimal v1.39.0
Linux build and workspace tests	Build and run workspace tests	2026-10-07T17:39:12.7501246Z [1m[92m   Compiling[0m scroll v0.12.0
Linux build and workspace tests	Build and run workspace tests	2026-10-07T17:39:13.0174230Z [1m[92m   Compiling[0m shell_command_parser v0.1.0 (/home/runner/work/koda/koda/crates/shell_command_parser)
Linux build and workspace tests	Build and run workspace tests	2026-10-07T17:39:13.8844181Z [1m[92m   Compiling[0m agent_servers v0.1.0 (/home/runner/work/koda/koda/crates/agent_servers)
Linux build and workspace tests	Build and run workspace tests	2026-10-07T17:39:15.3896248Z [1m[92m   Compiling[0m edit_prediction_context v0.1.0 (/home/runner/work/koda/koda/crates/edit_prediction_context)
Linux build and workspace tests	Build and run workspace tests	2026-10-07T17:39:16.2534248Z [1m[92m   Compiling[0m language_extension v0.1.0 (/home/runner/work/koda/koda/crates/language_extension)
Linux build and workspace tests	Build and run workspace tests	2026-10-07T17:39:17.4535162Z [1m[92m   Compiling[0m openssl-sys v0.9.117
Linux build and workspace tests	Build and run workspace tests	2026-10-07T17:39:17.8553672Z [1m[92m   Compiling[0m streaming_diff v0.1.0 (/home/runner/work/koda/koda/crates/streaming_diff)
Linux build and workspace tests	Build and run workspace tests	2026-10-07T17:39:17.9943572Z [1m[92m   Compiling[0m atoi v2.0.0
Linux build and workspace tests	Build and run workspace tests	2026-10-07T17:39:19.2199053Z [1m[92m   Compiling[0m debug_adapter_extension v0.1.0 (/home/runner/work/koda/koda/crates/debug_adapter_extension)
Linux build and workspace tests	Build and run workspace tests	2026-10-07T17:39:19.2613744Z [1m[92m   Compiling[0m futures-intrusive v0.5.0
Linux build and workspace tests	Build and run workspace tests	2026-10-07T17:39:19.8713615Z [1m[92m   Compiling[0m unicode-normalization v0.1.25
Linux build and workspace tests	Build and run workspace tests	2026-10-07T17:39:20.1993503Z [1m[92m   Compiling[0m debugid v0.8.0
Linux build and workspace tests	Build and run workspace tests	2026-10-07T17:39:20.3314132Z [1m[92m   Compiling[0m process-reader v0.1.0
Linux build and workspace tests	Build and run workspace tests	2026-10-07T17:39:20.3991041Z [1m[92m   Compiling[0m smart-default v0.7.1
Linux build and workspace tests	Build and run workspace tests	2026-10-07T17:39:20.6701551Z [1m[92m   Compiling[0m num-derive v0.4.2
Linux build and workspace tests	Build and run workspace tests	2026-10-07T17:39:20.8491801Z [1m[92m   Compiling[0m range-map v0.2.0
Linux build and workspace tests	Build and run workspace tests	2026-10-07T17:39:21.0313581Z [1m[92m   Compiling[0m crash-context v0.8.0
Linux build and workspace tests	Build and run workspace tests	2026-10-07T17:39:21.1133672Z [1m[92m   Compiling[0m plain v0.2.3
Linux build and workspace tests	Build and run workspace tests	2026-10-07T17:39:21.1902470Z [1m[92m   Compiling[0m minidump-writer v0.13.0
Linux build and workspace tests	Build and run workspace tests	2026-10-07T17:39:21.3655196Z [1m[92m   Compiling[0m goblin v0.9.3
Linux build and workspace tests	Build and run workspace tests	2026-10-07T17:39:21.5862543Z [1m[92m   Compiling[0m minidump-common v0.26.1
Linux build and workspace tests	Build and run workspace tests	2026-10-07T17:39:22.9933823Z [1m[92m   Compiling[0m process-backend v0.1.0
Linux build and workspace tests	Build and run workspace tests	2026-10-07T17:39:23.2677600Z [1m[92m   Compiling[0m stringprep v0.1.5
Linux build and workspace tests	Build and run workspace tests	2026-10-07T17:39:23.6613708Z [1m[92m   Compiling[0m sqlx-core v0.8.6
Linux build and workspace tests	Build and run workspace tests	2026-10-07T17:39:25.5624066Z [1m[92m   Compiling[0m agent v0.1.0 (/home/runner/work/koda/koda/crates/agent)
Linux build and workspace tests	Build and run workspace tests	2026-10-07T17:39:26.2367963Z [1m[92m   Compiling[0m edit_prediction v0.1.0 (/home/runner/work/koda/koda/crates/edit_prediction)
Linux build and workspace tests	Build and run workspace tests	2026-10-07T17:39:26.7357795Z [1m[92m   Compiling[0m h2 v0.3.27
Linux build and workspace tests	Build and run workspace tests	2026-10-07T17:39:31.8522424Z [1m[92m   Compiling[0m procfs-core v0.18.0
Linux build and workspace tests	Build and run workspace tests	2026-10-07T17:39:33.6075424Z [1m[92m   Compiling[0m error-graph v0.1.1
Linux build and workspace tests	Build and run workspace tests	2026-10-07T17:39:33.7153449Z [1m[92m   Compiling[0m socket2 v0.5.10
Linux build and workspace tests	Build and run workspace tests	2026-10-07T17:39:34.1733603Z [1m[92m   Compiling[0m human_bytes v0.4.3
Linux build and workspace tests	Build and run workspace tests	2026-10-07T17:39:34.2423774Z [1m[92m   Compiling[0m pciid-parser v0.8.0
Linux build and workspace tests	Build and run workspace tests	2026-10-07T17:39:34.5964038Z [1m[92m   Compiling[0m base64 v0.21.7
Linux build and workspace tests	Build and run workspace tests	2026-10-07T17:39:34.9175083Z [1m[92m   Compiling[0m whoami v1.6.1
Linux build and workspace tests	Build and run workspace tests	2026-10-07T17:39:35.2163743Z [1m[92m   Compiling[0m failspot v0.2.0
Linux build and workspace tests	Build and run workspace tests	2026-10-07T17:39:35.2764085Z [1m[92m   Compiling[0m system_specs v0.1.0 (/home/runner/work/koda/koda/crates/system_specs)
Linux build and workspace tests	Build and run workspace tests	2026-10-07T17:39:35.8289870Z [1m[92m   Compiling[0m hyper v0.14.32
Linux build and workspace tests	Build and run workspace tests	2026-10-07T17:39:39.7194644Z [1m[92m   Compiling[0m dev_container v0.1.0 (/home/runner/work/koda/koda/crates/dev_container)
Linux build and workspace tests	Build and run workspace tests	2026-10-07T17:39:42.0879101Z [1m[92m   Compiling[0m flume v0.11.1
Linux build and workspace tests	Build and run workspace tests	2026-10-07T17:39:43.5493899Z [1m[92m   Compiling[0m uds v0.4.2
Linux build and workspace tests	Build and run workspace tests	2026-10-07T17:39:43.6303556Z [1m[92m   Compiling[0m openssl v0.10.81
Linux build and workspace tests	Build and run workspace tests	2026-10-07T17:39:43.8013676Z [1m[92m   Compiling[0m foreign-types-shared v0.1.1
Linux build and workspace tests	Build and run workspace tests	2026-10-07T17:39:43.8634572Z [1m[92m   Compiling[0m foreign-types v0.3.2
Linux build and workspace tests	Build and run workspace tests	2026-10-07T17:39:43.9314516Z [1m[92m   Compiling[0m minidumper v0.11.0
Linux build and workspace tests	Build and run workspace tests	2026-10-07T17:39:43.9883798Z [1m[92m   Compiling[0m sqlx-postgres v0.8.6
Linux build and workspace tests	Build and run workspace tests	2026-10-07T17:39:49.8071284Z [1m[92m   Compiling[0m sqlx-sqlite v0.8.6
Linux build and workspace tests	Build and run workspace tests	2026-10-07T17:39:50.9568778Z [1m[92m   Compiling[0m cargo_toml v0.21.0
Linux build and workspace tests	Build and run workspace tests	2026-10-07T17:39:53.5413732Z [1m[92m   Compiling[0m crash-handler v0.8.0
Linux build and workspace tests	Build and run workspace tests	2026-10-07T17:39:53.8154468Z [1m[92m   Compiling[0m dap_adapters v0.1.0 (/home/runner/work/koda/koda/crates/dap_adapters)
Linux build and workspace tests	Build and run workspace tests	2026-10-07T17:39:54.0013541Z [1m[92m   Compiling[0m headers-core v0.2.0
Linux build and workspace tests	Build and run workspace tests	2026-10-07T17:39:54.6163785Z [1m[92m   Compiling[0m openssl-macros v0.1.1
Linux build and workspace tests	Build and run workspace tests	2026-10-07T17:39:54.9164086Z [1m[92m   Compiling[0m heck v0.4.1
Linux build and workspace tests	Build and run workspace tests	2026-10-07T17:39:55.1211829Z [1m[92m   Compiling[0m proc-macro2-diagnostics v0.10.1
Linux build and workspace tests	Build and run workspace tests	2026-10-07T17:39:55.2317021Z [1m[92m   Compiling[0m borrow-or-share v0.2.4
Linux build and workspace tests	Build and run workspace tests	2026-10-07T17:39:55.2939804Z [1m[92m   Compiling[0m native-tls v0.2.18
Linux build and workspace tests	Build and run workspace tests	2026-10-07T17:39:55.4472527Z [1m[92m   Compiling[0m windows_resources v0.1.0 (/home/runner/work/koda/koda/crates/windows_resources)
Linux build and workspace tests	Build and run workspace tests	2026-10-07T17:39:55.5170371Z [1m[92m   Compiling[0m fluent-uri v0.4.1
Linux build and workspace tests	Build and run workspace tests	2026-10-07T17:39:56.9927227Z [1m[92m   Compiling[0m headers v0.3.9
Linux build and workspace tests	Build and run workspace tests	2026-10-07T17:39:57.7484099Z [1m[92m   Compiling[0m remote_server v0.1.0 (/home/runner/work/koda/koda/crates/remote_server)
Linux build and workspace tests	Build and run workspace tests	2026-10-07T17:39:57.7641117Z [1m[92m   Compiling[0m sqlx-macros-core v0.8.6
Linux build and workspace tests	Build and run workspace tests	2026-10-07T17:39:58.0223913Z [1m[92m   Compiling[0m recent_projects v0.1.0 (/home/runner/work/koda/koda/crates/recent_projects)
Linux build and workspace tests	Build and run workspace tests	2026-10-07T17:39:59.5257442Z [1m[92m   Compiling[0m fraction v0.16.0
Linux build and workspace tests	Build and run workspace tests	2026-10-07T17:40:02.5733507Z [1m[92m   Compiling[0m bytecount v0.6.9
Linux build and workspace tests	Build and run workspace tests	2026-10-07T17:40:02.7334122Z [1m[92m   Compiling[0m num-cmp v0.1.0
Linux build and workspace tests	Build and run workspace tests	2026-10-07T17:40:02.8687870Z [1m[92m   Compiling[0m micromap v0.3.0
Linux build and workspace tests	Build and run workspace tests	2026-10-07T17:40:02.9329153Z [1m[92m   Compiling[0m jsonschema-value v0.51.0
Linux build and workspace tests	Build and run workspace tests	2026-10-07T17:40:03.0893744Z [1m[92m   Compiling[0m referencing v0.51.0
Linux build and workspace tests	Build and run workspace tests	2026-10-07T17:40:08.0632181Z [1m[92m   Compiling[0m sqlx-macros v0.8.6
Linux build and workspace tests	Build and run workspace tests	2026-10-07T17:40:08.7152750Z [1m[92m   Compiling[0m crashes v0.1.0 (/home/runner/work/koda/koda/crates/crashes)
Linux build and workspace tests	Build and run workspace tests	2026-10-07T17:40:09.5391266Z [1m[92m   Compiling[0m eval_utils v0.1.0 (/home/runner/work/koda/koda/crates/eval_utils)
Linux build and workspace tests	Build and run workspace tests	2026-10-07T17:40:09.7206194Z [1m[92m   Compiling[0m uuid-simd v0.8.0
Linux build and workspace tests	Build and run workspace tests	2026-10-07T17:40:09.9793493Z [1m[92m   Compiling[0m axum-core v0.3.4
Linux build and workspace tests	Build and run workspace tests	2026-10-07T17:40:10.4123806Z [1m[92m   Compiling[0m email_address v0.2.9
Linux build and workspace tests	Build and run workspace tests	2026-10-07T17:40:10.6415875Z [1m[92m   Compiling[0m inherent v1.0.13
Linux build and workspace tests	Build and run workspace tests	2026-10-07T17:40:10.6743061Z [1m[92m   Compiling[0m jsonschema-regex v0.51.0
Linux build and workspace tests	Build and run workspace tests	2026-10-07T17:40:11.0484225Z [1m[92m   Compiling[0m ordered-float v4.6.0
Linux build and workspace tests	Build and run workspace tests	2026-10-07T17:40:11.1281274Z [1m[92m   Compiling[0m cargo-platform v0.3.2
Linux build and workspace tests	Build and run workspace tests	2026-10-07T17:40:11.4497875Z [1m[92m   Compiling[0m protobuf v3.7.2
Linux build and workspace tests	Build and run workspace tests	2026-10-07T17:40:11.6923545Z [1m[92m   Compiling[0m sea-query v0.32.7
Linux build and workspace tests	Build and run workspace tests	2026-10-07T17:40:12.2615204Z [1m[92m   Compiling[0m jsonschema v0.51.0
Linux build and workspace tests	Build and run workspace tests	2026-10-07T17:40:14.4274678Z [1m[92m   Compiling[0m sqlx v0.8.6
Linux build and workspace tests	Build and run workspace tests	2026-10-07T17:40:15.9603764Z [1m[92m   Compiling[0m ouroboros_macro v0.18.5
Linux build and workspace tests	Build and run workspace tests	2026-10-07T17:40:17.2659931Z [1m[92m   Compiling[0m tokio-native-tls v0.3.1
Linux build and workspace tests	Build and run workspace tests	2026-10-07T17:40:18.5053576Z [1m[92m   Compiling[0m sea-bae v0.2.2
Linux build and workspace tests	Build and run workspace tests	2026-10-07T17:40:19.0483102Z [1m[92m   Compiling[0m crc-fast v1.9.0
Linux build and workspace tests	Build and run workspace tests	2026-10-07T17:40:21.8117764Z [1m[92m   Compiling[0m command_palette v0.1.0 (/home/runner/work/koda/koda/crates/command_palette)
Linux build and workspace tests	Build and run workspace tests	2026-10-07T17:40:22.5453505Z [1m[92m   Compiling[0m tungstenite v0.20.1
Linux build and workspace tests	Build and run workspace tests	2026-10-07T17:40:23.3063996Z [1m[92m   Compiling[0m android_ui v0.1.0 (/home/runner/work/koda/koda/crates/android_ui)
Linux build and workspace tests	Build and run workspace tests	2026-10-07T17:40:24.7764186Z [1m[92m   Compiling[0m time_format v0.1.0 (/home/runner/work/koda/koda/crates/time_format)
Linux build and workspace tests	Build and run workspace tests	2026-10-07T17:40:26.3013689Z [1m[92m   Compiling[0m axum v0.6.20
Linux build and workspace tests	Build and run workspace tests	2026-10-07T17:40:26.4103725Z [1m[92m   Compiling[0m protobuf-support v3.7.2
Linux build and workspace tests	Build and run workspace tests	2026-10-07T17:40:26.6058253Z [1m[92m   Compiling[0m async-stream-impl v0.3.6
Linux build and workspace tests	Build and run workspace tests	2026-10-07T17:40:26.8176010Z [1m[92m   Compiling[0m aliasable v0.1.3
Linux build and workspace tests	Build and run workspace tests	2026-10-07T17:40:26.9473823Z [1m[92m   Compiling[0m prometheus v0.14.0
Linux build and workspace tests	Build and run workspace tests	2026-10-07T17:40:27.0609625Z [1m[92m   Compiling[0m sync_wrapper v0.1.2
Linux build and workspace tests	Build and run workspace tests	2026-10-07T17:40:27.1274001Z [1m[92m   Compiling[0m async-stream v0.3.6
Linux build and workspace tests	Build and run workspace tests	2026-10-07T17:40:27.1654680Z [1m[92m   Compiling[0m ouroboros v0.18.5
Linux build and workspace tests	Build and run workspace tests	2026-10-07T17:40:32.8578442Z [1m[92m   Compiling[0m tokio-tungstenite v0.20.1
Linux build and workspace tests	Build and run workspace tests	2026-10-07T17:40:32.8737042Z [1m[92m   Compiling[0m aws-smithy-checksums v0.64.4
Linux build and workspace tests	Build and run workspace tests	2026-10-07T17:40:33.1053858Z [1m[92m   Compiling[0m sea-orm-macros v1.1.10
Linux build and workspace tests	Build and run workspace tests	2026-10-07T17:40:33.3608583Z [1m[92m   Compiling[0m hyper-tls v0.5.0
Linux build and workspace tests	Build and run workspace tests	2026-10-07T17:40:35.3703572Z [1m[92m   Compiling[0m sea-query-binder v0.7.0
Linux build and workspace tests	Build and run workspace tests	2026-10-07T17:40:36.1384763Z [1m[92m   Compiling[0m rustls-pemfile v1.0.4
Linux build and workspace tests	Build and run workspace tests	2026-10-07T17:40:36.3863783Z [1m[92m   Compiling[0m tower v0.4.13
Linux build and workspace tests	Build and run workspace tests	2026-10-07T17:40:36.7426934Z [1m[92m   Compiling[0m clap_complete v4.5.59
Linux build and workspace tests	Build and run workspace tests	2026-10-07T17:40:37.3733882Z [1m[92m   Compiling[0m proc-macro-error-attr v1.0.4
Linux build and workspace tests	Build and run workspace tests	2026-10-07T17:40:37.4824236Z [1m[92m   Compiling[0m rand v0.4.6
Linux build and workspace tests	Build and run workspace tests	2026-10-07T17:40:38.0451764Z [1m[92m   Compiling[0m http-range-header v0.3.1
Linux build and workspace tests	Build and run workspace tests	2026-10-07T17:40:38.1795140Z [1m[92m   Compiling[0m fastrand v1.9.0
Linux build and workspace tests	Build and run workspace tests	2026-10-07T17:40:38.3863814Z [1m[92m   Compiling[0m strum v0.26.3
Linux build and workspace tests	Build and run workspace tests	2026-10-07T17:40:38.4533011Z [1m[92m   Compiling[0m matchit v0.7.3
Linux build and workspace tests	Build and run workspace tests	2026-10-07T17:40:39.3913998Z [1m[92m   Compiling[0m sea-orm v1.1.10
Linux build and workspace tests	Build and run workspace tests	2026-10-07T17:40:42.5743727Z [1m[92m   Compiling[0m futures-lite v1.13.0
Linux build and workspace tests	Build and run workspace tests	2026-10-07T17:40:43.3006023Z [1m[92m   Compiling[0m tower-http v0.4.4
Linux build and workspace tests	Build and run workspace tests	2026-10-07T17:40:43.9468181Z [1m[92m   Compiling[0m rand v0.3.23
Linux build and workspace tests	Build and run workspace tests	2026-10-07T17:40:44.0643627Z [1m[92m   Compiling[0m reqwest v0.11.27
Linux build and workspace tests	Build and run workspace tests	2026-10-07T17:40:47.4763705Z [1m[92m   Compiling[0m aws-sdk-s3 v1.123.0
Linux build and workspace tests	Build and run workspace tests	2026-10-07T17:40:49.1893839Z [1m[92m   Compiling[0m cargo_metadata v0.23.1
Linux build and workspace tests	Build and run workspace tests	2026-10-07T17:40:50.7704063Z [1m[92m   Compiling[0m codestral v0.1.0 (/home/runner/work/koda/koda/crates/codestral)
Linux build and workspace tests	Build and run workspace tests	2026-10-07T17:40:51.0633848Z [1m[92m   Compiling[0m aws-sdk-kinesis v1.100.0
Linux build and workspace tests	Build and run workspace tests	2026-10-07T17:40:52.0555720Z [1m[92m   Compiling[0m tasks_ui v0.1.0 (/home/runner/work/koda/koda/crates/tasks_ui)
Linux build and workspace tests	Build and run workspace tests	2026-10-07T17:40:54.3145700Z [1m[92m   Compiling[0m debugger_tools v0.1.0 (/home/runner/work/koda/koda/crates/debugger_tools)
Linux build and workspace tests	Build and run workspace tests	2026-10-07T17:40:56.2788080Z [1m[92m   Compiling[0m dashmap v6.1.0
Linux build and workspace tests	Build and run workspace tests	2026-10-07T17:40:56.6809866Z [1m[92m   Compiling[0m jupyter-protocol v1.4.0
Linux build and workspace tests	Build and run workspace tests	2026-10-07T17:41:00.4403482Z [1m[92m   Compiling[0m envy v0.4.2
Linux build and workspace tests	Build and run workspace tests	2026-10-07T17:41:00.5982295Z [1m[92m   Compiling[0m parse_int v0.9.0
Linux build and workspace tests	Build and run workspace tests	2026-10-07T17:41:00.6853514Z [1m[92m   Compiling[0m proc-macro-error v1.0.4
Linux build and workspace tests	Build and run workspace tests	2026-10-07T17:41:00.8093519Z [1m[92m   Compiling[0m saa v5.4.9
Linux build and workspace tests	Build and run workspace tests	2026-10-07T17:41:01.1284094Z [1m[92m   Compiling[0m sdd v4.6.2
Linux build and workspace tests	Build and run workspace tests	2026-10-07T17:41:01.5073625Z [1m[92m   Compiling[0m scc v3.5.6
Linux build and workspace tests	Build and run workspace tests	2026-10-07T17:41:02.4309447Z [1m[92m   Compiling[0m octocrab v0.49.7
Linux build and workspace tests	Build and run workspace tests	2026-10-07T17:41:02.7363845Z [1m[92m   Compiling[0m random_choice v0.3.2
Linux build and workspace tests	Build and run workspace tests	2026-10-07T17:41:02.8064306Z [1m[92m   Compiling[0m async-dispatcher v0.1.2
Linux build and workspace tests	Build and run workspace tests	2026-10-07T17:41:03.0019943Z [1m[92m   Compiling[0m cli v0.1.0 (/home/runner/work/koda/koda/crates/cli)
Linux build and workspace tests	Build and run workspace tests	2026-10-07T17:41:03.1553786Z [1m[92m   Compiling[0m darling_core v0.21.3
Linux build and workspace tests	Build and run workspace tests	2026-10-07T17:41:03.2154666Z [1m[92m   Compiling[0m markdown_preview v0.1.0 (/home/runner/work/koda/koda/crates/markdown_preview)
Linux build and workspace tests	Build and run workspace tests	2026-10-07T17:41:05.6924399Z [1m[92m   Compiling[0m console v0.16.3
Linux build and workspace tests	Build and run workspace tests	2026-10-07T17:41:05.7533624Z [1m[92m   Compiling[0m rand_pcg v0.3.1
Linux build and workspace tests	Build and run workspace tests	2026-10-07T17:41:05.8871130Z [1m[92m   Compiling[0m itertools v0.10.5
Linux build and workspace tests	Build and run workspace tests	2026-10-07T17:41:06.2434298Z [1m[92m   Compiling[0m asynchronous-codec v0.7.0
Linux build and workspace tests	Build and run workspace tests	2026-10-07T17:41:06.4743570Z [1m[92m   Compiling[0m triomphe v0.1.15
Linux build and workspace tests	Build and run workspace tests	2026-10-07T17:41:06.7280908Z [1m[92m   Compiling[0m snafu-derive v0.8.9
Linux build and workspace tests	Build and run workspace tests	2026-10-07T17:41:07.0534144Z [1m[92m   Compiling[0m sha-1 v0.10.1
Linux build and workspace tests	Build and run workspace tests	2026-10-07T17:41:07.1922257Z [1m[92m   Compiling[0m errno v0.2.8
Linux build and workspace tests	Build and run workspace tests	2026-10-07T17:41:07.2894054Z [1m[92m   Compiling[0m siphasher v0.3.11
Linux build and workspace tests	Build and run workspace tests	2026-10-07T17:41:07.4344200Z [1m[92m   Compiling[0m guppy-workspace-hack v0.1.0
Linux build and workspace tests	Build and run workspace tests	2026-10-07T17:41:07.5489391Z [1m[92m   Compiling[0m edit_prediction_cli v0.1.0 (/home/runner/work/koda/koda/crates/edit_prediction_cli)
Linux build and workspace tests	Build and run workspace tests	2026-10-07T17:41:07.7283755Z [1m[92m   Compiling[0m shingles v0.1.1
Linux build and workspace tests	Build and run workspace tests	2026-10-07T17:41:07.8854068Z [1m[92m   Compiling[0m gaoya v0.2.0
Linux build and workspace tests	Build and run workspace tests	2026-10-07T17:41:08.5683256Z [1m[92m   Compiling[0m snafu v0.8.9
Linux build and workspace tests	Build and run workspace tests	2026-10-07T17:41:08.8383853Z [1m[92m   Compiling[0m exec v0.3.1
Linux build and workspace tests	Build and run workspace tests	2026-10-07T17:41:08.8651589Z [1m[92m   Compiling[0m zeromq v0.5.0
Linux build and workspace tests	Build and run workspace tests	2026-10-07T17:41:08.9976817Z [1m[92m   Compiling[0m dialoguer v0.12.0
Linux build and workspace tests	Build and run workspace tests	2026-10-07T17:41:09.5466908Z [1m[92m   Compiling[0m darling_macro v0.21.3
Linux build and workspace tests	Build and run workspace tests	2026-10-07T17:41:10.0732990Z [1m[92m   Compiling[0m collab v0.44.0 (/home/runner/work/koda/koda/crates/collab)
Linux build and workspace tests	Build and run workspace tests	2026-10-07T17:41:11.3165079Z [1m[92m   Compiling[0m debugger_ui v0.1.0 (/home/runner/work/koda/koda/crates/debugger_ui)
Linux build and workspace tests	Build and run workspace tests	2026-10-07T17:41:22.5326948Z [1m[92m   Compiling[0m edit_prediction_ui v0.1.0 (/home/runner/work/koda/koda/crates/edit_prediction_ui)
Linux build and workspace tests	Build and run workspace tests	2026-10-07T17:41:24.2841402Z [1m[92m   Compiling[0m clap_complete_nushell v4.6.0
Linux build and workspace tests	Build and run workspace tests	2026-10-07T17:41:24.4902919Z [1m[92m   Compiling[0m file_finder v0.1.0 (/home/runner/work/koda/koda/crates/file_finder)
Linux build and workspace tests	Build and run workspace tests	2026-10-07T17:41:25.4634394Z [1m[92m   Compiling[0m libwebrtc v0.3.26 (https://github.com/zed-industries/livekit-rust-sdks?rev=0a1c519cfce9b365229026b55de9b9dbdb6fed3c#0a1c519c)
Linux build and workspace tests	Build and run workspace tests	2026-10-07T17:41:25.5834365Z [1m[92m   Compiling[0m outline v0.1.0 (/home/runner/work/koda/koda/crates/outline)
Linux build and workspace tests	Build and run workspace tests	2026-10-07T17:41:27.1173829Z [1m[92m   Compiling[0m ipc-channel v0.19.0
Linux build and workspace tests	Build and run workspace tests	2026-10-07T17:41:27.4811400Z [1m[92m   Compiling[0m audio v0.1.0 (/home/runner/work/koda/koda/crates/audio)
Linux build and workspace tests	Build and run workspace tests	2026-10-07T17:41:27.8903668Z [1m[92m   Compiling[0m tungstenite v0.21.0
Linux build and workspace tests	Build and run workspace tests	2026-10-07T17:41:28.7169852Z [1m[92m   Compiling[0m agent_ui v0.1.0 (/home/runner/work/koda/koda/crates/agent_ui)
Linux build and workspace tests	Build and run workspace tests	2026-10-07T17:41:28.7993411Z [1m[92m   Compiling[0m inotify v0.9.6
Linux build and workspace tests	Build and run workspace tests	2026-10-07T17:41:29.0963739Z [1m[92m   Compiling[0m hyper-timeout v0.5.2
Linux build and workspace tests	Build and run workspace tests	2026-10-07T17:41:29.2644237Z [1m[92m   Compiling[0m simplelog v0.12.2
Linux build and workspace tests	Build and run workspace tests	2026-10-07T17:41:29.7693910Z [1m[92m   Compiling[0m secrecy v0.10.3
Linux build and workspace tests	Build and run workspace tests	2026-10-07T17:41:29.8883612Z [1m[92m   Compiling[0m mio v0.8.11
Linux build and workspace tests	Build and run workspace tests	2026-10-07T17:41:30.1823591Z [1m[92m   Compiling[0m proptest-derive v0.8.0
Linux build and workspace tests	Build and run workspace tests	2026-10-07T17:41:31.3544318Z [1m[92m   Compiling[0m livekit_client v0.1.0 (/home/runner/work/koda/koda/crates/livekit_client)
Linux build and workspace tests	Build and run workspace tests	2026-10-07T17:41:32.9514642Z [1m[92m   Compiling[0m call v0.1.0 (/home/runner/work/koda/koda/crates/call)
Linux build and workspace tests	Build and run workspace tests	2026-10-07T17:41:35.6450980Z [1m[92m   Compiling[0m git_ui v0.1.0 (/home/runner/work/koda/koda/crates/git_ui)
Linux build and workspace tests	Build and run workspace tests	2026-10-07T17:41:36.3275520Z [1m[92m   Compiling[0m title_bar v0.1.0 (/home/runner/work/koda/koda/crates/title_bar)
Linux build and workspace tests	Build and run workspace tests	2026-10-07T17:41:39.8114592Z [1m[92m   Compiling[0m collab_ui v0.1.0 (/home/runner/work/koda/koda/crates/collab_ui)
Linux build and workspace tests	Build and run workspace tests	2026-10-07T17:41:46.3483431Z [1m[92m   Compiling[0m fork v0.4.0
Linux build and workspace tests	Build and run workspace tests	2026-10-07T17:41:46.4974316Z [1m[92m   Compiling[0m pulldown-cmark v0.10.3
Linux build and workspace tests	Build and run workspace tests	2026-10-07T17:41:46.6163233Z [1m[92m   Compiling[0m target-spec v3.7.0
Linux build and workspace tests	Build and run workspace tests	2026-10-07T17:41:46.8773506Z [1m[92m   Compiling[0m notify v6.1.1
Linux build and workspace tests	Build and run workspace tests	2026-10-07T17:41:49.7544563Z [1m[92m   Compiling[0m tokio-tungstenite v0.21.0
Linux build and workspace tests	Build and run workspace tests	2026-10-07T17:41:52.6363719Z [1m[92m   Compiling[0m runtimelib v1.4.0
Linux build and workspace tests	Build and run workspace tests	2026-10-07T17:41:53.8223562Z [1m[92m   Compiling[0m merge_derive v0.1.0
Linux build and workspace tests	Build and run workspace tests	2026-10-07T17:41:54.2393730Z [1m[92m   Compiling[0m darling v0.21.3
Linux build and workspace tests	Build and run workspace tests	2026-10-07T17:41:54.3600555Z [1m[92m   Compiling[0m jupyter-websocket-client v1.1.0
Linux build and workspace tests	Build and run workspace tests	2026-10-07T17:41:55.2761587Z [1m[92m   Compiling[0m nbformat v1.2.0
Linux build and workspace tests	Build and run workspace tests	2026-10-07T17:41:56.8714078Z [1m[92m   Compiling[0m cssparser v0.37.0
Linux build and workspace tests	Build and run workspace tests	2026-10-07T17:41:57.5726432Z [1m[92m   Compiling[0m extension_suggest v0.1.0 (/home/runner/work/koda/koda/crates/extension_suggest)
Linux build and workspace tests	Build and run workspace tests	2026-10-07T17:41:57.6997130Z [1m[92m   Compiling[0m tree-sitter-heex v0.0.1 (https://github.com/zed-industries/tree-sitter-heex?rev=1dd45142fbb05562e35b2040c6129c9bca346592#1dd45142)
Linux build and workspace tests	Build and run workspace tests	2026-10-07T17:41:57.8063529Z [1m[92m   Compiling[0m tree-sitter-ruby v0.23.1
Linux build and workspace tests	Build and run workspace tests	2026-10-07T17:41:57.8762581Z [1m[92m   Compiling[0m tree-sitter-elixir v0.3.4
Linux build and workspace tests	Build and run workspace tests	2026-10-07T17:41:57.9729874Z [1m[92m   Compiling[0m tree-sitter-embedded-template v0.23.2
Linux build and workspace tests	Build and run workspace tests	2026-10-07T17:41:58.0420493Z [1m[92m   Compiling[0m pulldown-cmark-escape v0.10.1
Linux build and workspace tests	Build and run workspace tests	2026-10-07T17:41:58.1404200Z [1m[92m   Compiling[0m maplit v1.0.2
Linux build and workspace tests	Build and run workspace tests	2026-10-07T17:41:58.2009269Z [1m[92m   Compiling[0m ammonia v4.1.4
Linux build and workspace tests	Build and run workspace tests	2026-10-07T17:42:02.5553878Z [1m[92m   Compiling[0m derive_setters v0.1.9
Linux build and workspace tests	Build and run workspace tests	2026-10-07T17:42:03.0054930Z [1m[92m   Compiling[0m merge v0.1.0
Linux build and workspace tests	Build and run workspace tests	2026-10-07T17:42:03.2753551Z [1m[92m   Compiling[0m warp v0.3.7
Linux build and workspace tests	Build and run workspace tests	2026-10-07T17:42:03.6135355Z [1m[92m   Compiling[0m notify-debouncer-mini v0.4.1
Linux build and workspace tests	Build and run workspace tests	2026-10-07T17:42:04.0092383Z [1m[92m   Compiling[0m settings_ui v0.1.0 (/home/runner/work/koda/koda/crates/settings_ui)
Linux build and workspace tests	Build and run workspace tests	2026-10-07T17:42:04.7634550Z [1m[92m   Compiling[0m outline_panel v0.1.0 (/home/runner/work/koda/koda/crates/outline_panel)
Linux build and workspace tests	Build and run workspace tests	2026-10-07T17:42:06.1798281Z [1m[92m   Compiling[0m project_panel v0.1.0 (/home/runner/work/koda/koda/crates/project_panel)
Linux build and workspace tests	Build and run workspace tests	2026-10-07T17:42:09.2052680Z [1m[92m   Compiling[0m vim v0.1.0 (/home/runner/work/koda/koda/crates/vim)
Linux build and workspace tests	Build and run workspace tests	2026-10-07T17:42:12.4044912Z [1m[92m   Compiling[0m zed v1.23.0 (/home/runner/work/koda/koda/crates/zed)
Linux build and workspace tests	Build and run workspace tests	2026-10-07T17:42:13.4728482Z [1m[92m   Compiling[0m auto_update_helper v0.1.0 (/home/runner/work/koda/koda/crates/auto_update_helper)
Linux build and workspace tests	Build and run workspace tests	2026-10-07T17:42:13.6341092Z [1m[92m   Compiling[0m component_preview v0.1.0 (/home/runner/work/koda/koda/crates/component_preview)
Linux build and workspace tests	Build and run workspace tests	2026-10-07T17:42:15.0850805Z [1m[92m   Compiling[0m handlebars v5.1.2
Linux build and workspace tests	Build and run workspace tests	2026-10-07T17:42:15.3454117Z [1m[92m   Compiling[0m go_to_line v0.1.0 (/home/runner/work/koda/koda/crates/go_to_line)
Linux build and workspace tests	Build and run workspace tests	2026-10-07T17:42:16.6620733Z [1m[92m   Compiling[0m theme_extension v0.1.0 (/home/runner/work/koda/koda/crates/theme_extension)
Linux build and workspace tests	Build and run workspace tests	2026-10-07T17:42:17.5833402Z [1m[92m   Compiling[0m opener v0.7.2
Linux build and workspace tests	Build and run workspace tests	2026-10-07T17:42:18.1904024Z [1m[92m   Compiling[0m cargo-platform v0.1.9
Linux build and workspace tests	Build and run workspace tests	2026-10-07T17:42:18.4333758Z [1m[92m   Compiling[0m toml v0.5.11
Linux build and workspace tests	Build and run workspace tests	2026-10-07T17:42:18.9376747Z [1m[92m   Compiling[0m elasticlunr-rs v3.0.2
Linux build and workspace tests	Build and run workspace tests	2026-10-07T17:42:19.6364293Z [1m[92m   Compiling[0m gh-workflow-macros v0.8.0 (https://github.com/zed-industries/gh-workflow?rev=37f3c0575d379c218a9c455ee67585184e40d43f#37f3c057)
Linux build and workspace tests	Build and run workspace tests	2026-10-07T17:42:19.9073696Z [1m[92m   Compiling[0m strum_macros v0.27.2
Linux build and workspace tests	Build and run workspace tests	2026-10-07T17:42:19.9803526Z [1m[92m   Compiling[0m nested v0.1.1
Linux build and workspace tests	Build and run workspace tests	2026-10-07T17:42:20.1073849Z [1m[92m   Compiling[0m debug-ignore v1.0.5
Linux build and workspace tests	Build and run workspace tests	2026-10-07T17:42:20.1753759Z [1m[92m   Compiling[0m topological-sort v0.2.2
Linux build and workspace tests	Build and run workspace tests	2026-10-07T17:42:20.2743560Z [1m[92m   Compiling[0m gpui_windows v0.1.0 (/home/runner/work/koda/koda/crates/gpui_windows)
Linux build and workspace tests	Build and run workspace tests	2026-10-07T17:42:20.3874188Z [1m[92m   Compiling[0m eval_cli v0.1.0 (/home/runner/work/koda/koda/crates/eval_cli)
Linux build and workspace tests	Build and run workspace tests	2026-10-07T17:42:20.5654206Z [1m[92m   Compiling[0m gpui_apple v0.1.0 (/home/runner/work/koda/koda/crates/gpui_apple)
Linux build and workspace tests	Build and run workspace tests	2026-10-07T17:42:20.7835045Z [1m[92m   Compiling[0m mdbook v0.4.40
Linux build and workspace tests	Build and run workspace tests	2026-10-07T17:42:21.1624424Z [1m[92m   Compiling[0m guppy v0.18.0
Linux build and workspace tests	Build and run workspace tests	2026-10-07T17:42:21.8944653Z [1m[92m   Compiling[0m gh-workflow v0.8.0 (https://github.com/zed-industries/gh-workflow?rev=37f3c0575d379c218a9c455ee67585184e40d43f#37f3c057)
Linux build and workspace tests	Build and run workspace tests	2026-10-07T17:42:24.1683653Z [1m[92m   Compiling[0m cargo_metadata v0.19.2
Linux build and workspace tests	Build and run workspace tests	2026-10-07T17:42:24.6865016Z [1m[92m   Compiling[0m compliance v0.1.0 (/home/runner/work/koda/koda/tooling/compliance)
Linux build and workspace tests	Build and run workspace tests	2026-10-07T17:42:25.9655077Z [1m[92m   Compiling[0m extensions_ui v0.1.0 (/home/runner/work/koda/koda/crates/extensions_ui)
Linux build and workspace tests	Build and run workspace tests	2026-10-07T17:42:26.0194677Z [1m[92m   Compiling[0m repl v0.1.0 (/home/runner/work/koda/koda/crates/repl)
Linux build and workspace tests	Build and run workspace tests	2026-10-07T17:42:27.9423935Z [1m[92m   Compiling[0m acp_tools v0.1.0 (/home/runner/work/koda/koda/crates/acp_tools)
Linux build and workspace tests	Build and run workspace tests	2026-10-07T17:42:29.6333090Z [1m[92m   Compiling[0m sidebar v0.1.0 (/home/runner/work/koda/koda/crates/sidebar)
Linux build and workspace tests	Build and run workspace tests	2026-10-07T17:42:29.9594126Z [1m[92m   Compiling[0m auto_update_ui v0.1.0 (/home/runner/work/koda/koda/crates/auto_update_ui)
Linux build and workspace tests	Build and run workspace tests	2026-10-07T17:42:31.3055301Z [1m[92m   Compiling[0m keymap_editor v0.1.0 (/home/runner/work/koda/koda/crates/keymap_editor)
Linux build and workspace tests	Build and run workspace tests	2026-10-07T17:42:34.2243709Z [1m[92m   Compiling[0m which_key v0.1.0 (/home/runner/work/koda/koda/crates/which_key)
Linux build and workspace tests	Build and run workspace tests	2026-10-07T17:42:34.6693950Z [1m[92m   Compiling[0m feedback v0.1.0 (/home/runner/work/koda/koda/crates/feedback)
Linux build and workspace tests	Build and run workspace tests	2026-10-07T17:42:34.9083824Z [1m[92m   Compiling[0m language_tools v0.1.0 (/home/runner/work/koda/koda/crates/language_tools)
Linux build and workspace tests	Build and run workspace tests	2026-10-07T17:42:35.1624183Z [1m[92m   Compiling[0m web_search_providers v0.1.0 (/home/runner/work/koda/koda/crates/web_search_providers)
Linux build and workspace tests	Build and run workspace tests	2026-10-07T17:42:35.7413993Z [1m[92m   Compiling[0m snippets_ui v0.1.0 (/home/runner/work/koda/koda/crates/snippets_ui)
Linux build and workspace tests	Build and run workspace tests	2026-10-07T17:42:35.8694080Z [1m[92m   Compiling[0m language_selector v0.1.0 (/home/runner/work/koda/koda/crates/language_selector)
Linux build and workspace tests	Build and run workspace tests	2026-10-07T17:42:35.9044189Z [1m[92m   Compiling[0m toolchain_selector v0.1.0 (/home/runner/work/koda/koda/crates/toolchain_selector)
Linux build and workspace tests	Build and run workspace tests	2026-10-07T17:42:37.1974355Z [1m[92m   Compiling[0m activity_indicator v0.1.0 (/home/runner/work/koda/koda/crates/activity_indicator)
Linux build and workspace tests	Build and run workspace tests	2026-10-07T17:42:37.4295093Z [1m[92m   Compiling[0m onboarding v0.1.0 (/home/runner/work/koda/koda/crates/onboarding)
Linux build and workspace tests	Build and run workspace tests	2026-10-07T17:42:38.1973974Z [1m[92m   Compiling[0m lsp_locations v0.1.0 (/home/runner/work/koda/koda/crates/lsp_locations)
Linux build and workspace tests	Build and run workspace tests	2026-10-07T17:42:38.5993701Z [1m[92m   Compiling[0m project_symbols v0.1.0 (/home/runner/work/koda/koda/crates/project_symbols)
Linux build and workspace tests	Build and run workspace tests	2026-10-07T17:42:39.6944083Z [1m[92m   Compiling[0m miniprofiler_ui v0.1.0 (/home/runner/work/koda/koda/crates/miniprofiler_ui)
Linux build and workspace tests	Build and run workspace tests	2026-10-07T17:42:40.1543672Z [1m[92m   Compiling[0m inspector_ui v0.1.0 (/home/runner/work/koda/koda/crates/inspector_ui)
Linux build and workspace tests	Build and run workspace tests	2026-10-07T17:42:40.1834039Z [1m[92m   Compiling[0m call_hierarchy v0.1.0 (/home/runner/work/koda/koda/crates/call_hierarchy)
Linux build and workspace tests	Build and run workspace tests	2026-10-07T17:42:40.8324624Z [1m[92m   Compiling[0m tab_switcher v0.1.0 (/home/runner/work/koda/koda/crates/tab_switcher)
Linux build and workspace tests	Build and run workspace tests	2026-10-07T17:42:41.0766172Z [1m[92m   Compiling[0m theme_selector v0.1.0 (/home/runner/work/koda/koda/crates/theme_selector)
Linux build and workspace tests	Build and run workspace tests	2026-10-07T17:42:42.4372336Z [1m[92m   Compiling[0m settings_profile_selector v0.1.0 (/home/runner/work/koda/koda/crates/settings_profile_selector)
Linux build and workspace tests	Build and run workspace tests	2026-10-07T17:42:42.8505440Z [1m[92m   Compiling[0m encoding_selector v0.1.0 (/home/runner/work/koda/koda/crates/encoding_selector)
Linux build and workspace tests	Build and run workspace tests	2026-10-07T17:42:43.1394315Z [1m[92m   Compiling[0m tabular_data_preview v0.1.0 (/home/runner/work/koda/koda/crates/tabular_data_preview)
Linux build and workspace tests	Build and run workspace tests	2026-10-07T17:42:44.0424246Z [1m[92m   Compiling[0m line_ending_selector v0.1.0 (/home/runner/work/koda/koda/crates/line_ending_selector)
Linux build and workspace tests	Build and run workspace tests	2026-10-07T17:42:44.4814185Z [1m[92m   Compiling[0m lsp_command_selector v0.1.0 (/home/runner/work/koda/koda/crates/lsp_command_selector)
Linux build and workspace tests	Build and run workspace tests	2026-10-07T17:42:45.6614658Z [1m[92m   Compiling[0m language_onboarding v0.1.0 (/home/runner/work/koda/koda/crates/language_onboarding)
Linux build and workspace tests	Build and run workspace tests	2026-10-07T17:42:46.0203981Z [1m[92m   Compiling[0m image_viewer v0.1.0 (/home/runner/work/koda/koda/crates/image_viewer)
Linux build and workspace tests	Build and run workspace tests	2026-10-07T17:42:46.1884997Z [1m[92m   Compiling[0m journal v0.1.0 (/home/runner/work/koda/koda/crates/journal)
Linux build and workspace tests	Build and run workspace tests	2026-10-07T17:42:46.3473911Z [1m[92m   Compiling[0m diagnostics v0.1.0 (/home/runner/work/koda/koda/crates/diagnostics)
Linux build and workspace tests	Build and run workspace tests	2026-10-07T17:42:46.5514181Z [1m[92m   Compiling[0m install_cli v0.1.0 (/home/runner/work/koda/koda/crates/install_cli)
Linux build and workspace tests	Build and run workspace tests	2026-10-07T17:42:47.2794214Z [1m[92m   Compiling[0m svg_preview v0.1.0 (/home/runner/work/koda/koda/crates/svg_preview)
Linux build and workspace tests	Build and run workspace tests	2026-10-07T17:42:47.5434041Z [1m[92m   Compiling[0m ui_prompt v0.1.0 (/home/runner/work/koda/koda/crates/ui_prompt)
Linux build and workspace tests	Build and run workspace tests	2026-10-07T17:42:48.4815731Z [1m[92m   Compiling[0m zlog_settings v0.1.0 (/home/runner/work/koda/koda/crates/zlog_settings)
Linux build and workspace tests	Build and run workspace tests	2026-10-07T17:42:48.6962517Z [1m[92m   Compiling[0m input_latency_ui v0.1.0 (/home/runner/work/koda/koda/crates/input_latency_ui)
Linux build and workspace tests	Build and run workspace tests	2026-10-07T17:42:48.9333945Z [1m[92m   Compiling[0m hang_telemetry v0.1.0 (/home/runner/work/koda/koda/crates/hang_telemetry)
Linux build and workspace tests	Build and run workspace tests	2026-10-07T17:42:49.2953761Z [1m[92m   Compiling[0m annotate-snippets v0.12.12
Linux build and workspace tests	Build and run workspace tests	2026-10-07T17:42:49.4678034Z [1m[92m   Compiling[0m ctrlc v3.5.0
Linux build and workspace tests	Build and run workspace tests	2026-10-07T17:42:49.6133694Z [1m[92m   Compiling[0m vscode_theme v0.2.0
Linux build and workspace tests	Build and run workspace tests	2026-10-07T17:42:50.6520133Z [1m[92m   Compiling[0m xtask v0.1.0 (/home/runner/work/koda/koda/tooling/xtask)
Linux build and workspace tests	Build and run workspace tests	2026-10-07T17:42:56.0074492Z [1m[92m   Compiling[0m theme_importer v0.1.0 (/home/runner/work/koda/koda/crates/theme_importer)
Linux build and workspace tests	Build and run workspace tests	2026-10-07T17:42:59.3912627Z [1m[92m   Compiling[0m docs_preprocessor v0.1.0 (/home/runner/work/koda/koda/crates/docs_preprocessor)
Linux build and workspace tests	Build and run workspace tests	2026-10-07T17:47:31.2295697Z [1m[92m   Compiling[0m worktree_benchmarks v0.1.0 (/home/runner/work/koda/koda/crates/worktree_benchmarks)
Linux build and workspace tests	Build and run workspace tests	2026-10-07T17:47:44.6655707Z [1m[92m   Compiling[0m editor_benchmarks v0.1.0 (/home/runner/work/koda/koda/crates/editor_benchmarks)
Linux build and workspace tests	Build and run workspace tests	2026-10-07T17:48:01.0416683Z [1m[92m   Compiling[0m extension_cli v0.1.0 (/home/runner/work/koda/koda/crates/extension_cli)
Linux build and workspace tests	Build and run workspace tests	2026-10-07T17:48:03.9606566Z [1m[92m   Compiling[0m fs_benchmarks v0.1.0 (/home/runner/work/koda/koda/crates/fs_benchmarks)
Linux build and workspace tests	Build and run workspace tests	2026-10-07T17:48:06.1431721Z [1m[92m   Compiling[0m schema_generator v0.1.0 (/home/runner/work/koda/koda/crates/schema_generator)
Linux build and workspace tests	Build and run workspace tests	2026-10-07T17:48:59.1338781Z [1m[33mwarning[0m[1m: unused import: `ARCH`[0m
Linux build and workspace tests	Build and run workspace tests	2026-10-07T17:48:59.1352597Z   [1m[94m--> [0mcrates/auto_update/src/auto_update.rs:29:18
Linux build and workspace tests	Build and run workspace tests	2026-10-07T17:48:59.1361016Z    [1m[94m|[0m
Linux build and workspace tests	Build and run workspace tests	2026-10-07T17:48:59.1683848Z [1m[94m29[0m [1m[94m|[0m         consts::{ARCH, OS},
Linux build and workspace tests	Build and run workspace tests	2026-10-07T17:48:59.1716080Z    [1m[94m|[0m                  [1m[33m^^^^[0m
Linux build and workspace tests	Build and run workspace tests	2026-10-07T17:48:59.1722840Z    [1m[94m|[0m
Linux build and workspace tests	Build and run workspace tests	2026-10-07T17:48:59.1731786Z    [1m[94m= [0m[1mnote[0m: `#[warn(unused_imports)]` (part of `#[warn(unused)]`) on by default
Linux build and workspace tests	Build and run workspace tests	2026-10-07T17:48:59.1739105Z 
Linux build and workspace tests	Build and run workspace tests	2026-10-07T17:48:59.1743223Z [1m[33mwarning[0m[1m: unused import: `release_channel::AppCommitSha`[0m
Linux build and workspace tests	Build and run workspace tests	2026-10-07T17:48:59.1752383Z     [1m[94m--> [0mcrates/auto_update/src/auto_update.rs:1461:9
Linux build and workspace tests	Build and run workspace tests	2026-10-07T17:48:59.1763722Z      [1m[94m|[0m
Linux build and workspace tests	Build and run workspace tests	2026-10-07T17:48:59.1777607Z [1m[94m1461[0m [1m[94m|[0m     use release_channel::AppCommitSha;
Linux build and workspace tests	Build and run workspace tests	2026-10-07T17:48:59.1785732Z      [1m[94m|[0m         [1m[33m^^^^^^^^^^^^^^^^^^^^^^^^^^^^^[0m
Linux build and workspace tests	Build and run workspace tests	2026-10-07T17:48:59.1789593Z 
Linux build and workspace tests	Build and run workspace tests	2026-10-07T17:49:05.0751611Z [1m[33mwarning[0m: `auto_update` (lib test) generated 2 warnings (run `cargo fix --lib -p auto_update --tests` to apply 2 suggestions)
Linux build and workspace tests	Build and run workspace tests	2026-10-07T17:50:20.5992369Z [1m[92m   Compiling[0m gpui_web v0.1.0 (/home/runner/work/koda/koda/crates/gpui_web)
Linux build and workspace tests	Build and run workspace tests	2026-10-07T17:50:22.0682485Z [1m[92m   Compiling[0m gpui_macos v0.1.0 (/home/runner/work/koda/koda/crates/gpui_macos)
Linux build and workspace tests	Build and run workspace tests	2026-10-07T17:50:34.7422384Z [1m[92m    Finished[0m `test` profile [unoptimized] target(s) in 21m 12s
Linux build and workspace tests	Build and run workspace tests	2026-10-07T17:50:42.3677669Z ────────────
Linux build and workspace tests	Build and run workspace tests	2026-10-07T17:50:42.3681552Z [32;1m Nextest run[0m ID [1m424adfa4-021a-4c42-b106-12abdc9b3c89[0m with nextest profile: [1mdefault[0m
Linux build and workspace tests	Build and run workspace tests	2026-10-07T17:50:42.3685882Z [32;1m    Starting[0m [1m10383[0m tests across [1m207[0m binaries ([1m23[0m tests [33;1mskipped[0m)
Linux build and workspace tests	Build and run workspace tests	2026-10-07T18:23:29.3942549Z ────────────
Linux build and workspace tests	Build and run workspace tests	2026-10-07T18:23:29.3945385Z [32;1m     Summary[0m [1967.027s] [1m10383[0m tests run: [1m10383[0m [32;1mpassed[0m, [1m23[0m [33;1mskipped[0m
Linux build and workspace tests	Build and run workspace tests	2026-10-07T18:23:29.5289415Z Workspace tests (build and execution): 3254.5s (exit 0)
Linux build and workspace tests	Build Zed	﻿2026-10-07T18:23:29.7392666Z ##[group]Run python3 script/ci-run stage 'Linux app build' -- cargo build --locked --keep-going -p zed --bin koda
Linux build and workspace tests	Build Zed	2026-10-07T18:23:29.7398326Z [36;1mpython3 script/ci-run stage 'Linux app build' -- cargo build --locked --keep-going -p zed --bin koda[0m
Linux build and workspace tests	Build Zed	2026-10-07T18:23:29.8165273Z shell: /usr/bin/bash --noprofile --norc -e -o pipefail {0}
Linux build and workspace tests	Build Zed	2026-10-07T18:23:29.8167371Z env:
Linux build and workspace tests	Build Zed	2026-10-07T18:23:29.8317338Z   CARGO_TERM_COLOR: always
Linux build and workspace tests	Build Zed	2026-10-07T18:23:29.8317774Z   CARGO_INCREMENTAL: 0
Linux build and workspace tests	Build Zed	2026-10-07T18:23:29.8318017Z   CARGO_PROFILE_DEV_DEBUG: 0
Linux build and workspace tests	Build Zed	2026-10-07T18:23:29.8318281Z   CARGO_PROFILE_DEV_BUILD_OVERRIDE_DEBUG: 0
Linux build and workspace tests	Build Zed	2026-10-07T18:23:29.8318566Z   RUST_BACKTRACE: 1
Linux build and workspace tests	Build Zed	2026-10-07T18:23:29.8318774Z   CC: clang
Linux build and workspace tests	Build Zed	2026-10-07T18:23:29.8318964Z   CXX: clang++
Linux build and workspace tests	Build Zed	2026-10-07T18:23:29.8319244Z   WGPU_BACKEND: vulkan
Linux build and workspace tests	Build Zed	2026-10-07T18:23:29.8319519Z   CI_TEST_FILTER: 
Linux build and workspace tests	Build Zed	2026-10-07T18:23:29.8319727Z   CI_TEST_MODE: full
Linux build and workspace tests	Build Zed	2026-10-07T18:23:29.8319946Z   CARGO_BUILD_JOBS: 4
Linux build and workspace tests	Build Zed	2026-10-07T18:23:29.8320161Z   CI_TEST_THREADS: 4
Linux build and workspace tests	Build Zed	2026-10-07T18:23:29.8321876Z   VK_DRIVER_FILES: /usr/share/vulkan/icd.d/lvp_icd.json
Linux build and workspace tests	Build Zed	2026-10-07T18:23:29.8322505Z ##[endgroup]
Linux build and workspace tests	Build Zed	2026-10-07T18:23:32.1879289Z [1m[92m   Compiling[0m serde_core v1.0.229
Linux build and workspace tests	Build Zed	2026-10-07T18:23:32.2015973Z [1m[92m   Compiling[0m hashbrown v0.17.1
Linux build and workspace tests	Build Zed	2026-10-07T18:23:32.2016958Z [1m[92m   Compiling[0m either v1.15.0
Linux build and workspace tests	Build Zed	2026-10-07T18:23:32.2186908Z [1m[92m   Compiling[0m serde_json v1.0.151
Linux build and workspace tests	Build Zed	2026-10-07T18:23:32.4027449Z [1m[92m   Compiling[0m itertools v0.14.0
Linux build and workspace tests	Build Zed	2026-10-07T18:23:32.4463494Z [1m[92m   Compiling[0m subtle v2.6.1
Linux build and workspace tests	Build Zed	2026-10-07T18:23:32.5594418Z [1m[92m   Compiling[0m digest v0.10.7
Linux build and workspace tests	Build Zed	2026-10-07T18:23:32.7785832Z [1m[92m   Compiling[0m sha2 v0.10.9
Linux build and workspace tests	Build Zed	2026-10-07T18:23:33.0593648Z [1m[92m   Compiling[0m nix v0.30.1
Linux build and workspace tests	Build Zed	2026-10-07T18:23:33.1929832Z [1m[92m   Compiling[0m fastrand v2.3.0
Linux build and workspace tests	Build Zed	2026-10-07T18:23:33.4454096Z [1m[92m   Compiling[0m rayon v1.11.0
Linux build and workspace tests	Build Zed	2026-10-07T18:23:33.4633744Z [1m[92m   Compiling[0m semver v1.0.28
Linux build and workspace tests	Build Zed	2026-10-07T18:23:33.7992572Z [1m[92m   Compiling[0m rand v0.8.6
Linux build and workspace tests	Build Zed	2026-10-07T18:23:34.0223682Z [1m[92m   Compiling[0m lyon_path v1.0.16
Linux build and workspace tests	Build Zed	2026-10-07T18:23:34.6574177Z [1m[92m   Compiling[0m unicode-properties v0.1.3
Linux build and workspace tests	Build Zed	2026-10-07T18:23:34.6723744Z [1m[92m   Compiling[0m lyon_tessellation v1.0.16
Linux build and workspace tests	Build Zed	2026-10-07T18:23:34.8414347Z [1m[92m   Compiling[0m lyon_algorithms v1.0.16
Linux build and workspace tests	Build Zed	2026-10-07T18:23:35.0444317Z [1m[92m   Compiling[0m serde v1.0.229
Linux build and workspace tests	Build Zed	2026-10-07T18:23:35.3139479Z [1m[92m   Compiling[0m erased-serde v0.4.9
Linux build and workspace tests	Build Zed	2026-10-07T18:23:35.5554149Z [1m[92m   Compiling[0m bitflags v2.13.1
Linux build and workspace tests	Build Zed	2026-10-07T18:23:35.7253737Z [1m[92m   Compiling[0m serde_fmt v1.0.3
Linux build and workspace tests	Build Zed	2026-10-07T18:23:35.7950277Z [1m[92m   Compiling[0m smallvec v1.16.1
Linux build and workspace tests	Build Zed	2026-10-07T18:23:35.8683397Z [1m[92m   Compiling[0m value-bag-serde1 v1.12.0
Linux build and workspace tests	Build Zed	2026-10-07T18:23:35.9265394Z [1m[92m   Compiling[0m value-bag v1.12.0
Linux build and workspace tests	Build Zed	2026-10-07T18:23:35.9444120Z [1m[92m   Compiling[0m rustix v1.1.4
Linux build and workspace tests	Build Zed	2026-10-07T18:23:36.0364379Z [1m[92m   Compiling[0m indexmap v2.14.0
Linux build and workspace tests	Build Zed	2026-10-07T18:23:36.3933529Z [1m[92m   Compiling[0m log v0.4.29
Linux build and workspace tests	Build Zed	2026-10-07T18:23:36.8197016Z [1m[92m   Compiling[0m parking_lot_core v0.9.12
Linux build and workspace tests	Build Zed	2026-10-07T18:23:36.8283480Z [1m[92m   Compiling[0m tracing v0.1.43
Linux build and workspace tests	Build Zed	2026-10-07T18:23:37.0858935Z [1m[92m   Compiling[0m parking_lot v0.12.5
Linux build and workspace tests	Build Zed	2026-10-07T18:23:37.1163791Z [1m[92m   Compiling[0m icu_normalizer v2.3.0
Linux build and workspace tests	Build Zed	2026-10-07T18:23:37.4813702Z [1m[92m   Compiling[0m uuid v1.18.1
Linux build and workspace tests	Build Zed	2026-10-07T18:23:37.9603746Z [1m[92m   Compiling[0m idna_adapter v1.2.1
Linux build and workspace tests	Build Zed	2026-10-07T18:23:37.9784080Z [1m[92m   Compiling[0m gpui_util v0.1.0 (/home/runner/work/koda/koda/crates/gpui_util)
Linux build and workspace tests	Build Zed	2026-10-07T18:23:38.0623593Z [1m[92m   Compiling[0m idna v1.1.0
Linux build and workspace tests	Build Zed	2026-10-07T18:23:38.2153680Z [1m[92m   Compiling[0m globset v0.4.17
Linux build and workspace tests	Build Zed	2026-10-07T18:23:38.7409028Z [1m[92m   Compiling[0m url v2.5.7
Linux build and workspace tests	Build Zed	2026-10-07T18:23:38.9223870Z [1m[92m   Compiling[0m schemars v1.0.4
Linux build and workspace tests	Build Zed	2026-10-07T18:23:40.3243574Z [1m[92m   Compiling[0m rust-embed-utils v8.11.0
Linux build and workspace tests	Build Zed	2026-10-07T18:23:40.5523814Z [1m[92m   Compiling[0m rust-embed-impl v8.11.0
Linux build and workspace tests	Build Zed	2026-10-07T18:23:41.3493773Z [1m[92m   Compiling[0m polling v3.11.0
Linux build and workspace tests	Build Zed	2026-10-07T18:23:41.6283818Z [1m[92m   Compiling[0m async-io v2.6.0
Linux build and workspace tests	Build Zed	2026-10-07T18:23:42.0194279Z [1m[92m   Compiling[0m serde_urlencoded v0.7.1
Linux build and workspace tests	Build Zed	2026-10-07T18:23:42.2505453Z [1m[92m   Compiling[0m async-signal v0.2.13
Linux build and workspace tests	Build Zed	2026-10-07T18:23:42.2953801Z [1m[92m   Compiling[0m path v0.1.0 (/home/runner/work/koda/koda/crates/path)
Linux build and workspace tests	Build Zed	2026-10-07T18:23:42.4805422Z [1m[92m   Compiling[0m async-process v2.5.0 (https://github.com/zed-industries/async-process.git?rev=0b6d6713570af61806e1e5cb40e0f757cb93fd9d#0b6d6713)
Linux build and workspace tests	Build Zed	2026-10-07T18:23:42.7344314Z [1m[92m   Compiling[0m collections v0.1.0 (/home/runner/work/koda/koda/crates/collections)
Linux build and workspace tests	Build Zed	2026-10-07T18:23:42.7748404Z [1m[92m   Compiling[0m async-net v2.0.0
Linux build and workspace tests	Build Zed	2026-10-07T18:23:42.8153581Z [1m[92m   Compiling[0m tempfile v3.27.0
Linux build and workspace tests	Build Zed	2026-10-07T18:23:43.1064087Z [1m[92m   Compiling[0m smol v2.0.2
Linux build and workspace tests	Build Zed	2026-10-07T18:23:43.3820388Z [1m[92m   Compiling[0m rust-embed v8.11.0
Linux build and workspace tests	Build Zed	2026-10-07T18:23:43.4689219Z [1m[92m   Compiling[0m serde_json_lenient v0.2.4
Linux build and workspace tests	Build Zed	2026-10-07T18:23:43.4776752Z [1m[92m   Compiling[0m chrono v0.4.42
Linux build and workspace tests	Build Zed	2026-10-07T18:23:43.6873820Z [1m[92m   Compiling[0m async-global-executor v2.4.1
Linux build and workspace tests	Build Zed	2026-10-07T18:23:44.1653999Z [1m[92m   Compiling[0m kv-log-macro v1.0.7
Linux build and workspace tests	Build Zed	2026-10-07T18:23:44.2884116Z [1m[92m   Compiling[0m async-std v1.13.2
Linux build and workspace tests	Build Zed	2026-10-07T18:23:44.9144376Z [1m[92m   Compiling[0m xattr v1.6.1
Linux build and workspace tests	Build Zed	2026-10-07T18:23:45.1203695Z [1m[92m   Compiling[0m mio v1.2.0
Linux build and workspace tests	Build Zed	2026-10-07T18:23:45.2243806Z [1m[92m   Compiling[0m command-fds v0.3.2
Linux build and workspace tests	Build Zed	2026-10-07T18:23:45.4433977Z [1m[92m   Compiling[0m util v0.1.0 (/home/runner/work/koda/koda/crates/util)
Linux build and workspace tests	Build Zed	2026-10-07T18:23:45.5121494Z [1m[92m   Compiling[0m gpui_shared_string v0.1.0 (/home/runner/work/koda/koda/crates/gpui_shared_string)
Linux build and workspace tests	Build Zed	2026-10-07T18:23:45.6237641Z [1m[92m   Compiling[0m tracing-log v0.2.0
Linux build and workspace tests	Build Zed	2026-10-07T18:23:45.6443811Z [1m[92m   Compiling[0m tracing-serde v0.2.0
Linux build and workspace tests	Build Zed	2026-10-07T18:23:45.7720392Z [1m[92m   Compiling[0m tracing-subscriber v0.3.22
Linux build and workspace tests	Build Zed	2026-10-07T18:23:45.8434624Z [1m[92m   Compiling[0m async-tar v0.6.1 (https://github.com/zed-industries/async-tar?rev=bd3ad6f89df9a9da7a8535958756d6bf465936a0#bd3ad6f8)
Linux build and workspace tests	Build Zed	2026-10-07T18:23:46.3993463Z [1m[92m   Compiling[0m kurbo v0.13.1
Linux build and workspace tests	Build Zed	2026-10-07T18:23:46.6944250Z [1m[92m   Compiling[0m http_client v0.1.0 (/home/runner/work/koda/koda/crates/http_client)
Linux build and workspace tests	Build Zed	2026-10-07T18:23:47.2093929Z [1m[92m   Compiling[0m zlog v0.1.0 (/home/runner/work/koda/koda/crates/zlog)
Linux build and workspace tests	Build Zed	2026-10-07T18:23:47.7843465Z [1m[92m   Compiling[0m svgtypes v0.16.1
Linux build and workspace tests	Build Zed	2026-10-07T18:23:47.9415960Z [1m[92m   Compiling[0m ztracing v0.1.0 (/home/runner/work/koda/koda/crates/ztracing)
Linux build and workspace tests	Build Zed	2026-10-07T18:23:47.9992832Z [1m[92m   Compiling[0m sum_tree v0.1.0 (/home/runner/work/koda/koda/crates/sum_tree)
Linux build and workspace tests	Build Zed	2026-10-07T18:23:48.2844083Z [1m[92m   Compiling[0m accesskit v0.24.1
Linux build and workspace tests	Build Zed	2026-10-07T18:23:48.3734262Z [1m[92m   Compiling[0m fontdb v0.23.0
Linux build and workspace tests	Build Zed	2026-10-07T18:23:48.4124254Z [1m[92m   Compiling[0m simplecss v0.2.2
Linux build and workspace tests	Build Zed	2026-10-07T18:23:48.7710248Z [1m[92m   Compiling[0m rustybuzz v0.20.1
Linux build and workspace tests	Build Zed	2026-10-07T18:23:48.8102758Z [1m[92m   Compiling[0m perf v0.1.0 (/home/runner/work/koda/koda/tooling/perf)
Linux build and workspace tests	Build Zed	2026-10-07T18:23:48.8544936Z [1m[92m   Compiling[0m postage v0.5.0
Linux build and workspace tests	Build Zed	2026-10-07T18:23:49.1184202Z [1m[92m   Compiling[0m tiny-skia v0.11.4
Linux build and workspace tests	Build Zed	2026-10-07T18:23:49.1874193Z [1m[92m   Compiling[0m exr v1.74.0
Linux build and workspace tests	Build Zed	2026-10-07T18:23:49.2913596Z [1m[92m   Compiling[0m futures-concurrency v7.7.1
Linux build and workspace tests	Build Zed	2026-10-07T18:23:51.0073679Z [1m[92m   Compiling[0m usvg v0.46.0
Linux build and workspace tests	Build Zed	2026-10-07T18:23:51.6533862Z [1m[92m   Compiling[0m png v0.18.0
Linux build and workspace tests	Build Zed	2026-10-07T18:23:52.6123731Z [1m[92m   Compiling[0m sysinfo v0.31.4
Linux build and workspace tests	Build Zed	2026-10-07T18:23:52.8193682Z [1m[92m   Compiling[0m gpui v0.2.2 (/home/runner/work/koda/koda/crates/gpui)
Linux build and workspace tests	Build Zed	2026-10-07T18:23:52.9704048Z [1m[92m   Compiling[0m scheduler v0.1.0 (/home/runner/work/koda/koda/crates/scheduler)
Linux build and workspace tests	Build Zed	2026-10-07T18:23:53.7814814Z [1m[92m   Compiling[0m zed-scap v0.0.8-zed (https://github.com/zed-industries/scap?rev=4afea48c3b002197176fb19cd0f9b180dd36eaac#4afea48c)
Linux build and workspace tests	Build Zed	2026-10-07T18:23:53.9403652Z [1m[92m   Compiling[0m resvg v0.46.0
Linux build and workspace tests	Build Zed	2026-10-07T18:23:54.0766067Z [1m[92m   Compiling[0m image v0.25.10
Linux build and workspace tests	Build Zed	2026-10-07T18:23:54.3091423Z [1m[92m   Compiling[0m util_macros v0.1.0 (/home/runner/work/koda/koda/crates/util_macros)
Linux build and workspace tests	Build Zed	2026-10-07T18:23:54.3893724Z [1m[92m   Compiling[0m taffy v0.13.0
Linux build and workspace tests	Build Zed	2026-10-07T18:23:57.6144161Z [1m[92m   Compiling[0m lyon v1.0.16
Linux build and workspace tests	Build Zed	2026-10-07T18:23:57.6644455Z [1m[92m   Compiling[0m gpui_macros v0.1.0 (/home/runner/work/koda/koda/crates/gpui_macros)
Linux build and workspace tests	Build Zed	2026-10-07T18:24:00.7345584Z [1m[92m   Compiling[0m tokio v1.52.1
Linux build and workspace tests	Build Zed	2026-10-07T18:24:02.4473634Z [1m[92m   Compiling[0m linux-raw-sys v0.12.1
Linux build and workspace tests	Build Zed	2026-10-07T18:24:02.8274349Z [1m[92m   Compiling[0m rustc_version v0.4.1
Linux build and workspace tests	Build Zed	2026-10-07T18:24:03.0990394Z [1m[92m   Compiling[0m wasmtime-internal-core v48.0.1
Linux build and workspace tests	Build Zed	2026-10-07T18:24:03.7653666Z [1m[92m   Compiling[0m deranged v0.5.4
Linux build and workspace tests	Build Zed	2026-10-07T18:24:05.1603637Z [1m[92m   Compiling[0m time v0.3.47
Linux build and workspace tests	Build Zed	2026-10-07T18:24:07.3675850Z [1m[92m   Compiling[0m cranelift-bitset v0.135.1
Linux build and workspace tests	Build Zed	2026-10-07T18:24:07.5703619Z [1m[92m   Compiling[0m prost-derive v0.14.4
Linux build and workspace tests	Build Zed	2026-10-07T18:24:08.3583594Z [1m[92m   Compiling[0m pulley-interpreter v48.0.1
Linux build and workspace tests	Build Zed	2026-10-07T18:24:08.4285197Z [1m[92m   Compiling[0m zeta_prompt v0.1.0 (/home/runner/work/koda/koda/crates/zeta_prompt)
Linux build and workspace tests	Build Zed	2026-10-07T18:24:09.0548109Z [1m[92m   Compiling[0m prost v0.14.4
Linux build and workspace tests	Build Zed	2026-10-07T18:24:09.4674025Z [1m[92m   Compiling[0m cranelift-entity v0.135.1
Linux build and workspace tests	Build Zed	2026-10-07T18:24:09.8483719Z [1m[92m   Compiling[0m postcard v1.1.3
Linux build and workspace tests	Build Zed	2026-10-07T18:24:10.2072697Z [1m[92m   Compiling[0m cranelift-codegen-meta v0.135.1
Linux build and workspace tests	Build Zed	2026-10-07T18:24:10.2183645Z [1m[92m   Compiling[0m cranelift-bforest v0.135.1
Linux build and workspace tests	Build Zed	2026-10-07T18:24:10.4894030Z [1m[92m   Compiling[0m prost-types v0.14.4
Linux build and workspace tests	Build Zed	2026-10-07T18:24:10.5143677Z [1m[92m   Compiling[0m gimli v0.33.0
Linux build and workspace tests	Build Zed	2026-10-07T18:24:11.7054593Z [1m[92m   Compiling[0m cloud_llm_client v0.1.0 (/home/runner/work/koda/koda/crates/cloud_llm_client)
Linux build and workspace tests	Build Zed	2026-10-07T18:24:12.5554275Z [1m[92m   Compiling[0m wasmparser v0.254.0
Linux build and workspace tests	Build Zed	2026-10-07T18:24:13.3703702Z [1m[92m   Compiling[0m cranelift-codegen v0.135.1
Linux build and workspace tests	Build Zed	2026-10-07T18:24:14.4257462Z [1m[92m   Compiling[0m regalloc2 v0.15.2
Linux build and workspace tests	Build Zed	2026-10-07T18:24:24.7444159Z [1m[92m   Compiling[0m wasm-encoder v0.254.0
Linux build and workspace tests	Build Zed	2026-10-07T18:24:26.6519824Z [1m[92m   Compiling[0m object v0.39.1
Linux build and workspace tests	Build Zed	2026-10-07T18:24:30.6425559Z [1m[92m   Compiling[0m wasmprinter v0.254.0
Linux build and workspace tests	Build Zed	2026-10-07T18:24:31.5533795Z [1m[92m   Compiling[0m hashbrown v0.15.5
Linux build and workspace tests	Build Zed	2026-10-07T18:24:32.0993642Z [1m[92m   Compiling[0m id-arena v2.3.0
Linux build and workspace tests	Build Zed	2026-10-07T18:24:32.1939277Z [1m[92m   Compiling[0m wit-parser v0.254.0
Linux build and workspace tests	Build Zed	2026-10-07T18:24:32.9743873Z [1m[92m   Compiling[0m wasmtime-environ v48.0.1
Linux build and workspace tests	Build Zed	2026-10-07T18:24:37.5144054Z [1m[92m   Compiling[0m petgraph v0.8.3
Linux build and workspace tests	Build Zed	2026-10-07T18:24:39.1443583Z [1m[92m   Compiling[0m wasm-metadata v0.254.0
Linux build and workspace tests	Build Zed	2026-10-07T18:24:39.5164044Z [1m[92m   Compiling[0m language_model_core v0.1.0 (/home/runner/work/koda/koda/crates/language_model_core)
Linux build and workspace tests	Build Zed	2026-10-07T18:24:41.2093786Z [1m[92m   Compiling[0m prost-build v0.14.4
Linux build and workspace tests	Build Zed	2026-10-07T18:24:42.4543666Z [1m[92m   Compiling[0m wit-component v0.254.0
Linux build and workspace tests	Build Zed	2026-10-07T18:24:43.9533679Z [1m[92m   Compiling[0m logos-codegen v0.15.1
Linux build and workspace tests	Build Zed	2026-10-07T18:24:44.3254482Z [1m[92m   Compiling[0m wasmtime-internal-jit-icache-coherence v48.0.1
Linux build and workspace tests	Build Zed	2026-10-07T18:24:44.3873794Z [1m[92m   Compiling[0m memfd v0.6.5
Linux build and workspace tests	Build Zed	2026-10-07T18:24:46.2153942Z [1m[92m   Compiling[0m wasmtime-internal-wit-bindgen v48.0.1
Linux build and workspace tests	Build Zed	2026-10-07T18:24:46.9963949Z [1m[92m   Compiling[0m wasmtime-internal-fiber v48.0.1
Linux build and workspace tests	Build Zed	2026-10-07T18:24:47.2273874Z [1m[92m   Compiling[0m tokio-util v0.7.18
Linux build and workspace tests	Build Zed	2026-10-07T18:24:47.6904449Z [1m[92m   Compiling[0m wasmtime-internal-component-macro v48.0.1
Linux build and workspace tests	Build Zed	2026-10-07T18:24:47.8763580Z [1m[92m   Compiling[0m logos-derive v0.15.1
Linux build and workspace tests	Build Zed	2026-10-07T18:24:48.1065683Z [1m[92m   Compiling[0m tree-sitter v0.27.0 (https://github.com/tree-sitter/tree-sitter?rev=43623ec9bf0eaaf7113285c46e8a09018f181b18#43623ec9)
Linux build and workspace tests	Build Zed	2026-10-07T18:24:49.7236938Z [1m[92m   Compiling[0m logos v0.15.1
Linux build and workspace tests	Build Zed	2026-10-07T18:24:49.8454095Z [1m[92m   Compiling[0m paths v0.1.0 (/home/runner/work/koda/koda/crates/paths)
Linux build and workspace tests	Build Zed	2026-10-07T18:24:50.0062180Z [1m[92m   Compiling[0m prost-reflect v0.16.5
Linux build and workspace tests	Build Zed	2026-10-07T18:24:54.6013868Z [1m[92m   Compiling[0m wasmtime-internal-unwinder v48.0.1
Linux build and workspace tests	Build Zed	2026-10-07T18:24:54.8899238Z [1m[92m   Compiling[0m cranelift-frontend v0.135.1
Linux build and workspace tests	Build Zed	2026-10-07T18:24:55.8793999Z [1m[92m   Compiling[0m cranelift-native v0.135.1
Linux build and workspace tests	Build Zed	2026-10-07T18:24:56.0003907Z [1m[92m   Compiling[0m wasmtime-internal-cranelift v48.0.1
Linux build and workspace tests	Build Zed	2026-10-07T18:24:57.1484270Z [1m[92m   Compiling[0m protox-parse v0.9.0
Linux build and workspace tests	Build Zed	2026-10-07T18:24:58.6324792Z [1m[92m   Compiling[0m ignore v0.4.24
Linux build and workspace tests	Build Zed	2026-10-07T18:24:59.9124338Z [1m[92m   Compiling[0m getrandom v0.2.16
Linux build and workspace tests	Build Zed	2026-10-07T18:25:00.3904519Z [1m[92m   Compiling[0m protox v0.9.1
Linux build and workspace tests	Build Zed	2026-10-07T18:25:01.0103822Z [1m[92m   Compiling[0m wasmtime v48.0.1
Linux build and workspace tests	Build Zed	2026-10-07T18:25:16.9374087Z [1m[92m   Compiling[0m wasmtime-c-api-impl v48.0.1
Linux build and workspace tests	Build Zed	2026-10-07T18:25:21.9986917Z [1m[92m   Compiling[0m release_channel v0.1.0 (/home/runner/work/koda/koda/crates/release_channel)
Linux build and workspace tests	Build Zed	2026-10-07T18:25:22.3044109Z [1m[92m   Compiling[0m rustls-webpki v0.103.13
Linux build and workspace tests	Build Zed	2026-10-07T18:25:23.2284171Z [1m[92m   Compiling[0m rustls v0.23.40
Linux build and workspace tests	Build Zed	2026-10-07T18:25:29.2507540Z [1m[92m   Compiling[0m proto v0.1.0 (/home/runner/work/koda/koda/crates/proto)
Linux build and workspace tests	Build Zed	2026-10-07T18:25:30.0584375Z [1m[92m   Compiling[0m telemetry_events v0.1.0 (/home/runner/work/koda/koda/crates/telemetry_events)
Linux build and workspace tests	Build Zed	2026-10-07T18:25:30.3083946Z [1m[92m   Compiling[0m rope v0.1.0 (/home/runner/work/koda/koda/crates/rope)
Linux build and workspace tests	Build Zed	2026-10-07T18:25:31.4973835Z [1m[92m   Compiling[0m net v0.1.0 (/home/runner/work/koda/koda/crates/net)
Linux build and workspace tests	Build Zed	2026-10-07T18:25:31.5574729Z [1m[92m   Compiling[0m askpass v0.1.0 (/home/runner/work/koda/koda/crates/askpass)
Linux build and workspace tests	Build Zed	2026-10-07T18:25:38.5054019Z [1m[92m   Compiling[0m clock v0.1.0 (/home/runner/work/koda/koda/crates/clock)
Linux build and workspace tests	Build Zed	2026-10-07T18:25:38.7514130Z [1m[92m   Compiling[0m serde_path_to_error v0.1.20
Linux build and workspace tests	Build Zed	2026-10-07T18:25:39.1473614Z [1m[92m   Compiling[0m inotify v0.11.0
Linux build and workspace tests	Build Zed	2026-10-07T18:25:39.5593969Z [1m[92m   Compiling[0m settings_json v0.1.0 (/home/runner/work/koda/koda/crates/settings_json)
Linux build and workspace tests	Build Zed	2026-10-07T18:25:40.0794079Z [1m[92m   Compiling[0m text v0.1.0 (/home/runner/work/koda/koda/crates/text)
Linux build and workspace tests	Build Zed	2026-10-07T18:25:43.0763811Z [1m[92m   Compiling[0m telemetry v0.1.0 (/home/runner/work/koda/koda/crates/telemetry)
Linux build and workspace tests	Build Zed	2026-10-07T18:25:43.2303841Z [1m[92m   Compiling[0m phf_generator v0.13.1
Linux build and workspace tests	Build Zed	2026-10-07T18:25:43.4245178Z [1m[92m   Compiling[0m notify-types v2.1.0 (https://github.com/zed-industries/notify?rev=d842f16b2716bd60f09caf3ae3a894237ab38f54#d842f16b)
Linux build and workspace tests	Build Zed	2026-10-07T18:25:43.7401551Z [1m[92m   Compiling[0m notify v9.0.0-rc.4 (https://github.com/zed-industries/notify?rev=d842f16b2716bd60f09caf3ae3a894237ab38f54#d842f16b)
Linux build and workspace tests	Build Zed	2026-10-07T18:25:44.8126085Z [1m[92m   Compiling[0m settings_content v0.1.0 (/home/runner/work/koda/koda/crates/settings_content)
Linux build and workspace tests	Build Zed	2026-10-07T18:26:02.6434149Z [1m[92m   Compiling[0m git v0.1.0 (/home/runner/work/koda/koda/crates/git)
Linux build and workspace tests	Build Zed	2026-10-07T18:26:08.3514231Z [1m[92m   Compiling[0m tokio-rustls v0.26.4
Linux build and workspace tests	Build Zed	2026-10-07T18:26:08.6035138Z [1m[92m   Compiling[0m trash v5.2.5 (https://github.com/zed-industries/trash-rs?rev=41c6c800d884a89351f3b8856d12894cccee261d#41c6c800)
Linux build and workspace tests	Build Zed	2026-10-07T18:26:09.2083987Z [1m[92m   Compiling[0m fs v0.1.0 (/home/runner/work/koda/koda/crates/fs)
Linux build and workspace tests	Build Zed	2026-10-07T18:26:12.6479178Z [1m[92m   Compiling[0m migrator v0.1.0 (/home/runner/work/koda/koda/crates/migrator)
Linux build and workspace tests	Build Zed	2026-10-07T18:26:13.9953256Z [1m[92m   Compiling[0m settings v0.1.0 (/home/runner/work/koda/koda/crates/settings)
Linux build and workspace tests	Build Zed	2026-10-07T18:26:17.5779893Z [1m[92m   Compiling[0m tungstenite v0.28.0
Linux build and workspace tests	Build Zed	2026-10-07T18:26:17.6546243Z [1m[92m   Compiling[0m syntax_theme v0.1.0 (/home/runner/work/koda/koda/crates/syntax_theme)
Linux build and workspace tests	Build Zed	2026-10-07T18:26:18.0164135Z [1m[92m   Compiling[0m theme v0.1.0 (/home/runner/work/koda/koda/crates/theme)
Linux build and workspace tests	Build Zed	2026-10-07T18:26:18.1239921Z [1m[92m   Compiling[0m phf_macros v0.13.1
Linux build and workspace tests	Build Zed	2026-10-07T18:26:18.6049036Z [1m[92m   Compiling[0m futures-util v0.3.34
Linux build and workspace tests	Build Zed	2026-10-07T18:26:18.8787902Z [1m[92m   Compiling[0m phf v0.13.1
Linux build and workspace tests	Build Zed	2026-10-07T18:26:19.0034192Z [1m[92m   Compiling[0m serde_spanned v0.6.9
Linux build and workspace tests	Build Zed	2026-10-07T18:26:19.1083711Z [1m[92m   Compiling[0m toml_datetime v0.6.11
Linux build and workspace tests	Build Zed	2026-10-07T18:26:19.3591340Z [1m[92m   Compiling[0m toml_edit v0.22.27
Linux build and workspace tests	Build Zed	2026-10-07T18:26:20.9196596Z [1m[92m   Compiling[0m rand_core v0.6.4
Linux build and workspace tests	Build Zed	2026-10-07T18:26:21.3173425Z [1m[92m   Compiling[0m toml v0.8.23
Linux build and workspace tests	Build Zed	2026-10-07T18:26:21.6076561Z [1m[92m   Compiling[0m h2 v0.4.19
Linux build and workspace tests	Build Zed	2026-10-07T18:26:22.6793849Z [1m[92m   Compiling[0m num-bigint-dig v0.8.6
Linux build and workspace tests	Build Zed	2026-10-07T18:26:24.0166629Z [1m[92m   Compiling[0m async-tungstenite v0.33.0
Linux build and workspace tests	Build Zed	2026-10-07T18:26:24.4133815Z [1m[92m   Compiling[0m signature v2.2.0
Linux build and workspace tests	Build Zed	2026-10-07T18:26:24.5212400Z [1m[92m   Compiling[0m rsa v0.9.10
Linux build and workspace tests	Build Zed	2026-10-07T18:26:25.8533670Z [1m[92m   Compiling[0m hyper v1.11.1
Linux build and workspace tests	Build Zed	2026-10-07T18:26:26.4894195Z [1m[92m   Compiling[0m zed_actions v0.1.0 (/home/runner/work/koda/koda/crates/zed_actions)
Linux build and workspace tests	Build Zed	2026-10-07T18:26:27.3673770Z [1m[92m   Compiling[0m hyper-util v0.1.17
Linux build and workspace tests	Build Zed	2026-10-07T18:26:27.5074043Z [1m[92m   Compiling[0m language_core v0.1.0 (/home/runner/work/koda/koda/crates/language_core)
Linux build and workspace tests	Build Zed	2026-10-07T18:26:29.1274101Z [1m[92m   Compiling[0m task v0.1.0 (/home/runner/work/koda/koda/crates/task)
Linux build and workspace tests	Build Zed	2026-10-07T18:26:29.4873566Z [1m[92m   Compiling[0m nucleo v0.5.0
Linux build and workspace tests	Build Zed	2026-10-07T18:26:29.8364147Z [1m[92m   Compiling[0m watch v0.1.0 (/home/runner/work/koda/koda/crates/watch)
Linux build and workspace tests	Build Zed	2026-10-07T18:26:30.1963907Z [1m[92m   Compiling[0m rpc v0.1.0 (/home/runner/work/koda/koda/crates/rpc)
Linux build and workspace tests	Build Zed	2026-10-07T18:26:30.8173747Z [1m[92m   Compiling[0m phf_codegen v0.13.1
Linux build and workspace tests	Build Zed	2026-10-07T18:26:30.9194087Z [1m[92m   Compiling[0m fuzzy v0.1.0 (/home/runner/work/koda/koda/crates/fuzzy)
Linux build and workspace tests	Build Zed	2026-10-07T18:26:31.0325090Z [1m[92m   Compiling[0m lsp-types v0.95.1 (https://github.com/zed-industries/lsp-types?rev=f1783e63a7f4eb4397bf51d4148b4895a1f7ab16#f1783e63)
Linux build and workspace tests	Build Zed	2026-10-07T18:26:31.5133620Z [1m[92m   Compiling[0m zeroize v1.8.2
Linux build and workspace tests	Build Zed	2026-10-07T18:26:31.6844798Z [1m[92m   Compiling[0m language v0.1.0 (/home/runner/work/koda/koda/crates/language)
Linux build and workspace tests	Build Zed	2026-10-07T18:26:31.8449725Z [1m[92m   Compiling[0m rustls-pki-types v1.12.0
Linux build and workspace tests	Build Zed	2026-10-07T18:26:32.1831308Z [1m[92m   Compiling[0m fuzzy_nucleo v0.1.0 (/home/runner/work/koda/koda/crates/fuzzy_nucleo)
Linux build and workspace tests	Build Zed	2026-10-07T18:26:32.3175604Z [1m[92m   Compiling[0m tracing-core v0.1.35
Linux build and workspace tests	Build Zed	2026-10-07T18:26:32.9984014Z [1m[92m   Compiling[0m ring v0.17.14
Linux build and workspace tests	Build Zed	2026-10-07T18:26:33.4985049Z [1m[92m   Compiling[0m credentials_provider v0.1.0 (/home/runner/work/koda/koda/crates/credentials_provider)
Linux build and workspace tests	Build Zed	2026-10-07T18:26:35.9703882Z [1m[92m   Compiling[0m rustls-platform-verifier v0.7.0
Linux build and workspace tests	Build Zed	2026-10-07T18:26:36.1753583Z [1m[92m   Compiling[0m tiny_http v0.12.0
Linux build and workspace tests	Build Zed	2026-10-07T18:26:37.2368323Z [1m[92m   Compiling[0m http_client_tls v0.1.0 (/home/runner/work/koda/koda/crates/http_client_tls)
Linux build and workspace tests	Build Zed	2026-10-07T18:26:40.1323993Z [1m[92m   Compiling[0m lsp v0.1.0 (/home/runner/work/koda/koda/crates/lsp)
Linux build and workspace tests	Build Zed	2026-10-07T18:26:40.1663662Z [1m[92m   Compiling[0m ciborium v0.2.2
Linux build and workspace tests	Build Zed	2026-10-07T18:26:40.7974258Z [1m[92m   Compiling[0m rustls-native-certs v0.8.3
Linux build and workspace tests	Build Zed	2026-10-07T18:26:41.2775638Z [1m[92m   Compiling[0m tower v0.5.2
Linux build and workspace tests	Build Zed	2026-10-07T18:26:42.7914251Z [1m[92m   Compiling[0m gpui_tokio v0.1.0 (/home/runner/work/koda/koda/crates/gpui_tokio)
Linux build and workspace tests	Build Zed	2026-10-07T18:26:43.0755434Z [1m[92m   Compiling[0m inout v0.1.4
Linux build and workspace tests	Build Zed	2026-10-07T18:26:43.1673691Z [1m[92m   Compiling[0m password-hash v0.4.2
Linux build and workspace tests	Build Zed	2026-10-07T18:26:43.4554323Z [1m[92m   Compiling[0m yawc v0.4.2
Linux build and workspace tests	Build Zed	2026-10-07T18:26:43.5056376Z [1m[92m   Compiling[0m cipher v0.4.4
Linux build and workspace tests	Build Zed	2026-10-07T18:26:43.6923543Z [1m[92m   Compiling[0m hyper-rustls v0.27.9
Linux build and workspace tests	Build Zed	2026-10-07T18:26:43.9745043Z [1m[92m   Compiling[0m cloud_api_types v0.1.0 (/home/runner/work/koda/koda/crates/cloud_api_types)
Linux build and workspace tests	Build Zed	2026-10-07T18:26:45.1043873Z [1m[92m   Compiling[0m hmac v0.12.1
Linux build and workspace tests	Build Zed	2026-10-07T18:26:45.2045415Z [1m[92m   Compiling[0m pbkdf2 v0.11.0
Linux build and workspace tests	Build Zed	2026-10-07T18:26:45.3854260Z [1m[92m   Compiling[0m cloud_api_client v0.1.0 (/home/runner/work/koda/koda/crates/cloud_api_client)
Linux build and workspace tests	Build Zed	2026-10-07T18:26:46.2389500Z [1m[92m   Compiling[0m aes v0.8.4
Linux build and workspace tests	Build Zed	2026-10-07T18:26:46.6954872Z [1m[92m   Compiling[0m icons v0.1.0 (/home/runner/work/koda/koda/crates/icons)
Linux build and workspace tests	Build Zed	2026-10-07T18:26:46.7934025Z [1m[92m   Compiling[0m sha1 v0.10.6
Linux build and workspace tests	Build Zed	2026-10-07T18:26:46.9964414Z [1m[92m   Compiling[0m zip v0.6.6
Linux build and workspace tests	Build Zed	2026-10-07T18:26:47.1594025Z [1m[92m   Compiling[0m feature_flags v0.1.0 (/home/runner/work/koda/koda/crates/feature_flags)
Linux build and workspace tests	Build Zed	2026-10-07T18:26:47.7784746Z [1m[92m   Compiling[0m worktree v0.1.0 (/home/runner/work/koda/koda/crates/worktree)
Linux build and workspace tests	Build Zed	2026-10-07T18:26:47.8664327Z [1m[92m   Compiling[0m zed_credentials_provider v0.1.0 (/home/runner/work/koda/koda/crates/zed_credentials_provider)
Linux build and workspace tests	Build Zed	2026-10-07T18:26:48.3414105Z [1m[92m   Compiling[0m proxy_handshake v0.1.0 (/home/runner/work/koda/koda/crates/proxy_handshake)
Linux build and workspace tests	Build Zed	2026-10-07T18:26:48.6379303Z [1m[92m   Compiling[0m string_cache_codegen v0.6.1
Linux build and workspace tests	Build Zed	2026-10-07T18:26:49.1218482Z [1m[92m   Compiling[0m web_atoms v0.2.6
Linux build and workspace tests	Build Zed	2026-10-07T18:26:49.1583571Z [1m[92m   Compiling[0m selectors v0.37.0
Linux build and workspace tests	Build Zed	2026-10-07T18:26:49.5672584Z [1m[92m   Compiling[0m cssparser v0.36.0
Linux build and workspace tests	Build Zed	2026-10-07T18:26:49.5927461Z [1m[92m   Compiling[0m htmlize v1.1.0
Linux build and workspace tests	Build Zed	2026-10-07T18:26:50.3283671Z [1m[92m   Compiling[0m string_cache v0.9.0
Linux build and workspace tests	Build Zed	2026-10-07T18:26:50.4496613Z [1m[92m   Compiling[0m node_runtime v0.1.0 (/home/runner/work/koda/koda/crates/node_runtime)
Linux build and workspace tests	Build Zed	2026-10-07T18:26:50.5474434Z [1m[92m   Compiling[0m client v0.1.0 (/home/runner/work/koda/koda/crates/client)
Linux build and workspace tests	Build Zed	2026-10-07T18:26:51.7633251Z [1m[92m   Compiling[0m itertools v0.15.0
Linux build and workspace tests	Build Zed	2026-10-07T18:26:53.3653802Z [1m[92m   Compiling[0m documented-macros v0.10.0
Linux build and workspace tests	Build Zed	2026-10-07T18:26:54.5744574Z [1m[92m   Compiling[0m dap-types v0.0.1 (https://github.com/zed-industries/dap-types?rev=1b461b310481d01e02b2603c16d7144b926339f8#1b461b31)
Linux build and workspace tests	Build Zed	2026-10-07T18:26:55.1844904Z [1m[92m   Compiling[0m markup5ever v0.39.0
Linux build and workspace tests	Build Zed	2026-10-07T18:26:55.3513789Z [1m[92m   Compiling[0m documented v0.10.0
Linux build and workspace tests	Build Zed	2026-10-07T18:26:55.4423648Z [1m[92m   Compiling[0m lol_html v3.0.1
Linux build and workspace tests	Build Zed	2026-10-07T18:26:55.4513317Z [1m[92m   Compiling[0m json5 v1.3.1
Linux build and workspace tests	Build Zed	2026-10-07T18:26:55.9653669Z [1m[92m   Compiling[0m granit-parser v1.0.0
Linux build and workspace tests	Build Zed	2026-10-07T18:26:56.8414048Z [1m[92m   Compiling[0m component v0.1.0 (/home/runner/work/koda/koda/crates/component)
Linux build and workspace tests	Build Zed	2026-10-07T18:26:57.1324002Z [1m[92m   Compiling[0m menu v0.1.0 (/home/runner/work/koda/koda/crates/menu)
Linux build and workspace tests	Build Zed	2026-10-07T18:26:57.4334015Z [1m[92m   Compiling[0m dugong-graphlib v0.8.0-alpha.5
Linux build and workspace tests	Build Zed	2026-10-07T18:26:57.4886911Z [1m[92m   Compiling[0m futures-lite v2.6.1
Linux build and workspace tests	Build Zed	2026-10-07T18:26:58.2848557Z [1m[92m   Compiling[0m merman-core v0.8.0-alpha.5
Linux build and workspace tests	Build Zed	2026-10-07T18:26:58.3099574Z [1m[92m   Compiling[0m ui v0.1.0 (/home/runner/work/koda/koda/crates/ui)
Linux build and workspace tests	Build Zed	2026-10-07T18:26:58.5483960Z [1m[92m   Compiling[0m dap v0.1.0 (/home/runner/work/koda/koda/crates/dap)
Linux build and workspace tests	Build Zed	2026-10-07T18:27:00.2934471Z [1m[92m   Compiling[0m dugong v0.8.0-alpha.5
Linux build and workspace tests	Build Zed	2026-10-07T18:27:03.9464470Z [1m[92m   Compiling[0m icu_collator v2.3.0
Linux build and workspace tests	Build Zed	2026-10-07T18:27:05.4543844Z [1m[92m   Compiling[0m pulldown-cmark v0.13.4
Linux build and workspace tests	Build Zed	2026-10-07T18:27:06.8593626Z [1m[92m   Compiling[0m rustls-pemfile v2.2.0
Linux build and workspace tests	Build Zed	2026-10-07T18:27:07.0303890Z [1m[92m   Compiling[0m tokio-socks v0.5.2
Linux build and workspace tests	Build Zed	2026-10-07T18:27:07.4504840Z [1m[92m   Compiling[0m roughr-merman v0.12.3
Linux build and workspace tests	Build Zed	2026-10-07T18:27:08.3154266Z [1m[92m   Compiling[0m env_var v0.1.0 (/home/runner/work/koda/koda/crates/env_var)
Linux build and workspace tests	Build Zed	2026-10-07T18:27:08.4324436Z [1m[92m   Compiling[0m manatee v0.8.0-alpha.5
Linux build and workspace tests	Build Zed	2026-10-07T18:27:09.2975204Z [1m[92m   Compiling[0m tar v0.4.46
Linux build and workspace tests	Build Zed	2026-10-07T18:27:10.1644873Z [1m[92m   Compiling[0m zed-reqwest v0.12.15-zed (https://github.com/zed-industries/reqwest.git?rev=33bc764aa15ff7b200bf7c93bd96e24878d53e14#33bc764a)
Linux build and workspace tests	Build Zed	2026-10-07T18:27:10.7124397Z [1m[92m   Compiling[0m extension v0.1.0 (/home/runner/work/koda/koda/crates/extension)
Linux build and workspace tests	Build Zed	2026-10-07T18:27:12.7483705Z [1m[92m   Compiling[0m xml5ever v0.39.0
Linux build and workspace tests	Build Zed	2026-10-07T18:27:13.3233887Z [1m[92m   Compiling[0m html5ever v0.39.0
Linux build and workspace tests	Build Zed	2026-10-07T18:27:14.2279065Z [1m[92m   Compiling[0m merman-render v0.8.0-alpha.5
Linux build and workspace tests	Build Zed	2026-10-07T18:27:14.2914200Z [1m[92m   Compiling[0m oauth_callback_server v0.1.0 (/home/runner/work/koda/koda/crates/oauth_callback_server)
Linux build and workspace tests	Build Zed	2026-10-07T18:27:14.6344033Z [1m[92m   Compiling[0m theme_settings v0.1.0 (/home/runner/work/koda/koda/crates/theme_settings)
Linux build and workspace tests	Build Zed	2026-10-07T18:27:15.2463984Z [1m[92m   Compiling[0m event-listener-strategy v0.5.4
Linux build and workspace tests	Build Zed	2026-10-07T18:27:15.3385090Z [1m[92m   Compiling[0m bit-vec v0.8.0
Linux build and workspace tests	Build Zed	2026-10-07T18:27:15.5527844Z [1m[92m   Compiling[0m bit-set v0.8.0
Linux build and workspace tests	Build Zed	2026-10-07T18:27:15.6814302Z [1m[92m   Compiling[0m vte v0.15.0
Linux build and workspace tests	Build Zed	2026-10-07T18:27:16.2502325Z [1m[92m   Compiling[0m android_tools v0.1.0 (/home/runner/work/koda/koda/crates/android_tools)
Linux build and workspace tests	Build Zed	2026-10-07T18:27:16.4193898Z [1m[92m   Compiling[0m markup5ever_rcdom v0.39.0+unofficial
Linux build and workspace tests	Build Zed	2026-10-07T18:27:16.7697054Z [1m[92m   Compiling[0m rustix-openpty v0.2.0
Linux build and workspace tests	Build Zed	2026-10-07T18:27:16.9689947Z [1m[92m   Compiling[0m alacritty_terminal v0.26.1-dev (https://github.com/zed-industries/alacritty?rev=4c129667ce56611becdc82de6e28218c80e2e88f#4c129667)
Linux build and workspace tests	Build Zed	2026-10-07T18:27:18.6174340Z [1m[92m   Compiling[0m fancy-regex v0.19.0
Linux build and workspace tests	Build Zed	2026-10-07T18:27:20.2004723Z [1m[92m   Compiling[0m buffer_diff v0.1.0 (/home/runner/work/koda/koda/crates/buffer_diff)
Linux build and workspace tests	Build Zed	2026-10-07T18:27:21.9894228Z [1m[92m   Compiling[0m async-channel v2.5.0
Linux build and workspace tests	Build Zed	2026-10-07T18:27:22.4234787Z [1m[92m   Compiling[0m snippet v0.1.0 (/home/runner/work/koda/koda/crates/snippet)
Linux build and workspace tests	Build Zed	2026-10-07T18:27:22.6444032Z [1m[92m   Compiling[0m snippet_provider v0.1.0 (/home/runner/work/koda/koda/crates/snippet_provider)
Linux build and workspace tests	Build Zed	2026-10-07T18:27:24.1253835Z [1m[92m   Compiling[0m wax v0.7.0
Linux build and workspace tests	Build Zed	2026-10-07T18:27:24.4504186Z [1m[92m   Compiling[0m terminal v0.1.0 (/home/runner/work/koda/koda/crates/terminal)
Linux build and workspace tests	Build Zed	2026-10-07T18:27:27.6953994Z [1m[92m   Compiling[0m context_server v0.1.0 (/home/runner/work/koda/koda/crates/context_server)
Linux build and workspace tests	Build Zed	2026-10-07T18:27:31.6713802Z [1m[92m   Compiling[0m prettier v0.1.0 (/home/runner/work/koda/koda/crates/prettier)
Linux build and workspace tests	Build Zed	2026-10-07T18:27:32.3283965Z [1m[92m   Compiling[0m remote v0.1.0 (/home/runner/work/koda/koda/crates/remote)
Linux build and workspace tests	Build Zed	2026-10-07T18:27:33.3844723Z [1m[92m   Compiling[0m git_hosting_providers v0.1.0 (/home/runner/work/koda/koda/crates/git_hosting_providers)
Linux build and workspace tests	Build Zed	2026-10-07T18:27:35.1793617Z [1m[92m   Compiling[0m piper v0.2.4
Linux build and workspace tests	Build Zed	2026-10-07T18:27:35.4023729Z [1m[92m   Compiling[0m blocking v1.6.2
Linux build and workspace tests	Build Zed	2026-10-07T18:27:35.6893869Z [1m[92m   Compiling[0m async-lock v3.4.2
Linux build and workspace tests	Build Zed	2026-10-07T18:27:36.2133972Z [1m[92m   Compiling[0m merman v0.8.0-alpha.5
Linux build and workspace tests	Build Zed	2026-10-07T18:27:36.4204352Z [1m[92m   Compiling[0m language_model v0.1.0 (/home/runner/work/koda/koda/crates/language_model)
Linux build and workspace tests	Build Zed	2026-10-07T18:27:36.7187108Z [1m[92m   Compiling[0m mermaid_render v0.1.0 (/home/runner/work/koda/koda/crates/mermaid_render)
Linux build and workspace tests	Build Zed	2026-10-07T18:27:37.5384142Z [1m[92m   Compiling[0m markdown v0.1.0 (/home/runner/work/koda/koda/crates/markdown)
Linux build and workspace tests	Build Zed	2026-10-07T18:27:37.7826198Z [1m[92m   Compiling[0m libsqlite3-sys v0.30.1
Linux build and workspace tests	Build Zed	2026-10-07T18:27:38.2493758Z [1m[92m   Compiling[0m compression-codecs v0.4.31
Linux build and workspace tests	Build Zed	2026-10-07T18:27:38.3863748Z [1m[92m   Compiling[0m getrandom v0.3.4
Linux build and workspace tests	Build Zed	2026-10-07T18:27:38.6313667Z [1m[92m   Compiling[0m async-compression v0.4.32
Linux build and workspace tests	Build Zed	2026-10-07T18:27:41.8154212Z [1m[92m   Compiling[0m async-fs v2.2.0
Linux build and workspace tests	Build Zed	2026-10-07T18:27:42.6444276Z [1m[92m   Compiling[0m async-executor v1.13.3
Linux build and workspace tests	Build Zed	2026-10-07T18:27:42.9553594Z [1m[92m   Compiling[0m futures-executor v0.3.34
Linux build and workspace tests	Build Zed	2026-10-07T18:27:43.1593735Z [1m[92m   Compiling[0m scopeguard v1.2.0
Linux build and workspace tests	Build Zed	2026-10-07T18:27:43.2183682Z [1m[92m   Compiling[0m lock_api v0.4.14
Linux build and workspace tests	Build Zed	2026-10-07T18:27:43.4744291Z [1m[92m   Compiling[0m futures v0.3.34
Linux build and workspace tests	Build Zed	2026-10-07T18:27:43.6764163Z [1m[92m   Compiling[0m async_zip v0.0.18
Linux build and workspace tests	Build Zed	2026-10-07T18:27:46.4923460Z [1m[92m   Compiling[0m sqlez v0.1.0 (/home/runner/work/koda/koda/crates/sqlez)
Linux build and workspace tests	Build Zed	2026-10-07T18:27:47.3033832Z [1m[92m   Compiling[0m sqlez_macros v0.1.0 (/home/runner/work/koda/koda/crates/sqlez_macros)
Linux build and workspace tests	Build Zed	2026-10-07T18:27:47.7464284Z [1m[92m   Compiling[0m zed_env_vars v0.1.0 (/home/runner/work/koda/koda/crates/zed_env_vars)
Linux build and workspace tests	Build Zed	2026-10-07T18:27:47.8324556Z [1m[92m   Compiling[0m db v0.1.0 (/home/runner/work/koda/koda/crates/db)
Linux build and workspace tests	Build Zed	2026-10-07T18:27:47.8433839Z [1m[92m   Compiling[0m ui_input v0.1.0 (/home/runner/work/koda/koda/crates/ui_input)
Linux build and workspace tests	Build Zed	2026-10-07T18:27:48.1817138Z [1m[92m   Compiling[0m edit_prediction_types v0.1.0 (/home/runner/work/koda/koda/crates/edit_prediction_types)
Linux build and workspace tests	Build Zed	2026-10-07T18:27:48.3914343Z [1m[92m   Compiling[0m session v0.1.0 (/home/runner/work/koda/koda/crates/session)
Linux build and workspace tests	Build Zed	2026-10-07T18:27:48.7554558Z [1m[92m   Compiling[0m file_icons v0.1.0 (/home/runner/work/koda/koda/crates/file_icons)
Linux build and workspace tests	Build Zed	2026-10-07T18:27:48.7847075Z [1m[92m   Compiling[0m multi_buffer v0.1.0 (/home/runner/work/koda/koda/crates/multi_buffer)
Linux build and workspace tests	Build Zed	2026-10-07T18:27:49.1013784Z [1m[92m   Compiling[0m assets v0.1.0 (/home/runner/work/koda/koda/crates/assets)
Linux build and workspace tests	Build Zed	2026-10-07T18:27:49.3642603Z [1m[92m   Compiling[0m vim_mode_setting v0.1.0 (/home/runner/work/koda/koda/crates/vim_mode_setting)
Linux build and workspace tests	Build Zed	2026-10-07T18:27:49.5775781Z [1m[92m   Compiling[0m toml_datetime v0.7.3
Linux build and workspace tests	Build Zed	2026-10-07T18:27:49.7785013Z [1m[92m   Compiling[0m language_detection v0.1.0 (/home/runner/work/koda/koda/crates/language_detection)
Linux build and workspace tests	Build Zed	2026-10-07T18:27:49.8383405Z [1m[92m   Compiling[0m emojis v0.9.0
Linux build and workspace tests	Build Zed	2026-10-07T18:27:50.3766089Z [1m[92m   Compiling[0m toml_edit v0.23.7
Linux build and workspace tests	Build Zed	2026-10-07T18:27:50.8815301Z [1m[92m   Compiling[0m const-random-macro v0.1.16
Linux build and workspace tests	Build Zed	2026-10-07T18:27:51.1334723Z [1m[92m   Compiling[0m proc-macro-crate v3.4.0
Linux build and workspace tests	Build Zed	2026-10-07T18:27:51.3843545Z [1m[92m   Compiling[0m const-random v0.1.18
Linux build and workspace tests	Build Zed	2026-10-07T18:27:51.4354058Z [1m[92m   Compiling[0m ahash v0.8.12
Linux build and workspace tests	Build Zed	2026-10-07T18:27:51.5804861Z [1m[92m   Compiling[0m terminal_size v0.4.3
Linux build and workspace tests	Build Zed	2026-10-07T18:27:51.6673685Z [1m[92m   Compiling[0m clap_builder v4.5.49
Linux build and workspace tests	Build Zed	2026-10-07T18:27:51.7133871Z [1m[92m   Compiling[0m bytes-utils v0.1.4
Linux build and workspace tests	Build Zed	2026-10-07T18:27:51.9744227Z [1m[92m   Compiling[0m aws-smithy-types v1.4.7
Linux build and workspace tests	Build Zed	2026-10-07T18:27:53.1134862Z [1m[92m   Compiling[0m pet-fs v0.1.0 (https://github.com/zed-industries/python-environment-tools.git?rev=5aad7164bfc2a58977b103c8ef8fdd7302ed2e9f#5aad7164)
Linux build and workspace tests	Build Zed	2026-10-07T18:27:53.1747482Z [1m[92m   Compiling[0m serde_spanned v1.0.3
Linux build and workspace tests	Build Zed	2026-10-07T18:27:53.2604126Z [1m[92m   Compiling[0m toml v0.9.8
Linux build and workspace tests	Build Zed	2026-10-07T18:27:53.3493962Z [1m[92m   Compiling[0m env_logger v0.10.2
Linux build and workspace tests	Build Zed	2026-10-07T18:27:53.7961547Z [1m[92m   Compiling[0m clap v4.5.49
Linux build and workspace tests	Build Zed	2026-10-07T18:27:53.8193439Z [1m[92m   Compiling[0m cfg-expr v0.20.9
Linux build and workspace tests	Build Zed	2026-10-07T18:27:53.8562966Z [1m[92m   Compiling[0m pet-core v0.1.0 (https://github.com/zed-industries/python-environment-tools.git?rev=5aad7164bfc2a58977b103c8ef8fdd7302ed2e9f#5aad7164)
Linux build and workspace tests	Build Zed	2026-10-07T18:27:54.4263746Z [1m[92m   Compiling[0m system-deps v7.0.7
Linux build and workspace tests	Build Zed	2026-10-07T18:27:54.6833305Z [1m[92m   Compiling[0m zvariant_utils v3.3.1
Linux build and workspace tests	Build Zed	2026-10-07T18:27:54.8283762Z [1m[92m   Compiling[0m enumflags2 v0.7.12
Linux build and workspace tests	Build Zed	2026-10-07T18:27:54.9703723Z [1m[92m   Compiling[0m aws-smithy-async v1.2.14
Linux build and workspace tests	Build Zed	2026-10-07T18:27:55.2107572Z [1m[92m   Compiling[0m aws-smithy-runtime-api v1.11.4
Linux build and workspace tests	Build Zed	2026-10-07T18:27:55.2385339Z [1m[92m   Compiling[0m pet-python-utils v0.1.0 (https://github.com/zed-industries/python-environment-tools.git?rev=5aad7164bfc2a58977b103c8ef8fdd7302ed2e9f#5aad7164)
Linux build and workspace tests	Build Zed	2026-10-07T18:27:55.2513997Z [1m[92m   Compiling[0m zvariant_derive v5.11.0
Linux build and workspace tests	Build Zed	2026-10-07T18:27:56.2411144Z [1m[92m   Compiling[0m hashbrown v0.14.5
Linux build and workspace tests	Build Zed	2026-10-07T18:27:56.4464566Z [1m[92m   Compiling[0m fs-set-times v0.20.3
Linux build and workspace tests	Build Zed	2026-10-07T18:27:56.5895257Z [1m[92m   Compiling[0m glib-sys v0.21.5
Linux build and workspace tests	Build Zed	2026-10-07T18:27:56.7402913Z [1m[92m   Compiling[0m tower-http v0.6.11
Linux build and workspace tests	Build Zed	2026-10-07T18:27:56.7583732Z [1m[92m   Compiling[0m pbjson-build v0.9.0
Linux build and workspace tests	Build Zed	2026-10-07T18:27:56.8023718Z [1m[92m   Compiling[0m rustix-linux-procfs v0.1.1
Linux build and workspace tests	Build Zed	2026-10-07T18:27:57.0134366Z [1m[92m   Compiling[0m cap-primitives v4.0.3
Linux build and workspace tests	Build Zed	2026-10-07T18:27:57.1154047Z [1m[92m   Compiling[0m reqwest v0.12.24
Linux build and workspace tests	Build Zed	2026-10-07T18:27:57.4372683Z [1m[92m   Compiling[0m pbjson-types v0.9.0
Linux build and workspace tests	Build Zed	2026-10-07T18:27:57.7733658Z [1m[92m   Compiling[0m syn v2.0.117
Linux build and workspace tests	Build Zed	2026-10-07T18:27:57.9833955Z [1m[92m   Compiling[0m wayland-sys v0.31.11
Linux build and workspace tests	Build Zed	2026-10-07T18:27:58.3163486Z [1m[92m   Compiling[0m zvariant v5.11.0
Linux build and workspace tests	Build Zed	2026-10-07T18:28:00.6867223Z [1m[92m   Compiling[0m gobject-sys v0.21.5
Linux build and workspace tests	Build Zed	2026-10-07T18:28:00.8755050Z [1m[92m   Compiling[0m aws-smithy-eventstream v0.60.20
Linux build and workspace tests	Build Zed	2026-10-07T18:28:01.2722069Z [1m[92m   Compiling[0m cxx-build v1.0.187
Linux build and workspace tests	Build Zed	2026-10-07T18:28:01.6344335Z [1m[92m   Compiling[0m phf_generator v0.11.3
Linux build and workspace tests	Build Zed	2026-10-07T18:28:02.4013727Z [1m[92m   Compiling[0m aws-smithy-http v0.63.4
Linux build and workspace tests	Build Zed	2026-10-07T18:28:02.9755368Z [1m[92m   Compiling[0m project v0.1.0 (/home/runner/work/koda/koda/crates/project)
Linux build and workspace tests	Build Zed	2026-10-07T18:28:04.3940382Z [1m[92m   Compiling[0m zbus_names v4.3.2
Linux build and workspace tests	Build Zed	2026-10-07T18:28:05.0205058Z [1m[92m   Compiling[0m webrtc-sys-build v0.3.13 (https://github.com/zed-industries/livekit-rust-sdks?rev=0a1c519cfce9b365229026b55de9b9dbdb6fed3c#0a1c519c)
Linux build and workspace tests	Build Zed	2026-10-07T18:28:06.0663579Z [1m[92m   Compiling[0m cap-std v4.0.3
Linux build and workspace tests	Build Zed	2026-10-07T18:28:06.4618376Z [1m[92m   Compiling[0m aws-credential-types v1.2.12
Linux build and workspace tests	Build Zed	2026-10-07T18:28:06.8627163Z [1m[92m   Compiling[0m gio-sys v0.21.5
Linux build and workspace tests	Build Zed	2026-10-07T18:28:07.0314275Z [1m[92m   Compiling[0m tokio-stream v0.1.17
Linux build and workspace tests	Build Zed	2026-10-07T18:28:07.0703906Z [1m[92m   Compiling[0m aws-types v1.3.12
Linux build and workspace tests	Build Zed	2026-10-07T18:28:07.2323896Z [1m[92m   Compiling[0m symphonia-core v0.5.5
Linux build and workspace tests	Build Zed	2026-10-07T18:28:07.4773782Z [1m[92m   Compiling[0m pbjson v0.9.0
Linux build and workspace tests	Build Zed	2026-10-07T18:28:07.5693652Z [1m[92m   Compiling[0m serde_bytes v0.11.19
Linux build and workspace tests	Build Zed	2026-10-07T18:28:10.5218584Z [1m[92m   Compiling[0m livekit-runtime v0.4.0 (https://github.com/zed-industries/livekit-rust-sdks?rev=0a1c519cfce9b365229026b55de9b9dbdb6fed3c#0a1c519c)
Linux build and workspace tests	Build Zed	2026-10-07T18:28:10.7931863Z [1m[92m   Compiling[0m cap-fs-ext v4.0.3
Linux build and workspace tests	Build Zed	2026-10-07T18:28:10.9258613Z [1m[92m   Compiling[0m webrtc-sys v0.3.23 (https://github.com/zed-industries/livekit-rust-sdks?rev=0a1c519cfce9b365229026b55de9b9dbdb6fed3c#0a1c519c)
Linux build and workspace tests	Build Zed	2026-10-07T18:28:11.1882319Z [1m[92m   Compiling[0m phf_macros v0.11.3
Linux build and workspace tests	Build Zed	2026-10-07T18:28:11.7234165Z [1m[92m   Compiling[0m hashlink v0.8.4
Linux build and workspace tests	Build Zed	2026-10-07T18:28:11.8193431Z [1m[92m   Compiling[0m aws-smithy-observability v0.2.5
Linux build and workspace tests	Build Zed	2026-10-07T18:28:11.9824423Z [1m[92m   Compiling[0m channel v0.1.0 (/home/runner/work/koda/koda/crates/channel)
Linux build and workspace tests	Build Zed	2026-10-07T18:28:12.0494210Z [1m[92m   Compiling[0m wasmtime-wasi-io v48.0.1
Linux build and workspace tests	Build Zed	2026-10-07T18:28:13.2302337Z [1m[92m   Compiling[0m anthropic v0.1.0 (/home/runner/work/koda/koda/crates/anthropic)
Linux build and workspace tests	Build Zed	2026-10-07T18:28:14.0063871Z [1m[92m   Compiling[0m open_ai v0.1.0 (/home/runner/work/koda/koda/crates/open_ai)
Linux build and workspace tests	Build Zed	2026-10-07T18:28:16.2583712Z [1m[92m   Compiling[0m cxxbridge-macro v1.0.187
Linux build and workspace tests	Build Zed	2026-10-07T18:28:18.7899286Z [1m[92m   Compiling[0m moka v0.12.11
Linux build and workspace tests	Build Zed	2026-10-07T18:28:19.6204011Z [1m[92m   Compiling[0m wasmtime-wasi v48.0.1
Linux build and workspace tests	Build Zed	2026-10-07T18:28:19.8542929Z [1m[92m   Compiling[0m cxx v1.0.187
Linux build and workspace tests	Build Zed	2026-10-07T18:28:20.3734254Z [1m[92m   Compiling[0m yaml-rust2 v0.8.1
Linux build and workspace tests	Build Zed	2026-10-07T18:28:21.1983926Z [1m[92m   Compiling[0m aws-smithy-runtime v1.10.1
Linux build and workspace tests	Build Zed	2026-10-07T18:28:25.3763617Z [1m[92m   Compiling[0m phf v0.11.3
Linux build and workspace tests	Build Zed	2026-10-07T18:28:32.5114088Z [1m[92m   Compiling[0m livekit-protocol v0.7.1 (https://github.com/zed-industries/livekit-rust-sdks?rev=0a1c519cfce9b365229026b55de9b9dbdb6fed3c#0a1c519c)
Linux build and workspace tests	Build Zed	2026-10-07T18:28:37.4954273Z [1m[92m   Compiling[0m agent_settings v0.1.0 (/home/runner/work/koda/koda/crates/agent_settings)
Linux build and workspace tests	Build Zed	2026-10-07T18:28:38.9545002Z [1m[92m   Compiling[0m workspace v0.1.0 (/home/runner/work/koda/koda/crates/workspace)
Linux build and workspace tests	Build Zed	2026-10-07T18:28:43.5136544Z [1m[92m   Compiling[0m symphonia-metadata v0.5.5
Linux build and workspace tests	Build Zed	2026-10-07T18:28:44.0165802Z [1m[92m   Compiling[0m aws-sigv4 v1.4.0
Linux build and workspace tests	Build Zed	2026-10-07T18:28:44.9604696Z [1m[92m   Compiling[0m pet-virtualenv v0.1.0 (https://github.com/zed-industries/python-environment-tools.git?rev=5aad7164bfc2a58977b103c8ef8fdd7302ed2e9f#5aad7164)
Linux build and workspace tests	Build Zed	2026-10-07T18:28:45.1033834Z [1m[92m   Compiling[0m glib-macros v0.21.5
Linux build and workspace tests	Build Zed	2026-10-07T18:28:48.4939758Z [1m[92m   Compiling[0m symphonia-format-riff v0.5.5
Linux build and workspace tests	Build Zed	2026-10-07T18:28:48.7763731Z [1m[92m   Compiling[0m glib v0.21.5
Linux build and workspace tests	Build Zed	2026-10-07T18:28:56.8929424Z [1m[92m   Compiling[0m breadcrumbs v0.1.0 (/home/runner/work/koda/koda/crates/breadcrumbs)
Linux build and workspace tests	Build Zed	2026-10-07T18:28:57.7043921Z [1m[92m   Compiling[0m editor v0.1.0 (/home/runner/work/koda/koda/crates/editor)
Linux build and workspace tests	Build Zed	2026-10-07T18:29:00.5656659Z [1m[92m   Compiling[0m picker v0.1.0 (/home/runner/work/koda/koda/crates/picker)
Linux build and workspace tests	Build Zed	2026-10-07T18:29:02.2804067Z [1m[92m   Compiling[0m command_palette_hooks v0.1.0 (/home/runner/work/koda/koda/crates/command_palette_hooks)
Linux build and workspace tests	Build Zed	2026-10-07T18:29:03.0334105Z [1m[92m   Compiling[0m auto_update v0.1.0 (/home/runner/work/koda/koda/crates/auto_update)
Linux build and workspace tests	Build Zed	2026-10-07T18:29:05.0604473Z [1m[92m   Compiling[0m notifications v0.1.0 (/home/runner/work/koda/koda/crates/notifications)
Linux build and workspace tests	Build Zed	2026-10-07T18:29:06.5183643Z [1m[92m   Compiling[0m aws-runtime v1.7.0
Linux build and workspace tests	Build Zed	2026-10-07T18:29:08.3310900Z [1m[92m   Compiling[0m alsa v0.10.0
Linux build and workspace tests	Build Zed	2026-10-07T18:29:09.7664011Z [1m[92m   Compiling[0m extension_host v0.1.0 (/home/runner/work/koda/koda/crates/extension_host)
Linux build and workspace tests	Build Zed	2026-10-07T18:29:25.7030172Z [1m[92m   Compiling[0m picker_preview v0.1.0 (/home/runner/work/koda/koda/crates/picker_preview)
Linux build and workspace tests	Build Zed	2026-10-07T18:29:26.6843621Z [1m[92m   Compiling[0m doxygen-rs v0.4.2
Linux build and workspace tests	Build Zed	2026-10-07T18:29:26.9894411Z [1m[92m   Compiling[0m copilot_chat v0.1.0 (/home/runner/work/koda/koda/crates/copilot_chat)
Linux build and workspace tests	Build Zed	2026-10-07T18:29:30.5964942Z [1m[92m   Compiling[0m symphonia-codec-pcm v0.5.5
Linux build and workspace tests	Build Zed	2026-10-07T18:29:30.9583759Z [1m[92m   Compiling[0m aws-smithy-json v0.62.5
Linux build and workspace tests	Build Zed	2026-10-07T18:29:31.3273501Z [1m[92m   Compiling[0m quick-xml v0.39.3
Linux build and workspace tests	Build Zed	2026-10-07T18:29:32.8833600Z [1m[92m   Compiling[0m bincode v1.3.3
Linux build and workspace tests	Build Zed	2026-10-07T18:29:33.3083544Z [1m[92m   Compiling[0m cpal v0.17.1
Linux build and workspace tests	Build Zed	2026-10-07T18:29:33.9853705Z [1m[92m   Compiling[0m symphonia v0.5.5
Linux build and workspace tests	Build Zed	2026-10-07T18:29:34.1183859Z [1m[92m   Compiling[0m copilot v0.1.0 (/home/runner/work/koda/koda/crates/copilot)
Linux build and workspace tests	Build Zed	2026-10-07T18:29:37.0012279Z [1m[92m   Compiling[0m lmdb-master-sys v0.2.5
Linux build and workspace tests	Build Zed	2026-10-07T18:29:37.1579532Z [1m[92m   Compiling[0m zbus_macros v5.13.2
Linux build and workspace tests	Build Zed	2026-10-07T18:29:40.0903681Z [1m[92m   Compiling[0m wayland-backend v0.3.15
Linux build and workspace tests	Build Zed	2026-10-07T18:29:41.3584352Z [1m[92m   Compiling[0m rodio v0.21.1 (https://github.com/RustAudio/rodio?rev=e50e726ddd0292f6ef9de0dda6b90af4ed1fb66a#e50e726d)
Linux build and workspace tests	Build Zed	2026-10-07T18:29:41.7993694Z [1m[92m   Compiling[0m zbus v5.13.2
Linux build and workspace tests	Build Zed	2026-10-07T18:29:43.8778555Z [1m[92m   Compiling[0m copilot_ui v0.1.0 (/home/runner/work/koda/koda/crates/copilot_ui)
Linux build and workspace tests	Build Zed	2026-10-07T18:29:44.2724647Z [1m[92m   Compiling[0m pet-jsonrpc v0.1.0 (https://github.com/zed-industries/python-environment-tools.git?rev=5aad7164bfc2a58977b103c8ef8fdd7302ed2e9f#5aad7164)
Linux build and workspace tests	Build Zed	2026-10-07T18:29:44.5231647Z [1m[92m   Compiling[0m ai_onboarding v0.1.0 (/home/runner/work/koda/koda/crates/ai_onboarding)
Linux build and workspace tests	Build Zed	2026-10-07T18:29:45.3577573Z [1m[92m   Compiling[0m ollama v0.1.0 (/home/runner/work/koda/koda/crates/ollama)
Linux build and workspace tests	Build Zed	2026-10-07T18:29:45.4734263Z [1m[92m   Compiling[0m heed-types v0.21.0
Linux build and workspace tests	Build Zed	2026-10-07T18:29:45.6388817Z [1m[92m   Compiling[0m pet-reporter v0.1.0 (https://github.com/zed-industries/python-environment-tools.git?rev=5aad7164bfc2a58977b103c8ef8fdd7302ed2e9f#5aad7164)
Linux build and workspace tests	Build Zed	2026-10-07T18:29:46.1503670Z [1m[92m   Compiling[0m serde_with v3.22.0
Linux build and workspace tests	Build Zed	2026-10-07T18:29:46.5463861Z [1m[92m   Compiling[0m wayland-client v0.31.11
Linux build and workspace tests	Build Zed	2026-10-07T18:29:48.2264199Z [1m[92m   Compiling[0m zbus_xml v5.1.1
Linux build and workspace tests	Build Zed	2026-10-07T18:29:48.4014219Z [1m[92m   Compiling[0m remote_connection v0.1.0 (/home/runner/work/koda/koda/crates/remote_connection)
Linux build and workspace tests	Build Zed	2026-10-07T18:29:48.9532848Z [1m[92m   Compiling[0m serde_yaml_ng v0.10.0
Linux build and workspace tests	Build Zed	2026-10-07T18:29:49.7360197Z [1m[92m   Compiling[0m google_ai v0.1.0 (/home/runner/work/koda/koda/crates/google_ai)
Linux build and workspace tests	Build Zed	2026-10-07T18:29:50.4555804Z [1m[92m   Compiling[0m spirv v0.4.0+sdk-1.4.341.0
Linux build and workspace tests	Build Zed	2026-10-07T18:29:50.6169533Z [1m[92m   Compiling[0m heed v0.21.0
Linux build and workspace tests	Build Zed	2026-10-07T18:29:51.2574113Z [1m[92m   Compiling[0m agent_skills v0.1.0 (/home/runner/work/koda/koda/crates/agent_skills)
Linux build and workspace tests	Build Zed	2026-10-07T18:29:51.6794710Z [1m[92m   Compiling[0m http_proxy v0.1.0 (/home/runner/work/koda/koda/crates/http_proxy)
Linux build and workspace tests	Build Zed	2026-10-07T18:29:52.1113293Z [1m[92m   Compiling[0m naga v29.0.4
Linux build and workspace tests	Build Zed	2026-10-07T18:29:52.4543757Z [1m[92m   Compiling[0m handlebars v4.5.0
Linux build and workspace tests	Build Zed	2026-10-07T18:29:52.4650147Z [1m[92m   Compiling[0m zbus-lockstep v0.5.2
Linux build and workspace tests	Build Zed	2026-10-07T18:29:52.6594286Z [1m[92m   Compiling[0m agent-client-protocol-schema v1.9.1
Linux build and workspace tests	Build Zed	2026-10-07T18:29:56.0694007Z [1m[92m   Compiling[0m open_path_prompt v0.1.0 (/home/runner/work/koda/koda/crates/open_path_prompt)
Linux build and workspace tests	Build Zed	2026-10-07T18:29:57.9702847Z [1m[92m   Compiling[0m aws-smithy-query v0.60.15
Linux build and workspace tests	Build Zed	2026-10-07T18:29:58.1113440Z [1m[92m   Compiling[0m wgpu-types v29.0.4
Linux build and workspace tests	Build Zed	2026-10-07T18:30:00.4434215Z [1m[92m   Compiling[0m gpu-descriptor-types v0.2.0
Linux build and workspace tests	Build Zed	2026-10-07T18:30:00.7744332Z [1m[92m   Compiling[0m gpu-allocator v0.28.0
Linux build and workspace tests	Build Zed	2026-10-07T18:30:01.3774189Z [1m[92m   Compiling[0m cached v0.56.0
Linux build and workspace tests	Build Zed	2026-10-07T18:30:01.6344034Z [1m[92m   Compiling[0m sandbox v0.1.0 (/home/runner/work/koda/koda/crates/sandbox)
Linux build and workspace tests	Build Zed	2026-10-07T18:30:02.6017366Z [1m[92m   Compiling[0m gpu-descriptor v0.3.2
Linux build and workspace tests	Build Zed	2026-10-07T18:30:02.8053649Z [1m[92m   Compiling[0m wgpu-naga-bridge v29.0.4
Linux build and workspace tests	Build Zed	2026-10-07T18:30:02.8936723Z [1m[92m   Compiling[0m aws-sdk-sts v1.98.0
Linux build and workspace tests	Build Zed	2026-10-07T18:30:07.0894039Z [1m[92m   Compiling[0m prompt_store v0.1.0 (/home/runner/work/koda/koda/crates/prompt_store)
Linux build and workspace tests	Build Zed	2026-10-07T18:30:08.7243744Z [1m[92m   Compiling[0m zbus-lockstep-macros v0.5.2
Linux build and workspace tests	Build Zed	2026-10-07T18:30:08.9202344Z [1m[92m   Compiling[0m git_ui_core v0.1.0 (/home/runner/work/koda/koda/crates/git_ui_core)
Linux build and workspace tests	Build Zed	2026-10-07T18:30:09.0725855Z [1m[92m   Compiling[0m pet-conda v0.1.0 (https://github.com/zed-industries/python-environment-tools.git?rev=5aad7164bfc2a58977b103c8ef8fdd7302ed2e9f#5aad7164)
Linux build and workspace tests	Build Zed	2026-10-07T18:30:10.4403890Z [1m[92m   Compiling[0m aws-sdk-bedrockruntime v1.125.0
Linux build and workspace tests	Build Zed	2026-10-07T18:30:13.3774697Z [1m[92m   Compiling[0m agent-client-protocol v2.2.0
Linux build and workspace tests	Build Zed	2026-10-07T18:30:17.1553643Z [1m[92m   Compiling[0m aws-sdk-ssooidc v1.96.0
Linux build and workspace tests	Build Zed	2026-10-07T18:30:19.1851872Z [1m[92m   Compiling[0m aws-sdk-sso v1.94.0
Linux build and workspace tests	Build Zed	2026-10-07T18:30:19.7993967Z [1m[92m   Compiling[0m search v0.1.0 (/home/runner/work/koda/koda/crates/search)
Linux build and workspace tests	Build Zed	2026-10-07T18:30:21.5764487Z [1m[92m   Compiling[0m action_log v0.1.0 (/home/runner/work/koda/koda/crates/action_log)
Linux build and workspace tests	Build Zed	2026-10-07T18:30:23.3043783Z [1m[92m   Compiling[0m tokio-tungstenite v0.28.0
Linux build and workspace tests	Build Zed	2026-10-07T18:30:23.5847141Z [1m[92m   Compiling[0m pathfinder_simd v0.5.6
Linux build and workspace tests	Build Zed	2026-10-07T18:30:23.7343825Z [1m[92m   Compiling[0m x_ai v0.1.0 (/home/runner/work/koda/koda/crates/x_ai)
Linux build and workspace tests	Build Zed	2026-10-07T18:30:24.0105843Z [1m[92m   Compiling[0m num-traits v0.2.19
Linux build and workspace tests	Build Zed	2026-10-07T18:30:24.1295518Z [1m[92m   Compiling[0m wgpu-hal v29.0.4
Linux build and workspace tests	Build Zed	2026-10-07T18:30:24.4281116Z [1m[92m   Compiling[0m brush-parser v0.3.0
Linux build and workspace tests	Build Zed	2026-10-07T18:30:26.0732534Z [1m[92m   Compiling[0m x_ai_subscribed v0.1.0 (/home/runner/work/koda/koda/crates/x_ai_subscribed)
Linux build and workspace tests	Build Zed	2026-10-07T18:30:27.0097093Z [1m[92m   Compiling[0m livekit-api v0.4.14 (https://github.com/zed-industries/livekit-rust-sdks?rev=0a1c519cfce9b365229026b55de9b9dbdb6fed3c#0a1c519c)
Linux build and workspace tests	Build Zed	2026-10-07T18:30:27.1164167Z [1m[92m   Compiling[0m acp_thread v0.1.0 (/home/runner/work/koda/koda/crates/acp_thread)
Linux build and workspace tests	Build Zed	2026-10-07T18:30:27.7293669Z [1m[92m   Compiling[0m aws-config v1.8.14
Linux build and workspace tests	Build Zed	2026-10-07T18:30:29.6995323Z [1m[92m   Compiling[0m bedrock v0.1.0 (/home/runner/work/koda/koda/crates/bedrock)
Linux build and workspace tests	Build Zed	2026-10-07T18:30:30.5474499Z [1m[92m   Compiling[0m atspi-common v0.13.0
Linux build and workspace tests	Build Zed	2026-10-07T18:30:31.9289010Z [1m[92m   Compiling[0m language_models_cloud v0.1.0 (/home/runner/work/koda/koda/crates/language_models_cloud)
Linux build and workspace tests	Build Zed	2026-10-07T18:30:32.1710063Z [1m[92m   Compiling[0m opencode v0.1.0 (/home/runner/work/koda/koda/crates/opencode)
Linux build and workspace tests	Build Zed	2026-10-07T18:30:32.5463751Z [1m[92m   Compiling[0m wayland-protocols v0.32.9
Linux build and workspace tests	Build Zed	2026-10-07T18:30:32.7524169Z [1m[92m   Compiling[0m platform_title_bar v0.1.0 (/home/runner/work/koda/koda/crates/platform_title_bar)
Linux build and workspace tests	Build Zed	2026-10-07T18:30:34.3946349Z [1m[92m   Compiling[0m openai_subscribed v0.1.0 (/home/runner/work/koda/koda/crates/openai_subscribed)
Linux build and workspace tests	Build Zed	2026-10-07T18:30:35.8344058Z [1m[92m   Compiling[0m open_router v0.1.0 (/home/runner/work/koda/koda/crates/open_router)
Linux build and workspace tests	Build Zed	2026-10-07T18:30:35.8807162Z [1m[92m   Compiling[0m aws_http_client v0.1.0 (/home/runner/work/koda/koda/crates/aws_http_client)
Linux build and workspace tests	Build Zed	2026-10-07T18:30:36.1338966Z [1m[92m   Compiling[0m html_to_markdown v0.1.0 (/home/runner/work/koda/koda/crates/html_to_markdown)
Linux build and workspace tests	Build Zed	2026-10-07T18:30:37.0174565Z [1m[92m   Compiling[0m lmstudio v0.1.0 (/home/runner/work/koda/koda/crates/lmstudio)
Linux build and workspace tests	Build Zed	2026-10-07T18:30:37.3704100Z [1m[92m   Compiling[0m llama_cpp v0.1.0 (/home/runner/work/koda/koda/crates/llama_cpp)
Linux build and workspace tests	Build Zed	2026-10-07T18:30:37.9703940Z [1m[92m   Compiling[0m web_search v0.1.0 (/home/runner/work/koda/koda/crates/web_search)
Linux build and workspace tests	Build Zed	2026-10-07T18:30:38.3113484Z [1m[92m   Compiling[0m bmrng v0.5.2
Linux build and workspace tests	Build Zed	2026-10-07T18:30:38.4205116Z [1m[92m   Compiling[0m mistral v0.1.0 (/home/runner/work/koda/koda/crates/mistral)
Linux build and workspace tests	Build Zed	2026-10-07T18:30:38.5464045Z [1m[92m   Compiling[0m deepseek v0.1.0 (/home/runner/work/koda/koda/crates/deepseek)
Linux build and workspace tests	Build Zed	2026-10-07T18:30:39.6095497Z [1m[92m   Compiling[0m fluent-uri v0.4.1
Linux build and workspace tests	Build Zed	2026-10-07T18:30:39.6274939Z [1m[92m   Compiling[0m edit_prediction_metrics v0.1.0 (/home/runner/work/koda/koda/crates/edit_prediction_metrics)
Linux build and workspace tests	Build Zed	2026-10-07T18:30:39.7131569Z [1m[92m   Compiling[0m language_models v0.1.0 (/home/runner/work/koda/koda/crates/language_models)
Linux build and workspace tests	Build Zed	2026-10-07T18:30:40.3818599Z [1m[92m   Compiling[0m agent_servers v0.1.0 (/home/runner/work/koda/koda/crates/agent_servers)
Linux build and workspace tests	Build Zed	2026-10-07T18:30:41.1354517Z [1m[92m   Compiling[0m wgpu-core-deps-windows-linux-android v29.0.4
Linux build and workspace tests	Build Zed	2026-10-07T18:30:41.6024774Z [1m[92m   Compiling[0m shell_command_parser v0.1.0 (/home/runner/work/koda/koda/crates/shell_command_parser)
Linux build and workspace tests	Build Zed	2026-10-07T18:30:42.6804141Z [1m[92m   Compiling[0m terminal_view v0.1.0 (/home/runner/work/koda/koda/crates/terminal_view)
Linux build and workspace tests	Build Zed	2026-10-07T18:30:48.1055963Z [1m[92m   Compiling[0m edit_prediction_context v0.1.0 (/home/runner/work/koda/koda/crates/edit_prediction_context)
Linux build and workspace tests	Build Zed	2026-10-07T18:30:48.1374890Z [1m[92m   Compiling[0m serde_yaml v0.9.34+deprecated
Linux build and workspace tests	Build Zed	2026-10-07T18:30:49.5874115Z [1m[92m   Compiling[0m streaming_diff v0.1.0 (/home/runner/work/koda/koda/crates/streaming_diff)
Linux build and workspace tests	Build Zed	2026-10-07T18:30:50.3373731Z [1m[92m   Compiling[0m nanoid v0.4.0
Linux build and workspace tests	Build Zed	2026-10-07T18:30:50.4780273Z [1m[92m   Compiling[0m half v2.7.1
Linux build and workspace tests	Build Zed	2026-10-07T18:30:50.8987255Z [1m[92m   Compiling[0m jsonschema-value v0.51.0
Linux build and workspace tests	Build Zed	2026-10-07T18:30:51.3043665Z [1m[92m   Compiling[0m referencing v0.51.0
Linux build and workspace tests	Build Zed	2026-10-07T18:30:51.5884284Z [1m[92m   Compiling[0m agent v0.1.0 (/home/runner/work/koda/koda/crates/agent)
Linux build and workspace tests	Build Zed	2026-10-07T18:30:52.1914111Z [1m[92m   Compiling[0m edit_prediction v0.1.0 (/home/runner/work/koda/koda/crates/edit_prediction)
Linux build and workspace tests	Build Zed	2026-10-07T18:30:52.7694015Z [1m[92m   Compiling[0m dev_container v0.1.0 (/home/runner/work/koda/koda/crates/dev_container)
Linux build and workspace tests	Build Zed	2026-10-07T18:30:57.8853766Z [1m[92m   Compiling[0m pxfm v0.1.25
Linux build and workspace tests	Build Zed	2026-10-07T18:30:59.3026917Z [1m[92m   Compiling[0m pathfinder_geometry v0.5.1
Linux build and workspace tests	Build Zed	2026-10-07T18:30:59.4643694Z [1m[92m   Compiling[0m wgpu-core v29.0.4
Linux build and workspace tests	Build Zed	2026-10-07T18:31:00.4543793Z [1m[92m   Compiling[0m atspi-proxies v0.13.0
Linux build and workspace tests	Build Zed	2026-10-07T18:31:02.0173733Z [1m[92m   Compiling[0m harfrust v0.5.0
Linux build and workspace tests	Build Zed	2026-10-07T18:31:05.9697808Z [1m[92m   Compiling[0m jupyter-protocol v1.4.0
Linux build and workspace tests	Build Zed	2026-10-07T18:31:08.9987518Z [1m[92m   Compiling[0m accesskit_consumer v0.38.0
Linux build and workspace tests	Build Zed	2026-10-07T18:31:09.0143721Z [1m[92m   Compiling[0m gethostname v1.1.0
Linux build and workspace tests	Build Zed	2026-10-07T18:31:09.0781159Z [1m[92m   Compiling[0m debugid v0.8.0
Linux build and workspace tests	Build Zed	2026-10-07T18:31:09.2359586Z [1m[92m   Compiling[0m process-reader v0.1.0
Linux build and workspace tests	Build Zed	2026-10-07T18:31:09.5493944Z [1m[92m   Compiling[0m email_address v0.2.9
Linux build and workspace tests	Build Zed	2026-10-07T18:31:09.6804251Z [1m[92m   Compiling[0m bytemuck v1.24.0
Linux build and workspace tests	Build Zed	2026-10-07T18:31:09.7784386Z [1m[92m   Compiling[0m cosmic-text v0.19.0
Linux build and workspace tests	Build Zed	2026-10-07T18:31:09.9431618Z [1m[92m   Compiling[0m qoi v0.4.1
Linux build and workspace tests	Build Zed	2026-10-07T18:31:09.9824194Z [1m[92m   Compiling[0m x11rb v0.13.2
Linux build and workspace tests	Build Zed	2026-10-07T18:31:10.1485246Z [1m[92m   Compiling[0m zed-font-kit v0.14.1-zed (https://github.com/zed-industries/font-kit?rev=94b0f28166665e8fd2f53ff6d268a14955c82269#94b0f281)
Linux build and workspace tests	Build Zed	2026-10-07T18:31:10.8951652Z [1m[92m   Compiling[0m goblin v0.9.3
Linux build and workspace tests	Build Zed	2026-10-07T18:31:11.8873548Z [1m[92m   Compiling[0m minidump-common v0.26.1
Linux build and workspace tests	Build Zed	2026-10-07T18:31:11.9869139Z [1m[92m   Compiling[0m jsonschema v0.51.0
Linux build and workspace tests	Build Zed	2026-10-07T18:31:14.6647672Z [1m[92m   Compiling[0m process-backend v0.1.0
Linux build and workspace tests	Build Zed	2026-10-07T18:31:14.9914569Z [1m[92m   Compiling[0m accesskit_atspi_common v0.19.1
Linux build and workspace tests	Build Zed	2026-10-07T18:31:15.2983964Z [1m[92m   Compiling[0m wgpu v29.0.4
Linux build and workspace tests	Build Zed	2026-10-07T18:31:16.0133678Z [1m[92m   Compiling[0m atspi v0.29.0
Linux build and workspace tests	Build Zed	2026-10-07T18:31:16.0843432Z [1m[92m   Compiling[0m moxcms v0.8.1
Linux build and workspace tests	Build Zed	2026-10-07T18:31:18.5193921Z [1m[92m   Compiling[0m recent_projects v0.1.0 (/home/runner/work/koda/koda/crates/recent_projects)
Linux build and workspace tests	Build Zed	2026-10-07T18:31:21.7957318Z [1m[92m   Compiling[0m num-bigint-dig v0.9.1
Linux build and workspace tests	Build Zed	2026-10-07T18:31:22.9844649Z [1m[92m   Compiling[0m xim-parser v0.2.1 (https://github.com/zed-industries/xim-rs.git?rev=16f35a2c881b815a2b6cdfd6687988e84f8447d8#16f35a2c)
Linux build and workspace tests	Build Zed	2026-10-07T18:31:23.9483879Z [1m[92m   Compiling[0m tiff v0.11.3
Linux build and workspace tests	Build Zed	2026-10-07T18:31:25.4783500Z [1m[92m   Compiling[0m ashpd v0.13.5
Linux build and workspace tests	Build Zed	2026-10-07T18:31:26.5214367Z [1m[92m   Compiling[0m command_palette v0.1.0 (/home/runner/work/koda/koda/crates/command_palette)
Linux build and workspace tests	Build Zed	2026-10-07T18:31:27.1673598Z [1m[92m   Compiling[0m pbkdf2 v0.12.2
Linux build and workspace tests	Build Zed	2026-10-07T18:31:27.2383670Z [1m[92m   Compiling[0m hkdf v0.12.4
Linux build and workspace tests	Build Zed	2026-10-07T18:31:27.3276653Z [1m[92m   Compiling[0m procfs-core v0.18.0
Linux build and workspace tests	Build Zed	2026-10-07T18:31:28.2927610Z [1m[92m   Compiling[0m calloop v0.14.3 (https://github.com/zed-industries/calloop#eb6b4fd1)
Linux build and workspace tests	Build Zed	2026-10-07T18:31:28.9843694Z [1m[92m   Compiling[0m error-graph v0.1.1
Linux build and workspace tests	Build Zed	2026-10-07T18:31:29.0840672Z [1m[92m   Compiling[0m pathdiff v0.2.3
Linux build and workspace tests	Build Zed	2026-10-07T18:31:29.1445652Z [1m[92m   Compiling[0m open v5.3.2
Linux build and workspace tests	Build Zed	2026-10-07T18:31:29.2753852Z [1m[92m   Compiling[0m system_specs v0.1.0 (/home/runner/work/koda/koda/crates/system_specs)
Linux build and workspace tests	Build Zed	2026-10-07T18:31:29.4337738Z [1m[92m   Compiling[0m oo7 v0.6.0
Linux build and workspace tests	Build Zed	2026-10-07T18:31:29.6744795Z [1m[92m   Compiling[0m zeromq v0.5.0
Linux build and workspace tests	Build Zed	2026-10-07T18:31:32.1733134Z [1m[92m   Compiling[0m calloop-wayland-source v0.4.1
Linux build and workspace tests	Build Zed	2026-10-07T18:31:32.2634439Z [1m[92m   Compiling[0m zed-xim v0.4.0-zed (https://github.com/zed-industries/xim-rs.git?rev=16f35a2c881b815a2b6cdfd6687988e84f8447d8#16f35a2c)
Linux build and workspace tests	Build Zed	2026-10-07T18:31:32.5084190Z [1m[92m   Compiling[0m gpui_wgpu v0.1.0 (/home/runner/work/koda/koda/crates/gpui_wgpu)
Linux build and workspace tests	Build Zed	2026-10-07T18:31:33.0861516Z [1m[92m   Compiling[0m minidump-writer v0.13.0
Linux build and workspace tests	Build Zed	2026-10-07T18:31:34.1483600Z [1m[92m   Compiling[0m accesskit_unix v0.22.1
Linux build and workspace tests	Build Zed	2026-10-07T18:31:34.5249975Z [1m[92m   Compiling[0m codestral v0.1.0 (/home/runner/work/koda/koda/crates/codestral)
Linux build and workspace tests	Build Zed	2026-10-07T18:31:35.8154667Z [1m[92m   Compiling[0m pet-uv v0.1.0 (https://github.com/zed-industries/python-environment-tools.git?rev=5aad7164bfc2a58977b103c8ef8fdd7302ed2e9f#5aad7164)
Linux build and workspace tests	Build Zed	2026-10-07T18:31:36.4022393Z [1m[92m   Compiling[0m pet-hatch v0.1.0 (https://github.com/zed-industries/python-environment-tools.git?rev=5aad7164bfc2a58977b103c8ef8fdd7302ed2e9f#5aad7164)
Linux build and workspace tests	Build Zed	2026-10-07T18:31:36.8964458Z [1m[92m   Compiling[0m wayland-cursor v0.31.11
Linux build and workspace tests	Build Zed	2026-10-07T18:31:37.0798118Z [1m[92m   Compiling[0m wayland-protocols-wlr v0.3.9
Linux build and workspace tests	Build Zed	2026-10-07T18:31:38.5523887Z [1m[92m   Compiling[0m wayland-protocols-plasma v0.3.9
Linux build and workspace tests	Build Zed	2026-10-07T18:31:39.1324938Z [1m[92m   Compiling[0m pet-global-virtualenvs v0.1.0 (https://github.com/zed-industries/python-environment-tools.git?rev=5aad7164bfc2a58977b103c8ef8fdd7302ed2e9f#5aad7164)
Linux build and workspace tests	Build Zed	2026-10-07T18:31:39.2980686Z [1m[92m   Compiling[0m pet-pyenv v0.1.0 (https://github.com/zed-industries/python-environment-tools.git?rev=5aad7164bfc2a58977b103c8ef8fdd7302ed2e9f#5aad7164)
Linux build and workspace tests	Build Zed	2026-10-07T18:31:39.3184727Z [1m[92m   Compiling[0m pet-pixi v0.1.0 (https://github.com/zed-industries/python-environment-tools.git?rev=5aad7164bfc2a58977b103c8ef8fdd7302ed2e9f#5aad7164)
Linux build and workspace tests	Build Zed	2026-10-07T18:31:39.4604607Z [1m[92m   Compiling[0m pet-env-var-path v0.1.0 (https://github.com/zed-industries/python-environment-tools.git?rev=5aad7164bfc2a58977b103c8ef8fdd7302ed2e9f#5aad7164)
Linux build and workspace tests	Build Zed	2026-10-07T18:31:39.5870057Z [1m[92m   Compiling[0m pet-homebrew v0.1.0 (https://github.com/zed-industries/python-environment-tools.git?rev=5aad7164bfc2a58977b103c8ef8fdd7302ed2e9f#5aad7164)
Linux build and workspace tests	Build Zed	2026-10-07T18:31:39.6205741Z [1m[92m   Compiling[0m notify-rust v4.18.0
Linux build and workspace tests	Build Zed	2026-10-07T18:31:39.9802688Z [1m[92m   Compiling[0m pet-poetry v0.1.0 (https://github.com/zed-industries/python-environment-tools.git?rev=5aad7164bfc2a58977b103c8ef8fdd7302ed2e9f#5aad7164)
Linux build and workspace tests	Build Zed	2026-10-07T18:31:40.7713978Z [1m[92m   Compiling[0m android_ui v0.1.0 (/home/runner/work/koda/koda/crates/android_ui)
Linux build and workspace tests	Build Zed	2026-10-07T18:31:40.9463920Z [1m[92m   Compiling[0m markdown_preview v0.1.0 (/home/runner/work/koda/koda/crates/markdown_preview)
Linux build and workspace tests	Build Zed	2026-10-07T18:31:41.6267428Z [1m[92m   Compiling[0m pet-pipenv v0.1.0 (https://github.com/zed-industries/python-environment-tools.git?rev=5aad7164bfc2a58977b103c8ef8fdd7302ed2e9f#5aad7164)
Linux build and workspace tests	Build Zed	2026-10-07T18:31:41.9184694Z [1m[92m   Compiling[0m pet-mac-python-org v0.1.0 (https://github.com/zed-industries/python-environment-tools.git?rev=5aad7164bfc2a58977b103c8ef8fdd7302ed2e9f#5aad7164)
Linux build and workspace tests	Build Zed	2026-10-07T18:31:42.1124761Z [1m[92m   Compiling[0m pet-linux-global-python v0.1.0 (https://github.com/zed-industries/python-environment-tools.git?rev=5aad7164bfc2a58977b103c8ef8fdd7302ed2e9f#5aad7164)
Linux build and workspace tests	Build Zed	2026-10-07T18:31:42.3590790Z [1m[92m   Compiling[0m pet-virtualenvwrapper v0.1.0 (https://github.com/zed-industries/python-environment-tools.git?rev=5aad7164bfc2a58977b103c8ef8fdd7302ed2e9f#5aad7164)
Linux build and workspace tests	Build Zed	2026-10-07T18:31:42.5214998Z [1m[92m   Compiling[0m pet-mac-commandlinetools v0.1.0 (https://github.com/zed-industries/python-environment-tools.git?rev=5aad7164bfc2a58977b103c8ef8fdd7302ed2e9f#5aad7164)
Linux build and workspace tests	Build Zed	2026-10-07T18:31:42.7219940Z [1m[92m   Compiling[0m pet-mac-xcode v0.1.0 (https://github.com/zed-industries/python-environment-tools.git?rev=5aad7164bfc2a58977b103c8ef8fdd7302ed2e9f#5aad7164)
Linux build and workspace tests	Build Zed	2026-10-07T18:31:42.8834907Z [1m[92m   Compiling[0m pet-venv v0.1.0 (https://github.com/zed-industries/python-environment-tools.git?rev=5aad7164bfc2a58977b103c8ef8fdd7302ed2e9f#5aad7164)
Linux build and workspace tests	Build Zed	2026-10-07T18:31:43.0160487Z [1m[92m   Compiling[0m json_schema_store v0.1.0 (/home/runner/work/koda/koda/crates/json_schema_store)
Linux build and workspace tests	Build Zed	2026-10-07T18:31:43.2371388Z [1m[92m   Compiling[0m pet-telemetry v0.1.0 (https://github.com/zed-industries/python-environment-tools.git?rev=5aad7164bfc2a58977b103c8ef8fdd7302ed2e9f#5aad7164)
Linux build and workspace tests	Build Zed	2026-10-07T18:31:43.3803631Z [1m[92m   Compiling[0m clap_complete v4.5.59
Linux build and workspace tests	Build Zed	2026-10-07T18:31:44.1441808Z [1m[92m   Compiling[0m env_filter v0.1.4
Linux build and workspace tests	Build Zed	2026-10-07T18:31:44.3691548Z [1m[92m   Compiling[0m env_logger v0.11.8
Linux build and workspace tests	Build Zed	2026-10-07T18:31:44.4243865Z [1m[92m   Compiling[0m minidumper v0.11.0
Linux build and workspace tests	Build Zed	2026-10-07T18:31:44.8913836Z [1m[92m   Compiling[0m gpui_linux v0.1.0 (/home/runner/work/koda/koda/crates/gpui_linux)
Linux build and workspace tests	Build Zed	2026-10-07T18:31:50.3072127Z [1m[92m   Compiling[0m clap_complete_nushell v4.6.0
Linux build and workspace tests	Build Zed	2026-10-07T18:31:50.5224478Z [1m[92m   Compiling[0m pet v0.1.0 (https://github.com/zed-industries/python-environment-tools.git?rev=5aad7164bfc2a58977b103c8ef8fdd7302ed2e9f#5aad7164)
Linux build and workspace tests	Build Zed	2026-10-07T18:31:50.8814057Z [1m[92m   Compiling[0m zed v1.23.0 (/home/runner/work/koda/koda/crates/zed)
Linux build and workspace tests	Build Zed	2026-10-07T18:31:51.7884543Z [1m[92m   Compiling[0m edit_prediction_ui v0.1.0 (/home/runner/work/koda/koda/crates/edit_prediction_ui)
Linux build and workspace tests	Build Zed	2026-10-07T18:31:53.8173977Z [1m[92m   Compiling[0m grammars v0.1.0 (/home/runner/work/koda/koda/crates/grammars)
Linux build and workspace tests	Build Zed	2026-10-07T18:31:54.1223987Z [1m[92m   Compiling[0m runtimelib v1.4.0
Linux build and workspace tests	Build Zed	2026-10-07T18:31:54.6373901Z [1m[92m   Compiling[0m crash-handler v0.8.0
Linux build and workspace tests	Build Zed	2026-10-07T18:31:54.8739088Z [1m[92m   Compiling[0m jupyter-websocket-client v1.1.0
Linux build and workspace tests	Build Zed	2026-10-07T18:31:54.8883613Z [1m[92m   Compiling[0m nbformat v1.2.0
Linux build and workspace tests	Build Zed	2026-10-07T18:31:55.3074645Z [1m[92m   Compiling[0m time_format v0.1.0 (/home/runner/work/koda/koda/crates/time_format)
Linux build and workspace tests	Build Zed	2026-10-07T18:31:55.4733733Z [1m[92m   Compiling[0m ipc-channel v0.19.0
Linux build and workspace tests	Build Zed	2026-10-07T18:31:55.8864138Z [1m[92m   Compiling[0m outline v0.1.0 (/home/runner/work/koda/koda/crates/outline)
Linux build and workspace tests	Build Zed	2026-10-07T18:31:56.1424159Z [1m[92m   Compiling[0m debugger_tools v0.1.0 (/home/runner/work/koda/koda/crates/debugger_tools)
Linux build and workspace tests	Build Zed	2026-10-07T18:31:56.7288371Z [1m[92m   Compiling[0m tasks_ui v0.1.0 (/home/runner/work/koda/koda/crates/tasks_ui)
Linux build and workspace tests	Build Zed	2026-10-07T18:31:57.7853960Z [1m[92m   Compiling[0m extension_suggest v0.1.0 (/home/runner/work/koda/koda/crates/extension_suggest)
Linux build and workspace tests	Build Zed	2026-10-07T18:31:57.9908412Z [1m[92m   Compiling[0m dap_adapters v0.1.0 (/home/runner/work/koda/koda/crates/dap_adapters)
Linux build and workspace tests	Build Zed	2026-10-07T18:31:58.0126732Z [1m[92m   Compiling[0m cli v0.1.0 (/home/runner/work/koda/koda/crates/cli)
Linux build and workspace tests	Build Zed	2026-10-07T18:31:58.3494907Z [1m[92m   Compiling[0m libwebrtc v0.3.26 (https://github.com/zed-industries/livekit-rust-sdks?rev=0a1c519cfce9b365229026b55de9b9dbdb6fed3c#0a1c519c)
Linux build and workspace tests	Build Zed	2026-10-07T18:31:58.5983991Z [1m[92m   Compiling[0m debugger_ui v0.1.0 (/home/runner/work/koda/koda/crates/debugger_ui)
Linux build and workspace tests	Build Zed	2026-10-07T18:31:59.0613849Z [1m[92m   Compiling[0m extensions_ui v0.1.0 (/home/runner/work/koda/koda/crates/extensions_ui)
Linux build and workspace tests	Build Zed	2026-10-07T18:32:00.6714354Z [1m[92m   Compiling[0m audio v0.1.0 (/home/runner/work/koda/koda/crates/audio)
Linux build and workspace tests	Build Zed	2026-10-07T18:32:00.7684779Z [1m[92m   Compiling[0m livekit v0.7.32 (https://github.com/zed-industries/livekit-rust-sdks?rev=0a1c519cfce9b365229026b55de9b9dbdb6fed3c#0a1c519c)
Linux build and workspace tests	Build Zed	2026-10-07T18:32:02.0094037Z [1m[92m   Compiling[0m agent_ui v0.1.0 (/home/runner/work/koda/koda/crates/agent_ui)
Linux build and workspace tests	Build Zed	2026-10-07T18:32:02.9654016Z [1m[92m   Compiling[0m settings_ui v0.1.0 (/home/runner/work/koda/koda/crates/settings_ui)
Linux build and workspace tests	Build Zed	2026-10-07T18:32:09.0480912Z [1m[92m   Compiling[0m livekit_client v0.1.0 (/home/runner/work/koda/koda/crates/livekit_client)
Linux build and workspace tests	Build Zed	2026-10-07T18:32:09.2727836Z [1m[92m   Compiling[0m outline_panel v0.1.0 (/home/runner/work/koda/koda/crates/outline_panel)
Linux build and workspace tests	Build Zed	2026-10-07T18:32:11.2444807Z [1m[92m   Compiling[0m call v0.1.0 (/home/runner/work/koda/koda/crates/call)
Linux build and workspace tests	Build Zed	2026-10-07T18:32:13.4084235Z [1m[92m   Compiling[0m repl v0.1.0 (/home/runner/work/koda/koda/crates/repl)
Linux build and workspace tests	Build Zed	2026-10-07T18:32:17.1785370Z [1m[92m   Compiling[0m title_bar v0.1.0 (/home/runner/work/koda/koda/crates/title_bar)
Linux build and workspace tests	Build Zed	2026-10-07T18:32:20.7935339Z [1m[92m   Compiling[0m collab_ui v0.1.0 (/home/runner/work/koda/koda/crates/collab_ui)
Linux build and workspace tests	Build Zed	2026-10-07T18:32:20.8854204Z [1m[92m   Compiling[0m acp_tools v0.1.0 (/home/runner/work/koda/koda/crates/acp_tools)
Linux build and workspace tests	Build Zed	2026-10-07T18:32:22.3463405Z [1m[92m   Compiling[0m sidebar v0.1.0 (/home/runner/work/koda/koda/crates/sidebar)
Linux build and workspace tests	Build Zed	2026-10-07T18:32:22.9308743Z [1m[92m   Compiling[0m git_ui v0.1.0 (/home/runner/work/koda/koda/crates/git_ui)
Linux build and workspace tests	Build Zed	2026-10-07T18:32:27.3338681Z [1m[92m   Compiling[0m crashes v0.1.0 (/home/runner/work/koda/koda/crates/crashes)
Linux build and workspace tests	Build Zed	2026-10-07T18:32:28.2023791Z [1m[92m   Compiling[0m languages v0.1.0 (/home/runner/work/koda/koda/crates/languages)
Linux build and workspace tests	Build Zed	2026-10-07T18:32:28.8904358Z [1m[92m   Compiling[0m gpui_platform v0.1.0 (/home/runner/work/koda/koda/crates/gpui_platform)
Linux build and workspace tests	Build Zed	2026-10-07T18:32:29.1994124Z [1m[92m   Compiling[0m reqwest_client v0.1.0 (/home/runner/work/koda/koda/crates/reqwest_client)
Linux build and workspace tests	Build Zed	2026-10-07T18:32:29.6814571Z [1m[92m   Compiling[0m vim v0.1.0 (/home/runner/work/koda/koda/crates/vim)
Linux build and workspace tests	Build Zed	2026-10-07T18:32:35.7079872Z [1m[92m   Compiling[0m keymap_editor v0.1.0 (/home/runner/work/koda/koda/crates/keymap_editor)
Linux build and workspace tests	Build Zed	2026-10-07T18:32:36.0784070Z [1m[92m   Compiling[0m project_panel v0.1.0 (/home/runner/work/koda/koda/crates/project_panel)
Linux build and workspace tests	Build Zed	2026-10-07T18:32:39.2096414Z [1m[92m   Compiling[0m auto_update_ui v0.1.0 (/home/runner/work/koda/koda/crates/auto_update_ui)
Linux build and workspace tests	Build Zed	2026-10-07T18:32:40.5383855Z [1m[92m   Compiling[0m feedback v0.1.0 (/home/runner/work/koda/koda/crates/feedback)
Linux build and workspace tests	Build Zed	2026-10-07T18:32:41.5364334Z [1m[92m   Compiling[0m which_key v0.1.0 (/home/runner/work/koda/koda/crates/which_key)
Linux build and workspace tests	Build Zed	2026-10-07T18:32:41.9830865Z [1m[92m   Compiling[0m language_tools v0.1.0 (/home/runner/work/koda/koda/crates/language_tools)
Linux build and workspace tests	Build Zed	2026-10-07T18:32:43.1434356Z [1m[92m   Compiling[0m web_search_providers v0.1.0 (/home/runner/work/koda/koda/crates/web_search_providers)
Linux build and workspace tests	Build Zed	2026-10-07T18:32:43.8684269Z [1m[92m   Compiling[0m toolchain_selector v0.1.0 (/home/runner/work/koda/koda/crates/toolchain_selector)
Linux build and workspace tests	Build Zed	2026-10-07T18:32:44.2118597Z [1m[92m   Compiling[0m file_finder v0.1.0 (/home/runner/work/koda/koda/crates/file_finder)
Linux build and workspace tests	Build Zed	2026-10-07T18:32:45.3124016Z [1m[92m   Compiling[0m snippets_ui v0.1.0 (/home/runner/work/koda/koda/crates/snippets_ui)
Linux build and workspace tests	Build Zed	2026-10-07T18:32:46.0698002Z [1m[92m   Compiling[0m language_selector v0.1.0 (/home/runner/work/koda/koda/crates/language_selector)
Linux build and workspace tests	Build Zed	2026-10-07T18:32:46.7043187Z [1m[92m   Compiling[0m activity_indicator v0.1.0 (/home/runner/work/koda/koda/crates/activity_indicator)
Linux build and workspace tests	Build Zed	2026-10-07T18:32:46.7487928Z [1m[92m   Compiling[0m lsp_locations v0.1.0 (/home/runner/work/koda/koda/crates/lsp_locations)
Linux build and workspace tests	Build Zed	2026-10-07T18:32:46.7726977Z [1m[92m   Compiling[0m project_symbols v0.1.0 (/home/runner/work/koda/koda/crates/project_symbols)
Linux build and workspace tests	Build Zed	2026-10-07T18:32:47.6137655Z [1m[92m   Compiling[0m line_ending_selector v0.1.0 (/home/runner/work/koda/koda/crates/line_ending_selector)
Linux build and workspace tests	Build Zed	2026-10-07T18:32:48.1564323Z [1m[92m   Compiling[0m tabular_data_preview v0.1.0 (/home/runner/work/koda/koda/crates/tabular_data_preview)
Linux build and workspace tests	Build Zed	2026-10-07T18:32:48.2959609Z [1m[92m   Compiling[0m inspector_ui v0.1.0 (/home/runner/work/koda/koda/crates/inspector_ui)
Linux build and workspace tests	Build Zed	2026-10-07T18:32:48.6340428Z [1m[92m   Compiling[0m go_to_line v0.1.0 (/home/runner/work/koda/koda/crates/go_to_line)
Linux build and workspace tests	Build Zed	2026-10-07T18:32:49.1193723Z [1m[92m   Compiling[0m diagnostics v0.1.0 (/home/runner/work/koda/koda/crates/diagnostics)
Linux build and workspace tests	Build Zed	2026-10-07T18:32:49.9305028Z [1m[92m   Compiling[0m journal v0.1.0 (/home/runner/work/koda/koda/crates/journal)
Linux build and workspace tests	Build Zed	2026-10-07T18:32:50.9754106Z [1m[92m   Compiling[0m tab_switcher v0.1.0 (/home/runner/work/koda/koda/crates/tab_switcher)
Linux build and workspace tests	Build Zed	2026-10-07T18:32:51.2558819Z [1m[92m   Compiling[0m language_onboarding v0.1.0 (/home/runner/work/koda/koda/crates/language_onboarding)
Linux build and workspace tests	Build Zed	2026-10-07T18:32:52.0831639Z [1m[92m   Compiling[0m encoding_selector v0.1.0 (/home/runner/work/koda/koda/crates/encoding_selector)
Linux build and workspace tests	Build Zed	2026-10-07T18:32:52.0953941Z [1m[92m   Compiling[0m call_hierarchy v0.1.0 (/home/runner/work/koda/koda/crates/call_hierarchy)
Linux build and workspace tests	Build Zed	2026-10-07T18:32:52.9097200Z [1m[92m   Compiling[0m image_viewer v0.1.0 (/home/runner/work/koda/koda/crates/image_viewer)
Linux build and workspace tests	Build Zed	2026-10-07T18:32:53.7024197Z [1m[92m   Compiling[0m lsp_command_selector v0.1.0 (/home/runner/work/koda/koda/crates/lsp_command_selector)
Linux build and workspace tests	Build Zed	2026-10-07T18:32:54.1234228Z [1m[92m   Compiling[0m component_preview v0.1.0 (/home/runner/work/koda/koda/crates/component_preview)
Linux build and workspace tests	Build Zed	2026-10-07T18:32:54.4133786Z [1m[92m   Compiling[0m onboarding v0.1.0 (/home/runner/work/koda/koda/crates/onboarding)
Linux build and workspace tests	Build Zed	2026-10-07T18:32:54.6107587Z [1m[92m   Compiling[0m miniprofiler_ui v0.1.0 (/home/runner/work/koda/koda/crates/miniprofiler_ui)
Linux build and workspace tests	Build Zed	2026-10-07T18:32:55.4214345Z [1m[92m   Compiling[0m settings_profile_selector v0.1.0 (/home/runner/work/koda/koda/crates/settings_profile_selector)
Linux build and workspace tests	Build Zed	2026-10-07T18:32:55.8316751Z [1m[92m   Compiling[0m theme_selector v0.1.0 (/home/runner/work/koda/koda/crates/theme_selector)
Linux build and workspace tests	Build Zed	2026-10-07T18:32:55.9422289Z [1m[92m   Compiling[0m install_cli v0.1.0 (/home/runner/work/koda/koda/crates/install_cli)
Linux build and workspace tests	Build Zed	2026-10-07T18:32:56.9415831Z [1m[92m   Compiling[0m svg_preview v0.1.0 (/home/runner/work/koda/koda/crates/svg_preview)
Linux build and workspace tests	Build Zed	2026-10-07T18:32:56.9823949Z [1m[92m   Compiling[0m ui_prompt v0.1.0 (/home/runner/work/koda/koda/crates/ui_prompt)
Linux build and workspace tests	Build Zed	2026-10-07T18:32:57.8840744Z [1m[92m   Compiling[0m language_extension v0.1.0 (/home/runner/work/koda/koda/crates/language_extension)
Linux build and workspace tests	Build Zed	2026-10-07T18:32:57.9252617Z [1m[92m   Compiling[0m theme_extension v0.1.0 (/home/runner/work/koda/koda/crates/theme_extension)
Linux build and workspace tests	Build Zed	2026-10-07T18:32:57.9457579Z [1m[92m   Compiling[0m debug_adapter_extension v0.1.0 (/home/runner/work/koda/koda/crates/debug_adapter_extension)
Linux build and workspace tests	Build Zed	2026-10-07T18:32:58.3274728Z [1m[92m   Compiling[0m zlog_settings v0.1.0 (/home/runner/work/koda/koda/crates/zlog_settings)
Linux build and workspace tests	Build Zed	2026-10-07T18:32:58.5303904Z [1m[92m   Compiling[0m input_latency_ui v0.1.0 (/home/runner/work/koda/koda/crates/input_latency_ui)
Linux build and workspace tests	Build Zed	2026-10-07T18:32:58.5604089Z [1m[92m   Compiling[0m hang_telemetry v0.1.0 (/home/runner/work/koda/koda/crates/hang_telemetry)
Linux build and workspace tests	Build Zed	2026-10-07T18:33:16.3145263Z [1m[92m    Finished[0m `dev` profile [unoptimized] target(s) in 9m 46s
Linux build and workspace tests	Build Zed	2026-10-07T18:33:16.4726912Z Linux app build: 586.6s (exit 0)
Linux build and workspace tests	Post Run actions/setup-node@48b55a011bda9f5d6aeb4c2d9c7362e8dae4041e	﻿2026-10-07T18:33:16.5093104Z Post job cleanup.
Linux build and workspace tests	Post Run actions/checkout@93cb6efe18208431cddfb8368fd83d5badbf9bfd	﻿2026-10-07T18:33:16.7667773Z Post job cleanup.
Linux build and workspace tests	Post Run actions/checkout@93cb6efe18208431cddfb8368fd83d5badbf9bfd	2026-10-07T18:33:16.8625814Z [command]/usr/bin/git version
Linux build and workspace tests	Post Run actions/checkout@93cb6efe18208431cddfb8368fd83d5badbf9bfd	2026-10-07T18:33:16.8672565Z git version 2.55.0
Linux build and workspace tests	Post Run actions/checkout@93cb6efe18208431cddfb8368fd83d5badbf9bfd	2026-10-07T18:33:16.8719841Z Temporarily overriding HOME='/home/runner/work/_temp/c628c853-d83b-4f96-a944-157ded5caa97' before making global git config changes
Linux build and workspace tests	Post Run actions/checkout@93cb6efe18208431cddfb8368fd83d5badbf9bfd	2026-10-07T18:33:16.8721371Z Adding repository directory to the temporary git global config as a safe directory
Linux build and workspace tests	Post Run actions/checkout@93cb6efe18208431cddfb8368fd83d5badbf9bfd	2026-10-07T18:33:16.8722349Z [command]/usr/bin/git config --global --add safe.directory /home/runner/work/koda/koda
Linux build and workspace tests	Post Run actions/checkout@93cb6efe18208431cddfb8368fd83d5badbf9bfd	2026-10-07T18:33:16.8762606Z [command]/usr/bin/git config --local --name-only --get-regexp core\.sshCommand
Linux build and workspace tests	Post Run actions/checkout@93cb6efe18208431cddfb8368fd83d5badbf9bfd	2026-10-07T18:33:16.8800319Z [command]/usr/bin/git submodule foreach --recursive sh -c "git config --local --name-only --get-regexp 'core\.sshCommand' && git config --local --unset-all 'core.sshCommand' || :"
Linux build and workspace tests	Post Run actions/checkout@93cb6efe18208431cddfb8368fd83d5badbf9bfd	2026-10-07T18:33:16.9223425Z [command]/usr/bin/git config --local --name-only --get-regexp http\.https\:\/\/github\.com\/\.extraheader
Linux build and workspace tests	Post Run actions/checkout@93cb6efe18208431cddfb8368fd83d5badbf9bfd	2026-10-07T18:33:16.9257241Z [command]/usr/bin/git submodule foreach --recursive sh -c "git config --local --name-only --get-regexp 'http\.https\:\/\/github\.com\/\.extraheader' && git config --local --unset-all 'http.https://github.com/.extraheader' || :"
Linux build and workspace tests	Post Run actions/checkout@93cb6efe18208431cddfb8368fd83d5badbf9bfd	2026-10-07T18:33:16.9547641Z [command]/usr/bin/git config --local --name-only --get-regexp ^includeIf\.gitdir:
Linux build and workspace tests	Post Run actions/checkout@93cb6efe18208431cddfb8368fd83d5badbf9bfd	2026-10-07T18:33:16.9598214Z [command]/usr/bin/git submodule foreach --recursive git config --local --show-origin --name-only --get-regexp remote.origin.url
Linux build and workspace tests	Stop containers	﻿2026-10-07T18:33:17.0042777Z Print service container logs: 9ffde3fa4b8043d7be388e7c19c84861_postgres15sha2561b92e7a80c021647bf70f5d3eb66066a998e4f5cf43c07bb9dc9f729782cf88e_fac82d
Linux build and workspace tests	Stop containers	2026-10-07T18:33:17.0052646Z ##[command]/usr/bin/docker logs --details ed2d3f3e4b121a44eb120f74182f91010c1dff36250c00e1808ce2bdb5cb06c4
Linux build and workspace tests	Stop containers	2026-10-07T18:33:17.1321900Z  ********************************************************************************
Linux build and workspace tests	Stop containers	2026-10-07T18:33:17.1322912Z  WARNING: POSTGRES_HOST_AUTH_METHOD has been set to "trust". This will allow
Linux build and workspace tests	Stop containers	2026-10-07T18:33:17.1323714Z           anyone with access to the Postgres port to access your database without
Linux build and workspace tests	Stop containers	2026-10-07T18:33:17.1324472Z           a password, even if POSTGRES_PASSWORD is set. See PostgreSQL
Linux build and workspace tests	Stop containers	2026-10-07T18:33:17.1324923Z           documentation about "trust":
Linux build and workspace tests	Stop containers	2026-10-07T18:33:17.1325412Z           https://www.postgresql.org/docs/current/auth-trust.html
Linux build and workspace tests	Stop containers	2026-10-07T18:33:17.1325919Z           In Docker's default configuration, this is effectively any other
Linux build and workspace tests	Stop containers	2026-10-07T18:33:17.1326292Z           container on the same system.
Linux build and workspace tests	Stop containers	2026-10-07T18:33:17.1326614Z  
Linux build and workspace tests	Stop containers	2026-10-07T18:33:17.1326902Z           It is not recommended to use POSTGRES_HOST_AUTH_METHOD=trust. Replace
Linux build and workspace tests	Stop containers	2026-10-07T18:33:17.1327397Z           it with "-e POSTGRES_PASSWORD=password" instead to set a password in
Linux build and workspace tests	Stop containers	2026-10-07T18:33:17.1327763Z           "docker run".
Linux build and workspace tests	Stop containers	2026-10-07T18:33:17.1328030Z  ********************************************************************************
Linux build and workspace tests	Stop containers	2026-10-07T18:33:17.1328435Z  initdb: warning: enabling "trust" authentication for local connections
Linux build and workspace tests	Stop containers	2026-10-07T18:33:17.1329122Z  initdb: hint: You can change this by editing pg_hba.conf or using the option -A, or --auth-local and --auth-host, the next time you run initdb.
Linux build and workspace tests	Stop containers	2026-10-07T18:33:17.1329839Z  The files belonging to this database system will be owned by user "postgres".
Linux build and workspace tests	Stop containers	2026-10-07T18:33:17.1330656Z  2026-10-07 17:22:51.958 UTC [1] LOG:  starting PostgreSQL 15.18 (Debian 15.18-1.pgdg13+1) on x86_64-pc-linux-gnu, compiled by gcc (Debian 14.2.0-19) 14.2.0, 64-bit
Linux build and workspace tests	Stop containers	2026-10-07T18:33:17.1331352Z  2026-10-07 17:22:51.958 UTC [1] LOG:  listening on IPv4 address "0.0.0.0", port 5432
Linux build and workspace tests	Stop containers	2026-10-07T18:33:17.1331803Z  2026-10-07 17:22:51.958 UTC [1] LOG:  listening on IPv6 address "::", port 5432
Linux build and workspace tests	Stop containers	2026-10-07T18:33:17.1332531Z  2026-10-07 17:22:51.959 UTC [1] LOG:  listening on Unix socket "/var/run/postgresql/.s.PGSQL.5432"
Linux build and workspace tests	Stop containers	2026-10-07T18:33:17.1333392Z  2026-10-07 17:22:51.961 UTC [63] LOG:  database system was shut down at 2026-10-07 17:22:51 UTC
Linux build and workspace tests	Stop containers	2026-10-07T18:33:17.1333996Z  2026-10-07 17:22:51.965 UTC [1] LOG:  database system is ready to accept connections
Linux build and workspace tests	Stop containers	2026-10-07T18:33:17.1334432Z  2026-10-07 17:27:52.050 UTC [61] LOG:  checkpoint starting: time
Linux build and workspace tests	Stop containers	2026-10-07T18:33:17.1335317Z  2026-10-07 17:27:56.061 UTC [61] LOG:  checkpoint complete: wrote 43 buffers (0.3%); 0 WAL file(s) added, 0 removed, 0 recycled; write=4.009 s, sync=0.001 s, total=4.011 s; sync files=11, longest=0.001 s, average=0.001 s; distance=252 kB, estimate=252 kB
Linux build and workspace tests	Stop containers	2026-10-07T18:33:17.1336224Z  2026-10-07 17:54:29.767 UTC [61] LOG:  checkpoint starting: immediate force wait
Linux build and workspace tests	Stop containers	2026-10-07T18:33:17.1337477Z  2026-10-07 17:54:29.881 UTC [61] LOG:  checkpoint complete: wrote 3170 buffers (19.3%); 0 WAL file(s) added, 0 removed, 1 recycled; write=0.093 s, sync=0.019 s, total=0.115 s; sync files=1414, longest=0.002 s, average=0.001 s; distance=20936 kB, estimate=20936 kB
Linux build and workspace tests	Stop containers	2026-10-07T18:33:17.1338431Z  2026-10-07 17:54:29.931 UTC [61] LOG:  checkpoint starting: immediate force wait
Linux build and workspace tests	Stop containers	2026-10-07T18:33:17.1339349Z  2026-10-07 17:54:29.941 UTC [61] LOG:  checkpoint complete: wrote 87 buffers (0.5%); 0 WAL file(s) added, 0 removed, 0 recycled; write=0.005 s, sync=0.001 s, total=0.011 s; sync files=56, longest=0.001 s, average=0.001 s; distance=104 kB, estimate=18853 kB
Linux build and workspace tests	Stop containers	2026-10-07T18:33:17.1340241Z  2026-10-07 17:54:29.944 UTC [61] LOG:  checkpoint starting: immediate force wait
Linux build and workspace tests	Stop containers	2026-10-07T18:33:17.1341122Z  2026-10-07 17:54:29.951 UTC [61] LOG:  checkpoint complete: wrote 5 buffers (0.0%); 0 WAL file(s) added, 0 removed, 0 recycled; write=0.004 s, sync=0.001 s, total=0.007 s; sync files=5, longest=0.001 s, average=0.001 s; distance=1 kB, estimate=16968 kB
Linux build and workspace tests	Stop containers	2026-10-07T18:33:17.1342454Z  2026-10-07 17:54:30.018 UTC [61] LOG:  checkpoint starting: immediate force wait
Linux build and workspace tests	Stop containers	2026-10-07T18:33:17.1343328Z  2026-10-07 17:54:30.025 UTC [61] LOG:  checkpoint complete: wrote 2 buffers (0.0%); 0 WAL file(s) added, 0 removed, 0 recycled; write=0.002 s, sync=0.002 s, total=0.008 s; sync files=2, longest=0.002 s, average=0.001 s; distance=4 kB, estimate=15271 kB
Linux build and workspace tests	Stop containers	2026-10-07T18:33:17.1344230Z  2026-10-07 17:54:31.036 UTC [61] LOG:  checkpoint starting: immediate force wait
Linux build and workspace tests	Stop containers	2026-10-07T18:33:17.1345147Z  2026-10-07 17:54:31.143 UTC [61] LOG:  checkpoint complete: wrote 3164 buffers (19.3%); 0 WAL file(s) added, 0 removed, 1 recycled; write=0.090 s, sync=0.013 s, total=0.107 s; sync files=1414, longest=0.002 s, average=0.001 s; distance=20926 kB, estimate=20926 kB
Linux build and workspace tests	Stop containers	2026-10-07T18:33:17.1346049Z  2026-10-07 17:54:31.262 UTC [61] LOG:  checkpoint starting: immediate force wait
Linux build and workspace tests	Stop containers	2026-10-07T18:33:17.1347619Z  2026-10-07 17:54:31.266 UTC [61] LOG:  checkpoint complete: wrote 55 buffers (0.3%); 0 WAL file(s) added, 0 removed, 0 recycled; write=0.002 s, sync=0.001 s, total=0.004 s; sync files=31, longest=0.001 s, average=0.001 s; distance=45 kB, estimate=18838 kB
Linux build and workspace tests	Stop containers	2026-10-07T18:33:17.1348957Z  2026-10-07 17:54:31.425 UTC [61] LOG:  checkpoint starting: immediate force wait
Linux build and workspace tests	Stop containers	2026-10-07T18:33:17.1349877Z  2026-10-07 17:54:31.446 UTC [61] LOG:  checkpoint complete: wrote 163 buffers (1.0%); 0 WAL file(s) added, 0 removed, 0 recycled; write=0.005 s, sync=0.012 s, total=0.022 s; sync files=90, longest=0.003 s, average=0.001 s; distance=799 kB, estimate=17034 kB
Linux build and workspace tests	Stop containers	2026-10-07T18:33:17.1350771Z  2026-10-07 17:54:31.462 UTC [61] LOG:  checkpoint starting: immediate force wait
Linux build and workspace tests	Stop containers	2026-10-07T18:33:17.1351658Z  2026-10-07 17:54:31.516 UTC [61] LOG:  checkpoint complete: wrote 690 buffers (4.2%); 0 WAL file(s) added, 0 removed, 1 recycled; write=0.033 s, sync=0.018 s, total=0.055 s; sync files=234, longest=0.003 s, average=0.001 s; distance=2623 kB, estimate=15593 kB
Linux build and workspace tests	Stop containers	2026-10-07T18:33:17.1352739Z  2026-10-07 17:54:32.430 UTC [61] LOG:  checkpoint starting: immediate force wait
Linux build and workspace tests	Stop containers	2026-10-07T18:33:17.1353639Z  2026-10-07 17:54:32.673 UTC [61] LOG:  checkpoint complete: wrote 2036 buffers (12.4%); 0 WAL file(s) added, 0 removed, 1 recycled; write=0.077 s, sync=0.024 s, total=0.244 s; sync files=930, longest=0.003 s, average=0.001 s; distance=17488 kB, estimate=17488 kB
Linux build and workspace tests	Stop containers	2026-10-07T18:33:17.1354542Z  2026-10-07 17:54:32.676 UTC [61] LOG:  checkpoint starting: immediate force wait
Linux build and workspace tests	Stop containers	2026-10-07T18:33:17.1355414Z  2026-10-07 17:54:32.693 UTC [61] LOG:  checkpoint complete: wrote 80 buffers (0.5%); 0 WAL file(s) added, 0 removed, 0 recycled; write=0.006 s, sync=0.004 s, total=0.018 s; sync files=49, longest=0.004 s, average=0.001 s; distance=657 kB, estimate=15805 kB
Linux build and workspace tests	Stop containers	2026-10-07T18:33:17.1356302Z  2026-10-07 17:54:33.368 UTC [61] LOG:  checkpoint starting: immediate force wait
Linux build and workspace tests	Stop containers	2026-10-07T18:33:17.1357197Z  2026-10-07 17:54:33.504 UTC [61] LOG:  checkpoint complete: wrote 2120 buffers (12.9%); 0 WAL file(s) added, 0 removed, 0 recycled; write=0.094 s, sync=0.041 s, total=0.137 s; sync files=967, longest=0.004 s, average=0.001 s; distance=10576 kB, estimate=15282 kB
Linux build and workspace tests	Stop containers	2026-10-07T18:33:17.1358240Z  2026-10-07 17:54:33.610 UTC [61] LOG:  checkpoint starting: immediate force wait
Linux build and workspace tests	Stop containers	2026-10-07T18:33:17.1359101Z  2026-10-07 17:54:33.615 UTC [61] LOG:  checkpoint complete: wrote 83 buffers (0.5%); 0 WAL file(s) added, 0 removed, 0 recycled; write=0.002 s, sync=0.001 s, total=0.005 s; sync files=38, longest=0.001 s, average=0.001 s; distance=495 kB, estimate=13803 kB
Linux build and workspace tests	Stop containers	2026-10-07T18:33:17.1359973Z  2026-10-07 17:54:33.630 UTC [61] LOG:  checkpoint starting: immediate force wait
Linux build and workspace tests	Stop containers	2026-10-07T18:33:17.1360848Z  2026-10-07 17:54:33.638 UTC [61] LOG:  checkpoint complete: wrote 3 buffers (0.0%); 0 WAL file(s) added, 0 removed, 0 recycled; write=0.002 s, sync=0.002 s, total=0.008 s; sync files=3, longest=0.002 s, average=0.001 s; distance=3 kB, estimate=12423 kB
Linux build and workspace tests	Stop containers	2026-10-07T18:33:17.1361872Z  2026-10-07 17:54:33.683 UTC [61] LOG:  checkpoint starting: immediate force wait
Linux build and workspace tests	Stop containers	2026-10-07T18:33:17.1363030Z  2026-10-07 17:54:33.686 UTC [61] LOG:  checkpoint complete: wrote 2 buffers (0.0%); 0 WAL file(s) added, 0 removed, 0 recycled; write=0.001 s, sync=0.001 s, total=0.003 s; sync files=2, longest=0.001 s, average=0.001 s; distance=6 kB, estimate=11182 kB
Linux build and workspace tests	Stop containers	2026-10-07T18:33:17.1363884Z  2026-10-07 17:59:33.786 UTC [61] LOG:  checkpoint starting: time
Linux build and workspace tests	Stop containers	2026-10-07T18:33:17.1364741Z  2026-10-07 17:59:33.891 UTC [61] LOG:  checkpoint complete: wrote 2 buffers (0.0%); 0 WAL file(s) added, 0 removed, 0 recycled; write=0.101 s, sync=0.001 s, total=0.106 s; sync files=2, longest=0.001 s, average=0.001 s; distance=0 kB, estimate=10063 kB
Linux build and workspace tests	Stop containers	2026-10-07T18:33:17.1365719Z  This user must also own the server process.
Linux build and workspace tests	Stop containers	2026-10-07T18:33:17.1365998Z  
Linux build and workspace tests	Stop containers	2026-10-07T18:33:17.1366281Z  The database cluster will be initialized with locale "en_US.utf8".
Linux build and workspace tests	Stop containers	2026-10-07T18:33:17.1366731Z  The default database encoding has accordingly been set to "UTF8".
Linux build and workspace tests	Stop containers	2026-10-07T18:33:17.1367161Z  The default text search configuration will be set to "english".
Linux build and workspace tests	Stop containers	2026-10-07T18:33:17.1367480Z  
Linux build and workspace tests	Stop containers	2026-10-07T18:33:17.1367678Z  Data page checksums are disabled.
Linux build and workspace tests	Stop containers	2026-10-07T18:33:17.1367921Z  
Linux build and workspace tests	Stop containers	2026-10-07T18:33:17.1368218Z  fixing permissions on existing directory /var/lib/postgresql/data ... ok
Linux build and workspace tests	Stop containers	2026-10-07T18:33:17.1368603Z  creating subdirectories ... ok
Linux build and workspace tests	Stop containers	2026-10-07T18:33:17.1368921Z  selecting dynamic shared memory implementation ... posix
Linux build and workspace tests	Stop containers	2026-10-07T18:33:17.1369267Z  selecting default max_connections ... 100
Linux build and workspace tests	Stop containers	2026-10-07T18:33:17.1369581Z  selecting default shared_buffers ... 128MB
Linux build and workspace tests	Stop containers	2026-10-07T18:33:17.1369868Z  selecting default time zone ... Etc/UTC
Linux build and workspace tests	Stop containers	2026-10-07T18:33:17.1370143Z  creating configuration files ... ok
Linux build and workspace tests	Stop containers	2026-10-07T18:33:17.1370418Z  running bootstrap script ... ok
Linux build and workspace tests	Stop containers	2026-10-07T18:33:17.1370716Z  performing post-bootstrap initialization ... ok
Linux build and workspace tests	Stop containers	2026-10-07T18:33:17.1371020Z  syncing data to disk ... ok
Linux build and workspace tests	Stop containers	2026-10-07T18:33:17.1371258Z  
Linux build and workspace tests	Stop containers	2026-10-07T18:33:17.1371434Z  
Linux build and workspace tests	Stop containers	2026-10-07T18:33:17.1371661Z  Success. You can now start the database server using:
Linux build and workspace tests	Stop containers	2026-10-07T18:33:17.1372121Z  
Linux build and workspace tests	Stop containers	2026-10-07T18:33:17.1372428Z      pg_ctl -D /var/lib/postgresql/data -l logfile start
Linux build and workspace tests	Stop containers	2026-10-07T18:33:17.1372726Z  
Linux build and workspace tests	Stop containers	2026-10-07T18:33:17.1373338Z  waiting for server to start....2026-10-07 17:22:51.719 UTC [49] LOG:  starting PostgreSQL 15.18 (Debian 15.18-1.pgdg13+1) on x86_64-pc-linux-gnu, compiled by gcc (Debian 14.2.0-19) 14.2.0, 64-bit
Linux build and workspace tests	Stop containers	2026-10-07T18:33:17.1374176Z  2026-10-07 17:22:51.720 UTC [49] LOG:  listening on Unix socket "/var/run/postgresql/.s.PGSQL.5432"
Linux build and workspace tests	Stop containers	2026-10-07T18:33:17.1374724Z  2026-10-07 17:22:51.722 UTC [52] LOG:  database system was shut down at 2026-10-07 17:22:51 UTC
Linux build and workspace tests	Stop containers	2026-10-07T18:33:17.1375218Z  2026-10-07 17:22:51.725 UTC [49] LOG:  database system is ready to accept connections
Linux build and workspace tests	Stop containers	2026-10-07T18:33:17.1375585Z   done
Linux build and workspace tests	Stop containers	2026-10-07T18:33:17.1375774Z  server started
Linux build and workspace tests	Stop containers	2026-10-07T18:33:17.1375972Z  
Linux build and workspace tests	Stop containers	2026-10-07T18:33:17.1376445Z  /usr/local/bin/docker-entrypoint.sh: ignoring /docker-entrypoint-initdb.d/*
Linux build and workspace tests	Stop containers	2026-10-07T18:33:17.1376834Z  
Linux build and workspace tests	Stop containers	2026-10-07T18:33:17.1377088Z  2026-10-07 17:22:51.837 UTC [49] LOG:  received fast shutdown request
Linux build and workspace tests	Stop containers	2026-10-07T18:33:17.1377597Z  waiting for server to shut down....2026-10-07 17:22:51.837 UTC [49] LOG:  aborting any active transactions
Linux build and workspace tests	Stop containers	2026-10-07T18:33:17.1378258Z  2026-10-07 17:22:51.839 UTC [49] LOG:  background worker "logical replication launcher" (PID 55) exited with exit code 1
Linux build and workspace tests	Stop containers	2026-10-07T18:33:17.1378775Z  2026-10-07 17:22:51.839 UTC [50] LOG:  shutting down
Linux build and workspace tests	Stop containers	2026-10-07T18:33:17.1379153Z  2026-10-07 17:22:51.840 UTC [50] LOG:  checkpoint starting: shutdown immediate
Linux build and workspace tests	Stop containers	2026-10-07T18:33:17.1380044Z  2026-10-07 17:22:51.841 UTC [50] LOG:  checkpoint complete: wrote 3 buffers (0.0%); 0 WAL file(s) added, 0 removed, 0 recycled; write=0.001 s, sync=0.001 s, total=0.002 s; sync files=2, longest=0.001 s, average=0.001 s; distance=0 kB, estimate=0 kB
Linux build and workspace tests	Stop containers	2026-10-07T18:33:17.1380900Z  2026-10-07 17:22:51.846 UTC [49] LOG:  database system is shut down
Linux build and workspace tests	Stop containers	2026-10-07T18:33:17.1381343Z   done
Linux build and workspace tests	Stop containers	2026-10-07T18:33:17.1381531Z  server stopped
Linux build and workspace tests	Stop containers	2026-10-07T18:33:17.1381726Z  
Linux build and workspace tests	Stop containers	2026-10-07T18:33:17.1382169Z  PostgreSQL init process complete; ready for start up.
Linux build and workspace tests	Stop containers	2026-10-07T18:33:17.1382474Z  
Linux build and workspace tests	Stop containers	2026-10-07T18:33:17.1388155Z Stop and remove container: 9ffde3fa4b8043d7be388e7c19c84861_postgres15sha2561b92e7a80c021647bf70f5d3eb66066a998e4f5cf43c07bb9dc9f729782cf88e_fac82d
Linux build and workspace tests	Stop containers	2026-10-07T18:33:17.1394188Z ##[command]/usr/bin/docker rm --force ed2d3f3e4b121a44eb120f74182f91010c1dff36250c00e1808ce2bdb5cb06c4
Linux build and workspace tests	Stop containers	2026-10-07T18:33:19.8858595Z ed2d3f3e4b121a44eb120f74182f91010c1dff36250c00e1808ce2bdb5cb06c4
Linux build and workspace tests	Stop containers	2026-10-07T18:33:19.8889045Z Remove container network: github_network_d99c9c3b50ef4c83963af7f51630ffae
Linux build and workspace tests	Stop containers	2026-10-07T18:33:19.8896586Z ##[command]/usr/bin/docker network rm github_network_d99c9c3b50ef4c83963af7f51630ffae
Linux build and workspace tests	Stop containers	2026-10-07T18:33:20.0095474Z github_network_d99c9c3b50ef4c83963af7f51630ffae
Linux build and workspace tests	Complete job	﻿2026-10-07T18:33:20.0187571Z Cleaning up orphan processes
Linux build and workspace tests	Complete job	2026-10-07T18:33:20.0609641Z ##[warning]Node.js 20 is deprecated. The following actions target Node.js 20 but are being forced to run on Node.js 24: actions/cache/restore@0057852bfaa89a56745cba8c7296529d2fc39830. For more information see: https://github.blog/changelog/2025-09-19-deprecation-of-node-20-on-github-actions-runners/
