2026-10-08T06:34:29.0589758Z Current runner version: '2.337.0'
2026-10-08T06:34:29.0614508Z ##[group]Runner Image Provisioner
2026-10-08T06:34:29.0615551Z Hosted Compute Agent
2026-10-08T06:34:29.0616145Z Version: 20261002.596
2026-10-08T06:34:29.0616832Z Commit: c3d12f3313a95f25162a1503be624f3b0617f8c0
2026-10-08T06:34:29.0617563Z Build Date: 2026-10-02T22:28:27Z
2026-10-08T06:34:29.0618525Z Worker ID: {2d472e02-eabc-4396-bbcb-de5f0e36303e}
2026-10-08T06:34:29.0619451Z Region: westus
2026-10-08T06:34:29.0620056Z Cloud: Azure
2026-10-08T06:34:29.0620777Z ##[endgroup]
2026-10-08T06:34:29.0622314Z ##[group]Operating System
2026-10-08T06:34:29.0622951Z Ubuntu
2026-10-08T06:34:29.0623608Z 24.04.5
2026-10-08T06:34:29.0624117Z LTS
2026-10-08T06:34:29.0624653Z ##[endgroup]
2026-10-08T06:34:29.0625218Z ##[group]Runner Image
2026-10-08T06:34:29.0625814Z Image: ubuntu-24.04
2026-10-08T06:34:29.0626453Z Version: 20261004.327.1
2026-10-08T06:34:29.0627702Z Included Software: https://github.com/actions/runner-images/blob/ubuntu24/20261004.327/images/ubuntu/Ubuntu2404-Readme.md
2026-10-08T06:34:29.0629580Z Image Release: https://github.com/actions/runner-images/releases/tag/ubuntu24%2F20261004.327
2026-10-08T06:34:29.0630575Z ##[endgroup]
2026-10-08T06:34:29.0631771Z ##[group]GITHUB_TOKEN Permissions
2026-10-08T06:34:29.0633668Z Contents: read
2026-10-08T06:34:29.0634401Z Metadata: read
2026-10-08T06:34:29.0634967Z ##[endgroup]
2026-10-08T06:34:29.0637520Z Secret source: Actions
2026-10-08T06:34:29.0638852Z Cache mode: write
2026-10-08T06:34:29.0639620Z Prepare workflow directory
2026-10-08T06:34:29.1274835Z Prepare all required actions
2026-10-08T06:34:29.1324514Z Getting action download info
2026-10-08T06:34:29.4910056Z Download action repository 'actions/checkout@93cb6efe18208431cddfb8368fd83d5badbf9bfd' (SHA:93cb6efe18208431cddfb8368fd83d5badbf9bfd)
2026-10-08T06:34:29.6144920Z Download action repository 'actions/cache@0057852bfaa89a56745cba8c7296529d2fc39830' (SHA:0057852bfaa89a56745cba8c7296529d2fc39830)
2026-10-08T06:34:29.7076002Z Download action repository 'actions/setup-node@48b55a011bda9f5d6aeb4c2d9c7362e8dae4041e' (SHA:48b55a011bda9f5d6aeb4c2d9c7362e8dae4041e)
2026-10-08T06:34:29.7974500Z Download action repository 'taiki-e/install-action@a6b2e2dcd845ddd7f509ce4f3ed3d922b80cc5d9' (SHA:a6b2e2dcd845ddd7f509ce4f3ed3d922b80cc5d9)
2026-10-08T06:34:30.3884937Z Complete job name: Linux build and workspace tests
2026-10-08T06:34:30.4598878Z ##[group]Checking docker version
2026-10-08T06:34:30.4612980Z ##[command]/usr/bin/docker version --format '{{.Server.APIVersion}}'
2026-10-08T06:34:30.5507100Z '1.48'
2026-10-08T06:34:30.5525943Z Docker daemon API version: '1.48'
2026-10-08T06:34:30.5526986Z ##[command]/usr/bin/docker version --format '{{.Client.APIVersion}}'
2026-10-08T06:34:30.5691484Z '1.48'
2026-10-08T06:34:30.5704695Z Docker client API version: '1.48'
2026-10-08T06:34:30.5711329Z ##[endgroup]
2026-10-08T06:34:30.5714401Z ##[group]Clean up resources from previous jobs
2026-10-08T06:34:30.5720399Z ##[command]/usr/bin/docker ps --all --quiet --no-trunc --filter "label=ae7666"
2026-10-08T06:34:30.5865619Z ##[command]/usr/bin/docker network prune --force --filter "label=ae7666"
2026-10-08T06:34:30.5998047Z ##[endgroup]
2026-10-08T06:34:30.5998978Z ##[group]Create local container network
2026-10-08T06:34:30.6009631Z ##[command]/usr/bin/docker network create --label ae7666 github_network_1dc200432d64406fae5afa79758b74a8
2026-10-08T06:34:30.6507551Z ddcc1607b18db61742ea30daae0ef7e080d021e8e28ce4403a2690a86972bd07
2026-10-08T06:34:30.6529365Z ##[endgroup]
2026-10-08T06:34:30.6553533Z ##[group]Starting postgres service container
2026-10-08T06:34:30.6575826Z ##[command]/usr/bin/docker pull postgres:15@sha256:1b92e7a80c021647bf70f5d3eb66066a998e4f5cf43c07bb9dc9f729782cf88e
2026-10-08T06:34:31.2754908Z docker.io/library/postgres@sha256:1b92e7a80c021647bf70f5d3eb66066a998e4f5cf43c07bb9dc9f729782cf88e: Pulling from library/postgres
2026-10-08T06:34:31.5481867Z 5b4d6ff92fc4: Pulling fs layer
2026-10-08T06:34:31.5482990Z faac557a4014: Pulling fs layer
2026-10-08T06:34:31.5493820Z 23ae1f680f8f: Pulling fs layer
2026-10-08T06:34:31.5495273Z d85a6fe690f8: Pulling fs layer
2026-10-08T06:34:31.5496169Z a1b56273edfa: Pulling fs layer
2026-10-08T06:34:31.5497026Z 74e78423263b: Pulling fs layer
2026-10-08T06:34:31.5497887Z e64c84d18f15: Pulling fs layer
2026-10-08T06:34:31.5499081Z e15d3b4493f3: Pulling fs layer
2026-10-08T06:34:31.5500085Z 450a0feadfd8: Pulling fs layer
2026-10-08T06:34:31.5501531Z 4f7b5a6f4005: Pulling fs layer
2026-10-08T06:34:31.5502541Z 02dde53e1bfd: Pulling fs layer
2026-10-08T06:34:31.5503552Z ec2378712a6f: Pulling fs layer
2026-10-08T06:34:31.5504529Z 1622e7a6bba6: Pulling fs layer
2026-10-08T06:34:31.5505496Z 3b99619cea16: Pulling fs layer
2026-10-08T06:34:31.5506437Z a1b56273edfa: Waiting
2026-10-08T06:34:31.5507266Z 74e78423263b: Waiting
2026-10-08T06:34:31.5508099Z e64c84d18f15: Waiting
2026-10-08T06:34:31.5509360Z e15d3b4493f3: Waiting
2026-10-08T06:34:31.5510515Z 450a0feadfd8: Waiting
2026-10-08T06:34:31.5511664Z 4f7b5a6f4005: Waiting
2026-10-08T06:34:31.5512846Z 02dde53e1bfd: Waiting
2026-10-08T06:34:31.5514014Z ec2378712a6f: Waiting
2026-10-08T06:34:31.5515195Z 1622e7a6bba6: Waiting
2026-10-08T06:34:31.5516367Z 3b99619cea16: Waiting
2026-10-08T06:34:31.5517570Z d85a6fe690f8: Waiting
2026-10-08T06:34:31.7799831Z faac557a4014: Verifying Checksum
2026-10-08T06:34:31.7808031Z faac557a4014: Download complete
2026-10-08T06:34:31.8693654Z 23ae1f680f8f: Verifying Checksum
2026-10-08T06:34:31.8696843Z 23ae1f680f8f: Download complete
2026-10-08T06:34:31.8699704Z 5b4d6ff92fc4: Verifying Checksum
2026-10-08T06:34:31.8702197Z 5b4d6ff92fc4: Download complete
2026-10-08T06:34:32.0189745Z d85a6fe690f8: Download complete
2026-10-08T06:34:32.0831401Z 74e78423263b: Download complete
2026-10-08T06:34:32.1376290Z a1b56273edfa: Verifying Checksum
2026-10-08T06:34:32.1382522Z a1b56273edfa: Download complete
2026-10-08T06:34:32.2355979Z e64c84d18f15: Download complete
2026-10-08T06:34:32.2946566Z e15d3b4493f3: Verifying Checksum
2026-10-08T06:34:32.2966557Z e15d3b4493f3: Download complete
2026-10-08T06:34:32.4446096Z 4f7b5a6f4005: Verifying Checksum
2026-10-08T06:34:32.4453371Z 4f7b5a6f4005: Download complete
2026-10-08T06:34:32.5209012Z 02dde53e1bfd: Verifying Checksum
2026-10-08T06:34:32.5212244Z 02dde53e1bfd: Download complete
2026-10-08T06:34:32.6554337Z ec2378712a6f: Verifying Checksum
2026-10-08T06:34:32.6556072Z ec2378712a6f: Download complete
2026-10-08T06:34:32.7344792Z 1622e7a6bba6: Verifying Checksum
2026-10-08T06:34:32.7346786Z 1622e7a6bba6: Download complete
2026-10-08T06:34:32.7778455Z 450a0feadfd8: Verifying Checksum
2026-10-08T06:34:32.7780556Z 450a0feadfd8: Download complete
2026-10-08T06:34:32.8712304Z 3b99619cea16: Download complete
2026-10-08T06:34:33.0358572Z 5b4d6ff92fc4: Pull complete
2026-10-08T06:34:33.3245023Z faac557a4014: Pull complete
2026-10-08T06:34:33.5015154Z 23ae1f680f8f: Pull complete
2026-10-08T06:34:33.5401953Z d85a6fe690f8: Pull complete
2026-10-08T06:34:33.8412632Z a1b56273edfa: Pull complete
2026-10-08T06:34:33.9165694Z 74e78423263b: Pull complete
2026-10-08T06:34:33.9244494Z e64c84d18f15: Pull complete
2026-10-08T06:34:33.9349637Z e15d3b4493f3: Pull complete
2026-10-08T06:34:36.8766225Z 450a0feadfd8: Pull complete
2026-10-08T06:34:36.8894782Z 4f7b5a6f4005: Pull complete
2026-10-08T06:34:36.8981010Z 02dde53e1bfd: Pull complete
2026-10-08T06:34:36.9079328Z ec2378712a6f: Pull complete
2026-10-08T06:34:36.9188828Z 1622e7a6bba6: Pull complete
2026-10-08T06:34:36.9275271Z 3b99619cea16: Pull complete
2026-10-08T06:34:36.9313381Z Digest: sha256:1b92e7a80c021647bf70f5d3eb66066a998e4f5cf43c07bb9dc9f729782cf88e
2026-10-08T06:34:36.9321991Z Status: Downloaded newer image for postgres@sha256:1b92e7a80c021647bf70f5d3eb66066a998e4f5cf43c07bb9dc9f729782cf88e
2026-10-08T06:34:36.9332762Z docker.io/library/postgres:15@sha256:1b92e7a80c021647bf70f5d3eb66066a998e4f5cf43c07bb9dc9f729782cf88e
2026-10-08T06:34:36.9401268Z ##[command]/usr/bin/docker create --name 7868dda75d474fc98733bca3ec83b28b_postgres15sha2561b92e7a80c021647bf70f5d3eb66066a998e4f5cf43c07bb9dc9f729782cf88e_b4f610 --label ae7666 --network github_network_1dc200432d64406fae5afa79758b74a8 --network-alias postgres -p 5432:5432 --health-cmd "pg_isready -U postgres" --health-interval 5s --health-timeout 5s --health-retries 10 -e "POSTGRES_HOST_AUTH_METHOD=trust" -e GITHUB_ACTIONS=true -e CI=true postgres:15@sha256:1b92e7a80c021647bf70f5d3eb66066a998e4f5cf43c07bb9dc9f729782cf88e
2026-10-08T06:34:36.9643683Z 9849a9adfd53a43a348755fccb117e662886b819de109c261eba9a76e224c88e
2026-10-08T06:34:36.9667403Z ##[command]/usr/bin/docker start 9849a9adfd53a43a348755fccb117e662886b819de109c261eba9a76e224c88e
2026-10-08T06:34:37.1834476Z 9849a9adfd53a43a348755fccb117e662886b819de109c261eba9a76e224c88e
2026-10-08T06:34:37.1858809Z ##[command]/usr/bin/docker ps --all --filter id=9849a9adfd53a43a348755fccb117e662886b819de109c261eba9a76e224c88e --filter status=running --no-trunc --format "{{.ID}} {{.Status}}"
2026-10-08T06:34:37.2003405Z 9849a9adfd53a43a348755fccb117e662886b819de109c261eba9a76e224c88e Up Less than a second (health: starting)
2026-10-08T06:34:37.2024934Z ##[command]/usr/bin/docker port 9849a9adfd53a43a348755fccb117e662886b819de109c261eba9a76e224c88e
2026-10-08T06:34:37.2192606Z 5432/tcp -> 0.0.0.0:5432
2026-10-08T06:34:37.2193102Z 5432/tcp -> [::]:5432
2026-10-08T06:34:37.2239662Z ##[endgroup]
2026-10-08T06:34:37.2251439Z ##[group]Waiting for all services to be ready
2026-10-08T06:34:37.2269679Z ##[command]/usr/bin/docker inspect --format="{{if .Config.Healthcheck}}{{print .State.Health.Status}}{{end}}" 9849a9adfd53a43a348755fccb117e662886b819de109c261eba9a76e224c88e
2026-10-08T06:34:37.2404490Z starting
2026-10-08T06:34:37.2426619Z postgres service is starting, waiting 2 seconds before checking again.
2026-10-08T06:34:39.2425735Z ##[command]/usr/bin/docker inspect --format="{{if .Config.Healthcheck}}{{print .State.Health.Status}}{{end}}" 9849a9adfd53a43a348755fccb117e662886b819de109c261eba9a76e224c88e
2026-10-08T06:34:39.2550598Z starting
2026-10-08T06:34:39.2562383Z postgres service is starting, waiting 4 seconds before checking again.
2026-10-08T06:34:43.2738855Z ##[command]/usr/bin/docker inspect --format="{{if .Config.Healthcheck}}{{print .State.Health.Status}}{{end}}" 9849a9adfd53a43a348755fccb117e662886b819de109c261eba9a76e224c88e
2026-10-08T06:34:43.2867762Z healthy
2026-10-08T06:34:43.2886012Z postgres service is healthy.
2026-10-08T06:34:43.2886862Z ##[endgroup]
2026-10-08T06:34:43.3172431Z ##[group]Run actions/checkout@93cb6efe18208431cddfb8368fd83d5badbf9bfd
2026-10-08T06:34:43.3173134Z with:
2026-10-08T06:34:43.3173362Z   persist-credentials: false
2026-10-08T06:34:43.3173655Z   ref: f763baebb6d0970b283f759967d7980084317e67
2026-10-08T06:34:43.3173965Z   repository: anilbeesetti/koda
2026-10-08T06:34:43.3176792Z   token: ***
2026-10-08T06:34:43.3177008Z   ssh-strict: true
2026-10-08T06:34:43.3177211Z   ssh-user: git
2026-10-08T06:34:43.3177405Z   clean: true
2026-10-08T06:34:43.3177618Z   sparse-checkout-cone-mode: true
2026-10-08T06:34:43.3177876Z   fetch-depth: 1
2026-10-08T06:34:43.3178073Z   fetch-tags: false
2026-10-08T06:34:43.3178538Z   show-progress: true
2026-10-08T06:34:43.3178749Z   lfs: false
2026-10-08T06:34:43.3178935Z   submodules: false
2026-10-08T06:34:43.3179157Z   set-safe-directory: true
2026-10-08T06:34:43.3179642Z env:
2026-10-08T06:34:43.3179840Z   CARGO_TERM_COLOR: always
2026-10-08T06:34:43.3180067Z   CARGO_INCREMENTAL: 0
2026-10-08T06:34:43.3180329Z   CARGO_PROFILE_DEV_DEBUG: 0
2026-10-08T06:34:43.3180588Z   CARGO_PROFILE_DEV_BUILD_OVERRIDE_DEBUG: 0
2026-10-08T06:34:43.3180867Z   RUST_BACKTRACE: 1
2026-10-08T06:34:43.3181063Z   CC: clang
2026-10-08T06:34:43.3181240Z   CXX: clang++
2026-10-08T06:34:43.3181431Z   WGPU_BACKEND: vulkan
2026-10-08T06:34:43.3181637Z   CI_TEST_FILTER: 
2026-10-08T06:34:43.3181870Z   CI_TEST_MODE: full
2026-10-08T06:34:43.3182072Z ##[endgroup]
2026-10-08T06:34:43.4232084Z Syncing repository: anilbeesetti/koda
2026-10-08T06:34:43.4233834Z ##[group]Getting Git version info
2026-10-08T06:34:43.4234202Z Working directory is '/home/runner/work/koda/koda'
2026-10-08T06:34:43.4235086Z [command]/usr/bin/git version
2026-10-08T06:34:43.4327253Z git version 2.55.0
2026-10-08T06:34:43.4351789Z ##[endgroup]
2026-10-08T06:34:43.4367349Z Temporarily overriding HOME='/home/runner/work/_temp/50019529-5530-4a83-b9f1-e009643b456a' before making global git config changes
2026-10-08T06:34:43.4368897Z Adding repository directory to the temporary git global config as a safe directory
2026-10-08T06:34:43.4374704Z [command]/usr/bin/git config --global --add safe.directory /home/runner/work/koda/koda
2026-10-08T06:34:43.4425847Z Deleting the contents of '/home/runner/work/koda/koda'
2026-10-08T06:34:43.4429844Z ##[group]Initializing the repository
2026-10-08T06:34:43.4435336Z [command]/usr/bin/git init /home/runner/work/koda/koda
2026-10-08T06:34:43.4541942Z hint: Using 'master' as the name for the initial branch. This default branch name
2026-10-08T06:34:43.4542992Z hint: will change to "main" in Git 3.0. To configure the initial branch name
2026-10-08T06:34:43.4543937Z hint: to use in all of your new repositories, which will suppress this warning,
2026-10-08T06:34:43.4544700Z hint: call:
2026-10-08T06:34:43.4545028Z hint:
2026-10-08T06:34:43.4545493Z hint: 	git config --global init.defaultBranch <name>
2026-10-08T06:34:43.4546059Z hint:
2026-10-08T06:34:43.4546592Z hint: Names commonly chosen instead of 'master' are 'main', 'trunk' and
2026-10-08T06:34:43.4547517Z hint: 'development'. The just-created branch can be renamed via this command:
2026-10-08T06:34:43.4548440Z hint:
2026-10-08T06:34:43.4548801Z hint: 	git branch -m <name>
2026-10-08T06:34:43.4549198Z hint:
2026-10-08T06:34:43.4549764Z hint: Disable this message with "git config set advice.defaultBranchName false"
2026-10-08T06:34:43.4550714Z Initialized empty Git repository in /home/runner/work/koda/koda/.git/
2026-10-08T06:34:43.4557792Z [command]/usr/bin/git remote add origin https://github.com/anilbeesetti/koda
2026-10-08T06:34:43.4611288Z ##[endgroup]
2026-10-08T06:34:43.4611964Z ##[group]Disabling automatic garbage collection
2026-10-08T06:34:43.4616864Z [command]/usr/bin/git config --local gc.auto 0
2026-10-08T06:34:43.4650388Z ##[endgroup]
2026-10-08T06:34:43.4650993Z ##[group]Setting up auth
2026-10-08T06:34:43.4659328Z [command]/usr/bin/git config --local --name-only --get-regexp core\.sshCommand
2026-10-08T06:34:43.4694534Z [command]/usr/bin/git submodule foreach --recursive sh -c "git config --local --name-only --get-regexp 'core\.sshCommand' && git config --local --unset-all 'core.sshCommand' || :"
2026-10-08T06:34:43.5109493Z [command]/usr/bin/git config --local --name-only --get-regexp http\.https\:\/\/github\.com\/\.extraheader
2026-10-08T06:34:43.5151364Z [command]/usr/bin/git submodule foreach --recursive sh -c "git config --local --name-only --get-regexp 'http\.https\:\/\/github\.com\/\.extraheader' && git config --local --unset-all 'http.https://github.com/.extraheader' || :"
2026-10-08T06:34:43.5383885Z [command]/usr/bin/git config --local --name-only --get-regexp ^includeIf\.gitdir:
2026-10-08T06:34:43.5422625Z [command]/usr/bin/git submodule foreach --recursive git config --local --show-origin --name-only --get-regexp remote.origin.url
2026-10-08T06:34:43.5657235Z [command]/usr/bin/git config --local http.https://github.com/.extraheader AUTHORIZATION: basic ***
2026-10-08T06:34:43.5699503Z ##[endgroup]
2026-10-08T06:34:43.5700285Z ##[group]Fetching the repository
2026-10-08T06:34:43.5710634Z [command]/usr/bin/git -c protocol.version=2 fetch --no-tags --prune --no-recurse-submodules --depth=1 origin f763baebb6d0970b283f759967d7980084317e67
2026-10-08T06:34:47.9999270Z From https://github.com/anilbeesetti/koda
2026-10-08T06:34:48.0000171Z  * branch            f763baebb6d0970b283f759967d7980084317e67 -> FETCH_HEAD
2026-10-08T06:34:48.0003762Z ##[endgroup]
2026-10-08T06:34:48.0004446Z ##[group]Determining the checkout info
2026-10-08T06:34:48.0006030Z ##[endgroup]
2026-10-08T06:34:48.0012225Z [command]/usr/bin/git sparse-checkout disable
2026-10-08T06:34:48.0085969Z [command]/usr/bin/git config --local --unset-all extensions.worktreeConfig
2026-10-08T06:34:48.0122640Z ##[group]Checking out the ref
2026-10-08T06:34:48.0135114Z [command]/usr/bin/git checkout --progress --force f763baebb6d0970b283f759967d7980084317e67
2026-10-08T06:34:48.7835758Z Note: switching to 'f763baebb6d0970b283f759967d7980084317e67'.
2026-10-08T06:34:48.7836717Z 
2026-10-08T06:34:48.7841308Z You are in 'detached HEAD' state. You can look around, make experimental
2026-10-08T06:34:48.7842729Z changes and commit them, and you can discard any commits you make in this
2026-10-08T06:34:48.7844022Z state without impacting any branches by switching back to a branch.
2026-10-08T06:34:48.7844889Z 
2026-10-08T06:34:48.7845593Z If you want to create a new branch to retain commits you create, you may
2026-10-08T06:34:48.7846806Z do so (now or later) by using -c with the switch command. Example:
2026-10-08T06:34:48.7847555Z 
2026-10-08T06:34:48.7847946Z   git switch -c <new-branch-name>
2026-10-08T06:34:48.7848758Z 
2026-10-08T06:34:48.7849145Z Or undo this operation with:
2026-10-08T06:34:48.7849692Z 
2026-10-08T06:34:48.7850044Z   git switch -
2026-10-08T06:34:48.7850510Z 
2026-10-08T06:34:48.7851074Z Turn off this advice by setting config variable advice.detachedHead to false
2026-10-08T06:34:48.7851815Z 
2026-10-08T06:34:48.7852283Z HEAD is now at f763bae Merge verified Android import dependency
2026-10-08T06:34:48.7883825Z ##[endgroup]
2026-10-08T06:34:48.7932001Z [command]/usr/bin/git log -1 --format=%H
2026-10-08T06:34:48.7959680Z f763baebb6d0970b283f759967d7980084317e67
2026-10-08T06:34:48.7969121Z ##[group]Removing auth
2026-10-08T06:34:48.7973121Z [command]/usr/bin/git config --local --name-only --get-regexp core\.sshCommand
2026-10-08T06:34:48.8013051Z [command]/usr/bin/git submodule foreach --recursive sh -c "git config --local --name-only --get-regexp 'core\.sshCommand' && git config --local --unset-all 'core.sshCommand' || :"
2026-10-08T06:34:48.8246613Z [command]/usr/bin/git config --local --name-only --get-regexp http\.https\:\/\/github\.com\/\.extraheader
2026-10-08T06:34:48.8275443Z http.https://github.com/.extraheader
2026-10-08T06:34:48.8283499Z [command]/usr/bin/git config --local --unset-all http.https://github.com/.extraheader
2026-10-08T06:34:48.8321798Z [command]/usr/bin/git submodule foreach --recursive sh -c "git config --local --name-only --get-regexp 'http\.https\:\/\/github\.com\/\.extraheader' && git config --local --unset-all 'http.https://github.com/.extraheader' || :"
2026-10-08T06:34:48.8554489Z [command]/usr/bin/git config --local --name-only --get-regexp ^includeIf\.gitdir:
2026-10-08T06:34:48.8587757Z [command]/usr/bin/git submodule foreach --recursive git config --local --show-origin --name-only --get-regexp remote.origin.url
2026-10-08T06:34:48.8826717Z ##[endgroup]
2026-10-08T06:34:48.9050538Z ##[group]Run python3 script/ci-run resources --github-env "$GITHUB_ENV"
2026-10-08T06:34:48.9051148Z [36;1mpython3 script/ci-run resources --github-env "$GITHUB_ENV"[0m
2026-10-08T06:34:48.9270514Z shell: /usr/bin/bash --noprofile --norc -e -o pipefail {0}
2026-10-08T06:34:48.9270959Z env:
2026-10-08T06:34:48.9271196Z   CARGO_TERM_COLOR: always
2026-10-08T06:34:48.9271483Z   CARGO_INCREMENTAL: 0
2026-10-08T06:34:48.9271757Z   CARGO_PROFILE_DEV_DEBUG: 0
2026-10-08T06:34:48.9272076Z   CARGO_PROFILE_DEV_BUILD_OVERRIDE_DEBUG: 0
2026-10-08T06:34:48.9272419Z   RUST_BACKTRACE: 1
2026-10-08T06:34:48.9272663Z   CC: clang
2026-10-08T06:34:48.9272887Z   CXX: clang++
2026-10-08T06:34:48.9273120Z   WGPU_BACKEND: vulkan
2026-10-08T06:34:48.9273376Z   CI_TEST_FILTER: 
2026-10-08T06:34:48.9273614Z   CI_TEST_MODE: full
2026-10-08T06:34:48.9273859Z ##[endgroup]
2026-10-08T06:34:48.9690942Z Linux: 4 CPUs, 15.6 GiB RAM; Cargo jobs=4, nextest threads=4
2026-10-08T06:34:48.9785685Z ##[group]Run sudo rm -rf /usr/share/dotnet /usr/local/lib/android /opt/ghc
2026-10-08T06:34:48.9786243Z [36;1msudo rm -rf /usr/share/dotnet /usr/local/lib/android /opt/ghc[0m
2026-10-08T06:34:48.9852082Z shell: /usr/bin/bash --noprofile --norc -e -o pipefail {0}
2026-10-08T06:34:48.9852597Z env:
2026-10-08T06:34:48.9852793Z   CARGO_TERM_COLOR: always
2026-10-08T06:34:48.9853044Z   CARGO_INCREMENTAL: 0
2026-10-08T06:34:48.9853281Z   CARGO_PROFILE_DEV_DEBUG: 0
2026-10-08T06:34:48.9853555Z   CARGO_PROFILE_DEV_BUILD_OVERRIDE_DEBUG: 0
2026-10-08T06:34:48.9853838Z   RUST_BACKTRACE: 1
2026-10-08T06:34:48.9854050Z   CC: clang
2026-10-08T06:34:48.9854228Z   CXX: clang++
2026-10-08T06:34:48.9854423Z   WGPU_BACKEND: vulkan
2026-10-08T06:34:48.9854636Z   CI_TEST_FILTER: 
2026-10-08T06:34:48.9854837Z   CI_TEST_MODE: full
2026-10-08T06:34:48.9855047Z   CARGO_BUILD_JOBS: 4
2026-10-08T06:34:48.9855255Z   CI_TEST_THREADS: 4
2026-10-08T06:34:48.9855458Z ##[endgroup]
2026-10-08T06:35:31.2726511Z ##[group]Run ./script/linux
2026-10-08T06:35:31.2726834Z [36;1m./script/linux[0m
2026-10-08T06:35:31.2788922Z shell: /usr/bin/bash --noprofile --norc -e -o pipefail {0}
2026-10-08T06:35:31.2789282Z env:
2026-10-08T06:35:31.2789480Z   CARGO_TERM_COLOR: always
2026-10-08T06:35:31.2789726Z   CARGO_INCREMENTAL: 0
2026-10-08T06:35:31.2789976Z   CARGO_PROFILE_DEV_DEBUG: 0
2026-10-08T06:35:31.2790248Z   CARGO_PROFILE_DEV_BUILD_OVERRIDE_DEBUG: 0
2026-10-08T06:35:31.2790538Z   RUST_BACKTRACE: 1
2026-10-08T06:35:31.2790742Z   CC: clang
2026-10-08T06:35:31.2790930Z   CXX: clang++
2026-10-08T06:35:31.2791126Z   WGPU_BACKEND: vulkan
2026-10-08T06:35:31.2791341Z   CI_TEST_FILTER: 
2026-10-08T06:35:31.2791548Z   CI_TEST_MODE: full
2026-10-08T06:35:31.2791756Z   CARGO_BUILD_JOBS: 4
2026-10-08T06:35:31.2791966Z   CI_TEST_THREADS: 4
2026-10-08T06:35:31.2792170Z ##[endgroup]
2026-10-08T06:35:31.2895906Z ++ id -u
2026-10-08T06:35:31.2911349Z + '[' 1001 -eq 0 ']'
2026-10-08T06:35:31.2913915Z ++ command -v sudo
2026-10-08T06:35:31.2916352Z + maysudo=/usr/bin/sudo
2026-10-08T06:35:31.2919764Z ++ command -v apt-get
2026-10-08T06:35:31.2922244Z + apt=/usr/bin/apt-get
2026-10-08T06:35:31.2923252Z + [[ -n /usr/bin/apt-get ]]
2026-10-08T06:35:31.2926971Z + deps=(gcc g++ libasound2-dev libfontconfig-dev libgit2-dev libglib2.0-dev libssl-dev libva-dev libvulkan1 libwayland-dev libx11-xcb-dev libxkbcommon-x11-dev libzstd-dev make cmake clang lld llvm jq git curl gettext-base elfutils libsqlite3-dev musl-tools musl-dev build-essential pipewire xdg-desktop-portal)
2026-10-08T06:35:31.2929702Z + grep -qP 'PRETTY_NAME="(Debian|Raspbian).+13' /etc/os-release
2026-10-08T06:35:31.2943507Z + grep -qP 'PRETTY_NAME="(Linux Mint 22|.+24\.(04|10))' /etc/os-release
2026-10-08T06:35:31.2956370Z + deps+=(libstdc++-14-dev)
2026-10-08T06:35:31.2956892Z + /usr/bin/sudo /usr/bin/apt-get update
2026-10-08T06:35:31.3654920Z Get:1 file:/etc/apt/apt-mirrors.txt Mirrorlist [144 B]
2026-10-08T06:35:31.3929674Z Hit:2 http://azure.archive.ubuntu.com/ubuntu noble InRelease
2026-10-08T06:35:31.3930850Z Get:6 https://packages.microsoft.com/ubuntu/24.04/prod noble InRelease [3600 B]
2026-10-08T06:35:31.3931987Z Get:3 http://azure.archive.ubuntu.com/ubuntu noble-updates InRelease [126 kB]
2026-10-08T06:35:31.4009933Z Get:4 http://azure.archive.ubuntu.com/ubuntu noble-backports InRelease [126 kB]
2026-10-08T06:35:31.4022537Z Get:5 http://azure.archive.ubuntu.com/ubuntu noble-security InRelease [126 kB]
2026-10-08T06:35:31.5091380Z Get:7 https://packages.microsoft.com/ubuntu/24.04/prod noble/main arm64 Packages [474 kB]
2026-10-08T06:35:31.5229949Z Get:8 https://packages.microsoft.com/ubuntu/24.04/prod noble/main armhf Packages [12.3 kB]
2026-10-08T06:35:31.5269771Z Get:9 https://packages.microsoft.com/ubuntu/24.04/prod noble/main amd64 Packages [530 kB]
2026-10-08T06:35:31.5315637Z Get:10 https://packages.microsoft.com/ubuntu/24.04/prod noble/main all Packages [640 B]
2026-10-08T06:35:31.5636204Z Get:11 http://azure.archive.ubuntu.com/ubuntu noble-updates/main amd64 Packages [1375 kB]
2026-10-08T06:35:31.5701433Z Get:12 http://azure.archive.ubuntu.com/ubuntu noble-updates/main Translation-en [306 kB]
2026-10-08T06:35:31.5721789Z Get:13 http://azure.archive.ubuntu.com/ubuntu noble-updates/universe amd64 Packages [1702 kB]
2026-10-08T06:35:31.5801604Z Get:14 http://azure.archive.ubuntu.com/ubuntu noble-updates/universe Translation-en [341 kB]
2026-10-08T06:35:31.5822377Z Get:15 http://azure.archive.ubuntu.com/ubuntu noble-updates/restricted amd64 Packages [1761 kB]
2026-10-08T06:35:31.5909331Z Get:16 http://azure.archive.ubuntu.com/ubuntu noble-updates/restricted Translation-en [401 kB]
2026-10-08T06:35:31.5930982Z Get:17 http://azure.archive.ubuntu.com/ubuntu noble-updates/multiverse amd64 Packages [55.0 kB]
2026-10-08T06:35:31.5937799Z Get:18 http://azure.archive.ubuntu.com/ubuntu noble-updates/multiverse Translation-en [14.3 kB]
2026-10-08T06:35:31.6784556Z Get:19 http://azure.archive.ubuntu.com/ubuntu noble-security/main amd64 Packages [1074 kB]
2026-10-08T06:35:31.6840053Z Get:20 http://azure.archive.ubuntu.com/ubuntu noble-security/main Translation-en [223 kB]
2026-10-08T06:35:31.7261897Z Get:21 http://azure.archive.ubuntu.com/ubuntu noble-security/universe amd64 Packages [1218 kB]
2026-10-08T06:35:31.7321879Z Get:22 http://azure.archive.ubuntu.com/ubuntu noble-security/universe Translation-en [245 kB]
2026-10-08T06:35:31.7335644Z Get:23 http://azure.archive.ubuntu.com/ubuntu noble-security/multiverse Translation-en [11.6 kB]
2026-10-08T06:35:34.5332718Z Fetched 10.1 MB in 1s (9807 kB/s)
2026-10-08T06:35:35.4077222Z Reading package lists...
2026-10-08T06:35:35.4189112Z + /usr/bin/sudo /usr/bin/apt-get install -y gcc g++ libasound2-dev libfontconfig-dev libgit2-dev libglib2.0-dev libssl-dev libva-dev libvulkan1 libwayland-dev libx11-xcb-dev libxkbcommon-x11-dev libzstd-dev make cmake clang lld llvm jq git curl gettext-base elfutils libsqlite3-dev musl-tools musl-dev build-essential pipewire xdg-desktop-portal libstdc++-14-dev
2026-10-08T06:35:35.4389043Z Reading package lists...
2026-10-08T06:35:35.6330625Z Building dependency tree...
2026-10-08T06:35:35.6338441Z Reading state information...
2026-10-08T06:35:35.7839549Z gcc is already the newest version (4:13.2.0-7ubuntu1).
2026-10-08T06:35:35.7840356Z g++ is already the newest version (4:13.2.0-7ubuntu1).
2026-10-08T06:35:35.7841201Z libssl-dev is already the newest version (3.0.13-0ubuntu3.16).
2026-10-08T06:35:35.7842202Z libvulkan1 is already the newest version (1.3.275.0-1build1).
2026-10-08T06:35:35.7842997Z libvulkan1 set to manually installed.
2026-10-08T06:35:35.7843819Z libzstd-dev is already the newest version (1.5.5+dfsg2-2build1.1).
2026-10-08T06:35:35.7844718Z libzstd-dev set to manually installed.
2026-10-08T06:35:35.7845399Z make is already the newest version (4.3-4.1build2).
2026-10-08T06:35:35.7846066Z jq is already the newest version (1.7.1-3ubuntu0.24.04.2).
2026-10-08T06:35:35.7846665Z git is already the newest version (1:2.55.0-0ppa1~ubuntu24.04.2).
2026-10-08T06:35:35.7847299Z git set to manually installed.
2026-10-08T06:35:35.7847762Z curl is already the newest version (8.5.0-2ubuntu10.15).
2026-10-08T06:35:35.7848522Z gettext-base is already the newest version (0.21-14ubuntu2).
2026-10-08T06:35:35.7848994Z gettext-base set to manually installed.
2026-10-08T06:35:35.7849461Z libsqlite3-dev is already the newest version (3.45.1-1ubuntu2.8).
2026-10-08T06:35:35.7850075Z libstdc++-14-dev is already the newest version (14.2.0-4ubuntu2~24.04.1).
2026-10-08T06:35:35.7850597Z libstdc++-14-dev set to manually installed.
2026-10-08T06:35:35.7851056Z The following additional packages will be installed:
2026-10-08T06:35:35.7851633Z   bubblewrap bzip2-doc cmake-data glib-networking glib-networking-common
2026-10-08T06:35:35.7852299Z   glib-networking-services gsettings-desktop-schemas i965-va-driver
2026-10-08T06:35:35.7852952Z   intel-media-va-driver libasm1t64 libasyncns0 libblkid-dev libbrotli-dev
2026-10-08T06:35:35.7853730Z   libbz2-dev libflac12t64 libfreetype-dev libfreetype6 libgirepository-2.0-0
2026-10-08T06:35:35.7854527Z   libgit2-1.7 libglib2.0-dev-bin libhttp-parser-dev libhttp-parser2.9
2026-10-08T06:35:35.7855190Z   libigdgmm12 libjsoncpp25 libmount-dev libmp3lame0 libmpg123-0t64 libopus0
2026-10-08T06:35:35.7855856Z   libpipewire-0.3-0t64 libpipewire-0.3-common libpipewire-0.3-modules
2026-10-08T06:35:35.7856467Z   libpng-dev libpng-tools libpng16-16t64 libproxy1v5 libpthread-stubs0-dev
2026-10-08T06:35:35.7857568Z   libpulse0 librhash0 libroc0.3 libselinux1-dev libsepol-dev
2026-10-08T06:35:35.7858002Z   libset-scalar-perl libsnapd-glib-2-1 libsndfile1 libsoup-3.0-0
2026-10-08T06:35:35.7858787Z   libsoup-3.0-common libspa-0.2-modules libspeexdsp1 libssh2-1-dev libva-drm2
2026-10-08T06:35:35.7859420Z   libva-glx2 libva-wayland2 libva-x11-2 libva2 libvorbisenc2 libwayland-bin
2026-10-08T06:35:35.7859923Z   libwayland-server0 libwebrtc-audio-processing1 libwireplumber-0.4-0
2026-10-08T06:35:35.7860410Z   libx11-dev libxau-dev libxcb-xkb-dev libxcb-xkb1 libxcb1-dev libxdmcp-dev
2026-10-08T06:35:35.7861091Z   libxkbcommon-dev libxkbcommon-x11-0 llvm-runtime mesa-va-drivers musl
2026-10-08T06:35:35.7861597Z   pipewire-bin pipewire-pulse rtkit session-migration uuid-dev va-driver-all
2026-10-08T06:35:35.7862181Z   wireplumber x11proto-dev xorg-sgml-doctools xtrans-dev
2026-10-08T06:35:35.7862508Z Suggested packages:
2026-10-08T06:35:35.7862855Z   cmake-doc cmake-format elpa-cmake-mode ninja-build i965-va-driver-shaders
2026-10-08T06:35:35.7863335Z   libasound2-doc freetype2-doc gir1.2-glib-2.0-dev libglib2.0-doc
2026-10-08T06:35:35.7863804Z   libgdk-pixbuf2.0-bin libxml2-utils opus-tools pulseaudio libwayland-doc
2026-10-08T06:35:35.7864256Z   libx11-doc libxcb-doc libspa-0.2-bluetooth pulseaudio-utils
2026-10-08T06:35:35.7864606Z   libspa-0.2-libcamera wireplumber-doc
2026-10-08T06:35:35.8408723Z The following NEW packages will be installed:
2026-10-08T06:35:35.8409716Z   bubblewrap build-essential bzip2-doc clang cmake cmake-data elfutils
2026-10-08T06:35:35.8410872Z   glib-networking glib-networking-common glib-networking-services
2026-10-08T06:35:35.8411801Z   gsettings-desktop-schemas i965-va-driver intel-media-va-driver libasm1t64
2026-10-08T06:35:35.8412517Z   libasound2-dev libasyncns0 libblkid-dev libbrotli-dev libbz2-dev
2026-10-08T06:35:35.8413276Z   libflac12t64 libfontconfig-dev libfreetype-dev libgirepository-2.0-0
2026-10-08T06:35:35.8414278Z   libgit2-1.7 libgit2-dev libglib2.0-dev libglib2.0-dev-bin libhttp-parser-dev
2026-10-08T06:35:35.8415018Z   libhttp-parser2.9 libigdgmm12 libjsoncpp25 libmount-dev libmp3lame0
2026-10-08T06:35:35.8415698Z   libmpg123-0t64 libopus0 libpipewire-0.3-0t64 libpipewire-0.3-common
2026-10-08T06:35:35.8416385Z   libpipewire-0.3-modules libpng-dev libpng-tools libproxy1v5
2026-10-08T06:35:35.8416996Z   libpthread-stubs0-dev libpulse0 librhash0 libroc0.3 libselinux1-dev
2026-10-08T06:35:35.8417673Z   libsepol-dev libset-scalar-perl libsnapd-glib-2-1 libsndfile1 libsoup-3.0-0
2026-10-08T06:35:35.8418781Z   libsoup-3.0-common libspa-0.2-modules libspeexdsp1 libssh2-1-dev libva-dev
2026-10-08T06:35:35.8420207Z   libva-drm2 libva-glx2 libva-wayland2 libva-x11-2 libva2 libvorbisenc2
2026-10-08T06:35:35.8421306Z   libwayland-bin libwayland-dev libwayland-server0 libwebrtc-audio-processing1
2026-10-08T06:35:35.8422160Z   libwireplumber-0.4-0 libx11-dev libx11-xcb-dev libxau-dev libxcb-xkb-dev
2026-10-08T06:35:35.8422842Z   libxcb-xkb1 libxcb1-dev libxdmcp-dev libxkbcommon-dev libxkbcommon-x11-0
2026-10-08T06:35:35.8423763Z   libxkbcommon-x11-dev lld llvm llvm-runtime mesa-va-drivers musl musl-dev
2026-10-08T06:35:35.8424844Z   musl-tools pipewire pipewire-bin pipewire-pulse rtkit session-migration
2026-10-08T06:35:35.8425502Z   uuid-dev va-driver-all wireplumber x11proto-dev xdg-desktop-portal
2026-10-08T06:35:35.8425999Z   xorg-sgml-doctools xtrans-dev
2026-10-08T06:35:35.8426372Z The following packages will be upgraded:
2026-10-08T06:35:35.8428757Z   libfreetype6 libpng16-16t64
2026-10-08T06:35:35.8629776Z 2 upgraded, 96 newly installed, 0 to remove and 15 not upgraded.
2026-10-08T06:35:35.8630361Z Need to get 33.4 MB of archives.
2026-10-08T06:35:35.8630727Z After this operation, 129 MB of additional disk space will be used.
2026-10-08T06:35:35.8631164Z Get:1 file:/etc/apt/apt-mirrors.txt Mirrorlist [144 B]
2026-10-08T06:35:36.0165489Z Get:2 http://azure.archive.ubuntu.com/ubuntu noble-security/main amd64 libpng16-16t64 amd64 1.6.43-5ubuntu0.7 [189 kB]
2026-10-08T06:35:36.1588721Z Get:3 http://azure.archive.ubuntu.com/ubuntu noble-updates/main amd64 bubblewrap amd64 0.9.0-1ubuntu0.3 [50.4 kB]
2026-10-08T06:35:36.2957731Z Get:4 http://azure.archive.ubuntu.com/ubuntu noble/main amd64 build-essential amd64 12.10ubuntu1 [4928 B]
2026-10-08T06:35:36.4319543Z Get:5 http://azure.archive.ubuntu.com/ubuntu noble-updates/main amd64 bzip2-doc all 1.0.8-5.1ubuntu0.1 [499 kB]
2026-10-08T06:35:36.5753751Z Get:6 http://azure.archive.ubuntu.com/ubuntu noble/universe amd64 clang amd64 1:18.0-59~exp2 [5846 B]
2026-10-08T06:35:36.7112457Z Get:7 http://azure.archive.ubuntu.com/ubuntu noble/main amd64 libjsoncpp25 amd64 1.9.5-6build1 [82.8 kB]
2026-10-08T06:35:36.8492919Z Get:8 http://azure.archive.ubuntu.com/ubuntu noble/main amd64 librhash0 amd64 1.4.3-3build1 [129 kB]
2026-10-08T06:35:36.9869623Z Get:9 http://azure.archive.ubuntu.com/ubuntu noble/main amd64 cmake-data all 3.28.3-1build7 [2155 kB]
2026-10-08T06:35:37.1593570Z Get:10 http://azure.archive.ubuntu.com/ubuntu noble/main amd64 cmake amd64 3.28.3-1build7 [11.2 MB]
2026-10-08T06:35:37.7408798Z Get:11 http://azure.archive.ubuntu.com/ubuntu noble-updates/main amd64 libasm1t64 amd64 0.190-1.1ubuntu0.1 [17.5 kB]
2026-10-08T06:35:37.8823291Z Get:12 http://azure.archive.ubuntu.com/ubuntu noble-updates/main amd64 elfutils amd64 0.190-1.1ubuntu0.1 [525 kB]
2026-10-08T06:35:38.0478942Z Get:13 http://azure.archive.ubuntu.com/ubuntu noble/main amd64 libproxy1v5 amd64 0.5.4-4build1 [26.5 kB]
2026-10-08T06:35:38.1894401Z Get:14 http://azure.archive.ubuntu.com/ubuntu noble/main amd64 glib-networking-common all 2.80.0-1build1 [6702 B]
2026-10-08T06:35:38.3306938Z Get:15 http://azure.archive.ubuntu.com/ubuntu noble/main amd64 glib-networking-services amd64 2.80.0-1build1 [12.8 kB]
2026-10-08T06:35:38.4720273Z Get:16 http://azure.archive.ubuntu.com/ubuntu noble/main amd64 session-migration amd64 0.3.9build1 [9034 B]
2026-10-08T06:35:38.6134411Z Get:17 http://azure.archive.ubuntu.com/ubuntu noble-updates/main amd64 gsettings-desktop-schemas all 46.1-0ubuntu1 [35.6 kB]
2026-10-08T06:35:38.7553689Z Get:18 http://azure.archive.ubuntu.com/ubuntu noble/main amd64 glib-networking amd64 2.80.0-1build1 [64.1 kB]
2026-10-08T06:35:38.8982056Z Get:19 http://azure.archive.ubuntu.com/ubuntu noble-updates/universe amd64 libva2 amd64 2.20.0-2ubuntu0.2 [66.4 kB]
2026-10-08T06:35:39.0450410Z Get:20 http://azure.archive.ubuntu.com/ubuntu noble-updates/universe amd64 libigdgmm12 amd64 22.3.17+ds1-1ubuntu1 [145 kB]
2026-10-08T06:35:39.1914470Z Get:21 http://azure.archive.ubuntu.com/ubuntu noble-updates/universe amd64 intel-media-va-driver amd64 24.1.0+dfsg1-1ubuntu0.2 [3163 kB]
2026-10-08T06:35:39.4733820Z Get:22 http://azure.archive.ubuntu.com/ubuntu noble-updates/main amd64 libasound2-dev amd64 1.2.11-1ubuntu0.3 [115 kB]
2026-10-08T06:35:39.6192093Z Get:23 http://azure.archive.ubuntu.com/ubuntu noble/main amd64 libasyncns0 amd64 0.8-6build4 [11.3 kB]
2026-10-08T06:35:39.7604252Z Get:24 http://azure.archive.ubuntu.com/ubuntu noble/main amd64 libbrotli-dev amd64 1.1.0-2build2 [353 kB]
2026-10-08T06:35:39.9166890Z Get:25 http://azure.archive.ubuntu.com/ubuntu noble-updates/main amd64 libbz2-dev amd64 1.0.8-5.1ubuntu0.1 [33.6 kB]
2026-10-08T06:35:40.0589421Z Get:26 http://azure.archive.ubuntu.com/ubuntu noble/main amd64 libflac12t64 amd64 1.4.3+ds-2.1ubuntu2 [197 kB]
2026-10-08T06:35:40.2094542Z Get:27 http://azure.archive.ubuntu.com/ubuntu noble-updates/main amd64 libfreetype6 amd64 2.13.2+dfsg-1ubuntu0.2 [403 kB]
2026-10-08T06:35:40.3718780Z Get:28 http://azure.archive.ubuntu.com/ubuntu noble-security/main amd64 libpng-dev amd64 1.6.43-5ubuntu0.7 [265 kB]
2026-10-08T06:35:40.5243653Z Get:29 http://azure.archive.ubuntu.com/ubuntu noble-updates/main amd64 libfreetype-dev amd64 2.13.2+dfsg-1ubuntu0.2 [574 kB]
2026-10-08T06:35:40.6937635Z Get:30 http://azure.archive.ubuntu.com/ubuntu noble-updates/main amd64 uuid-dev amd64 2.39.3-9ubuntu6.6 [33.5 kB]
2026-10-08T06:35:40.8363692Z Get:31 http://azure.archive.ubuntu.com/ubuntu noble/main amd64 libfontconfig-dev amd64 2.15.0-1.1ubuntu2 [161 kB]
2026-10-08T06:35:40.9838855Z Get:32 http://azure.archive.ubuntu.com/ubuntu noble-updates/main amd64 libgirepository-2.0-0 amd64 2.80.0-6ubuntu3.9 [73.5 kB]
2026-10-08T06:35:41.1276656Z Get:33 http://azure.archive.ubuntu.com/ubuntu noble/main amd64 libhttp-parser2.9 amd64 2.9.4-6build1 [22.3 kB]
2026-10-08T06:35:41.2692394Z Get:34 http://azure.archive.ubuntu.com/ubuntu noble-updates/main amd64 libgit2-1.7 amd64 1.7.2+ds-1ubuntu3.2 [529 kB]
2026-10-08T06:35:41.4334666Z Get:35 http://azure.archive.ubuntu.com/ubuntu noble-updates/main amd64 libglib2.0-dev-bin amd64 2.80.0-6ubuntu3.9 [138 kB]
2026-10-08T06:35:41.5804493Z Get:36 http://azure.archive.ubuntu.com/ubuntu noble-updates/main amd64 libblkid-dev amd64 2.39.3-9ubuntu6.6 [205 kB]
2026-10-08T06:35:41.7315110Z Get:37 http://azure.archive.ubuntu.com/ubuntu noble/main amd64 libsepol-dev amd64 3.5-2build1 [384 kB]
2026-10-08T06:35:41.8928057Z Get:38 http://azure.archive.ubuntu.com/ubuntu noble-updates/main amd64 libselinux1-dev amd64 3.5-2ubuntu2.1 [164 kB]
2026-10-08T06:35:42.0410277Z Get:39 http://azure.archive.ubuntu.com/ubuntu noble-updates/main amd64 libmount-dev amd64 2.39.3-9ubuntu6.6 [14.9 kB]
2026-10-08T06:35:42.1829686Z Get:40 http://azure.archive.ubuntu.com/ubuntu noble-updates/main amd64 libglib2.0-dev amd64 2.80.0-6ubuntu3.9 [1860 kB]
2026-10-08T06:35:42.4089440Z Get:41 http://azure.archive.ubuntu.com/ubuntu noble/main amd64 libmp3lame0 amd64 3.100-6build1 [142 kB]
2026-10-08T06:35:42.5553860Z Get:42 http://azure.archive.ubuntu.com/ubuntu noble-updates/main amd64 libmpg123-0t64 amd64 1.32.5-1ubuntu1.1 [169 kB]
2026-10-08T06:35:42.7035863Z Get:43 http://azure.archive.ubuntu.com/ubuntu noble/main amd64 libopus0 amd64 1.4-1build1 [208 kB]
2026-10-08T06:35:42.8535504Z Get:44 http://azure.archive.ubuntu.com/ubuntu noble/main amd64 libwebrtc-audio-processing1 amd64 0.3.1-0ubuntu6 [290 kB]
2026-10-08T06:35:43.0068090Z Get:45 http://azure.archive.ubuntu.com/ubuntu noble-updates/main amd64 libspa-0.2-modules amd64 1.0.5-1ubuntu3.3 [628 kB]
2026-10-08T06:35:43.1759659Z Get:46 http://azure.archive.ubuntu.com/ubuntu noble-updates/main amd64 libpipewire-0.3-0t64 amd64 1.0.5-1ubuntu3.3 [252 kB]
2026-10-08T06:35:43.3275198Z Get:47 http://azure.archive.ubuntu.com/ubuntu noble-updates/main amd64 libpipewire-0.3-common all 1.0.5-1ubuntu3.3 [19.5 kB]
2026-10-08T06:35:43.4701880Z Get:48 http://azure.archive.ubuntu.com/ubuntu noble/main amd64 libvorbisenc2 amd64 1.3.7-1build3 [80.8 kB]
2026-10-08T06:35:43.6144727Z Get:49 http://azure.archive.ubuntu.com/ubuntu noble-updates/main amd64 libsndfile1 amd64 1.2.2-1ubuntu5.24.04.1 [209 kB]
2026-10-08T06:35:43.7655278Z Get:50 http://azure.archive.ubuntu.com/ubuntu noble-updates/main amd64 libpulse0 amd64 1:16.1+dfsg1-2ubuntu10.1 [292 kB]
2026-10-08T06:35:44.0467940Z Get:51 http://azure.archive.ubuntu.com/ubuntu noble/main amd64 libspeexdsp1 amd64 1.2.1-1ubuntu3 [43.1 kB]
2026-10-08T06:35:44.4541513Z Get:52 http://azure.archive.ubuntu.com/ubuntu noble/main amd64 libroc0.3 amd64 0.3.0+dfsg-7ubuntu2 [247 kB]
2026-10-08T06:35:44.9422768Z Get:53 http://azure.archive.ubuntu.com/ubuntu noble-updates/main amd64 libsoup-3.0-common all 3.4.4-5ubuntu0.9 [12.3 kB]
2026-10-08T06:35:45.0808545Z Get:54 http://azure.archive.ubuntu.com/ubuntu noble-updates/main amd64 libsoup-3.0-0 amd64 3.4.4-5ubuntu0.9 [291 kB]
2026-10-08T06:35:45.3169000Z Get:55 http://azure.archive.ubuntu.com/ubuntu noble/main amd64 libsnapd-glib-2-1 amd64 1.64-0ubuntu5 [107 kB]
2026-10-08T06:35:45.4836482Z Get:56 http://azure.archive.ubuntu.com/ubuntu noble-updates/main amd64 libpipewire-0.3-modules amd64 1.0.5-1ubuntu3.3 [815 kB]
2026-10-08T06:35:45.8444539Z Get:57 http://azure.archive.ubuntu.com/ubuntu noble-security/main amd64 libpng-tools amd64 1.6.43-5ubuntu0.7 [28.5 kB]
2026-10-08T06:35:45.9826840Z Get:58 http://azure.archive.ubuntu.com/ubuntu noble/main amd64 libpthread-stubs0-dev amd64 0.4-1build3 [4746 B]
2026-10-08T06:35:46.1185460Z Get:59 http://azure.archive.ubuntu.com/ubuntu noble-updates/main amd64 libssh2-1-dev amd64 1.11.0-4.1ubuntu0.24.04.4 [260 kB]
2026-10-08T06:35:46.2785312Z Get:60 http://azure.archive.ubuntu.com/ubuntu noble-updates/universe amd64 libva-drm2 amd64 2.20.0-2ubuntu0.2 [7124 B]
2026-10-08T06:35:46.4159646Z Get:61 http://azure.archive.ubuntu.com/ubuntu noble-updates/universe amd64 libva-x11-2 amd64 2.20.0-2ubuntu0.2 [12.0 kB]
2026-10-08T06:35:46.5519061Z Get:62 http://azure.archive.ubuntu.com/ubuntu noble-updates/universe amd64 libva-glx2 amd64 2.20.0-2ubuntu0.2 [11.4 kB]
2026-10-08T06:35:46.6881217Z Get:63 http://azure.archive.ubuntu.com/ubuntu noble-updates/universe amd64 libva-wayland2 amd64 2.20.0-2ubuntu0.2 [10.9 kB]
2026-10-08T06:35:46.8241464Z Get:64 http://azure.archive.ubuntu.com/ubuntu noble/main amd64 libwayland-server0 amd64 1.22.0-2.1build1 [33.9 kB]
2026-10-08T06:35:46.9611984Z Get:65 http://azure.archive.ubuntu.com/ubuntu noble/main amd64 libwayland-bin amd64 1.22.0-2.1build1 [20.6 kB]
2026-10-08T06:35:47.0979164Z Get:66 http://azure.archive.ubuntu.com/ubuntu noble/main amd64 libwayland-dev amd64 1.22.0-2.1build1 [71.3 kB]
2026-10-08T06:35:47.2362077Z Get:67 http://azure.archive.ubuntu.com/ubuntu noble/universe amd64 libset-scalar-perl all 1.29-3 [28.6 kB]
2026-10-08T06:35:47.3722660Z Get:68 http://azure.archive.ubuntu.com/ubuntu noble-updates/universe amd64 libva-dev amd64 2.20.0-2ubuntu0.2 [114 kB]
2026-10-08T06:35:47.5124415Z Get:69 http://azure.archive.ubuntu.com/ubuntu noble-updates/main amd64 libwireplumber-0.4-0 amd64 0.4.17-1ubuntu4.1 [247 kB]
2026-10-08T06:35:47.6584444Z Get:70 http://azure.archive.ubuntu.com/ubuntu noble/main amd64 xorg-sgml-doctools all 1:1.11-1.1 [10.9 kB]
2026-10-08T06:35:47.7943601Z Get:71 http://azure.archive.ubuntu.com/ubuntu noble/main amd64 x11proto-dev all 2023.2-1 [602 kB]
2026-10-08T06:35:47.9566928Z Get:72 http://azure.archive.ubuntu.com/ubuntu noble/main amd64 libxau-dev amd64 1:1.0.9-1build6 [9570 B]
2026-10-08T06:35:48.0940409Z Get:73 http://azure.archive.ubuntu.com/ubuntu noble/main amd64 libxdmcp-dev amd64 1:1.1.3-0ubuntu6 [26.5 kB]
2026-10-08T06:35:48.2299929Z Get:74 http://azure.archive.ubuntu.com/ubuntu noble/main amd64 xtrans-dev all 1.4.0-1 [68.9 kB]
2026-10-08T06:35:48.3674010Z Get:75 http://azure.archive.ubuntu.com/ubuntu noble/main amd64 libxcb1-dev amd64 1.15-1ubuntu2 [85.8 kB]
2026-10-08T06:35:48.5073435Z Get:76 http://azure.archive.ubuntu.com/ubuntu noble/main amd64 libx11-dev amd64 2:1.8.7-1build1 [732 kB]
2026-10-08T06:35:48.6736082Z Get:77 http://azure.archive.ubuntu.com/ubuntu noble/main amd64 libx11-xcb-dev amd64 2:1.8.7-1build1 [9950 B]
2026-10-08T06:35:48.8101127Z Get:78 http://azure.archive.ubuntu.com/ubuntu noble/main amd64 libxcb-xkb1 amd64 1.15-1ubuntu2 [32.3 kB]
2026-10-08T06:35:48.9467113Z Get:79 http://azure.archive.ubuntu.com/ubuntu noble/main amd64 libxcb-xkb-dev amd64 1.15-1ubuntu2 [42.5 kB]
2026-10-08T06:35:49.0835227Z Get:80 http://azure.archive.ubuntu.com/ubuntu noble/main amd64 libxkbcommon-dev amd64 1.6.0-1build1 [56.3 kB]
2026-10-08T06:35:49.2209562Z Get:81 http://azure.archive.ubuntu.com/ubuntu noble/main amd64 libxkbcommon-x11-0 amd64 1.6.0-1build1 [14.5 kB]
2026-10-08T06:35:49.3579044Z Get:82 http://azure.archive.ubuntu.com/ubuntu noble/universe amd64 lld amd64 1:18.0-59~exp2 [5494 B]
2026-10-08T06:35:49.4940493Z Get:83 http://azure.archive.ubuntu.com/ubuntu noble/universe amd64 llvm-runtime amd64 1:18.0-59~exp2 [5496 B]
2026-10-08T06:35:49.6300587Z Get:84 http://azure.archive.ubuntu.com/ubuntu noble/universe amd64 llvm amd64 1:18.0-59~exp2 [4146 B]
2026-10-08T06:35:49.7668689Z Get:85 http://azure.archive.ubuntu.com/ubuntu noble-updates/universe amd64 mesa-va-drivers amd64 25.2.8-0ubuntu0.24.04.4 [6778 B]
2026-10-08T06:35:49.9027844Z Get:86 http://azure.archive.ubuntu.com/ubuntu noble-updates/main amd64 pipewire-bin amd64 1.0.5-1ubuntu3.3 [365 kB]
2026-10-08T06:35:50.0558691Z Get:87 http://azure.archive.ubuntu.com/ubuntu noble-updates/main amd64 pipewire amd64 1.0.5-1ubuntu3.3 [90.1 kB]
2026-10-08T06:35:50.1949303Z Get:88 http://azure.archive.ubuntu.com/ubuntu noble-updates/main amd64 pipewire-pulse amd64 1.0.5-1ubuntu3.3 [8454 B]
2026-10-08T06:35:50.3307794Z Get:89 http://azure.archive.ubuntu.com/ubuntu noble/main amd64 rtkit amd64 0.13-5build1 [34.6 kB]
2026-10-08T06:35:50.4677804Z Get:90 http://azure.archive.ubuntu.com/ubuntu noble-updates/universe amd64 i965-va-driver amd64 2.4.1+dfsg1-1ubuntu0.2 [332 kB]
2026-10-08T06:35:50.6170862Z Get:91 http://azure.archive.ubuntu.com/ubuntu noble-updates/universe amd64 va-driver-all amd64 2.20.0-2ubuntu0.2 [5014 B]
2026-10-08T06:35:50.7531249Z Get:92 http://azure.archive.ubuntu.com/ubuntu noble-updates/main amd64 wireplumber amd64 0.4.17-1ubuntu4.1 [80.0 kB]
2026-10-08T06:35:51.0369406Z Get:93 http://azure.archive.ubuntu.com/ubuntu noble-updates/main amd64 xdg-desktop-portal amd64 1.18.4-1ubuntu2.24.04.3 [307 kB]
2026-10-08T06:35:51.8739176Z Get:94 http://azure.archive.ubuntu.com/ubuntu noble/main amd64 libhttp-parser-dev amd64 2.9.4-6build1 [21.5 kB]
2026-10-08T06:35:52.0223382Z Get:95 http://azure.archive.ubuntu.com/ubuntu noble-updates/main amd64 libgit2-dev amd64 1.7.2+ds-1ubuntu3.2 [814 kB]
2026-10-08T06:35:52.4552388Z Get:96 http://azure.archive.ubuntu.com/ubuntu noble/main amd64 libxkbcommon-x11-dev amd64 1.6.0-1build1 [5586 B]
2026-10-08T06:35:52.5962509Z Get:97 http://azure.archive.ubuntu.com/ubuntu noble/universe amd64 musl amd64 1.2.4-2 [416 kB]
2026-10-08T06:35:52.7839600Z Get:98 http://azure.archive.ubuntu.com/ubuntu noble/universe amd64 musl-dev amd64 1.2.4-2 [616 kB]
2026-10-08T06:35:52.9944738Z Get:99 http://azure.archive.ubuntu.com/ubuntu noble/universe amd64 musl-tools amd64 1.2.4-2 [5540 B]
2026-10-08T06:35:53.3704300Z Fetched 33.4 MB in 17s (1948 kB/s)
2026-10-08T06:35:53.4205754Z (Reading database ... 
2026-10-08T06:35:53.4206417Z (Reading database ... 5%
2026-10-08T06:35:53.4206979Z (Reading database ... 10%
2026-10-08T06:35:53.4207517Z (Reading database ... 15%
2026-10-08T06:35:53.4208051Z (Reading database ... 20%
2026-10-08T06:35:53.4208891Z (Reading database ... 25%
2026-10-08T06:35:53.4209396Z (Reading database ... 30%
2026-10-08T06:35:53.4209895Z (Reading database ... 35%
2026-10-08T06:35:53.4210394Z (Reading database ... 40%
2026-10-08T06:35:53.4210948Z (Reading database ... 45%
2026-10-08T06:35:53.4211485Z (Reading database ... 50%
2026-10-08T06:35:53.4256762Z (Reading database ... 55%
2026-10-08T06:35:53.5322067Z (Reading database ... 60%
2026-10-08T06:35:53.7278492Z (Reading database ... 65%
2026-10-08T06:35:53.9326401Z (Reading database ... 70%
2026-10-08T06:35:54.1190909Z (Reading database ... 75%
2026-10-08T06:35:54.2738977Z (Reading database ... 80%
2026-10-08T06:35:54.3723229Z (Reading database ... 85%
2026-10-08T06:35:54.4887461Z (Reading database ... 90%
2026-10-08T06:35:54.6199477Z (Reading database ... 95%
2026-10-08T06:35:54.6200088Z (Reading database ... 100%
2026-10-08T06:35:54.6200834Z (Reading database ... 203191 files and directories currently installed.)
2026-10-08T06:35:54.6243242Z Preparing to unpack .../00-libpng16-16t64_1.6.43-5ubuntu0.7_amd64.deb ...
2026-10-08T06:35:54.6290404Z Unpacking libpng16-16t64:amd64 (1.6.43-5ubuntu0.7) over (1.6.43-5ubuntu0.6) ...
2026-10-08T06:35:54.6535894Z Selecting previously unselected package bubblewrap.
2026-10-08T06:35:54.6663290Z Preparing to unpack .../01-bubblewrap_0.9.0-1ubuntu0.3_amd64.deb ...
2026-10-08T06:35:54.6670382Z Unpacking bubblewrap (0.9.0-1ubuntu0.3) ...
2026-10-08T06:35:54.6914916Z Selecting previously unselected package build-essential.
2026-10-08T06:35:54.7038890Z Preparing to unpack .../02-build-essential_12.10ubuntu1_amd64.deb ...
2026-10-08T06:35:54.7045581Z Unpacking build-essential (12.10ubuntu1) ...
2026-10-08T06:35:54.7236902Z Selecting previously unselected package bzip2-doc.
2026-10-08T06:35:54.7361663Z Preparing to unpack .../03-bzip2-doc_1.0.8-5.1ubuntu0.1_all.deb ...
2026-10-08T06:35:54.7368857Z Unpacking bzip2-doc (1.0.8-5.1ubuntu0.1) ...
2026-10-08T06:35:54.7647400Z Selecting previously unselected package clang.
2026-10-08T06:35:54.7785320Z Preparing to unpack .../04-clang_1%3a18.0-59~exp2_amd64.deb ...
2026-10-08T06:35:54.7792680Z Unpacking clang (1:18.0-59~exp2) ...
2026-10-08T06:35:54.8014178Z Selecting previously unselected package libjsoncpp25:amd64.
2026-10-08T06:35:54.8141549Z Preparing to unpack .../05-libjsoncpp25_1.9.5-6build1_amd64.deb ...
2026-10-08T06:35:54.8149374Z Unpacking libjsoncpp25:amd64 (1.9.5-6build1) ...
2026-10-08T06:35:54.8361998Z Selecting previously unselected package librhash0:amd64.
2026-10-08T06:35:54.8488787Z Preparing to unpack .../06-librhash0_1.4.3-3build1_amd64.deb ...
2026-10-08T06:35:54.8495900Z Unpacking librhash0:amd64 (1.4.3-3build1) ...
2026-10-08T06:35:54.8735659Z Selecting previously unselected package cmake-data.
2026-10-08T06:35:54.8862271Z Preparing to unpack .../07-cmake-data_3.28.3-1build7_all.deb ...
2026-10-08T06:35:54.8928381Z Unpacking cmake-data (3.28.3-1build7) ...
2026-10-08T06:35:55.4110186Z Selecting previously unselected package cmake.
2026-10-08T06:35:55.4250793Z Preparing to unpack .../08-cmake_3.28.3-1build7_amd64.deb ...
2026-10-08T06:35:55.4258007Z Unpacking cmake (3.28.3-1build7) ...
2026-10-08T06:35:55.5777922Z Selecting previously unselected package libasm1t64:amd64.
2026-10-08T06:35:55.5904767Z Preparing to unpack .../09-libasm1t64_0.190-1.1ubuntu0.1_amd64.deb ...
2026-10-08T06:35:55.5912191Z Unpacking libasm1t64:amd64 (0.190-1.1ubuntu0.1) ...
2026-10-08T06:35:55.6106185Z Selecting previously unselected package elfutils.
2026-10-08T06:35:55.6233725Z Preparing to unpack .../10-elfutils_0.190-1.1ubuntu0.1_amd64.deb ...
2026-10-08T06:35:55.6240977Z Unpacking elfutils (0.190-1.1ubuntu0.1) ...
2026-10-08T06:35:55.6573881Z Selecting previously unselected package libproxy1v5:amd64.
2026-10-08T06:35:55.6701542Z Preparing to unpack .../11-libproxy1v5_0.5.4-4build1_amd64.deb ...
2026-10-08T06:35:55.6708403Z Unpacking libproxy1v5:amd64 (0.5.4-4build1) ...
2026-10-08T06:35:55.6909652Z Selecting previously unselected package glib-networking-common.
2026-10-08T06:35:55.7036695Z Preparing to unpack .../12-glib-networking-common_2.80.0-1build1_all.deb ...
2026-10-08T06:35:55.7042595Z Unpacking glib-networking-common (2.80.0-1build1) ...
2026-10-08T06:35:55.7234235Z Selecting previously unselected package glib-networking-services.
2026-10-08T06:35:55.7363637Z Preparing to unpack .../13-glib-networking-services_2.80.0-1build1_amd64.deb ...
2026-10-08T06:35:55.7370952Z Unpacking glib-networking-services (2.80.0-1build1) ...
2026-10-08T06:35:55.7571220Z Selecting previously unselected package session-migration.
2026-10-08T06:35:55.7697539Z Preparing to unpack .../14-session-migration_0.3.9build1_amd64.deb ...
2026-10-08T06:35:55.7709299Z Unpacking session-migration (0.3.9build1) ...
2026-10-08T06:35:55.7910673Z Selecting previously unselected package gsettings-desktop-schemas.
2026-10-08T06:35:55.8036720Z Preparing to unpack .../15-gsettings-desktop-schemas_46.1-0ubuntu1_all.deb ...
2026-10-08T06:35:55.8042987Z Unpacking gsettings-desktop-schemas (46.1-0ubuntu1) ...
2026-10-08T06:35:55.8316580Z Selecting previously unselected package glib-networking:amd64.
2026-10-08T06:35:55.8446479Z Preparing to unpack .../16-glib-networking_2.80.0-1build1_amd64.deb ...
2026-10-08T06:35:55.8453400Z Unpacking glib-networking:amd64 (2.80.0-1build1) ...
2026-10-08T06:35:55.8677418Z Selecting previously unselected package libva2:amd64.
2026-10-08T06:35:55.8803720Z Preparing to unpack .../17-libva2_2.20.0-2ubuntu0.2_amd64.deb ...
2026-10-08T06:35:55.8810490Z Unpacking libva2:amd64 (2.20.0-2ubuntu0.2) ...
2026-10-08T06:35:55.9006635Z Selecting previously unselected package libigdgmm12:amd64.
2026-10-08T06:35:55.9135046Z Preparing to unpack .../18-libigdgmm12_22.3.17+ds1-1ubuntu1_amd64.deb ...
2026-10-08T06:35:55.9143176Z Unpacking libigdgmm12:amd64 (22.3.17+ds1-1ubuntu1) ...
2026-10-08T06:35:55.9352929Z Selecting previously unselected package intel-media-va-driver:amd64.
2026-10-08T06:35:55.9480329Z Preparing to unpack .../19-intel-media-va-driver_24.1.0+dfsg1-1ubuntu0.2_amd64.deb ...
2026-10-08T06:35:55.9487655Z Unpacking intel-media-va-driver:amd64 (24.1.0+dfsg1-1ubuntu0.2) ...
2026-10-08T06:35:56.0113410Z Selecting previously unselected package libasound2-dev:amd64.
2026-10-08T06:35:56.0239745Z Preparing to unpack .../20-libasound2-dev_1.2.11-1ubuntu0.3_amd64.deb ...
2026-10-08T06:35:56.0269624Z Unpacking libasound2-dev:amd64 (1.2.11-1ubuntu0.3) ...
2026-10-08T06:35:56.0587398Z Selecting previously unselected package libasyncns0:amd64.
2026-10-08T06:35:56.0715239Z Preparing to unpack .../21-libasyncns0_0.8-6build4_amd64.deb ...
2026-10-08T06:35:56.0722405Z Unpacking libasyncns0:amd64 (0.8-6build4) ...
2026-10-08T06:35:56.0909347Z Selecting previously unselected package libbrotli-dev:amd64.
2026-10-08T06:35:56.1035167Z Preparing to unpack .../22-libbrotli-dev_1.1.0-2build2_amd64.deb ...
2026-10-08T06:35:56.1042036Z Unpacking libbrotli-dev:amd64 (1.1.0-2build2) ...
2026-10-08T06:35:56.1287674Z Selecting previously unselected package libbz2-dev:amd64.
2026-10-08T06:35:56.1412978Z Preparing to unpack .../23-libbz2-dev_1.0.8-5.1ubuntu0.1_amd64.deb ...
2026-10-08T06:35:56.1420205Z Unpacking libbz2-dev:amd64 (1.0.8-5.1ubuntu0.1) ...
2026-10-08T06:35:56.1626617Z Selecting previously unselected package libflac12t64:amd64.
2026-10-08T06:35:56.1749816Z Preparing to unpack .../24-libflac12t64_1.4.3+ds-2.1ubuntu2_amd64.deb ...
2026-10-08T06:35:56.1758052Z Unpacking libflac12t64:amd64 (1.4.3+ds-2.1ubuntu2) ...
2026-10-08T06:35:56.2095441Z Preparing to unpack .../25-libfreetype6_2.13.2+dfsg-1ubuntu0.2_amd64.deb ...
2026-10-08T06:35:56.2134770Z Unpacking libfreetype6:amd64 (2.13.2+dfsg-1ubuntu0.2) over (2.13.2+dfsg-1ubuntu0.1) ...
2026-10-08T06:35:56.2358483Z Selecting previously unselected package libpng-dev:amd64.
2026-10-08T06:35:56.2484586Z Preparing to unpack .../26-libpng-dev_1.6.43-5ubuntu0.7_amd64.deb ...
2026-10-08T06:35:56.2491362Z Unpacking libpng-dev:amd64 (1.6.43-5ubuntu0.7) ...
2026-10-08T06:35:56.2784712Z Selecting previously unselected package libfreetype-dev:amd64.
2026-10-08T06:35:56.2921000Z Preparing to unpack .../27-libfreetype-dev_2.13.2+dfsg-1ubuntu0.2_amd64.deb ...
2026-10-08T06:35:56.2928468Z Unpacking libfreetype-dev:amd64 (2.13.2+dfsg-1ubuntu0.2) ...
2026-10-08T06:35:56.3265186Z Selecting previously unselected package uuid-dev:amd64.
2026-10-08T06:35:56.3390457Z Preparing to unpack .../28-uuid-dev_2.39.3-9ubuntu6.6_amd64.deb ...
2026-10-08T06:35:56.3397173Z Unpacking uuid-dev:amd64 (2.39.3-9ubuntu6.6) ...
2026-10-08T06:35:56.3626501Z Selecting previously unselected package libfontconfig-dev:amd64.
2026-10-08T06:35:56.3753188Z Preparing to unpack .../29-libfontconfig-dev_2.15.0-1.1ubuntu2_amd64.deb ...
2026-10-08T06:35:56.3760703Z Unpacking libfontconfig-dev:amd64 (2.15.0-1.1ubuntu2) ...
2026-10-08T06:35:56.3994363Z Selecting previously unselected package libgirepository-2.0-0:amd64.
2026-10-08T06:35:56.4118723Z Preparing to unpack .../30-libgirepository-2.0-0_2.80.0-6ubuntu3.9_amd64.deb ...
2026-10-08T06:35:56.4125289Z Unpacking libgirepository-2.0-0:amd64 (2.80.0-6ubuntu3.9) ...
2026-10-08T06:35:56.4329840Z Selecting previously unselected package libhttp-parser2.9:amd64.
2026-10-08T06:35:56.4458069Z Preparing to unpack .../31-libhttp-parser2.9_2.9.4-6build1_amd64.deb ...
2026-10-08T06:35:56.4465477Z Unpacking libhttp-parser2.9:amd64 (2.9.4-6build1) ...
2026-10-08T06:35:56.4673791Z Selecting previously unselected package libgit2-1.7:amd64.
2026-10-08T06:35:56.4802617Z Preparing to unpack .../32-libgit2-1.7_1.7.2+ds-1ubuntu3.2_amd64.deb ...
2026-10-08T06:35:56.4811080Z Unpacking libgit2-1.7:amd64 (1.7.2+ds-1ubuntu3.2) ...
2026-10-08T06:35:56.5088460Z Selecting previously unselected package libglib2.0-dev-bin.
2026-10-08T06:35:56.5214997Z Preparing to unpack .../33-libglib2.0-dev-bin_2.80.0-6ubuntu3.9_amd64.deb ...
2026-10-08T06:35:56.5223766Z Unpacking libglib2.0-dev-bin (2.80.0-6ubuntu3.9) ...
2026-10-08T06:35:56.5501577Z Selecting previously unselected package libblkid-dev:amd64.
2026-10-08T06:35:56.5628885Z Preparing to unpack .../34-libblkid-dev_2.39.3-9ubuntu6.6_amd64.deb ...
2026-10-08T06:35:56.5635174Z Unpacking libblkid-dev:amd64 (2.39.3-9ubuntu6.6) ...
2026-10-08T06:35:56.5865929Z Selecting previously unselected package libsepol-dev:amd64.
2026-10-08T06:35:56.5994240Z Preparing to unpack .../35-libsepol-dev_3.5-2build1_amd64.deb ...
2026-10-08T06:35:56.6000982Z Unpacking libsepol-dev:amd64 (3.5-2build1) ...
2026-10-08T06:35:56.6314766Z Selecting previously unselected package libselinux1-dev:amd64.
2026-10-08T06:35:56.6441591Z Preparing to unpack .../36-libselinux1-dev_3.5-2ubuntu2.1_amd64.deb ...
2026-10-08T06:35:56.6447846Z Unpacking libselinux1-dev:amd64 (3.5-2ubuntu2.1) ...
2026-10-08T06:35:56.6866430Z Selecting previously unselected package libmount-dev:amd64.
2026-10-08T06:35:56.6995050Z Preparing to unpack .../37-libmount-dev_2.39.3-9ubuntu6.6_amd64.deb ...
2026-10-08T06:35:56.7002856Z Unpacking libmount-dev:amd64 (2.39.3-9ubuntu6.6) ...
2026-10-08T06:35:56.7196709Z Selecting previously unselected package libglib2.0-dev:amd64.
2026-10-08T06:35:56.7324399Z Preparing to unpack .../38-libglib2.0-dev_2.80.0-6ubuntu3.9_amd64.deb ...
2026-10-08T06:35:56.7331743Z Unpacking libglib2.0-dev:amd64 (2.80.0-6ubuntu3.9) ...
2026-10-08T06:35:56.8332655Z Selecting previously unselected package libmp3lame0:amd64.
2026-10-08T06:35:56.8458866Z Preparing to unpack .../39-libmp3lame0_3.100-6build1_amd64.deb ...
2026-10-08T06:35:56.8465982Z Unpacking libmp3lame0:amd64 (3.100-6build1) ...
2026-10-08T06:35:56.8673826Z Selecting previously unselected package libmpg123-0t64:amd64.
2026-10-08T06:35:56.8800008Z Preparing to unpack .../40-libmpg123-0t64_1.32.5-1ubuntu1.1_amd64.deb ...
2026-10-08T06:35:56.8807288Z Unpacking libmpg123-0t64:amd64 (1.32.5-1ubuntu1.1) ...
2026-10-08T06:35:56.9022862Z Selecting previously unselected package libopus0:amd64.
2026-10-08T06:35:56.9149337Z Preparing to unpack .../41-libopus0_1.4-1build1_amd64.deb ...
2026-10-08T06:35:56.9156228Z Unpacking libopus0:amd64 (1.4-1build1) ...
2026-10-08T06:35:56.9381398Z Selecting previously unselected package libwebrtc-audio-processing1:amd64.
2026-10-08T06:35:56.9519233Z Preparing to unpack .../42-libwebrtc-audio-processing1_0.3.1-0ubuntu6_amd64.deb ...
2026-10-08T06:35:56.9526372Z Unpacking libwebrtc-audio-processing1:amd64 (0.3.1-0ubuntu6) ...
2026-10-08T06:35:56.9754861Z Selecting previously unselected package libspa-0.2-modules:amd64.
2026-10-08T06:35:56.9886186Z Preparing to unpack .../43-libspa-0.2-modules_1.0.5-1ubuntu3.3_amd64.deb ...
2026-10-08T06:35:56.9894507Z Unpacking libspa-0.2-modules:amd64 (1.0.5-1ubuntu3.3) ...
2026-10-08T06:35:57.0208646Z Selecting previously unselected package libpipewire-0.3-0t64:amd64.
2026-10-08T06:35:57.0337152Z Preparing to unpack .../44-libpipewire-0.3-0t64_1.0.5-1ubuntu3.3_amd64.deb ...
2026-10-08T06:35:57.0345058Z Unpacking libpipewire-0.3-0t64:amd64 (1.0.5-1ubuntu3.3) ...
2026-10-08T06:35:57.0567797Z Selecting previously unselected package libpipewire-0.3-common.
2026-10-08T06:35:57.0695556Z Preparing to unpack .../45-libpipewire-0.3-common_1.0.5-1ubuntu3.3_all.deb ...
2026-10-08T06:35:57.0710676Z Unpacking libpipewire-0.3-common (1.0.5-1ubuntu3.3) ...
2026-10-08T06:35:57.0897920Z Selecting previously unselected package libvorbisenc2:amd64.
2026-10-08T06:35:57.1026956Z Preparing to unpack .../46-libvorbisenc2_1.3.7-1build3_amd64.deb ...
2026-10-08T06:35:57.1033880Z Unpacking libvorbisenc2:amd64 (1.3.7-1build3) ...
2026-10-08T06:35:57.1262551Z Selecting previously unselected package libsndfile1:amd64.
2026-10-08T06:35:57.1391380Z Preparing to unpack .../47-libsndfile1_1.2.2-1ubuntu5.24.04.1_amd64.deb ...
2026-10-08T06:35:57.1399480Z Unpacking libsndfile1:amd64 (1.2.2-1ubuntu5.24.04.1) ...
2026-10-08T06:35:57.1648109Z Selecting previously unselected package libpulse0:amd64.
2026-10-08T06:35:57.1777111Z Preparing to unpack .../48-libpulse0_1%3a16.1+dfsg1-2ubuntu10.1_amd64.deb ...
2026-10-08T06:35:57.1840376Z Unpacking libpulse0:amd64 (1:16.1+dfsg1-2ubuntu10.1) ...
2026-10-08T06:35:57.2080845Z Selecting previously unselected package libspeexdsp1:amd64.
2026-10-08T06:35:57.2208579Z Preparing to unpack .../49-libspeexdsp1_1.2.1-1ubuntu3_amd64.deb ...
2026-10-08T06:35:57.2216469Z Unpacking libspeexdsp1:amd64 (1.2.1-1ubuntu3) ...
2026-10-08T06:35:57.2418640Z Selecting previously unselected package libroc0.3:amd64.
2026-10-08T06:35:57.2549095Z Preparing to unpack .../50-libroc0.3_0.3.0+dfsg-7ubuntu2_amd64.deb ...
2026-10-08T06:35:57.2556970Z Unpacking libroc0.3:amd64 (0.3.0+dfsg-7ubuntu2) ...
2026-10-08T06:35:57.2806610Z Selecting previously unselected package libsoup-3.0-common.
2026-10-08T06:35:57.2933767Z Preparing to unpack .../51-libsoup-3.0-common_3.4.4-5ubuntu0.9_all.deb ...
2026-10-08T06:35:57.2941076Z Unpacking libsoup-3.0-common (3.4.4-5ubuntu0.9) ...
2026-10-08T06:35:57.3163563Z Selecting previously unselected package libsoup-3.0-0:amd64.
2026-10-08T06:35:57.3290196Z Preparing to unpack .../52-libsoup-3.0-0_3.4.4-5ubuntu0.9_amd64.deb ...
2026-10-08T06:35:57.3296818Z Unpacking libsoup-3.0-0:amd64 (3.4.4-5ubuntu0.9) ...
2026-10-08T06:35:57.3518902Z Selecting previously unselected package libsnapd-glib-2-1:amd64.
2026-10-08T06:35:57.3645344Z Preparing to unpack .../53-libsnapd-glib-2-1_1.64-0ubuntu5_amd64.deb ...
2026-10-08T06:35:57.3651748Z Unpacking libsnapd-glib-2-1:amd64 (1.64-0ubuntu5) ...
2026-10-08T06:35:57.3852577Z Selecting previously unselected package libpipewire-0.3-modules:amd64.
2026-10-08T06:35:57.3977701Z Preparing to unpack .../54-libpipewire-0.3-modules_1.0.5-1ubuntu3.3_amd64.deb ...
2026-10-08T06:35:57.3984213Z Unpacking libpipewire-0.3-modules:amd64 (1.0.5-1ubuntu3.3) ...
2026-10-08T06:35:57.4459382Z Selecting previously unselected package libpng-tools.
2026-10-08T06:35:57.4589686Z Preparing to unpack .../55-libpng-tools_1.6.43-5ubuntu0.7_amd64.deb ...
2026-10-08T06:35:57.4596983Z Unpacking libpng-tools (1.6.43-5ubuntu0.7) ...
2026-10-08T06:35:57.4810603Z Selecting previously unselected package libpthread-stubs0-dev:amd64.
2026-10-08T06:35:57.4938065Z Preparing to unpack .../56-libpthread-stubs0-dev_0.4-1build3_amd64.deb ...
2026-10-08T06:35:57.4944314Z Unpacking libpthread-stubs0-dev:amd64 (0.4-1build3) ...
2026-10-08T06:35:57.5130055Z Selecting previously unselected package libssh2-1-dev:amd64.
2026-10-08T06:35:57.5258316Z Preparing to unpack .../57-libssh2-1-dev_1.11.0-4.1ubuntu0.24.04.4_amd64.deb ...
2026-10-08T06:35:57.5264972Z Unpacking libssh2-1-dev:amd64 (1.11.0-4.1ubuntu0.24.04.4) ...
2026-10-08T06:35:57.5800055Z Selecting previously unselected package libva-drm2:amd64.
2026-10-08T06:35:57.5927852Z Preparing to unpack .../58-libva-drm2_2.20.0-2ubuntu0.2_amd64.deb ...
2026-10-08T06:35:57.5935747Z Unpacking libva-drm2:amd64 (2.20.0-2ubuntu0.2) ...
2026-10-08T06:35:57.6137473Z Selecting previously unselected package libva-x11-2:amd64.
2026-10-08T06:35:57.6267142Z Preparing to unpack .../59-libva-x11-2_2.20.0-2ubuntu0.2_amd64.deb ...
2026-10-08T06:35:57.6286753Z Unpacking libva-x11-2:amd64 (2.20.0-2ubuntu0.2) ...
2026-10-08T06:35:57.6492576Z Selecting previously unselected package libva-glx2:amd64.
2026-10-08T06:35:57.6624670Z Preparing to unpack .../60-libva-glx2_2.20.0-2ubuntu0.2_amd64.deb ...
2026-10-08T06:35:57.6633433Z Unpacking libva-glx2:amd64 (2.20.0-2ubuntu0.2) ...
2026-10-08T06:35:57.6844531Z Selecting previously unselected package libva-wayland2:amd64.
2026-10-08T06:35:57.6972774Z Preparing to unpack .../61-libva-wayland2_2.20.0-2ubuntu0.2_amd64.deb ...
2026-10-08T06:35:57.6980047Z Unpacking libva-wayland2:amd64 (2.20.0-2ubuntu0.2) ...
2026-10-08T06:35:57.7176204Z Selecting previously unselected package libwayland-server0:amd64.
2026-10-08T06:35:57.7303466Z Preparing to unpack .../62-libwayland-server0_1.22.0-2.1build1_amd64.deb ...
2026-10-08T06:35:57.7311252Z Unpacking libwayland-server0:amd64 (1.22.0-2.1build1) ...
2026-10-08T06:35:57.7503282Z Selecting previously unselected package libwayland-bin.
2026-10-08T06:35:57.7632090Z Preparing to unpack .../63-libwayland-bin_1.22.0-2.1build1_amd64.deb ...
2026-10-08T06:35:57.7640316Z Unpacking libwayland-bin (1.22.0-2.1build1) ...
2026-10-08T06:35:57.7878378Z Selecting previously unselected package libwayland-dev:amd64.
2026-10-08T06:35:57.8008572Z Preparing to unpack .../64-libwayland-dev_1.22.0-2.1build1_amd64.deb ...
2026-10-08T06:35:57.8015913Z Unpacking libwayland-dev:amd64 (1.22.0-2.1build1) ...
2026-10-08T06:35:57.8273282Z Selecting previously unselected package libset-scalar-perl.
2026-10-08T06:35:57.8400749Z Preparing to unpack .../65-libset-scalar-perl_1.29-3_all.deb ...
2026-10-08T06:35:57.8407428Z Unpacking libset-scalar-perl (1.29-3) ...
2026-10-08T06:35:57.8615429Z Selecting previously unselected package libva-dev:amd64.
2026-10-08T06:35:57.8745209Z Preparing to unpack .../66-libva-dev_2.20.0-2ubuntu0.2_amd64.deb ...
2026-10-08T06:35:57.8753489Z Unpacking libva-dev:amd64 (2.20.0-2ubuntu0.2) ...
2026-10-08T06:35:57.9082688Z Selecting previously unselected package libwireplumber-0.4-0:amd64.
2026-10-08T06:35:57.9212909Z Preparing to unpack .../67-libwireplumber-0.4-0_0.4.17-1ubuntu4.1_amd64.deb ...
2026-10-08T06:35:57.9221994Z Unpacking libwireplumber-0.4-0:amd64 (0.4.17-1ubuntu4.1) ...
2026-10-08T06:35:57.9469418Z Selecting previously unselected package xorg-sgml-doctools.
2026-10-08T06:35:57.9598000Z Preparing to unpack .../68-xorg-sgml-doctools_1%3a1.11-1.1_all.deb ...
2026-10-08T06:35:57.9604535Z Unpacking xorg-sgml-doctools (1:1.11-1.1) ...
2026-10-08T06:35:57.9826926Z Selecting previously unselected package x11proto-dev.
2026-10-08T06:35:57.9960833Z Preparing to unpack .../69-x11proto-dev_2023.2-1_all.deb ...
2026-10-08T06:35:57.9969392Z Unpacking x11proto-dev (2023.2-1) ...
2026-10-08T06:35:58.0492666Z Selecting previously unselected package libxau-dev:amd64.
2026-10-08T06:35:58.0623176Z Preparing to unpack .../70-libxau-dev_1%3a1.0.9-1build6_amd64.deb ...
2026-10-08T06:35:58.0631120Z Unpacking libxau-dev:amd64 (1:1.0.9-1build6) ...
2026-10-08T06:35:58.0849355Z Selecting previously unselected package libxdmcp-dev:amd64.
2026-10-08T06:35:58.0977821Z Preparing to unpack .../71-libxdmcp-dev_1%3a1.1.3-0ubuntu6_amd64.deb ...
2026-10-08T06:35:58.0985907Z Unpacking libxdmcp-dev:amd64 (1:1.1.3-0ubuntu6) ...
2026-10-08T06:35:58.1184716Z Selecting previously unselected package xtrans-dev.
2026-10-08T06:35:58.1315137Z Preparing to unpack .../72-xtrans-dev_1.4.0-1_all.deb ...
2026-10-08T06:35:58.1333265Z Unpacking xtrans-dev (1.4.0-1) ...
2026-10-08T06:35:58.1570098Z Selecting previously unselected package libxcb1-dev:amd64.
2026-10-08T06:35:58.1697224Z Preparing to unpack .../73-libxcb1-dev_1.15-1ubuntu2_amd64.deb ...
2026-10-08T06:35:58.1705556Z Unpacking libxcb1-dev:amd64 (1.15-1ubuntu2) ...
2026-10-08T06:35:58.1941504Z Selecting previously unselected package libx11-dev:amd64.
2026-10-08T06:35:58.2069321Z Preparing to unpack .../74-libx11-dev_2%3a1.8.7-1build1_amd64.deb ...
2026-10-08T06:35:58.2076603Z Unpacking libx11-dev:amd64 (2:1.8.7-1build1) ...
2026-10-08T06:35:58.2484573Z Selecting previously unselected package libx11-xcb-dev:amd64.
2026-10-08T06:35:58.2635597Z Preparing to unpack .../75-libx11-xcb-dev_2%3a1.8.7-1build1_amd64.deb ...
2026-10-08T06:35:58.2644241Z Unpacking libx11-xcb-dev:amd64 (2:1.8.7-1build1) ...
2026-10-08T06:35:58.2889574Z Selecting previously unselected package libxcb-xkb1:amd64.
2026-10-08T06:35:58.3018758Z Preparing to unpack .../76-libxcb-xkb1_1.15-1ubuntu2_amd64.deb ...
2026-10-08T06:35:58.3026403Z Unpacking libxcb-xkb1:amd64 (1.15-1ubuntu2) ...
2026-10-08T06:35:58.3231380Z Selecting previously unselected package libxcb-xkb-dev:amd64.
2026-10-08T06:35:58.3366901Z Preparing to unpack .../77-libxcb-xkb-dev_1.15-1ubuntu2_amd64.deb ...
2026-10-08T06:35:58.3374241Z Unpacking libxcb-xkb-dev:amd64 (1.15-1ubuntu2) ...
2026-10-08T06:35:58.3603105Z Selecting previously unselected package libxkbcommon-dev:amd64.
2026-10-08T06:35:58.3736858Z Preparing to unpack .../78-libxkbcommon-dev_1.6.0-1build1_amd64.deb ...
2026-10-08T06:35:58.3745047Z Unpacking libxkbcommon-dev:amd64 (1.6.0-1build1) ...
2026-10-08T06:35:58.4296117Z Selecting previously unselected package libxkbcommon-x11-0:amd64.
2026-10-08T06:35:58.4427420Z Preparing to unpack .../79-libxkbcommon-x11-0_1.6.0-1build1_amd64.deb ...
2026-10-08T06:35:58.4434422Z Unpacking libxkbcommon-x11-0:amd64 (1.6.0-1build1) ...
2026-10-08T06:35:58.4659793Z Selecting previously unselected package lld:amd64.
2026-10-08T06:35:58.4789451Z Preparing to unpack .../80-lld_1%3a18.0-59~exp2_amd64.deb ...
2026-10-08T06:35:58.4796832Z Unpacking lld:amd64 (1:18.0-59~exp2) ...
2026-10-08T06:35:58.4996093Z Selecting previously unselected package llvm-runtime:amd64.
2026-10-08T06:35:58.5129481Z Preparing to unpack .../81-llvm-runtime_1%3a18.0-59~exp2_amd64.deb ...
2026-10-08T06:35:58.5137152Z Unpacking llvm-runtime:amd64 (1:18.0-59~exp2) ...
2026-10-08T06:35:58.5328349Z Selecting previously unselected package llvm.
2026-10-08T06:35:58.5455667Z Preparing to unpack .../82-llvm_1%3a18.0-59~exp2_amd64.deb ...
2026-10-08T06:35:58.5483232Z Unpacking llvm (1:18.0-59~exp2) ...
2026-10-08T06:35:58.5759505Z Selecting previously unselected package mesa-va-drivers:amd64.
2026-10-08T06:35:58.5886449Z Preparing to unpack .../83-mesa-va-drivers_25.2.8-0ubuntu0.24.04.4_amd64.deb ...
2026-10-08T06:35:58.5893110Z Unpacking mesa-va-drivers:amd64 (25.2.8-0ubuntu0.24.04.4) ...
2026-10-08T06:35:58.6100928Z Selecting previously unselected package pipewire-bin.
2026-10-08T06:35:58.6231399Z Preparing to unpack .../84-pipewire-bin_1.0.5-1ubuntu3.3_amd64.deb ...
2026-10-08T06:35:58.6719345Z Unpacking pipewire-bin (1.0.5-1ubuntu3.3) ...
2026-10-08T06:35:58.7199653Z Selecting previously unselected package pipewire:amd64.
2026-10-08T06:35:58.7327757Z Preparing to unpack .../85-pipewire_1.0.5-1ubuntu3.3_amd64.deb ...
2026-10-08T06:35:58.7335603Z Unpacking pipewire:amd64 (1.0.5-1ubuntu3.3) ...
2026-10-08T06:35:58.7633309Z Selecting previously unselected package pipewire-pulse.
2026-10-08T06:35:58.7761747Z Preparing to unpack .../86-pipewire-pulse_1.0.5-1ubuntu3.3_amd64.deb ...
2026-10-08T06:35:58.7784131Z Unpacking pipewire-pulse (1.0.5-1ubuntu3.3) ...
2026-10-08T06:35:58.7992896Z Selecting previously unselected package rtkit.
2026-10-08T06:35:58.8121991Z Preparing to unpack .../87-rtkit_0.13-5build1_amd64.deb ...
2026-10-08T06:35:58.8185816Z Unpacking rtkit (0.13-5build1) ...
2026-10-08T06:35:58.8447600Z Selecting previously unselected package i965-va-driver:amd64.
2026-10-08T06:35:58.8579758Z Preparing to unpack .../88-i965-va-driver_2.4.1+dfsg1-1ubuntu0.2_amd64.deb ...
2026-10-08T06:35:58.8586334Z Unpacking i965-va-driver:amd64 (2.4.1+dfsg1-1ubuntu0.2) ...
2026-10-08T06:35:58.8870195Z Selecting previously unselected package va-driver-all:amd64.
2026-10-08T06:35:58.9000194Z Preparing to unpack .../89-va-driver-all_2.20.0-2ubuntu0.2_amd64.deb ...
2026-10-08T06:35:58.9010123Z Unpacking va-driver-all:amd64 (2.20.0-2ubuntu0.2) ...
2026-10-08T06:35:58.9208132Z Selecting previously unselected package wireplumber.
2026-10-08T06:35:58.9338066Z Preparing to unpack .../90-wireplumber_0.4.17-1ubuntu4.1_amd64.deb ...
2026-10-08T06:35:59.0093590Z Unpacking wireplumber (0.4.17-1ubuntu4.1) ...
2026-10-08T06:35:59.0422512Z Selecting previously unselected package xdg-desktop-portal.
2026-10-08T06:35:59.0551374Z Preparing to unpack .../91-xdg-desktop-portal_1.18.4-1ubuntu2.24.04.3_amd64.deb ...
2026-10-08T06:35:59.0562743Z Unpacking xdg-desktop-portal (1.18.4-1ubuntu2.24.04.3) ...
2026-10-08T06:35:59.0828672Z Selecting previously unselected package libhttp-parser-dev:amd64.
2026-10-08T06:35:59.0959029Z Preparing to unpack .../92-libhttp-parser-dev_2.9.4-6build1_amd64.deb ...
2026-10-08T06:35:59.0965349Z Unpacking libhttp-parser-dev:amd64 (2.9.4-6build1) ...
2026-10-08T06:35:59.1171005Z Selecting previously unselected package libgit2-dev:amd64.
2026-10-08T06:35:59.1301922Z Preparing to unpack .../93-libgit2-dev_1.7.2+ds-1ubuntu3.2_amd64.deb ...
2026-10-08T06:35:59.1309822Z Unpacking libgit2-dev:amd64 (1.7.2+ds-1ubuntu3.2) ...
2026-10-08T06:35:59.1811808Z Selecting previously unselected package libxkbcommon-x11-dev:amd64.
2026-10-08T06:35:59.1939520Z Preparing to unpack .../94-libxkbcommon-x11-dev_1.6.0-1build1_amd64.deb ...
2026-10-08T06:35:59.1946451Z Unpacking libxkbcommon-x11-dev:amd64 (1.6.0-1build1) ...
2026-10-08T06:35:59.2159649Z Selecting previously unselected package musl:amd64.
2026-10-08T06:35:59.2289368Z Preparing to unpack .../95-musl_1.2.4-2_amd64.deb ...
2026-10-08T06:35:59.2296443Z Unpacking musl:amd64 (1.2.4-2) ...
2026-10-08T06:35:59.2554891Z Selecting previously unselected package musl-dev:amd64.
2026-10-08T06:35:59.2686927Z Preparing to unpack .../96-musl-dev_1.2.4-2_amd64.deb ...
2026-10-08T06:35:59.2694430Z Unpacking musl-dev:amd64 (1.2.4-2) ...
2026-10-08T06:35:59.3265714Z Selecting previously unselected package musl-tools.
2026-10-08T06:35:59.3395299Z Preparing to unpack .../97-musl-tools_1.2.4-2_amd64.deb ...
2026-10-08T06:35:59.3435719Z Unpacking musl-tools (1.2.4-2) ...
2026-10-08T06:35:59.3880905Z Setting up libpipewire-0.3-common (1.0.5-1ubuntu3.3) ...
2026-10-08T06:35:59.3901872Z Setting up bubblewrap (0.9.0-1ubuntu0.3) ...
2026-10-08T06:35:59.3944011Z Setting up libglib2.0-dev-bin (2.80.0-6ubuntu3.9) ...
2026-10-08T06:35:59.5357300Z Setting up bzip2-doc (1.0.8-5.1ubuntu0.1) ...
2026-10-08T06:35:59.5378709Z Setting up libwayland-server0:amd64 (1.22.0-2.1build1) ...
2026-10-08T06:35:59.5398397Z Setting up session-migration (0.3.9build1) ...
2026-10-08T06:35:59.6570328Z Created symlink /etc/systemd/user/graphical-session-pre.target.wants/session-migration.service → /usr/lib/systemd/user/session-migration.service.
2026-10-08T06:35:59.6571328Z 
2026-10-08T06:35:59.6602235Z Setting up rtkit (0.13-5build1) ...
2026-10-08T06:35:59.9782258Z Setting up libproxy1v5:amd64 (0.5.4-4build1) ...
2026-10-08T06:35:59.9800431Z Setting up libgirepository-2.0-0:amd64 (2.80.0-6ubuntu3.9) ...
2026-10-08T06:35:59.9820315Z Setting up lld:amd64 (1:18.0-59~exp2) ...
2026-10-08T06:35:59.9842394Z Setting up libxkbcommon-dev:amd64 (1.6.0-1build1) ...
2026-10-08T06:35:59.9865037Z Setting up libwebrtc-audio-processing1:amd64 (0.3.1-0ubuntu6) ...
2026-10-08T06:35:59.9886381Z Setting up libigdgmm12:amd64 (22.3.17+ds1-1ubuntu1) ...
2026-10-08T06:35:59.9908970Z Setting up libsoup-3.0-common (3.4.4-5ubuntu0.9) ...
2026-10-08T06:35:59.9927680Z Setting up libmpg123-0t64:amd64 (1.32.5-1ubuntu1.1) ...
2026-10-08T06:35:59.9946334Z Setting up libpthread-stubs0-dev:amd64 (0.4-1build3) ...
2026-10-08T06:35:59.9965693Z Setting up libxcb-xkb1:amd64 (1.15-1ubuntu2) ...
2026-10-08T06:35:59.9985318Z Setting up xtrans-dev (1.4.0-1) ...
2026-10-08T06:36:00.0010666Z Setting up libwayland-bin (1.22.0-2.1build1) ...
2026-10-08T06:36:00.0030361Z Setting up libva2:amd64 (2.20.0-2ubuntu0.2) ...
2026-10-08T06:36:00.0049065Z Setting up libspa-0.2-modules:amd64 (1.0.5-1ubuntu3.3) ...
2026-10-08T06:36:00.0067484Z Setting up uuid-dev:amd64 (2.39.3-9ubuntu6.6) ...
2026-10-08T06:36:00.0086205Z Setting up clang (1:18.0-59~exp2) ...
2026-10-08T06:36:00.0296560Z Setting up llvm-runtime:amd64 (1:18.0-59~exp2) ...
2026-10-08T06:36:00.0312797Z Setting up libasm1t64:amd64 (0.190-1.1ubuntu0.1) ...
2026-10-08T06:36:00.0332349Z Setting up libopus0:amd64 (1.4-1build1) ...
2026-10-08T06:36:00.0352109Z Setting up libxkbcommon-x11-0:amd64 (1.6.0-1build1) ...
2026-10-08T06:36:00.0370940Z Setting up intel-media-va-driver:amd64 (24.1.0+dfsg1-1ubuntu0.2) ...
2026-10-08T06:36:00.0391724Z Setting up libpng16-16t64:amd64 (1.6.43-5ubuntu0.7) ...
2026-10-08T06:36:00.0411088Z Setting up libjsoncpp25:amd64 (1.9.5-6build1) ...
2026-10-08T06:36:00.0430092Z Setting up llvm (1:18.0-59~exp2) ...
2026-10-08T06:36:00.0454264Z Setting up libsepol-dev:amd64 (3.5-2build1) ...
2026-10-08T06:36:00.0471992Z Setting up libssh2-1-dev:amd64 (1.11.0-4.1ubuntu0.24.04.4) ...
2026-10-08T06:36:00.0532190Z Setting up libset-scalar-perl (1.29-3) ...
2026-10-08T06:36:00.0557966Z Setting up libva-wayland2:amd64 (2.20.0-2ubuntu0.2) ...
2026-10-08T06:36:00.0581378Z Setting up musl:amd64 (1.2.4-2) ...
2026-10-08T06:36:00.0617156Z Setting up libva-drm2:amd64 (2.20.0-2ubuntu0.2) ...
2026-10-08T06:36:00.0650307Z Setting up libasyncns0:amd64 (0.8-6build4) ...
2026-10-08T06:36:00.0686976Z Setting up librhash0:amd64 (1.4.3-3build1) ...
2026-10-08T06:36:00.0709237Z Setting up libspeexdsp1:amd64 (1.2.1-1ubuntu3) ...
2026-10-08T06:36:00.0732451Z Setting up build-essential (12.10ubuntu1) ...
2026-10-08T06:36:00.0751953Z Setting up xorg-sgml-doctools (1:1.11-1.1) ...
2026-10-08T06:36:00.0779114Z Setting up cmake-data (3.28.3-1build7) ...
2026-10-08T06:36:00.0851061Z Setting up libflac12t64:amd64 (1.4.3+ds-2.1ubuntu2) ...
2026-10-08T06:36:00.0872477Z Setting up mesa-va-drivers:amd64 (25.2.8-0ubuntu0.24.04.4) ...
2026-10-08T06:36:00.0897456Z Setting up glib-networking-common (2.80.0-1build1) ...
2026-10-08T06:36:00.0917072Z Setting up libasound2-dev:amd64 (1.2.11-1ubuntu0.3) ...
2026-10-08T06:36:00.0938732Z Setting up libva-x11-2:amd64 (2.20.0-2ubuntu0.2) ...
2026-10-08T06:36:00.0958960Z Setting up libva-glx2:amd64 (2.20.0-2ubuntu0.2) ...
2026-10-08T06:36:00.0980142Z Setting up libpipewire-0.3-0t64:amd64 (1.0.5-1ubuntu3.3) ...
2026-10-08T06:36:00.1002776Z Setting up libbrotli-dev:amd64 (1.1.0-2build2) ...
2026-10-08T06:36:00.1020613Z Setting up libmp3lame0:amd64 (3.100-6build1) ...
2026-10-08T06:36:00.1045139Z Setting up i965-va-driver:amd64 (2.4.1+dfsg1-1ubuntu0.2) ...
2026-10-08T06:36:00.1064260Z Setting up libhttp-parser2.9:amd64 (2.9.4-6build1) ...
2026-10-08T06:36:00.1087140Z Setting up libvorbisenc2:amd64 (1.3.7-1build3) ...
2026-10-08T06:36:00.1107559Z Setting up libbz2-dev:amd64 (1.0.8-5.1ubuntu0.1) ...
2026-10-08T06:36:00.1129569Z Setting up gsettings-desktop-schemas (46.1-0ubuntu1) ...
2026-10-08T06:36:00.1150219Z Setting up glib-networking-services (2.80.0-1build1) ...
2026-10-08T06:36:00.1170088Z Setting up libblkid-dev:amd64 (2.39.3-9ubuntu6.6) ...
2026-10-08T06:36:00.1199735Z Setting up libhttp-parser-dev:amd64 (2.9.4-6build1) ...
2026-10-08T06:36:00.1220267Z Setting up elfutils (0.190-1.1ubuntu0.1) ...
2026-10-08T06:36:00.1240562Z Setting up xdg-desktop-portal (1.18.4-1ubuntu2.24.04.3) ...
2026-10-08T06:36:00.2290175Z Created symlink /etc/systemd/user/graphical-session-pre.target.wants/xdg-desktop-portal-rewrite-launchers.service → /usr/lib/systemd/user/xdg-desktop-portal-rewrite-launchers.service.
2026-10-08T06:36:00.2291131Z 
2026-10-08T06:36:00.2318446Z Setting up libwireplumber-0.4-0:amd64 (0.4.17-1ubuntu4.1) ...
2026-10-08T06:36:00.2336671Z Setting up libpng-tools (1.6.43-5ubuntu0.7) ...
2026-10-08T06:36:00.2354117Z Setting up libselinux1-dev:amd64 (3.5-2ubuntu2.1) ...
2026-10-08T06:36:00.2375454Z Setting up libroc0.3:amd64 (0.3.0+dfsg-7ubuntu2) ...
2026-10-08T06:36:00.2395945Z Setting up libpng-dev:amd64 (1.6.43-5ubuntu0.7) ...
2026-10-08T06:36:00.2417715Z Setting up libwayland-dev:amd64 (1.22.0-2.1build1) ...
2026-10-08T06:36:00.2436314Z Setting up libva-dev:amd64 (2.20.0-2ubuntu0.2) ...
2026-10-08T06:36:00.2454091Z Setting up musl-dev:amd64 (1.2.4-2) ...
2026-10-08T06:36:00.2485190Z Setting up libfreetype6:amd64 (2.13.2+dfsg-1ubuntu0.2) ...
2026-10-08T06:36:00.2504629Z Setting up va-driver-all:amd64 (2.20.0-2ubuntu0.2) ...
2026-10-08T06:36:00.2529050Z Setting up cmake (3.28.3-1build7) ...
2026-10-08T06:36:00.2548041Z Setting up libgit2-1.7:amd64 (1.7.2+ds-1ubuntu3.2) ...
2026-10-08T06:36:00.2567151Z Setting up libsndfile1:amd64 (1.2.2-1ubuntu5.24.04.1) ...
2026-10-08T06:36:00.2589832Z Setting up libmount-dev:amd64 (2.39.3-9ubuntu6.6) ...
2026-10-08T06:36:00.2607735Z Setting up libgit2-dev:amd64 (1.7.2+ds-1ubuntu3.2) ...
2026-10-08T06:36:00.2628306Z Setting up libpulse0:amd64 (1:16.1+dfsg1-2ubuntu10.1) ...
2026-10-08T06:36:00.2699793Z Setting up libfreetype-dev:amd64 (2.13.2+dfsg-1ubuntu0.2) ...
2026-10-08T06:36:00.2726522Z Setting up musl-tools (1.2.4-2) ...
2026-10-08T06:36:00.2745259Z Setting up libglib2.0-dev:amd64 (2.80.0-6ubuntu3.9) ...
2026-10-08T06:36:00.2765591Z Setting up libfontconfig-dev:amd64 (2.15.0-1.1ubuntu2) ...
2026-10-08T06:36:00.2911149Z Processing triggers for man-db (2.12.0-4build2) ...
2026-10-08T06:36:00.2933573Z Not building database; man-db/auto-update is not 'true'.
2026-10-08T06:36:00.3219877Z Processing triggers for libglib2.0-0t64:amd64 (2.80.0-6ubuntu3.9) ...
2026-10-08T06:36:00.3440289Z Processing triggers for dbus (1.14.10-4ubuntu4.1) ...
2026-10-08T06:36:00.3587099Z Processing triggers for sgml-base (1.31) ...
2026-10-08T06:36:00.3704608Z Setting up glib-networking:amd64 (2.80.0-1build1) ...
2026-10-08T06:36:00.3726307Z Processing triggers for install-info (7.1-3build2) ...
2026-10-08T06:36:00.4764983Z Setting up x11proto-dev (2023.2-1) ...
2026-10-08T06:36:00.4788778Z Setting up libxau-dev:amd64 (1:1.0.9-1build6) ...
2026-10-08T06:36:00.4810326Z Processing triggers for libc-bin (2.39-0ubuntu8.9) ...
2026-10-08T06:36:00.5128666Z Setting up libsoup-3.0-0:amd64 (3.4.4-5ubuntu0.9) ...
2026-10-08T06:36:00.5173479Z Setting up libxdmcp-dev:amd64 (1:1.1.3-0ubuntu6) ...
2026-10-08T06:36:00.5208602Z Setting up libsnapd-glib-2-1:amd64 (1.64-0ubuntu5) ...
2026-10-08T06:36:00.5248786Z Setting up libxcb1-dev:amd64 (1.15-1ubuntu2) ...
2026-10-08T06:36:00.5269986Z Setting up libxcb-xkb-dev:amd64 (1.15-1ubuntu2) ...
2026-10-08T06:36:00.5293871Z Setting up libx11-dev:amd64 (2:1.8.7-1build1) ...
2026-10-08T06:36:00.5331192Z Setting up libpipewire-0.3-modules:amd64 (1.0.5-1ubuntu3.3) ...
2026-10-08T06:36:00.5412126Z Setting up libxkbcommon-x11-dev:amd64 (1.6.0-1build1) ...
2026-10-08T06:36:00.5440043Z Setting up libx11-xcb-dev:amd64 (2:1.8.7-1build1) ...
2026-10-08T06:36:00.5466025Z Setting up pipewire-bin (1.0.5-1ubuntu3.3) ...
2026-10-08T06:36:00.6112173Z Setting up pipewire:amd64 (1.0.5-1ubuntu3.3) ...
2026-10-08T06:36:00.7715675Z Created symlink /etc/systemd/user/default.target.wants/filter-chain.service → /usr/lib/systemd/user/filter-chain.service.
2026-10-08T06:36:00.7716587Z 
2026-10-08T06:36:00.7717203Z Created symlink /etc/systemd/user/sockets.target.wants/pipewire.socket → /usr/lib/systemd/user/pipewire.socket.
2026-10-08T06:36:00.7717692Z 
2026-10-08T06:36:00.8808098Z Created symlink /etc/systemd/user/default.target.wants/pipewire.service → /usr/lib/systemd/user/pipewire.service.
2026-10-08T06:36:00.8809162Z 
2026-10-08T06:36:00.9932663Z Setting up wireplumber (0.4.17-1ubuntu4.1) ...
2026-10-08T06:36:01.1033115Z Created symlink /etc/systemd/user/pipewire.service.wants/wireplumber.service → /usr/lib/systemd/user/wireplumber.service.
2026-10-08T06:36:01.1034046Z 
2026-10-08T06:36:01.1811711Z Setting up pipewire-pulse (1.0.5-1ubuntu3.3) ...
2026-10-08T06:36:01.2906513Z Created symlink /etc/systemd/user/default.target.wants/pipewire-pulse.service → /usr/lib/systemd/user/pipewire-pulse.service.
2026-10-08T06:36:01.2907539Z 
2026-10-08T06:36:01.2908541Z Created symlink /etc/systemd/user/sockets.target.wants/pipewire-pulse.socket → /usr/lib/systemd/user/pipewire-pulse.socket.
2026-10-08T06:36:01.2909115Z 
2026-10-08T06:36:01.4043441Z Processing triggers for libc-bin (2.39-0ubuntu8.9) ...
2026-10-08T06:36:02.0377507Z 
2026-10-08T06:36:02.0378239Z Running kernel seems to be up-to-date.
2026-10-08T06:36:02.0378883Z 
2026-10-08T06:36:02.0379072Z Restarting services...
2026-10-08T06:36:02.0453702Z  systemctl restart php8.3-fpm.service
2026-10-08T06:36:02.1626071Z 
2026-10-08T06:36:02.1627383Z No containers need to be restarted.
2026-10-08T06:36:02.1627784Z 
2026-10-08T06:36:02.1639363Z No user sessions are running outdated binaries.
2026-10-08T06:36:02.1639790Z 
2026-10-08T06:36:02.1640142Z No VM guests are running outdated hypervisor (qemu) binaries on this host.
2026-10-08T06:36:03.0838419Z + finalize
2026-10-08T06:36:03.0838890Z + which rustup
2026-10-08T06:36:03.0849769Z + cat
2026-10-08T06:36:03.0859700Z Finished installing Linux dependencies with script/linux
2026-10-08T06:36:03.0861217Z + exit 0
2026-10-08T06:36:03.0912463Z ##[group]Run sudo apt-get update
2026-10-08T06:36:03.0912979Z [36;1msudo apt-get update[0m
2026-10-08T06:36:03.0913558Z [36;1msudo apt-get install -y libvulkan1 mesa-vulkan-drivers[0m
2026-10-08T06:36:03.0914475Z [36;1mvulkan_icd="$(find /usr/share/vulkan/icd.d -name 'lvp_icd*.json' -print -quit)"[0m
2026-10-08T06:36:03.0915266Z [36;1mtest -n "$vulkan_icd"[0m
2026-10-08T06:36:03.0915799Z [36;1mecho "VK_DRIVER_FILES=$vulkan_icd" >> "$GITHUB_ENV"[0m
2026-10-08T06:36:03.1000085Z shell: /usr/bin/bash --noprofile --norc -e -o pipefail {0}
2026-10-08T06:36:03.1000434Z env:
2026-10-08T06:36:03.1000638Z   CARGO_TERM_COLOR: always
2026-10-08T06:36:03.1000881Z   CARGO_INCREMENTAL: 0
2026-10-08T06:36:03.1001106Z   CARGO_PROFILE_DEV_DEBUG: 0
2026-10-08T06:36:03.1001378Z   CARGO_PROFILE_DEV_BUILD_OVERRIDE_DEBUG: 0
2026-10-08T06:36:03.1001841Z   RUST_BACKTRACE: 1
2026-10-08T06:36:03.1002045Z   CC: clang
2026-10-08T06:36:03.1002222Z   CXX: clang++
2026-10-08T06:36:03.1002589Z   WGPU_BACKEND: vulkan
2026-10-08T06:36:03.1002995Z   CI_TEST_FILTER: 
2026-10-08T06:36:03.1003369Z   CI_TEST_MODE: full
2026-10-08T06:36:03.1003749Z   CARGO_BUILD_JOBS: 4
2026-10-08T06:36:03.1004146Z   CI_TEST_THREADS: 4
2026-10-08T06:36:03.1004531Z ##[endgroup]
2026-10-08T06:36:03.1755374Z Get:1 file:/etc/apt/apt-mirrors.txt Mirrorlist [144 B]
2026-10-08T06:36:03.2031471Z Hit:6 https://packages.microsoft.com/ubuntu/24.04/prod noble InRelease
2026-10-08T06:36:03.2034395Z Hit:2 http://azure.archive.ubuntu.com/ubuntu noble InRelease
2026-10-08T06:36:03.2040800Z Hit:3 http://azure.archive.ubuntu.com/ubuntu noble-updates InRelease
2026-10-08T06:36:03.2061785Z Hit:4 http://azure.archive.ubuntu.com/ubuntu noble-backports InRelease
2026-10-08T06:36:03.2068788Z Hit:5 http://azure.archive.ubuntu.com/ubuntu noble-security InRelease
2026-10-08T06:36:04.5008115Z Reading package lists...
2026-10-08T06:36:04.5301542Z Reading package lists...
2026-10-08T06:36:04.7382616Z Building dependency tree...
2026-10-08T06:36:04.7391234Z Reading state information...
2026-10-08T06:36:04.9452492Z libvulkan1 is already the newest version (1.3.275.0-1build1).
2026-10-08T06:36:04.9453333Z The following NEW packages will be installed:
2026-10-08T06:36:04.9453985Z   mesa-vulkan-drivers
2026-10-08T06:36:04.9623291Z 0 upgraded, 1 newly installed, 0 to remove and 15 not upgraded.
2026-10-08T06:36:04.9624001Z Need to get 17.5 MB of archives.
2026-10-08T06:36:04.9624623Z After this operation, 98.5 MB of additional disk space will be used.
2026-10-08T06:36:04.9625386Z Get:1 file:/etc/apt/apt-mirrors.txt Mirrorlist [144 B]
2026-10-08T06:36:05.2577523Z Ign:2 http://azure.archive.ubuntu.com/ubuntu noble-updates/main amd64 mesa-vulkan-drivers amd64 25.2.8-0ubuntu0.24.04.4
2026-10-08T06:36:06.4016083Z Get:2 http://azure.archive.ubuntu.com/ubuntu noble-updates/main amd64 mesa-vulkan-drivers amd64 25.2.8-0ubuntu0.24.04.4 [17.5 MB]
2026-10-08T06:36:07.4452473Z Fetched 17.5 MB in 2s (7832 kB/s)
2026-10-08T06:36:07.4644233Z Selecting previously unselected package mesa-vulkan-drivers:amd64.
2026-10-08T06:36:07.4704320Z (Reading database ... 
2026-10-08T06:36:07.4704758Z (Reading database ... 5%
2026-10-08T06:36:07.4705340Z (Reading database ... 10%
2026-10-08T06:36:07.4705781Z (Reading database ... 15%
2026-10-08T06:36:07.4706180Z (Reading database ... 20%
2026-10-08T06:36:07.4706570Z (Reading database ... 25%
2026-10-08T06:36:07.4706951Z (Reading database ... 30%
2026-10-08T06:36:07.4707336Z (Reading database ... 35%
2026-10-08T06:36:07.4707712Z (Reading database ... 40%
2026-10-08T06:36:07.4708095Z (Reading database ... 45%
2026-10-08T06:36:07.4708858Z (Reading database ... 50%
2026-10-08T06:36:07.4725773Z (Reading database ... 55%
2026-10-08T06:36:07.4837293Z (Reading database ... 60%
2026-10-08T06:36:07.4864364Z (Reading database ... 65%
2026-10-08T06:36:07.4886771Z (Reading database ... 70%
2026-10-08T06:36:07.4927833Z (Reading database ... 75%
2026-10-08T06:36:07.4960180Z (Reading database ... 80%
2026-10-08T06:36:07.5117797Z (Reading database ... 85%
2026-10-08T06:36:07.5330729Z (Reading database ... 90%
2026-10-08T06:36:07.5417854Z (Reading database ... 95%
2026-10-08T06:36:07.5418718Z (Reading database ... 100%
2026-10-08T06:36:07.5419445Z (Reading database ... 209480 files and directories currently installed.)
2026-10-08T06:36:07.5463127Z Preparing to unpack .../mesa-vulkan-drivers_25.2.8-0ubuntu0.24.04.4_amd64.deb ...
2026-10-08T06:36:07.5476193Z Unpacking mesa-vulkan-drivers:amd64 (25.2.8-0ubuntu0.24.04.4) ...
2026-10-08T06:36:07.8573134Z Setting up mesa-vulkan-drivers:amd64 (25.2.8-0ubuntu0.24.04.4) ...
2026-10-08T06:36:07.8597877Z Processing triggers for libc-bin (2.39-0ubuntu8.9) ...
2026-10-08T06:36:08.4339917Z 
2026-10-08T06:36:08.4340652Z Running kernel seems to be up-to-date.
2026-10-08T06:36:08.4341050Z 
2026-10-08T06:36:08.4341229Z No services need to be restarted.
2026-10-08T06:36:08.4342046Z 
2026-10-08T06:36:08.4342223Z No containers need to be restarted.
2026-10-08T06:36:08.4342545Z 
2026-10-08T06:36:08.4342781Z No user sessions are running outdated binaries.
2026-10-08T06:36:08.4343165Z 
2026-10-08T06:36:08.4343517Z No VM guests are running outdated hypervisor (qemu) binaries on this host.
2026-10-08T06:36:09.3666436Z ##[group]Run rustup show active-toolchain
2026-10-08T06:36:09.3666806Z [36;1mrustup show active-toolchain[0m
2026-10-08T06:36:09.3735152Z shell: /usr/bin/bash --noprofile --norc -e -o pipefail {0}
2026-10-08T06:36:09.3735502Z env:
2026-10-08T06:36:09.3735701Z   CARGO_TERM_COLOR: always
2026-10-08T06:36:09.3735943Z   CARGO_INCREMENTAL: 0
2026-10-08T06:36:09.3736173Z   CARGO_PROFILE_DEV_DEBUG: 0
2026-10-08T06:36:09.3736435Z   CARGO_PROFILE_DEV_BUILD_OVERRIDE_DEBUG: 0
2026-10-08T06:36:09.3736717Z   RUST_BACKTRACE: 1
2026-10-08T06:36:09.3736917Z   CC: clang
2026-10-08T06:36:09.3737102Z   CXX: clang++
2026-10-08T06:36:09.3737293Z   WGPU_BACKEND: vulkan
2026-10-08T06:36:09.3737530Z   CI_TEST_FILTER: 
2026-10-08T06:36:09.3737738Z   CI_TEST_MODE: full
2026-10-08T06:36:09.3737944Z   CARGO_BUILD_JOBS: 4
2026-10-08T06:36:09.3738481Z   CI_TEST_THREADS: 4
2026-10-08T06:36:09.3738820Z   VK_DRIVER_FILES: /usr/share/vulkan/icd.d/lvp_icd.json
2026-10-08T06:36:09.3739136Z ##[endgroup]
2026-10-08T06:36:09.4194688Z info: syncing channel updates for 1.98.1-x86_64-unknown-linux-gnu
2026-10-08T06:36:09.5151105Z info: latest update on 2026-09-03 for version 1.98.1 (48a229cea 2026-09-01)
2026-10-08T06:36:09.5153022Z info: downloading 10 components
2026-10-08T06:36:24.2245858Z warn: the missing active toolchain `1.98.1-x86_64-unknown-linux-gnu` has been auto-installed
2026-10-08T06:36:24.2246454Z warn: auto-installation is deprecated for most `rustup` commands
2026-10-08T06:36:24.2246936Z warn: scripts relying on this behavior in `rustup` may stop working in the future
2026-10-08T06:36:24.2247422Z warn: to install the active toolchain, use `rustup install` instead
2026-10-08T06:36:24.2248447Z warn: see <https://github.com/rust-lang/rustup/issues/4836> for more info
2026-10-08T06:36:24.2249385Z 1.98.1-x86_64-unknown-linux-gnu (overridden by '/home/runner/work/koda/koda/rust-toolchain.toml')
2026-10-08T06:36:24.4131142Z ##[group]Run actions/cache/restore@0057852bfaa89a56745cba8c7296529d2fc39830
2026-10-08T06:36:24.4131573Z with:
2026-10-08T06:36:24.4131893Z   path: .ci-cache/cargo-sources/registry
.ci-cache/cargo-sources/git

2026-10-08T06:36:24.4132279Z   enableCrossOsArchive: true
2026-10-08T06:36:24.4133053Z   key: fork-ci-source-v3-shared-eff68d54502d28a838f84354ec306df7a6499991c0c1d8518658bc8ecc2758fa-62433dcec7df1eda715520c2f18b1f29c6d8044897077192799fc2bdd7cd0f98
2026-10-08T06:36:24.4134114Z   restore-keys: fork-ci-source-v3-shared-eff68d54502d28a838f84354ec306df7a6499991c0c1d8518658bc8ecc2758fa-
2026-10-08T06:36:24.4134671Z   fail-on-cache-miss: false
2026-10-08T06:36:24.4134973Z   lookup-only: false
2026-10-08T06:36:24.4135186Z env:
2026-10-08T06:36:24.4135376Z   CARGO_TERM_COLOR: always
2026-10-08T06:36:24.4135629Z   CARGO_INCREMENTAL: 0
2026-10-08T06:36:24.4135846Z   CARGO_PROFILE_DEV_DEBUG: 0
2026-10-08T06:36:24.4136098Z   CARGO_PROFILE_DEV_BUILD_OVERRIDE_DEBUG: 0
2026-10-08T06:36:24.4136418Z   RUST_BACKTRACE: 1
2026-10-08T06:36:24.4136620Z   CC: clang
2026-10-08T06:36:24.4136795Z   CXX: clang++
2026-10-08T06:36:24.4136988Z   WGPU_BACKEND: vulkan
2026-10-08T06:36:24.4137198Z   CI_TEST_FILTER: 
2026-10-08T06:36:24.4137394Z   CI_TEST_MODE: full
2026-10-08T06:36:24.4137597Z   CARGO_BUILD_JOBS: 4
2026-10-08T06:36:24.4137800Z   CI_TEST_THREADS: 4
2026-10-08T06:36:24.4138053Z   VK_DRIVER_FILES: /usr/share/vulkan/icd.d/lvp_icd.json
2026-10-08T06:36:24.4139023Z ##[endgroup]
2026-10-08T06:36:24.5220570Z (node:5559) [DEP0040] DeprecationWarning: The `punycode` module is deprecated. Please use a userland alternative instead.
2026-10-08T06:36:24.5221572Z (Use `node --trace-deprecation ...` to show where the warning was created)
2026-10-08T06:36:24.7574658Z Cache not found for input keys: fork-ci-source-v3-shared-eff68d54502d28a838f84354ec306df7a6499991c0c1d8518658bc8ecc2758fa-62433dcec7df1eda715520c2f18b1f29c6d8044897077192799fc2bdd7cd0f98, fork-ci-source-v3-shared-eff68d54502d28a838f84354ec306df7a6499991c0c1d8518658bc8ecc2758fa-
2026-10-08T06:36:24.9016906Z ##[group]Run actions/cache/restore@0057852bfaa89a56745cba8c7296529d2fc39830
2026-10-08T06:36:24.9017331Z with:
2026-10-08T06:36:24.9017555Z   path: ~/.cargo/registry
~/.cargo/git

2026-10-08T06:36:24.9018715Z   key: fork-ci-source-v2-Linux-X64-eff68d54502d28a838f84354ec306df7a6499991c0c1d8518658bc8ecc2758fa-62433dcec7df1eda715520c2f18b1f29c6d8044897077192799fc2bdd7cd0f98
2026-10-08T06:36:24.9019577Z   restore-keys: fork-ci-source-v2-Linux-X64-
2026-10-08T06:36:24.9019886Z   enableCrossOsArchive: false
2026-10-08T06:36:24.9020149Z   fail-on-cache-miss: false
2026-10-08T06:36:24.9020397Z   lookup-only: false
2026-10-08T06:36:24.9020601Z env:
2026-10-08T06:36:24.9020789Z   CARGO_TERM_COLOR: always
2026-10-08T06:36:24.9021016Z   CARGO_INCREMENTAL: 0
2026-10-08T06:36:24.9021253Z   CARGO_PROFILE_DEV_DEBUG: 0
2026-10-08T06:36:24.9021508Z   CARGO_PROFILE_DEV_BUILD_OVERRIDE_DEBUG: 0
2026-10-08T06:36:24.9021783Z   RUST_BACKTRACE: 1
2026-10-08T06:36:24.9021979Z   CC: clang
2026-10-08T06:36:24.9022197Z   CXX: clang++
2026-10-08T06:36:24.9022392Z   WGPU_BACKEND: vulkan
2026-10-08T06:36:24.9022599Z   CI_TEST_FILTER: 
2026-10-08T06:36:24.9022797Z   CI_TEST_MODE: full
2026-10-08T06:36:24.9023001Z   CARGO_BUILD_JOBS: 4
2026-10-08T06:36:24.9023207Z   CI_TEST_THREADS: 4
2026-10-08T06:36:24.9023458Z   VK_DRIVER_FILES: /usr/share/vulkan/icd.d/lvp_icd.json
2026-10-08T06:36:24.9023763Z ##[endgroup]
2026-10-08T06:36:25.0116777Z (node:5594) [DEP0040] DeprecationWarning: The `punycode` module is deprecated. Please use a userland alternative instead.
2026-10-08T06:36:25.0117668Z (Use `node --trace-deprecation ...` to show where the warning was created)
2026-10-08T06:36:25.2605698Z Cache not found for input keys: fork-ci-source-v2-Linux-X64-eff68d54502d28a838f84354ec306df7a6499991c0c1d8518658bc8ecc2758fa-62433dcec7df1eda715520c2f18b1f29c6d8044897077192799fc2bdd7cd0f98, fork-ci-source-v2-Linux-X64-
2026-10-08T06:36:25.2691545Z ##[group]Run python3 script/ci-run stage 'Cargo source union prefetch' -- python3 script/ci-source-cache prefetch
2026-10-08T06:36:25.2692372Z [36;1mpython3 script/ci-run stage 'Cargo source union prefetch' -- python3 script/ci-source-cache prefetch[0m
2026-10-08T06:36:25.2760126Z shell: /usr/bin/bash --noprofile --norc -e -o pipefail {0}
2026-10-08T06:36:25.2760475Z env:
2026-10-08T06:36:25.2760677Z   CARGO_TERM_COLOR: always
2026-10-08T06:36:25.2760912Z   CARGO_INCREMENTAL: 0
2026-10-08T06:36:25.2761149Z   CARGO_PROFILE_DEV_DEBUG: 0
2026-10-08T06:36:25.2761405Z   CARGO_PROFILE_DEV_BUILD_OVERRIDE_DEBUG: 0
2026-10-08T06:36:25.2761688Z   RUST_BACKTRACE: 1
2026-10-08T06:36:25.2761883Z   CC: clang
2026-10-08T06:36:25.2762058Z   CXX: clang++
2026-10-08T06:36:25.2762245Z   WGPU_BACKEND: vulkan
2026-10-08T06:36:25.2762450Z   CI_TEST_FILTER: 
2026-10-08T06:36:25.2762652Z   CI_TEST_MODE: full
2026-10-08T06:36:25.2762864Z   CARGO_BUILD_JOBS: 4
2026-10-08T06:36:25.2763098Z   CI_TEST_THREADS: 4
2026-10-08T06:36:25.2763351Z   VK_DRIVER_FILES: /usr/share/vulkan/icd.d/lvp_icd.json
2026-10-08T06:36:25.2763653Z ##[endgroup]
2026-10-08T06:36:25.5596826Z [1m[92m    Updating[0m git repository `https://github.com/zed-industries/async-process.git`
2026-10-08T06:36:26.2058495Z [1m[92m    Updating[0m git repository `https://github.com/smol-rs/async-task.git`
2026-10-08T06:36:26.6578669Z [1m[92m    Updating[0m git repository `https://github.com/zed-industries/calloop`
2026-10-08T06:36:27.1860041Z [1m[92m    Updating[0m git repository `https://github.com/zed-industries/livekit-rust-sdks`
2026-10-08T06:36:28.8719731Z [1m[92m    Updating[0m git submodule `https://github.com/livekit/protocol`
2026-10-08T06:36:30.3360819Z [1m[92m    Updating[0m git submodule `https://github.com/zed-industries/libyuv`
2026-10-08T06:36:34.2938699Z [1m[92m    Updating[0m git repository `https://github.com/zed-industries/notify`
2026-10-08T06:36:35.0565789Z [1m[92m    Updating[0m git repository `https://github.com/tree-sitter/tree-sitter`
2026-10-08T06:36:38.9474870Z [1m[92m    Updating[0m git repository `https://github.com/zed-industries/windows-capture.git`
2026-10-08T06:36:39.9254299Z [1m[92m    Updating[0m crates.io index
2026-10-08T06:36:39.9267457Z [1m[92m    Updating[0m git repository `https://github.com/proptest-rs/proptest`
2026-10-08T06:36:40.7499394Z [1m[92m    Updating[0m git repository `https://github.com/zed-industries/scap`
2026-10-08T06:36:41.6002895Z [1m[92m    Updating[0m git repository `https://github.com/zed-industries/font-kit`
2026-10-08T06:36:42.7643890Z [1m[92m    Updating[0m git repository `https://github.com/zed-industries/async-tar`
2026-10-08T06:36:43.3487755Z [1m[92m    Updating[0m git repository `https://github.com/zed-industries/wasm_thread`
2026-10-08T06:36:43.6973076Z [1m[92m    Updating[0m git repository `https://github.com/zed-industries/xim-rs.git`
2026-10-08T06:36:44.1447447Z [1m[92m    Updating[0m git repository `https://github.com/zed-industries/reqwest.git`
2026-10-08T06:36:45.0324631Z [1m[92m    Updating[0m git repository `https://github.com/zed-industries/tree-sitter-markdown`
2026-10-08T06:36:49.9127703Z [1m[92m    Updating[0m git repository `https://github.com/zed-industries/tree-sitter-typescript`
2026-10-08T06:37:38.1872584Z [1m[92m    Updating[0m git repository `https://github.com/zed-industries/tree-sitter-heex`
2026-10-08T06:37:38.5128453Z [1m[92m    Updating[0m git repository `https://github.com/zed-industries/trash-rs`
2026-10-08T06:37:38.9740314Z [1m[92m    Updating[0m git repository `https://github.com/tree-sitter/tree-sitter-cpp`
2026-10-08T06:39:23.6785381Z [1m[92m    Updating[0m git repository `https://github.com/zed-industries/tree-sitter-git-commit`
2026-10-08T06:39:24.1727485Z [1m[92m    Updating[0m git repository `https://github.com/camdencheek/tree-sitter-go-mod`
2026-10-08T06:39:24.5261079Z [1m[92m    Updating[0m git repository `https://github.com/zed-industries/tree-sitter-go-work`
2026-10-08T06:39:24.8762018Z [1m[92m    Updating[0m git repository `https://github.com/zed-industries/tree-sitter-yaml`
2026-10-08T06:39:25.5197305Z [1m[92m    Updating[0m git submodule `https://github.com/yaml/yaml-test-suite`
2026-10-08T06:39:26.1254411Z [1m[92m    Updating[0m git repository `https://github.com/zed-industries/async-pipe-rs`
2026-10-08T06:39:26.6987079Z [1m[92m    Updating[0m git repository `https://github.com/zed-industries/lsp-types`
2026-10-08T06:39:27.3028432Z [1m[92m    Updating[0m git repository `https://github.com/zed-industries/dap-types`
2026-10-08T06:39:27.6910254Z [1m[92m    Updating[0m git repository `https://github.com/zed-industries/python-environment-tools.git`
2026-10-08T06:39:28.4997575Z [1m[92m    Updating[0m git repository `https://github.com/zed-industries/alacritty`
2026-10-08T06:39:32.0567395Z [1m[92m    Updating[0m git repository `https://github.com/RustAudio/rodio`
2026-10-08T06:39:33.1499257Z [1m[92m    Updating[0m git repository `https://github.com/KillTheMule/nvim-rs`
2026-10-08T06:39:33.5892689Z [1m[92m    Updating[0m git repository `https://github.com/zed-industries/wprcontrol`
2026-10-08T06:39:33.9466430Z [1m[92m    Updating[0m git repository `https://github.com/zed-industries/gh-workflow`
2026-10-08T06:39:36.1689540Z [1m[92m Downloading[0m crates ...
2026-10-08T06:39:36.2640302Z [1m[92m  Downloaded[0m unicode-ident v1.0.24
2026-10-08T06:39:36.2706729Z [1m[92m  Downloaded[0m serde_path_to_error v0.1.20
2026-10-08T06:39:36.2734566Z [1m[92m  Downloaded[0m secrecy v0.10.3
2026-10-08T06:39:36.2796715Z [1m[92m  Downloaded[0m serde_urlencoded v0.7.1
2026-10-08T06:39:36.2825652Z [1m[92m  Downloaded[0m sha2 v0.10.9
2026-10-08T06:39:36.2873859Z [1m[92m  Downloaded[0m snafu-derive v0.8.9
2026-10-08T06:39:36.2994814Z [1m[92m  Downloaded[0m value-bag-sval2 v1.12.0
2026-10-08T06:39:36.3017822Z [1m[92m  Downloaded[0m itoa v1.0.18
2026-10-08T06:39:36.3049260Z [1m[92m  Downloaded[0m hyper-util v0.1.17
2026-10-08T06:39:36.3113536Z [1m[92m  Downloaded[0m try-lock v0.2.5
2026-10-08T06:39:36.3122372Z [1m[92m  Downloaded[0m signature v2.2.0
2026-10-08T06:39:36.3137634Z [1m[92m  Downloaded[0m quote v1.0.47
2026-10-08T06:39:36.3169101Z [1m[92m  Downloaded[0m wasm-bindgen-macro v0.2.120
2026-10-08T06:39:36.3189539Z [1m[92m  Downloaded[0m wasm-bindgen-shared v0.2.120
2026-10-08T06:39:36.3209517Z [1m[92m  Downloaded[0m time-core v0.1.8
2026-10-08T06:39:36.3210144Z [1m[92m  Downloaded[0m want v0.3.1
2026-10-08T06:39:36.3213813Z [1m[92m  Downloaded[0m pin-project-internal v1.1.10
2026-10-08T06:39:36.3231355Z [1m[92m  Downloaded[0m untrusted v0.7.1
2026-10-08T06:39:36.3242638Z [1m[92m  Downloaded[0m toml_write v0.1.2
2026-10-08T06:39:36.3258396Z [1m[92m  Downloaded[0m zeroize_derive v1.4.2
2026-10-08T06:39:36.3271065Z [1m[92m  Downloaded[0m wasi v0.11.1+wasi-snapshot-preview1
2026-10-08T06:39:36.3297526Z [1m[92m  Downloaded[0m powerfmt v0.2.0
2026-10-08T06:39:36.3309613Z [1m[92m  Downloaded[0m dunce v1.0.5
2026-10-08T06:39:36.3318971Z [1m[92m  Downloaded[0m num_threads v0.1.7
2026-10-08T06:39:36.3343578Z [1m[92m  Downloaded[0m atomic-waker v1.1.2
2026-10-08T06:39:36.3357375Z [1m[92m  Downloaded[0m anstyle-query v1.1.4
2026-10-08T06:39:36.3370905Z [1m[92m  Downloaded[0m url v2.5.7
2026-10-08T06:39:36.3399239Z [1m[92m  Downloaded[0m zerofrom-derive v0.1.6
2026-10-08T06:39:36.3410910Z [1m[92m  Downloaded[0m serde_spanned v0.6.9
2026-10-08T06:39:36.3425856Z [1m[92m  Downloaded[0m equivalent v1.0.2
2026-10-08T06:39:36.3437391Z [1m[92m  Downloaded[0m write16 v1.0.0
2026-10-08T06:39:36.3448450Z [1m[92m  Downloaded[0m serde_fmt v1.0.3
2026-10-08T06:39:36.3458284Z [1m[92m  Downloaded[0m hyper-timeout v0.5.2
2026-10-08T06:39:36.3473733Z [1m[92m  Downloaded[0m openssl-probe v0.2.1
2026-10-08T06:39:36.3486397Z [1m[92m  Downloaded[0m cfg-if v1.0.4
2026-10-08T06:39:36.3499977Z [1m[92m  Downloaded[0m heck v0.5.0
2026-10-08T06:39:36.3514358Z [1m[92m  Downloaded[0m clap_lex v0.7.6
2026-10-08T06:39:36.3527578Z [1m[92m  Downloaded[0m num-conv v0.2.0
2026-10-08T06:39:36.3536998Z [1m[92m  Downloaded[0m cargo-platform v0.1.9
2026-10-08T06:39:36.3552174Z [1m[92m  Downloaded[0m id-arena v2.3.0
2026-10-08T06:39:36.3568005Z [1m[92m  Downloaded[0m is_terminal_polyfill v1.70.1
2026-10-08T06:39:36.3577697Z [1m[92m  Downloaded[0m embedded-io v0.6.1
2026-10-08T06:39:36.3591779Z [1m[92m  Downloaded[0m colorchoice v1.0.4
2026-10-08T06:39:36.3603958Z [1m[92m  Downloaded[0m wit-bindgen-rust-macro v0.41.0
2026-10-08T06:39:36.3613337Z [1m[92m  Downloaded[0m terminal_size v0.4.3
2026-10-08T06:39:36.3628781Z [1m[92m  Downloaded[0m utf8parse v0.2.2
2026-10-08T06:39:36.3638519Z [1m[92m  Downloaded[0m sval_serde v2.15.0
2026-10-08T06:39:36.3649706Z [1m[92m  Downloaded[0m num-integer v0.1.46
2026-10-08T06:39:36.3666693Z [1m[92m  Downloaded[0m jobserver v0.1.34
2026-10-08T06:39:36.3688041Z [1m[92m  Downloaded[0m pulley-macros v48.0.1
2026-10-08T06:39:36.3695609Z [1m[92m  Downloaded[0m value-bag-serde1 v1.12.0
2026-10-08T06:39:36.3705456Z [1m[92m  Downloaded[0m toml_datetime v0.6.11
2026-10-08T06:39:36.3717894Z [1m[92m  Downloaded[0m form_urlencoded v1.2.2
2026-10-08T06:39:36.3727282Z [1m[92m  Downloaded[0m time-macros v0.2.27
2026-10-08T06:39:36.3753544Z [1m[92m  Downloaded[0m hyper-rustls v0.27.9
2026-10-08T06:39:36.3770079Z [1m[92m  Downloaded[0m anstyle v1.0.13
2026-10-08T06:39:36.3787761Z [1m[92m  Downloaded[0m zeroize v1.8.2
2026-10-08T06:39:36.3804240Z [1m[92m  Downloaded[0m simple_asn1 v0.6.3
2026-10-08T06:39:36.3818243Z [1m[92m  Downloaded[0m core-foundation v0.10.0
2026-10-08T06:39:36.3840476Z [1m[92m  Downloaded[0m rand_core v0.6.4
2026-10-08T06:39:36.3854045Z [1m[92m  Downloaded[0m fs_extra v1.3.0
2026-10-08T06:39:36.3877633Z [1m[92m  Downloaded[0m cmake v0.1.56
2026-10-08T06:39:36.3899911Z [1m[92m  Downloaded[0m shlex v2.0.1
2026-10-08T06:39:36.3920025Z [1m[92m  Downloaded[0m http-body-util v0.1.3
2026-10-08T06:39:36.3950241Z [1m[92m  Downloaded[0m futures-executor v0.3.34
2026-10-08T06:39:36.3971529Z [1m[92m  Downloaded[0m cargo_metadata v0.19.2
2026-10-08T06:39:36.3997025Z [1m[92m  Downloaded[0m pkg-config v0.3.32
2026-10-08T06:39:36.4023199Z [1m[92m  Downloaded[0m security-framework-sys v2.15.0
2026-10-08T06:39:36.4047753Z [1m[92m  Downloaded[0m anstream v0.6.21
2026-10-08T06:39:36.4070968Z [1m[92m  Downloaded[0m pin-utils v0.1.0
2026-10-08T06:39:36.4086275Z [1m[92m  Downloaded[0m async-channel v1.9.0
2026-10-08T06:39:36.4099945Z [1m[92m  Downloaded[0m event-listener v2.5.3
2026-10-08T06:39:36.4113920Z [1m[92m  Downloaded[0m ipnet v2.11.0
2026-10-08T06:39:36.4134081Z [1m[92m  Downloaded[0m rustls-native-certs v0.8.3
2026-10-08T06:39:36.4165243Z [1m[92m  Downloaded[0m xattr v1.6.1
2026-10-08T06:39:36.4187100Z [1m[92m  Downloaded[0m untrusted v0.9.0
2026-10-08T06:39:36.4207435Z [1m[92m  Downloaded[0m rustc-demangle v0.1.26
2026-10-08T06:39:36.4227377Z [1m[92m  Downloaded[0m utf16_iter v1.0.5
2026-10-08T06:39:36.4240323Z [1m[92m  Downloaded[0m zerofrom v0.1.6
2026-10-08T06:39:36.4251983Z [1m[92m  Downloaded[0m yoke-derive v0.8.2
2026-10-08T06:39:36.4268583Z [1m[92m  Downloaded[0m tokio-macros v2.7.0
2026-10-08T06:39:36.4281817Z [1m[92m  Downloaded[0m errno v0.3.14
2026-10-08T06:39:36.4301189Z [1m[92m  Downloaded[0m percent-encoding v2.3.2
2026-10-08T06:39:36.4310940Z [1m[92m  Downloaded[0m stable_deref_trait v1.2.1
2026-10-08T06:39:36.4322865Z [1m[92m  Downloaded[0m scopeguard v1.2.0
2026-10-08T06:39:36.4336326Z [1m[92m  Downloaded[0m sval_fmt v2.15.0
2026-10-08T06:39:36.4357040Z [1m[92m  Downloaded[0m deranged v0.5.4
2026-10-08T06:39:36.4372745Z [1m[92m  Downloaded[0m tokio-rustls v0.26.4
2026-10-08T06:39:36.4398463Z [1m[92m  Downloaded[0m iana-time-zone v0.1.64
2026-10-08T06:39:36.4428071Z [1m[92m  Downloaded[0m anstyle-parse v0.2.7
2026-10-08T06:39:36.4449080Z [1m[92m  Downloaded[0m wit-bindgen v0.41.0
2026-10-08T06:39:36.4468848Z [1m[92m  Downloaded[0m utf8_iter v1.0.4
2026-10-08T06:39:36.4481355Z [1m[92m  Downloaded[0m idna_adapter v1.2.1
2026-10-08T06:39:36.4493663Z [1m[92m  Downloaded[0m potential_utf v0.1.3
2026-10-08T06:39:36.4510563Z [1m[92m  Downloaded[0m sval_json v2.15.0
2026-10-08T06:39:36.4527046Z [1m[92m  Downloaded[0m fastrand v2.3.0
2026-10-08T06:39:36.4547610Z [1m[92m  Downloaded[0m strum v0.28.0
2026-10-08T06:39:36.4558985Z [1m[92m  Downloaded[0m jsonwebtoken v10.3.0
2026-10-08T06:39:36.4616201Z [1m[92m  Downloaded[0m wasm-bindgen v0.2.120
2026-10-08T06:39:36.4650050Z [1m[92m  Downloaded[0m rustversion v1.0.22
2026-10-08T06:39:36.4683374Z [1m[92m  Downloaded[0m find-msvc-tools v0.1.11
2026-10-08T06:39:36.4704039Z [1m[92m  Downloaded[0m httparse v1.10.1
2026-10-08T06:39:36.4737075Z [1m[92m  Downloaded[0m clap_derive v4.5.49
2026-10-08T06:39:36.4761823Z [1m[92m  Downloaded[0m addr2line v0.25.1
2026-10-08T06:39:36.4783164Z [1m[92m  Downloaded[0m streaming-iterator v0.1.9
2026-10-08T06:39:36.4800724Z [1m[92m  Downloaded[0m malloc_buf v0.0.6
2026-10-08T06:39:36.4807513Z [1m[92m  Downloaded[0m foreign-types v0.5.0
2026-10-08T06:39:36.4820679Z [1m[92m  Downloaded[0m dlib v0.5.3
2026-10-08T06:39:36.4835494Z [1m[92m  Downloaded[0m pem v3.0.6
2026-10-08T06:39:36.4850512Z [1m[92m  Downloaded[0m toml_datetime v0.7.3
2026-10-08T06:39:36.4869676Z [1m[92m  Downloaded[0m parking_lot v0.12.5
2026-10-08T06:39:36.4901047Z [1m[92m  Downloaded[0m wasm-metadata v0.254.0
2026-10-08T06:39:36.4931113Z [1m[92m  Downloaded[0m anyhow v1.0.104
2026-10-08T06:39:36.4976620Z [1m[92m  Downloaded[0m cargo_toml v0.21.0
2026-10-08T06:39:36.4996307Z [1m[92m  Downloaded[0m clap v4.5.49
2026-10-08T06:39:36.5117421Z [1m[92m  Downloaded[0m annotate-snippets v0.12.12
2026-10-08T06:39:36.5157104Z [1m[92m  Downloaded[0m libloading v0.8.9
2026-10-08T06:39:36.5193629Z [1m[92m  Downloaded[0m pin-project v1.1.10
2026-10-08T06:39:36.5368981Z [1m[92m  Downloaded[0m core-foundation-sys v0.8.7
2026-10-08T06:39:36.5410586Z [1m[92m  Downloaded[0m wit-bindgen-rust v0.41.0
2026-10-08T06:39:36.5427769Z [1m[92m  Downloaded[0m toml_parser v1.0.4
2026-10-08T06:39:36.5454204Z [1m[92m  Downloaded[0m proc-macro2 v1.0.107
2026-10-08T06:39:36.5494510Z [1m[92m  Downloaded[0m sval_nested v2.15.0
2026-10-08T06:39:36.5509948Z [1m[92m  Downloaded[0m base64 v0.22.1
2026-10-08T06:39:36.5555340Z [1m[92m  Downloaded[0m wasm-bindgen-macro-support v0.2.120
2026-10-08T06:39:36.5577630Z [1m[92m  Downloaded[0m cocoa v0.25.0
2026-10-08T06:39:36.5601761Z [1m[92m  Downloaded[0m polycool v0.4.0
2026-10-08T06:39:36.5623442Z [1m[92m  Downloaded[0m zerovec-derive v0.11.5
2026-10-08T06:39:36.5644094Z [1m[92m  Downloaded[0m litemap v0.8.0
2026-10-08T06:39:36.5672379Z [1m[92m  Downloaded[0m signal-hook-registry v1.4.6
2026-10-08T06:39:36.5686371Z [1m[92m  Downloaded[0m pin-project-lite v0.2.16
2026-10-08T06:39:36.5757224Z [1m[92m  Downloaded[0m sval_buffer v2.15.0
2026-10-08T06:39:36.5777070Z [1m[92m  Downloaded[0m typeid v1.0.3
2026-10-08T06:39:36.5793967Z [1m[92m  Downloaded[0m thiserror-impl v2.0.17
2026-10-08T06:39:36.5810991Z [1m[92m  Downloaded[0m filetime v0.2.29
2026-10-08T06:39:36.5833719Z [1m[92m  Downloaded[0m cc v1.4.3
2026-10-08T06:39:36.5870307Z [1m[92m  Downloaded[0m rustls-pki-types v1.12.0
2026-10-08T06:39:36.5925132Z [1m[92m  Downloaded[0m arc-swap v1.9.0
2026-10-08T06:39:36.5972566Z [1m[92m  Downloaded[0m cranelift-codegen-shared v0.135.1
2026-10-08T06:39:36.5981917Z [1m[92m  Downloaded[0m memfd v0.6.5
2026-10-08T06:39:36.6000708Z [1m[92m  Downloaded[0m nu-ansi-term v0.50.3
2026-10-08T06:39:36.6030705Z [1m[92m  Downloaded[0m smallvec v1.16.1
2026-10-08T06:39:36.6049614Z [1m[92m  Downloaded[0m displaydoc v0.2.5
2026-10-08T06:39:36.6101407Z [1m[92m  Downloaded[0m lock_api v0.4.14
2026-10-08T06:39:36.6115265Z [1m[92m  Downloaded[0m sval_dynamic v2.15.0
2026-10-08T06:39:36.6127181Z [1m[92m  Downloaded[0m rand_core v0.10.1
2026-10-08T06:39:36.6148985Z [1m[92m  Downloaded[0m bumpalo v3.20.3
2026-10-08T06:39:36.6180366Z [1m[92m  Downloaded[0m rustls-webpki v0.103.13
2026-10-08T06:39:36.6217006Z [1m[92m  Downloaded[0m security-framework v3.5.1
2026-10-08T06:39:36.6271513Z [1m[92m  Downloaded[0m futures v0.3.34
2026-10-08T06:39:36.6342973Z [1m[92m  Downloaded[0m backtrace v0.3.76
2026-10-08T06:39:36.6417504Z [1m[92m  Downloaded[0m cpp_demangle v0.5.1
2026-10-08T06:39:36.6452961Z [1m[92m  Downloaded[0m roxmltree v0.20.0
2026-10-08T06:39:36.6628480Z [1m[92m  Downloaded[0m convert_case v0.11.0
2026-10-08T06:39:36.6652253Z [1m[92m  Downloaded[0m bit-vec v0.8.0
2026-10-08T06:39:36.6671587Z [1m[92m  Downloaded[0m linktime-proc-macro v0.2.2
2026-10-08T06:39:36.6687232Z [1m[92m  Downloaded[0m color_quant v1.1.0
2026-10-08T06:39:36.6702910Z [1m[92m  Downloaded[0m num-bigint v0.4.8
2026-10-08T06:39:36.6765718Z [1m[92m  Downloaded[0m js-sys v0.3.97
2026-10-08T06:39:36.6801290Z [1m[92m  Downloaded[0m rand v0.8.6
2026-10-08T06:39:36.6845504Z [1m[92m  Downloaded[0m sharded-slab v0.1.7
2026-10-08T06:39:36.6882680Z [1m[92m  Downloaded[0m link-section v0.19.2
2026-10-08T06:39:36.6940267Z [1m[92m  Downloaded[0m seahash v4.1.0
2026-10-08T06:39:36.6959901Z [1m[92m  Downloaded[0m weezl v0.1.10
2026-10-08T06:39:36.6994879Z [1m[92m  Downloaded[0m wasm-streams v0.4.2
2026-10-08T06:39:36.7056494Z [1m[92m  Downloaded[0m profiling v1.0.17
2026-10-08T06:39:36.7070434Z [1m[92m  Downloaded[0m wit-parser v0.227.1
2026-10-08T06:39:36.7560555Z [1m[92m  Downloaded[0m fax v0.2.6
2026-10-08T06:39:36.7577506Z [1m[92m  Downloaded[0m y4m v0.8.0
2026-10-08T06:39:36.7590865Z [1m[92m  Downloaded[0m pastey v0.1.1
2026-10-08T06:39:36.7608458Z [1m[92m  Downloaded[0m wayland-sys v0.31.11
2026-10-08T06:39:36.7621293Z [1m[92m  Downloaded[0m writeable v0.6.4
2026-10-08T06:39:36.7643171Z [1m[92m  Downloaded[0m tinystr v0.8.4
2026-10-08T06:39:36.7664567Z [1m[92m  Downloaded[0m foldhash v0.2.0
2026-10-08T06:39:36.7677201Z [1m[92m  Downloaded[0m toml v0.8.23
2026-10-08T06:39:36.7702218Z [1m[92m  Downloaded[0m erased-serde v0.4.9
2026-10-08T06:39:36.7726775Z [1m[92m  Downloaded[0m flume v0.12.0
2026-10-08T06:39:36.7761924Z [1m[92m  Downloaded[0m raw-window-handle v0.6.2
2026-10-08T06:39:36.7780304Z [1m[92m  Downloaded[0m objc2-encode v4.1.0
2026-10-08T06:39:36.7793325Z [1m[92m  Downloaded[0m fax_derive v0.2.0
2026-10-08T06:39:36.7800357Z [1m[92m  Downloaded[0m ravif v0.13.0
2026-10-08T06:39:36.7812395Z [1m[92m  Downloaded[0m bit-vec v0.9.1
2026-10-08T06:39:36.7829250Z [1m[92m  Downloaded[0m serde_derive v1.0.229
2026-10-08T06:39:36.7860710Z [1m[92m  Downloaded[0m serde_core v1.0.229
2026-10-08T06:39:36.7888064Z [1m[92m  Downloaded[0m yoke v0.8.3
2026-10-08T06:39:36.7907759Z [1m[92m  Downloaded[0m sval_ref v2.15.0
2026-10-08T06:39:36.7917069Z [1m[92m  Downloaded[0m hyper v1.11.1
2026-10-08T06:39:36.7988766Z [1m[92m  Downloaded[0m clap_builder v4.5.49
2026-10-08T06:39:36.8054411Z [1m[92m  Downloaded[0m cranelift-assembler-x64 v0.135.1
2026-10-08T06:39:36.8073533Z [1m[92m  Downloaded[0m objc-foundation v0.1.1
2026-10-08T06:39:36.8085516Z [1m[92m  Downloaded[0m waker-fn v1.2.0
2026-10-08T06:39:36.8094403Z [1m[92m  Downloaded[0m xmlwriter v0.1.0
2026-10-08T06:39:36.8104765Z [1m[92m  Downloaded[0m siphasher v1.0.1
2026-10-08T06:39:36.8116959Z [1m[92m  Downloaded[0m core_maths v0.1.1
2026-10-08T06:39:36.8124874Z [1m[92m  Downloaded[0m h2 v0.4.19
2026-10-08T06:39:36.8193107Z [1m[92m  Downloaded[0m dispatch2 v0.3.1
2026-10-08T06:39:36.8220098Z [1m[92m  Downloaded[0m num-rational v0.4.2
2026-10-08T06:39:36.8232582Z [1m[92m  Downloaded[0m serde v1.0.229
2026-10-08T06:39:36.8268396Z [1m[92m  Downloaded[0m synstructure v0.13.2
2026-10-08T06:39:36.8278838Z [1m[92m  Downloaded[0m parking_lot_core v0.9.12
2026-10-08T06:39:36.8300826Z [1m[92m  Downloaded[0m log v0.4.29
2026-10-08T06:39:36.8326202Z [1m[92m  Downloaded[0m value-bag v1.12.0
2026-10-08T06:39:36.8355446Z [1m[92m  Downloaded[0m sval v2.15.0
2026-10-08T06:39:36.8385650Z [1m[92m  Downloaded[0m ryu v1.0.23
2026-10-08T06:39:36.8419646Z [1m[92m  Downloaded[0m tempfile v3.27.0
2026-10-08T06:39:36.8445734Z [1m[92m  Downloaded[0m once_cell v1.21.4
2026-10-08T06:39:36.8471909Z [1m[92m  Downloaded[0m strum_macros v0.28.0
2026-10-08T06:39:36.8496290Z [1m[92m  Downloaded[0m wit-component v0.227.1
2026-10-08T06:39:36.9052641Z [1m[92m  Downloaded[0m wit-parser v0.254.0
2026-10-08T06:39:36.9469586Z [1m[92m  Downloaded[0m bitflags v1.3.2
2026-10-08T06:39:36.9503030Z [1m[92m  Downloaded[0m core-text v21.0.0
2026-10-08T06:39:36.9519169Z [1m[92m  Downloaded[0m kurbo v0.13.1
2026-10-08T06:39:36.9571891Z [1m[92m  Downloaded[0m half v2.7.1
2026-10-08T06:39:36.9599407Z [1m[92m  Downloaded[0m anes v0.1.6
2026-10-08T06:39:36.9628300Z [1m[92m  Downloaded[0m alloca v0.4.0
2026-10-08T06:39:36.9640745Z [1m[92m  Downloaded[0m unicode-linebreak v0.1.5
2026-10-08T06:39:36.9650130Z [1m[92m  Downloaded[0m sys-locale v0.3.2
2026-10-08T06:39:36.9663588Z [1m[92m  Downloaded[0m enumn v0.1.14
2026-10-08T06:39:36.9675348Z [1m[92m  Downloaded[0m md-5 v0.10.6
2026-10-08T06:39:36.9691219Z [1m[92m  Downloaded[0m bitflags v2.13.1
2026-10-08T06:39:36.9738006Z [1m[92m  Downloaded[0m wit-bindgen v0.46.0
2026-10-08T06:39:36.9769376Z [1m[92m  Downloaded[0m time v0.3.47
2026-10-08T06:39:36.9901500Z [1m[92m  Downloaded[0m aws-lc-rs v1.17.1
2026-10-08T06:39:37.0012051Z [1m[92m  Downloaded[0m chrono v0.4.42
2026-10-08T06:39:37.0080010Z [1m[92m  Downloaded[0m gimli v0.32.3
2026-10-08T06:39:37.0152290Z [1m[92m  Downloaded[0m unicode-width v0.2.2
2026-10-08T06:39:37.0208152Z [1m[92m  Downloaded[0m wasmparser v0.227.1
2026-10-08T06:39:37.0291741Z [1m[92m  Downloaded[0m wasmparser v0.254.0
2026-10-08T06:39:37.0375480Z [1m[92m  Downloaded[0m wasmtime-internal-cranelift v48.0.1
2026-10-08T06:39:37.0441672Z [1m[92m  Downloaded[0m tracing-subscriber v0.3.22
2026-10-08T06:39:37.0526998Z [1m[92m  Downloaded[0m webpki-root-certs v1.0.9
2026-10-08T06:39:37.0552368Z [1m[92m  Downloaded[0m tiff v0.11.3
2026-10-08T06:39:37.0597089Z [1m[92m  Downloaded[0m nom v7.1.3
2026-10-08T06:39:37.0651305Z [1m[92m  Downloaded[0m minimal-lexical v0.2.1
2026-10-08T06:39:37.0698870Z [1m[92m  Downloaded[0m objc-sys v0.3.5
2026-10-08T06:39:37.0719377Z [1m[92m  Downloaded[0m block2 v0.5.1
2026-10-08T06:39:37.0733292Z [1m[92m  Downloaded[0m objc2-quartz-core v0.2.2
2026-10-08T06:39:37.0762512Z [1m[92m  Downloaded[0m objc2-metal v0.2.2
2026-10-08T06:39:37.0823487Z [1m[92m  Downloaded[0m objc2-core-image v0.2.2
2026-10-08T06:39:37.0848448Z [1m[92m  Downloaded[0m objc2-core-data v0.2.2
2026-10-08T06:39:37.0894484Z [1m[92m  Downloaded[0m accesskit_consumer v0.38.0
2026-10-08T06:39:37.0910959Z [1m[92m  Downloaded[0m accesskit v0.24.1
2026-10-08T06:39:37.0923287Z [1m[92m  Downloaded[0m c-enum v0.2.3
2026-10-08T06:39:37.0938230Z [1m[92m  Downloaded[0m jiff-tzdb-platform v0.1.3
2026-10-08T06:39:37.0946336Z [1m[92m  Downloaded[0m icu_provider v2.3.0
2026-10-08T06:39:37.0973367Z [1m[92m  Downloaded[0m socket2 v0.6.5
2026-10-08T06:39:37.0991405Z [1m[92m  Downloaded[0m getrandom v0.4.1
2026-10-08T06:39:37.1030440Z [1m[92m  Downloaded[0m rustls v0.23.40
2026-10-08T06:39:37.1150636Z [1m[92m  Downloaded[0m object v0.37.3
2026-10-08T06:39:37.1261763Z [1m[92m  Downloaded[0m gimli v0.33.0
2026-10-08T06:39:37.1338707Z [1m[92m  Downloaded[0m svgtypes v0.16.1
2026-10-08T06:39:37.1363007Z [1m[92m  Downloaded[0m quick-error v2.0.1
2026-10-08T06:39:37.1375923Z [1m[92m  Downloaded[0m mime_guess v2.0.5
2026-10-08T06:39:37.1393591Z [1m[92m  Downloaded[0m objc2 v0.6.3
2026-10-08T06:39:37.1502308Z [1m[92m  Downloaded[0m image v0.25.10
2026-10-08T06:39:37.1597684Z [1m[92m  Downloaded[0m glow v0.17.0
2026-10-08T06:39:37.1643139Z [1m[92m  Downloaded[0m x11rb v0.13.2
2026-10-08T06:39:37.1727140Z [1m[92m  Downloaded[0m hkdf v0.12.4
2026-10-08T06:39:37.1751389Z [1m[92m  Downloaded[0m jiff-tzdb v0.1.8
2026-10-08T06:39:37.1766165Z [1m[92m  Downloaded[0m glob v0.3.3
2026-10-08T06:39:37.1782260Z [1m[92m  Downloaded[0m cexpr v0.6.0
2026-10-08T06:39:37.1801522Z [1m[92m  Downloaded[0m ignore v0.4.24
2026-10-08T06:39:37.1824635Z [1m[92m  Downloaded[0m prost-derive v0.14.4
2026-10-08T06:39:37.1837916Z [1m[92m  Downloaded[0m zerotrie v0.2.5
2026-10-08T06:39:37.1877947Z [1m[92m  Downloaded[0m icu_locale_core v2.3.0
2026-10-08T06:39:37.1950106Z [1m[92m  Downloaded[0m icu_collections v2.3.0
2026-10-08T06:39:37.2014365Z [1m[92m  Downloaded[0m icu_normalizer_data v2.3.0
2026-10-08T06:39:37.2035589Z [1m[92m  Downloaded[0m toml_edit v0.22.27
2026-10-08T06:39:37.2080891Z [1m[92m  Downloaded[0m memchr v2.8.3
2026-10-08T06:39:37.2137724Z [1m[92m  Downloaded[0m allocator-api2 v0.2.21
2026-10-08T06:39:37.2163960Z [1m[92m  Downloaded[0m bytes v1.11.1
2026-10-08T06:39:37.2207731Z [1m[92m  Downloaded[0m thiserror v2.0.17
2026-10-08T06:39:37.2275872Z [1m[92m  Downloaded[0m tar v0.4.46
2026-10-08T06:39:37.2305266Z [1m[92m  Downloaded[0m roxmltree v0.21.1
2026-10-08T06:39:37.2443270Z [1m[92m  Downloaded[0m quinn-udp v0.5.14
2026-10-08T06:39:37.2460811Z [1m[92m  Downloaded[0m av-scenechange v0.14.1
2026-10-08T06:39:37.2574715Z [1m[92m  Downloaded[0m gpu-descriptor-types v0.2.0
2026-10-08T06:39:37.2582053Z [1m[92m  Downloaded[0m ash v0.38.0+1.3.281
2026-10-08T06:39:37.2741488Z [1m[92m  Downloaded[0m svg_fmt v0.4.5
2026-10-08T06:39:37.2750340Z [1m[92m  Downloaded[0m cast v0.3.0
2026-10-08T06:39:37.2762428Z [1m[92m  Downloaded[0m ciborium-ll v0.2.2
2026-10-08T06:39:37.2773197Z [1m[92m  Downloaded[0m ciborium-io v0.2.2
2026-10-08T06:39:37.2780981Z [1m[92m  Downloaded[0m objc2-app-kit v0.2.2
2026-10-08T06:39:37.3023211Z [1m[92m  Downloaded[0m prost-types v0.14.4
2026-10-08T06:39:37.3040853Z [1m[92m  Downloaded[0m prost v0.14.4
2026-10-08T06:39:37.3057866Z [1m[92m  Downloaded[0m miette v7.6.0
2026-10-08T06:39:37.3103773Z [1m[92m  Downloaded[0m inotify v0.11.0
2026-10-08T06:39:37.3123352Z [1m[92m  Downloaded[0m inotify-sys v0.1.5
2026-10-08T06:39:37.3132467Z [1m[92m  Downloaded[0m is_executable v1.0.5
2026-10-08T06:39:37.3146562Z [1m[92m  Downloaded[0m indexmap v2.14.0
2026-10-08T06:39:37.3190189Z [1m[92m  Downloaded[0m rustls-platform-verifier v0.7.0
2026-10-08T06:39:37.3231330Z [1m[92m  Downloaded[0m font-types v0.10.0
2026-10-08T06:39:37.3248693Z [1m[92m  Downloaded[0m etagere v0.2.15
2026-10-08T06:39:37.3263015Z [1m[92m  Downloaded[0m cocoa-foundation v0.2.0
2026-10-08T06:39:37.3275134Z [1m[92m  Downloaded[0m accesskit_macos v0.26.3
2026-10-08T06:39:37.3290180Z [1m[92m  Downloaded[0m phf_macros v0.13.1
2026-10-08T06:39:37.3300300Z [1m[92m  Downloaded[0m objc2-core-services v0.3.2
2026-10-08T06:39:37.3356477Z [1m[92m  Downloaded[0m idna v1.1.0
2026-10-08T06:39:37.3391673Z [1m[92m  Downloaded[0m icu_properties v2.3.0
2026-10-08T06:39:37.3423332Z [1m[92m  Downloaded[0m zerovec v0.11.8
2026-10-08T06:39:37.3484988Z [1m[92m  Downloaded[0m icu_properties_data v2.3.0
2026-10-08T06:39:37.3595804Z [1m[92m  Downloaded[0m winnow v0.7.13
2026-10-08T06:39:37.3689282Z [1m[92m  Downloaded[0m hashbrown v0.17.1
2026-10-08T06:39:37.3742886Z [1m[92m  Downloaded[0m mio v1.2.0
2026-10-08T06:39:37.3805093Z [1m[92m  Downloaded[0m wasip2 v1.0.1+wasi-0.2.4
2026-10-08T06:39:37.3863968Z [1m[92m  Downloaded[0m ring v0.17.14
2026-10-08T06:39:37.4294372Z [1m[92m  Downloaded[0m usvg v0.46.0
2026-10-08T06:39:37.4338105Z [1m[92m  Downloaded[0m litrs v1.0.0
2026-10-08T06:39:37.4369170Z [1m[92m  Downloaded[0m ciborium v0.2.2
2026-10-08T06:39:37.4394313Z [1m[92m  Downloaded[0m cocoa v0.26.0
2026-10-08T06:39:37.4414887Z [1m[92m  Downloaded[0m tungstenite v0.28.0
2026-10-08T06:39:37.4450649Z [1m[92m  Downloaded[0m utf-8 v0.7.6
2026-10-08T06:39:37.4462824Z [1m[92m  Downloaded[0m sha1 v0.10.6
2026-10-08T06:39:37.4480130Z [1m[92m  Downloaded[0m data-encoding v2.9.0
2026-10-08T06:39:37.4490199Z [1m[92m  Downloaded[0m utf8-chars v3.0.6
2026-10-08T06:39:37.4499970Z [1m[92m  Downloaded[0m peg-runtime v0.8.5
2026-10-08T06:39:37.4508104Z [1m[92m  Downloaded[0m fs-set-times v0.20.3
2026-10-08T06:39:37.4522694Z [1m[92m  Downloaded[0m rav1e v0.8.1
2026-10-08T06:39:37.4856896Z [1m[92m  Downloaded[0m multimap v0.8.3
2026-10-08T06:39:37.4865943Z [1m[92m  Downloaded[0m ascii v1.1.0
2026-10-08T06:39:37.4885701Z [1m[92m  Downloaded[0m send_wrapper v0.6.0
2026-10-08T06:39:37.4898438Z [1m[92m  Downloaded[0m ryu-js v1.0.2
2026-10-08T06:39:37.4943323Z [1m[92m  Downloaded[0m roughr-merman v0.12.3
2026-10-08T06:39:37.4964028Z [1m[92m  Downloaded[0m any_vec v0.14.0
2026-10-08T06:39:37.5002894Z [1m[92m  Downloaded[0m brush-parser v0.3.0
2026-10-08T06:39:37.5064928Z [1m[92m  Downloaded[0m peg v0.8.5
2026-10-08T06:39:37.5109639Z [1m[92m  Downloaded[0m peg-macros v0.8.5
2026-10-08T06:39:37.5124056Z [1m[92m  Downloaded[0m io-extras v0.19.0
2026-10-08T06:39:37.5147137Z [1m[92m  Downloaded[0m io-lifetimes v2.0.4
2026-10-08T06:39:37.5164471Z [1m[92m  Downloaded[0m ambient-authority v0.0.2
2026-10-08T06:39:37.5177400Z [1m[92m  Downloaded[0m cap-fs-ext v4.0.3
2026-10-08T06:39:37.5193812Z [1m[92m  Downloaded[0m sec1 v0.3.0
2026-10-08T06:39:37.5210657Z [1m[92m  Downloaded[0m pkcs8 v0.9.0
2026-10-08T06:39:37.5239802Z [1m[92m  Downloaded[0m spki v0.6.0
2026-10-08T06:39:37.5257517Z [1m[92m  Downloaded[0m synchronoise v1.0.1
2026-10-08T06:39:37.5270330Z [1m[92m  Downloaded[0m criterion v0.8.2
2026-10-08T06:39:37.5347987Z [1m[92m  Downloaded[0m xxhash-rust v0.8.15
2026-10-08T06:39:37.5365755Z [1m[92m  Downloaded[0m zstd-safe v5.0.2+zstd.1.5.2
2026-10-08T06:39:37.5378544Z [1m[92m  Downloaded[0m yawc v0.4.2
2026-10-08T06:39:37.5411729Z [1m[92m  Downloaded[0m nom v8.0.0
2026-10-08T06:39:37.5466642Z [1m[92m  Downloaded[0m quick-xml v0.41.0
2026-10-08T06:39:37.5526185Z [1m[92m  Downloaded[0m pulldown-cmark v0.13.4
2026-10-08T06:39:37.5577522Z [1m[92m  Downloaded[0m merman v0.8.0-alpha.5
2026-10-08T06:39:37.5677834Z [1m[92m  Downloaded[0m fearless_simd v0.4.1
2026-10-08T06:39:37.5745911Z [1m[92m  Downloaded[0m emojis v0.9.0
2026-10-08T06:39:37.5786215Z [1m[92m  Downloaded[0m aws-sigv4 v1.4.0
2026-10-08T06:39:37.6311227Z [1m[92m  Downloaded[0m p256 v0.11.1
2026-10-08T06:39:37.6342643Z [1m[92m  Downloaded[0m elliptic-curve v0.12.3
2026-10-08T06:39:37.6380296Z [1m[92m  Downloaded[0m heed v0.21.0
2026-10-08T06:39:37.6411203Z [1m[92m  Downloaded[0m human_bytes v0.4.3
2026-10-08T06:39:37.6423318Z [1m[92m  Downloaded[0m wasmtime-environ v48.0.1
2026-10-08T06:39:37.6508034Z [1m[92m  Downloaded[0m cbindgen v0.28.0
2026-10-08T06:39:37.7413883Z [1m[92m  Downloaded[0m objc2-foundation v0.2.2
2026-10-08T06:39:37.7594853Z [1m[92m  Downloaded[0m objc2 v0.5.2
2026-10-08T06:39:37.7669576Z [1m[92m  Downloaded[0m rsa v0.9.10
2026-10-08T06:39:37.7725130Z [1m[92m  Downloaded[0m spki v0.7.3
2026-10-08T06:39:37.7743475Z [1m[92m  Downloaded[0m der v0.7.10
2026-10-08T06:39:37.7799123Z [1m[92m  Downloaded[0m pem-rfc7468 v0.7.0
2026-10-08T06:39:37.7819143Z [1m[92m  Downloaded[0m base64ct v1.8.0
2026-10-08T06:39:37.7844029Z [1m[92m  Downloaded[0m pkcs8 v0.10.2
2026-10-08T06:39:37.7873573Z [1m[92m  Downloaded[0m pkcs1 v0.7.5
2026-10-08T06:39:37.7898062Z [1m[92m  Downloaded[0m num-bigint-dig v0.8.6
2026-10-08T06:39:37.7943264Z [1m[92m  Downloaded[0m foreign-types v0.3.2
2026-10-08T06:39:37.7950967Z [1m[92m  Downloaded[0m foreign-types-shared v0.1.1
2026-10-08T06:39:37.7957782Z [1m[92m  Downloaded[0m httpdate v1.0.3
2026-10-08T06:39:37.7970758Z [1m[92m  Downloaded[0m chunked_transfer v1.5.0
2026-10-08T06:39:37.7983544Z [1m[92m  Downloaded[0m minidumper v0.11.0
2026-10-08T06:39:37.8002563Z [1m[92m  Downloaded[0m saa v5.4.9
2026-10-08T06:39:37.8026006Z [1m[92m  Downloaded[0m asynchronous-codec v0.7.0
2026-10-08T06:39:37.8050080Z [1m[92m  Downloaded[0m async-dispatcher v0.1.2
2026-10-08T06:39:37.8059669Z [1m[92m  Downloaded[0m futures-lite v1.13.0
2026-10-08T06:39:37.8075525Z [1m[92m  Downloaded[0m fastrand v1.9.0
2026-10-08T06:39:37.8087584Z [1m[92m  Downloaded[0m jupyter-protocol v1.4.0
2026-10-08T06:39:37.8104143Z [1m[92m  Downloaded[0m syn v3.0.3
2026-10-08T06:39:37.8215277Z [1m[92m  Downloaded[0m syn v2.0.117
2026-10-08T06:39:37.8323404Z [1m[92m  Downloaded[0m betlang v0.1.1
2026-10-08T06:39:37.8420098Z [1m[92m  Downloaded[0m pbjson v0.9.0
2026-10-08T06:39:37.8426850Z [1m[92m  Downloaded[0m version-compare v0.2.0
2026-10-08T06:39:37.8439998Z [1m[92m  Downloaded[0m pciid-parser v0.8.0
2026-10-08T06:39:37.8490403Z [1m[92m  Downloaded[0m zeromq v0.5.0
2026-10-08T06:39:37.8555886Z [1m[92m  Downloaded[0m scc v3.5.6
2026-10-08T06:39:37.8597425Z [1m[92m  Downloaded[0m sdd v4.6.2
2026-10-08T06:39:37.8625237Z [1m[92m  Downloaded[0m nbformat v1.2.0
2026-10-08T06:39:37.8669738Z [1m[92m  Downloaded[0m handlebars v5.1.2
2026-10-08T06:39:37.8742977Z [1m[92m  Downloaded[0m elasticlunr-rs v3.0.2
2026-10-08T06:39:37.8806848Z [1m[92m  Downloaded[0m ammonia v4.1.4
2026-10-08T06:39:37.8833331Z [1m[92m  Downloaded[0m maplit v1.0.2
2026-10-08T06:39:37.8844379Z [1m[92m  Downloaded[0m sqlx-sqlite v0.8.6
2026-10-08T06:39:37.8890966Z [1m[92m  Downloaded[0m rend v0.4.2
2026-10-08T06:39:37.8904204Z [1m[92m  Downloaded[0m bytecheck v0.6.12
2026-10-08T06:39:37.8914617Z [1m[92m  Downloaded[0m ptr_meta_derive v0.1.4
2026-10-08T06:39:37.8921513Z [1m[92m  Downloaded[0m icu_normalizer v2.3.0
2026-10-08T06:39:37.9016985Z [1m[92m  Downloaded[0m rustix v1.1.4
2026-10-08T06:39:37.9297304Z [1m[92m  Downloaded[0m tiny_http v0.12.0
2026-10-08T06:39:37.9337032Z [1m[92m  Downloaded[0m merman-core v0.8.0-alpha.5
2026-10-08T06:39:37.9555318Z [1m[92m  Downloaded[0m aws-smithy-observability v0.2.5
2026-10-08T06:39:37.9567890Z [1m[92m  Downloaded[0m aws-smithy-http-client v1.1.10
2026-10-08T06:39:37.9611126Z [1m[92m  Downloaded[0m aws-smithy-http v0.63.4
2026-10-08T06:39:37.9634136Z [1m[92m  Downloaded[0m aws-smithy-eventstream v0.60.20
2026-10-08T06:39:37.9658507Z [1m[92m  Downloaded[0m aws-smithy-json v0.62.5
2026-10-08T06:39:37.9675294Z [1m[92m  Downloaded[0m pbjson-build v0.9.0
2026-10-08T06:39:37.9689366Z [1m[92m  Downloaded[0m gobject-sys v0.21.5
2026-10-08T06:39:37.9704377Z [1m[92m  Downloaded[0m system-deps v7.0.7
2026-10-08T06:39:37.9727666Z [1m[92m  Downloaded[0m glib-sys v0.21.5
2026-10-08T06:39:37.9748814Z [1m[92m  Downloaded[0m glib-macros v0.21.5
2026-10-08T06:39:37.9781905Z [1m[92m  Downloaded[0m gio-sys v0.21.5
2026-10-08T06:39:37.9807721Z [1m[92m  Downloaded[0m seccompiler v0.5.0
2026-10-08T06:39:37.9845126Z [1m[92m  Downloaded[0m uuid-simd v0.8.0
2026-10-08T06:39:37.9857643Z [1m[92m  Downloaded[0m fluent-uri v0.4.1
2026-10-08T06:39:37.9887273Z [1m[92m  Downloaded[0m borrow-or-share v0.2.4
2026-10-08T06:39:37.9897195Z [1m[92m  Downloaded[0m num-cmp v0.1.0
2026-10-08T06:39:37.9906315Z [1m[92m  Downloaded[0m jsonschema-value v0.51.0
2026-10-08T06:39:37.9925866Z [1m[92m  Downloaded[0m bytecount v0.6.9
2026-10-08T06:39:37.9946358Z [1m[92m  Downloaded[0m jsonschema-regex v0.51.0
2026-10-08T06:39:37.9955148Z [1m[92m  Downloaded[0m runtimelib v1.4.0
2026-10-08T06:39:37.9974004Z [1m[92m  Downloaded[0m cssparser v0.37.0
2026-10-08T06:39:37.9998463Z [1m[92m  Downloaded[0m tower-http v0.4.4
2026-10-08T06:39:38.0079899Z [1m[92m  Downloaded[0m http-range-header v0.3.1
2026-10-08T06:39:38.0090275Z [1m[92m  Downloaded[0m tower v0.4.13
2026-10-08T06:39:38.0197955Z [1m[92m  Downloaded[0m sqlx v0.8.6
2026-10-08T06:39:38.0344874Z [1m[92m  Downloaded[0m sqlx-core v0.8.6
2026-10-08T06:39:38.0428909Z [1m[92m  Downloaded[0m rkyv v0.7.45
2026-10-08T06:39:38.0516933Z [1m[92m  Downloaded[0m rkyv_derive v0.7.45
2026-10-08T06:39:38.0531754Z [1m[92m  Downloaded[0m simdutf8 v0.1.5
2026-10-08T06:39:38.0556059Z [1m[92m  Downloaded[0m ptr_meta v0.1.4
2026-10-08T06:39:38.0565632Z [1m[92m  Downloaded[0m bytecheck_derive v0.6.12
2026-10-08T06:39:38.0573327Z [1m[92m  Downloaded[0m wyz v0.5.1
2026-10-08T06:39:38.0585320Z [1m[92m  Downloaded[0m glib v0.21.5
2026-10-08T06:39:38.0708501Z [1m[92m  Downloaded[0m referencing v0.51.0
2026-10-08T06:39:38.0756390Z [1m[92m  Downloaded[0m micromap v0.3.0
2026-10-08T06:39:38.0809780Z [1m[92m  Downloaded[0m fraction v0.16.0
2026-10-08T06:39:38.0867613Z [1m[92m  Downloaded[0m email_address v0.2.9
2026-10-08T06:39:38.0884511Z [1m[92m  Downloaded[0m inotify v0.9.6
2026-10-08T06:39:38.0904206Z [1m[92m  Downloaded[0m fsevent-sys v4.1.0
2026-10-08T06:39:38.0912819Z [1m[92m  Downloaded[0m webpki-roots v0.26.8
2026-10-08T06:39:38.0946724Z [1m[92m  Downloaded[0m rust_decimal v1.39.0
2026-10-08T06:39:38.1010292Z [1m[92m  Downloaded[0m bitvec v1.0.1
2026-10-08T06:39:38.1185353Z [1m[92m  Downloaded[0m tokio v1.52.1
2026-10-08T06:39:38.1723006Z [1m[92m  Downloaded[0m libc v0.2.186
2026-10-08T06:39:38.2133069Z [1m[92m  Downloaded[0m digest v0.10.7
2026-10-08T06:39:38.2151934Z [1m[92m  Downloaded[0m subtle v2.6.1
2026-10-08T06:39:38.2164118Z [1m[92m  Downloaded[0m crypto-common v0.1.6
2026-10-08T06:39:38.2173730Z [1m[92m  Downloaded[0m proc-macro-error v1.0.4
2026-10-08T06:39:38.2209869Z [1m[92m  Downloaded[0m darling v0.21.3
2026-10-08T06:39:38.2266355Z [1m[92m  Downloaded[0m derive_more-impl v2.1.1
2026-10-08T06:39:38.2322019Z [1m[92m  Downloaded[0m convert_case v0.10.0
2026-10-08T06:39:38.2339398Z [1m[92m  Downloaded[0m async-trait v0.1.89
2026-10-08T06:39:38.2378009Z [1m[92m  Downloaded[0m simd-adler32 v0.3.7
2026-10-08T06:39:38.2396508Z [1m[92m  Downloaded[0m web-time v1.1.0
2026-10-08T06:39:38.2415901Z [1m[92m  Downloaded[0m cosmic-text v0.19.0
2026-10-08T06:39:38.2731346Z [1m[92m  Downloaded[0m merman-render v0.8.0-alpha.5
2026-10-08T06:39:38.3207126Z [1m[92m  Downloaded[0m linux-raw-sys v0.12.1
2026-10-08T06:39:38.3837429Z [1m[92m  Downloaded[0m proc-macro-error-attr v1.0.4
2026-10-08T06:39:38.3847754Z [1m[92m  Downloaded[0m derive_setters v0.1.9
2026-10-08T06:39:38.3869196Z [1m[92m  Downloaded[0m darling_macro v0.21.3
2026-10-08T06:39:38.3876535Z [1m[92m  Downloaded[0m darling_core v0.21.3
2026-10-08T06:39:38.3934372Z [1m[92m  Downloaded[0m strsim v0.11.1
2026-10-08T06:39:38.3948165Z [1m[92m  Downloaded[0m ident_case v1.0.1
2026-10-08T06:39:38.3956762Z [1m[92m  Downloaded[0m fnv v1.0.7
2026-10-08T06:39:38.3965745Z [1m[92m  Downloaded[0m derive_more v2.1.1
2026-10-08T06:39:38.4101188Z [1m[92m  Downloaded[0m unicode-xid v0.2.6
2026-10-08T06:39:38.4114344Z [1m[92m  Downloaded[0m rustc_version v0.4.1
2026-10-08T06:39:38.4127533Z [1m[92m  Downloaded[0m unicode-segmentation v1.13.3
2026-10-08T06:39:38.4157464Z [1m[92m  Downloaded[0m flate2 v1.1.8
2026-10-08T06:39:38.4208461Z [1m[92m  Downloaded[0m miniz_oxide v0.8.9
2026-10-08T06:39:38.4234871Z [1m[92m  Downloaded[0m adler2 v2.0.1
2026-10-08T06:39:38.4247286Z [1m[92m  Downloaded[0m crc32fast v1.5.0
2026-10-08T06:39:38.4266294Z [1m[92m  Downloaded[0m octocrab v0.49.7
2026-10-08T06:39:38.4620812Z [1m[92m  Downloaded[0m tower-http v0.6.11
2026-10-08T06:39:38.4718998Z [1m[92m  Downloaded[0m tracing v0.1.43
2026-10-08T06:39:38.4758087Z [1m[92m  Downloaded[0m tracing-core v0.1.35
2026-10-08T06:39:38.4785452Z [1m[92m  Downloaded[0m serde_derive_internals v0.29.1
2026-10-08T06:39:38.4800182Z [1m[92m  Downloaded[0m ref-cast v1.0.25
2026-10-08T06:39:38.4831310Z [1m[92m  Downloaded[0m ref-cast-impl v1.0.25
2026-10-08T06:39:38.4839796Z [1m[92m  Downloaded[0m dyn-clone v1.0.20
2026-10-08T06:39:38.4856846Z [1m[92m  Downloaded[0m rust-embed-utils v8.11.0
2026-10-08T06:39:38.4864996Z [1m[92m  Downloaded[0m globset v0.4.17
2026-10-08T06:39:38.4880191Z [1m[92m  Downloaded[0m rust-embed v8.11.0
2026-10-08T06:39:38.4966019Z [1m[92m  Downloaded[0m bstr v1.12.1
2026-10-08T06:39:38.5045544Z [1m[92m  Downloaded[0m rust-embed-impl v8.11.0
2026-10-08T06:39:38.5054472Z [1m[92m  Downloaded[0m include-flate v0.3.4
2026-10-08T06:39:38.5063140Z [1m[92m  Downloaded[0m include-flate-compress v0.3.4
2026-10-08T06:39:38.5069837Z [1m[92m  Downloaded[0m zstd v0.13.3
2026-10-08T06:39:38.5100332Z [1m[92m  Downloaded[0m zstd-safe v7.3.0
2026-10-08T06:39:38.5113724Z [1m[92m  Downloaded[0m no_std_io2 v0.9.4
2026-10-08T06:39:38.5133842Z [1m[92m  Downloaded[0m libflate_lz77 v2.3.0
2026-10-08T06:39:38.5142376Z [1m[92m  Downloaded[0m cranelift-native v0.135.1
2026-10-08T06:39:38.5151685Z [1m[92m  Downloaded[0m wasmtime-internal-wit-bindgen v48.0.1
2026-10-08T06:39:38.5164871Z [1m[92m  Downloaded[0m rayon v1.11.0
2026-10-08T06:39:38.5262622Z [1m[92m  Downloaded[0m crossbeam-deque v0.8.6
2026-10-08T06:39:38.5276556Z [1m[92m  Downloaded[0m crossbeam-epoch v0.9.18
2026-10-08T06:39:38.5301797Z [1m[92m  Downloaded[0m mach2 v0.6.0
2026-10-08T06:39:38.5343294Z [1m[92m  Downloaded[0m addr2line v0.26.1
2026-10-08T06:39:38.5362020Z [1m[92m  Downloaded[0m partial-json-fixer v0.5.3
2026-10-08T06:39:38.5370815Z [1m[92m  Downloaded[0m unicode-vo v0.1.0
2026-10-08T06:39:38.5380263Z [1m[92m  Downloaded[0m zstd-sys v2.0.16+zstd.1.5.7
2026-10-08T06:39:38.5545526Z [1m[92m  Downloaded[0m libflate v2.3.1
2026-10-08T06:39:38.5569346Z [1m[92m  Downloaded[0m cranelift-frontend v0.135.1
2026-10-08T06:39:38.5587007Z [1m[92m  Downloaded[0m wasmtime-internal-component-macro v48.0.1
2026-10-08T06:39:38.5754520Z [1m[92m  Downloaded[0m wit-component v0.254.0
2026-10-08T06:39:38.6380167Z [1m[92m  Downloaded[0m rayon-core v1.13.0
2026-10-08T06:39:38.6418885Z [1m[92m  Downloaded[0m async-std v1.13.2
2026-10-08T06:39:38.6654980Z [1m[92m  Downloaded[0m wasm-bindgen-futures v0.4.70
2026-10-08T06:39:38.6664315Z [1m[92m  Downloaded[0m kv-log-macro v1.0.7
2026-10-08T06:39:38.6683737Z [1m[92m  Downloaded[0m unicode-script v0.5.8
2026-10-08T06:39:38.6701582Z [1m[92m  Downloaded[0m unicode-bidi v0.3.18
2026-10-08T06:39:38.6726197Z [1m[92m  Downloaded[0m tiny-skia v0.11.4
2026-10-08T06:39:38.6865184Z [1m[92m  Downloaded[0m encoding_rs v0.8.35
2026-10-08T06:39:38.7063100Z [1m[92m  Downloaded[0m web-sys v0.3.97
2026-10-08T06:39:38.8253860Z [1m[92m  Downloaded[0m tiny-skia-path v0.11.4
2026-10-08T06:39:38.8273103Z [1m[92m  Downloaded[0m strict-num v0.1.1
2026-10-08T06:39:38.8283852Z [1m[92m  Downloaded[0m float-cmp v0.9.0
2026-10-08T06:39:38.8296308Z [1m[92m  Downloaded[0m bytemuck v1.24.0
2026-10-08T06:39:38.8329595Z [1m[92m  Downloaded[0m bytemuck_derive v1.10.2
2026-10-08T06:39:38.8343019Z [1m[92m  Downloaded[0m arrayref v0.3.9
2026-10-08T06:39:38.8355946Z [1m[92m  Downloaded[0m arrayvec v0.7.6
2026-10-08T06:39:38.8376249Z [1m[92m  Downloaded[0m rgb v0.8.52
2026-10-08T06:39:38.8402453Z [1m[92m  Downloaded[0m byteorder-lite v0.1.0
2026-10-08T06:39:38.8413313Z [1m[92m  Downloaded[0m thiserror-impl v1.0.69
2026-10-08T06:39:38.8426648Z [1m[92m  Downloaded[0m hdrhistogram v7.5.4
2026-10-08T06:39:38.8499550Z [1m[92m  Downloaded[0m wgpu v29.0.4
2026-10-08T06:39:38.8649908Z [1m[92m  Downloaded[0m wgpu-types v29.0.4
2026-10-08T06:39:38.8687607Z [1m[92m  Downloaded[0m png v0.17.16
2026-10-08T06:39:38.8726263Z [1m[92m  Downloaded[0m fdeflate v0.3.7
2026-10-08T06:39:38.8742518Z [1m[92m  Downloaded[0m image-webp v0.2.4
2026-10-08T06:39:38.8765005Z [1m[92m  Downloaded[0m gif v0.14.2
2026-10-08T06:39:38.8782522Z [1m[92m  Downloaded[0m tokio-socks v0.5.2
2026-10-08T06:39:38.8814482Z [1m[92m  Downloaded[0m thiserror v1.0.69
2026-10-08T06:39:38.8874905Z [1m[92m  Downloaded[0m system-configuration v0.8.0
2026-10-08T06:39:38.8888536Z [1m[92m  Downloaded[0m system-configuration-sys v0.6.0
2026-10-08T06:39:38.8901136Z [1m[92m  Downloaded[0m rustls-pemfile v2.2.0
2026-10-08T06:39:38.8926923Z [1m[92m  Downloaded[0m quinn v0.11.9
2026-10-08T06:39:38.8960148Z [1m[92m  Downloaded[0m rand_pcg v0.10.2
2026-10-08T06:39:38.8975213Z [1m[92m  Downloaded[0m rand v0.10.2
2026-10-08T06:39:38.9014595Z [1m[92m  Downloaded[0m chacha20 v0.10.1
2026-10-08T06:39:38.9039355Z [1m[92m  Downloaded[0m wgpu-hal v29.0.4
2026-10-08T06:39:38.9149135Z [1m[92m  Downloaded[0m xcursor v0.3.10
2026-10-08T06:39:38.9157074Z [1m[92m  Downloaded[0m x11rb-protocol v0.13.2
2026-10-08T06:39:38.9281926Z [1m[92m  Downloaded[0m gethostname v1.1.0
2026-10-08T06:39:38.9292352Z [1m[92m  Downloaded[0m scoped-tls v1.0.1
2026-10-08T06:39:38.9303444Z [1m[92m  Downloaded[0m downcast-rs v1.2.1
2026-10-08T06:39:38.9316846Z [1m[92m  Downloaded[0m wayland-protocols-plasma v0.3.9
2026-10-08T06:39:38.9363448Z [1m[92m  Downloaded[0m wayland-cursor v0.31.11
2026-10-08T06:39:38.9372479Z [1m[92m  Downloaded[0m open v5.3.2
2026-10-08T06:39:38.9387042Z [1m[92m  Downloaded[0m is-wsl v0.4.0
2026-10-08T06:39:38.9397734Z [1m[92m  Downloaded[0m is-docker v0.2.0
2026-10-08T06:39:38.9408796Z [1m[92m  Downloaded[0m oo7 v0.6.0
2026-10-08T06:39:38.9456206Z [1m[92m  Downloaded[0m zvariant v5.11.0
2026-10-08T06:39:38.9529941Z [1m[92m  Downloaded[0m zvariant_utils v3.3.1
2026-10-08T06:39:38.9544879Z [1m[92m  Downloaded[0m winnow v1.0.2
2026-10-08T06:39:38.9645975Z [1m[92m  Downloaded[0m zvariant_derive v5.11.0
2026-10-08T06:39:38.9660425Z [1m[92m  Downloaded[0m serde_bytes v0.11.19
2026-10-08T06:39:38.9676867Z [1m[92m  Downloaded[0m enumflags2 v0.7.12
2026-10-08T06:39:38.9691577Z [1m[92m  Downloaded[0m fast-srgb8 v1.0.0
2026-10-08T06:39:38.9703887Z [1m[92m  Downloaded[0m approx v0.5.1
2026-10-08T06:39:38.9723175Z [1m[92m  Downloaded[0m documented v0.10.0
2026-10-08T06:39:38.9731248Z [1m[92m  Downloaded[0m documented-macros v0.10.0
2026-10-08T06:39:38.9744005Z [1m[92m  Downloaded[0m unicode-general-category v1.1.0
2026-10-08T06:39:38.9759762Z [1m[92m  Downloaded[0m is-terminal v0.4.16
2026-10-08T06:39:38.9768806Z [1m[92m  Downloaded[0m hashlink v0.8.4
2026-10-08T06:39:38.9786824Z [1m[92m  Downloaded[0m pbkdf2 v0.11.0
2026-10-08T06:39:38.9812087Z [1m[92m  Downloaded[0m bzip2 v0.4.4
2026-10-08T06:39:38.9829749Z [1m[92m  Downloaded[0m fs2 v0.4.3
2026-10-08T06:39:38.9841349Z [1m[92m  Downloaded[0m cached v0.56.0
2026-10-08T06:39:38.9878095Z [1m[92m  Downloaded[0m cached_proc_macro_types v0.1.1
2026-10-08T06:39:38.9885094Z [1m[92m  Downloaded[0m cached_proc_macro v0.25.0
2026-10-08T06:39:38.9896118Z [1m[92m  Downloaded[0m darling v0.20.11
2026-10-08T06:39:38.9948502Z [1m[92m  Downloaded[0m lmdb-master-sys v0.2.5
2026-10-08T06:39:38.9999963Z [1m[92m  Downloaded[0m aws-lc-sys v0.42.0
2026-10-08T06:39:39.2584043Z [1m[92m  Downloaded[0m quinn-proto v0.11.17
2026-10-08T06:39:39.2651120Z [1m[92m  Downloaded[0m wgpu-naga-bridge v29.0.4
2026-10-08T06:39:39.2660440Z [1m[92m  Downloaded[0m naga v29.0.4
2026-10-08T06:39:39.2870797Z [1m[92m  Downloaded[0m spirv v0.4.0+sdk-1.4.341.0
2026-10-08T06:39:39.2882785Z [1m[92m  Downloaded[0m rustc-hash v1.1.0
2026-10-08T06:39:39.2892539Z [1m[92m  Downloaded[0m hexf-parse v0.2.1
2026-10-08T06:39:39.2899143Z [1m[92m  Downloaded[0m codespan-reporting v0.13.0
2026-10-08T06:39:39.2977838Z [1m[92m  Downloaded[0m bit-set v0.9.1
2026-10-08T06:39:39.2992690Z [1m[92m  Downloaded[0m renderdoc-sys v1.1.0
2026-10-08T06:39:39.3002123Z [1m[92m  Downloaded[0m raw-window-metal v1.1.0
2026-10-08T06:39:39.3013214Z [1m[92m  Downloaded[0m objc2-quartz-core v0.3.2
2026-10-08T06:39:39.3044631Z [1m[92m  Downloaded[0m ordered-float v5.5.0
2026-10-08T06:39:39.3061684Z [1m[92m  Downloaded[0m khronos-egl v6.0.0
2026-10-08T06:39:39.3081630Z [1m[92m  Downloaded[0m enumflags2_derive v0.7.12
2026-10-08T06:39:39.3089955Z [1m[92m  Downloaded[0m endi v1.1.0
2026-10-08T06:39:39.3100905Z [1m[92m  Downloaded[0m zbus_macros v5.13.2
2026-10-08T06:39:39.3116760Z [1m[92m  Downloaded[0m zbus_names v4.3.2
2026-10-08T06:39:39.3132639Z [1m[92m  Downloaded[0m zbus v5.13.2
2026-10-08T06:39:39.3228722Z [1m[92m  Downloaded[0m serde_repr v0.1.20
2026-10-08T06:39:39.3249843Z [1m[92m  Downloaded[0m ordered-stream v0.2.0
2026-10-08T06:39:39.3261578Z [1m[92m  Downloaded[0m optfield v0.4.0
2026-10-08T06:39:39.3282119Z [1m[92m  Downloaded[0m num-format v0.4.4
2026-10-08T06:39:39.3319033Z [1m[92m  Downloaded[0m shellexpand v3.1.1
2026-10-08T06:39:39.3336692Z [1m[92m  Downloaded[0m sqlformat v0.2.6
2026-10-08T06:39:39.3353783Z [1m[92m  Downloaded[0m unicode_categories v0.1.1
2026-10-08T06:39:39.3371004Z [1m[92m  Downloaded[0m vcpkg v0.2.15
2026-10-08T06:39:39.3930900Z [1m[92m  Downloaded[0m zstd v0.11.2+zstd.1.5.2
2026-10-08T06:39:39.3965704Z [1m[92m  Downloaded[0m tree-sitter-html v0.23.2
2026-10-08T06:39:39.3984142Z [1m[92m  Downloaded[0m tree-sitter-embedded-template v0.23.2
2026-10-08T06:39:39.4000793Z [1m[92m  Downloaded[0m env_logger v0.10.2
2026-10-08T06:39:39.4033257Z [1m[92m  Downloaded[0m humantime v2.3.0
2026-10-08T06:39:39.4050053Z [1m[92m  Downloaded[0m yaml-rust2 v0.8.1
2026-10-08T06:39:39.4344128Z [1m[92m  Downloaded[0m fancy-regex v0.19.0
2026-10-08T06:39:39.4409381Z [1m[92m  Downloaded[0m circular-buffer v1.2.0
2026-10-08T06:39:39.4430634Z [1m[92m  Downloaded[0m zip v0.6.6
2026-10-08T06:39:39.4473950Z [1m[92m  Downloaded[0m password-hash v0.4.2
2026-10-08T06:39:39.4492231Z [1m[92m  Downloaded[0m constant_time_eq v0.1.5
2026-10-08T06:39:39.4502345Z [1m[92m  Downloaded[0m bzip2-sys v0.1.13+1.0.8
2026-10-08T06:39:39.4610003Z [1m[92m  Downloaded[0m indenter v0.3.4
2026-10-08T06:39:39.4623706Z [1m[92m  Downloaded[0m darling_macro v0.20.11
2026-10-08T06:39:39.4631067Z [1m[92m  Downloaded[0m process-reader v0.1.0
2026-10-08T06:39:39.4642896Z [1m[92m  Downloaded[0m minidump-common v0.26.1
2026-10-08T06:39:39.4665520Z [1m[92m  Downloaded[0m smart-default v0.7.1
2026-10-08T06:39:39.4680640Z [1m[92m  Downloaded[0m range-map v0.2.0
2026-10-08T06:39:39.4690799Z [1m[92m  Downloaded[0m debugid v0.8.0
2026-10-08T06:39:39.4703973Z [1m[92m  Downloaded[0m failspot v0.2.0
2026-10-08T06:39:39.4714008Z [1m[92m  Downloaded[0m error-graph v0.1.1
2026-10-08T06:39:39.4725951Z [1m[92m  Downloaded[0m crash-context v0.8.0
2026-10-08T06:39:39.4748367Z [1m[92m  Downloaded[0m crash-handler v0.8.0
2026-10-08T06:39:39.4779613Z [1m[92m  Downloaded[0m jupyter-websocket-client v1.1.0
2026-10-08T06:39:39.4791623Z [1m[92m  Downloaded[0m mimalloc v0.1.48
2026-10-08T06:39:39.4803003Z [1m[92m  Downloaded[0m sea-query-binder v0.7.0
2026-10-08T06:39:39.4814892Z [1m[92m  Downloaded[0m pgvector v0.4.1
2026-10-08T06:39:39.4841970Z [1m[92m  Downloaded[0m system-configuration v0.5.1
2026-10-08T06:39:39.4854844Z [1m[92m  Downloaded[0m rustls-pemfile v1.0.4
2026-10-08T06:39:39.4878793Z [1m[92m  Downloaded[0m proptest-derive v0.8.0
2026-10-08T06:39:39.4937547Z [1m[92m  Downloaded[0m tree-sitter-rust v0.24.2
2026-10-08T06:39:39.5042232Z [1m[92m  Downloaded[0m tree-sitter-ruby v0.23.1
2026-10-08T06:39:39.5237396Z [1m[92m  Downloaded[0m tree-sitter-python v0.25.0
2026-10-08T06:39:39.5299408Z [1m[92m  Downloaded[0m lol_html v3.0.1
2026-10-08T06:39:39.5384102Z [1m[92m  Downloaded[0m goblin v0.9.3
2026-10-08T06:39:39.5447771Z [1m[92m  Downloaded[0m plain v0.2.3
2026-10-08T06:39:39.5458451Z [1m[92m  Downloaded[0m jsonschema v0.51.0
2026-10-08T06:39:39.5651194Z [1m[92m  Downloaded[0m strum v0.26.3
2026-10-08T06:39:39.5658932Z [1m[92m  Downloaded[0m sea-query v0.32.7
2026-10-08T06:39:39.5772042Z [1m[92m  Downloaded[0m ordered-float v4.6.0
2026-10-08T06:39:39.5786758Z [1m[92m  Downloaded[0m inherent v1.0.13
2026-10-08T06:39:39.5807497Z [1m[92m  Downloaded[0m ouroboros v0.18.5
2026-10-08T06:39:39.5816832Z [1m[92m  Downloaded[0m ouroboros_macro v0.18.5
2026-10-08T06:39:39.5835636Z [1m[92m  Downloaded[0m proc-macro2-diagnostics v0.10.1
2026-10-08T06:39:39.5853098Z [1m[92m  Downloaded[0m aliasable v0.1.3
2026-10-08T06:39:39.5863532Z [1m[92m  Downloaded[0m async-stream v0.3.6
2026-10-08T06:39:39.5885759Z [1m[92m  Downloaded[0m async-stream-impl v0.3.6
2026-10-08T06:39:39.5893305Z [1m[92m  Downloaded[0m reqwest v0.11.27
2026-10-08T06:39:39.5966106Z [1m[92m  Downloaded[0m system-configuration-sys v0.5.0
2026-10-08T06:39:39.5977017Z [1m[92m  Downloaded[0m sync_wrapper v0.1.2
2026-10-08T06:39:39.5986335Z [1m[92m  Downloaded[0m wit-bindgen-rust v0.22.0
2026-10-08T06:39:39.6000860Z [1m[92m  Downloaded[0m wit-component v0.201.0
2026-10-08T06:39:39.6489732Z [1m[92m  Downloaded[0m wit-parser v0.201.0
2026-10-08T06:39:39.6780046Z [1m[92m  Downloaded[0m wasmparser v0.201.0
2026-10-08T06:39:39.6841342Z [1m[92m  Downloaded[0m wasm-metadata v0.201.0
2026-10-08T06:39:39.6848323Z [1m[92m  Downloaded[0m wasm-encoder v0.201.0
2026-10-08T06:39:39.6878994Z [1m[92m  Downloaded[0m leb128 v0.2.5
2026-10-08T06:39:39.6893041Z [1m[92m  Downloaded[0m wit-bindgen-core v0.22.0
2026-10-08T06:39:39.6903206Z [1m[92m  Downloaded[0m heck v0.4.1
2026-10-08T06:39:39.6916514Z [1m[92m  Downloaded[0m wit-bindgen-rt v0.22.0
2026-10-08T06:39:39.6925012Z [1m[92m  Downloaded[0m rustc-hash v2.1.1
2026-10-08T06:39:39.6938271Z [1m[92m  Downloaded[0m embedded-io v0.4.0
2026-10-08T06:39:39.6955909Z [1m[92m  Downloaded[0m cobs v0.3.0
2026-10-08T06:39:39.6970393Z [1m[92m  Downloaded[0m cranelift-bforest v0.135.1
2026-10-08T06:39:39.6984556Z [1m[92m  Downloaded[0m gloo-timers v0.3.0
2026-10-08T06:39:39.6994785Z [1m[92m  Downloaded[0m async-tungstenite v0.33.0
2026-10-08T06:39:39.7026321Z [1m[92m  Downloaded[0m object v0.39.1
2026-10-08T06:39:39.7139040Z [1m[92m  Downloaded[0m cranelift-entity v0.135.1
2026-10-08T06:39:39.7155136Z [1m[92m  Downloaded[0m cranelift-bitset v0.135.1
2026-10-08T06:39:39.7165188Z [1m[92m  Downloaded[0m regalloc2 v0.15.2
2026-10-08T06:39:39.7212313Z [1m[92m  Downloaded[0m core-graphics-types v0.1.3
2026-10-08T06:39:39.7221881Z [1m[92m  Downloaded[0m core-graphics v0.23.2
2026-10-08T06:39:39.7243734Z [1m[92m  Downloaded[0m cocoa-foundation v0.1.2
2026-10-08T06:39:39.7256358Z [1m[92m  Downloaded[0m plotters-svg v0.3.7
2026-10-08T06:39:39.7264628Z [1m[92m  Downloaded[0m darling_core v0.20.11
2026-10-08T06:39:39.7318954Z [1m[92m  Downloaded[0m darling v0.23.0
2026-10-08T06:39:39.7376386Z [1m[92m  Downloaded[0m darling_macro v0.23.0
2026-10-08T06:39:39.7383979Z [1m[92m  Downloaded[0m symphonia v0.5.5
2026-10-08T06:39:39.7395527Z [1m[92m  Downloaded[0m symphonia-format-riff v0.5.5
2026-10-08T06:39:39.7407965Z [1m[92m  Downloaded[0m extended v0.1.0
2026-10-08T06:39:39.7415820Z [1m[92m  Downloaded[0m cranelift-codegen v0.135.1
2026-10-08T06:39:39.7717508Z [1m[92m  Downloaded[0m core-foundation v0.9.4
2026-10-08T06:39:39.7740170Z [1m[92m  Downloaded[0m loop9 v0.1.5
2026-10-08T06:39:39.7747690Z [1m[92m  Downloaded[0m moxcms v0.8.1
2026-10-08T06:39:39.7855569Z [1m[92m  Downloaded[0m zune-inflate v0.2.54
2026-10-08T06:39:39.7872920Z [1m[92m  Downloaded[0m gpu-allocator v0.28.0
2026-10-08T06:39:39.7903497Z [1m[92m  Downloaded[0m wgpu-core-deps-apple v29.0.4
2026-10-08T06:39:39.7913789Z [1m[92m  Downloaded[0m oorandom v11.1.5
2026-10-08T06:39:39.7923745Z [1m[92m  Downloaded[0m itertools v0.13.0
2026-10-08T06:39:39.7995700Z [1m[92m  Downloaded[0m bon v3.8.2
2026-10-08T06:39:39.8080808Z [1m[92m  Downloaded[0m bon-macros v3.8.2
2026-10-08T06:39:39.8151175Z [1m[92m  Downloaded[0m darling_core v0.23.0
2026-10-08T06:39:39.8210002Z [1m[92m  Downloaded[0m serde_yaml_ng v0.10.0
2026-10-08T06:39:39.8244313Z [1m[92m  Downloaded[0m symphonia-metadata v0.5.5
2026-10-08T06:39:39.8258114Z [1m[92m  Downloaded[0m symphonia-core v0.5.5
2026-10-08T06:39:39.8294356Z [1m[92m  Downloaded[0m hound v3.5.1
2026-10-08T06:39:39.8326034Z [1m[92m  Downloaded[0m parse_int v0.9.0
2026-10-08T06:39:39.8334560Z [1m[92m  Downloaded[0m plist v1.10.0
2026-10-08T06:39:39.8377980Z [1m[92m  Downloaded[0m fork v0.4.0
2026-10-08T06:39:39.8403552Z [1m[92m  Downloaded[0m exec v0.3.1
2026-10-08T06:39:39.8413991Z [1m[92m  Downloaded[0m errno v0.2.8
2026-10-08T06:39:39.8427346Z [1m[92m  Downloaded[0m dialoguer v0.12.0
2026-10-08T06:39:39.8464165Z [1m[92m  Downloaded[0m console v0.16.3
2026-10-08T06:39:39.8482325Z [1m[92m  Downloaded[0m aligned v0.4.3
2026-10-08T06:39:39.8494228Z [1m[92m  Downloaded[0m as-slice v0.2.1
2026-10-08T06:39:39.8504094Z [1m[92m  Downloaded[0m avif-serialize v0.8.6
2026-10-08T06:39:39.8514176Z [1m[92m  Downloaded[0m qoi v0.4.1
2026-10-08T06:39:39.8543781Z [1m[92m  Downloaded[0m presser v0.3.1
2026-10-08T06:39:39.8561374Z [1m[92m  Downloaded[0m wgpu-core-deps-windows-linux-android v29.0.4
2026-10-08T06:39:39.8570467Z [1m[92m  Downloaded[0m document-features v0.2.12
2026-10-08T06:39:39.8583193Z [1m[92m  Downloaded[0m libsqlite3-sys v0.30.1
2026-10-08T06:39:39.9158798Z [1m[92m  Downloaded[0m coreaudio-rs v0.13.0
2026-10-08T06:39:39.9181911Z [1m[92m  Downloaded[0m schemars v0.9.0
2026-10-08T06:39:39.9331243Z [1m[92m  Downloaded[0m ahash v0.7.8
2026-10-08T06:39:39.9355283Z [1m[92m  Downloaded[0m libmimalloc-sys v0.1.44
2026-10-08T06:39:39.9504894Z [1m[92m  Downloaded[0m ipc-channel v0.19.0
2026-10-08T06:39:39.9552820Z [1m[92m  Downloaded[0m hyper-tls v0.5.0
2026-10-08T06:39:39.9565680Z [1m[92m  Downloaded[0m prometheus v0.14.0
2026-10-08T06:39:39.9618713Z [1m[92m  Downloaded[0m protobuf v3.7.2
2026-10-08T06:39:39.9734286Z [1m[92m  Downloaded[0m protobuf-support v3.7.2
2026-10-08T06:39:39.9750290Z [1m[92m  Downloaded[0m envy v0.4.2
2026-10-08T06:39:39.9767854Z [1m[92m  Downloaded[0m dashmap v6.1.0
2026-10-08T06:39:39.9794024Z [1m[92m  Downloaded[0m axum v0.6.20
2026-10-08T06:39:39.9873795Z [1m[92m  Downloaded[0m tokio-tungstenite v0.20.1
2026-10-08T06:39:39.9894523Z [1m[92m  Downloaded[0m tungstenite v0.20.1
2026-10-08T06:39:39.9927956Z [1m[92m  Downloaded[0m which v8.0.5
2026-10-08T06:39:39.9948026Z [1m[92m  Downloaded[0m walkdir v2.5.0
2026-10-08T06:39:39.9966801Z [1m[92m  Downloaded[0m same-file v1.0.6
2026-10-08T06:39:39.9981216Z [1m[92m  Downloaded[0m unicase v2.8.1
2026-10-08T06:39:39.9995217Z [1m[92m  Downloaded[0m smol v2.0.2
2026-10-08T06:39:40.0035748Z [1m[92m  Downloaded[0m futures-lite v2.6.1
2026-10-08T06:39:40.0052911Z [1m[92m  Downloaded[0m parking v2.2.1
2026-10-08T06:39:40.0064306Z [1m[92m  Downloaded[0m rle-decode-fast v1.0.3
2026-10-08T06:39:40.0079716Z [1m[92m  Downloaded[0m hashbrown v0.16.1
2026-10-08T06:39:40.0131433Z [1m[92m  Downloaded[0m pulley-interpreter v48.0.1
2026-10-08T06:39:40.0159590Z [1m[92m  Downloaded[0m cranelift-isle v0.135.1
2026-10-08T06:39:40.0214004Z [1m[92m  Downloaded[0m core-graphics-types v0.2.0
2026-10-08T06:39:40.0222706Z [1m[92m  Downloaded[0m euclid v0.22.14
2026-10-08T06:39:40.0254751Z [1m[92m  Downloaded[0m cpufeatures v0.3.0
2026-10-08T06:39:40.0269520Z [1m[92m  Downloaded[0m lru-slab v0.1.2
2026-10-08T06:39:40.0277997Z [1m[92m  Downloaded[0m mime v0.3.17
2026-10-08T06:39:40.0291588Z [1m[92m  Downloaded[0m profiling-procmacros v1.0.17
2026-10-08T06:39:40.0298059Z [1m[92m  Downloaded[0m crossbeam-queue v0.3.12
2026-10-08T06:39:40.0310706Z [1m[92m  Downloaded[0m atomic v0.5.3
2026-10-08T06:39:40.0321884Z [1m[92m  Downloaded[0m pollster v0.4.0
2026-10-08T06:39:40.0334506Z [1m[92m  Downloaded[0m imgref v1.12.0
2026-10-08T06:39:40.0351310Z [1m[92m  Downloaded[0m png v0.18.0
2026-10-08T06:39:40.0389704Z [1m[92m  Downloaded[0m lebe v0.5.3
2026-10-08T06:39:40.0402317Z [1m[92m  Downloaded[0m bit_field v0.10.3
2026-10-08T06:39:40.0414634Z [1m[92m  Downloaded[0m gpu-descriptor v0.3.2
2026-10-08T06:39:40.0422855Z [1m[92m  Downloaded[0m tinytemplate v1.2.1
2026-10-08T06:39:40.0439890Z [1m[92m  Downloaded[0m plotters-backend v0.3.7
2026-10-08T06:39:40.0452366Z [1m[92m  Downloaded[0m page_size v0.6.0
2026-10-08T06:39:40.0462345Z [1m[92m  Downloaded[0m rand_distr v0.5.1
2026-10-08T06:39:40.0498202Z [1m[92m  Downloaded[0m aws-smithy-checksums v0.64.4
2026-10-08T06:39:40.0512437Z [1m[92m  Downloaded[0m blocking v1.6.2
2026-10-08T06:39:40.0525295Z [1m[92m  Downloaded[0m crossbeam-utils v0.8.21
2026-10-08T06:39:40.0552695Z [1m[92m  Downloaded[0m polling v3.11.0
2026-10-08T06:39:40.0584596Z [1m[92m  Downloaded[0m wasmtime-internal-c-api-macros v48.0.1
2026-10-08T06:39:40.0592138Z [1m[92m  Downloaded[0m yeslogic-fontconfig-sys v6.0.0
2026-10-08T06:39:40.0600792Z [1m[92m  Downloaded[0m pathfinder_simd v0.5.6
2026-10-08T06:39:40.0620084Z [1m[92m  Downloaded[0m pathfinder_geometry v0.5.1
2026-10-08T06:39:40.0631272Z [1m[92m  Downloaded[0m lazy_static v1.5.0
2026-10-08T06:39:40.0649000Z [1m[92m  Downloaded[0m spin v0.9.8
2026-10-08T06:39:40.0672796Z [1m[92m  Downloaded[0m float-ord v0.3.2
2026-10-08T06:39:40.0682801Z [1m[92m  Downloaded[0m core-graphics v0.24.0
2026-10-08T06:39:40.0703935Z [1m[92m  Downloaded[0m simplecss v0.2.2
2026-10-08T06:39:40.0722210Z [1m[92m  Downloaded[0m webpki-roots v1.0.8
2026-10-08T06:39:40.0752763Z [1m[92m  Downloaded[0m pollster v0.2.5
2026-10-08T06:39:40.0764696Z [1m[92m  Downloaded[0m objc2-metal v0.3.2
2026-10-08T06:39:40.0869823Z [1m[92m  Downloaded[0m objc2-core-foundation v0.3.2
2026-10-08T06:39:40.0941918Z [1m[92m  Downloaded[0m wgpu-core-deps-wasm v29.0.4
2026-10-08T06:39:40.0950617Z [1m[92m  Downloaded[0m zeno v0.3.3
2026-10-08T06:39:40.0973823Z [1m[92m  Downloaded[0m yazi v0.2.1
2026-10-08T06:39:40.0986987Z [1m[92m  Downloaded[0m plotters v0.3.7
2026-10-08T06:39:40.1086836Z [1m[92m  Downloaded[0m symphonia-codec-pcm v0.5.5
2026-10-08T06:39:40.1095612Z [1m[92m  Downloaded[0m rtrb v0.3.2
2026-10-08T06:39:40.1112242Z [1m[92m  Downloaded[0m dasp_sample v0.11.0
2026-10-08T06:39:40.1122841Z [1m[92m  Downloaded[0m alsa-sys v0.3.1
2026-10-08T06:39:40.1136346Z [1m[92m  Downloaded[0m serde_with_macros v3.22.0
2026-10-08T06:39:40.1156590Z [1m[92m  Downloaded[0m indexmap v1.9.3
2026-10-08T06:39:40.1189727Z [1m[92m  Downloaded[0m nanoid v0.4.0
2026-10-08T06:39:40.1199867Z [1m[92m  Downloaded[0m bmrng v0.5.2
2026-10-08T06:39:40.1214287Z [1m[92m  Downloaded[0m rmp v0.8.14
2026-10-08T06:39:40.1255316Z [1m[92m  Downloaded[0m core-services v1.0.0
2026-10-08T06:39:40.1262492Z [1m[92m  Downloaded[0m version_check v0.9.5
2026-10-08T06:39:40.1275368Z [1m[92m  Downloaded[0m block-buffer v0.10.4
2026-10-08T06:39:40.1285909Z [1m[92m  Downloaded[0m cranelift-codegen-meta v0.135.1
2026-10-08T06:39:40.1322233Z [1m[92m  Downloaded[0m postage v0.5.0
2026-10-08T06:39:40.1419444Z [1m[92m  Downloaded[0m objc2-foundation v0.3.2
2026-10-08T06:39:40.1619517Z [1m[92m  Downloaded[0m exr v1.74.0
2026-10-08T06:39:40.1710827Z [1m[92m  Downloaded[0m wgpu-core v29.0.4
2026-10-08T06:39:40.1805161Z [1m[92m  Downloaded[0m swash v0.2.6
2026-10-08T06:39:40.1880576Z [1m[92m  Downloaded[0m self_cell v1.2.2
2026-10-08T06:39:40.1891131Z [1m[92m  Downloaded[0m cpal v0.17.1
2026-10-08T06:39:40.1961535Z [1m[92m  Downloaded[0m objc2-audio-toolbox v0.3.2
2026-10-08T06:39:40.2014613Z [1m[92m  Downloaded[0m alsa v0.10.0
2026-10-08T06:39:40.2042389Z [1m[92m  Downloaded[0m wasmtime-wasi v48.0.1
2026-10-08T06:39:40.2142221Z [1m[92m  Downloaded[0m hashbrown v0.12.3
2026-10-08T06:39:40.2180083Z [1m[92m  Downloaded[0m bs58 v0.5.1
2026-10-08T06:39:40.2203378Z [1m[92m  Downloaded[0m agent-client-protocol-derive v2.2.0
2026-10-08T06:39:40.2210842Z [1m[92m  Downloaded[0m simplelog v0.12.2
2026-10-08T06:39:40.2230369Z [1m[92m  Downloaded[0m tokio-tungstenite v0.28.0
2026-10-08T06:39:40.2250758Z [1m[92m  Downloaded[0m coreaudio-rs v0.12.1
2026-10-08T06:39:40.2273579Z [1m[92m  Downloaded[0m coreaudio-sys v0.2.18
2026-10-08T06:39:40.2284737Z [1m[92m  Downloaded[0m clap_complete_nushell v4.6.0
2026-10-08T06:39:40.2300140Z [1m[92m  Downloaded[0m clap_complete v4.5.59
2026-10-08T06:39:40.2330061Z [1m[92m  Downloaded[0m matchit v0.7.3
2026-10-08T06:39:40.2349660Z [1m[92m  Downloaded[0m axum-core v0.3.4
2026-10-08T06:39:40.2370579Z [1m[92m  Downloaded[0m crc-fast v1.9.0
2026-10-08T06:39:40.2463944Z [1m[92m  Downloaded[0m typenum v1.19.0
2026-10-08T06:39:40.2493414Z [1m[92m  Downloaded[0m generic-array v0.14.7
2026-10-08T06:39:40.2508067Z [1m[92m  Downloaded[0m const-oid v0.9.6
2026-10-08T06:39:40.2527960Z [1m[92m  Downloaded[0m cpufeatures v0.2.17
2026-10-08T06:39:40.2542526Z [1m[92m  Downloaded[0m serde_yaml v0.9.34+deprecated
2026-10-08T06:39:40.2577633Z [1m[92m  Downloaded[0m piper v0.2.4
2026-10-08T06:39:40.2594094Z [1m[92m  Downloaded[0m event-listener-strategy v0.5.4
2026-10-08T06:39:40.2605758Z [1m[92m  Downloaded[0m event-listener v5.4.1
2026-10-08T06:39:40.2626992Z [1m[92m  Downloaded[0m concurrent-queue v2.5.0
2026-10-08T06:39:40.2644907Z [1m[92m  Downloaded[0m async-lock v3.4.2
2026-10-08T06:39:40.2667923Z [1m[92m  Downloaded[0m wasmtime-internal-versioned-export-macros v48.0.1
2026-10-08T06:39:40.2674810Z [1m[92m  Downloaded[0m wasmtime-internal-unwinder v48.0.1
2026-10-08T06:39:40.2691219Z [1m[92m  Downloaded[0m cranelift-srcgen v0.135.1
2026-10-08T06:39:40.2698841Z [1m[92m  Downloaded[0m foreign-types-shared v0.3.1
2026-10-08T06:39:40.2706109Z [1m[92m  Downloaded[0m lyon_extra v1.0.3
2026-10-08T06:39:40.2715350Z [1m[92m  Downloaded[0m v_frame v0.3.9
2026-10-08T06:39:40.2731936Z [1m[92m  Downloaded[0m aligned-vec v0.6.4
2026-10-08T06:39:40.2742225Z [1m[92m  Downloaded[0m skrifa v0.37.0
2026-10-08T06:39:40.2836297Z [1m[92m  Downloaded[0m read-fonts v0.35.0
2026-10-08T06:39:40.2994825Z [1m[92m  Downloaded[0m criterion-plot v0.8.2
2026-10-08T06:39:40.3013926Z [1m[92m  Downloaded[0m font-types v0.11.0
2026-10-08T06:39:40.3033026Z [1m[92m  Downloaded[0m rangemap v1.7.1
2026-10-08T06:39:40.3056321Z [1m[92m  Downloaded[0m linebender_resource_handle v0.1.1
2026-10-08T06:39:40.3068157Z [1m[92m  Downloaded[0m objc2-user-notifications v0.3.2
2026-10-08T06:39:40.3089228Z [1m[92m  Downloaded[0m objc2-core-location v0.3.2
2026-10-08T06:39:40.3117584Z [1m[92m  Downloaded[0m objc2-screen-capture-kit v0.3.2
2026-10-08T06:39:40.3133718Z [1m[92m  Downloaded[0m objc2-core-media v0.3.2
2026-10-08T06:39:40.3171404Z [1m[92m  Downloaded[0m objc2-core-audio-types v0.3.2
2026-10-08T06:39:40.3185177Z [1m[92m  Downloaded[0m objc2-core-audio v0.3.2
2026-10-08T06:39:40.3201741Z [1m[92m  Downloaded[0m core-video v0.5.2
2026-10-08T06:39:40.3223187Z [1m[92m  Downloaded[0m hex v0.4.3
2026-10-08T06:39:40.3239498Z [1m[92m  Downloaded[0m async-recursion v1.1.1
2026-10-08T06:39:40.3277959Z [1m[92m  Downloaded[0m async-broadcast v0.7.2
2026-10-08T06:39:40.3295325Z [1m[92m  Downloaded[0m pbkdf2 v0.12.2
2026-10-08T06:39:40.3308936Z [1m[92m  Downloaded[0m hmac v0.12.1
2026-10-08T06:39:40.3328379Z [1m[92m  Downloaded[0m num-bigint-dig v0.9.1
2026-10-08T06:39:40.3374623Z [1m[92m  Downloaded[0m num-iter v0.1.45
2026-10-08T06:39:40.3384540Z [1m[92m  Downloaded[0m lru v0.16.4
2026-10-08T06:39:40.3396666Z [1m[92m  Downloaded[0m tree-sitter-regex v0.24.3
2026-10-08T06:39:40.3414698Z [1m[92m  Downloaded[0m tree-sitter-jsdoc v0.23.2
2026-10-08T06:39:40.3430905Z [1m[92m  Downloaded[0m tree-sitter-diff v0.1.0
2026-10-08T06:39:40.3446708Z [1m[92m  Downloaded[0m tree-sitter-css v0.23.2
2026-10-08T06:39:40.3469206Z [1m[92m  Downloaded[0m phf_codegen v0.13.1
2026-10-08T06:39:40.3478216Z [1m[92m  Downloaded[0m rmpv v1.3.0
2026-10-08T06:39:40.3501137Z [1m[92m  Downloaded[0m async-channel v2.5.0
2026-10-08T06:39:40.3515623Z [1m[92m  Downloaded[0m async-signal v0.2.13
2026-10-08T06:39:40.3530661Z [1m[92m  Downloaded[0m async-io v2.6.0
2026-10-08T06:39:40.3560118Z [1m[92m  Downloaded[0m cranelift-control v0.135.1
2026-10-08T06:39:40.3569546Z [1m[92m  Downloaded[0m arbitrary v1.4.2
2026-10-08T06:39:40.3618936Z [1m[92m  Downloaded[0m foreign-types-macros v0.2.3
2026-10-08T06:39:40.3627498Z [1m[92m  Downloaded[0m rustybuzz v0.20.1
2026-10-08T06:39:40.3727137Z [1m[92m  Downloaded[0m unicode-properties v0.1.3
2026-10-08T06:39:40.3915038Z [1m[92m  Downloaded[0m imagesize v0.14.0
2026-10-08T06:39:40.3942209Z [1m[92m  Downloaded[0m lyon_path v1.0.16
2026-10-08T06:39:40.3958554Z [1m[92m  Downloaded[0m lyon_geom v1.0.17
2026-10-08T06:39:40.3975679Z [1m[92m  Downloaded[0m float_next_after v1.0.0
2026-10-08T06:39:40.3986563Z [1m[92m  Downloaded[0m lyon_algorithms v1.0.16
2026-10-08T06:39:40.4003328Z [1m[92m  Downloaded[0m inventory v0.3.21
2026-10-08T06:39:40.4025813Z [1m[92m  Downloaded[0m skrifa v0.40.0
2026-10-08T06:39:40.4117955Z [1m[92m  Downloaded[0m io-surface v0.16.1
2026-10-08T06:39:40.4128083Z [1m[92m  Downloaded[0m leaky-cow v0.1.1
2026-10-08T06:39:40.4134768Z [1m[92m  Downloaded[0m tree-sitter-c v0.24.1
2026-10-08T06:39:40.4203805Z [1m[92m  Downloaded[0m tree-sitter-go v0.25.0
2026-10-08T06:39:40.4244019Z [1m[92m  Downloaded[0m aws-sdk-kinesis v1.100.0
2026-10-08T06:39:40.4572585Z [1m[92m  Downloaded[0m wasmtime-c-api-impl v48.0.1
2026-10-08T06:39:40.4707511Z [1m[92m  Downloaded[0m pxfm v0.1.25
2026-10-08T06:39:40.4956761Z [1m[92m  Downloaded[0m read-fonts v0.37.0
2026-10-08T06:39:40.5112095Z [1m[92m  Downloaded[0m harfrust v0.5.0
2026-10-08T06:39:40.5217772Z [1m[92m  Downloaded[0m console_error_panic_hook v0.1.7
2026-10-08T06:39:40.5260628Z [1m[92m  Downloaded[0m objc2-app-kit v0.3.2
2026-10-08T06:39:40.5544165Z [1m[92m  Downloaded[0m leak v0.1.2
2026-10-08T06:39:40.5548986Z [1m[92m  Downloaded[0m tree-sitter-elixir v0.3.4
2026-10-08T06:39:40.5715187Z [1m[92m  Downloaded[0m tree-sitter-bash v0.25.1
2026-10-08T06:39:40.5860596Z [1m[92m  Downloaded[0m rustix-openpty v0.2.0
2026-10-08T06:39:40.5871862Z [1m[92m  Downloaded[0m home v0.5.11
2026-10-08T06:39:40.5882479Z [1m[92m  Downloaded[0m tokio-native-tls v0.3.1
2026-10-08T06:39:40.5901087Z [1m[92m  Downloaded[0m native-tls v0.2.18
2026-10-08T06:39:40.5916883Z [1m[92m  Downloaded[0m openssl-sys v0.9.117
2026-10-08T06:39:40.5975661Z [1m[92m  Downloaded[0m openssl-macros v0.1.1
2026-10-08T06:39:40.5983842Z [1m[92m  Downloaded[0m selectors v0.37.0
2026-10-08T06:39:40.6007828Z [1m[92m  Downloaded[0m servo_arc v0.4.3
2026-10-08T06:39:40.6017122Z [1m[92m  Downloaded[0m precomputed-hash v0.1.1
2026-10-08T06:39:40.6023979Z [1m[92m  Downloaded[0m cssparser-macros v0.6.1
2026-10-08T06:39:40.6030911Z [1m[92m  Downloaded[0m web_atoms v0.2.6
2026-10-08T06:39:40.6042324Z [1m[92m  Downloaded[0m wasmtime-wasi-io v48.0.1
2026-10-08T06:39:40.6055744Z [1m[92m  Downloaded[0m async-compat v0.2.5
2026-10-08T06:39:40.6071218Z [1m[92m  Downloaded[0m dotenvy v0.15.7
2026-10-08T06:39:40.6100168Z [1m[92m  Downloaded[0m uds v0.4.2
2026-10-08T06:39:40.6121525Z [1m[92m  Downloaded[0m scroll v0.12.0
2026-10-08T06:39:40.6136022Z [1m[92m  Downloaded[0m scroll_derive v0.12.1
2026-10-08T06:39:40.6144386Z [1m[92m  Downloaded[0m whoami v1.6.1
2026-10-08T06:39:40.6165100Z [1m[92m  Downloaded[0m unsafe-libyaml v0.2.11
2026-10-08T06:39:40.6203250Z [1m[92m  Downloaded[0m wasmtime v48.0.1
2026-10-08T06:39:40.6495657Z [1m[92m  Downloaded[0m freetype-sys v0.20.1
2026-10-08T06:39:40.7459121Z [1m[92m  Downloaded[0m fontdb v0.23.0
2026-10-08T06:39:40.7482764Z [1m[92m  Downloaded[0m tinyvec v1.10.0
2026-10-08T06:39:40.7509890Z [1m[92m  Downloaded[0m tinyvec_macros v0.1.1
2026-10-08T06:39:40.7518731Z [1m[92m  Downloaded[0m slotmap v1.0.7
2026-10-08T06:39:40.7539808Z [1m[92m  Downloaded[0m memmap2 v0.9.8
2026-10-08T06:39:40.7557667Z [1m[92m  Downloaded[0m fontconfig-parser v0.5.8
2026-10-08T06:39:40.7618420Z [1m[92m  Downloaded[0m equator v0.4.2
2026-10-08T06:39:40.7632665Z [1m[92m  Downloaded[0m equator-macro v0.4.2
2026-10-08T06:39:40.7641112Z [1m[92m  Downloaded[0m simd_helpers v0.1.0
2026-10-08T06:39:40.7649378Z [1m[92m  Downloaded[0m paste v1.0.15
2026-10-08T06:39:40.7682669Z [1m[92m  Downloaded[0m num-derive v0.4.2
2026-10-08T06:39:40.7701453Z [1m[92m  Downloaded[0m noop_proc_macro v0.3.0
2026-10-08T06:39:40.7710874Z [1m[92m  Downloaded[0m new_debug_unreachable v1.0.6
2026-10-08T06:39:40.7721676Z [1m[92m  Downloaded[0m maybe-rayon v0.1.1
2026-10-08T06:39:40.7730309Z [1m[92m  Downloaded[0m built v0.8.0
2026-10-08T06:39:40.7749204Z [1m[92m  Downloaded[0m bitstream-io v4.9.0
2026-10-08T06:39:40.7778056Z [1m[92m  Downloaded[0m core2 v0.4.0
2026-10-08T06:39:40.7797646Z [1m[92m  Downloaded[0m av1-grain v0.2.4
2026-10-08T06:39:40.7820618Z [1m[92m  Downloaded[0m arg_enum_proc_macro v0.3.4
2026-10-08T06:39:40.7832945Z [1m[92m  Downloaded[0m nucleo v0.5.0
2026-10-08T06:39:40.7850949Z [1m[92m  Downloaded[0m openssl v0.10.81
2026-10-08T06:39:40.7949301Z [1m[92m  Downloaded[0m cssparser v0.36.0
2026-10-08T06:39:40.7973300Z [1m[92m  Downloaded[0m dtoa-short v0.3.5
2026-10-08T06:39:40.7981527Z [1m[92m  Downloaded[0m dtoa v1.0.10
2026-10-08T06:39:40.7997034Z [1m[92m  Downloaded[0m lalrpop-util v0.23.1
2026-10-08T06:39:40.8008449Z [1m[92m  Downloaded[0m json5 v1.3.1
2026-10-08T06:39:40.8033842Z [1m[92m  Downloaded[0m ucd-trie v0.1.7
2026-10-08T06:39:40.8048713Z [1m[92m  Downloaded[0m htmlize v1.1.0
2026-10-08T06:39:40.8080305Z [1m[92m  Downloaded[0m granit-parser v1.0.0
2026-10-08T06:39:40.8151056Z [1m[92m  Downloaded[0m arraydeque v0.5.1
2026-10-08T06:39:40.8164941Z [1m[92m  Downloaded[0m manatee v0.8.0-alpha.5
2026-10-08T06:39:40.8200484Z [1m[92m  Downloaded[0m icu_locale_fallback v2.3.0
2026-10-08T06:39:40.8212154Z [1m[92m  Downloaded[0m icu_locale_fallback_data v2.3.0
2026-10-08T06:39:40.8223290Z [1m[92m  Downloaded[0m dugong v0.8.0-alpha.5
2026-10-08T06:39:40.8296383Z [1m[92m  Downloaded[0m dugong-graphlib v0.8.0-alpha.5
2026-10-08T06:39:40.8320476Z [1m[92m  Downloaded[0m markup5ever_rcdom v0.39.0+unofficial
2026-10-08T06:39:40.8330085Z [1m[92m  Downloaded[0m xml5ever v0.39.0
2026-10-08T06:39:40.8355253Z [1m[92m  Downloaded[0m markup5ever v0.39.0
2026-10-08T06:39:40.8367474Z [1m[92m  Downloaded[0m string_cache_codegen v0.6.1
2026-10-08T06:39:40.8374884Z [1m[92m  Downloaded[0m string_cache v0.9.0
2026-10-08T06:39:40.8390948Z [1m[92m  Downloaded[0m tendril v0.5.1
2026-10-08T06:39:40.8410381Z [1m[92m  Downloaded[0m html5ever v0.39.0
2026-10-08T06:39:40.8446352Z [1m[92m  Downloaded[0m linkify v0.10.0
2026-10-08T06:39:40.8465315Z [1m[92m  Downloaded[0m cap-primitives v4.0.3
2026-10-08T06:39:40.8578882Z [1m[92m  Downloaded[0m rustix-linux-procfs v0.1.1
2026-10-08T06:39:40.8590936Z [1m[92m  Downloaded[0m maybe-owned v0.3.4
2026-10-08T06:39:40.8603994Z [1m[92m  Downloaded[0m io-lifetimes v3.0.1
2026-10-08T06:39:40.8621296Z [1m[92m  Downloaded[0m cap-std v4.0.3
2026-10-08T06:39:40.8652777Z [1m[92m  Downloaded[0m wasite v0.1.0
2026-10-08T06:39:40.8659532Z [1m[92m  Downloaded[0m stringprep v0.1.5
2026-10-08T06:39:40.8674762Z [1m[92m  Downloaded[0m sqlx-mysql v0.8.6
2026-10-08T06:39:40.8735230Z [1m[92m  Downloaded[0m sqlx-macros v0.8.6
2026-10-08T06:39:40.8744061Z [1m[92m  Downloaded[0m aws-sdk-s3 v1.123.0
2026-10-08T06:39:40.9791043Z [1m[92m  Downloaded[0m nested v0.1.1
2026-10-08T06:39:40.9801372Z [1m[92m  Downloaded[0m debug-ignore v1.0.5
2026-10-08T06:39:40.9819933Z [1m[92m  Downloaded[0m zerocopy-derive v0.8.27
2026-10-08T06:39:40.9892398Z [1m[92m  Downloaded[0m getrandom v0.3.4
2026-10-08T06:39:40.9928926Z [1m[92m  Downloaded[0m const-random-macro v0.1.16
2026-10-08T06:39:40.9937417Z [1m[92m  Downloaded[0m pico-args v0.5.0
2026-10-08T06:39:40.9951825Z [1m[92m  Downloaded[0m stacksafe-macro v1.0.3
2026-10-08T06:39:40.9958438Z [1m[92m  Downloaded[0m icu_collator v2.3.0
2026-10-08T06:39:41.0116316Z [1m[92m  Downloaded[0m icu_collator_data v2.3.0
2026-10-08T06:39:41.0192742Z [1m[92m  Downloaded[0m sqlx-postgres v0.8.6
2026-10-08T06:39:41.0284858Z [1m[92m  Downloaded[0m sqlx-macros-core v0.8.6
2026-10-08T06:39:41.0307241Z [1m[92m  Downloaded[0m sea-orm-macros v1.1.10
2026-10-08T06:39:41.0339002Z [1m[92m  Downloaded[0m sea-bae v0.2.2
2026-10-08T06:39:41.0347654Z [1m[92m  Downloaded[0m itertools v0.15.0
2026-10-08T06:39:41.0422506Z [1m[92m  Downloaded[0m cargo_metadata v0.23.1
2026-10-08T06:39:41.0441158Z [1m[92m  Downloaded[0m ahash v0.8.12
2026-10-08T06:39:41.0465356Z [1m[92m  Downloaded[0m zerocopy v0.8.27
2026-10-08T06:39:41.0729855Z [1m[92m  Downloaded[0m tiny-keccak v2.0.2
2026-10-08T06:39:41.0756324Z [1m[92m  Downloaded[0m crunchy v0.2.4
2026-10-08T06:39:41.0765758Z [1m[92m  Downloaded[0m getrandom v0.2.16
2026-10-08T06:39:41.0798435Z [1m[92m  Downloaded[0m strum_macros v0.27.2
2026-10-08T06:39:41.0824058Z [1m[92m  Downloaded[0m merge v0.1.0
2026-10-08T06:39:41.0850212Z [1m[92m  Downloaded[0m num-traits v0.2.19
2026-10-08T06:39:41.0876559Z [1m[92m  Downloaded[0m libm v0.2.16
2026-10-08T06:39:41.0991069Z [1m[92m  Downloaded[0m autocfg v1.5.0
2026-10-08T06:39:41.1010788Z [1m[92m  Downloaded[0m merge_derive v0.1.0
2026-10-08T06:39:41.1018344Z [1m[92m  Downloaded[0m syn v1.0.109
2026-10-08T06:39:41.1114583Z [1m[92m  Downloaded[0m tracing-attributes v0.1.31
2026-10-08T06:39:41.1142802Z [1m[92m  Downloaded[0m cranelift-assembler-x64-meta v0.135.1
2026-10-08T06:39:41.1182031Z [1m[92m  Downloaded[0m lyon v1.0.16
2026-10-08T06:39:41.1189839Z [1m[92m  Downloaded[0m lyon_tessellation v1.0.16
2026-10-08T06:39:41.1225113Z [1m[92m  Downloaded[0m core-graphics2 v0.5.2
2026-10-08T06:39:41.1266248Z [1m[92m  Downloaded[0m xkbcommon v0.8.0
2026-10-08T06:39:41.1289840Z [1m[92m  Downloaded[0m wayland-scanner v0.31.7
2026-10-08T06:39:41.1317395Z [1m[92m  Downloaded[0m wayland-protocols v0.32.9
2026-10-08T06:39:41.1429716Z [1m[92m  Downloaded[0m wayland-backend v0.3.15
2026-10-08T06:39:41.1474938Z [1m[92m  Downloaded[0m num v0.4.3
2026-10-08T06:39:41.1486618Z [1m[92m  Downloaded[0m block-padding v0.3.3
2026-10-08T06:39:41.1496982Z [1m[92m  Downloaded[0m aes v0.8.4
2026-10-08T06:39:41.1534279Z [1m[92m  Downloaded[0m diffy v0.4.2
2026-10-08T06:39:41.1557966Z [1m[92m  Downloaded[0m pori v0.0.0
2026-10-08T06:39:41.1570382Z [1m[92m  Downloaded[0m cargo-platform v0.3.2
2026-10-08T06:39:41.1586428Z [1m[92m  Downloaded[0m const-random v0.1.18
2026-10-08T06:39:41.1603093Z [1m[92m  Downloaded[0m shlex v1.3.0
2026-10-08T06:39:41.1619608Z [1m[92m  Downloaded[0m serde_json_lenient v0.2.4
2026-10-08T06:39:41.1665055Z [1m[92m  Downloaded[0m schemars v1.0.4
2026-10-08T06:39:41.1837618Z [1m[92m  Downloaded[0m data-url v0.3.2
2026-10-08T06:39:41.1853049Z [1m[92m  Downloaded[0m tracy-client v0.18.3
2026-10-08T06:39:41.1871495Z [1m[92m  Downloaded[0m tracing-tracy v0.11.4
2026-10-08T06:39:41.1884214Z [1m[92m  Downloaded[0m tracing-serde v0.2.0
2026-10-08T06:39:41.1895173Z [1m[92m  Downloaded[0m tracing-log v0.2.0
2026-10-08T06:39:41.1914103Z [1m[92m  Downloaded[0m thread_local v1.1.9
2026-10-08T06:39:41.1934254Z [1m[92m  Downloaded[0m matchers v0.2.0
2026-10-08T06:39:41.1947908Z [1m[92m  Downloaded[0m unarray v0.1.4
2026-10-08T06:39:41.1960587Z [1m[92m  Downloaded[0m wait-timeout v0.2.1
2026-10-08T06:39:41.1975950Z [1m[92m  Downloaded[0m quick-error v1.2.3
2026-10-08T06:39:41.1989152Z [1m[92m  Downloaded[0m rand_xorshift v0.4.0
2026-10-08T06:39:41.2000124Z [1m[92m  Downloaded[0m bit-set v0.8.0
2026-10-08T06:39:41.2013716Z [1m[92m  Downloaded[0m hash32 v0.3.1
2026-10-08T06:39:41.2028733Z [1m[92m  Downloaded[0m stacksafe v1.0.3
2026-10-08T06:39:41.2045486Z [1m[92m  Downloaded[0m psm v0.1.30
2026-10-08T06:39:41.2078093Z [1m[92m  Downloaded[0m spin v0.10.0
2026-10-08T06:39:41.2104165Z [1m[92m  Downloaded[0m objc2-io-surface v0.3.2
2026-10-08T06:39:41.2119674Z [1m[92m  Downloaded[0m num_cpus v1.17.0
2026-10-08T06:39:41.2153070Z [1m[92m  Downloaded[0m metal v0.33.0
2026-10-08T06:39:41.2382977Z [1m[92m  Downloaded[0m cgl v0.3.2
2026-10-08T06:39:41.2392842Z [1m[92m  Downloaded[0m as-raw-xcb-connection v1.0.1
2026-10-08T06:39:41.2400442Z [1m[92m  Downloaded[0m wayland-protocols-wlr v0.3.9
2026-10-08T06:39:41.2422005Z [1m[92m  Downloaded[0m quick-xml v0.37.5
2026-10-08T06:39:41.2475619Z [1m[92m  Downloaded[0m wayland-client v0.31.11
2026-10-08T06:39:41.2495434Z [1m[92m  Downloaded[0m num-complex v0.4.6
2026-10-08T06:39:41.2509919Z [1m[92m  Downloaded[0m cipher v0.4.4
2026-10-08T06:39:41.2525045Z [1m[92m  Downloaded[0m inout v0.1.4
2026-10-08T06:39:41.2536206Z [1m[92m  Downloaded[0m cbc v0.1.2
2026-10-08T06:39:41.2551518Z [1m[92m  Downloaded[0m ashpd v0.13.5
2026-10-08T06:39:41.2622066Z [1m[92m  Downloaded[0m notify-rust v4.18.0
2026-10-08T06:39:41.2655423Z [1m[92m  Downloaded[0m mac-notification-sys v0.6.15
2026-10-08T06:39:41.2670615Z [1m[92m  Downloaded[0m filedescriptor v0.8.3
2026-10-08T06:39:41.2680494Z [1m[92m  Downloaded[0m calloop-wayland-source v0.4.1
2026-10-08T06:39:41.2692745Z [1m[92m  Downloaded[0m atspi-common v0.13.0
2026-10-08T06:39:41.2744470Z [1m[92m  Downloaded[0m zbus-lockstep-macros v0.5.2
2026-10-08T06:39:41.2752576Z [1m[92m  Downloaded[0m zbus_xml v5.1.1
2026-10-08T06:39:41.2765036Z [1m[92m  Downloaded[0m unicode-normalization v0.1.25
2026-10-08T06:39:41.2800938Z [1m[92m  Downloaded[0m urlencoding v2.1.3
2026-10-08T06:39:41.2811531Z [1m[92m  Downloaded[0m protox v0.9.1
2026-10-08T06:39:41.2852670Z [1m[92m  Downloaded[0m protox-parse v0.9.0
2026-10-08T06:39:41.2873960Z [1m[92m  Downloaded[0m miette-derive v7.6.0
2026-10-08T06:39:41.2888701Z [1m[92m  Downloaded[0m beef v0.5.2
2026-10-08T06:39:41.2906893Z [1m[92m  Downloaded[0m logos v0.16.1
2026-10-08T06:39:41.2925151Z [1m[92m  Downloaded[0m palette_derive v0.7.6
2026-10-08T06:39:41.2943331Z [1m[92m  Downloaded[0m by_address v1.2.1
2026-10-08T06:39:41.2951869Z [1m[92m  Downloaded[0m nucleo-matcher v0.3.1
2026-10-08T06:39:41.2974019Z [1m[92m  Downloaded[0m chardetng v0.1.17
2026-10-08T06:39:41.2990779Z [1m[92m  Downloaded[0m wax v0.7.0
2026-10-08T06:39:41.3027507Z [1m[92m  Downloaded[0m objc2-open-directory v0.3.2
2026-10-08T06:39:41.3056765Z [1m[92m  Downloaded[0m base64-simd v0.8.0
2026-10-08T06:39:41.3071726Z [1m[92m  Downloaded[0m aws-credential-types v1.2.12
2026-10-08T06:39:41.3088467Z [1m[92m  Downloaded[0m crypto-bigint v0.4.9
2026-10-08T06:39:41.3135290Z [1m[92m  Downloaded[0m aws-smithy-query v0.60.15
2026-10-08T06:39:41.3143672Z [1m[92m  Downloaded[0m atoi v2.0.0
2026-10-08T06:39:41.3157385Z [1m[92m  Downloaded[0m wasm-metadata v0.227.1
2026-10-08T06:39:41.3179183Z [1m[92m  Downloaded[0m topological-sort v0.2.2
2026-10-08T06:39:41.3190889Z [1m[92m  Downloaded[0m zed_extension_api v0.7.0
2026-10-08T06:39:41.3249981Z [1m[92m  Downloaded[0m wit-bindgen-rust-macro v0.22.0
2026-10-08T06:39:41.3257105Z [1m[92m  Downloaded[0m taffy v0.13.0
2026-10-08T06:39:41.3326934Z [1m[92m  Downloaded[0m rusty-fork v0.3.1
2026-10-08T06:39:41.3342615Z [1m[92m  Downloaded[0m heapless v0.9.2
2026-10-08T06:39:41.3394750Z [1m[92m  Downloaded[0m ctor v1.0.12
2026-10-08T06:39:41.3419427Z [1m[92m  Downloaded[0m stacker v0.1.25
2026-10-08T06:39:41.3440186Z [1m[92m  Downloaded[0m ar_archive_writer v0.5.1
2026-10-08T06:39:41.3473683Z [1m[92m  Downloaded[0m resvg v0.46.0
2026-10-08T06:39:41.3503409Z [1m[92m  Downloaded[0m zune-jpeg v0.5.15
2026-10-08T06:39:41.3539018Z [1m[92m  Downloaded[0m zune-core v0.5.1
2026-10-08T06:39:41.3562178Z [1m[92m  Downloaded[0m block2 v0.6.2
2026-10-08T06:39:41.3579265Z [1m[92m  Downloaded[0m objc2-core-video v0.3.2
2026-10-08T06:39:41.3605814Z [1m[92m  Downloaded[0m objc2-core-graphics v0.3.2
2026-10-08T06:39:41.3659262Z [1m[92m  Downloaded[0m hashbrown v0.14.5
2026-10-08T06:39:41.3707606Z [1m[92m  Downloaded[0m xkeysym v0.2.1
2026-10-08T06:39:41.3735279Z [1m[92m  Downloaded[0m logos-derive v0.15.1
2026-10-08T06:39:41.3743685Z [1m[92m  Downloaded[0m logos-codegen v0.15.1
2026-10-08T06:39:41.3797667Z [1m[92m  Downloaded[0m logos-derive v0.16.1
2026-10-08T06:39:41.3806443Z [1m[92m  Downloaded[0m logos-codegen v0.16.1
2026-10-08T06:39:41.3859563Z [1m[92m  Downloaded[0m prost-build v0.14.4
2026-10-08T06:39:41.3896037Z [1m[92m  Downloaded[0m ec4rs v1.2.0
2026-10-08T06:39:41.3923285Z [1m[92m  Downloaded[0m vte v0.15.0
2026-10-08T06:39:41.3944798Z [1m[92m  Downloaded[0m cursor-icon v1.2.0
2026-10-08T06:39:41.3957720Z [1m[92m  Downloaded[0m signal-hook v0.4.4
2026-10-08T06:39:41.3983577Z [1m[92m  Downloaded[0m moka v0.12.11
2026-10-08T06:39:41.4081009Z [1m[92m  Downloaded[0m http-body v0.4.6
2026-10-08T06:39:41.4099049Z [1m[92m  Downloaded[0m bytes-utils v0.1.4
2026-10-08T06:39:41.4115353Z [1m[92m  Downloaded[0m vsimd v0.8.0
2026-10-08T06:39:41.4137625Z [1m[92m  Downloaded[0m outref v0.5.2
2026-10-08T06:39:41.4150006Z [1m[92m  Downloaded[0m aws-types v1.3.12
2026-10-08T06:39:41.4167707Z [1m[92m  Downloaded[0m aws-smithy-async v1.2.14
2026-10-08T06:39:41.4189103Z [1m[92m  Downloaded[0m der v0.6.1
2026-10-08T06:39:41.4238765Z [1m[92m  Downloaded[0m base16ct v0.1.1
2026-10-08T06:39:41.4252453Z [1m[92m  Downloaded[0m group v0.12.1
2026-10-08T06:39:41.4268033Z [1m[92m  Downloaded[0m ff v0.12.1
2026-10-08T06:39:41.4282060Z [1m[92m  Downloaded[0m ecdsa v0.14.8
2026-10-08T06:39:41.4298260Z [1m[92m  Downloaded[0m signature v1.6.4
2026-10-08T06:39:41.4312422Z [1m[92m  Downloaded[0m rfc6979 v0.3.1
2026-10-08T06:39:41.4322520Z [1m[92m  Downloaded[0m aws-smithy-xml v0.60.15
2026-10-08T06:39:41.4335924Z [1m[92m  Downloaded[0m xmlparser v0.13.6
2026-10-08T06:39:41.4359578Z [1m[92m  Downloaded[0m minidump-writer v0.13.0
2026-10-08T06:39:41.4438779Z [1m[92m  Downloaded[0m wasm-encoder v0.227.1
2026-10-08T06:39:41.4478016Z [1m[92m  Downloaded[0m wit-bindgen-core v0.41.0
2026-10-08T06:39:41.4489569Z [1m[92m  Downloaded[0m wit-bindgen v0.22.0
2026-10-08T06:39:41.4502820Z [1m[92m  Downloaded[0m async-net v2.0.0
2026-10-08T06:39:41.4514909Z [1m[92m  Downloaded[0m async-fs v2.2.0
2026-10-08T06:39:41.4525376Z [1m[92m  Downloaded[0m async-executor v1.13.3
2026-10-08T06:39:41.4544674Z [1m[92m  Downloaded[0m tracy-client-sys v0.27.0
2026-10-08T06:39:41.4643861Z [1m[92m  Downloaded[0m atspi v0.29.0
2026-10-08T06:39:41.4654625Z [1m[92m  Downloaded[0m atspi-proxies v0.13.0
2026-10-08T06:39:41.4678351Z [1m[92m  Downloaded[0m embed-resource v3.0.6
2026-10-08T06:39:41.4695907Z [1m[92m  Downloaded[0m toml_writer v1.0.4
2026-10-08T06:39:41.4710302Z [1m[92m  Downloaded[0m clang-sys v1.8.1
2026-10-08T06:39:41.4733757Z [1m[92m  Downloaded[0m unicode-width v0.1.14
2026-10-08T06:39:41.4786353Z [1m[92m  Downloaded[0m prost-reflect v0.16.5
2026-10-08T06:39:41.4951025Z [1m[92m  Downloaded[0m palette v0.7.6
2026-10-08T06:39:41.5065137Z [1m[92m  Downloaded[0m sysinfo v0.39.6
2026-10-08T06:39:41.5190844Z [1m[92m  Downloaded[0m objc2-io-kit v0.3.2
2026-10-08T06:39:41.5253966Z [1m[92m  Downloaded[0m portable-atomic v1.11.1
2026-10-08T06:39:41.5324936Z [1m[92m  Downloaded[0m crossbeam-channel v0.5.15
2026-10-08T06:39:41.5366098Z [1m[92m  Downloaded[0m aws-smithy-types v1.4.7
2026-10-08T06:39:41.5412477Z [1m[92m  Downloaded[0m http v0.2.12
2026-10-08T06:39:41.5448257Z [1m[92m  Downloaded[0m regex-lite v0.1.8
2026-10-08T06:39:41.5476397Z [1m[92m  Downloaded[0m aws-smithy-runtime-api v1.11.4
2026-10-08T06:39:41.5517983Z [1m[92m  Downloaded[0m aws-smithy-runtime v1.10.1
2026-10-08T06:39:41.5580185Z [1m[92m  Downloaded[0m crypto-bigint v0.5.5
2026-10-08T06:39:41.5654637Z [1m[92m  Downloaded[0m aws-runtime v1.7.0
2026-10-08T06:39:41.5697429Z [1m[92m  Downloaded[0m aws-config v1.8.14
2026-10-08T06:39:41.5765389Z [1m[92m  Downloaded[0m aws-sdk-sts v1.98.0
2026-10-08T06:39:41.5896523Z [1m[92m  Downloaded[0m aws-sdk-ssooidc v1.96.0
2026-10-08T06:39:41.5977867Z [1m[92m  Downloaded[0m leb128fmt v0.1.0
2026-10-08T06:39:41.5988029Z [1m[92m  Downloaded[0m accesskit_unix v0.22.1
2026-10-08T06:39:41.6010656Z [1m[92m  Downloaded[0m env_logger v0.11.8
2026-10-08T06:39:41.6036496Z [1m[92m  Downloaded[0m env_filter v0.1.4
2026-10-08T06:39:41.6050163Z [1m[92m  Downloaded[0m logos v0.15.1
2026-10-08T06:39:41.6139880Z [1m[92m  Downloaded[0m aws-sdk-bedrockruntime v1.125.0
2026-10-08T06:39:41.6476943Z [1m[92m  Downloaded[0m aws-sdk-sso v1.94.0
2026-10-08T06:39:41.6546020Z [1m[92m  Downloaded[0m proxyvars v0.2.0
2026-10-08T06:39:41.6556465Z [1m[92m  Downloaded[0m sea-orm v1.1.10
2026-10-08T06:39:41.6933627Z [1m[92m  Downloaded[0m tower-service v0.3.3
2026-10-08T06:39:41.6941108Z [1m[92m  Downloaded[0m sync_wrapper v1.0.2
2026-10-08T06:39:41.6949515Z [1m[92m  Downloaded[0m tokio-io v0.1.13
2026-10-08T06:39:41.6980324Z [1m[92m  Downloaded[0m futures v0.1.31
2026-10-08T06:39:41.7089680Z [1m[92m  Downloaded[0m bytes v0.4.12
2026-10-08T06:39:41.7121141Z [1m[92m  Downloaded[0m iovec v0.1.4
2026-10-08T06:39:41.7134839Z [1m[92m  Downloaded[0m byteorder v1.5.0
2026-10-08T06:39:41.7150811Z [1m[92m  Downloaded[0m slab v0.4.11
2026-10-08T06:39:41.7163747Z [1m[92m  Downloaded[0m futures-task v0.3.34
2026-10-08T06:39:41.7175940Z [1m[92m  Downloaded[0m futures-macro v0.3.34
2026-10-08T06:39:41.7186680Z [1m[92m  Downloaded[0m futures-channel v0.3.34
2026-10-08T06:39:41.7205512Z [1m[92m  Downloaded[0m http-body v1.0.1
2026-10-08T06:39:41.7215616Z [1m[92m  Downloaded[0m http v1.3.1
2026-10-08T06:39:41.7251644Z [1m[92m  Downloaded[0m auditable-serde v0.8.0
2026-10-08T06:39:41.7259514Z [1m[92m  Downloaded[0m prettyplease v0.2.37
2026-10-08T06:39:41.7296037Z [1m[92m  Downloaded[0m wit-bindgen-rt v0.41.0
2026-10-08T06:39:41.7308897Z [1m[92m  Downloaded[0m zed_extension_api v0.1.0
2026-10-08T06:39:41.7332461Z [1m[92m  Downloaded[0m wasmtime-internal-core v48.0.1
2026-10-08T06:39:41.7362758Z [1m[92m  Downloaded[0m objc_exception v0.1.2
2026-10-08T06:39:41.7370481Z [1m[92m  Downloaded[0m sysinfo v0.31.4
2026-10-08T06:39:41.7470412Z [1m[92m  Downloaded[0m screencapturekit-sys v0.2.8
2026-10-08T06:39:41.7493598Z [1m[92m  Downloaded[0m objc_id v0.1.1
2026-10-08T06:39:41.7500108Z [1m[92m  Downloaded[0m block v0.1.6
2026-10-08T06:39:41.7506224Z [1m[92m  Downloaded[0m dispatch v0.2.0
2026-10-08T06:39:41.7517753Z [1m[92m  Downloaded[0m screencapturekit v0.2.8
2026-10-08T06:39:41.7533924Z [1m[92m  Downloaded[0m rand_chacha v0.3.1
2026-10-08T06:39:41.7545107Z [1m[92m  Downloaded[0m core-graphics-helmer-fork v0.24.0
2026-10-08T06:39:41.7566482Z [1m[92m  Downloaded[0m unicode-ccc v0.4.0
2026-10-08T06:39:41.7576023Z [1m[92m  Downloaded[0m unicode-bidi-mirroring v0.4.0
2026-10-08T06:39:41.7584770Z [1m[92m  Downloaded[0m ttf-parser v0.25.1
2026-10-08T06:39:41.7683288Z [1m[92m  Downloaded[0m zbus-lockstep v0.5.2
2026-10-08T06:39:41.7693168Z [1m[92m  Downloaded[0m toml v0.9.8
2026-10-08T06:39:41.7735620Z [1m[92m  Downloaded[0m serde_spanned v1.0.3
2026-10-08T06:39:41.7747684Z [1m[92m  Downloaded[0m const_format v0.2.35
2026-10-08T06:39:41.7797477Z [1m[92m  Downloaded[0m const_format_proc_macros v0.2.34
2026-10-08T06:39:41.7821489Z [1m[92m  Downloaded[0m tagptr v0.2.0
2026-10-08T06:39:41.7834979Z [1m[92m  Downloaded[0m heed-types v0.21.0
2026-10-08T06:39:41.7846437Z [1m[92m  Downloaded[0m heed-traits v0.20.0
2026-10-08T06:39:41.7852992Z [1m[92m  Downloaded[0m bincode v1.3.3
2026-10-08T06:39:41.7875580Z [1m[92m  Downloaded[0m handlebars v4.5.0
2026-10-08T06:39:41.7948976Z [1m[92m  Downloaded[0m pest_derive v2.8.3
2026-10-08T06:39:41.7973369Z [1m[92m  Downloaded[0m pest_generator v2.8.3
2026-10-08T06:39:41.7989466Z [1m[92m  Downloaded[0m pest_meta v2.8.3
2026-10-08T06:39:41.8012963Z [1m[92m  Downloaded[0m pest v2.8.3
2026-10-08T06:39:41.8058818Z [1m[92m  Downloaded[0m shell-words v1.1.0
2026-10-08T06:39:41.8068593Z [1m[92m  Downloaded[0m agent-client-protocol-schema v1.9.1
2026-10-08T06:39:41.8122114Z [1m[92m  Downloaded[0m procfs-core v0.18.0
2026-10-08T06:39:41.8158042Z [1m[92m  Downloaded[0m process-backend v0.1.0
2026-10-08T06:39:41.8170330Z [1m[92m  Downloaded[0m vscode_theme v0.2.0
2026-10-08T06:39:41.8182172Z [1m[92m  Downloaded[0m rpassword v7.5.2
2026-10-08T06:39:41.8206400Z [1m[92m  Downloaded[0m rtoolbox v0.0.3
2026-10-08T06:39:41.8219710Z [1m[92m  Downloaded[0m ctrlc v3.5.0
2026-10-08T06:39:41.8240478Z [1m[92m  Downloaded[0m gaoya v0.2.0
2026-10-08T06:39:41.8264191Z [1m[92m  Downloaded[0m siphasher v0.3.11
2026-10-08T06:39:41.8276738Z [1m[92m  Downloaded[0m shingles v0.1.1
2026-10-08T06:39:41.8288003Z [1m[92m  Downloaded[0m sha-1 v0.10.1
2026-10-08T06:39:41.8303320Z [1m[92m  Downloaded[0m random_choice v0.3.2
2026-10-08T06:39:41.8313238Z [1m[92m  Downloaded[0m rand v0.3.23
2026-10-08T06:39:41.8324715Z [1m[92m  Downloaded[0m rand_pcg v0.3.1
2026-10-08T06:39:41.8338336Z [1m[92m  Downloaded[0m tungstenite v0.21.0
2026-10-08T06:39:41.8371171Z [1m[92m  Downloaded[0m serde_json v1.0.151
2026-10-08T06:39:41.8446288Z [1m[92m  Downloaded[0m zmij v1.0.23
2026-10-08T06:39:41.8465003Z [1m[92m  Downloaded[0m either v1.15.0
2026-10-08T06:39:41.8479837Z [1m[92m  Downloaded[0m tower-layer v0.3.3
2026-10-08T06:39:41.8489786Z [1m[92m  Downloaded[0m tower v0.5.2
2026-10-08T06:39:41.8595462Z [1m[92m  Downloaded[0m futures-sink v0.3.34
2026-10-08T06:39:41.8604487Z [1m[92m  Downloaded[0m futures-core v0.3.34
2026-10-08T06:39:41.8617982Z [1m[92m  Downloaded[0m bindgen v0.72.1
2026-10-08T06:39:41.8689310Z [1m[92m  Downloaded[0m agent-client-protocol v2.2.0
2026-10-08T06:39:41.8801621Z [1m[92m  Downloaded[0m serde_with v3.22.0
2026-10-08T06:39:41.8939246Z [1m[92m  Downloaded[0m triomphe v0.1.15
2026-10-08T06:39:41.8958706Z [1m[92m  Downloaded[0m rand v0.4.6
2026-10-08T06:39:41.8993580Z [1m[92m  Downloaded[0m itertools v0.10.5
2026-10-08T06:39:41.9057079Z [1m[92m  Downloaded[0m warp v0.3.7
2026-10-08T06:39:41.9140566Z [1m[92m  Downloaded[0m tokio-tungstenite v0.21.0
2026-10-08T06:39:41.9161335Z [1m[92m  Downloaded[0m socket2 v0.5.10
2026-10-08T06:39:41.9181398Z [1m[92m  Downloaded[0m regex v1.12.3
2026-10-08T06:39:41.9235401Z [1m[92m  Downloaded[0m regex-syntax v0.8.11
2026-10-08T06:39:41.9302961Z [1m[92m  Downloaded[0m itertools v0.14.0
2026-10-08T06:39:41.9375399Z [1m[92m  Downloaded[0m indoc v2.0.6
2026-10-08T06:39:41.9405725Z [1m[92m  Downloaded[0m tokio-util v0.7.18
2026-10-08T06:39:41.9485617Z [1m[92m  Downloaded[0m futures-io v0.3.34
2026-10-08T06:39:41.9494775Z [1m[92m  Downloaded[0m futures-util v0.3.34
2026-10-08T06:39:41.9634030Z [1m[92m  Downloaded[0m wasmtime-internal-jit-icache-coherence v48.0.1
2026-10-08T06:39:41.9643475Z [1m[92m  Downloaded[0m quick-xml v0.39.3
2026-10-08T06:39:41.9702492Z [1m[92m  Downloaded[0m jiff v0.2.15
2026-10-08T06:39:41.9851905Z [1m[92m  Downloaded[0m hyper v0.14.32
2026-10-08T06:39:41.9928608Z [1m[92m  Downloaded[0m regex-automata v0.4.18
2026-10-08T06:39:42.0071361Z [1m[92m  Downloaded[0m aho-corasick v1.1.3
2026-10-08T06:39:42.0124513Z [1m[92m  Downloaded[0m x11 v2.21.0
2026-10-08T06:39:42.0156820Z [1m[92m  Downloaded[0m quick-xml v0.30.0
2026-10-08T06:39:42.0204648Z [1m[92m  Downloaded[0m tao-core-video-sys v0.2.0
2026-10-08T06:39:42.0223012Z [1m[92m  Downloaded[0m objc v0.2.7
2026-10-08T06:39:42.0245724Z [1m[92m  Downloaded[0m accesskit_atspi_common v0.19.1
2026-10-08T06:39:42.0263320Z [1m[92m  Downloaded[0m phf v0.13.1
2026-10-08T06:39:42.0276547Z [1m[92m  Downloaded[0m phf_shared v0.13.1
2026-10-08T06:39:42.0285743Z [1m[92m  Downloaded[0m phf_generator v0.13.1
2026-10-08T06:39:42.0297363Z [1m[92m  Downloaded[0m perf-event2 v0.7.4
2026-10-08T06:39:42.0338558Z [1m[92m  Downloaded[0m perf-event-open-sys2 v5.0.6
2026-10-08T06:39:42.0357376Z [1m[92m  Downloaded[0m perf-event-data v0.1.8
2026-10-08T06:39:42.0392625Z [1m[92m  Downloaded[0m similar v2.7.0
2026-10-08T06:39:42.0448438Z [1m[92m  Downloaded[0m link-cplusplus v1.0.12
2026-10-08T06:39:42.0460967Z [1m[92m  Downloaded[0m cxxbridge-flags v1.0.187
2026-10-08T06:39:42.0469404Z [1m[92m  Downloaded[0m doxygen-rs v0.4.2
2026-10-08T06:39:42.0485336Z [1m[92m  Downloaded[0m phf v0.11.3
2026-10-08T06:39:42.0497776Z [1m[92m  Downloaded[0m phf_shared v0.11.3
2026-10-08T06:39:42.0507299Z [1m[92m  Downloaded[0m phf_macros v0.11.3
2026-10-08T06:39:42.0517177Z [1m[92m  Downloaded[0m phf_generator v0.11.3
2026-10-08T06:39:42.0529117Z [1m[92m  Downloaded[0m futures-concurrency v7.7.1
2026-10-08T06:39:42.0616768Z [1m[92m  Downloaded[0m reqwest v0.12.24
2026-10-08T06:39:42.0673470Z [1m[92m  Downloaded[0m cxx-build v1.0.187
2026-10-08T06:39:42.0739376Z [1m[92m  Downloaded[0m cxx v1.0.187
2026-10-08T06:39:42.0946955Z [1m[92m  Downloaded[0m cxxbridge-macro v1.0.187
2026-10-08T06:39:42.0986523Z [1m[92m  Downloaded[0m tokio-stream v0.1.17
2026-10-08T06:39:42.1033640Z [1m[92m  Downloaded[0m pbjson-types v0.9.0
2026-10-08T06:39:42.1051699Z [1m[92m  Downloaded[0m mdbook v0.4.40
2026-10-08T06:39:42.1273073Z [1m[92m  Downloaded[0m headers-core v0.2.0
2026-10-08T06:39:42.1279694Z [1m[92m  Downloaded[0m pulldown-cmark-escape v0.10.1
2026-10-08T06:39:42.1287015Z [1m[92m  Downloaded[0m tap v1.0.1
2026-10-08T06:39:42.1296519Z [1m[92m  Downloaded[0m hashlink v0.10.0
2026-10-08T06:39:42.1314864Z [1m[92m  Downloaded[0m futures-intrusive v0.5.0
2026-10-08T06:39:42.1360540Z [1m[92m  Downloaded[0m crc v3.3.0
2026-10-08T06:39:42.1377999Z [1m[92m  Downloaded[0m crc-catalog v2.4.0
2026-10-08T06:39:42.1390526Z [1m[92m  Downloaded[0m bigdecimal v0.4.8
2026-10-08T06:39:42.1438410Z [1m[92m  Downloaded[0m flume v0.11.1
2026-10-08T06:39:42.3369114Z [1m[92m  Downloaded[0m guppy v0.18.0
2026-10-08T06:39:42.3437305Z [1m[92m  Downloaded[0m target-lexicon v0.13.5
2026-10-08T06:39:42.3454011Z [1m[92m  Downloaded[0m guppy-workspace-hack v0.1.0
2026-10-08T06:39:42.3460796Z [1m[92m  Downloaded[0m static_assertions v1.1.0
2026-10-08T06:39:42.3475115Z [1m[92m  Downloaded[0m semver v1.0.28
2026-10-08T06:39:42.3499358Z [1m[92m  Downloaded[0m hashbrown v0.15.5
2026-10-08T06:39:42.3550020Z [1m[92m  Downloaded[0m foldhash v0.1.5
2026-10-08T06:39:42.3562871Z [1m[92m  Downloaded[0m fixedbitset v0.5.7
2026-10-08T06:39:42.3582756Z [1m[92m  Downloaded[0m spdx v0.10.9
2026-10-08T06:39:42.4212208Z [1m[92m  Downloaded[0m schemars_derive v1.0.4
2026-10-08T06:39:42.4231458Z [1m[92m  Downloaded[0m dary_heap v0.3.9
2026-10-08T06:39:42.4243017Z [1m[92m  Downloaded[0m adler32 v1.2.0
2026-10-08T06:39:42.4254652Z [1m[92m  Downloaded[0m include-flate-codegen v0.3.4
2026-10-08T06:39:42.4261527Z [1m[92m  Downloaded[0m h2 v0.3.27
2026-10-08T06:39:42.4324680Z [1m[92m  Downloaded[0m headers v0.3.9
2026-10-08T06:39:42.4386018Z [1m[92m  Downloaded[0m base64 v0.21.7
2026-10-08T06:39:42.4424141Z [1m[92m  Downloaded[0m toml v0.5.11
2026-10-08T06:39:42.4446571Z [1m[92m  Downloaded[0m dbus v0.9.9
2026-10-08T06:39:42.4490907Z [1m[92m  Downloaded[0m notify v6.1.1
2026-10-08T06:39:42.4509731Z [1m[92m  Downloaded[0m mio v0.8.11
2026-10-08T06:39:42.4568616Z [1m[92m  Downloaded[0m radium v0.7.0
2026-10-08T06:39:42.4579183Z [1m[92m  Downloaded[0m funty v2.0.0
2026-10-08T06:39:42.4587193Z [1m[92m  Downloaded[0m target-spec v3.7.0
2026-10-08T06:39:42.4605909Z [1m[92m  Downloaded[0m cfg-expr v0.20.9
2026-10-08T06:39:42.4636431Z [1m[92m  Downloaded[0m pathdiff v0.2.3
2026-10-08T06:39:42.4646532Z [1m[92m  Downloaded[0m camino v1.2.6
2026-10-08T06:39:42.4663261Z [1m[92m  Downloaded[0m snafu v0.8.9
2026-10-08T06:39:42.4729847Z [1m[92m  Downloaded[0m rand_core v0.9.3
2026-10-08T06:39:42.4743644Z [1m[92m  Downloaded[0m rand_chacha v0.9.0
2026-10-08T06:39:42.4755695Z [1m[92m  Downloaded[0m memoffset v0.9.1
2026-10-08T06:39:42.4768621Z [1m[92m  Downloaded[0m pulldown-cmark v0.10.3
2026-10-08T06:39:42.4816636Z [1m[92m  Downloaded[0m opener v0.7.2
2026-10-08T06:39:42.4831731Z [1m[92m  Downloaded[0m notify-debouncer-mini v0.4.1
2026-10-08T06:39:42.4840689Z [1m[92m  Downloaded[0m proc-macro-error3 v3.1.1
2026-10-08T06:39:42.4876506Z [1m[92m  Downloaded[0m proc-macro-error-attr3 v3.1.1
2026-10-08T06:39:42.4886710Z [1m[92m  Downloaded[0m rand v0.9.4
2026-10-08T06:39:42.4925020Z [1m[92m  Downloaded[0m ppv-lite86 v0.2.21
2026-10-08T06:39:42.4938388Z [1m[92m  Downloaded[0m pretty_assertions v1.4.1
2026-10-08T06:39:42.4956144Z [1m[92m  Downloaded[0m yansi v1.0.1
2026-10-08T06:39:42.4980082Z [1m[92m  Downloaded[0m petgraph v0.8.3
2026-10-08T06:39:42.5190094Z [1m[92m  Downloaded[0m diff v0.1.13
2026-10-08T06:39:42.5215926Z [1m[92m  Downloaded[0m nix v0.30.1
2026-10-08T06:39:42.5333957Z [1m[92m  Downloaded[0m compression-core v0.4.29
2026-10-08T06:39:42.5343680Z [1m[92m  Downloaded[0m compression-codecs v0.4.31
2026-10-08T06:39:42.5382456Z [1m[92m  Downloaded[0m async-compression v0.4.32
2026-10-08T06:39:42.5450367Z [1m[92m  Downloaded[0m deflate64 v0.1.10
2026-10-08T06:39:42.5463847Z [1m[92m  Downloaded[0m bzip2 v0.6.1
2026-10-08T06:39:42.5483320Z [1m[92m  Downloaded[0m libbz2-rs-sys v0.2.2
2026-10-08T06:39:42.5501901Z [1m[92m  Downloaded[0m unindent v0.2.4
2026-10-08T06:39:42.5511665Z [1m[92m  Downloaded[0m tree-sitter-json v0.24.8
2026-10-08T06:39:42.5526467Z [1m[92m  Downloaded[0m wasmprinter v0.254.0
2026-10-08T06:39:42.5545291Z [1m[92m  Downloaded[0m termcolor v1.4.1
2026-10-08T06:39:42.5558346Z [1m[92m  Downloaded[0m wasmtime-internal-fiber v48.0.1
2026-10-08T06:39:42.5578533Z [1m[92m  Downloaded[0m libdbus-sys v0.2.6
2026-10-08T06:39:42.5891514Z [1m[92m  Downloaded[0m cfg_aliases v0.2.1
2026-10-08T06:39:42.5900636Z [1m[92m  Downloaded[0m mach2 v0.5.0
2026-10-08T06:39:42.5933885Z [1m[92m  Downloaded[0m dirs v6.0.0
2026-10-08T06:39:42.5947126Z [1m[92m  Downloaded[0m dirs-sys v0.5.0
2026-10-08T06:39:42.5959023Z [1m[92m  Downloaded[0m option-ext v0.2.0
2026-10-08T06:39:42.5967840Z [1m[92m  Downloaded[0m command-fds v0.3.2
2026-10-08T06:39:42.5982997Z [1m[92m  Downloaded[0m async_zip v0.0.18
2026-10-08T06:39:42.6058141Z [1m[92m  Downloaded[0m wasmtime-internal-component-util v48.0.1
2026-10-08T06:39:42.6064834Z [1m[92m  Downloaded[0m async-attributes v1.1.2
2026-10-08T06:39:42.6077476Z [1m[92m  Downloaded[0m wasm-encoder v0.254.0
2026-10-08T06:39:42.6118104Z [1m[92m  Downloaded[0m postcard v1.1.3
2026-10-08T06:39:42.6142674Z [1m[92m  Downloaded[0m wasmtime-internal-jit-debug v48.0.1
2026-10-08T06:39:42.6153882Z [1m[92m  Downloaded[0m async-global-executor v2.4.1
2026-10-08T06:39:42.6171994Z [1m[92m  Downloaded[0m proc-macro-crate v3.4.0
2026-10-08T06:39:42.6185970Z [1m[92m  Downloaded[0m smol_str v0.3.6
2026-10-08T06:39:42.6202660Z [1m[92m  Downloaded[0m sha1_smol v1.0.1
2026-10-08T06:39:42.6216596Z [1m[92m  Downloaded[0m borsh v1.5.7
2026-10-08T06:39:42.6287907Z [1m[92m  Downloaded[0m uuid v1.18.1
2026-10-08T06:39:42.6318077Z [1m[92m  Downloaded[0m borsh-derive v1.5.7
2026-10-08T06:39:42.6349524Z [1m[92m  Downloaded[0m xcb v1.6.0
2026-10-08T06:39:42.6431377Z [1m[92m  Downloaded[0m toml_edit v0.23.7
2026-10-08T06:39:42.6471873Z [1m[92m  Downloaded[0m imara-diff v0.2.0
2026-10-08T06:39:43.9877962Z Cargo source union prefetch: 198.7s (exit 0)
2026-10-08T06:39:44.3072919Z ##[group]Run actions/cache/restore@0057852bfaa89a56745cba8c7296529d2fc39830
2026-10-08T06:39:44.3073519Z with:
2026-10-08T06:39:44.3076574Z   path: target/debug/.fingerprint
target/debug/build
target/debug/deps/*.rlib
target/debug/deps/*.rmeta
target/debug/deps/*.so
target/debug/deps/*.a
target/debug/deps/*.d
extensions/test-extension/target/debug/.fingerprint
extensions/test-extension/target/debug/build
extensions/test-extension/target/debug/deps/*.rlib
extensions/test-extension/target/debug/deps/*.rmeta
extensions/test-extension/target/debug/deps/*.so
extensions/test-extension/target/debug/deps/*.a
extensions/test-extension/target/debug/deps/*.d
extensions/test-extension/target/wasm32-wasip2/debug/.fingerprint
extensions/test-extension/target/wasm32-wasip2/debug/build
extensions/test-extension/target/wasm32-wasip2/debug/deps
extensions/test-extension/target/wasm32-wasip2/debug/*.wasm

2026-10-08T06:39:44.3081048Z   key: fork-ci-build-v2-Linux-X64-ubuntu24.04-dev-debug0-eff68d54502d28a838f84354ec306df7a6499991c0c1d8518658bc8ecc2758fa-62433dcec7df1eda715520c2f18b1f29c6d8044897077192799fc2bdd7cd0f98-f763baebb6d0970b283f759967d7980084317e67
2026-10-08T06:39:44.3083678Z   restore-keys: fork-ci-build-v2-Linux-X64-ubuntu24.04-dev-debug0-eff68d54502d28a838f84354ec306df7a6499991c0c1d8518658bc8ecc2758fa-62433dcec7df1eda715520c2f18b1f29c6d8044897077192799fc2bdd7cd0f98-
fork-ci-build-v2-Linux-X64-ubuntu24.04-dev-debug0-eff68d54502d28a838f84354ec306df7a6499991c0c1d8518658bc8ecc2758fa-

2026-10-08T06:39:44.3085454Z   enableCrossOsArchive: false
2026-10-08T06:39:44.3085717Z   fail-on-cache-miss: false
2026-10-08T06:39:44.3085968Z   lookup-only: false
2026-10-08T06:39:44.3086303Z env:
2026-10-08T06:39:44.3086499Z   CARGO_TERM_COLOR: always
2026-10-08T06:39:44.3086730Z   CARGO_INCREMENTAL: 0
2026-10-08T06:39:44.3086947Z   CARGO_PROFILE_DEV_DEBUG: 0
2026-10-08T06:39:44.3087202Z   CARGO_PROFILE_DEV_BUILD_OVERRIDE_DEBUG: 0
2026-10-08T06:39:44.3087623Z   RUST_BACKTRACE: 1
2026-10-08T06:39:44.3087828Z   CC: clang
2026-10-08T06:39:44.3088006Z   CXX: clang++
2026-10-08T06:39:44.3088575Z   WGPU_BACKEND: vulkan
2026-10-08T06:39:44.3088888Z   CI_TEST_FILTER: 
2026-10-08T06:39:44.3089090Z   CI_TEST_MODE: full
2026-10-08T06:39:44.3089300Z   CARGO_BUILD_JOBS: 4
2026-10-08T06:39:44.3089500Z   CI_TEST_THREADS: 4
2026-10-08T06:39:44.3089760Z   VK_DRIVER_FILES: /usr/share/vulkan/icd.d/lvp_icd.json
2026-10-08T06:39:44.3090067Z ##[endgroup]
2026-10-08T06:39:44.4224556Z (node:6707) [DEP0040] DeprecationWarning: The `punycode` module is deprecated. Please use a userland alternative instead.
2026-10-08T06:39:44.4226036Z (Use `node --trace-deprecation ...` to show where the warning was created)
2026-10-08T06:39:44.6700068Z Cache not found for input keys: fork-ci-build-v2-Linux-X64-ubuntu24.04-dev-debug0-eff68d54502d28a838f84354ec306df7a6499991c0c1d8518658bc8ecc2758fa-62433dcec7df1eda715520c2f18b1f29c6d8044897077192799fc2bdd7cd0f98-f763baebb6d0970b283f759967d7980084317e67, fork-ci-build-v2-Linux-X64-ubuntu24.04-dev-debug0-eff68d54502d28a838f84354ec306df7a6499991c0c1d8518658bc8ecc2758fa-62433dcec7df1eda715520c2f18b1f29c6d8044897077192799fc2bdd7cd0f98-, fork-ci-build-v2-Linux-X64-ubuntu24.04-dev-debug0-eff68d54502d28a838f84354ec306df7a6499991c0c1d8518658bc8ecc2758fa-
2026-10-08T06:39:44.6787019Z ##[group]Run printf 'Shared source exact hit: %s; shared key: %s; legacy source key: %s; build exact hit: %s; build key: %s\n' \
2026-10-08T06:39:44.6788081Z [36;1mprintf 'Shared source exact hit: %s; shared key: %s; legacy source key: %s; build exact hit: %s; build key: %s\n' \[0m
2026-10-08T06:39:44.6789257Z [36;1m  "$SOURCE_CACHE_HIT" "$SOURCE_CACHE_KEY" "$LEGACY_SOURCE_CACHE_KEY" \[0m
2026-10-08T06:39:44.6790064Z [36;1m  "$BUILD_CACHE_HIT" "$BUILD_CACHE_KEY" | tee -a "$GITHUB_STEP_SUMMARY"[0m
2026-10-08T06:39:44.6859338Z shell: /usr/bin/bash --noprofile --norc -e -o pipefail {0}
2026-10-08T06:39:44.6860008Z env:
2026-10-08T06:39:44.6860374Z   CARGO_TERM_COLOR: always
2026-10-08T06:39:44.6860758Z   CARGO_INCREMENTAL: 0
2026-10-08T06:39:44.6861101Z   CARGO_PROFILE_DEV_DEBUG: 0
2026-10-08T06:39:44.6861470Z   CARGO_PROFILE_DEV_BUILD_OVERRIDE_DEBUG: 0
2026-10-08T06:39:44.6861962Z   RUST_BACKTRACE: 1
2026-10-08T06:39:44.6862298Z   CC: clang
2026-10-08T06:39:44.6862751Z   CXX: clang++
2026-10-08T06:39:44.6863051Z   WGPU_BACKEND: vulkan
2026-10-08T06:39:44.6863393Z   CI_TEST_FILTER: 
2026-10-08T06:39:44.6863710Z   CI_TEST_MODE: full
2026-10-08T06:39:44.6864053Z   CARGO_BUILD_JOBS: 4
2026-10-08T06:39:44.6864402Z   CI_TEST_THREADS: 4
2026-10-08T06:39:44.6864752Z   VK_DRIVER_FILES: /usr/share/vulkan/icd.d/lvp_icd.json
2026-10-08T06:39:44.6865156Z   SOURCE_CACHE_HIT: 
2026-10-08T06:39:44.6865521Z   SOURCE_CACHE_KEY: 
2026-10-08T06:39:44.6865899Z   LEGACY_SOURCE_CACHE_KEY: 
2026-10-08T06:39:44.6866263Z   BUILD_CACHE_HIT: 
2026-10-08T06:39:44.6866557Z   BUILD_CACHE_KEY: 
2026-10-08T06:39:44.6866836Z ##[endgroup]
2026-10-08T06:39:44.6971745Z Shared source exact hit: ; shared key: ; legacy source key: ; build exact hit: ; build key: 
2026-10-08T06:39:44.7045806Z ##[group]Run actions/setup-node@48b55a011bda9f5d6aeb4c2d9c7362e8dae4041e
2026-10-08T06:39:44.7046237Z with:
2026-10-08T06:39:44.7046437Z   node-version: 24
2026-10-08T06:39:44.7046668Z   package-manager-cache: false
2026-10-08T06:39:44.7046926Z   check-latest: false
2026-10-08T06:39:44.7049988Z   token: ***
2026-10-08T06:39:44.7050188Z env:
2026-10-08T06:39:44.7050374Z   CARGO_TERM_COLOR: always
2026-10-08T06:39:44.7050604Z   CARGO_INCREMENTAL: 0
2026-10-08T06:39:44.7050823Z   CARGO_PROFILE_DEV_DEBUG: 0
2026-10-08T06:39:44.7051077Z   CARGO_PROFILE_DEV_BUILD_OVERRIDE_DEBUG: 0
2026-10-08T06:39:44.7051375Z   RUST_BACKTRACE: 1
2026-10-08T06:39:44.7051574Z   CC: clang
2026-10-08T06:39:44.7051750Z   CXX: clang++
2026-10-08T06:39:44.7051940Z   WGPU_BACKEND: vulkan
2026-10-08T06:39:44.7052144Z   CI_TEST_FILTER: 
2026-10-08T06:39:44.7052339Z   CI_TEST_MODE: full
2026-10-08T06:39:44.7052543Z   CARGO_BUILD_JOBS: 4
2026-10-08T06:39:44.7052747Z   CI_TEST_THREADS: 4
2026-10-08T06:39:44.7053045Z   VK_DRIVER_FILES: /usr/share/vulkan/icd.d/lvp_icd.json
2026-10-08T06:39:44.7053352Z ##[endgroup]
2026-10-08T06:39:44.8713160Z Found in cache @ /opt/hostedtoolcache/node/24.21.0/x64
2026-10-08T06:39:44.8717697Z ##[group]Environment details
2026-10-08T06:39:45.2544937Z node: v24.21.0
2026-10-08T06:39:45.2545427Z npm: 11.19.0
2026-10-08T06:39:45.2545783Z yarn: 1.22.22
2026-10-08T06:39:45.2546562Z ##[endgroup]
2026-10-08T06:39:45.2727714Z ##[group]Run taiki-e/install-action@a6b2e2dcd845ddd7f509ce4f3ed3d922b80cc5d9
2026-10-08T06:39:45.2728477Z with:
2026-10-08T06:39:45.2728679Z   tool: nextest
2026-10-08T06:39:45.2728895Z   checksum: true
2026-10-08T06:39:45.2729099Z   fallback: cargo-binstall
2026-10-08T06:39:45.2729326Z env:
2026-10-08T06:39:45.2729511Z   CARGO_TERM_COLOR: always
2026-10-08T06:39:45.2729738Z   CARGO_INCREMENTAL: 0
2026-10-08T06:39:45.2729967Z   CARGO_PROFILE_DEV_DEBUG: 0
2026-10-08T06:39:45.2730222Z   CARGO_PROFILE_DEV_BUILD_OVERRIDE_DEBUG: 0
2026-10-08T06:39:45.2730496Z   RUST_BACKTRACE: 1
2026-10-08T06:39:45.2730690Z   CC: clang
2026-10-08T06:39:45.2730870Z   CXX: clang++
2026-10-08T06:39:45.2731059Z   WGPU_BACKEND: vulkan
2026-10-08T06:39:45.2731262Z   CI_TEST_FILTER: 
2026-10-08T06:39:45.2731461Z   CI_TEST_MODE: full
2026-10-08T06:39:45.2731661Z   CARGO_BUILD_JOBS: 4
2026-10-08T06:39:45.2731863Z   CI_TEST_THREADS: 4
2026-10-08T06:39:45.2732158Z   VK_DRIVER_FILES: /usr/share/vulkan/icd.d/lvp_icd.json
2026-10-08T06:39:45.2732468Z ##[endgroup]
2026-10-08T06:39:45.2793553Z ##[start-action display=Run bail() {;id=__taiki-e_install-action.__run]
2026-10-08T06:39:45.2820836Z ##[group]Run bail() {
2026-10-08T06:39:45.2821296Z [36;1mbail() {[0m
2026-10-08T06:39:45.2821553Z [36;1m  printf '::error::install-action: %s\n' "$*"[0m
2026-10-08T06:39:45.2821867Z [36;1m  exit 1[0m
2026-10-08T06:39:45.2822056Z [36;1m}[0m
2026-10-08T06:39:45.2822418Z [36;1m# If /bin/sh is dash, environment variable containing % is not imported, but is fine[0m
2026-10-08T06:39:45.2822971Z [36;1m# because it also means that it will not be exposed to subprocess.[0m
2026-10-08T06:39:45.2823394Z [36;1mif /usr/bin/env | grep -Eq '^BASH_FUNC_'; then[0m
2026-10-08T06:39:45.2823945Z [36;1m  bail 'bash function injection via BASH_FUNC_ environment variable is not allowed for security reasons'[0m
2026-10-08T06:39:45.2824443Z [36;1mfi[0m
2026-10-08T06:39:45.2824665Z [36;1mif ! command -v bash >/dev/null; then[0m
2026-10-08T06:39:45.2825021Z [36;1m  if grep -Eq '^ID=alpine' /etc/os-release; then[0m
2026-10-08T06:39:45.2825472Z [36;1m    printf '::group::Install packages required for install-action (bash)\n'[0m
2026-10-08T06:39:45.2825917Z [36;1m    # NB: sync with apk_install in main.sh[0m
2026-10-08T06:39:45.2826245Z [36;1m    if command -v sudo >/dev/null; then[0m
2026-10-08T06:39:45.2826554Z [36;1m      sudo apk --no-cache add bash[0m
2026-10-08T06:39:45.2826865Z [36;1m    elif command -v doas >/dev/null; then[0m
2026-10-08T06:39:45.2827169Z [36;1m      doas apk --no-cache add bash[0m
2026-10-08T06:39:45.2827435Z [36;1m    else[0m
2026-10-08T06:39:45.2827645Z [36;1m      apk --no-cache add bash[0m
2026-10-08T06:39:45.2827897Z [36;1m    fi[0m
2026-10-08T06:39:45.2828109Z [36;1m    printf '::endgroup::\n'[0m
2026-10-08T06:39:45.2828616Z [36;1m  else[0m
2026-10-08T06:39:45.2828846Z [36;1m    bail 'this action requires bash'[0m
2026-10-08T06:39:45.2829123Z [36;1m  fi[0m
2026-10-08T06:39:45.2829308Z [36;1mfi[0m
2026-10-08T06:39:45.2829586Z [36;1mbash --noprofile --norc "${GITHUB_ACTION_PATH:?}/main.sh"[0m
2026-10-08T06:39:45.2830837Z shell: /usr/bin/env -u ENV -u BASH_ENV -u CDPATH -u SHELLOPTS -u BASHOPTS /bin/sh -eu {0}
2026-10-08T06:39:45.2831266Z env:
2026-10-08T06:39:45.2831454Z   CARGO_TERM_COLOR: always
2026-10-08T06:39:45.2831688Z   CARGO_INCREMENTAL: 0
2026-10-08T06:39:45.2831911Z   CARGO_PROFILE_DEV_DEBUG: 0
2026-10-08T06:39:45.2832171Z   CARGO_PROFILE_DEV_BUILD_OVERRIDE_DEBUG: 0
2026-10-08T06:39:45.2832445Z   RUST_BACKTRACE: 1
2026-10-08T06:39:45.2832643Z   CC: clang
2026-10-08T06:39:45.2832820Z   CXX: clang++
2026-10-08T06:39:45.2833010Z   WGPU_BACKEND: vulkan
2026-10-08T06:39:45.2833216Z   CI_TEST_FILTER: 
2026-10-08T06:39:45.2833417Z   CI_TEST_MODE: full
2026-10-08T06:39:45.2833621Z   CARGO_BUILD_JOBS: 4
2026-10-08T06:39:45.2833824Z   CI_TEST_THREADS: 4
2026-10-08T06:39:45.2834081Z   VK_DRIVER_FILES: /usr/share/vulkan/icd.d/lvp_icd.json
2026-10-08T06:39:45.2834384Z   INPUT_TOOL: nextest
2026-10-08T06:39:45.2834778Z   INPUT_CHECKSUM: true
2026-10-08T06:39:45.2835012Z   INPUT_FALLBACK: cargo-binstall
2026-10-08T06:39:45.2837869Z   DEFAULT_GITHUB_TOKEN: ***
2026-10-08T06:39:45.2838644Z   ACTION_USER_AGENT: taiki-e/install-action (a6b2e2dcd845ddd7f509ce4f3ed3d922b80cc5d9)
2026-10-08T06:39:45.2839111Z   RUNNER_OS: Linux
2026-10-08T06:39:45.2839322Z   RUNNER_ARCH: X64
2026-10-08T06:39:45.2839522Z ##[endgroup]
2026-10-08T06:39:45.2987486Z info: host platform: x86_64_linux
2026-10-08T06:39:45.3264862Z info: installing cargo-nextest@latest
2026-10-08T06:39:45.3497050Z info: downloading https://github.com/nextest-rs/nextest/releases/download/cargo-nextest-0.9.140/cargo-nextest-0.9.140-x86_64-unknown-linux-gnu.tar.gz
2026-10-08T06:39:45.7103280Z info: verifying sha256 checksum for cargo-nextest-0.9.140-x86_64-unknown-linux-gnu.tar.gz
2026-10-08T06:39:45.9489005Z info: cargo-nextest installed at /home/runner/.cargo/bin/cargo-nextest
2026-10-08T06:39:45.9491819Z + cargo-nextest nextest --version
2026-10-08T06:39:45.9521356Z cargo-nextest 0.9.140 (a9fef2964 2026-07-05)
2026-10-08T06:39:45.9521939Z release: 0.9.140
2026-10-08T06:39:45.9522506Z commit-hash: a9fef2964e34f64ed4fceeee7c0c3559ce560920
2026-10-08T06:39:45.9523472Z commit-date: 2026-07-05
2026-10-08T06:39:45.9523944Z host: x86_64-unknown-linux-gnu
2026-10-08T06:39:45.9525770Z 
2026-10-08T06:39:45.9569891Z ##[end-action id=__taiki-e_install-action.__run;outcome=success;conclusion=success;duration_ms=677]
2026-10-08T06:39:45.9575491Z ##[start-action display=Run Set-StrictMode -Version Latest;id=__taiki-e_install-action.__run_2]
2026-10-08T06:39:45.9580341Z ##[end-action id=__taiki-e_install-action.__run_2;outcome=skipped;conclusion=skipped;duration_ms=0]
2026-10-08T06:39:45.9615925Z ##[group]Run ./script/download-wasi-sdk
2026-10-08T06:39:45.9616301Z [36;1m./script/download-wasi-sdk[0m
2026-10-08T06:39:45.9689815Z shell: /usr/bin/bash --noprofile --norc -e -o pipefail {0}
2026-10-08T06:39:45.9690189Z env:
2026-10-08T06:39:45.9690397Z   CARGO_TERM_COLOR: always
2026-10-08T06:39:45.9690640Z   CARGO_INCREMENTAL: 0
2026-10-08T06:39:45.9690874Z   CARGO_PROFILE_DEV_DEBUG: 0
2026-10-08T06:39:45.9691132Z   CARGO_PROFILE_DEV_BUILD_OVERRIDE_DEBUG: 0
2026-10-08T06:39:45.9691427Z   RUST_BACKTRACE: 1
2026-10-08T06:39:45.9691626Z   CC: clang
2026-10-08T06:39:45.9691804Z   CXX: clang++
2026-10-08T06:39:45.9692000Z   WGPU_BACKEND: vulkan
2026-10-08T06:39:45.9692214Z   CI_TEST_FILTER: 
2026-10-08T06:39:45.9692420Z   CI_TEST_MODE: full
2026-10-08T06:39:45.9692632Z   CARGO_BUILD_JOBS: 4
2026-10-08T06:39:45.9692838Z   CI_TEST_THREADS: 4
2026-10-08T06:39:45.9693099Z   VK_DRIVER_FILES: /usr/share/vulkan/icd.d/lvp_icd.json
2026-10-08T06:39:45.9693417Z ##[endgroup]
2026-10-08T06:39:45.9801513Z WASI SDK not found, downloading v34...
2026-10-08T06:39:45.9831217Z Downloading from: https://github.com/WebAssembly/wasi-sdk/releases/download/wasi-sdk-34/wasi-sdk-34.0-x86_64-linux.tar.gz
2026-10-08T06:39:45.9909038Z   % Total    % Received % Xferd  Average Speed   Time    Time     Time  Current
2026-10-08T06:39:45.9910089Z                                  Dload  Upload   Total   Spent    Left  Speed
2026-10-08T06:39:45.9910491Z 
2026-10-08T06:39:46.1594657Z   0     0    0     0    0     0      0      0 --:--:-- --:--:-- --:--:--     0
2026-10-08T06:39:46.1595702Z   0     0    0     0    0     0      0      0 --:--:-- --:--:-- --:--:--     0
2026-10-08T06:39:46.1596585Z   0     0    0     0    0     0      0      0 --:--:-- --:--:-- --:--:--     0
2026-10-08T06:39:47.3816321Z 
2026-10-08T06:39:48.2885262Z  19  183M   19 35.0M    0     0  25.2M      0  0:00:07  0:00:01  0:00:06 25.2M
2026-10-08T06:39:49.2278470Z  37  183M   37 68.9M    0     0  30.0M      0  0:00:06  0:00:02  0:00:04 37.3M
2026-10-08T06:39:50.2885313Z  60  183M   60  111M    0     0  34.5M      0  0:00:05  0:00:03  0:00:02 41.6M
2026-10-08T06:39:50.9962346Z  84  183M   84  154M    0     0  35.9M      0  0:00:05  0:00:04  0:00:01 41.1M
2026-10-08T06:39:50.9963207Z 100  183M  100  183M    0     0  36.6M      0  0:00:05  0:00:05 --:--:-- 41.0M
2026-10-08T06:39:51.0078737Z WASI SDK v34 installed successfully
2026-10-08T06:39:51.0309044Z ##[group]Run python3 script/ci-run stage 'Test extension build' -- cargo build --locked --manifest-path extensions/test-extension/Cargo.toml --target wasm32-wasip2 --target-dir extensions/test-extension/target
2026-10-08T06:39:51.0311267Z [36;1mpython3 script/ci-run stage 'Test extension build' -- cargo build --locked --manifest-path extensions/test-extension/Cargo.toml --target wasm32-wasip2 --target-dir extensions/test-extension/target[0m
2026-10-08T06:39:51.0389005Z shell: /usr/bin/bash --noprofile --norc -e -o pipefail {0}
2026-10-08T06:39:51.0389574Z env:
2026-10-08T06:39:51.0389932Z   CARGO_TERM_COLOR: always
2026-10-08T06:39:51.0390353Z   CARGO_INCREMENTAL: 0
2026-10-08T06:39:51.0390742Z   CARGO_PROFILE_DEV_DEBUG: 0
2026-10-08T06:39:51.0391199Z   CARGO_PROFILE_DEV_BUILD_OVERRIDE_DEBUG: 0
2026-10-08T06:39:51.0391685Z   RUST_BACKTRACE: 1
2026-10-08T06:39:51.0392030Z   CC: clang
2026-10-08T06:39:51.0392340Z   CXX: clang++
2026-10-08T06:39:51.0392673Z   WGPU_BACKEND: vulkan
2026-10-08T06:39:51.0393098Z   CI_TEST_FILTER: 
2026-10-08T06:39:51.0393441Z   CI_TEST_MODE: full
2026-10-08T06:39:51.0394099Z   CARGO_BUILD_JOBS: 4
2026-10-08T06:39:51.0394453Z   CI_TEST_THREADS: 4
2026-10-08T06:39:51.0394891Z   VK_DRIVER_FILES: /usr/share/vulkan/icd.d/lvp_icd.json
2026-10-08T06:39:51.0395412Z ##[endgroup]
2026-10-08T06:39:51.9135341Z [1m[92m   Compiling[0m proc-macro2 v1.0.107
2026-10-08T06:39:51.9138788Z [1m[92m   Compiling[0m unicode-ident v1.0.24
2026-10-08T06:39:51.9139255Z [1m[92m   Compiling[0m quote v1.0.47
2026-10-08T06:39:51.9139702Z [1m[92m   Compiling[0m stable_deref_trait v1.2.1
2026-10-08T06:39:51.9440109Z [1m[92m   Compiling[0m serde_core v1.0.229
2026-10-08T06:39:51.9980303Z [1m[92m   Compiling[0m zmij v1.0.23
2026-10-08T06:39:52.1970344Z [1m[92m   Compiling[0m litemap v0.8.0
2026-10-08T06:39:52.3419909Z [1m[92m   Compiling[0m writeable v0.6.4
2026-10-08T06:39:52.3920257Z [1m[92m   Compiling[0m serde_json v1.0.151
2026-10-08T06:39:52.5266571Z [1m[92m   Compiling[0m icu_normalizer_data v2.3.0
2026-10-08T06:39:52.5650337Z [1m[92m   Compiling[0m serde v1.0.229
2026-10-08T06:39:52.6469972Z [1m[92m   Compiling[0m utf8_iter v1.0.4
2026-10-08T06:39:52.7670647Z [1m[92m   Compiling[0m icu_properties_data v2.3.0
2026-10-08T06:39:52.8509820Z [1m[92m   Compiling[0m wasmparser v0.227.1
2026-10-08T06:39:52.8860075Z [1m[92m   Compiling[0m hashbrown v0.17.1
2026-10-08T06:39:53.0260447Z [1m[92m   Compiling[0m smallvec v1.16.1
2026-10-08T06:39:53.5361834Z [1m[92m   Compiling[0m syn v3.0.3
2026-10-08T06:39:54.2850416Z [1m[92m   Compiling[0m syn v2.0.117
2026-10-08T06:39:54.8370141Z [1m[92m   Compiling[0m semver v1.0.28
2026-10-08T06:39:55.1561245Z [1m[92m   Compiling[0m equivalent v1.0.2
2026-10-08T06:39:55.1919909Z [1m[92m   Compiling[0m foldhash v0.1.5
2026-10-08T06:39:55.3500107Z [1m[92m   Compiling[0m hashbrown v0.15.5
2026-10-08T06:39:55.4010369Z [1m[92m   Compiling[0m indexmap v2.14.0
2026-10-08T06:39:56.2449999Z [1m[92m   Compiling[0m bitflags v2.13.1
2026-10-08T06:39:56.4350596Z [1m[92m   Compiling[0m itoa v1.0.18
2026-10-08T06:39:56.4669942Z [1m[92m   Compiling[0m memchr v2.8.3
2026-10-08T06:39:56.6050266Z [1m[92m   Compiling[0m anyhow v1.0.104
2026-10-08T06:40:00.3929956Z [1m[92m   Compiling[0m synstructure v0.13.2
2026-10-08T06:40:01.1580359Z [1m[92m   Compiling[0m crc32fast v1.5.0
2026-10-08T06:40:01.6990045Z [1m[92m   Compiling[0m cfg-if v1.0.4
2026-10-08T06:40:01.7350468Z [1m[92m   Compiling[0m percent-encoding v2.3.2
2026-10-08T06:40:01.8999937Z [1m[92m   Compiling[0m adler2 v2.0.1
2026-10-08T06:40:01.9730493Z [1m[92m   Compiling[0m prettyplease v0.2.37
2026-10-08T06:40:02.0840643Z [1m[92m   Compiling[0m wasm-encoder v0.227.1
2026-10-08T06:40:02.2570680Z [1m[92m   Compiling[0m simd-adler32 v0.3.7
2026-10-08T06:40:02.4350145Z [1m[92m   Compiling[0m miniz_oxide v0.8.9
2026-10-08T06:40:04.5109930Z [1m[92m   Compiling[0m form_urlencoded v1.2.2
2026-10-08T06:40:04.8261383Z [1m[92m   Compiling[0m log v0.4.29
2026-10-08T06:40:04.9839880Z [1m[92m   Compiling[0m leb128fmt v0.1.0
2026-10-08T06:40:05.0939950Z [1m[92m   Compiling[0m futures-sink v0.3.34
2026-10-08T06:40:05.1520151Z [1m[92m   Compiling[0m unicode-xid v0.2.6
2026-10-08T06:40:05.2217040Z [1m[92m   Compiling[0m futures-core v0.3.34
2026-10-08T06:40:05.3410066Z [1m[92m   Compiling[0m topological-sort v0.2.2
2026-10-08T06:40:05.8819576Z [1m[92m   Compiling[0m id-arena v2.3.0
2026-10-08T06:40:05.9552858Z [1m[92m   Compiling[0m futures-channel v0.3.34
2026-10-08T06:40:06.1379928Z [1m[92m   Compiling[0m flate2 v1.1.8
2026-10-08T06:40:06.6079891Z [1m[92m   Compiling[0m spdx v0.10.9
2026-10-08T06:40:07.1249957Z [1m[92m   Compiling[0m futures-io v0.3.34
2026-10-08T06:40:07.2700571Z [1m[92m   Compiling[0m pin-project-lite v0.2.16
2026-10-08T06:40:07.3181145Z [1m[92m   Compiling[0m slab v0.4.11
2026-10-08T06:40:07.4379099Z [1m[92m   Compiling[0m futures-task v0.3.34
2026-10-08T06:40:07.5959906Z [1m[92m   Compiling[0m wit-bindgen-rust v0.41.0
2026-10-08T06:40:07.6898453Z [1m[92m   Compiling[0m heck v0.5.0
2026-10-08T06:40:08.0934225Z [1m[92m   Compiling[0m wit-bindgen-rust-macro v0.41.0
2026-10-08T06:40:08.2169951Z [1m[92m   Compiling[0m wit-bindgen-rt v0.41.0
2026-10-08T06:40:08.9419958Z [1m[92m   Compiling[0m once_cell v1.21.4
2026-10-08T06:40:09.9020399Z [1m[92m   Compiling[0m zed_extension_api v0.8.0 (/home/runner/work/koda/koda/crates/extension_api)
2026-10-08T06:40:20.1259877Z [1m[92m   Compiling[0m zerovec-derive v0.11.5
2026-10-08T06:40:20.9549971Z [1m[92m   Compiling[0m serde_derive v1.0.229
2026-10-08T06:40:21.3070203Z [1m[92m   Compiling[0m futures-macro v0.3.34
2026-10-08T06:40:21.4009985Z [1m[92m   Compiling[0m zerofrom-derive v0.1.6
2026-10-08T06:40:21.4011062Z [1m[92m   Compiling[0m yoke-derive v0.8.2
2026-10-08T06:40:22.1550128Z [1m[92m   Compiling[0m displaydoc v0.2.5
2026-10-08T06:40:22.4180778Z [1m[92m   Compiling[0m futures-util v0.3.34
2026-10-08T06:40:22.5540420Z [1m[92m   Compiling[0m zerofrom v0.1.6
2026-10-08T06:40:22.6399977Z [1m[92m   Compiling[0m yoke v0.8.3
2026-10-08T06:40:22.7760359Z [1m[92m   Compiling[0m zerovec v0.11.8
2026-10-08T06:40:22.8470519Z [1m[92m   Compiling[0m zerotrie v0.2.5
2026-10-08T06:40:23.4289846Z [1m[92m   Compiling[0m tinystr v0.8.4
2026-10-08T06:40:23.6149920Z [1m[92m   Compiling[0m potential_utf v0.1.3
2026-10-08T06:40:23.7080362Z [1m[92m   Compiling[0m icu_locale_core v2.3.0
2026-10-08T06:40:23.7649860Z [1m[92m   Compiling[0m icu_collections v2.3.0
2026-10-08T06:40:24.5290082Z [1m[92m   Compiling[0m wit-parser v0.227.1
2026-10-08T06:40:24.9150003Z [1m[92m   Compiling[0m icu_provider v2.3.0
2026-10-08T06:40:24.9890398Z [1m[92m   Compiling[0m auditable-serde v0.8.0
2026-10-08T06:40:25.2393015Z [1m[92m   Compiling[0m icu_normalizer v2.3.0
2026-10-08T06:40:25.2489183Z [1m[92m   Compiling[0m icu_properties v2.3.0
2026-10-08T06:40:25.3709837Z [1m[92m   Compiling[0m futures-executor v0.3.34
2026-10-08T06:40:25.5870000Z [1m[92m   Compiling[0m futures v0.3.34
2026-10-08T06:40:26.2368697Z [1m[92m   Compiling[0m idna_adapter v1.2.1
2026-10-08T06:40:26.2989880Z [1m[92m   Compiling[0m idna v1.1.0
2026-10-08T06:40:26.5149318Z [1m[92m   Compiling[0m url v2.5.7
2026-10-08T06:40:26.8222587Z [1m[92m   Compiling[0m wit-bindgen-core v0.41.0
2026-10-08T06:40:27.1219872Z [1m[92m   Compiling[0m wasm-metadata v0.227.1
2026-10-08T06:40:27.5730954Z [1m[92m   Compiling[0m wit-component v0.227.1
2026-10-08T06:40:30.5989533Z [1m[92m   Compiling[0m wit-bindgen v0.41.0
2026-10-08T06:40:31.3683409Z [1m[92m   Compiling[0m zed_test_extension v0.1.0 (/home/runner/work/koda/koda/extensions/test-extension)
2026-10-08T06:40:31.5533179Z [1m[92m    Finished[0m `dev` profile [unoptimized] target(s) in 40.44s
2026-10-08T06:40:31.6010343Z Test extension build: 40.5s (exit 0)
2026-10-08T06:40:31.6122543Z ##[group]Run printf 'Test coverage: %s; filter: %s\n' "$CI_TEST_MODE" "$CI_TEST_FILTER"
2026-10-08T06:40:31.6123657Z [36;1mprintf 'Test coverage: %s; filter: %s\n' "$CI_TEST_MODE" "$CI_TEST_FILTER"[0m
2026-10-08T06:40:31.6124432Z [36;1mfilter_args=()[0m
2026-10-08T06:40:31.6124904Z [36;1mif [[ -n "$CI_TEST_FILTER" ]]; then[0m
2026-10-08T06:40:31.6125265Z [36;1m  filter_args=(-E "$CI_TEST_FILTER")[0m
2026-10-08T06:40:31.6125566Z [36;1mfi[0m
2026-10-08T06:40:31.6125914Z [36;1mpython3 script/ci-run stage 'Workspace tests (build and execution)' -- \[0m
2026-10-08T06:40:31.6126527Z [36;1m  cargo nextest run --locked --workspace "${filter_args[@]}" --no-fail-fast --no-tests=warn \[0m
2026-10-08T06:40:31.6127154Z [36;1m  --test-threads "$CI_TEST_THREADS" --status-level=fail --final-status-level=fail[0m
2026-10-08T06:40:31.6195131Z shell: /usr/bin/bash --noprofile --norc -e -o pipefail {0}
2026-10-08T06:40:31.6195503Z env:
2026-10-08T06:40:31.6195763Z   CARGO_TERM_COLOR: always
2026-10-08T06:40:31.6196010Z   CARGO_INCREMENTAL: 0
2026-10-08T06:40:31.6196240Z   CARGO_PROFILE_DEV_DEBUG: 0
2026-10-08T06:40:31.6196499Z   CARGO_PROFILE_DEV_BUILD_OVERRIDE_DEBUG: 0
2026-10-08T06:40:31.6196782Z   RUST_BACKTRACE: 1
2026-10-08T06:40:31.6197241Z   CC: clang
2026-10-08T06:40:31.6197432Z   CXX: clang++
2026-10-08T06:40:31.6197630Z   WGPU_BACKEND: vulkan
2026-10-08T06:40:31.6197845Z   CI_TEST_FILTER: 
2026-10-08T06:40:31.6198050Z   CI_TEST_MODE: full
2026-10-08T06:40:31.6198514Z   CARGO_BUILD_JOBS: 4
2026-10-08T06:40:31.6198733Z   CI_TEST_THREADS: 4
2026-10-08T06:40:31.6198990Z   VK_DRIVER_FILES: /usr/share/vulkan/icd.d/lvp_icd.json
2026-10-08T06:40:31.6199297Z ##[endgroup]
2026-10-08T06:40:31.6296543Z Test coverage: full; filter: 
2026-10-08T06:40:35.9065278Z [1m[92m   Compiling[0m unicode-ident v1.0.24
2026-10-08T06:40:35.9066033Z [1m[92m   Compiling[0m quote v1.0.47
2026-10-08T06:40:35.9066814Z [1m[92m   Compiling[0m proc-macro2 v1.0.107
2026-10-08T06:40:35.9067732Z [1m[92m   Compiling[0m serde_core v1.0.229
2026-10-08T06:40:36.0010297Z [1m[92m   Compiling[0m libc v0.2.186
2026-10-08T06:40:36.4140064Z [1m[92m   Compiling[0m serde v1.0.229
2026-10-08T06:40:36.6826819Z [1m[92m   Compiling[0m cfg-if v1.0.4
2026-10-08T06:40:36.7370037Z [1m[92m   Compiling[0m memchr v2.8.3
2026-10-08T06:40:37.9050437Z [1m[92m   Compiling[0m syn v2.0.117
2026-10-08T06:40:38.5466111Z [1m[92m   Compiling[0m syn v3.0.3
2026-10-08T06:40:38.6500084Z [1m[92m   Compiling[0m typeid v1.0.3
2026-10-08T06:40:38.8954760Z [1m[92m   Compiling[0m erased-serde v0.4.9
2026-10-08T06:40:39.7950912Z [1m[92m   Compiling[0m equivalent v1.0.2
2026-10-08T06:40:39.8469960Z [1m[92m   Compiling[0m jobserver v0.1.34
2026-10-08T06:40:40.1980802Z [1m[92m   Compiling[0m find-msvc-tools v0.1.11
2026-10-08T06:40:40.2881913Z [1m[92m   Compiling[0m shlex v2.0.1
2026-10-08T06:40:40.4488819Z [1m[92m   Compiling[0m cc v1.4.3
2026-10-08T06:40:40.4779913Z [1m[92m   Compiling[0m itoa v1.0.18
2026-10-08T06:40:40.6410216Z [1m[92m   Compiling[0m allocator-api2 v0.2.21
2026-10-08T06:40:40.9970050Z [1m[92m   Compiling[0m once_cell v1.21.4
2026-10-08T06:40:41.1810855Z [1m[92m   Compiling[0m pin-project-lite v0.2.16
2026-10-08T06:40:41.2399825Z [1m[92m   Compiling[0m autocfg v1.5.0
2026-10-08T06:40:41.6289995Z [1m[92m   Compiling[0m version_check v0.9.5
2026-10-08T06:40:41.9299875Z [1m[92m   Compiling[0m foldhash v0.2.0
2026-10-08T06:40:42.0947168Z [1m[92m   Compiling[0m futures-core v0.3.34
2026-10-08T06:40:42.1452639Z [1m[92m   Compiling[0m libm v0.2.16
2026-10-08T06:40:42.2229999Z [1m[92m   Compiling[0m bitflags v2.13.1
2026-10-08T06:40:42.4829224Z [1m[92m   Compiling[0m hashbrown v0.17.1
2026-10-08T06:40:43.2040033Z [1m[92m   Compiling[0m scopeguard v1.2.0
2026-10-08T06:40:43.2749971Z [1m[92m   Compiling[0m indexmap v2.14.0
2026-10-08T06:40:43.7550444Z [1m[92m   Compiling[0m pkg-config v0.3.32
2026-10-08T06:40:44.1438061Z [1m[92m   Compiling[0m zmij v1.0.23
2026-10-08T06:40:44.3051866Z [1m[92m   Compiling[0m futures-io v0.3.34
2026-10-08T06:40:44.4450192Z [1m[92m   Compiling[0m slab v0.4.11
2026-10-08T06:40:44.5800091Z [1m[92m   Compiling[0m subtle v2.6.1
2026-10-08T06:40:44.7566619Z [1m[92m   Compiling[0m linux-raw-sys v0.12.1
2026-10-08T06:40:45.4059907Z [1m[92m   Compiling[0m fnv v1.0.7
2026-10-08T06:40:45.4699702Z [1m[92m   Compiling[0m futures-sink v0.3.34
2026-10-08T06:40:45.5370555Z [1m[92m   Compiling[0m typenum v1.19.0
2026-10-08T06:40:45.8320295Z [1m[92m   Compiling[0m generic-array v0.14.7
2026-10-08T06:40:46.2669837Z [1m[92m   Compiling[0m lock_api v0.4.14
2026-10-08T06:40:46.5599820Z [1m[92m   Compiling[0m bytes v1.11.1
2026-10-08T06:40:47.2150943Z [1m[92m   Compiling[0m crypto-common v0.1.6
2026-10-08T06:40:47.2969877Z [1m[92m   Compiling[0m anyhow v1.0.104
2026-10-08T06:40:47.6609772Z [1m[92m   Compiling[0m num-traits v0.2.19
2026-10-08T06:40:47.9330024Z [1m[92m   Compiling[0m block-buffer v0.10.4
2026-10-08T06:40:48.1780351Z [1m[92m   Compiling[0m futures-channel v0.3.34
2026-10-08T06:40:48.3756277Z [1m[92m   Compiling[0m fastrand v2.3.0
2026-10-08T06:40:48.5945167Z [1m[92m   Compiling[0m futures-task v0.3.34
2026-10-08T06:40:48.7550335Z [1m[92m   Compiling[0m regex-syntax v0.8.11
2026-10-08T06:40:48.7849652Z [1m[92m   Compiling[0m parking_lot_core v0.9.12
2026-10-08T06:40:48.9719908Z [1m[92m   Compiling[0m aho-corasick v1.1.3
2026-10-08T06:40:50.7919998Z [1m[92m   Compiling[0m regex-automata v0.4.18
2026-10-08T06:40:51.2349884Z [1m[92m   Compiling[0m crossbeam-utils v0.8.21
2026-10-08T06:40:51.4729759Z [1m[92m   Compiling[0m synstructure v0.13.2
2026-10-08T06:40:52.2310330Z [1m[92m   Compiling[0m serde_json v1.0.151
2026-10-08T06:40:55.4069878Z [1m[92m   Compiling[0m cpufeatures v0.2.17
2026-10-08T06:40:55.4568914Z [1m[92m   Compiling[0m zerocopy v0.8.27
2026-10-08T06:40:55.7840103Z [1m[92m   Compiling[0m rustix v1.1.4
2026-10-08T06:40:58.1329860Z [1m[92m   Compiling[0m thiserror v2.0.17
2026-10-08T06:40:58.4319873Z [1m[92m   Compiling[0m percent-encoding v2.3.2
2026-10-08T06:40:58.6009911Z [1m[92m   Compiling[0m const-oid v0.9.6
2026-10-08T06:40:58.7749997Z [1m[92m   Compiling[0m getrandom v0.3.4
2026-10-08T06:40:59.2269879Z [1m[92m   Compiling[0m heck v0.5.0
2026-10-08T06:40:59.4549663Z [1m[92m   Compiling[0m tracing-core v0.1.35
2026-10-08T06:40:59.9840136Z [1m[92m   Compiling[0m signal-hook-registry v1.4.6
2026-10-08T06:41:00.2680468Z [1m[92m   Compiling[0m utf8_iter v1.0.4
2026-10-08T06:41:00.4000292Z [1m[92m   Compiling[0m digest v0.10.7
2026-10-08T06:41:00.5840040Z [1m[92m   Compiling[0m icu_properties_data v2.3.0
2026-10-08T06:41:00.7039974Z [1m[92m   Compiling[0m icu_normalizer_data v2.3.0
2026-10-08T06:41:00.8739852Z [1m[92m   Compiling[0m crc32fast v1.5.0
2026-10-08T06:41:01.2680477Z [1m[92m   Compiling[0m form_urlencoded v1.2.2
2026-10-08T06:41:01.6010249Z [1m[92m   Compiling[0m regex v1.12.3
2026-10-08T06:41:01.9281361Z [1m[92m   Compiling[0m dunce v1.0.5
2026-10-08T06:41:01.9881103Z [1m[92m   Compiling[0m atomic-waker v1.1.2
2026-10-08T06:41:02.0429681Z [1m[92m   Compiling[0m ryu v1.0.23
2026-10-08T06:41:02.0829828Z [1m[92m   Compiling[0m http v1.3.1
2026-10-08T06:41:03.0830141Z [1m[92m   Compiling[0m stable_deref_trait v1.2.1
2026-10-08T06:41:03.1415540Z [1m[92m   Compiling[0m simd-adler32 v0.3.7
2026-10-08T06:41:03.3456675Z [1m[92m   Compiling[0m adler2 v2.0.1
2026-10-08T06:41:03.4430097Z [1m[92m   Compiling[0m parking v2.2.1
2026-10-08T06:41:03.5799892Z [1m[92m   Compiling[0m miniz_oxide v0.8.9
2026-10-08T06:41:05.6120433Z [1m[92m   Compiling[0m sha2 v0.10.9
2026-10-08T06:41:05.9879938Z [1m[92m   Compiling[0m http-body v1.0.1
2026-10-08T06:41:06.0939750Z [1m[92m   Compiling[0m concurrent-queue v2.5.0
2026-10-08T06:41:06.2620570Z [1m[92m   Compiling[0m rustc-hash v2.1.1
2026-10-08T06:41:06.3399736Z [1m[92m   Compiling[0m flate2 v1.1.8
2026-10-08T06:41:06.4860087Z [1m[92m   Compiling[0m writeable v0.6.4
2026-10-08T06:41:06.7850491Z [1m[92m   Compiling[0m base64 v0.22.1
2026-10-08T06:41:06.8139968Z [1m[92m   Compiling[0m litemap v0.8.0
2026-10-08T06:41:07.0109985Z [1m[92m   Compiling[0m event-listener v5.4.1
2026-10-08T06:41:07.1189862Z [1m[92m   Compiling[0m write16 v1.0.0
2026-10-08T06:41:07.1769810Z [1m[92m   Compiling[0m utf16_iter v1.0.5
2026-10-08T06:41:07.2665189Z [1m[92m   Compiling[0m semver v1.0.28
2026-10-08T06:41:07.4684670Z [1m[92m   Compiling[0m futures-lite v2.6.1
2026-10-08T06:41:07.5846587Z [1m[92m   Compiling[0m zstd-sys v2.0.16+zstd.1.5.7
2026-10-08T06:41:07.8670728Z [1m[92m   Compiling[0m async-task v4.7.1 (https://github.com/smol-rs/async-task.git?rev=b4486cd71e4e94fbda54ce6302444de14f4d190e#b4486cd7)
2026-10-08T06:41:08.6573810Z [1m[92m   Compiling[0m event-listener-strategy v0.5.4
2026-10-08T06:41:08.7443793Z [1m[92m   Compiling[0m async-channel v2.5.0
2026-10-08T06:41:08.9069031Z [1m[92m   Compiling[0m hashbrown v0.16.1
2026-10-08T06:41:09.3988871Z [1m[92m   Compiling[0m sha1_smol v1.0.1
2026-10-08T06:41:09.5261858Z [1m[92m   Compiling[0m rand_core v0.9.3
2026-10-08T06:41:09.6929781Z [1m[92m   Compiling[0m unicase v2.8.1
2026-10-08T06:41:09.8507197Z [1m[92m   Compiling[0m iana-time-zone v0.1.64
2026-10-08T06:41:10.0560629Z [1m[92m   Compiling[0m async-io v2.6.0
2026-10-08T06:41:10.1630122Z [1m[92m   Compiling[0m getrandom v0.2.16
2026-10-08T06:41:10.3281191Z [1m[92m   Compiling[0m getrandom v0.4.1
2026-10-08T06:41:10.4719887Z [1m[92m   Compiling[0m rand_core v0.10.1
2026-10-08T06:41:10.5846608Z [1m[92m   Compiling[0m unicode-segmentation v1.13.3
2026-10-08T06:41:11.0823280Z [1m[92m   Compiling[0m same-file v1.0.6
2026-10-08T06:41:11.2021253Z [1m[92m   Compiling[0m walkdir v2.5.0
2026-10-08T06:41:11.6259825Z [1m[92m   Compiling[0m ref-cast v1.0.25
2026-10-08T06:41:11.8819832Z [1m[92m   Compiling[0m piper v0.2.4
2026-10-08T06:41:12.0450825Z [1m[92m   Compiling[0m cfg_aliases v0.2.1
2026-10-08T06:41:12.0939924Z [1m[92m   Compiling[0m polling v3.11.0
2026-10-08T06:41:12.3186320Z [1m[92m   Compiling[0m blocking v1.6.2
2026-10-08T06:41:12.5519901Z [1m[92m   Compiling[0m async-lock v3.4.2
2026-10-08T06:41:12.9073338Z [1m[92m   Compiling[0m zerofrom-derive v0.1.6
2026-10-08T06:41:13.0441913Z [1m[92m   Compiling[0m zerocopy-derive v0.8.27
2026-10-08T06:41:13.6793245Z [1m[92m   Compiling[0m yoke-derive v0.8.2
2026-10-08T06:41:13.7291873Z [1m[92m   Compiling[0m serde_derive v1.0.229
2026-10-08T06:41:14.2781882Z [1m[92m   Compiling[0m futures-macro v0.3.34
2026-10-08T06:41:15.0499870Z [1m[92m   Compiling[0m futures-util v0.3.34
2026-10-08T06:41:16.1883536Z [1m[92m   Compiling[0m zerovec-derive v0.11.5
2026-10-08T06:41:17.0763843Z [1m[92m   Compiling[0m serde_fmt v1.0.3
2026-10-08T06:41:17.2039803Z [1m[92m   Compiling[0m value-bag-serde1 v1.12.0
2026-10-08T06:41:17.2569949Z [1m[92m   Compiling[0m value-bag v1.12.0
2026-10-08T06:41:17.3417282Z [1m[92m   Compiling[0m smallvec v1.16.1
2026-10-08T06:41:17.4951674Z [1m[92m   Compiling[0m either v1.15.0
2026-10-08T06:41:17.6539345Z [1m[92m   Compiling[0m log v0.4.29
2026-10-08T06:41:17.6935700Z [1m[92m   Compiling[0m thiserror-impl v2.0.17
2026-10-08T06:41:17.9030448Z [1m[92m   Compiling[0m displaydoc v0.2.5
2026-10-08T06:41:18.0337821Z [1m[92m   Compiling[0m parking_lot v0.12.5
2026-10-08T06:41:18.3160242Z [1m[92m   Compiling[0m tracing-attributes v0.1.31
2026-10-08T06:41:18.5989907Z [1m[92m   Compiling[0m ppv-lite86 v0.2.21
2026-10-08T06:41:18.9335806Z [1m[92m   Compiling[0m zerofrom v0.1.6
2026-10-08T06:41:19.0369808Z [1m[92m   Compiling[0m yoke v0.8.3
2026-10-08T06:41:19.0527023Z [1m[92m   Compiling[0m futures-executor v0.3.34
2026-10-08T06:41:19.2096369Z [1m[92m   Compiling[0m zerovec v0.11.8
2026-10-08T06:41:19.2573700Z [1m[92m   Compiling[0m zerotrie v0.2.5
2026-10-08T06:41:19.5089801Z [1m[92m   Compiling[0m tracing v0.1.43
2026-10-08T06:41:19.7520030Z [1m[92m   Compiling[0m itertools v0.14.0
2026-10-08T06:41:19.8649836Z [1m[92m   Compiling[0m futures v0.3.34
2026-10-08T06:41:19.9162614Z [1m[92m   Compiling[0m serde_urlencoded v0.7.1
2026-10-08T06:41:20.1459881Z [1m[92m   Compiling[0m tinystr v0.8.4
2026-10-08T06:41:20.2049789Z [1m[92m   Compiling[0m potential_utf v0.1.3
2026-10-08T06:41:20.3269074Z [1m[92m   Compiling[0m icu_locale_core v2.3.0
2026-10-08T06:41:20.3411924Z [1m[92m   Compiling[0m icu_collections v2.3.0
2026-10-08T06:41:20.7519814Z [1m[92m   Compiling[0m uuid v1.18.1
2026-10-08T06:41:21.1489792Z [1m[92m   Compiling[0m rand_chacha v0.9.0
2026-10-08T06:41:21.1684096Z [1m[92m   Compiling[0m chrono v0.4.42
2026-10-08T06:41:21.5357082Z [1m[92m   Compiling[0m icu_provider v2.3.0
2026-10-08T06:41:21.7479719Z [1m[92m   Compiling[0m rand v0.9.4
2026-10-08T06:41:22.0059536Z [1m[92m   Compiling[0m icu_properties v2.3.0
2026-10-08T06:41:22.3789860Z [1m[92m   Compiling[0m icu_normalizer v2.3.0
2026-10-08T06:41:22.6760124Z [1m[92m   Compiling[0m gpui_util v0.1.0 (/home/runner/work/koda/koda/crates/gpui_util)
2026-10-08T06:41:22.8820582Z [1m[92m   Compiling[0m ref-cast-impl v1.0.25
2026-10-08T06:41:23.0750202Z [1m[92m   Compiling[0m idna_adapter v1.2.1
2026-10-08T06:41:23.1464049Z [1m[92m   Compiling[0m idna v1.1.0
2026-10-08T06:41:23.1621289Z [1m[92m   Compiling[0m pin-project-internal v1.1.10
2026-10-08T06:41:23.3939909Z [1m[92m   Compiling[0m serde_derive_internals v0.29.1
2026-10-08T06:41:23.7369760Z [1m[92m   Compiling[0m url v2.5.7
2026-10-08T06:41:24.0404452Z [1m[92m   Compiling[0m pin-project v1.1.10
2026-10-08T06:41:24.0786151Z [1m[92m   Compiling[0m tempfile v3.27.0
2026-10-08T06:41:24.3750147Z [1m[92m   Compiling[0m schemars_derive v1.0.4
2026-10-08T06:41:24.4185514Z [1m[92m   Compiling[0m dyn-clone v1.0.20
2026-10-08T06:41:24.5007682Z [1m[92m   Compiling[0m memoffset v0.9.1
2026-10-08T06:41:24.6739141Z [1m[92m   Compiling[0m async-executor v1.13.3
2026-10-08T06:41:24.9375447Z [1m[92m   Compiling[0m byteorder v1.5.0
2026-10-08T06:41:25.1100214Z [1m[92m   Compiling[0m option-ext v0.2.0
2026-10-08T06:41:25.1636111Z [1m[92m   Compiling[0m dirs-sys v0.5.0
2026-10-08T06:41:25.1840115Z [1m[92m   Compiling[0m arrayvec v0.7.6
2026-10-08T06:41:25.3379728Z [1m[92m   Compiling[0m dirs v6.0.0
2026-10-08T06:41:25.3700009Z [1m[92m   Compiling[0m winnow v0.7.13
2026-10-08T06:41:25.4199907Z [1m[92m   Compiling[0m thiserror v1.0.69
2026-10-08T06:41:25.6850224Z [1m[92m   Compiling[0m collections v0.1.0 (/home/runner/work/koda/koda/crates/collections)
2026-10-08T06:41:25.7641587Z [1m[92m   Compiling[0m thiserror-impl v1.0.69
2026-10-08T06:41:25.8137090Z [1m[92m   Compiling[0m which v8.0.5
2026-10-08T06:41:26.0485108Z [1m[92m   Compiling[0m siphasher v1.0.1
2026-10-08T06:41:26.2230786Z [1m[92m   Compiling[0m libbz2-rs-sys v0.2.2
2026-10-08T06:41:26.9379927Z [1m[92m   Compiling[0m bzip2 v0.6.1
2026-10-08T06:41:27.0029721Z [1m[92m   Compiling[0m async-signal v0.2.13
2026-10-08T06:41:27.0652320Z [1m[92m   Compiling[0m spin v0.9.8
2026-10-08T06:41:27.1137944Z [1m[92m   Compiling[0m no_std_io2 v0.9.4
2026-10-08T06:41:27.1629024Z [1m[92m   Compiling[0m compression-core v0.4.29
2026-10-08T06:41:27.1770246Z [1m[92m   Compiling[0m deflate64 v0.1.10
2026-10-08T06:41:27.2266338Z [1m[92m   Compiling[0m rayon-core v1.13.0
2026-10-08T06:41:27.2432277Z [1m[92m   Compiling[0m rle-decode-fast v1.0.3
2026-10-08T06:41:27.2929918Z [1m[92m   Compiling[0m strsim v0.11.1
2026-10-08T06:41:27.3420702Z [1m[92m   Compiling[0m async-process v2.5.0 (https://github.com/zed-industries/async-process.git?rev=0b6d6713570af61806e1e5cb40e0f757cb93fd9d#0b6d6713)
2026-10-08T06:41:27.4245561Z [1m[92m   Compiling[0m compression-codecs v0.4.31
2026-10-08T06:41:27.5900469Z [1m[92m   Compiling[0m zstd-safe v7.3.0
2026-10-08T06:41:27.6669984Z [1m[92m   Compiling[0m async-compression v0.4.32
2026-10-08T06:41:27.7300199Z [1m[92m   Compiling[0m perf v0.1.0 (/home/runner/work/koda/koda/tooling/perf)
2026-10-08T06:41:27.7541038Z [1m[92m   Compiling[0m dary_heap v0.3.9
2026-10-08T06:41:27.8806360Z [1m[92m   Compiling[0m unicode-xid v0.2.6
2026-10-08T06:41:27.9224927Z [1m[92m   Compiling[0m adler32 v1.2.0
2026-10-08T06:41:28.0079934Z [1m[92m   Compiling[0m pin-utils v0.1.0
2026-10-08T06:41:28.0620438Z [1m[92m   Compiling[0m schemars v1.0.4
2026-10-08T06:41:28.1053852Z [1m[92m   Compiling[0m util_macros v0.1.0 (/home/runner/work/koda/koda/crates/util_macros)
2026-10-08T06:41:28.1644482Z [1m[92m   Compiling[0m zstd v0.13.3
2026-10-08T06:41:28.5780520Z [1m[92m   Compiling[0m libflate_lz77 v2.3.0
2026-10-08T06:41:28.6291192Z [1m[92m   Compiling[0m proc-macro-error-attr3 v3.1.1
2026-10-08T06:41:28.7544403Z [1m[92m   Compiling[0m libflate v2.3.1
2026-10-08T06:41:28.9489888Z [1m[92m   Compiling[0m serde_json_lenient v0.2.4
2026-10-08T06:41:29.1040170Z [1m[92m   Compiling[0m proc-macro-error3 v3.1.1
2026-10-08T06:41:29.3952436Z [1m[92m   Compiling[0m include-flate-compress v0.3.4
2026-10-08T06:41:29.4570263Z [1m[92m   Compiling[0m async-fs v2.2.0
2026-10-08T06:41:29.4739679Z [1m[92m   Compiling[0m rand_core v0.6.4
2026-10-08T06:41:29.5069534Z [1m[92m   Compiling[0m bstr v1.12.1
2026-10-08T06:41:29.6789956Z [1m[92m   Compiling[0m include-flate-codegen v0.3.4
2026-10-08T06:41:29.8375869Z [1m[92m   Compiling[0m convert_case v0.10.0
2026-10-08T06:41:30.0117731Z [1m[92m   Compiling[0m globset v0.4.17
2026-10-08T06:41:30.1030019Z [1m[92m   Compiling[0m filetime v0.2.29
2026-10-08T06:41:30.1478828Z [1m[92m   Compiling[0m anstyle v1.0.13
2026-10-08T06:41:30.2773349Z [1m[92m   Compiling[0m derive_more-impl v2.1.1
2026-10-08T06:41:30.4099890Z [1m[92m   Compiling[0m rust-embed-utils v8.11.0
2026-10-08T06:41:30.6180105Z [1m[92m   Compiling[0m path v0.1.0 (/home/runner/work/koda/koda/crates/path)
2026-10-08T06:41:30.6819975Z [1m[92m   Compiling[0m strum_macros v0.28.0
2026-10-08T06:41:31.6950489Z [1m[92m   Compiling[0m rust-embed-impl v8.11.0
2026-10-08T06:41:32.3719831Z [1m[92m   Compiling[0m lazy_static v1.5.0
2026-10-08T06:41:32.4266332Z [1m[92m   Compiling[0m crossbeam-epoch v0.9.18
2026-10-08T06:41:32.7450148Z [1m[92m   Compiling[0m strum v0.28.0
2026-10-08T06:41:33.0160148Z [1m[92m   Compiling[0m nix v0.30.1
2026-10-08T06:41:33.3229721Z [1m[92m   Compiling[0m clap_lex v0.7.6
2026-10-08T06:41:33.5329671Z [1m[92m   Compiling[0m derive_more v2.1.1
2026-10-08T06:41:33.5330621Z [1m[92m   Compiling[0m crossbeam-deque v0.8.6
2026-10-08T06:41:33.6719741Z [1m[92m   Compiling[0m async-net v2.0.0
2026-10-08T06:41:33.7054681Z [1m[92m   Compiling[0m bytemuck_derive v1.10.2
2026-10-08T06:41:34.1420299Z [1m[92m   Compiling[0m shlex v1.3.0
2026-10-08T06:41:34.1682754Z [1m[92m   Compiling[0m smol v2.0.2
2026-10-08T06:41:34.4159702Z [1m[92m   Compiling[0m async_zip v0.0.18
2026-10-08T06:41:34.7410115Z [1m[92m   Compiling[0m zeroize_derive v1.4.2
2026-10-08T06:41:34.9743826Z [1m[92m   Compiling[0m bytemuck v1.24.0
2026-10-08T06:41:35.2250146Z [1m[92m   Compiling[0m include-flate v0.3.4
2026-10-08T06:41:35.3820054Z [1m[92m   Compiling[0m zeroize v1.8.2
2026-10-08T06:41:35.4430181Z [1m[92m   Compiling[0m rust-embed v8.11.0
2026-10-08T06:41:35.5129864Z [1m[92m   Compiling[0m toml_parser v1.0.4
2026-10-08T06:41:35.5580710Z [1m[92m   Compiling[0m mio v1.2.0
2026-10-08T06:41:36.0643224Z [1m[92m   Compiling[0m toml_datetime v0.7.3
2026-10-08T06:41:36.2510160Z [1m[92m   Compiling[0m syn v1.0.109
2026-10-08T06:41:36.8129942Z [1m[92m   Compiling[0m command-fds v0.3.2
2026-10-08T06:41:36.9147900Z [1m[92m   Compiling[0m util v0.1.0 (/home/runner/work/koda/koda/crates/util)
2026-10-08T06:41:36.9965078Z [1m[92m   Compiling[0m rustc_version v0.4.1
2026-10-08T06:41:37.0088034Z [1m[92m   Compiling[0m utf8parse v0.2.2
2026-10-08T06:41:37.0769845Z [1m[92m   Compiling[0m anstyle-parse v0.2.7
2026-10-08T06:41:37.2516898Z [1m[92m   Compiling[0m is_terminal_polyfill v1.70.1
2026-10-08T06:41:37.2715404Z [1m[92m   Compiling[0m anstyle-query v1.1.4
2026-10-08T06:41:37.3070149Z [1m[92m   Compiling[0m colorchoice v1.0.4
2026-10-08T06:41:37.3450676Z [1m[92m   Compiling[0m rayon v1.11.0
2026-10-08T06:41:37.3800111Z [1m[92m   Compiling[0m anstream v0.6.21
2026-10-08T06:41:37.6639784Z [1m[92m   Compiling[0m terminal_size v0.4.3
2026-10-08T06:41:37.7739943Z [1m[92m   Compiling[0m clap_builder v4.5.49
2026-10-08T06:41:38.7478473Z [1m[92m   Compiling[0m clap_derive v4.5.49
2026-10-08T06:41:39.4939668Z [1m[92m   Compiling[0m half v2.7.1
2026-10-08T06:41:39.9340187Z [1m[92m   Compiling[0m event-listener v2.5.3
2026-10-08T06:41:40.1090896Z [1m[92m   Compiling[0m async-channel v1.9.0
2026-10-08T06:41:40.2341369Z [1m[92m   Compiling[0m async-global-executor v2.4.1
2026-10-08T06:41:40.6060183Z [1m[92m   Compiling[0m clap v4.5.49
2026-10-08T06:41:40.6609654Z [1m[92m   Compiling[0m kv-log-macro v1.0.7
2026-10-08T06:41:40.6803168Z [1m[92m   Compiling[0m smol_str v0.3.6
2026-10-08T06:41:40.7711860Z [1m[92m   Compiling[0m fixedbitset v0.5.7
2026-10-08T06:41:40.9079788Z [1m[92m   Compiling[0m xattr v1.6.1
2026-10-08T06:41:40.9970102Z [1m[92m   Compiling[0m crossbeam-queue v0.3.12
2026-10-08T06:41:41.0589845Z [1m[92m   Compiling[0m bitflags v1.3.2
2026-10-08T06:41:41.1124510Z [1m[92m   Compiling[0m thread_local v1.1.9
2026-10-08T06:41:41.1271222Z [1m[92m   Compiling[0m tinyvec_macros v0.1.1
2026-10-08T06:41:41.1743131Z [1m[92m   Compiling[0m tinyvec v1.10.0
2026-10-08T06:41:41.1909719Z [1m[92m   Compiling[0m memmap2 v0.9.8
2026-10-08T06:41:41.3139952Z [1m[92m   Compiling[0m nu-ansi-term v0.50.3
2026-10-08T06:41:41.3990006Z [1m[92m   Compiling[0m unicode-properties v0.1.3
2026-10-08T06:41:41.5400379Z [1m[92m   Compiling[0m tracing-log v0.2.0
2026-10-08T06:41:41.5812167Z [1m[92m   Compiling[0m serde_spanned v1.0.3
2026-10-08T06:41:41.6010061Z [1m[92m   Compiling[0m toml_writer v1.0.4
2026-10-08T06:41:41.6860450Z [1m[92m   Compiling[0m unicode-bidi v0.3.18
2026-10-08T06:41:41.7249991Z [1m[92m   Compiling[0m rustc-demangle v0.1.26
2026-10-08T06:41:41.7840201Z [1m[92m   Compiling[0m static_assertions v1.1.0
2026-10-08T06:41:41.8359861Z [1m[92m   Compiling[0m core_maths v0.1.1
2026-10-08T06:41:41.9030467Z [1m[92m   Compiling[0m gpui_shared_string v0.1.0 (/home/runner/work/koda/koda/crates/gpui_shared_string)
2026-10-08T06:41:42.0150099Z [1m[92m   Compiling[0m rand_chacha v0.3.1
2026-10-08T06:41:42.1589938Z [1m[92m   Compiling[0m euclid v0.22.14
2026-10-08T06:41:42.1922183Z [1m[92m   Compiling[0m ztracing v0.1.0 (/home/runner/work/koda/koda/crates/ztracing)
2026-10-08T06:41:42.3399253Z [1m[92m   Compiling[0m rand v0.8.6
2026-10-08T06:41:42.4170400Z [1m[92m   Compiling[0m fdeflate v0.3.7
2026-10-08T06:41:42.8610931Z [1m[92m   Compiling[0m ztracing_macro v0.1.0 (/home/runner/work/koda/koda/crates/ztracing_macro)
2026-10-08T06:41:42.8839883Z [1m[92m   Compiling[0m heapless v0.9.2
2026-10-08T06:41:43.0228089Z [1m[92m   Compiling[0m object v0.37.3
2026-10-08T06:41:43.0687500Z [1m[92m   Compiling[0m ciborium-io v0.2.2
2026-10-08T06:41:43.1234316Z [1m[92m   Compiling[0m ciborium-ll v0.2.2
2026-10-08T06:41:43.1480010Z [1m[92m   Compiling[0m polycool v0.4.0
2026-10-08T06:41:43.2459855Z [1m[92m   Compiling[0m hash32 v0.3.1
2026-10-08T06:41:43.3234601Z [1m[92m   Compiling[0m slotmap v1.0.7
2026-10-08T06:41:43.3713002Z [1m[92m   Compiling[0m kurbo v0.13.1
2026-10-08T06:41:43.4732970Z [1m[92m   Compiling[0m ciborium v0.2.2
2026-10-08T06:41:44.0734008Z [1m[92m   Compiling[0m ttf-parser v0.25.1
2026-10-08T06:41:44.7569798Z [1m[92m   Compiling[0m toml v0.9.8
2026-10-08T06:41:46.1274693Z [1m[92m   Compiling[0m convert_case v0.11.0
2026-10-08T06:41:46.4212715Z [1m[92m   Compiling[0m alloca v0.4.0
2026-10-08T06:41:46.5471120Z [1m[92m   Compiling[0m weezl v0.1.10
2026-10-08T06:41:46.5680218Z [1m[92m   Compiling[0m plotters-backend v0.3.7
2026-10-08T06:41:46.8104047Z [1m[92m   Compiling[0m bit-vec v0.8.0
2026-10-08T06:41:46.9140225Z [1m[92m   Compiling[0m quick-error v2.0.1
2026-10-08T06:41:46.9604397Z [1m[92m   Compiling[0m zune-core v0.5.1
2026-10-08T06:41:46.9789673Z [1m[92m   Compiling[0m plotters-svg v0.3.7
2026-10-08T06:41:47.0300334Z [1m[92m   Compiling[0m bit-set v0.8.0
2026-10-08T06:41:47.1614346Z [1m[92m   Compiling[0m zune-jpeg v0.5.15
2026-10-08T06:41:47.2013787Z [1m[92m   Compiling[0m svgtypes v0.16.1
2026-10-08T06:41:47.8619880Z [1m[92m   Compiling[0m perf-event-open-sys2 v5.0.6
2026-10-08T06:41:47.8989767Z [1m[92m   Compiling[0m itertools v0.13.0
2026-10-08T06:41:48.0830007Z [1m[92m   Compiling[0m page_size v0.6.0
2026-10-08T06:41:48.1089945Z [1m[92m   Compiling[0m wait-timeout v0.2.1
2026-10-08T06:41:48.1489838Z [1m[92m   Compiling[0m color_quant v1.1.0
2026-10-08T06:41:48.3136616Z [1m[92m   Compiling[0m c-enum v0.2.3
2026-10-08T06:41:48.3277661Z [1m[92m   Compiling[0m quick-error v1.2.3
2026-10-08T06:41:48.3739663Z [1m[92m   Compiling[0m gimli v0.32.3
2026-10-08T06:41:48.3916210Z [1m[92m   Compiling[0m roxmltree v0.20.0
2026-10-08T06:41:49.1389975Z [1m[92m   Compiling[0m cast v0.3.0
2026-10-08T06:41:49.2824813Z [1m[92m   Compiling[0m byteorder-lite v0.1.0
2026-10-08T06:41:49.3859902Z [1m[92m   Compiling[0m float-cmp v0.9.0
2026-10-08T06:41:49.4879984Z [1m[92m   Compiling[0m unicode-script v0.5.8
2026-10-08T06:41:49.5359924Z [1m[92m   Compiling[0m image-webp v0.2.4
2026-10-08T06:41:49.8199833Z [1m[92m   Compiling[0m strict-num v0.1.1
2026-10-08T06:41:49.9344001Z [1m[92m   Compiling[0m criterion-plot v0.8.2
2026-10-08T06:41:50.3599940Z [1m[92m   Compiling[0m fontconfig-parser v0.5.8
2026-10-08T06:41:50.7369947Z [1m[92m   Compiling[0m addr2line v0.25.1
2026-10-08T06:41:50.9059753Z [1m[92m   Compiling[0m gif v0.14.2
2026-10-08T06:41:51.0784374Z [1m[92m   Compiling[0m plotters v0.3.7
2026-10-08T06:41:51.0919912Z [1m[92m   Compiling[0m fax_derive v0.2.0
2026-10-08T06:41:51.5329997Z [1m[92m   Compiling[0m zune-inflate v0.2.54
2026-10-08T06:41:51.6489899Z [1m[92m   Compiling[0m roxmltree v0.21.1
2026-10-08T06:41:51.8000018Z [1m[92m   Compiling[0m raw-window-handle v0.6.2
2026-10-08T06:41:52.0196813Z [1m[92m   Compiling[0m data-url v0.3.2
2026-10-08T06:41:52.1666164Z [1m[92m   Compiling[0m anes v0.1.6
2026-10-08T06:41:52.3060176Z [1m[92m   Compiling[0m oorandom v11.1.5
2026-10-08T06:41:52.3447878Z [1m[92m   Compiling[0m arrayref v0.3.9
2026-10-08T06:41:52.3726366Z [1m[92m   Compiling[0m lebe v0.5.3
2026-10-08T06:41:52.3951058Z [1m[92m   Compiling[0m bit_field v0.10.3
2026-10-08T06:41:52.4070074Z [1m[92m   Compiling[0m unicode-bidi-mirroring v0.4.0
2026-10-08T06:41:52.4843438Z [1m[92m   Compiling[0m unicode-ccc v0.4.0
2026-10-08T06:41:52.5019821Z [1m[92m   Compiling[0m tiny-skia-path v0.11.4
2026-10-08T06:41:52.5379766Z [1m[92m   Compiling[0m fax v0.2.6
2026-10-08T06:41:52.5599783Z [1m[92m   Compiling[0m fontdb v0.23.0
2026-10-08T06:41:52.8186449Z [1m[92m   Compiling[0m proptest-macro v0.5.0 (https://github.com/proptest-rs/proptest?rev=3dca198a8fef1b32e3a66f1e1897c955b4dc5b5b#3dca198a)
2026-10-08T06:41:53.0625296Z [1m[92m   Compiling[0m lyon_geom v1.0.17
2026-10-08T06:41:53.1549447Z [1m[92m   Compiling[0m profiling-procmacros v1.0.17
2026-10-08T06:41:53.4469807Z [1m[92m   Compiling[0m rand_xorshift v0.4.0
2026-10-08T06:41:53.4867283Z [1m[92m   Compiling[0m pxfm v0.1.25
2026-10-08T06:41:53.5109749Z [1m[92m   Compiling[0m unarray v0.1.4
2026-10-08T06:41:53.5670568Z [1m[92m   Compiling[0m profiling v1.0.17
2026-10-08T06:41:53.5817162Z [1m[92m   Compiling[0m lyon_path v1.0.16
2026-10-08T06:41:53.6163356Z [1m[92m   Compiling[0m tiff v0.11.3
2026-10-08T06:41:54.0777114Z [1m[92m   Compiling[0m qoi v0.4.1
2026-10-08T06:41:54.2769886Z [1m[92m   Compiling[0m simplecss v0.2.2
2026-10-08T06:41:54.6709955Z [1m[92m   Compiling[0m enumn v0.1.14
2026-10-08T06:41:55.0452707Z [1m[92m   Compiling[0m pollster v0.4.0
2026-10-08T06:41:55.1569832Z [1m[92m   Compiling[0m waker-fn v1.2.0
2026-10-08T06:41:55.2071720Z [1m[92m   Compiling[0m pico-args v0.5.0
2026-10-08T06:41:55.2249791Z [1m[92m   Compiling[0m imagesize v0.14.0
2026-10-08T06:41:55.4014731Z [1m[92m   Compiling[0m unicode-vo v0.1.0
2026-10-08T06:41:55.4743454Z [1m[92m   Compiling[0m xmlwriter v0.1.0
2026-10-08T06:41:55.6185139Z [1m[92m   Compiling[0m moxcms v0.8.1
2026-10-08T06:41:55.6425891Z [1m[92m   Compiling[0m accesskit v0.24.1
2026-10-08T06:41:56.1163150Z [1m[92m   Compiling[0m png v0.17.16
2026-10-08T06:41:56.1859537Z [1m[92m   Compiling[0m atomic v0.5.3
2026-10-08T06:41:56.3233887Z [1m[92m   Compiling[0m pollster v0.2.5
2026-10-08T06:41:56.4289701Z [1m[92m   Compiling[0m foldhash v0.1.5
2026-10-08T06:41:56.5677673Z [1m[92m   Compiling[0m hashbrown v0.15.5
2026-10-08T06:41:57.1353474Z [1m[92m   Compiling[0m tiny-skia v0.11.4
2026-10-08T06:41:57.1539861Z [1m[92m   Compiling[0m rgb v0.8.52
2026-10-08T06:41:57.4699925Z [1m[92m   Compiling[0m sharded-slab v0.1.7
2026-10-08T06:41:57.9749949Z [1m[92m   Compiling[0m tracing-serde v0.2.0
2026-10-08T06:41:58.0910198Z [1m[92m   Compiling[0m matchers v0.2.0
2026-10-08T06:41:58.1779788Z [1m[92m   Compiling[0m float_next_after v1.0.0
2026-10-08T06:41:58.2449794Z [1m[92m   Compiling[0m link-section v0.19.2
2026-10-08T06:41:58.4909848Z [1m[92m   Compiling[0m web-time v1.1.0
2026-10-08T06:41:58.5417478Z [1m[92m   Compiling[0m linktime-proc-macro v0.2.2
2026-10-08T06:41:59.0239870Z [1m[92m   Compiling[0m lyon_tessellation v1.0.16
2026-10-08T06:41:59.2871049Z [1m[92m   Compiling[0m ctor v1.0.12
2026-10-08T06:41:59.3980026Z [1m[92m   Compiling[0m tracing-subscriber v0.3.22
2026-10-08T06:41:59.8560026Z [1m[92m   Compiling[0m lyon_extra v1.0.3
2026-10-08T06:42:00.0659874Z [1m[92m   Compiling[0m lyon_algorithms v1.0.16
2026-10-08T06:42:00.4649720Z [1m[92m   Compiling[0m futures-concurrency v7.7.1
2026-10-08T06:42:01.5560664Z [1m[92m   Compiling[0m derive_refineable v0.1.0 (/home/runner/work/koda/koda/crates/refineable/derive_refineable)
2026-10-08T06:42:03.3299634Z [1m[92m   Compiling[0m svg_fmt v0.4.5
2026-10-08T06:42:03.5278979Z [1m[92m   Compiling[0m seahash v4.1.0
2026-10-08T06:42:03.6609821Z [1m[92m   Compiling[0m etagere v0.2.15
2026-10-08T06:42:03.9139933Z [1m[92m   Compiling[0m lyon v1.0.16
2026-10-08T06:42:03.9715040Z [1m[92m   Compiling[0m taffy v0.13.0
2026-10-08T06:42:05.0357676Z [1m[92m   Compiling[0m async-attributes v1.1.2
2026-10-08T06:42:05.1159966Z [1m[92m   Compiling[0m zlog v0.1.0 (/home/runner/work/koda/koda/crates/zlog)
2026-10-08T06:42:05.3720832Z [1m[92m   Compiling[0m async-std v1.13.2
2026-10-08T06:42:05.6229955Z [1m[92m   Compiling[0m hdrhistogram v7.5.4
2026-10-08T06:42:05.8190332Z [1m[92m   Compiling[0m gpui_macros v0.1.0 (/home/runner/work/koda/koda/crates/gpui_macros)
2026-10-08T06:42:06.9830590Z [1m[92m   Compiling[0m async-tar v0.6.1 (https://github.com/zed-industries/async-tar?rev=bd3ad6f89df9a9da7a8535958756d6bf465936a0#bd3ad6f8)
2026-10-08T06:42:07.2739824Z [1m[92m   Compiling[0m num_cpus v1.17.0
2026-10-08T06:42:07.5419717Z [1m[92m   Compiling[0m inventory v0.3.21
2026-10-08T06:42:07.6130515Z [1m[92m   Compiling[0m http_client v0.1.0 (/home/runner/work/koda/koda/crates/http_client)
2026-10-08T06:42:07.7079607Z [1m[92m   Compiling[0m socket2 v0.6.5
2026-10-08T06:42:09.1019932Z [1m[92m   Compiling[0m ar_archive_writer v0.5.1
2026-10-08T06:42:09.9449900Z [1m[92m   Compiling[0m psm v0.1.30
2026-10-08T06:42:10.2804939Z [1m[92m   Compiling[0m sum_tree v0.1.0 (/home/runner/work/koda/koda/crates/sum_tree)
2026-10-08T06:42:10.6749303Z [1m[92m   Compiling[0m rusty-fork v0.3.1
2026-10-08T06:42:10.9600472Z [1m[92m   Compiling[0m refineable v0.1.0 (/home/runner/work/koda/koda/crates/refineable)
2026-10-08T06:42:10.9759688Z [1m[92m   Compiling[0m tinytemplate v1.2.1
2026-10-08T06:42:11.0319853Z [1m[92m   Compiling[0m x11 v2.21.0
2026-10-08T06:42:11.1690147Z [1m[92m   Compiling[0m quick-xml v0.30.0
2026-10-08T06:42:11.4000206Z [1m[92m   Compiling[0m criterion v0.8.2
2026-10-08T06:42:11.8557178Z [1m[92m   Compiling[0m xcb v1.6.0
2026-10-08T06:42:13.1879867Z [1m[92m   Compiling[0m backtrace v0.3.76
2026-10-08T06:42:14.3823216Z [1m[92m   Compiling[0m proptest v1.10.0 (https://github.com/proptest-rs/proptest?rev=3dca198a8fef1b32e3a66f1e1897c955b4dc5b5b#3dca198a)
2026-10-08T06:42:14.8136161Z [1m[92m   Compiling[0m perf-event-data v0.1.8
2026-10-08T06:42:16.0206583Z [1m[92m   Compiling[0m spin v0.10.0
2026-10-08T06:42:16.1929794Z [1m[92m   Compiling[0m stacker v0.1.25
2026-10-08T06:42:16.3427405Z [1m[92m   Compiling[0m perf-event2 v0.7.4
2026-10-08T06:42:17.3439790Z [1m[92m   Compiling[0m rustybuzz v0.20.1
2026-10-08T06:42:17.5809810Z [1m[92m   Compiling[0m embed-resource v3.0.6
2026-10-08T06:42:17.8379676Z [1m[92m   Compiling[0m flume v0.12.0
2026-10-08T06:42:17.9222490Z [1m[92m   Compiling[0m gpui v0.2.2 (/home/runner/work/koda/koda/crates/gpui)
2026-10-08T06:42:18.3359949Z [1m[92m   Compiling[0m postage v0.5.0
2026-10-08T06:42:18.7321051Z [1m[92m   Compiling[0m exr v1.74.0
2026-10-08T06:42:20.1749810Z [1m[92m   Compiling[0m usvg v0.46.0
2026-10-08T06:42:21.8219874Z [1m[92m   Compiling[0m png v0.18.0
2026-10-08T06:42:22.6159831Z [1m[92m   Compiling[0m sysinfo v0.31.4
2026-10-08T06:42:22.9209946Z [1m[92m   Compiling[0m stacksafe-macro v1.0.3
2026-10-08T06:42:22.9989781Z [1m[92m   Compiling[0m image v0.25.10
2026-10-08T06:42:23.2549870Z [1m[92m   Compiling[0m stacksafe v1.0.3
2026-10-08T06:42:23.3510615Z [1m[92m   Compiling[0m zed-scap v0.0.8-zed (https://github.com/zed-industries/scap?rev=4afea48c3b002197176fb19cd0f9b180dd36eaac#4afea48c)
2026-10-08T06:42:23.8579908Z [1m[92m   Compiling[0m resvg v0.46.0
2026-10-08T06:42:24.0900168Z [1m[92m   Compiling[0m scheduler v0.1.0 (/home/runner/work/koda/koda/crates/scheduler)
2026-10-08T06:42:24.8460300Z [1m[92m   Compiling[0m bench_metrics v0.1.0 (/home/runner/work/koda/koda/crates/bench_metrics)
2026-10-08T06:42:25.5935946Z [1m[92m   Compiling[0m encoding_rs v0.8.35
2026-10-08T06:42:27.0439898Z [1m[92m   Compiling[0m cmake v0.1.56
2026-10-08T06:42:27.3944788Z [1m[92m   Compiling[0m fs_extra v1.3.0
2026-10-08T06:42:27.6549021Z [1m[92m   Compiling[0m aws-lc-sys v0.42.0
2026-10-08T06:42:30.3870322Z [1m[92m   Compiling[0m tokio-macros v2.7.0
2026-10-08T06:42:30.9959860Z [1m[92m   Compiling[0m tokio v1.52.1
2026-10-08T06:42:32.7409831Z [1m[92m   Compiling[0m httparse v1.10.1
2026-10-08T06:42:33.0073150Z [1m[92m   Compiling[0m async-trait v0.1.89
2026-10-08T06:42:33.8965059Z [1m[92m   Compiling[0m ring v0.17.14
2026-10-08T06:42:36.8112280Z [1m[92m   Compiling[0m rustls-pki-types v1.12.0
2026-10-08T06:42:37.1510545Z [1m[92m   Compiling[0m untrusted v0.9.0
2026-10-08T06:42:37.2214280Z [1m[92m   Compiling[0m rustls v0.23.40
2026-10-08T06:42:37.3062505Z [1m[92m   Compiling[0m num-integer v0.1.46
2026-10-08T06:42:37.5605951Z [1m[92m   Compiling[0m time-core v0.1.8
2026-10-08T06:42:37.6584246Z [1m[92m   Compiling[0m num-conv v0.2.0
2026-10-08T06:42:37.7329941Z [1m[92m   Compiling[0m powerfmt v0.2.0
2026-10-08T06:42:37.9159713Z [1m[92m   Compiling[0m deranged v0.5.4
2026-10-08T06:42:38.9155011Z [1m[92m   Compiling[0m time-macros v0.2.27
2026-10-08T06:42:40.1555327Z [1m[92m   Compiling[0m num_threads v0.1.7
2026-10-08T06:42:40.1768983Z [1m[92m   Compiling[0m tower-service v0.3.3
2026-10-08T06:42:40.2330080Z [1m[92m   Compiling[0m time v0.3.47
2026-10-08T06:42:40.4483989Z [1m[92m   Compiling[0m aws-lc-rs v1.17.1
2026-10-08T06:42:40.6370195Z [1m[92m   Compiling[0m ipnet v2.11.0
2026-10-08T06:42:41.0559830Z [1m[92m   Compiling[0m untrusted v0.7.1
2026-10-08T06:42:41.1284064Z [1m[92m   Compiling[0m try-lock v0.2.5
2026-10-08T06:42:41.1865978Z [1m[92m   Compiling[0m want v0.3.1
2026-10-08T06:42:42.1749530Z [1m[92m   Compiling[0m http-body-util v0.1.3
2026-10-08T06:42:43.0080275Z [1m[92m   Compiling[0m openssl-probe v0.2.1
2026-10-08T06:42:43.1440614Z [1m[92m   Compiling[0m tree-sitter-language v0.1.8 (https://github.com/tree-sitter/tree-sitter?rev=43623ec9bf0eaaf7113285c46e8a09018f181b18#43623ec9)
2026-10-08T06:42:43.2465152Z [1m[92m   Compiling[0m hex v0.4.3
2026-10-08T06:42:43.6749461Z [1m[92m   Compiling[0m rustls-native-certs v0.8.3
2026-10-08T06:42:44.0657019Z [1m[92m   Compiling[0m tokio-util v0.7.18
2026-10-08T06:42:44.6779655Z [1m[92m   Compiling[0m termcolor v1.4.1
2026-10-08T06:42:44.9677932Z [1m[92m   Compiling[0m imara-diff v0.2.0
2026-10-08T06:42:45.3589427Z [1m[92m   Compiling[0m zeta_prompt v0.1.0 (/home/runner/work/koda/koda/crates/zeta_prompt)
2026-10-08T06:42:47.0049788Z [1m[92m   Compiling[0m tower-layer v0.3.3
2026-10-08T06:42:47.1389932Z [1m[92m   Compiling[0m sync_wrapper v1.0.2
2026-10-08T06:42:47.1883091Z [1m[92m   Compiling[0m cloud_llm_client v0.1.0 (/home/runner/work/koda/koda/crates/cloud_llm_client)
2026-10-08T06:42:47.2014362Z [1m[92m   Compiling[0m num-iter v0.1.45
2026-10-08T06:42:47.2583869Z [1m[92m   Compiling[0m h2 v0.4.19
2026-10-08T06:42:47.9915637Z [1m[92m   Compiling[0m phf_shared v0.13.1
2026-10-08T06:42:48.2725521Z [1m[92m   Compiling[0m phf_generator v0.13.1
2026-10-08T06:42:48.4450332Z [1m[92m   Compiling[0m prettyplease v0.2.37
2026-10-08T06:42:48.5856054Z [1m[92m   Compiling[0m prost-derive v0.14.4
2026-10-08T06:42:49.4910209Z [1m[92m   Compiling[0m wasmtime-internal-core v48.0.1
2026-10-08T06:42:50.1029729Z [1m[92m   Compiling[0m prost v0.14.4
2026-10-08T06:42:50.4480315Z [1m[92m   Compiling[0m target-lexicon v0.13.5
2026-10-08T06:42:50.4849966Z [1m[92m   Compiling[0m prost-types v0.14.4
2026-10-08T06:42:50.7779804Z [1m[92m   Compiling[0m hyper v1.11.1
2026-10-08T06:42:51.5786693Z [1m[92m   Compiling[0m cranelift-srcgen v0.135.1
2026-10-08T06:42:51.8456690Z [1m[92m   Compiling[0m hyper-util v0.1.17
2026-10-08T06:42:52.1583088Z [1m[92m   Compiling[0m cranelift-assembler-x64-meta v0.135.1
2026-10-08T06:42:52.5001107Z [1m[92m   Compiling[0m partial-json-fixer v0.5.3
2026-10-08T06:42:53.2060545Z [1m[92m   Compiling[0m cranelift-bitset v0.135.1
2026-10-08T06:42:53.3869901Z [1m[92m   Compiling[0m pulley-macros v48.0.1
2026-10-08T06:42:53.4050158Z [1m[92m   Compiling[0m leb128fmt v0.1.0
2026-10-08T06:42:53.6631352Z [1m[92m   Compiling[0m language_model_core v0.1.0 (/home/runner/work/koda/koda/crates/language_model_core)
2026-10-08T06:42:53.6774217Z [1m[92m   Compiling[0m cranelift-isle v0.135.1
2026-10-08T06:42:53.8512151Z [1m[92m   Compiling[0m pulley-interpreter v48.0.1
2026-10-08T06:42:54.4320687Z [1m[92m   Compiling[0m cranelift-entity v0.135.1
2026-10-08T06:42:54.7698122Z [1m[92m   Compiling[0m phf_macros v0.13.1
2026-10-08T06:42:55.0062846Z [1m[92m   Compiling[0m petgraph v0.8.3
2026-10-08T06:42:55.4750313Z [1m[92m   Compiling[0m cobs v0.3.0
2026-10-08T06:42:55.6338752Z [1m[92m   Compiling[0m cranelift-codegen-shared v0.135.1
2026-10-08T06:42:55.6930879Z [1m[92m   Compiling[0m multimap v0.8.3
2026-10-08T06:42:55.7682259Z [1m[92m   Compiling[0m postcard v1.1.3
2026-10-08T06:42:56.0480379Z [1m[92m   Compiling[0m phf v0.13.1
2026-10-08T06:42:56.1634138Z [1m[92m   Compiling[0m cranelift-bforest v0.135.1
2026-10-08T06:42:56.3938501Z [1m[92m   Compiling[0m prost-build v0.14.4
2026-10-08T06:42:56.4374331Z [1m[92m   Compiling[0m cranelift-assembler-x64 v0.135.1
2026-10-08T06:42:57.5210315Z [1m[92m   Compiling[0m gimli v0.33.0
2026-10-08T06:42:59.0860002Z [1m[92m   Compiling[0m wasmparser v0.254.0
2026-10-08T06:43:01.1140036Z [1m[92m   Compiling[0m cranelift-codegen-meta v0.135.1
2026-10-08T06:43:01.2474176Z [1m[92m   Compiling[0m logos-codegen v0.15.1
2026-10-08T06:43:01.3401517Z [1m[92m   Compiling[0m wasmtime-internal-versioned-export-macros v48.0.1
2026-10-08T06:43:01.6000489Z [1m[92m   Compiling[0m bumpalo v3.20.3
2026-10-08T06:43:01.8130211Z [1m[92m   Compiling[0m unicode-width v0.2.2
2026-10-08T06:43:02.0326081Z [1m[92m   Compiling[0m mime v0.3.17
2026-10-08T06:43:02.2609952Z [1m[92m   Compiling[0m cpp_demangle v0.5.1
2026-10-08T06:43:02.5590667Z [1m[92m   Compiling[0m arbitrary v1.4.2
2026-10-08T06:43:03.3267477Z [1m[92m   Compiling[0m object v0.39.1
2026-10-08T06:43:03.4798793Z [1m[92m   Compiling[0m cranelift-control v0.135.1
2026-10-08T06:43:03.5619941Z [1m[92m   Compiling[0m regalloc2 v0.15.2
2026-10-08T06:43:04.1179901Z [1m[92m   Compiling[0m cranelift-codegen v0.135.1
2026-10-08T06:43:14.1869866Z [1m[92m   Compiling[0m wasmtime-internal-component-util v48.0.1
2026-10-08T06:43:14.2549952Z [1m[92m   Compiling[0m beef v0.5.2
2026-10-08T06:43:16.0730308Z [1m[92m   Compiling[0m wasm-encoder v0.254.0
2026-10-08T06:43:19.6700575Z [1m[92m   Compiling[0m wasmprinter v0.254.0
2026-10-08T06:43:23.6510163Z [1m[92m   Compiling[0m miette-derive v7.6.0
2026-10-08T06:43:24.8001630Z [1m[92m   Compiling[0m logos-codegen v0.16.1
2026-10-08T06:43:26.3969936Z [1m[92m   Compiling[0m id-arena v2.3.0
2026-10-08T06:43:26.4389323Z [1m[92m   Compiling[0m unicode-width v0.1.14
2026-10-08T06:43:26.4866937Z [1m[92m   Compiling[0m wit-parser v0.254.0
2026-10-08T06:43:26.6430046Z [1m[92m   Compiling[0m miette v7.6.0
2026-10-08T06:43:27.2159707Z [1m[92m   Compiling[0m logos-derive v0.16.1
2026-10-08T06:43:27.3870987Z [1m[92m   Compiling[0m wasmtime-environ v48.0.1
2026-10-08T06:43:31.5319844Z [1m[92m   Compiling[0m wasm-metadata v0.254.0
2026-10-08T06:43:31.8223340Z [1m[92m   Compiling[0m logos-derive v0.15.1
2026-10-08T06:43:32.0470197Z [1m[92m   Compiling[0m wasmtime-internal-unwinder v48.0.1
2026-10-08T06:43:32.2108938Z [1m[92m   Compiling[0m logos v0.15.1
2026-10-08T06:43:32.3249472Z [1m[92m   Compiling[0m wit-component v0.254.0
2026-10-08T06:43:36.5579785Z [1m[92m   Compiling[0m logos v0.16.1
2026-10-08T06:43:36.6599981Z [1m[92m   Compiling[0m wasmtime-internal-fiber v48.0.1
2026-10-08T06:43:36.8231966Z [1m[92m   Compiling[0m wasmtime-internal-cranelift v48.0.1
2026-10-08T06:43:36.9930114Z [1m[92m   Compiling[0m wasmtime-internal-component-macro v48.0.1
2026-10-08T06:43:37.1970394Z [1m[92m   Compiling[0m prost-reflect v0.16.5
2026-10-08T06:43:41.5116011Z [1m[92m   Compiling[0m cranelift-frontend v0.135.1
2026-10-08T06:43:42.5389784Z [1m[92m   Compiling[0m cranelift-native v0.135.1
2026-10-08T06:43:42.9490208Z [1m[92m   Compiling[0m wasmtime-internal-wit-bindgen v48.0.1
2026-10-08T06:43:44.4268117Z [1m[92m   Compiling[0m protox-parse v0.9.0
2026-10-08T06:43:45.8565512Z [1m[92m   Compiling[0m wasmtime v48.0.1
2026-10-08T06:43:46.3879814Z [1m[92m   Compiling[0m block-padding v0.3.3
2026-10-08T06:43:46.4689077Z [1m[92m   Compiling[0m inout v0.1.4
2026-10-08T06:43:46.8761624Z [1m[92m   Compiling[0m protox v0.9.1
2026-10-08T06:44:08.6289956Z [1m[92m   Compiling[0m rustls-webpki v0.103.13
2026-10-08T06:44:08.8630163Z [1m[92m   Compiling[0m wasmtime-internal-jit-icache-coherence v48.0.1
2026-10-08T06:44:08.9249591Z [1m[92m   Compiling[0m const_format_proc_macros v0.2.34
2026-10-08T06:44:09.6783047Z [1m[92m   Compiling[0m memfd v0.6.5
2026-10-08T06:44:09.8669762Z [1m[92m   Compiling[0m wasmtime-c-api-impl v48.0.1
2026-10-08T06:44:15.4229839Z [1m[92m   Compiling[0m tokio-rustls v0.26.4
2026-10-08T06:44:15.6389853Z [1m[92m   Compiling[0m const_format v0.2.35
2026-10-08T06:44:15.9239849Z [1m[92m   Compiling[0m cipher v0.4.4
2026-10-08T06:44:16.1089640Z [1m[92m   Compiling[0m ignore v0.4.24
2026-10-08T06:44:17.3510013Z [1m[92m   Compiling[0m paths v0.1.0 (/home/runner/work/koda/koda/crates/paths)
2026-10-08T06:44:17.5630936Z [1m[92m   Compiling[0m tree-sitter v0.27.0 (https://github.com/tree-sitter/tree-sitter?rev=43623ec9bf0eaaf7113285c46e8a09018f181b18#43623ec9)
2026-10-08T06:44:26.4029577Z [1m[92m   Compiling[0m aes v0.8.4
2026-10-08T06:44:26.9209953Z [1m[92m   Compiling[0m serde_path_to_error v0.1.20
2026-10-08T06:44:27.2949841Z [1m[92m   Compiling[0m wasmtime-internal-c-api-macros v48.0.1
2026-10-08T06:44:30.9169620Z [1m[92m   Compiling[0m streaming-iterator v0.1.9
2026-10-08T06:44:31.1550620Z [1m[92m   Compiling[0m proto v0.1.0 (/home/runner/work/koda/koda/crates/proto)
2026-10-08T06:44:31.5502949Z [1m[92m   Compiling[0m release_channel v0.1.0 (/home/runner/work/koda/koda/crates/release_channel)
2026-10-08T06:44:32.0580028Z [1m[92m   Compiling[0m rope v0.1.0 (/home/runner/work/koda/koda/crates/rope)
2026-10-08T06:44:33.2733612Z [1m[92m   Compiling[0m urlencoding v2.1.3
2026-10-08T06:44:33.4210239Z [1m[92m   Compiling[0m telemetry_events v0.1.0 (/home/runner/work/koda/koda/crates/telemetry_events)
2026-10-08T06:44:33.9770837Z [1m[92m   Compiling[0m net v0.1.0 (/home/runner/work/koda/koda/crates/net)
2026-10-08T06:44:34.0349945Z [1m[92m   Compiling[0m clock v0.1.0 (/home/runner/work/koda/koda/crates/clock)
2026-10-08T06:44:34.2653593Z [1m[92m   Compiling[0m tree-sitter-json v0.24.8
2026-10-08T06:44:34.7009693Z [1m[92m   Compiling[0m inotify-sys v0.1.5
2026-10-08T06:44:34.8350174Z [1m[92m   Compiling[0m text v0.1.0 (/home/runner/work/koda/koda/crates/text)
2026-10-08T06:44:37.4750108Z [1m[92m   Compiling[0m askpass v0.1.0 (/home/runner/work/koda/koda/crates/askpass)
2026-10-08T06:44:38.0069644Z [1m[92m   Compiling[0m webpki-roots v1.0.8
2026-10-08T06:44:38.0899747Z [1m[92m   Compiling[0m rustls-platform-verifier v0.7.0
2026-10-08T06:44:38.2819850Z [1m[92m   Compiling[0m rustls-pemfile v2.2.0
2026-10-08T06:44:38.4457412Z [1m[92m   Compiling[0m http_client_tls v0.1.0 (/home/runner/work/koda/koda/crates/http_client_tls)
2026-10-08T06:44:38.5929745Z [1m[92m   Compiling[0m zstd-safe v5.0.2+zstd.1.5.2
2026-10-08T06:44:38.8000086Z [1m[92m   Compiling[0m settings_json v0.1.0 (/home/runner/work/koda/koda/crates/settings_json)
2026-10-08T06:44:39.2810207Z [1m[92m   Compiling[0m telemetry v0.1.0 (/home/runner/work/koda/koda/crates/telemetry)
2026-10-08T06:44:39.4190102Z [1m[92m   Compiling[0m settings_macros v0.1.0 (/home/runner/work/koda/koda/crates/settings_macros)
2026-10-08T06:44:43.9819720Z [1m[92m   Compiling[0m inotify v0.11.0
2026-10-08T06:44:44.4276932Z [1m[92m   Compiling[0m notify-types v2.1.0 (https://github.com/zed-industries/notify?rev=d842f16b2716bd60f09caf3ae3a894237ab38f54#d842f16b)
2026-10-08T06:44:44.7165344Z [1m[92m   Compiling[0m xxhash-rust v0.8.15
2026-10-08T06:44:44.9730671Z [1m[92m   Compiling[0m notify v9.0.0-rc.4 (https://github.com/zed-industries/notify?rev=d842f16b2716bd60f09caf3ae3a894237ab38f54#d842f16b)
2026-10-08T06:44:46.1839756Z [1m[92m   Compiling[0m zstd v0.11.2+zstd.1.5.2
2026-10-08T06:44:46.4370466Z [1m[92m   Compiling[0m settings_content v0.1.0 (/home/runner/work/koda/koda/crates/settings_content)
2026-10-08T06:45:01.5099976Z [1m[92m   Compiling[0m git v0.1.0 (/home/runner/work/koda/koda/crates/git)
2026-10-08T06:45:06.8570833Z [1m[92m   Compiling[0m trash v5.2.5 (https://github.com/zed-industries/trash-rs?rev=41c6c800d884a89351f3b8856d12894cccee261d#41c6c800)
2026-10-08T06:45:07.4562881Z [1m[92m   Compiling[0m is_executable v1.0.5
2026-10-08T06:45:07.5373186Z [1m[92m   Compiling[0m fs v0.1.0 (/home/runner/work/koda/koda/crates/fs)
2026-10-08T06:45:14.5659690Z [1m[92m   Compiling[0m sha1 v0.10.6
2026-10-08T06:45:14.7610084Z [1m[92m   Compiling[0m palette v0.7.6
2026-10-08T06:45:14.9229728Z [1m[92m   Compiling[0m by_address v1.2.1
2026-10-08T06:45:14.9909822Z [1m[92m   Compiling[0m palette_derive v0.7.6
2026-10-08T06:45:16.3140281Z [1m[92m   Compiling[0m fast-srgb8 v1.0.0
2026-10-08T06:45:16.3893715Z [1m[92m   Compiling[0m unicode-linebreak v0.1.5
2026-10-08T06:45:18.0100224Z [1m[92m   Compiling[0m migrator v0.1.0 (/home/runner/work/koda/koda/crates/migrator)
2026-10-08T06:45:19.6139782Z [1m[92m   Compiling[0m base64ct v1.8.0
2026-10-08T06:45:19.8849820Z [1m[92m   Compiling[0m rustversion v1.0.22
2026-10-08T06:45:20.1499815Z [1m[92m   Compiling[0m ec4rs v1.2.0
2026-10-08T06:45:22.0070261Z [1m[92m   Compiling[0m settings v0.1.0 (/home/runner/work/koda/koda/crates/settings)
2026-10-08T06:45:24.3489758Z [1m[92m   Compiling[0m data-encoding v2.9.0
2026-10-08T06:45:25.0450386Z [1m[92m   Compiling[0m utf-8 v0.7.6
2026-10-08T06:45:25.4520060Z [1m[92m   Compiling[0m syntax_theme v0.1.0 (/home/runner/work/koda/koda/crates/syntax_theme)
2026-10-08T06:45:25.8789876Z [1m[92m   Compiling[0m theme v0.1.0 (/home/runner/work/koda/koda/crates/theme)
2026-10-08T06:45:25.9780156Z [1m[92m   Compiling[0m signature v2.2.0
2026-10-08T06:45:26.0879624Z [1m[92m   Compiling[0m serde_spanned v0.6.9
2026-10-08T06:45:26.1921515Z [1m[92m   Compiling[0m toml_datetime v0.6.11
2026-10-08T06:45:26.4519881Z [1m[92m   Compiling[0m toml_write v0.1.2
2026-10-08T06:45:26.8069836Z [1m[92m   Compiling[0m tungstenite v0.28.0
2026-10-08T06:45:27.7169710Z [1m[92m   Compiling[0m yansi v1.0.1
2026-10-08T06:45:28.0313013Z [1m[92m   Compiling[0m pem-rfc7468 v0.7.0
2026-10-08T06:45:28.5269997Z [1m[92m   Compiling[0m der v0.7.10
2026-10-08T06:45:28.7009636Z [1m[92m   Compiling[0m toml_edit v0.22.27
2026-10-08T06:45:29.8306149Z [1m[92m   Compiling[0m spki v0.7.3
2026-10-08T06:45:30.0139964Z [1m[92m   Compiling[0m arc-swap v1.9.0
2026-10-08T06:45:30.2721555Z [1m[92m   Compiling[0m num-bigint-dig v0.8.6
2026-10-08T06:45:30.4059621Z [1m[92m   Compiling[0m pkcs8 v0.10.2
2026-10-08T06:45:30.6459792Z [1m[92m   Compiling[0m toml v0.8.23
2026-10-08T06:45:32.7609745Z [1m[92m   Compiling[0m pkcs1 v0.7.5
2026-10-08T06:45:33.8159916Z [1m[92m   Compiling[0m async-tungstenite v0.33.0
2026-10-08T06:45:34.2195698Z [1m[92m   Compiling[0m rsa v0.9.10
2026-10-08T06:45:34.2357828Z [1m[92m   Compiling[0m lru v0.16.4
2026-10-08T06:45:34.3890581Z [1m[92m   Compiling[0m shellexpand v3.1.1
2026-10-08T06:45:34.5440117Z [1m[92m   Compiling[0m diff v0.1.13
2026-10-08T06:45:34.7814815Z [1m[92m   Compiling[0m rpc v0.1.0 (/home/runner/work/koda/koda/crates/rpc)
2026-10-08T06:45:34.8820087Z [1m[92m   Compiling[0m pretty_assertions v1.4.1
2026-10-08T06:45:35.0940400Z [1m[92m   Compiling[0m zed_actions v0.1.0 (/home/runner/work/koda/koda/crates/zed_actions)
2026-10-08T06:45:36.8549359Z [1m[92m   Compiling[0m watch v0.1.0 (/home/runner/work/koda/koda/crates/watch)
2026-10-08T06:45:36.9840461Z [1m[92m   Compiling[0m hmac v0.12.1
2026-10-08T06:45:37.0853200Z [1m[92m   Compiling[0m nucleo-matcher v0.3.1
2026-10-08T06:45:37.8689897Z [1m[92m   Compiling[0m task v0.1.0 (/home/runner/work/koda/koda/crates/task)
2026-10-08T06:45:38.0730999Z [1m[92m   Compiling[0m tree-sitter-go v0.25.0
2026-10-08T06:45:38.2171406Z [1m[92m   Compiling[0m tree-sitter-yaml v0.6.1 (https://github.com/zed-industries/tree-sitter-yaml?rev=baff0b51c64ef6a1fb1f8390f3ad6015b83ec13a#baff0b51)
2026-10-08T06:45:38.3759542Z [1m[92m   Compiling[0m tree-sitter-bash v0.25.1
2026-10-08T06:45:38.5279906Z [1m[92m   Compiling[0m tree-sitter-regex v0.24.3
2026-10-08T06:45:38.6690029Z [1m[92m   Compiling[0m tree-sitter-diff v0.1.0
2026-10-08T06:45:38.8170727Z [1m[92m   Compiling[0m tree-sitter-gitcommit v0.0.1 (https://github.com/zed-industries/tree-sitter-git-commit?rev=88309716a69dd13ab83443721ba6e0b491d37ee9#88309716)
2026-10-08T06:45:38.9650938Z [1m[92m   Compiling[0m tree-sitter-gomod v1.1.1 (https://github.com/camdencheek/tree-sitter-go-mod?rev=2e886870578eeba1927a2dc4bd2e2b3f598c5f9a#2e886870)
2026-10-08T06:45:39.1120769Z [1m[92m   Compiling[0m tree-sitter-md v0.3.2 (https://github.com/zed-industries/tree-sitter-markdown?rev=b596e737286780d7bfa9fcddceaeeb754574b352#b596e737)
2026-10-08T06:45:39.2790487Z [1m[92m   Compiling[0m tree-sitter-python v0.25.0
2026-10-08T06:45:39.4481841Z [1m[92m   Compiling[0m tree-sitter-gowork v0.0.1 (https://github.com/zed-industries/tree-sitter-go-work?rev=acb0617bf7f4fda02c6217676cc64acb89536dc7#acb0617b)
2026-10-08T06:45:39.5910179Z [1m[92m   Compiling[0m tree-sitter-rust v0.24.2
2026-10-08T06:45:39.7410029Z [1m[92m   Compiling[0m tree-sitter-jsdoc v0.23.2
2026-10-08T06:45:39.7671113Z [1m[92m   Compiling[0m tree-sitter-typescript v0.23.2 (https://github.com/zed-industries/tree-sitter-typescript?rev=e2c53597d6a5d9cf7bbe8dccde576fe1e46c5899#e2c53597)
2026-10-08T06:45:39.9100154Z [1m[92m   Compiling[0m tree-sitter-css v0.23.2
2026-10-08T06:45:39.9241196Z [1m[92m   Compiling[0m tree-sitter-cpp v0.23.4 (https://github.com/tree-sitter/tree-sitter-cpp?rev=5cb9b693cfd7bfacab1d9ff4acac1a4150700609#5cb9b693)
2026-10-08T06:45:40.0640021Z [1m[92m   Compiling[0m tree-sitter-c v0.24.1
2026-10-08T06:45:40.0810030Z [1m[92m   Compiling[0m httpdate v1.0.3
2026-10-08T06:45:48.9340248Z [1m[92m   Compiling[0m nucleo v0.5.0
2026-10-08T06:45:49.1667264Z [1m[92m   Compiling[0m fuzzy v0.1.0 (/home/runner/work/koda/koda/crates/fuzzy)
2026-10-08T06:45:49.3530631Z [1m[92m   Compiling[0m lsp-types v0.95.1 (https://github.com/zed-industries/lsp-types?rev=f1783e63a7f4eb4397bf51d4148b4895a1f7ab16#f1783e63)
2026-10-08T06:45:49.6615108Z [1m[92m   Compiling[0m async-pipe v0.1.3 (https://github.com/zed-industries/async-pipe-rs?rev=82d00a04211cf4e1236029aa03e6b6ce2a74c553#82d00a04)
2026-10-08T06:45:50.6640361Z [1m[92m   Compiling[0m language_core v0.1.0 (/home/runner/work/koda/koda/crates/language_core)
2026-10-08T06:45:51.7490301Z [1m[92m   Compiling[0m language v0.1.0 (/home/runner/work/koda/koda/crates/language)
2026-10-08T06:45:51.8940174Z [1m[92m   Compiling[0m grammars v0.1.0 (/home/runner/work/koda/koda/crates/grammars)
2026-10-08T06:45:52.1800149Z [1m[92m   Compiling[0m fuzzy_nucleo v0.1.0 (/home/runner/work/koda/koda/crates/fuzzy_nucleo)
2026-10-08T06:45:52.7185036Z [1m[92m   Compiling[0m chardetng v0.1.17
2026-10-08T06:45:53.0519856Z [1m[92m   Compiling[0m diffy v0.4.2
2026-10-08T06:45:53.9859795Z [1m[92m   Compiling[0m bzip2-sys v0.1.13+1.0.8
2026-10-08T06:45:55.4089780Z [1m[92m   Compiling[0m tower v0.5.2
2026-10-08T06:45:55.8850340Z [1m[92m   Compiling[0m credentials_provider v0.1.0 (/home/runner/work/koda/koda/crates/credentials_provider)
2026-10-08T06:45:56.2589832Z [1m[92m   Compiling[0m password-hash v0.4.2
2026-10-08T06:45:56.6760086Z [1m[92m   Compiling[0m bzip2 v0.4.4
2026-10-08T06:45:56.8529809Z [1m[92m   Compiling[0m pbkdf2 v0.11.0
2026-10-08T06:45:57.2199820Z [1m[92m   Compiling[0m constant_time_eq v0.1.5
2026-10-08T06:45:57.2916879Z [1m[92m   Compiling[0m zip v0.6.6
2026-10-08T06:45:57.7390213Z [1m[92m   Compiling[0m lsp v0.1.0 (/home/runner/work/koda/koda/crates/lsp)
2026-10-08T06:45:58.4479973Z [1m[92m   Compiling[0m phf_codegen v0.13.1
2026-10-08T06:45:58.5458397Z [1m[92m   Compiling[0m fs2 v0.4.3
2026-10-08T06:45:58.5649923Z [1m[92m   Compiling[0m ascii v1.1.0
2026-10-08T06:45:58.6899890Z [1m[92m   Compiling[0m chunked_transfer v1.5.0
2026-10-08T06:45:58.7897858Z [1m[92m   Compiling[0m cloud_api_types v0.1.0 (/home/runner/work/koda/koda/crates/cloud_api_types)
2026-10-08T06:45:58.8977282Z [1m[92m   Compiling[0m tiny_http v0.12.0
2026-10-08T06:45:59.9268001Z [1m[92m   Compiling[0m gpui_tokio v0.1.0 (/home/runner/work/koda/koda/crates/gpui_tokio)
2026-10-08T06:46:00.2070642Z [1m[92m   Compiling[0m icons v0.1.0 (/home/runner/work/koda/koda/crates/icons)
2026-10-08T06:46:00.6329676Z [1m[92m   Compiling[0m nom v8.0.0
2026-10-08T06:46:01.5399998Z [1m[92m   Compiling[0m hyper-rustls v0.27.9
2026-10-08T06:46:01.7859975Z [1m[92m   Compiling[0m new_debug_unreachable v1.0.6
2026-10-08T06:46:01.8348723Z [1m[92m   Compiling[0m feature_flags_macros v0.1.0 (/home/runner/work/koda/koda/crates/feature_flags_macros)
2026-10-08T06:46:02.6269645Z [1m[92m   Compiling[0m precomputed-hash v0.1.1
2026-10-08T06:46:02.6810278Z [1m[92m   Compiling[0m proxy_handshake v0.1.0 (/home/runner/work/koda/koda/crates/proxy_handshake)
2026-10-08T06:46:02.9640610Z [1m[92m   Compiling[0m zed_credentials_provider v0.1.0 (/home/runner/work/koda/koda/crates/zed_credentials_provider)
2026-10-08T06:46:03.3969902Z [1m[92m   Compiling[0m worktree v0.1.0 (/home/runner/work/koda/koda/crates/worktree)
2026-10-08T06:46:03.5543604Z [1m[92m   Compiling[0m yawc v0.4.2
2026-10-08T06:46:05.1180779Z [1m[92m   Compiling[0m cloud_api_client v0.1.0 (/home/runner/work/koda/koda/crates/cloud_api_client)
2026-10-08T06:46:05.7089647Z [1m[92m   Compiling[0m feature_flags v0.1.0 (/home/runner/work/koda/koda/crates/feature_flags)
2026-10-08T06:46:05.9349945Z [1m[92m   Compiling[0m mime_guess v2.0.5
2026-10-08T06:46:06.3430039Z [1m[92m   Compiling[0m client v0.1.0 (/home/runner/work/koda/koda/crates/client)
2026-10-08T06:46:06.4959672Z [1m[92m   Compiling[0m tokio-socks v0.5.2
2026-10-08T06:46:06.8904786Z [1m[92m   Compiling[0m itertools v0.15.0
2026-10-08T06:46:07.1210906Z [1m[92m   Compiling[0m arraydeque v0.5.1
2026-10-08T06:46:07.2849751Z [1m[92m   Compiling[0m tar v0.4.46
2026-10-08T06:46:08.1158024Z [1m[92m   Compiling[0m zed-reqwest v0.12.15-zed (https://github.com/zed-industries/reqwest.git?rev=33bc764aa15ff7b200bf7c93bd96e24878d53e14#33bc764a)
2026-10-08T06:46:08.4179687Z [1m[92m   Compiling[0m ucd-trie v0.1.7
2026-10-08T06:46:08.6209762Z [1m[92m   Compiling[0m dtoa v1.0.10
2026-10-08T06:46:08.7293209Z [1m[92m   Compiling[0m dtoa-short v0.3.5
2026-10-08T06:46:08.8240380Z [1m[92m   Compiling[0m node_runtime v0.1.0 (/home/runner/work/koda/koda/crates/node_runtime)
2026-10-08T06:46:08.9320556Z [1m[92m   Compiling[0m optfield v0.4.0
2026-10-08T06:46:09.5219833Z [1m[92m   Compiling[0m minimal-lexical v0.2.1
2026-10-08T06:46:09.7740128Z [1m[92m   Compiling[0m nom v7.1.3
2026-10-08T06:46:10.1372679Z [1m[92m   Compiling[0m documented-macros v0.10.0
2026-10-08T06:46:10.8809901Z [1m[92m   Compiling[0m string_cache_codegen v0.6.1
2026-10-08T06:46:11.3139819Z [1m[92m   Compiling[0m home v0.5.11
2026-10-08T06:46:11.4220388Z [1m[92m   Compiling[0m web_atoms v0.2.6
2026-10-08T06:46:11.4559894Z [1m[92m   Compiling[0m documented v0.10.0
2026-10-08T06:46:11.5500950Z [1m[92m   Compiling[0m ui v0.1.0 (/home/runner/work/koda/koda/crates/ui)
2026-10-08T06:46:11.6942794Z [1m[92m   Compiling[0m string_cache v0.9.0
2026-10-08T06:46:11.7640663Z [1m[92m   Compiling[0m dap-types v0.0.1 (https://github.com/zed-industries/dap-types?rev=1b461b310481d01e02b2603c16d7144b926339f8#1b461b31)
2026-10-08T06:46:11.9089524Z [1m[92m   Compiling[0m num-format v0.4.4
2026-10-08T06:46:12.2319856Z [1m[92m   Compiling[0m ui_macros v0.1.0 (/home/runner/work/koda/koda/crates/ui_macros)
2026-10-08T06:46:12.4510716Z [1m[92m   Compiling[0m android_tools v0.1.0 (/home/runner/work/koda/koda/crates/android_tools)
2026-10-08T06:46:12.5062148Z [1m[92m   Compiling[0m ordered-float v5.5.0
2026-10-08T06:46:13.0749326Z [1m[92m   Compiling[0m unicode-general-category v1.1.0
2026-10-08T06:46:14.5171462Z [1m[92m   Compiling[0m tendril v0.5.1
2026-10-08T06:46:14.7947809Z [1m[92m   Compiling[0m selectors v0.37.0
2026-10-08T06:46:15.1020040Z [1m[92m   Compiling[0m component v0.1.0 (/home/runner/work/koda/koda/crates/component)
2026-10-08T06:46:15.5610123Z [1m[92m   Compiling[0m theme_settings v0.1.0 (/home/runner/work/koda/koda/crates/theme_settings)
2026-10-08T06:46:15.6062420Z [1m[92m   Compiling[0m cssparser-macros v0.6.1
2026-10-08T06:46:15.9807925Z [1m[92m   Compiling[0m icu_locale_fallback_data v2.3.0
2026-10-08T06:46:16.1241681Z [1m[92m   Compiling[0m cssparser v0.36.0
2026-10-08T06:46:16.2079918Z [1m[92m   Compiling[0m dap v0.1.0 (/home/runner/work/koda/koda/crates/dap)
2026-10-08T06:46:16.8510093Z [1m[92m   Compiling[0m markup5ever v0.39.0
2026-10-08T06:46:17.4569569Z [1m[92m   Compiling[0m htmlize v1.1.0
2026-10-08T06:46:17.5670620Z [1m[92m   Compiling[0m menu v0.1.0 (/home/runner/work/koda/koda/crates/menu)
2026-10-08T06:46:17.9299999Z [1m[92m   Compiling[0m servo_arc v0.4.3
2026-10-08T06:46:17.9665385Z [1m[92m   Compiling[0m lalrpop-util v0.23.1
2026-10-08T06:46:18.0512522Z [1m[92m   Compiling[0m icu_collator_data v2.3.0
2026-10-08T06:46:18.3870008Z [1m[92m   Compiling[0m pastey v0.1.1
2026-10-08T06:46:18.7370380Z [1m[92m   Compiling[0m pulldown-cmark v0.13.4
2026-10-08T06:46:18.8331552Z [1m[92m   Compiling[0m vcpkg v0.2.15
2026-10-08T06:46:19.1436571Z [1m[92m   Compiling[0m lol_html v3.0.1
2026-10-08T06:46:19.5100494Z [1m[92m   Compiling[0m icu_locale_fallback v2.3.0
2026-10-08T06:46:20.0434545Z [1m[92m   Compiling[0m html5ever v0.39.0
2026-10-08T06:46:20.7383645Z [1m[92m   Compiling[0m json5 v1.3.1
2026-10-08T06:46:20.8819775Z [1m[92m   Compiling[0m granit-parser v1.0.0
2026-10-08T06:46:21.2619807Z [1m[92m   Compiling[0m dugong-graphlib v0.8.0-alpha.5
2026-10-08T06:46:21.6709694Z [1m[92m   Compiling[0m ryu-js v1.0.2
2026-10-08T06:46:21.8950513Z [1m[92m   Compiling[0m dugong v0.8.0-alpha.5
2026-10-08T06:46:22.0407194Z [1m[92m   Compiling[0m merman-core v0.8.0-alpha.5
2026-10-08T06:46:25.2907895Z [1m[92m   Compiling[0m icu_collator v2.3.0
2026-10-08T06:46:28.2893686Z [1m[92m   Compiling[0m oauth_callback_server v0.1.0 (/home/runner/work/koda/koda/crates/oauth_callback_server)
2026-10-08T06:46:28.6050294Z [1m[92m   Compiling[0m roughr-merman v0.12.3
2026-10-08T06:46:29.1199888Z [1m[92m   Compiling[0m manatee v0.8.0-alpha.5
2026-10-08T06:46:30.6539683Z [1m[92m   Compiling[0m quick-xml v0.41.0
2026-10-08T06:46:31.2160129Z [1m[92m   Compiling[0m indoc v2.0.6
2026-10-08T06:46:31.5410205Z [1m[92m   Compiling[0m extension v0.1.0 (/home/runner/work/koda/koda/crates/extension)
2026-10-08T06:46:31.5793383Z [1m[92m   Compiling[0m sysinfo v0.39.6
2026-10-08T06:46:32.9590263Z [1m[92m   Compiling[0m signal-hook v0.4.4
2026-10-08T06:46:33.0795228Z [1m[92m   Compiling[0m xml5ever v0.39.0
2026-10-08T06:46:33.2370307Z [1m[92m   Compiling[0m cursor-icon v1.2.0
2026-10-08T06:46:33.3140284Z [1m[92m   Compiling[0m vte v0.15.0
2026-10-08T06:46:33.6633405Z [1m[92m   Compiling[0m markup5ever_rcdom v0.39.0+unofficial
2026-10-08T06:46:34.1134459Z [1m[92m   Compiling[0m snippet v0.1.0 (/home/runner/work/koda/koda/crates/snippet)
2026-10-08T06:46:34.4830006Z [1m[92m   Compiling[0m rustix-openpty v0.2.0
2026-10-08T06:46:34.5285782Z [1m[92m   Compiling[0m buffer_diff v0.1.0 (/home/runner/work/koda/koda/crates/buffer_diff)
2026-10-08T06:46:34.7315901Z [1m[92m   Compiling[0m alacritty_terminal v0.26.1-dev (https://github.com/zed-industries/alacritty?rev=4c129667ce56611becdc82de6e28218c80e2e88f#4c129667)
2026-10-08T06:46:36.3500183Z [1m[92m   Compiling[0m merman-render v0.8.0-alpha.5
2026-10-08T06:46:36.3800026Z [1m[92m   Compiling[0m fancy-regex v0.19.0
2026-10-08T06:46:37.8510723Z [1m[92m   Compiling[0m snippet_provider v0.1.0 (/home/runner/work/koda/koda/crates/snippet_provider)
2026-10-08T06:46:38.8280105Z [1m[92m   Compiling[0m pori v0.0.0
2026-10-08T06:46:38.9379176Z [1m[92m   Compiling[0m env_var v0.1.0 (/home/runner/work/koda/koda/crates/env_var)
2026-10-08T06:46:39.0429985Z [1m[92m   Compiling[0m linkify v0.10.0
2026-10-08T06:46:39.2191461Z [1m[92m   Compiling[0m wax v0.7.0
2026-10-08T06:46:45.8809799Z [1m[92m   Compiling[0m terminal v0.1.0 (/home/runner/work/koda/koda/crates/terminal)
2026-10-08T06:46:47.9790089Z [1m[92m   Compiling[0m context_server v0.1.0 (/home/runner/work/koda/koda/crates/context_server)
2026-10-08T06:46:48.5841132Z [1m[92m   Compiling[0m prettier v0.1.0 (/home/runner/work/koda/koda/crates/prettier)
2026-10-08T06:46:49.2390099Z [1m[92m   Compiling[0m remote v0.1.0 (/home/runner/work/koda/koda/crates/remote)
2026-10-08T06:46:51.7850414Z [1m[92m   Compiling[0m git_hosting_providers v0.1.0 (/home/runner/work/koda/koda/crates/git_hosting_providers)
2026-10-08T06:46:53.0719843Z [1m[92m   Compiling[0m circular-buffer v1.2.0
2026-10-08T06:46:53.2589862Z [1m[92m   Compiling[0m libsqlite3-sys v0.30.1
2026-10-08T06:46:54.6569746Z [1m[92m   Compiling[0m merman v0.8.0-alpha.5
2026-10-08T06:46:54.9959854Z [1m[92m   Compiling[0m mermaid_render v0.1.0 (/home/runner/work/koda/koda/crates/mermaid_render)
2026-10-08T06:46:55.9385058Z [1m[92m   Compiling[0m markdown v0.1.0 (/home/runner/work/koda/koda/crates/markdown)
2026-10-08T06:46:58.1900387Z [1m[92m   Compiling[0m language_model v0.1.0 (/home/runner/work/koda/koda/crates/language_model)
2026-10-08T06:47:00.0945374Z [1m[92m   Compiling[0m project v0.1.0 (/home/runner/work/koda/koda/crates/project)
2026-10-08T06:47:01.9150270Z [1m[92m   Compiling[0m unicode_categories v0.1.1
2026-10-08T06:47:02.0770770Z [1m[92m   Compiling[0m sqlformat v0.2.6
2026-10-08T06:47:06.6550138Z [1m[92m   Compiling[0m sqlez v0.1.0 (/home/runner/work/koda/koda/crates/sqlez)
2026-10-08T06:47:08.2310200Z [1m[92m   Compiling[0m zed_env_vars v0.1.0 (/home/runner/work/koda/koda/crates/zed_env_vars)
2026-10-08T06:47:08.3223972Z [1m[92m   Compiling[0m ui_input v0.1.0 (/home/runner/work/koda/koda/crates/ui_input)
2026-10-08T06:47:08.4390562Z [1m[92m   Compiling[0m sqlez_macros v0.1.0 (/home/runner/work/koda/koda/crates/sqlez_macros)
2026-10-08T06:47:08.7042034Z [1m[92m   Compiling[0m async-recursion v1.1.1
2026-10-08T06:47:08.8642298Z [1m[92m   Compiling[0m db v0.1.0 (/home/runner/work/koda/koda/crates/db)
2026-10-08T06:47:09.2069826Z [1m[92m   Compiling[0m any_vec v0.14.0
2026-10-08T06:47:09.4650311Z [1m[92m   Compiling[0m session v0.1.0 (/home/runner/work/koda/koda/crates/session)
2026-10-08T06:47:09.4839492Z [1m[92m   Compiling[0m crunchy v0.2.4
2026-10-08T06:47:09.5119854Z [1m[92m   Compiling[0m tiny-keccak v2.0.2
2026-10-08T06:47:09.6875631Z [1m[92m   Compiling[0m ahash v0.8.12
2026-10-08T06:47:09.8620014Z [1m[92m   Compiling[0m num-bigint v0.4.8
2026-10-08T06:47:09.8780130Z [1m[92m   Compiling[0m toml_edit v0.23.7
2026-10-08T06:47:09.9573322Z [1m[92m   Compiling[0m const-random-macro v0.1.16
2026-10-08T06:47:10.2022370Z [1m[92m   Compiling[0m const-random v0.1.18
2026-10-08T06:47:10.4769637Z [1m[92m   Compiling[0m proc-macro-crate v3.4.0
2026-10-08T06:47:10.9383194Z [1m[92m   Compiling[0m file_icons v0.1.0 (/home/runner/work/koda/koda/crates/file_icons)
2026-10-08T06:47:10.9533321Z [1m[92m   Compiling[0m edit_prediction_types v0.1.0 (/home/runner/work/koda/koda/crates/edit_prediction_types)
2026-10-08T06:47:11.3360591Z [1m[92m   Compiling[0m multi_buffer v0.1.0 (/home/runner/work/koda/koda/crates/multi_buffer)
2026-10-08T06:47:11.5299913Z [1m[92m   Compiling[0m unindent v0.2.4
2026-10-08T06:47:11.9280140Z [1m[92m   Compiling[0m assets v0.1.0 (/home/runner/work/koda/koda/crates/assets)
2026-10-08T06:47:12.0800547Z [1m[92m   Compiling[0m libloading v0.8.9
2026-10-08T06:47:12.2009633Z [1m[92m   Compiling[0m tree-sitter-html v0.23.2
2026-10-08T06:47:12.2629866Z [1m[92m   Compiling[0m fearless_simd v0.4.1
2026-10-08T06:47:13.0933694Z [1m[92m   Compiling[0m vim_mode_setting v0.1.0 (/home/runner/work/koda/koda/crates/vim_mode_setting)
2026-10-08T06:47:13.6570159Z [1m[92m   Compiling[0m emojis v0.9.0
2026-10-08T06:47:14.6805013Z [1m[92m   Compiling[0m hashbrown v0.14.5
2026-10-08T06:47:15.3029814Z [1m[92m   Compiling[0m num-rational v0.4.2
2026-10-08T06:47:15.8848554Z [1m[92m   Compiling[0m winnow v1.0.2
2026-10-08T06:47:15.9364962Z [1m[92m   Compiling[0m betlang v0.1.1
2026-10-08T06:47:16.6210791Z [1m[92m   Compiling[0m language_detection v0.1.0 (/home/runner/work/koda/koda/crates/language_detection)
2026-10-08T06:47:16.8309654Z [1m[92m   Compiling[0m enumflags2_derive v0.7.12
2026-10-08T06:47:17.0499730Z [1m[92m   Compiling[0m zvariant_utils v3.3.1
2026-10-08T06:47:17.3850309Z [1m[92m   Compiling[0m enumflags2 v0.7.12
2026-10-08T06:47:17.5399788Z [1m[92m   Compiling[0m dlib v0.5.3
2026-10-08T06:47:17.6029955Z [1m[92m   Compiling[0m zvariant_derive v5.11.0
2026-10-08T06:47:18.0610196Z [1m[92m   Compiling[0m serde_bytes v0.11.19
2026-10-08T06:47:18.2688136Z [1m[92m   Compiling[0m endi v1.1.0
2026-10-08T06:47:18.4919784Z [1m[92m   Compiling[0m wayland-sys v0.31.11
2026-10-08T06:47:19.9132771Z [1m[92m   Compiling[0m camino v1.2.6
2026-10-08T06:47:20.1748545Z [1m[92m   Compiling[0m zvariant v5.11.0
2026-10-08T06:47:22.9369799Z [1m[92m   Compiling[0m zbus_names v4.3.2
2026-10-08T06:47:24.5499860Z [1m[92m   Compiling[0m scoped-tls v1.0.1
2026-10-08T06:47:24.6153595Z [1m[92m   Compiling[0m quick-xml v0.39.3
2026-10-08T06:47:26.1795648Z [1m[92m   Compiling[0m naga v29.0.4
2026-10-08T06:47:26.4039952Z [1m[92m   Compiling[0m md-5 v0.10.6
2026-10-08T06:47:26.8934630Z [1m[92m   Compiling[0m wayland-backend v0.3.15
2026-10-08T06:47:27.0384158Z [1m[92m   Compiling[0m sys-locale v0.3.2
2026-10-08T06:47:27.1309726Z [1m[92m   Compiling[0m bit-vec v0.9.1
2026-10-08T06:47:27.1769795Z [1m[92m   Compiling[0m ash v0.38.0+1.3.281
2026-10-08T06:47:27.2996481Z [1m[92m   Compiling[0m bit-set v0.9.1
2026-10-08T06:47:27.4610366Z [1m[92m   Compiling[0m zbus_macros v5.13.2
2026-10-08T06:47:27.8609963Z [1m[92m   Compiling[0m codespan-reporting v0.13.0
2026-10-08T06:47:28.2979850Z [1m[92m   Compiling[0m serde_repr v0.1.20
2026-10-08T06:47:28.7679845Z [1m[92m   Compiling[0m async-broadcast v0.7.2
2026-10-08T06:47:28.9669819Z [1m[92m   Compiling[0m spirv v0.4.0+sdk-1.4.341.0
2026-10-08T06:47:29.9630150Z [1m[92m   Compiling[0m agent_settings v0.1.0 (/home/runner/work/koda/koda/crates/agent_settings)
2026-10-08T06:47:30.9720212Z [1m[92m   Compiling[0m workspace v0.1.0 (/home/runner/work/koda/koda/crates/workspace)
2026-10-08T06:47:31.3169916Z [1m[92m   Compiling[0m ordered-stream v0.2.0
2026-10-08T06:47:31.6062483Z [1m[92m   Compiling[0m quick-xml v0.37.5
2026-10-08T06:47:32.3870141Z [1m[92m   Compiling[0m wayland-client v0.31.11
2026-10-08T06:47:32.4999547Z [1m[92m   Compiling[0m downcast-rs v1.2.1
2026-10-08T06:47:32.5646986Z [1m[92m   Compiling[0m khronos-egl v6.0.0
2026-10-08T06:47:32.6690079Z [1m[92m   Compiling[0m hexf-parse v0.2.1
2026-10-08T06:47:32.7879923Z [1m[92m   Compiling[0m rustc-hash v1.1.0
2026-10-08T06:47:45.7840269Z [1m[92m   Compiling[0m breadcrumbs v0.1.0 (/home/runner/work/koda/koda/crates/breadcrumbs)
2026-10-08T06:47:46.4380531Z [1m[92m   Compiling[0m editor v0.1.0 (/home/runner/work/koda/koda/crates/editor)
2026-10-08T06:47:52.4927592Z [1m[92m   Compiling[0m wayland-scanner v0.31.7
2026-10-08T06:47:53.1269806Z [1m[92m   Compiling[0m zbus v5.13.2
2026-10-08T06:48:02.5173674Z [1m[92m   Compiling[0m hkdf v0.12.4
2026-10-08T06:48:02.6143381Z [1m[92m   Compiling[0m wgpu-types v29.0.4
2026-10-08T06:48:04.7409817Z [1m[92m   Compiling[0m wgpu-hal v29.0.4
2026-10-08T06:48:04.9320277Z [1m[92m   Compiling[0m gpu-descriptor-types v0.2.0
2026-10-08T06:48:05.0326618Z [1m[92m   Compiling[0m presser v0.3.1
2026-10-08T06:48:05.1290060Z [1m[92m   Compiling[0m gpu-allocator v0.28.0
2026-10-08T06:48:05.1499008Z [1m[92m   Compiling[0m gpu-descriptor v0.3.2
2026-10-08T06:48:05.3829852Z [1m[92m   Compiling[0m wgpu-naga-bridge v29.0.4
2026-10-08T06:48:06.0569707Z [1m[92m   Compiling[0m zbus_xml v5.1.1
2026-10-08T06:48:06.7890362Z [1m[92m   Compiling[0m pathfinder_simd v0.5.6
2026-10-08T06:48:06.9369806Z [1m[92m   Compiling[0m font-types v0.10.0
2026-10-08T06:48:07.2707487Z [1m[92m   Compiling[0m font-types v0.11.0
2026-10-08T06:48:07.2929576Z [1m[92m   Compiling[0m freetype-sys v0.20.1
2026-10-08T06:48:07.5139837Z [1m[92m   Compiling[0m yeslogic-fontconfig-sys v6.0.0
2026-10-08T06:48:07.6385091Z [1m[92m   Compiling[0m renderdoc-sys v1.1.0
2026-10-08T06:48:07.6769725Z [1m[92m   Compiling[0m glow v0.17.0
2026-10-08T06:48:07.7879650Z [1m[92m   Compiling[0m read-fonts v0.37.0
2026-10-08T06:48:15.2289865Z [1m[92m   Compiling[0m read-fonts v0.35.0
2026-10-08T06:48:15.5390362Z [1m[92m   Compiling[0m zbus-lockstep v0.5.2
2026-10-08T06:48:16.4479822Z [1m[92m   Compiling[0m wgpu-core v29.0.4
2026-10-08T06:48:16.7251329Z [1m[92m   Compiling[0m num-complex v0.4.6
2026-10-08T06:48:17.1880050Z [1m[92m   Compiling[0m litrs v1.0.0
2026-10-08T06:48:17.7460724Z [1m[92m   Compiling[0m document-features v0.2.12
2026-10-08T06:48:18.1729862Z [1m[92m   Compiling[0m num v0.4.3
2026-10-08T06:48:18.4472249Z [1m[92m   Compiling[0m zbus-lockstep-macros v0.5.2
2026-10-08T06:48:19.3099890Z [1m[92m   Compiling[0m wgpu-core-deps-windows-linux-android v29.0.4
2026-10-08T06:48:19.3789758Z [1m[92m   Compiling[0m pathdiff v0.2.3
2026-10-08T06:48:19.4479884Z [1m[92m   Compiling[0m wgpu v29.0.4
2026-10-08T06:48:19.8841653Z [1m[92m   Compiling[0m zed-font-kit v0.14.1-zed (https://github.com/zed-industries/font-kit?rev=94b0f28166665e8fd2f53ff6d268a14955c82269#94b0f281)
2026-10-08T06:48:20.0099871Z [1m[92m   Compiling[0m zeno v0.3.3
2026-10-08T06:48:20.1959867Z [1m[92m   Compiling[0m yazi v0.2.1
2026-10-08T06:48:20.6449756Z [1m[92m   Compiling[0m skrifa v0.37.0
2026-10-08T06:48:23.1420425Z [1m[92m   Compiling[0m swash v0.2.6
2026-10-08T06:48:24.3269866Z [1m[92m   Compiling[0m pathfinder_geometry v0.5.1
2026-10-08T06:48:24.5509403Z [1m[92m   Compiling[0m atspi-common v0.13.0
2026-10-08T06:48:27.2679989Z [1m[92m   Compiling[0m skrifa v0.40.0
2026-10-08T06:48:30.0909764Z [1m[92m   Compiling[0m harfrust v0.5.0
2026-10-08T06:48:30.1989891Z [1m[92m   Compiling[0m wayland-protocols v0.32.9
2026-10-08T06:48:31.0089803Z [1m[92m   Compiling[0m linebender_resource_handle v0.1.1
2026-10-08T06:48:31.0846883Z [1m[92m   Compiling[0m rangemap v1.7.1
2026-10-08T06:48:31.3521365Z [1m[92m   Compiling[0m float-ord v0.3.2
2026-10-08T06:48:31.4209643Z [1m[92m   Compiling[0m self_cell v1.2.2
2026-10-08T06:48:34.1010457Z [1m[92m   Compiling[0m cosmic-text v0.19.0
2026-10-08T06:48:34.1180037Z [1m[92m   Compiling[0m xcursor v0.3.10
2026-10-08T06:48:34.4190587Z [1m[92m   Compiling[0m xim-parser v0.2.1 (https://github.com/zed-industries/xim-rs.git?rev=16f35a2c881b815a2b6cdfd6687988e84f8447d8#16f35a2c)
2026-10-08T06:48:34.5200364Z [1m[92m   Compiling[0m num-bigint-dig v0.9.1
2026-10-08T06:48:34.6229901Z [1m[92m   Compiling[0m as-raw-xcb-connection v1.0.1
2026-10-08T06:48:34.7449706Z [1m[92m   Compiling[0m atspi-proxies v0.13.0
2026-10-08T06:48:35.4709966Z [1m[92m   Compiling[0m accesskit_consumer v0.38.0
2026-10-08T06:48:36.3359810Z [1m[92m   Compiling[0m gethostname v1.1.0
2026-10-08T06:48:36.3479947Z [1m[92m   Compiling[0m is-docker v0.2.0
2026-10-08T06:48:36.4309923Z [1m[92m   Compiling[0m x11rb-protocol v0.13.2
2026-10-08T06:48:36.4462705Z [1m[92m   Compiling[0m is-wsl v0.4.0
2026-10-08T06:48:36.4799504Z [1m[92m   Compiling[0m atspi v0.29.0
2026-10-08T06:48:36.5600012Z [1m[92m   Compiling[0m accesskit_atspi_common v0.19.1
2026-10-08T06:48:36.5853340Z [1m[92m   Compiling[0m gpui_wgpu v0.1.0 (/home/runner/work/koda/koda/crates/gpui_wgpu)
2026-10-08T06:48:37.2620117Z [1m[92m   Compiling[0m ashpd v0.13.5
2026-10-08T06:48:38.5650376Z [1m[92m   Compiling[0m pbkdf2 v0.12.2
2026-10-08T06:48:38.6359825Z [1m[92m   Compiling[0m cbc v0.1.2
2026-10-08T06:48:38.7330399Z [1m[92m   Compiling[0m xim-ctext v0.3.0 (https://github.com/zed-industries/xim-rs.git?rev=16f35a2c881b815a2b6cdfd6687988e84f8447d8#16f35a2c)
2026-10-08T06:48:38.8990521Z [1m[92m   Compiling[0m calloop v0.14.3 (https://github.com/zed-industries/calloop#eb6b4fd1)
2026-10-08T06:48:39.6000694Z [1m[92m   Compiling[0m xkeysym v0.2.1
2026-10-08T06:48:39.7339964Z [1m[92m   Compiling[0m calloop-wayland-source v0.4.1
2026-10-08T06:48:39.8300301Z [1m[92m   Compiling[0m oo7 v0.6.0
2026-10-08T06:48:40.2109978Z [1m[92m   Compiling[0m accesskit_unix v0.22.1
2026-10-08T06:48:40.3699797Z [1m[92m   Compiling[0m xkbcommon v0.8.0
2026-10-08T06:48:40.6859893Z [1m[92m   Compiling[0m open v5.3.2
2026-10-08T06:48:40.8289874Z [1m[92m   Compiling[0m wayland-protocols-plasma v0.3.9
2026-10-08T06:48:42.5741804Z [1m[92m   Compiling[0m wayland-protocols-wlr v0.3.9
2026-10-08T06:48:44.0579776Z [1m[92m   Compiling[0m wayland-cursor v0.31.11
2026-10-08T06:48:44.0699894Z [1m[92m   Compiling[0m notify-rust v4.18.0
2026-10-08T06:48:44.2930312Z [1m[92m   Compiling[0m filedescriptor v0.8.3
2026-10-08T06:48:44.4789813Z [1m[92m   Compiling[0m env_filter v0.1.4
2026-10-08T06:48:44.7459802Z [1m[92m   Compiling[0m jiff v0.2.15
2026-10-08T06:48:45.4260045Z [1m[92m   Compiling[0m picker v0.1.0 (/home/runner/work/koda/koda/crates/picker)
2026-10-08T06:48:45.6930213Z [1m[92m   Compiling[0m reqwest_client v0.1.0 (/home/runner/work/koda/koda/crates/reqwest_client)
2026-10-08T06:48:46.1948631Z [1m[92m   Compiling[0m glob v0.3.3
2026-10-08T06:48:46.5306901Z [1m[92m   Compiling[0m http v0.2.12
2026-10-08T06:48:46.9958037Z [1m[92m   Compiling[0m x11rb v0.13.2
2026-10-08T06:48:47.4859984Z [1m[92m   Compiling[0m http-body v0.4.6
2026-10-08T06:48:47.6749960Z [1m[92m   Compiling[0m vsimd v0.8.0
2026-10-08T06:48:48.1333636Z [1m[92m   Compiling[0m env_logger v0.11.8
2026-10-08T06:48:48.5369812Z [1m[92m   Compiling[0m outref v0.5.2
2026-10-08T06:48:48.5996266Z [1m[92m   Compiling[0m command_palette_hooks v0.1.0 (/home/runner/work/koda/koda/crates/command_palette_hooks)
2026-10-08T06:48:48.9541488Z [1m[92m   Compiling[0m zed-xim v0.4.0-zed (https://github.com/zed-industries/xim-rs.git?rev=16f35a2c881b815a2b6cdfd6687988e84f8447d8#16f35a2c)
2026-10-08T06:48:49.1850305Z [1m[92m   Compiling[0m gpui_linux v0.1.0 (/home/runner/work/koda/koda/crates/gpui_linux)
2026-10-08T06:48:49.3110413Z [1m[92m   Compiling[0m base64-simd v0.8.0
2026-10-08T06:48:49.5420014Z [1m[92m   Compiling[0m bytes-utils v0.1.4
2026-10-08T06:48:49.7151570Z [1m[92m   Compiling[0m pet-fs v0.1.0 (https://github.com/zed-industries/python-environment-tools.git?rev=5aad7164bfc2a58977b103c8ef8fdd7302ed2e9f#5aad7164)
2026-10-08T06:48:49.7909954Z [1m[92m   Compiling[0m aws-smithy-types v1.4.7
2026-10-08T06:48:49.9791550Z [1m[92m   Compiling[0m aws-smithy-async v1.2.14
2026-10-08T06:48:50.2129883Z [1m[92m   Compiling[0m is-terminal v0.4.16
2026-10-08T06:48:50.2759880Z [1m[92m   Compiling[0m ident_case v1.0.1
2026-10-08T06:48:50.3539818Z [1m[92m   Compiling[0m humantime v2.3.0
2026-10-08T06:48:50.5981076Z [1m[92m   Compiling[0m aws-smithy-runtime-api v1.11.4
2026-10-08T06:48:51.0349732Z [1m[92m   Compiling[0m env_logger v0.10.2
2026-10-08T06:48:51.1409892Z [1m[92m   Compiling[0m pet-core v0.1.0 (https://github.com/zed-industries/python-environment-tools.git?rev=5aad7164bfc2a58977b103c8ef8fdd7302ed2e9f#5aad7164)
2026-10-08T06:48:51.9130343Z [1m[92m   Compiling[0m crossbeam-channel v0.5.15
2026-10-08T06:48:52.2099789Z [1m[92m   Compiling[0m der v0.6.1
2026-10-08T06:48:52.3890685Z [1m[92m   Compiling[0m io-lifetimes v2.0.4
2026-10-08T06:48:52.6049721Z [1m[92m   Compiling[0m io-lifetimes v3.0.1
2026-10-08T06:48:52.8690458Z [1m[92m   Compiling[0m pet-python-utils v0.1.0 (https://github.com/zed-industries/python-environment-tools.git?rev=5aad7164bfc2a58977b103c8ef8fdd7302ed2e9f#5aad7164)
2026-10-08T06:48:53.2078853Z [1m[92m   Compiling[0m gpui_platform v0.1.0 (/home/runner/work/koda/koda/crates/gpui_platform)
2026-10-08T06:48:53.2610067Z [1m[92m   Compiling[0m spki v0.6.0
2026-10-08T06:48:53.5389274Z [1m[92m   Compiling[0m io-extras v0.19.0
2026-10-08T06:48:53.6139993Z [1m[92m   Compiling[0m pkcs8 v0.9.0
2026-10-08T06:48:53.9170944Z [1m[92m   Compiling[0m crypto-bigint v0.4.9
2026-10-08T06:48:53.9499716Z [1m[92m   Compiling[0m ff v0.12.1
2026-10-08T06:48:54.0340014Z [1m[92m   Compiling[0m cap-primitives v4.0.3
2026-10-08T06:48:54.0479606Z [1m[92m   Compiling[0m base16ct v0.1.1
2026-10-08T06:48:54.2060268Z [1m[92m   Compiling[0m unsafe-libyaml v0.2.11
2026-10-08T06:48:54.3839564Z [1m[92m   Compiling[0m sec1 v0.3.0
2026-10-08T06:48:54.6269785Z [1m[92m   Compiling[0m group v0.12.1
2026-10-08T06:48:54.7119811Z [1m[92m   Compiling[0m fs-set-times v0.20.3
2026-10-08T06:48:54.8482732Z [1m[92m   Compiling[0m aws-smithy-eventstream v0.60.20
2026-10-08T06:48:55.0404261Z [1m[92m   Compiling[0m tokio-stream v0.1.17
2026-10-08T06:48:55.0992808Z [1m[92m   Compiling[0m rustix-linux-procfs v0.1.1
2026-10-08T06:48:55.2178844Z [1m[92m   Compiling[0m cap-std v4.0.3
2026-10-08T06:48:55.3600103Z [1m[92m   Compiling[0m ambient-authority v0.0.2
2026-10-08T06:48:55.4114780Z [1m[92m   Compiling[0m maybe-owned v0.3.4
2026-10-08T06:48:55.4670051Z [1m[92m   Compiling[0m aws-smithy-http v0.63.4
2026-10-08T06:48:55.5140339Z [1m[92m   Compiling[0m cfg-expr v0.20.9
2026-10-08T06:48:55.9372397Z [1m[92m   Compiling[0m elliptic-curve v0.12.3
2026-10-08T06:48:56.0959898Z [1m[92m   Compiling[0m rfc6979 v0.3.1
2026-10-08T06:48:56.1744775Z [1m[92m   Compiling[0m hashlink v0.8.4
2026-10-08T06:48:56.1929757Z [1m[92m   Compiling[0m signature v1.6.4
2026-10-08T06:48:56.2989580Z [1m[92m   Compiling[0m cpufeatures v0.3.0
2026-10-08T06:48:56.3089922Z [1m[92m   Compiling[0m cap-fs-ext v4.0.3
2026-10-08T06:48:56.3487677Z [1m[92m   Compiling[0m portable-atomic v1.11.1
2026-10-08T06:48:56.4539901Z [1m[92m   Compiling[0m version-compare v0.2.0
2026-10-08T06:48:56.5669648Z [1m[92m   Compiling[0m yaml-rust2 v0.8.1
2026-10-08T06:48:56.6838645Z [1m[92m   Compiling[0m system-deps v7.0.7
2026-10-08T06:48:56.7559788Z [1m[92m   Compiling[0m chacha20 v0.10.1
2026-10-08T06:48:57.0171959Z [1m[92m   Compiling[0m ecdsa v0.14.8
2026-10-08T06:48:57.4069987Z [1m[92m   Compiling[0m aws-credential-types v1.2.12
2026-10-08T06:48:57.4949705Z [1m[92m   Compiling[0m aws-types v1.3.12
2026-10-08T06:48:57.6468037Z [1m[92m   Compiling[0m moka v0.12.11
2026-10-08T06:48:57.7719874Z [1m[92m   Compiling[0m p256 v0.11.1
2026-10-08T06:48:57.7937587Z [1m[92m   Compiling[0m rand v0.10.2
2026-10-08T06:48:58.2499997Z [1m[92m   Compiling[0m aws-smithy-http-client v1.1.10
2026-10-08T06:48:58.3880141Z [1m[92m   Compiling[0m aws-smithy-observability v0.2.5
2026-10-08T06:48:58.4809843Z [1m[92m   Compiling[0m wasmtime-wasi-io v48.0.1
2026-10-08T06:48:58.6831359Z [1m[92m   Compiling[0m crypto-bigint v0.5.5
2026-10-08T06:48:59.7200430Z [1m[92m   Compiling[0m extension_host v0.1.0 (/home/runner/work/koda/koda/crates/extension_host)
2026-10-08T06:48:59.7631399Z [1m[92m   Compiling[0m tagptr v0.2.0
2026-10-08T06:48:59.8917183Z [1m[92m   Compiling[0m aws-sigv4 v1.4.0
2026-10-08T06:48:59.9509808Z [1m[92m   Compiling[0m wasmtime-wasi v48.0.1
2026-10-08T06:49:00.7409848Z [1m[92m   Compiling[0m aws-smithy-runtime v1.10.1
2026-10-08T06:49:01.3431260Z [1m[92m   Compiling[0m pet-virtualenv v0.1.0 (https://github.com/zed-industries/python-environment-tools.git?rev=5aad7164bfc2a58977b103c8ef8fdd7302ed2e9f#5aad7164)
2026-10-08T06:49:01.4799774Z [1m[92m   Compiling[0m aws-smithy-json v0.62.5
2026-10-08T06:49:01.7009954Z [1m[92m   Compiling[0m open_ai v0.1.0 (/home/runner/work/koda/koda/crates/open_ai)
2026-10-08T06:49:01.8500219Z [1m[92m   Compiling[0m phf_shared v0.11.3
2026-10-08T06:49:02.0179726Z [1m[92m   Compiling[0m regex-lite v0.1.8
2026-10-08T06:49:02.8600812Z [1m[92m   Compiling[0m scratch v1.0.9 (/home/runner/work/koda/koda/tooling/corgi/patches/scratch)
2026-10-08T06:49:03.2173906Z [1m[92m   Compiling[0m pest v2.8.3
2026-10-08T06:49:04.5769791Z [1m[92m   Compiling[0m aws-runtime v1.7.0
2026-10-08T06:49:05.0150157Z [1m[92m   Compiling[0m phf_generator v0.11.3
2026-10-08T06:49:05.2119542Z [1m[92m   Compiling[0m darling_core v0.23.0
2026-10-08T06:49:06.6000162Z [1m[92m   Compiling[0m anthropic v0.1.0 (/home/runner/work/koda/koda/crates/anthropic)
2026-10-08T06:49:06.9449857Z [1m[92m   Compiling[0m link-cplusplus v1.0.12
2026-10-08T06:49:07.4241785Z [1m[92m   Compiling[0m phf_macros v0.11.3
2026-10-08T06:49:08.1212399Z [1m[92m   Compiling[0m darling_macro v0.23.0
2026-10-08T06:49:08.1313310Z [1m[92m   Compiling[0m pest_meta v2.8.3
2026-10-08T06:49:08.3830563Z [1m[92m   Compiling[0m glib-sys v0.21.5
2026-10-08T06:49:08.5579464Z [1m[92m   Compiling[0m tower-http v0.6.11
2026-10-08T06:49:08.9960529Z [1m[92m   Compiling[0m pbjson-build v0.9.0
2026-10-08T06:49:09.7024696Z [1m[92m   Compiling[0m bincode v1.3.3
2026-10-08T06:49:09.7910078Z [1m[92m   Compiling[0m cxxbridge-flags v1.0.187
2026-10-08T06:49:09.8499869Z [1m[92m   Compiling[0m cxx v1.0.187
2026-10-08T06:49:09.9780346Z [1m[92m   Compiling[0m pbjson-types v0.9.0
2026-10-08T06:49:10.0559975Z [1m[92m   Compiling[0m pest_generator v2.8.3
2026-10-08T06:49:10.1733719Z [1m[92m   Compiling[0m reqwest v0.12.24
2026-10-08T06:49:10.5406670Z [1m[92m   Compiling[0m darling v0.23.0
2026-10-08T06:49:10.6001855Z [1m[92m   Compiling[0m phf v0.11.3
2026-10-08T06:49:10.7269768Z [1m[92m   Compiling[0m gobject-sys v0.21.5
2026-10-08T06:49:10.8851337Z [1m[92m   Compiling[0m pet-jsonrpc v0.1.0 (https://github.com/zed-industries/python-environment-tools.git?rev=5aad7164bfc2a58977b103c8ef8fdd7302ed2e9f#5aad7164)
2026-10-08T06:49:10.9614130Z [1m[92m   Compiling[0m picker_preview v0.1.0 (/home/runner/work/koda/koda/crates/picker_preview)
2026-10-08T06:49:12.5780234Z [1m[92m   Compiling[0m cxx-build v1.0.187
2026-10-08T06:49:14.3471019Z [1m[92m   Compiling[0m webrtc-sys-build v0.3.13 (https://github.com/zed-industries/livekit-rust-sdks?rev=0a1c519cfce9b365229026b55de9b9dbdb6fed3c#0a1c519c)
2026-10-08T06:49:14.8581392Z [1m[92m   Compiling[0m pet-reporter v0.1.0 (https://github.com/zed-industries/python-environment-tools.git?rev=5aad7164bfc2a58977b103c8ef8fdd7302ed2e9f#5aad7164)
2026-10-08T06:49:15.3930011Z [1m[92m   Compiling[0m pest_derive v2.8.3
2026-10-08T06:49:15.6489438Z [1m[92m   Compiling[0m doxygen-rs v0.4.2
2026-10-08T06:49:16.0959826Z [1m[92m   Compiling[0m gio-sys v0.21.5
2026-10-08T06:49:16.7895629Z [1m[92m   Compiling[0m symphonia-core v0.5.5
2026-10-08T06:49:17.5430409Z [1m[92m   Compiling[0m pbjson v0.9.0
2026-10-08T06:49:17.6358732Z [1m[92m   Compiling[0m alsa-sys v0.3.1
2026-10-08T06:49:17.8910856Z [1m[92m   Compiling[0m lmdb-master-sys v0.2.5
2026-10-08T06:49:18.3751959Z [1m[92m   Compiling[0m webrtc-sys v0.3.23 (https://github.com/zed-industries/livekit-rust-sdks?rev=0a1c519cfce9b365229026b55de9b9dbdb6fed3c#0a1c519c)
2026-10-08T06:49:19.1942467Z [1m[92m   Compiling[0m copilot_chat v0.1.0 (/home/runner/work/koda/koda/crates/copilot_chat)
2026-10-08T06:49:19.6138653Z [1m[92m   Compiling[0m livekit-runtime v0.4.0 (https://github.com/zed-industries/livekit-rust-sdks?rev=0a1c519cfce9b365229026b55de9b9dbdb6fed3c#0a1c519c)
2026-10-08T06:49:19.6870066Z [1m[92m   Compiling[0m channel v0.1.0 (/home/runner/work/koda/koda/crates/channel)
2026-10-08T06:49:20.3079960Z [1m[92m   Compiling[0m cxxbridge-macro v1.0.187
2026-10-08T06:49:21.7613477Z [1m[92m   Compiling[0m xmlparser v0.13.6
2026-10-08T06:49:22.1381146Z [1m[92m   Compiling[0m aws-smithy-xml v0.60.15
2026-10-08T06:49:22.3850877Z [1m[92m   Compiling[0m livekit-protocol v0.7.1 (https://github.com/zed-industries/livekit-rust-sdks?rev=0a1c519cfce9b365229026b55de9b9dbdb6fed3c#0a1c519c)
2026-10-08T06:49:27.2589870Z [1m[92m   Compiling[0m symphonia-metadata v0.5.5
2026-10-08T06:49:27.8150752Z [1m[92m   Compiling[0m pet-conda v0.1.0 (https://github.com/zed-industries/python-environment-tools.git?rev=5aad7164bfc2a58977b103c8ef8fdd7302ed2e9f#5aad7164)
2026-10-08T06:49:30.0499330Z [1m[92m   Compiling[0m serde_yaml_ng v0.10.0
2026-10-08T06:49:31.5489873Z [1m[92m   Compiling[0m glib-macros v0.21.5
2026-10-08T06:49:32.2260888Z [1m[92m   Compiling[0m cpal v0.17.1
2026-10-08T06:49:32.3549953Z [1m[92m   Compiling[0m heed v0.21.0
2026-10-08T06:49:32.4859664Z [1m[92m   Compiling[0m extended v0.1.0
2026-10-08T06:49:32.5949904Z [1m[92m   Compiling[0m heed-traits v0.20.0
2026-10-08T06:49:32.6545389Z [1m[92m   Compiling[0m heed-types v0.21.0
2026-10-08T06:49:32.8269143Z [1m[92m   Compiling[0m symphonia-format-riff v0.5.5
2026-10-08T06:49:33.1499881Z [1m[92m   Compiling[0m alsa v0.10.0
2026-10-08T06:49:34.5880395Z [1m[92m   Compiling[0m copilot v0.1.0 (/home/runner/work/koda/koda/crates/copilot)
2026-10-08T06:49:35.0109700Z [1m[92m   Compiling[0m glib v0.21.5
2026-10-08T06:49:37.4968117Z [1m[92m   Compiling[0m symphonia-codec-pcm v0.5.5
2026-10-08T06:49:37.8890484Z [1m[92m   Compiling[0m aws-smithy-query v0.60.15
2026-10-08T06:49:38.0359736Z [1m[92m   Compiling[0m proxyvars v0.2.0
2026-10-08T06:49:38.2042766Z [1m[92m   Compiling[0m synchronoise v1.0.1
2026-10-08T06:49:38.3740013Z [1m[92m   Compiling[0m dasp_sample v0.11.0
2026-10-08T06:49:38.6469634Z [1m[92m   Compiling[0m shell-words v1.1.0
2026-10-08T06:49:40.5940105Z [1m[92m   Compiling[0m aws-sdk-sts v1.98.0
2026-10-08T06:49:43.0817005Z [1m[92m   Compiling[0m symphonia v0.5.5
2026-10-08T06:49:43.1971822Z [1m[92m   Compiling[0m copilot_ui v0.1.0 (/home/runner/work/koda/koda/crates/copilot_ui)
2026-10-08T06:49:43.2780743Z [1m[92m   Compiling[0m agent_skills v0.1.0 (/home/runner/work/koda/koda/crates/agent_skills)
2026-10-08T06:49:44.0580305Z [1m[92m   Compiling[0m notifications v0.1.0 (/home/runner/work/koda/koda/crates/notifications)
2026-10-08T06:49:44.4444047Z [1m[92m   Compiling[0m handlebars v4.5.0
2026-10-08T06:49:44.5059841Z [1m[92m   Compiling[0m aws-sdk-ssooidc v1.96.0
2026-10-08T06:49:45.4824807Z [1m[92m   Compiling[0m aws-sdk-sso v1.94.0
2026-10-08T06:49:46.9880207Z [1m[92m   Compiling[0m ai_onboarding v0.1.0 (/home/runner/work/koda/koda/crates/ai_onboarding)
2026-10-08T06:49:47.4577492Z [1m[92m   Compiling[0m ollama v0.1.0 (/home/runner/work/koda/koda/crates/ollama)
2026-10-08T06:49:47.9139825Z [1m[92m   Compiling[0m rand_distr v0.5.1
2026-10-08T06:49:48.4789807Z [1m[92m   Compiling[0m hound v3.5.1
2026-10-08T06:49:48.6222935Z [1m[92m   Compiling[0m rtrb v0.3.2
2026-10-08T06:49:48.7668107Z [1m[92m   Compiling[0m aws-config v1.8.14
2026-10-08T06:49:48.8280672Z [1m[92m   Compiling[0m rodio v0.21.1 (https://github.com/RustAudio/rodio?rev=e50e726ddd0292f6ef9de0dda6b90af4ed1fb66a#e50e726d)
2026-10-08T06:49:49.9009471Z [1m[92m   Compiling[0m http_proxy v0.1.0 (/home/runner/work/koda/koda/crates/http_proxy)
2026-10-08T06:49:50.3089737Z [1m[92m   Compiling[0m serde_with_macros v3.22.0
2026-10-08T06:49:50.6340255Z [1m[92m   Compiling[0m auto_update v0.1.0 (/home/runner/work/koda/koda/crates/auto_update)
2026-10-08T06:49:51.2008925Z [1m[92m   Compiling[0m simple_asn1 v0.6.3
2026-10-08T06:49:51.7309649Z [1m[92m   Compiling[0m pem v3.0.6
2026-10-08T06:49:52.0222896Z [1m[92m   Compiling[0m jsonwebtoken v10.3.0
2026-10-08T06:49:52.5939829Z [1m[92m   Compiling[0m serde_with v3.22.0
2026-10-08T06:49:53.0160602Z [1m[92m   Compiling[0m prompt_store v0.1.0 (/home/runner/work/koda/koda/crates/prompt_store)
2026-10-08T06:49:53.5260341Z [1m[92m   Compiling[0m json_schema_store v0.1.0 (/home/runner/work/koda/koda/crates/json_schema_store)
2026-10-08T06:49:54.4837234Z [1m[92m   Compiling[0m google_ai v0.1.0 (/home/runner/work/koda/koda/crates/google_ai)
2026-10-08T06:49:54.6159793Z [1m[92m   Compiling[0m seccompiler v0.5.0
2026-10-08T06:49:54.8984418Z [1m[92m   Compiling[0m pet v0.1.0 (https://github.com/zed-industries/python-environment-tools.git?rev=5aad7164bfc2a58977b103c8ef8fdd7302ed2e9f#5aad7164)
2026-10-08T06:49:54.9750082Z [1m[92m   Compiling[0m agent-client-protocol-schema v1.9.1
2026-10-08T06:49:55.0691013Z [1m[92m   Compiling[0m pet-hatch v0.1.0 (https://github.com/zed-industries/python-environment-tools.git?rev=5aad7164bfc2a58977b103c8ef8fdd7302ed2e9f#5aad7164)
2026-10-08T06:49:55.6391013Z [1m[92m   Compiling[0m pet-uv v0.1.0 (https://github.com/zed-industries/python-environment-tools.git?rev=5aad7164bfc2a58977b103c8ef8fdd7302ed2e9f#5aad7164)
2026-10-08T06:49:56.1631212Z [1m[92m   Compiling[0m pet-homebrew v0.1.0 (https://github.com/zed-industries/python-environment-tools.git?rev=5aad7164bfc2a58977b103c8ef8fdd7302ed2e9f#5aad7164)
2026-10-08T06:49:56.2780065Z [1m[92m   Compiling[0m pet-global-virtualenvs v0.1.0 (https://github.com/zed-industries/python-environment-tools.git?rev=5aad7164bfc2a58977b103c8ef8fdd7302ed2e9f#5aad7164)
2026-10-08T06:49:56.4464131Z [1m[92m   Compiling[0m pet-pyenv v0.1.0 (https://github.com/zed-industries/python-environment-tools.git?rev=5aad7164bfc2a58977b103c8ef8fdd7302ed2e9f#5aad7164)
2026-10-08T06:49:56.5931101Z [1m[92m   Compiling[0m pet-env-var-path v0.1.0 (https://github.com/zed-industries/python-environment-tools.git?rev=5aad7164bfc2a58977b103c8ef8fdd7302ed2e9f#5aad7164)
2026-10-08T06:49:56.7641011Z [1m[92m   Compiling[0m pet-pixi v0.1.0 (https://github.com/zed-industries/python-environment-tools.git?rev=5aad7164bfc2a58977b103c8ef8fdd7302ed2e9f#5aad7164)
2026-10-08T06:49:56.8022271Z [1m[92m   Compiling[0m pet-poetry v0.1.0 (https://github.com/zed-industries/python-environment-tools.git?rev=5aad7164bfc2a58977b103c8ef8fdd7302ed2e9f#5aad7164)
2026-10-08T06:49:56.8891543Z [1m[92m   Compiling[0m pet-mac-python-org v0.1.0 (https://github.com/zed-industries/python-environment-tools.git?rev=5aad7164bfc2a58977b103c8ef8fdd7302ed2e9f#5aad7164)
2026-10-08T06:49:57.0840846Z [1m[92m   Compiling[0m pet-pipenv v0.1.0 (https://github.com/zed-industries/python-environment-tools.git?rev=5aad7164bfc2a58977b103c8ef8fdd7302ed2e9f#5aad7164)
2026-10-08T06:49:57.4081676Z [1m[92m   Compiling[0m pet-mac-xcode v0.1.0 (https://github.com/zed-industries/python-environment-tools.git?rev=5aad7164bfc2a58977b103c8ef8fdd7302ed2e9f#5aad7164)
2026-10-08T06:49:57.5439123Z [1m[92m   Compiling[0m pet-virtualenvwrapper v0.1.0 (https://github.com/zed-industries/python-environment-tools.git?rev=5aad7164bfc2a58977b103c8ef8fdd7302ed2e9f#5aad7164)
2026-10-08T06:49:57.5920279Z [1m[92m   Compiling[0m pet-linux-global-python v0.1.0 (https://github.com/zed-industries/python-environment-tools.git?rev=5aad7164bfc2a58977b103c8ef8fdd7302ed2e9f#5aad7164)
2026-10-08T06:49:57.7141032Z [1m[92m   Compiling[0m pet-mac-commandlinetools v0.1.0 (https://github.com/zed-industries/python-environment-tools.git?rev=5aad7164bfc2a58977b103c8ef8fdd7302ed2e9f#5aad7164)
2026-10-08T06:49:57.8911107Z [1m[92m   Compiling[0m pet-venv v0.1.0 (https://github.com/zed-industries/python-environment-tools.git?rev=5aad7164bfc2a58977b103c8ef8fdd7302ed2e9f#5aad7164)
2026-10-08T06:49:57.9430757Z [1m[92m   Compiling[0m pet-telemetry v0.1.0 (https://github.com/zed-industries/python-environment-tools.git?rev=5aad7164bfc2a58977b103c8ef8fdd7302ed2e9f#5aad7164)
2026-10-08T06:49:58.0454732Z [1m[92m   Compiling[0m agent-client-protocol-derive v2.2.0
2026-10-08T06:49:58.5166774Z [1m[92m   Compiling[0m sandbox v0.1.0 (/home/runner/work/koda/koda/crates/sandbox)
2026-10-08T06:49:58.9500168Z [1m[92m   Compiling[0m action_log v0.1.0 (/home/runner/work/koda/koda/crates/action_log)
2026-10-08T06:50:00.3405228Z [1m[92m   Compiling[0m remote_connection v0.1.0 (/home/runner/work/koda/koda/crates/remote_connection)
2026-10-08T06:50:00.7740895Z [1m[92m   Compiling[0m aws-sdk-bedrockruntime v1.125.0
2026-10-08T06:50:01.9200985Z [1m[92m   Compiling[0m livekit_api v0.1.0 (/home/runner/work/koda/koda/crates/livekit_api)
2026-10-08T06:50:02.3627638Z [1m[92m   Compiling[0m x_ai v0.1.0 (/home/runner/work/koda/koda/crates/x_ai)
2026-10-08T06:50:02.6029891Z [1m[92m   Compiling[0m dotenvy v0.15.7
2026-10-08T06:50:03.0004808Z [1m[92m   Compiling[0m languages v0.1.0 (/home/runner/work/koda/koda/crates/languages)
2026-10-08T06:50:09.8273964Z [1m[92m   Compiling[0m darling_core v0.20.11
2026-10-08T06:50:10.6149341Z [1m[92m   Compiling[0m bedrock v0.1.0 (/home/runner/work/koda/koda/crates/bedrock)
2026-10-08T06:50:11.5550417Z [1m[92m   Compiling[0m x_ai_subscribed v0.1.0 (/home/runner/work/koda/koda/crates/x_ai_subscribed)
2026-10-08T06:50:12.4809963Z [1m[92m   Compiling[0m darling_macro v0.20.11
2026-10-08T06:50:12.6594422Z [1m[92m   Compiling[0m opencode v0.1.0 (/home/runner/work/koda/koda/crates/opencode)
2026-10-08T06:50:12.7359299Z [1m[92m   Compiling[0m language_models_cloud v0.1.0 (/home/runner/work/koda/koda/crates/language_models_cloud)
2026-10-08T06:50:13.0002081Z [1m[92m   Compiling[0m openai_subscribed v0.1.0 (/home/runner/work/koda/koda/crates/openai_subscribed)
2026-10-08T06:50:13.5950175Z [1m[92m   Compiling[0m open_router v0.1.0 (/home/runner/work/koda/koda/crates/open_router)
2026-10-08T06:50:14.5190457Z [1m[92m   Compiling[0m aws_http_client v0.1.0 (/home/runner/work/koda/koda/crates/aws_http_client)
2026-10-08T06:50:14.7669825Z [1m[92m   Compiling[0m agent-client-protocol v2.2.0
2026-10-08T06:50:15.2170061Z [1m[92m   Compiling[0m lmstudio v0.1.0 (/home/runner/work/koda/koda/crates/lmstudio)
2026-10-08T06:50:16.2420254Z [1m[92m   Compiling[0m llama_cpp v0.1.0 (/home/runner/work/koda/koda/crates/llama_cpp)
2026-10-08T06:50:17.4645998Z [1m[92m   Compiling[0m mistral v0.1.0 (/home/runner/work/koda/koda/crates/mistral)
2026-10-08T06:50:18.8130646Z [1m[92m   Compiling[0m deepseek v0.1.0 (/home/runner/work/koda/koda/crates/deepseek)
2026-10-08T06:50:19.7840055Z [1m[92m   Compiling[0m crc-catalog v2.4.0
2026-10-08T06:50:19.8617156Z [1m[92m   Compiling[0m crc v3.3.0
2026-10-08T06:50:19.9413074Z [1m[92m   Compiling[0m darling v0.20.11
2026-10-08T06:50:20.0359968Z [1m[92m   Compiling[0m nanoid v0.4.0
2026-10-08T06:50:20.1577757Z [1m[92m   Compiling[0m peg-runtime v0.8.5
2026-10-08T06:50:20.4100280Z [1m[92m   Compiling[0m acp_thread v0.1.0 (/home/runner/work/koda/koda/crates/acp_thread)
2026-10-08T06:50:22.2140426Z [1m[92m   Compiling[0m peg-macros v0.8.5
2026-10-08T06:50:23.4902505Z [1m[92m   Compiling[0m cached_proc_macro v0.25.0
2026-10-08T06:50:24.3665731Z [1m[92m   Compiling[0m language_models v0.1.0 (/home/runner/work/koda/koda/crates/language_models)
2026-10-08T06:50:25.7546391Z [1m[92m   Compiling[0m git_ui_core v0.1.0 (/home/runner/work/koda/koda/crates/git_ui_core)
2026-10-08T06:50:29.2599745Z [1m[92m   Compiling[0m bon-macros v3.8.2
2026-10-08T06:50:30.3930115Z [1m[92m   Compiling[0m tokio-tungstenite v0.28.0
2026-10-08T06:50:30.9679836Z [1m[92m   Compiling[0m cached_proc_macro_types v0.1.1
2026-10-08T06:50:31.0300717Z [1m[92m   Compiling[0m livekit v0.7.32 (https://github.com/zed-industries/livekit-rust-sdks?rev=0a1c519cfce9b365229026b55de9b9dbdb6fed3c#0a1c519c)
2026-10-08T06:50:31.4289922Z [1m[92m   Compiling[0m peg v0.8.5
2026-10-08T06:50:31.5129733Z [1m[92m   Compiling[0m cached v0.56.0
2026-10-08T06:50:31.9251443Z [1m[92m   Compiling[0m livekit-api v0.4.14 (https://github.com/zed-industries/livekit-rust-sdks?rev=0a1c519cfce9b365229026b55de9b9dbdb6fed3c#0a1c519c)
2026-10-08T06:50:32.7080599Z [1m[92m   Compiling[0m open_path_prompt v0.1.0 (/home/runner/work/koda/koda/crates/open_path_prompt)
2026-10-08T06:50:33.3648127Z [1m[92m   Compiling[0m bon v3.8.2
2026-10-08T06:50:33.4380406Z [1m[92m   Compiling[0m terminal_view v0.1.0 (/home/runner/work/koda/koda/crates/terminal_view)
2026-10-08T06:50:34.4766523Z [1m[92m   Compiling[0m bmrng v0.5.2
2026-10-08T06:50:34.6217493Z [1m[92m   Compiling[0m utf8-chars v3.0.6
2026-10-08T06:50:34.7388513Z [1m[92m   Compiling[0m indenter v0.3.4
2026-10-08T06:50:34.8075772Z [1m[92m   Compiling[0m similar v2.7.0
2026-10-08T06:50:35.6030148Z [1m[92m   Compiling[0m brush-parser v0.3.0
2026-10-08T06:50:37.0564318Z [1m[92m   Compiling[0m platform_title_bar v0.1.0 (/home/runner/work/koda/koda/crates/platform_title_bar)
2026-10-08T06:50:38.5544905Z [1m[92m   Compiling[0m html_to_markdown v0.1.0 (/home/runner/work/koda/koda/crates/html_to_markdown)
2026-10-08T06:50:38.5891480Z [1m[92m   Compiling[0m webpki-roots v0.26.8
2026-10-08T06:50:38.6637556Z [1m[92m   Compiling[0m hashlink v0.10.0
2026-10-08T06:50:38.6791162Z [1m[92m   Compiling[0m edit_prediction_metrics v0.1.0 (/home/runner/work/koda/koda/crates/edit_prediction_metrics)
2026-10-08T06:50:38.9486883Z [1m[92m   Compiling[0m search v0.1.0 (/home/runner/work/koda/koda/crates/search)
2026-10-08T06:50:39.4529992Z [1m[92m   Compiling[0m serde_yaml v0.9.34+deprecated
2026-10-08T06:50:40.3580288Z [1m[92m   Compiling[0m web_search v0.1.0 (/home/runner/work/koda/koda/crates/web_search)
2026-10-08T06:50:40.6856238Z [1m[92m   Compiling[0m scroll_derive v0.12.1
2026-10-08T06:50:41.1443166Z [1m[92m   Compiling[0m bigdecimal v0.4.8
2026-10-08T06:50:41.2200197Z [1m[92m   Compiling[0m rust_decimal v1.39.0
2026-10-08T06:50:41.3839902Z [1m[92m   Compiling[0m scroll v0.12.0
2026-10-08T06:50:41.6381286Z [1m[92m   Compiling[0m shell_command_parser v0.1.0 (/home/runner/work/koda/koda/crates/shell_command_parser)
2026-10-08T06:50:42.9853752Z [1m[92m   Compiling[0m agent_servers v0.1.0 (/home/runner/work/koda/koda/crates/agent_servers)
2026-10-08T06:50:44.0697651Z [1m[92m   Compiling[0m edit_prediction_context v0.1.0 (/home/runner/work/koda/koda/crates/edit_prediction_context)
2026-10-08T06:50:45.6169757Z [1m[92m   Compiling[0m language_extension v0.1.0 (/home/runner/work/koda/koda/crates/language_extension)
2026-10-08T06:50:46.7520026Z [1m[92m   Compiling[0m openssl-sys v0.9.117
2026-10-08T06:50:46.8640417Z [1m[92m   Compiling[0m streaming_diff v0.1.0 (/home/runner/work/koda/koda/crates/streaming_diff)
2026-10-08T06:50:47.1641838Z [1m[92m   Compiling[0m atoi v2.0.0
2026-10-08T06:50:48.3351206Z [1m[92m   Compiling[0m debug_adapter_extension v0.1.0 (/home/runner/work/koda/koda/crates/debug_adapter_extension)
2026-10-08T06:50:48.5217196Z [1m[92m   Compiling[0m futures-intrusive v0.5.0
2026-10-08T06:50:48.9987803Z [1m[92m   Compiling[0m unicode-normalization v0.1.25
2026-10-08T06:50:49.4005756Z [1m[92m   Compiling[0m debugid v0.8.0
2026-10-08T06:50:49.4285505Z [1m[92m   Compiling[0m process-reader v0.1.0
2026-10-08T06:50:49.6019905Z [1m[92m   Compiling[0m smart-default v0.7.1
2026-10-08T06:50:49.7745358Z [1m[92m   Compiling[0m num-derive v0.4.2
2026-10-08T06:50:50.0660259Z [1m[92m   Compiling[0m range-map v0.2.0
2026-10-08T06:50:50.2360098Z [1m[92m   Compiling[0m crash-context v0.8.0
2026-10-08T06:50:50.3210128Z [1m[92m   Compiling[0m minidump-writer v0.13.0
2026-10-08T06:50:50.4509576Z [1m[92m   Compiling[0m plain v0.2.3
2026-10-08T06:50:50.5219602Z [1m[92m   Compiling[0m goblin v0.9.3
2026-10-08T06:50:50.6779899Z [1m[92m   Compiling[0m minidump-common v0.26.1
2026-10-08T06:50:53.0449312Z [1m[92m   Compiling[0m process-backend v0.1.0
2026-10-08T06:50:53.3395102Z [1m[92m   Compiling[0m sqlx-core v0.8.6
2026-10-08T06:50:54.0045636Z [1m[92m   Compiling[0m stringprep v0.1.5
2026-10-08T06:50:55.1340004Z [1m[92m   Compiling[0m agent v0.1.0 (/home/runner/work/koda/koda/crates/agent)
2026-10-08T06:50:55.6969532Z [1m[92m   Compiling[0m edit_prediction v0.1.0 (/home/runner/work/koda/koda/crates/edit_prediction)
2026-10-08T06:50:56.4867496Z [1m[92m   Compiling[0m h2 v0.3.27
2026-10-08T06:51:01.2009823Z [1m[92m   Compiling[0m procfs-core v0.18.0
2026-10-08T06:51:03.7309812Z [1m[92m   Compiling[0m error-graph v0.1.1
2026-10-08T06:51:03.8379934Z [1m[92m   Compiling[0m socket2 v0.5.10
2026-10-08T06:51:04.2800132Z [1m[92m   Compiling[0m pciid-parser v0.8.0
2026-10-08T06:51:04.6348156Z [1m[92m   Compiling[0m human_bytes v0.4.3
2026-10-08T06:51:04.6993335Z [1m[92m   Compiling[0m whoami v1.6.1
2026-10-08T06:51:04.9610006Z [1m[92m   Compiling[0m base64 v0.21.7
2026-10-08T06:51:05.2869959Z [1m[92m   Compiling[0m failspot v0.2.0
2026-10-08T06:51:05.3410244Z [1m[92m   Compiling[0m system_specs v0.1.0 (/home/runner/work/koda/koda/crates/system_specs)
2026-10-08T06:51:05.7368860Z [1m[92m   Compiling[0m hyper v0.14.32
2026-10-08T06:51:09.6150093Z [1m[92m   Compiling[0m dev_container v0.1.0 (/home/runner/work/koda/koda/crates/dev_container)
2026-10-08T06:51:12.7021115Z [1m[92m   Compiling[0m flume v0.11.1
2026-10-08T06:51:13.5069753Z [1m[92m   Compiling[0m uds v0.4.2
2026-10-08T06:51:13.9243334Z [1m[92m   Compiling[0m foreign-types-shared v0.1.1
2026-10-08T06:51:13.9826920Z [1m[92m   Compiling[0m openssl v0.10.81
2026-10-08T06:51:14.0792683Z [1m[92m   Compiling[0m foreign-types v0.3.2
2026-10-08T06:51:14.1301472Z [1m[92m   Compiling[0m minidumper v0.11.0
2026-10-08T06:51:16.6949890Z [1m[92m   Compiling[0m sqlx-postgres v0.8.6
2026-10-08T06:51:20.3330956Z [1m[92m   Compiling[0m sqlx-sqlite v0.8.6
2026-10-08T06:51:21.6708916Z [1m[92m   Compiling[0m cargo_toml v0.21.0
2026-10-08T06:51:24.0630233Z [1m[92m   Compiling[0m crash-handler v0.8.0
2026-10-08T06:51:24.3031057Z [1m[92m   Compiling[0m dap_adapters v0.1.0 (/home/runner/work/koda/koda/crates/dap_adapters)
2026-10-08T06:51:24.5894244Z [1m[92m   Compiling[0m headers-core v0.2.0
2026-10-08T06:51:25.1919924Z [1m[92m   Compiling[0m openssl-macros v0.1.1
2026-10-08T06:51:25.5279755Z [1m[92m   Compiling[0m heck v0.4.1
2026-10-08T06:51:25.7499803Z [1m[92m   Compiling[0m proc-macro2-diagnostics v0.10.1
2026-10-08T06:51:25.8750348Z [1m[92m   Compiling[0m borrow-or-share v0.2.4
2026-10-08T06:51:25.9410284Z [1m[92m   Compiling[0m native-tls v0.2.18
2026-10-08T06:51:26.0741024Z [1m[92m   Compiling[0m windows_resources v0.1.0 (/home/runner/work/koda/koda/crates/windows_resources)
2026-10-08T06:51:26.1639778Z [1m[92m   Compiling[0m fluent-uri v0.4.1
2026-10-08T06:51:27.7487191Z [1m[92m   Compiling[0m headers v0.3.9
2026-10-08T06:51:28.5436504Z [1m[92m   Compiling[0m remote_server v0.1.0 (/home/runner/work/koda/koda/crates/remote_server)
2026-10-08T06:51:28.5620075Z [1m[92m   Compiling[0m sqlx-macros-core v0.8.6
2026-10-08T06:51:28.8157234Z [1m[92m   Compiling[0m recent_projects v0.1.0 (/home/runner/work/koda/koda/crates/recent_projects)
2026-10-08T06:51:30.4050563Z [1m[92m   Compiling[0m fraction v0.16.0
2026-10-08T06:51:33.1991700Z [1m[92m   Compiling[0m num-cmp v0.1.0
2026-10-08T06:51:33.4868915Z [1m[92m   Compiling[0m micromap v0.3.0
2026-10-08T06:51:33.7309601Z [1m[92m   Compiling[0m bytecount v0.6.9
2026-10-08T06:51:33.9049467Z [1m[92m   Compiling[0m jsonschema-value v0.51.0
2026-10-08T06:51:34.3130190Z [1m[92m   Compiling[0m referencing v0.51.0
2026-10-08T06:51:39.5227450Z [1m[92m   Compiling[0m sqlx-macros v0.8.6
2026-10-08T06:51:40.0250884Z [1m[92m   Compiling[0m crashes v0.1.0 (/home/runner/work/koda/koda/crates/crashes)
2026-10-08T06:51:40.9250279Z [1m[92m   Compiling[0m eval_utils v0.1.0 (/home/runner/work/koda/koda/crates/eval_utils)
2026-10-08T06:51:41.2099714Z [1m[92m   Compiling[0m uuid-simd v0.8.0
2026-10-08T06:51:41.3132132Z [1m[92m   Compiling[0m axum-core v0.3.4
2026-10-08T06:51:41.8269870Z [1m[92m   Compiling[0m email_address v0.2.9
2026-10-08T06:51:42.0470443Z [1m[92m   Compiling[0m inherent v1.0.13
2026-10-08T06:51:42.0672012Z [1m[92m   Compiling[0m jsonschema-regex v0.51.0
2026-10-08T06:51:42.3742215Z [1m[92m   Compiling[0m ordered-float v4.6.0
2026-10-08T06:51:42.4630006Z [1m[92m   Compiling[0m cargo-platform v0.3.2
2026-10-08T06:51:42.7879828Z [1m[92m   Compiling[0m protobuf v3.7.2
2026-10-08T06:51:43.0209704Z [1m[92m   Compiling[0m sea-query v0.32.7
2026-10-08T06:51:43.6988118Z [1m[92m   Compiling[0m jsonschema v0.51.0
2026-10-08T06:51:46.0059902Z [1m[92m   Compiling[0m sqlx v0.8.6
2026-10-08T06:51:47.9149903Z [1m[92m   Compiling[0m ouroboros_macro v0.18.5
2026-10-08T06:51:49.2669759Z [1m[92m   Compiling[0m tokio-native-tls v0.3.1
2026-10-08T06:51:50.2671853Z [1m[92m   Compiling[0m sea-bae v0.2.2
2026-10-08T06:51:50.8289688Z [1m[92m   Compiling[0m crc-fast v1.9.0
2026-10-08T06:51:53.9647907Z [1m[92m   Compiling[0m command_palette v0.1.0 (/home/runner/work/koda/koda/crates/command_palette)
2026-10-08T06:51:54.0822809Z [1m[92m   Compiling[0m tungstenite v0.20.1
2026-10-08T06:51:54.8696462Z [1m[92m   Compiling[0m android_ui v0.1.0 (/home/runner/work/koda/koda/crates/android_ui)
2026-10-08T06:51:57.0820483Z [1m[92m   Compiling[0m time_format v0.1.0 (/home/runner/work/koda/koda/crates/time_format)
2026-10-08T06:51:58.6799878Z [1m[92m   Compiling[0m axum v0.6.20
2026-10-08T06:51:58.7939216Z [1m[92m   Compiling[0m protobuf-support v3.7.2
2026-10-08T06:51:58.8139204Z [1m[92m   Compiling[0m async-stream-impl v0.3.6
2026-10-08T06:51:59.2260816Z [1m[92m   Compiling[0m sync_wrapper v0.1.2
2026-10-08T06:51:59.2956462Z [1m[92m   Compiling[0m aliasable v0.1.3
2026-10-08T06:51:59.3749724Z [1m[92m   Compiling[0m prometheus v0.14.0
2026-10-08T06:51:59.4281308Z [1m[92m   Compiling[0m ouroboros v0.18.5
2026-10-08T06:51:59.4901727Z [1m[92m   Compiling[0m async-stream v0.3.6
2026-10-08T06:52:04.8880636Z [1m[92m   Compiling[0m tokio-tungstenite v0.20.1
2026-10-08T06:52:05.1403423Z [1m[92m   Compiling[0m aws-smithy-checksums v0.64.4
2026-10-08T06:52:05.6724468Z [1m[92m   Compiling[0m sea-orm-macros v1.1.10
2026-10-08T06:52:06.1139755Z [1m[92m   Compiling[0m hyper-tls v0.5.0
2026-10-08T06:52:08.4019989Z [1m[92m   Compiling[0m sea-query-binder v0.7.0
2026-10-08T06:52:09.3008718Z [1m[92m   Compiling[0m rustls-pemfile v1.0.4
2026-10-08T06:52:09.5060084Z [1m[92m   Compiling[0m tower v0.4.13
2026-10-08T06:52:09.8844602Z [1m[92m   Compiling[0m clap_complete v4.5.59
2026-10-08T06:52:10.5490423Z [1m[92m   Compiling[0m proc-macro-error-attr v1.0.4
2026-10-08T06:52:10.6689747Z [1m[92m   Compiling[0m rand v0.4.6
2026-10-08T06:52:11.3137563Z [1m[92m   Compiling[0m fastrand v1.9.0
2026-10-08T06:52:11.5138601Z [1m[92m   Compiling[0m strum v0.26.3
2026-10-08T06:52:11.5800088Z [1m[92m   Compiling[0m http-range-header v0.3.1
2026-10-08T06:52:11.7599000Z [1m[92m   Compiling[0m matchit v0.7.3
2026-10-08T06:52:12.4084306Z [1m[92m   Compiling[0m tower-http v0.4.4
2026-10-08T06:52:13.1414827Z [1m[92m   Compiling[0m sea-orm v1.1.10
2026-10-08T06:52:16.4344339Z [1m[92m   Compiling[0m futures-lite v1.13.0
2026-10-08T06:52:17.2379438Z [1m[92m   Compiling[0m rand v0.3.23
2026-10-08T06:52:17.3389885Z [1m[92m   Compiling[0m reqwest v0.11.27
2026-10-08T06:52:21.1834034Z [1m[92m   Compiling[0m aws-sdk-s3 v1.123.0
2026-10-08T06:52:23.1350160Z [1m[92m   Compiling[0m cargo_metadata v0.23.1
2026-10-08T06:52:24.8110252Z [1m[92m   Compiling[0m codestral v0.1.0 (/home/runner/work/koda/koda/crates/codestral)
2026-10-08T06:52:25.0939740Z [1m[92m   Compiling[0m aws-sdk-kinesis v1.100.0
2026-10-08T06:52:26.1540209Z [1m[92m   Compiling[0m tasks_ui v0.1.0 (/home/runner/work/koda/koda/crates/tasks_ui)
2026-10-08T06:52:28.4857509Z [1m[92m   Compiling[0m debugger_tools v0.1.0 (/home/runner/work/koda/koda/crates/debugger_tools)
2026-10-08T06:52:30.5539668Z [1m[92m   Compiling[0m dashmap v6.1.0
2026-10-08T06:52:31.0020129Z [1m[92m   Compiling[0m jupyter-protocol v1.4.0
2026-10-08T06:52:35.1706485Z [1m[92m   Compiling[0m envy v0.4.2
2026-10-08T06:52:35.3290474Z [1m[92m   Compiling[0m parse_int v0.9.0
2026-10-08T06:52:35.4180135Z [1m[92m   Compiling[0m proc-macro-error v1.0.4
2026-10-08T06:52:35.5379746Z [1m[92m   Compiling[0m sdd v4.6.2
2026-10-08T06:52:35.9525205Z [1m[92m   Compiling[0m saa v5.4.9
2026-10-08T06:52:36.3006373Z [1m[92m   Compiling[0m scc v3.5.6
2026-10-08T06:52:36.9469989Z [1m[92m   Compiling[0m octocrab v0.49.7
2026-10-08T06:52:37.5183926Z [1m[92m   Compiling[0m random_choice v0.3.2
2026-10-08T06:52:37.5479881Z [1m[92m   Compiling[0m async-dispatcher v0.1.2
2026-10-08T06:52:37.5912130Z [1m[92m   Compiling[0m cli v0.1.0 (/home/runner/work/koda/koda/crates/cli)
2026-10-08T06:52:37.7847455Z [1m[92m   Compiling[0m darling_core v0.21.3
2026-10-08T06:52:37.8381015Z [1m[92m   Compiling[0m markdown_preview v0.1.0 (/home/runner/work/koda/koda/crates/markdown_preview)
2026-10-08T06:52:40.4650423Z [1m[92m   Compiling[0m console v0.16.3
2026-10-08T06:52:40.6279938Z [1m[92m   Compiling[0m rand_pcg v0.3.1
2026-10-08T06:52:40.7589831Z [1m[92m   Compiling[0m itertools v0.10.5
2026-10-08T06:52:41.0087728Z [1m[92m   Compiling[0m asynchronous-codec v0.7.0
2026-10-08T06:52:41.2491501Z [1m[92m   Compiling[0m triomphe v0.1.15
2026-10-08T06:52:41.5367307Z [1m[92m   Compiling[0m snafu-derive v0.8.9
2026-10-08T06:52:41.8721094Z [1m[92m   Compiling[0m sha-1 v0.10.1
2026-10-08T06:52:42.0030184Z [1m[92m   Compiling[0m errno v0.2.8
2026-10-08T06:52:42.1250335Z [1m[92m   Compiling[0m shingles v0.1.1
2026-10-08T06:52:42.2899716Z [1m[92m   Compiling[0m siphasher v0.3.11
2026-10-08T06:52:42.4740645Z [1m[92m   Compiling[0m guppy-workspace-hack v0.1.0
2026-10-08T06:52:42.5790272Z [1m[92m   Compiling[0m edit_prediction_cli v0.1.0 (/home/runner/work/koda/koda/crates/edit_prediction_cli)
2026-10-08T06:52:42.8099701Z [1m[92m   Compiling[0m gaoya v0.2.0
2026-10-08T06:52:43.4789767Z [1m[92m   Compiling[0m snafu v0.8.9
2026-10-08T06:52:43.7560141Z [1m[92m   Compiling[0m exec v0.3.1
2026-10-08T06:52:43.7720030Z [1m[92m   Compiling[0m zeromq v0.5.0
2026-10-08T06:52:43.9210098Z [1m[92m   Compiling[0m dialoguer v0.12.0
2026-10-08T06:52:44.4510052Z [1m[92m   Compiling[0m darling_macro v0.21.3
2026-10-08T06:52:44.7138032Z [1m[92m   Compiling[0m collab v0.44.0 (/home/runner/work/koda/koda/crates/collab)
2026-10-08T06:52:46.7282259Z [1m[92m   Compiling[0m debugger_ui v0.1.0 (/home/runner/work/koda/koda/crates/debugger_ui)
2026-10-08T06:52:58.8040664Z [1m[92m   Compiling[0m edit_prediction_ui v0.1.0 (/home/runner/work/koda/koda/crates/edit_prediction_ui)
2026-10-08T06:53:00.9413189Z [1m[92m   Compiling[0m clap_complete_nushell v4.6.0
2026-10-08T06:53:01.1688823Z [1m[92m   Compiling[0m file_finder v0.1.0 (/home/runner/work/koda/koda/crates/file_finder)
2026-10-08T06:53:02.2490732Z [1m[92m   Compiling[0m outline v0.1.0 (/home/runner/work/koda/koda/crates/outline)
2026-10-08T06:53:03.7691261Z [1m[92m   Compiling[0m ipc-channel v0.19.0
2026-10-08T06:53:04.1019915Z [1m[92m   Compiling[0m tungstenite v0.21.0
2026-10-08T06:53:04.6137314Z [1m[92m   Compiling[0m inotify v0.9.6
2026-10-08T06:53:04.9549736Z [1m[92m   Compiling[0m hyper-timeout v0.5.2
2026-10-08T06:53:04.9849881Z [1m[92m   Compiling[0m simplelog v0.12.2
2026-10-08T06:53:05.1182844Z [1m[92m   Compiling[0m secrecy v0.10.3
2026-10-08T06:53:05.2389733Z [1m[92m   Compiling[0m mio v0.8.11
2026-10-08T06:53:05.5060137Z [1m[92m   Compiling[0m proptest-derive v0.8.0
2026-10-08T06:53:05.5894016Z [1m[92m   Compiling[0m fork v0.4.0
2026-10-08T06:53:05.7372219Z [1m[92m   Compiling[0m target-spec v3.7.0
2026-10-08T06:53:05.9277065Z [1m[92m   Compiling[0m pulldown-cmark v0.10.3
2026-10-08T06:53:06.1020068Z [1m[92m   Compiling[0m notify v6.1.1
2026-10-08T06:53:07.1572518Z [1m[92m   Compiling[0m tokio-tungstenite v0.21.0
2026-10-08T06:53:10.1026920Z [1m[92m   Compiling[0m merge_derive v0.1.0
2026-10-08T06:53:10.4478731Z [1m[92m   Compiling[0m runtimelib v1.4.0
2026-10-08T06:53:11.6159730Z [1m[92m   Compiling[0m darling v0.21.3
2026-10-08T06:53:11.7359867Z [1m[92m   Compiling[0m nbformat v1.2.0
2026-10-08T06:53:13.6709946Z [1m[92m   Compiling[0m jupyter-websocket-client v1.1.0
2026-10-08T06:53:14.6738137Z [1m[92m   Compiling[0m cssparser v0.37.0
2026-10-08T06:53:15.8811196Z [1m[92m   Compiling[0m extension_suggest v0.1.0 (/home/runner/work/koda/koda/crates/extension_suggest)
2026-10-08T06:53:16.0910007Z [1m[92m   Compiling[0m tree-sitter-embedded-template v0.23.2
2026-10-08T06:53:16.2459842Z [1m[92m   Compiling[0m tree-sitter-elixir v0.3.4
2026-10-08T06:53:16.4044518Z [1m[92m   Compiling[0m tree-sitter-heex v0.0.1 (https://github.com/zed-industries/tree-sitter-heex?rev=1dd45142fbb05562e35b2040c6129c9bca346592#1dd45142)
2026-10-08T06:53:16.5698960Z [1m[92m   Compiling[0m tree-sitter-ruby v0.23.1
2026-10-08T06:53:16.7288673Z [1m[92m   Compiling[0m pulldown-cmark-escape v0.10.1
2026-10-08T06:53:16.8219785Z [1m[92m   Compiling[0m maplit v1.0.2
2026-10-08T06:53:16.8809722Z [1m[92m   Compiling[0m ammonia v4.1.4
2026-10-08T06:53:25.6969505Z [1m[92m   Compiling[0m libwebrtc v0.3.26 (https://github.com/zed-industries/livekit-rust-sdks?rev=0a1c519cfce9b365229026b55de9b9dbdb6fed3c#0a1c519c)
2026-10-08T06:53:27.7264661Z [1m[92m   Compiling[0m audio v0.1.0 (/home/runner/work/koda/koda/crates/audio)
2026-10-08T06:53:28.9537639Z [1m[92m   Compiling[0m agent_ui v0.1.0 (/home/runner/work/koda/koda/crates/agent_ui)
2026-10-08T06:53:30.5020269Z [1m[92m   Compiling[0m settings_ui v0.1.0 (/home/runner/work/koda/koda/crates/settings_ui)
2026-10-08T06:53:32.6934399Z [1m[92m   Compiling[0m livekit_client v0.1.0 (/home/runner/work/koda/koda/crates/livekit_client)
2026-10-08T06:53:34.3211516Z [1m[92m   Compiling[0m call v0.1.0 (/home/runner/work/koda/koda/crates/call)
2026-10-08T06:53:36.7780415Z [1m[92m   Compiling[0m git_ui v0.1.0 (/home/runner/work/koda/koda/crates/git_ui)
2026-10-08T06:53:37.7990199Z [1m[92m   Compiling[0m title_bar v0.1.0 (/home/runner/work/koda/koda/crates/title_bar)
2026-10-08T06:53:41.3413982Z [1m[92m   Compiling[0m collab_ui v0.1.0 (/home/runner/work/koda/koda/crates/collab_ui)
2026-10-08T06:53:48.0677504Z [1m[92m   Compiling[0m derive_setters v0.1.9
2026-10-08T06:53:48.5511157Z [1m[92m   Compiling[0m merge v0.1.0
2026-10-08T06:53:48.8236298Z [1m[92m   Compiling[0m warp v0.3.7
2026-10-08T06:53:49.1181688Z [1m[92m   Compiling[0m notify-debouncer-mini v0.4.1
2026-10-08T06:53:49.7317905Z [1m[92m   Compiling[0m outline_panel v0.1.0 (/home/runner/work/koda/koda/crates/outline_panel)
2026-10-08T06:53:51.8050382Z [1m[92m   Compiling[0m project_panel v0.1.0 (/home/runner/work/koda/koda/crates/project_panel)
2026-10-08T06:53:54.1240218Z [1m[92m   Compiling[0m vim v0.1.0 (/home/runner/work/koda/koda/crates/vim)
2026-10-08T06:53:59.1530584Z [1m[92m   Compiling[0m auto_update_helper v0.1.0 (/home/runner/work/koda/koda/crates/auto_update_helper)
2026-10-08T06:53:59.2606342Z [1m[92m   Compiling[0m zed v1.23.0 (/home/runner/work/koda/koda/crates/zed)
2026-10-08T06:53:59.7850008Z [1m[92m   Compiling[0m component_preview v0.1.0 (/home/runner/work/koda/koda/crates/component_preview)
2026-10-08T06:54:01.5468982Z [1m[92m   Compiling[0m handlebars v5.1.2
2026-10-08T06:54:02.1734279Z [1m[92m   Compiling[0m go_to_line v0.1.0 (/home/runner/work/koda/koda/crates/go_to_line)
2026-10-08T06:54:03.0750556Z [1m[92m   Compiling[0m theme_extension v0.1.0 (/home/runner/work/koda/koda/crates/theme_extension)
2026-10-08T06:54:03.7145764Z [1m[92m   Compiling[0m opener v0.7.2
2026-10-08T06:54:04.2622179Z [1m[92m   Compiling[0m cargo-platform v0.1.9
2026-10-08T06:54:04.3017323Z [1m[92m   Compiling[0m elasticlunr-rs v3.0.2
2026-10-08T06:54:04.5089743Z [1m[92m   Compiling[0m toml v0.5.11
2026-10-08T06:54:05.0580038Z [1m[92m   Compiling[0m strum_macros v0.27.2
2026-10-08T06:54:05.3591904Z [1m[92m   Compiling[0m gh-workflow-macros v0.8.0 (https://github.com/zed-industries/gh-workflow?rev=37f3c0575d379c218a9c455ee67585184e40d43f#37f3c057)
2026-10-08T06:54:05.7070068Z [1m[92m   Compiling[0m gpui_apple v0.1.0 (/home/runner/work/koda/koda/crates/gpui_apple)
2026-10-08T06:54:05.8029990Z [1m[92m   Compiling[0m nested v0.1.1
2026-10-08T06:54:05.8257936Z [1m[92m   Compiling[0m gpui_windows v0.1.0 (/home/runner/work/koda/koda/crates/gpui_windows)
2026-10-08T06:54:05.9440022Z [1m[92m   Compiling[0m eval_cli v0.1.0 (/home/runner/work/koda/koda/crates/eval_cli)
2026-10-08T06:54:05.9589780Z [1m[92m   Compiling[0m debug-ignore v1.0.5
2026-10-08T06:54:06.0282705Z [1m[92m   Compiling[0m topological-sort v0.2.2
2026-10-08T06:54:06.1583689Z [1m[92m   Compiling[0m mdbook v0.4.40
2026-10-08T06:54:06.2039897Z [1m[92m   Compiling[0m guppy v0.18.0
2026-10-08T06:54:07.1896453Z [1m[92m   Compiling[0m gh-workflow v0.8.0 (https://github.com/zed-industries/gh-workflow?rev=37f3c0575d379c218a9c455ee67585184e40d43f#37f3c057)
2026-10-08T06:54:09.4159926Z [1m[92m   Compiling[0m cargo_metadata v0.19.2
2026-10-08T06:54:10.2960030Z [1m[92m   Compiling[0m acp_tools v0.1.0 (/home/runner/work/koda/koda/crates/acp_tools)
2026-10-08T06:54:11.0650176Z [1m[92m   Compiling[0m sidebar v0.1.0 (/home/runner/work/koda/koda/crates/sidebar)
2026-10-08T06:54:11.8331591Z [1m[92m   Compiling[0m compliance v0.1.0 (/home/runner/work/koda/koda/tooling/compliance)
2026-10-08T06:54:12.5060483Z [1m[92m   Compiling[0m extensions_ui v0.1.0 (/home/runner/work/koda/koda/crates/extensions_ui)
2026-10-08T06:54:15.3590581Z [1m[92m   Compiling[0m repl v0.1.0 (/home/runner/work/koda/koda/crates/repl)
2026-10-08T06:54:16.2750040Z [1m[92m   Compiling[0m auto_update_ui v0.1.0 (/home/runner/work/koda/koda/crates/auto_update_ui)
2026-10-08T06:54:16.7960048Z [1m[92m   Compiling[0m keymap_editor v0.1.0 (/home/runner/work/koda/koda/crates/keymap_editor)
2026-10-08T06:54:17.6770280Z [1m[92m   Compiling[0m which_key v0.1.0 (/home/runner/work/koda/koda/crates/which_key)
2026-10-08T06:54:19.2640024Z [1m[92m   Compiling[0m feedback v0.1.0 (/home/runner/work/koda/koda/crates/feedback)
2026-10-08T06:54:20.3450368Z [1m[92m   Compiling[0m language_tools v0.1.0 (/home/runner/work/koda/koda/crates/language_tools)
2026-10-08T06:54:20.4325114Z [1m[92m   Compiling[0m web_search_providers v0.1.0 (/home/runner/work/koda/koda/crates/web_search_providers)
2026-10-08T06:54:21.0670614Z [1m[92m   Compiling[0m snippets_ui v0.1.0 (/home/runner/work/koda/koda/crates/snippets_ui)
2026-10-08T06:54:21.2110417Z [1m[92m   Compiling[0m language_selector v0.1.0 (/home/runner/work/koda/koda/crates/language_selector)
2026-10-08T06:54:22.6345809Z [1m[92m   Compiling[0m toolchain_selector v0.1.0 (/home/runner/work/koda/koda/crates/toolchain_selector)
2026-10-08T06:54:22.8803410Z [1m[92m   Compiling[0m activity_indicator v0.1.0 (/home/runner/work/koda/koda/crates/activity_indicator)
2026-10-08T06:54:23.9540791Z [1m[92m   Compiling[0m onboarding v0.1.0 (/home/runner/work/koda/koda/crates/onboarding)
2026-10-08T06:54:24.3226211Z [1m[92m   Compiling[0m lsp_locations v0.1.0 (/home/runner/work/koda/koda/crates/lsp_locations)
2026-10-08T06:54:24.9770171Z [1m[92m   Compiling[0m project_symbols v0.1.0 (/home/runner/work/koda/koda/crates/project_symbols)
2026-10-08T06:54:25.3390233Z [1m[92m   Compiling[0m miniprofiler_ui v0.1.0 (/home/runner/work/koda/koda/crates/miniprofiler_ui)
2026-10-08T06:54:26.2856870Z [1m[92m   Compiling[0m inspector_ui v0.1.0 (/home/runner/work/koda/koda/crates/inspector_ui)
2026-10-08T06:54:26.5667872Z [1m[92m   Compiling[0m lsp_command_selector v0.1.0 (/home/runner/work/koda/koda/crates/lsp_command_selector)
2026-10-08T06:54:26.7400481Z [1m[92m   Compiling[0m line_ending_selector v0.1.0 (/home/runner/work/koda/koda/crates/line_ending_selector)
2026-10-08T06:54:27.4910467Z [1m[92m   Compiling[0m settings_profile_selector v0.1.0 (/home/runner/work/koda/koda/crates/settings_profile_selector)
2026-10-08T06:54:28.2964870Z [1m[92m   Compiling[0m theme_selector v0.1.0 (/home/runner/work/koda/koda/crates/theme_selector)
2026-10-08T06:54:28.4600296Z [1m[92m   Compiling[0m tab_switcher v0.1.0 (/home/runner/work/koda/koda/crates/tab_switcher)
2026-10-08T06:54:29.0920412Z [1m[92m   Compiling[0m encoding_selector v0.1.0 (/home/runner/work/koda/koda/crates/encoding_selector)
2026-10-08T06:54:30.4298614Z [1m[92m   Compiling[0m tabular_data_preview v0.1.0 (/home/runner/work/koda/koda/crates/tabular_data_preview)
2026-10-08T06:54:30.5091284Z [1m[92m   Compiling[0m call_hierarchy v0.1.0 (/home/runner/work/koda/koda/crates/call_hierarchy)
2026-10-08T06:54:30.7050123Z [1m[92m   Compiling[0m image_viewer v0.1.0 (/home/runner/work/koda/koda/crates/image_viewer)
2026-10-08T06:54:32.6190227Z [1m[92m   Compiling[0m journal v0.1.0 (/home/runner/work/koda/koda/crates/journal)
2026-10-08T06:54:32.7220080Z [1m[92m   Compiling[0m diagnostics v0.1.0 (/home/runner/work/koda/koda/crates/diagnostics)
2026-10-08T06:54:32.9088688Z [1m[92m   Compiling[0m language_onboarding v0.1.0 (/home/runner/work/koda/koda/crates/language_onboarding)
2026-10-08T06:54:33.6400056Z [1m[92m   Compiling[0m ui_prompt v0.1.0 (/home/runner/work/koda/koda/crates/ui_prompt)
2026-10-08T06:54:33.7485720Z [1m[92m   Compiling[0m svg_preview v0.1.0 (/home/runner/work/koda/koda/crates/svg_preview)
2026-10-08T06:54:33.8000565Z [1m[92m   Compiling[0m install_cli v0.1.0 (/home/runner/work/koda/koda/crates/install_cli)
2026-10-08T06:54:34.8421551Z [1m[92m   Compiling[0m zlog_settings v0.1.0 (/home/runner/work/koda/koda/crates/zlog_settings)
2026-10-08T06:54:35.1369918Z [1m[92m   Compiling[0m input_latency_ui v0.1.0 (/home/runner/work/koda/koda/crates/input_latency_ui)
2026-10-08T06:54:35.2900391Z [1m[92m   Compiling[0m hang_telemetry v0.1.0 (/home/runner/work/koda/koda/crates/hang_telemetry)
2026-10-08T06:54:35.6833555Z [1m[92m   Compiling[0m annotate-snippets v0.12.12
2026-10-08T06:54:35.8309721Z [1m[92m   Compiling[0m ctrlc v3.5.0
2026-10-08T06:54:35.9760233Z [1m[92m   Compiling[0m vscode_theme v0.2.0
2026-10-08T06:54:37.6087422Z [1m[92m   Compiling[0m xtask v0.1.0 (/home/runner/work/koda/koda/tooling/xtask)
2026-10-08T06:54:42.3349220Z [1m[92m   Compiling[0m theme_importer v0.1.0 (/home/runner/work/koda/koda/crates/theme_importer)
2026-10-08T06:54:46.4970253Z [1m[92m   Compiling[0m docs_preprocessor v0.1.0 (/home/runner/work/koda/koda/crates/docs_preprocessor)
2026-10-08T06:59:40.3951997Z [1m[92m   Compiling[0m editor_benchmarks v0.1.0 (/home/runner/work/koda/koda/crates/editor_benchmarks)
2026-10-08T06:59:57.5299630Z [1m[92m   Compiling[0m worktree_benchmarks v0.1.0 (/home/runner/work/koda/koda/crates/worktree_benchmarks)
2026-10-08T06:59:59.9394657Z [1m[92m   Compiling[0m extension_cli v0.1.0 (/home/runner/work/koda/koda/crates/extension_cli)
2026-10-08T07:00:10.5957916Z [1m[92m   Compiling[0m fs_benchmarks v0.1.0 (/home/runner/work/koda/koda/crates/fs_benchmarks)
2026-10-08T07:00:15.1909033Z [1m[92m   Compiling[0m schema_generator v0.1.0 (/home/runner/work/koda/koda/crates/schema_generator)
2026-10-08T07:01:04.5371182Z [1m[33mwarning[0m[1m: unused import: `ARCH`[0m
2026-10-08T07:01:04.5385435Z   [1m[94m--> [0mcrates/auto_update/src/auto_update.rs:29:18
2026-10-08T07:01:04.5389015Z    [1m[94m|[0m
2026-10-08T07:01:04.5528570Z [1m[94m29[0m [1m[94m|[0m         consts::{ARCH, OS},
2026-10-08T07:01:04.5538487Z    [1m[94m|[0m                  [1m[33m^^^^[0m
2026-10-08T07:01:04.5547811Z    [1m[94m|[0m
2026-10-08T07:01:04.5558661Z    [1m[94m= [0m[1mnote[0m: `#[warn(unused_imports)]` (part of `#[warn(unused)]`) on by default
2026-10-08T07:01:04.5564711Z 
2026-10-08T07:01:04.5570009Z [1m[33mwarning[0m[1m: unused import: `release_channel::AppCommitSha`[0m
2026-10-08T07:01:04.5585871Z     [1m[94m--> [0mcrates/auto_update/src/auto_update.rs:1461:9
2026-10-08T07:01:04.5594693Z      [1m[94m|[0m
2026-10-08T07:01:04.5603950Z [1m[94m1461[0m [1m[94m|[0m     use release_channel::AppCommitSha;
2026-10-08T07:01:04.5613807Z      [1m[94m|[0m         [1m[33m^^^^^^^^^^^^^^^^^^^^^^^^^^^^^[0m
2026-10-08T07:01:04.5619842Z 
2026-10-08T07:01:12.0022972Z [1m[33mwarning[0m: `auto_update` (lib test) generated 2 warnings (run `cargo fix --lib -p auto_update --tests` to apply 2 suggestions)
2026-10-08T07:02:42.9063217Z [1m[92m   Compiling[0m gpui_macos v0.1.0 (/home/runner/work/koda/koda/crates/gpui_macos)
2026-10-08T07:02:43.0566875Z [1m[92m   Compiling[0m gpui_web v0.1.0 (/home/runner/work/koda/koda/crates/gpui_web)
2026-10-08T07:02:56.0644940Z [1m[92m    Finished[0m `test` profile [unoptimized] target(s) in 22m 22s
2026-10-08T07:03:04.7478431Z ────────────
2026-10-08T07:03:04.7487301Z [32;1m Nextest run[0m ID [1m6afe6371-f74b-4ed1-aead-cbcfde2d79d6[0m with nextest profile: [1mdefault[0m
2026-10-08T07:03:04.7493340Z [32;1m    Starting[0m [1m10557[0m tests across [1m212[0m binaries ([1m23[0m tests [33;1mskipped[0m)
2026-10-08T07:41:15.4935630Z ────────────
2026-10-08T07:41:15.4936710Z [32;1m     Summary[0m [2290.747s] [1m10557[0m tests run: [1m10557[0m [32;1mpassed[0m, [1m23[0m [33;1mskipped[0m
2026-10-08T07:41:15.6364481Z Workspace tests (build and execution): 3644.0s (exit 0)
2026-10-08T07:41:15.8749027Z ##[group]Run python3 script/ci-run stage 'Linux app build' -- cargo build --locked --keep-going -p zed --bin koda
2026-10-08T07:41:15.8769569Z [36;1mpython3 script/ci-run stage 'Linux app build' -- cargo build --locked --keep-going -p zed --bin koda[0m
2026-10-08T07:41:15.9734861Z shell: /usr/bin/bash --noprofile --norc -e -o pipefail {0}
2026-10-08T07:41:15.9740560Z env:
2026-10-08T07:41:15.9741033Z   CARGO_TERM_COLOR: always
2026-10-08T07:41:15.9743579Z   CARGO_INCREMENTAL: 0
2026-10-08T07:41:15.9746087Z   CARGO_PROFILE_DEV_DEBUG: 0
2026-10-08T07:41:15.9748994Z   CARGO_PROFILE_DEV_BUILD_OVERRIDE_DEBUG: 0
2026-10-08T07:41:15.9752076Z   RUST_BACKTRACE: 1
2026-10-08T07:41:15.9752566Z   CC: clang
2026-10-08T07:41:15.9754733Z   CXX: clang++
2026-10-08T07:41:15.9756747Z   WGPU_BACKEND: vulkan
2026-10-08T07:41:15.9758785Z   CI_TEST_FILTER: 
2026-10-08T07:41:15.9759194Z   CI_TEST_MODE: full
2026-10-08T07:41:15.9761389Z   CARGO_BUILD_JOBS: 4
2026-10-08T07:41:15.9766825Z   CI_TEST_THREADS: 4
2026-10-08T07:41:15.9768977Z   VK_DRIVER_FILES: /usr/share/vulkan/icd.d/lvp_icd.json
2026-10-08T07:41:15.9771410Z ##[endgroup]
2026-10-08T07:41:18.4961885Z [1m[92m   Compiling[0m serde_core v1.0.229
2026-10-08T07:41:18.5113659Z [1m[92m   Compiling[0m hashbrown v0.17.1
2026-10-08T07:41:18.5116199Z [1m[92m   Compiling[0m either v1.15.0
2026-10-08T07:41:18.5279088Z [1m[92m   Compiling[0m serde_json v1.0.151
2026-10-08T07:41:18.7164407Z [1m[92m   Compiling[0m itertools v0.14.0
2026-10-08T07:41:18.8313288Z [1m[92m   Compiling[0m subtle v2.6.1
2026-10-08T07:41:18.9639907Z [1m[92m   Compiling[0m digest v0.10.7
2026-10-08T07:41:19.1879956Z [1m[92m   Compiling[0m sha2 v0.10.9
2026-10-08T07:41:19.3475824Z [1m[92m   Compiling[0m nix v0.30.1
2026-10-08T07:41:19.6130139Z [1m[92m   Compiling[0m fastrand v2.3.0
2026-10-08T07:41:19.7329734Z [1m[92m   Compiling[0m rayon v1.11.0
2026-10-08T07:41:19.8376446Z [1m[92m   Compiling[0m semver v1.0.28
2026-10-08T07:41:20.2129941Z [1m[92m   Compiling[0m rand v0.8.6
2026-10-08T07:41:20.2582467Z [1m[92m   Compiling[0m lyon_path v1.0.16
2026-10-08T07:41:20.8179990Z [1m[92m   Compiling[0m unicode-properties v0.1.3
2026-10-08T07:41:21.0119874Z [1m[92m   Compiling[0m lyon_tessellation v1.0.16
2026-10-08T07:41:21.0230659Z [1m[92m   Compiling[0m lyon_algorithms v1.0.16
2026-10-08T07:41:21.3297763Z [1m[92m   Compiling[0m serde v1.0.229
2026-10-08T07:41:21.4999939Z [1m[92m   Compiling[0m erased-serde v0.4.9
2026-10-08T07:41:21.9429821Z [1m[92m   Compiling[0m serde_fmt v1.0.3
2026-10-08T07:41:21.9801322Z [1m[92m   Compiling[0m bitflags v2.13.1
2026-10-08T07:41:22.0817731Z [1m[92m   Compiling[0m value-bag-serde1 v1.12.0
2026-10-08T07:41:22.1240016Z [1m[92m   Compiling[0m smallvec v1.16.1
2026-10-08T07:41:22.1550976Z [1m[92m   Compiling[0m value-bag v1.12.0
2026-10-08T07:41:22.2269883Z [1m[92m   Compiling[0m rustix v1.1.4
2026-10-08T07:41:22.3273091Z [1m[92m   Compiling[0m indexmap v2.14.0
2026-10-08T07:41:22.6140378Z [1m[92m   Compiling[0m log v0.4.29
2026-10-08T07:41:23.0288937Z [1m[92m   Compiling[0m parking_lot_core v0.9.12
2026-10-08T07:41:23.0519769Z [1m[92m   Compiling[0m tracing v0.1.43
2026-10-08T07:41:23.3010372Z [1m[92m   Compiling[0m parking_lot v0.12.5
2026-10-08T07:41:23.3370381Z [1m[92m   Compiling[0m icu_normalizer v2.3.0
2026-10-08T07:41:23.7327832Z [1m[92m   Compiling[0m uuid v1.18.1
2026-10-08T07:41:24.1990561Z [1m[92m   Compiling[0m idna_adapter v1.2.1
2026-10-08T07:41:24.2550344Z [1m[92m   Compiling[0m gpui_util v0.1.0 (/home/runner/work/koda/koda/crates/gpui_util)
2026-10-08T07:41:24.3359913Z [1m[92m   Compiling[0m idna v1.1.0
2026-10-08T07:41:24.4729913Z [1m[92m   Compiling[0m globset v0.4.17
2026-10-08T07:41:24.9899664Z [1m[92m   Compiling[0m url v2.5.7
2026-10-08T07:41:25.1819297Z [1m[92m   Compiling[0m schemars v1.0.4
2026-10-08T07:41:26.7109939Z [1m[92m   Compiling[0m rust-embed-utils v8.11.0
2026-10-08T07:41:26.9323933Z [1m[92m   Compiling[0m rust-embed-impl v8.11.0
2026-10-08T07:41:27.8642831Z [1m[92m   Compiling[0m polling v3.11.0
2026-10-08T07:41:28.1500245Z [1m[92m   Compiling[0m async-io v2.6.0
2026-10-08T07:41:28.3201103Z [1m[92m   Compiling[0m serde_urlencoded v0.7.1
2026-10-08T07:41:28.5720367Z [1m[92m   Compiling[0m async-signal v0.2.13
2026-10-08T07:41:28.7741363Z [1m[92m   Compiling[0m async-process v2.5.0 (https://github.com/zed-industries/async-process.git?rev=0b6d6713570af61806e1e5cb40e0f757cb93fd9d#0b6d6713)
2026-10-08T07:41:28.8580182Z [1m[92m   Compiling[0m path v0.1.0 (/home/runner/work/koda/koda/crates/path)
2026-10-08T07:41:29.1700718Z [1m[92m   Compiling[0m collections v0.1.0 (/home/runner/work/koda/koda/crates/collections)
2026-10-08T07:41:29.2619948Z [1m[92m   Compiling[0m async-net v2.0.0
2026-10-08T07:41:29.3520437Z [1m[92m   Compiling[0m tempfile v3.27.0
2026-10-08T07:41:29.6183321Z [1m[92m   Compiling[0m smol v2.0.2
2026-10-08T07:41:29.7675560Z [1m[92m   Compiling[0m rust-embed v8.11.0
2026-10-08T07:41:29.8636772Z [1m[92m   Compiling[0m serde_json_lenient v0.2.4
2026-10-08T07:41:29.8919472Z [1m[92m   Compiling[0m chrono v0.4.42
2026-10-08T07:41:30.2139934Z [1m[92m   Compiling[0m async-global-executor v2.4.1
2026-10-08T07:41:30.7096179Z [1m[92m   Compiling[0m kv-log-macro v1.0.7
2026-10-08T07:41:30.8249872Z [1m[92m   Compiling[0m async-std v1.13.2
2026-10-08T07:41:31.2390640Z [1m[92m   Compiling[0m xattr v1.6.1
2026-10-08T07:41:31.4420274Z [1m[92m   Compiling[0m mio v1.2.0
2026-10-08T07:41:31.5440884Z [1m[92m   Compiling[0m gpui_shared_string v0.1.0 (/home/runner/work/koda/koda/crates/gpui_shared_string)
2026-10-08T07:41:31.6769938Z [1m[92m   Compiling[0m command-fds v0.3.2
2026-10-08T07:41:31.8910665Z [1m[92m   Compiling[0m util v0.1.0 (/home/runner/work/koda/koda/crates/util)
2026-10-08T07:41:31.9541561Z [1m[92m   Compiling[0m tracing-log v0.2.0
2026-10-08T07:41:31.9681469Z [1m[92m   Compiling[0m tracing-serde v0.2.0
2026-10-08T07:41:32.1209980Z [1m[92m   Compiling[0m tracing-subscriber v0.3.22
2026-10-08T07:41:32.1920052Z [1m[92m   Compiling[0m kurbo v0.13.1
2026-10-08T07:41:32.9444901Z [1m[92m   Compiling[0m async-tar v0.6.1 (https://github.com/zed-industries/async-tar?rev=bd3ad6f89df9a9da7a8535958756d6bf465936a0#bd3ad6f8)
2026-10-08T07:41:33.6023325Z [1m[92m   Compiling[0m svgtypes v0.16.1
2026-10-08T07:41:33.7040114Z [1m[92m   Compiling[0m http_client v0.1.0 (/home/runner/work/koda/koda/crates/http_client)
2026-10-08T07:41:33.7820067Z [1m[92m   Compiling[0m zlog v0.1.0 (/home/runner/work/koda/koda/crates/zlog)
2026-10-08T07:41:34.3052113Z [1m[92m   Compiling[0m ztracing v0.1.0 (/home/runner/work/koda/koda/crates/ztracing)
2026-10-08T07:41:34.3390815Z [1m[92m   Compiling[0m accesskit v0.24.1
2026-10-08T07:41:34.3678895Z [1m[92m   Compiling[0m sum_tree v0.1.0 (/home/runner/work/koda/koda/crates/sum_tree)
2026-10-08T07:41:34.4489910Z [1m[92m   Compiling[0m fontdb v0.23.0
2026-10-08T07:41:34.7756419Z [1m[92m   Compiling[0m rustybuzz v0.20.1
2026-10-08T07:41:34.8538644Z [1m[92m   Compiling[0m simplecss v0.2.2
2026-10-08T07:41:34.9777547Z [1m[92m   Compiling[0m perf v0.1.0 (/home/runner/work/koda/koda/tooling/perf)
2026-10-08T07:41:35.2750043Z [1m[92m   Compiling[0m postage v0.5.0
2026-10-08T07:41:35.3743823Z [1m[92m   Compiling[0m tiny-skia v0.11.4
2026-10-08T07:41:35.7499966Z [1m[92m   Compiling[0m futures-concurrency v7.7.1
2026-10-08T07:41:36.0789860Z [1m[92m   Compiling[0m exr v1.74.0
2026-10-08T07:41:37.4509776Z [1m[92m   Compiling[0m usvg v0.46.0
2026-10-08T07:41:37.7690306Z [1m[92m   Compiling[0m png v0.18.0
2026-10-08T07:41:38.9790784Z [1m[92m   Compiling[0m sysinfo v0.31.4
2026-10-08T07:41:39.6220264Z [1m[92m   Compiling[0m gpui v0.2.2 (/home/runner/work/koda/koda/crates/gpui)
2026-10-08T07:41:39.7760530Z [1m[92m   Compiling[0m zed-scap v0.0.8-zed (https://github.com/zed-industries/scap?rev=4afea48c3b002197176fb19cd0f9b180dd36eaac#4afea48c)
2026-10-08T07:41:40.3480607Z [1m[92m   Compiling[0m scheduler v0.1.0 (/home/runner/work/koda/koda/crates/scheduler)
2026-10-08T07:41:40.4850144Z [1m[92m   Compiling[0m resvg v0.46.0
2026-10-08T07:41:40.5139747Z [1m[92m   Compiling[0m image v0.25.10
2026-10-08T07:41:40.8610228Z [1m[92m   Compiling[0m util_macros v0.1.0 (/home/runner/work/koda/koda/crates/util_macros)
2026-10-08T07:41:41.1459644Z [1m[92m   Compiling[0m taffy v0.13.0
2026-10-08T07:41:44.3620263Z [1m[92m   Compiling[0m lyon v1.0.16
2026-10-08T07:41:44.4220280Z [1m[92m   Compiling[0m gpui_macros v0.1.0 (/home/runner/work/koda/koda/crates/gpui_macros)
2026-10-08T07:41:47.5639732Z [1m[92m   Compiling[0m tokio v1.52.1
2026-10-08T07:41:48.9750658Z [1m[92m   Compiling[0m linux-raw-sys v0.12.1
2026-10-08T07:41:49.7050328Z [1m[92m   Compiling[0m rustc_version v0.4.1
2026-10-08T07:41:49.9889982Z [1m[92m   Compiling[0m wasmtime-internal-core v48.0.1
2026-10-08T07:41:50.6759817Z [1m[92m   Compiling[0m deranged v0.5.4
2026-10-08T07:41:52.1579774Z [1m[92m   Compiling[0m time v0.3.47
2026-10-08T07:41:54.4730125Z [1m[92m   Compiling[0m cranelift-bitset v0.135.1
2026-10-08T07:41:55.0799864Z [1m[92m   Compiling[0m prost-derive v0.14.4
2026-10-08T07:41:55.1769756Z [1m[92m   Compiling[0m pulley-interpreter v48.0.1
2026-10-08T07:41:55.3550324Z [1m[92m   Compiling[0m zeta_prompt v0.1.0 (/home/runner/work/koda/koda/crates/zeta_prompt)
2026-10-08T07:41:56.7429933Z [1m[92m   Compiling[0m prost v0.14.4
2026-10-08T07:41:57.1719916Z [1m[92m   Compiling[0m cranelift-entity v0.135.1
2026-10-08T07:41:57.1845995Z [1m[92m   Compiling[0m cranelift-codegen-meta v0.135.1
2026-10-08T07:41:57.5440614Z [1m[92m   Compiling[0m cranelift-bforest v0.135.1
2026-10-08T07:41:57.5579850Z [1m[92m   Compiling[0m postcard v1.1.3
2026-10-08T07:41:57.8439892Z [1m[92m   Compiling[0m prost-types v0.14.4
2026-10-08T07:41:57.9769900Z [1m[92m   Compiling[0m gimli v0.33.0
2026-10-08T07:41:59.0940352Z [1m[92m   Compiling[0m cloud_llm_client v0.1.0 (/home/runner/work/koda/koda/crates/cloud_llm_client)
2026-10-08T07:41:59.9740454Z [1m[92m   Compiling[0m wasmparser v0.254.0
2026-10-08T07:42:00.7299722Z [1m[92m   Compiling[0m cranelift-codegen v0.135.1
2026-10-08T07:42:02.2139948Z [1m[92m   Compiling[0m regalloc2 v0.15.2
2026-10-08T07:42:11.0180239Z [1m[92m   Compiling[0m wasm-encoder v0.254.0
2026-10-08T07:42:13.5899900Z [1m[92m   Compiling[0m object v0.39.1
2026-10-08T07:42:18.6849932Z [1m[92m   Compiling[0m wasmprinter v0.254.0
2026-10-08T07:42:19.3636109Z [1m[92m   Compiling[0m hashbrown v0.15.5
2026-10-08T07:42:19.9289614Z [1m[92m   Compiling[0m id-arena v2.3.0
2026-10-08T07:42:20.0270543Z [1m[92m   Compiling[0m wit-parser v0.254.0
2026-10-08T07:42:21.3559223Z [1m[92m   Compiling[0m wasmtime-environ v48.0.1
2026-10-08T07:42:25.7394603Z [1m[92m   Compiling[0m petgraph v0.8.3
2026-10-08T07:42:27.4389713Z [1m[92m   Compiling[0m wasm-metadata v0.254.0
2026-10-08T07:42:27.7940456Z [1m[92m   Compiling[0m language_model_core v0.1.0 (/home/runner/work/koda/koda/crates/language_model_core)
2026-10-08T07:42:29.4199899Z [1m[92m   Compiling[0m prost-build v0.14.4
2026-10-08T07:42:30.6699543Z [1m[92m   Compiling[0m wit-component v0.254.0
2026-10-08T07:42:32.6294507Z [1m[92m   Compiling[0m logos-codegen v0.15.1
2026-10-08T07:42:32.9668960Z [1m[92m   Compiling[0m wasmtime-internal-wit-bindgen v48.0.1
2026-10-08T07:42:34.4870343Z [1m[92m   Compiling[0m wasmtime-internal-fiber v48.0.1
2026-10-08T07:42:34.7800045Z [1m[92m   Compiling[0m wasmtime-internal-jit-icache-coherence v48.0.1
2026-10-08T07:42:34.8449756Z [1m[92m   Compiling[0m memfd v0.6.5
2026-10-08T07:42:35.4010069Z [1m[92m   Compiling[0m wasmtime-internal-component-macro v48.0.1
2026-10-08T07:42:36.7479785Z [1m[92m   Compiling[0m tokio-util v0.7.18
2026-10-08T07:42:37.4389710Z [1m[92m   Compiling[0m logos-derive v0.15.1
2026-10-08T07:42:37.4981270Z [1m[92m   Compiling[0m tree-sitter v0.27.0 (https://github.com/tree-sitter/tree-sitter?rev=43623ec9bf0eaaf7113285c46e8a09018f181b18#43623ec9)
2026-10-08T07:42:37.6811019Z [1m[92m   Compiling[0m logos v0.15.1
2026-10-08T07:42:37.8150114Z [1m[92m   Compiling[0m paths v0.1.0 (/home/runner/work/koda/koda/crates/paths)
2026-10-08T07:42:37.9919871Z [1m[92m   Compiling[0m prost-reflect v0.16.5
2026-10-08T07:42:42.7200429Z [1m[92m   Compiling[0m cranelift-native v0.135.1
2026-10-08T07:42:42.8439957Z [1m[92m   Compiling[0m wasmtime-internal-unwinder v48.0.1
2026-10-08T07:42:43.1819844Z [1m[92m   Compiling[0m cranelift-frontend v0.135.1
2026-10-08T07:42:44.2650001Z [1m[92m   Compiling[0m wasmtime-internal-cranelift v48.0.1
2026-10-08T07:42:47.2510651Z [1m[92m   Compiling[0m protox-parse v0.9.0
2026-10-08T07:42:48.8109720Z [1m[92m   Compiling[0m ignore v0.4.24
2026-10-08T07:42:50.1009585Z [1m[92m   Compiling[0m wasmtime v48.0.1
2026-10-08T07:43:06.1830098Z [1m[92m   Compiling[0m wasmtime-c-api-impl v48.0.1
2026-10-08T07:43:09.2479999Z [1m[92m   Compiling[0m getrandom v0.2.16
2026-10-08T07:43:12.0819622Z [1m[92m   Compiling[0m protox v0.9.1
2026-10-08T07:43:12.6880293Z [1m[92m   Compiling[0m release_channel v0.1.0 (/home/runner/work/koda/koda/crates/release_channel)
2026-10-08T07:43:12.9879903Z [1m[92m   Compiling[0m rustls-webpki v0.103.13
2026-10-08T07:43:13.9749852Z [1m[92m   Compiling[0m rustls v0.23.40
2026-10-08T07:43:20.2210062Z [1m[92m   Compiling[0m proto v0.1.0 (/home/runner/work/koda/koda/crates/proto)
2026-10-08T07:43:21.1000529Z [1m[92m   Compiling[0m telemetry_events v0.1.0 (/home/runner/work/koda/koda/crates/telemetry_events)
2026-10-08T07:43:21.3673952Z [1m[92m   Compiling[0m rope v0.1.0 (/home/runner/work/koda/koda/crates/rope)
2026-10-08T07:43:22.5810261Z [1m[92m   Compiling[0m net v0.1.0 (/home/runner/work/koda/koda/crates/net)
2026-10-08T07:43:22.6470010Z [1m[92m   Compiling[0m askpass v0.1.0 (/home/runner/work/koda/koda/crates/askpass)
2026-10-08T07:43:27.6161900Z [1m[92m   Compiling[0m clock v0.1.0 (/home/runner/work/koda/koda/crates/clock)
2026-10-08T07:43:27.8549965Z [1m[92m   Compiling[0m serde_path_to_error v0.1.20
2026-10-08T07:43:28.2599854Z [1m[92m   Compiling[0m inotify v0.11.0
2026-10-08T07:43:28.6880186Z [1m[92m   Compiling[0m settings_json v0.1.0 (/home/runner/work/koda/koda/crates/settings_json)
2026-10-08T07:43:29.2200122Z [1m[92m   Compiling[0m text v0.1.0 (/home/runner/work/koda/koda/crates/text)
2026-10-08T07:43:32.1090703Z [1m[92m   Compiling[0m telemetry v0.1.0 (/home/runner/work/koda/koda/crates/telemetry)
2026-10-08T07:43:32.2550241Z [1m[92m   Compiling[0m phf_generator v0.13.1
2026-10-08T07:43:32.4461225Z [1m[92m   Compiling[0m notify-types v2.1.0 (https://github.com/zed-industries/notify?rev=d842f16b2716bd60f09caf3ae3a894237ab38f54#d842f16b)
2026-10-08T07:43:32.7670694Z [1m[92m   Compiling[0m notify v9.0.0-rc.4 (https://github.com/zed-industries/notify?rev=d842f16b2716bd60f09caf3ae3a894237ab38f54#d842f16b)
2026-10-08T07:43:33.8800209Z [1m[92m   Compiling[0m settings_content v0.1.0 (/home/runner/work/koda/koda/crates/settings_content)
2026-10-08T07:43:53.5479923Z [1m[92m   Compiling[0m git v0.1.0 (/home/runner/work/koda/koda/crates/git)
2026-10-08T07:43:59.1789607Z [1m[92m   Compiling[0m tokio-rustls v0.26.4
2026-10-08T07:43:59.4290683Z [1m[92m   Compiling[0m trash v5.2.5 (https://github.com/zed-industries/trash-rs?rev=41c6c800d884a89351f3b8856d12894cccee261d#41c6c800)
2026-10-08T07:44:00.0097441Z [1m[92m   Compiling[0m fs v0.1.0 (/home/runner/work/koda/koda/crates/fs)
2026-10-08T07:44:03.4649960Z [1m[92m   Compiling[0m migrator v0.1.0 (/home/runner/work/koda/koda/crates/migrator)
2026-10-08T07:44:04.7909232Z [1m[92m   Compiling[0m settings v0.1.0 (/home/runner/work/koda/koda/crates/settings)
2026-10-08T07:44:06.7929780Z [1m[92m   Compiling[0m tungstenite v0.28.0
2026-10-08T07:44:07.7293400Z [1m[92m   Compiling[0m syntax_theme v0.1.0 (/home/runner/work/koda/koda/crates/syntax_theme)
2026-10-08T07:44:07.7428589Z [1m[92m   Compiling[0m phf_macros v0.13.1
2026-10-08T07:44:08.1440380Z [1m[92m   Compiling[0m theme v0.1.0 (/home/runner/work/koda/koda/crates/theme)
2026-10-08T07:44:08.3828141Z [1m[92m   Compiling[0m futures-util v0.3.34
2026-10-08T07:44:08.4603099Z [1m[92m   Compiling[0m phf v0.13.1
2026-10-08T07:44:08.5874487Z [1m[92m   Compiling[0m toml_datetime v0.6.11
2026-10-08T07:44:08.8339725Z [1m[92m   Compiling[0m serde_spanned v0.6.9
2026-10-08T07:44:08.9489668Z [1m[92m   Compiling[0m toml_edit v0.22.27
2026-10-08T07:44:11.0380992Z [1m[92m   Compiling[0m rand_core v0.6.4
2026-10-08T07:44:11.1309675Z [1m[92m   Compiling[0m toml v0.8.23
2026-10-08T07:44:11.7361703Z [1m[92m   Compiling[0m h2 v0.4.19
2026-10-08T07:44:12.3390999Z [1m[92m   Compiling[0m num-bigint-dig v0.8.6
2026-10-08T07:44:13.5769826Z [1m[92m   Compiling[0m async-tungstenite v0.33.0
2026-10-08T07:44:13.9769931Z [1m[92m   Compiling[0m signature v2.2.0
2026-10-08T07:44:14.0882602Z [1m[92m   Compiling[0m rsa v0.9.10
2026-10-08T07:44:15.3940578Z [1m[92m   Compiling[0m zed_actions v0.1.0 (/home/runner/work/koda/koda/crates/zed_actions)
2026-10-08T07:44:16.5766835Z [1m[92m   Compiling[0m hyper v1.11.1
2026-10-08T07:44:17.2691317Z [1m[92m   Compiling[0m language_core v0.1.0 (/home/runner/work/koda/koda/crates/language_core)
2026-10-08T07:44:18.0490223Z [1m[92m   Compiling[0m hyper-util v0.1.17
2026-10-08T07:44:18.5030237Z [1m[92m   Compiling[0m task v0.1.0 (/home/runner/work/koda/koda/crates/task)
2026-10-08T07:44:19.7140232Z [1m[92m   Compiling[0m nucleo v0.5.0
2026-10-08T07:44:20.0260212Z [1m[92m   Compiling[0m watch v0.1.0 (/home/runner/work/koda/koda/crates/watch)
2026-10-08T07:44:20.1605476Z [1m[92m   Compiling[0m rpc v0.1.0 (/home/runner/work/koda/koda/crates/rpc)
2026-10-08T07:44:20.3170274Z [1m[92m   Compiling[0m phf_codegen v0.13.1
2026-10-08T07:44:20.4090745Z [1m[92m   Compiling[0m fuzzy v0.1.0 (/home/runner/work/koda/koda/crates/fuzzy)
2026-10-08T07:44:20.9171341Z [1m[92m   Compiling[0m lsp-types v0.95.1 (https://github.com/zed-industries/lsp-types?rev=f1783e63a7f4eb4397bf51d4148b4895a1f7ab16#f1783e63)
2026-10-08T07:44:20.9599760Z [1m[92m   Compiling[0m zeroize v1.8.2
2026-10-08T07:44:21.1570026Z [1m[92m   Compiling[0m language v0.1.0 (/home/runner/work/koda/koda/crates/language)
2026-10-08T07:44:21.3132234Z [1m[92m   Compiling[0m rustls-pki-types v1.12.0
2026-10-08T07:44:21.7680094Z [1m[92m   Compiling[0m fuzzy_nucleo v0.1.0 (/home/runner/work/koda/koda/crates/fuzzy_nucleo)
2026-10-08T07:44:22.0789539Z [1m[92m   Compiling[0m tracing-core v0.1.35
2026-10-08T07:44:22.8509726Z [1m[92m   Compiling[0m ring v0.17.14
2026-10-08T07:44:22.9675907Z [1m[92m   Compiling[0m credentials_provider v0.1.0 (/home/runner/work/koda/koda/crates/credentials_provider)
2026-10-08T07:44:25.7319759Z [1m[92m   Compiling[0m rustls-platform-verifier v0.7.0
2026-10-08T07:44:25.9151384Z [1m[92m   Compiling[0m tiny_http v0.12.0
2026-10-08T07:44:26.4960330Z [1m[92m   Compiling[0m http_client_tls v0.1.0 (/home/runner/work/koda/koda/crates/http_client_tls)
2026-10-08T07:44:29.5770419Z [1m[92m   Compiling[0m lsp v0.1.0 (/home/runner/work/koda/koda/crates/lsp)
2026-10-08T07:44:29.6619772Z [1m[92m   Compiling[0m ciborium v0.2.2
2026-10-08T07:44:30.2820324Z [1m[92m   Compiling[0m rustls-native-certs v0.8.3
2026-10-08T07:44:30.7659772Z [1m[92m   Compiling[0m tower v0.5.2
2026-10-08T07:44:32.3200208Z [1m[92m   Compiling[0m gpui_tokio v0.1.0 (/home/runner/work/koda/koda/crates/gpui_tokio)
2026-10-08T07:44:32.5859742Z [1m[92m   Compiling[0m inout v0.1.4
2026-10-08T07:44:32.6849939Z [1m[92m   Compiling[0m password-hash v0.4.2
2026-10-08T07:44:32.9370075Z [1m[92m   Compiling[0m yawc v0.4.2
2026-10-08T07:44:33.0256881Z [1m[92m   Compiling[0m cipher v0.4.4
2026-10-08T07:44:33.2129815Z [1m[92m   Compiling[0m hyper-rustls v0.27.9
2026-10-08T07:44:33.4830360Z [1m[92m   Compiling[0m cloud_api_types v0.1.0 (/home/runner/work/koda/koda/crates/cloud_api_types)
2026-10-08T07:44:34.5711173Z [1m[92m   Compiling[0m hmac v0.12.1
2026-10-08T07:44:34.6727248Z [1m[92m   Compiling[0m pbkdf2 v0.11.0
2026-10-08T07:44:34.8511406Z [1m[92m   Compiling[0m cloud_api_client v0.1.0 (/home/runner/work/koda/koda/crates/cloud_api_client)
2026-10-08T07:44:35.7140015Z [1m[92m   Compiling[0m aes v0.8.4
2026-10-08T07:44:36.2487697Z [1m[92m   Compiling[0m icons v0.1.0 (/home/runner/work/koda/koda/crates/icons)
2026-10-08T07:44:36.2623547Z [1m[92m   Compiling[0m sha1 v0.10.6
2026-10-08T07:44:36.4991991Z [1m[92m   Compiling[0m zip v0.6.6
2026-10-08T07:44:36.7470314Z [1m[92m   Compiling[0m feature_flags v0.1.0 (/home/runner/work/koda/koda/crates/feature_flags)
2026-10-08T07:44:37.2680246Z [1m[92m   Compiling[0m worktree v0.1.0 (/home/runner/work/koda/koda/crates/worktree)
2026-10-08T07:44:37.4150251Z [1m[92m   Compiling[0m zed_credentials_provider v0.1.0 (/home/runner/work/koda/koda/crates/zed_credentials_provider)
2026-10-08T07:44:37.8720250Z [1m[92m   Compiling[0m proxy_handshake v0.1.0 (/home/runner/work/koda/koda/crates/proxy_handshake)
2026-10-08T07:44:38.1660082Z [1m[92m   Compiling[0m string_cache_codegen v0.6.1
2026-10-08T07:44:38.3484516Z [1m[92m   Compiling[0m selectors v0.37.0
2026-10-08T07:44:38.6140054Z [1m[92m   Compiling[0m web_atoms v0.2.6
2026-10-08T07:44:38.7804668Z [1m[92m   Compiling[0m cssparser v0.36.0
2026-10-08T07:44:39.4090002Z [1m[92m   Compiling[0m htmlize v1.1.0
2026-10-08T07:44:39.5450987Z [1m[92m   Compiling[0m string_cache v0.9.0
2026-10-08T07:44:39.7590186Z [1m[92m   Compiling[0m client v0.1.0 (/home/runner/work/koda/koda/crates/client)
2026-10-08T07:44:39.9100055Z [1m[92m   Compiling[0m node_runtime v0.1.0 (/home/runner/work/koda/koda/crates/node_runtime)
2026-10-08T07:44:41.1785750Z [1m[92m   Compiling[0m itertools v0.15.0
2026-10-08T07:44:42.8259821Z [1m[92m   Compiling[0m documented-macros v0.10.0
2026-10-08T07:44:43.8396036Z [1m[92m   Compiling[0m dap-types v0.0.1 (https://github.com/zed-industries/dap-types?rev=1b461b310481d01e02b2603c16d7144b926339f8#1b461b31)
2026-10-08T07:44:44.3899830Z [1m[92m   Compiling[0m markup5ever v0.39.0
2026-10-08T07:44:44.6319956Z [1m[92m   Compiling[0m documented v0.10.0
2026-10-08T07:44:44.7349590Z [1m[92m   Compiling[0m lol_html v3.0.1
2026-10-08T07:44:44.7885801Z [1m[92m   Compiling[0m json5 v1.3.1
2026-10-08T07:44:45.3229919Z [1m[92m   Compiling[0m granit-parser v1.0.0
2026-10-08T07:44:46.1880212Z [1m[92m   Compiling[0m component v0.1.0 (/home/runner/work/koda/koda/crates/component)
2026-10-08T07:44:46.4520007Z [1m[92m   Compiling[0m menu v0.1.0 (/home/runner/work/koda/koda/crates/menu)
2026-10-08T07:44:46.7720331Z [1m[92m   Compiling[0m dugong-graphlib v0.8.0-alpha.5
2026-10-08T07:44:46.7869673Z [1m[92m   Compiling[0m futures-lite v2.6.1
2026-10-08T07:44:47.5299718Z [1m[92m   Compiling[0m merman-core v0.8.0-alpha.5
2026-10-08T07:44:47.6150344Z [1m[92m   Compiling[0m dap v0.1.0 (/home/runner/work/koda/koda/crates/dap)
2026-10-08T07:44:47.6900401Z [1m[92m   Compiling[0m ui v0.1.0 (/home/runner/work/koda/koda/crates/ui)
2026-10-08T07:44:49.2929726Z [1m[92m   Compiling[0m dugong v0.8.0-alpha.5
2026-10-08T07:44:53.0809655Z [1m[92m   Compiling[0m icu_collator v2.3.0
2026-10-08T07:44:54.5850137Z [1m[92m   Compiling[0m pulldown-cmark v0.13.4
2026-10-08T07:44:56.0039877Z [1m[92m   Compiling[0m rustls-pemfile v2.2.0
2026-10-08T07:44:56.1689847Z [1m[92m   Compiling[0m tokio-socks v0.5.2
2026-10-08T07:44:56.5920334Z [1m[92m   Compiling[0m roughr-merman v0.12.3
2026-10-08T07:44:57.4830180Z [1m[92m   Compiling[0m env_var v0.1.0 (/home/runner/work/koda/koda/crates/env_var)
2026-10-08T07:44:57.5904082Z [1m[92m   Compiling[0m manatee v0.8.0-alpha.5
2026-10-08T07:44:59.2681937Z [1m[92m   Compiling[0m tar v0.4.46
2026-10-08T07:44:59.8570874Z [1m[92m   Compiling[0m zed-reqwest v0.12.15-zed (https://github.com/zed-industries/reqwest.git?rev=33bc764aa15ff7b200bf7c93bd96e24878d53e14#33bc764a)
2026-10-08T07:45:00.0920174Z [1m[92m   Compiling[0m extension v0.1.0 (/home/runner/work/koda/koda/crates/extension)
2026-10-08T07:45:02.0050062Z [1m[92m   Compiling[0m html5ever v0.39.0
2026-10-08T07:45:02.8749786Z [1m[92m   Compiling[0m merman-render v0.8.0-alpha.5
2026-10-08T07:45:03.1954690Z [1m[92m   Compiling[0m xml5ever v0.39.0
2026-10-08T07:45:03.7540956Z [1m[92m   Compiling[0m oauth_callback_server v0.1.0 (/home/runner/work/koda/koda/crates/oauth_callback_server)
2026-10-08T07:45:04.0450205Z [1m[92m   Compiling[0m theme_settings v0.1.0 (/home/runner/work/koda/koda/crates/theme_settings)
2026-10-08T07:45:04.0780096Z [1m[92m   Compiling[0m event-listener-strategy v0.5.4
2026-10-08T07:45:04.1716444Z [1m[92m   Compiling[0m bit-vec v0.8.0
2026-10-08T07:45:04.4114121Z [1m[92m   Compiling[0m vte v0.15.0
2026-10-08T07:45:05.0210282Z [1m[92m   Compiling[0m bit-set v0.8.0
2026-10-08T07:45:05.1562171Z [1m[92m   Compiling[0m android_tools v0.1.0 (/home/runner/work/koda/koda/crates/android_tools)
2026-10-08T07:45:05.8410959Z [1m[92m   Compiling[0m markup5ever_rcdom v0.39.0+unofficial
2026-10-08T07:45:06.1796015Z [1m[92m   Compiling[0m rustix-openpty v0.2.0
2026-10-08T07:45:06.3608977Z [1m[92m   Compiling[0m alacritty_terminal v0.26.1-dev (https://github.com/zed-industries/alacritty?rev=4c129667ce56611becdc82de6e28218c80e2e88f#4c129667)
2026-10-08T07:45:08.0462154Z [1m[92m   Compiling[0m fancy-regex v0.19.0
2026-10-08T07:45:09.5197917Z [1m[92m   Compiling[0m buffer_diff v0.1.0 (/home/runner/work/koda/koda/crates/buffer_diff)
2026-10-08T07:45:11.1909827Z [1m[92m   Compiling[0m async-channel v2.5.0
2026-10-08T07:45:11.6330640Z [1m[92m   Compiling[0m snippet v0.1.0 (/home/runner/work/koda/koda/crates/snippet)
2026-10-08T07:45:11.8790232Z [1m[92m   Compiling[0m snippet_provider v0.1.0 (/home/runner/work/koda/koda/crates/snippet_provider)
2026-10-08T07:45:13.4159988Z [1m[92m   Compiling[0m wax v0.7.0
2026-10-08T07:45:13.5710144Z [1m[92m   Compiling[0m terminal v0.1.0 (/home/runner/work/koda/koda/crates/terminal)
2026-10-08T07:45:16.2153522Z [1m[92m   Compiling[0m context_server v0.1.0 (/home/runner/work/koda/koda/crates/context_server)
2026-10-08T07:45:20.0390144Z [1m[92m   Compiling[0m prettier v0.1.0 (/home/runner/work/koda/koda/crates/prettier)
2026-10-08T07:45:20.7977603Z [1m[92m   Compiling[0m remote v0.1.0 (/home/runner/work/koda/koda/crates/remote)
2026-10-08T07:45:22.6456759Z [1m[92m   Compiling[0m git_hosting_providers v0.1.0 (/home/runner/work/koda/koda/crates/git_hosting_providers)
2026-10-08T07:45:25.1979790Z [1m[92m   Compiling[0m merman v0.8.0-alpha.5
2026-10-08T07:45:25.3709843Z [1m[92m   Compiling[0m piper v0.2.4
2026-10-08T07:45:25.5510014Z [1m[92m   Compiling[0m mermaid_render v0.1.0 (/home/runner/work/koda/koda/crates/mermaid_render)
2026-10-08T07:45:25.5911705Z [1m[92m   Compiling[0m blocking v1.6.2
2026-10-08T07:45:25.8460007Z [1m[92m   Compiling[0m async-lock v3.4.2
2026-10-08T07:45:26.3765736Z [1m[92m   Compiling[0m markdown v0.1.0 (/home/runner/work/koda/koda/crates/markdown)
2026-10-08T07:45:26.4610254Z [1m[92m   Compiling[0m language_model v0.1.0 (/home/runner/work/koda/koda/crates/language_model)
2026-10-08T07:45:27.2441894Z [1m[92m   Compiling[0m libsqlite3-sys v0.30.1
2026-10-08T07:45:27.7470277Z [1m[92m   Compiling[0m compression-codecs v0.4.31
2026-10-08T07:45:27.8907499Z [1m[92m   Compiling[0m getrandom v0.3.4
2026-10-08T07:45:28.1599793Z [1m[92m   Compiling[0m async-compression v0.4.32
2026-10-08T07:45:30.8399903Z [1m[92m   Compiling[0m async-fs v2.2.0
2026-10-08T07:45:31.7059947Z [1m[92m   Compiling[0m async-executor v1.13.3
2026-10-08T07:45:32.0283662Z [1m[92m   Compiling[0m futures-executor v0.3.34
2026-10-08T07:45:32.2559730Z [1m[92m   Compiling[0m scopeguard v1.2.0
2026-10-08T07:45:32.3278971Z [1m[92m   Compiling[0m lock_api v0.4.14
2026-10-08T07:45:32.6779683Z [1m[92m   Compiling[0m futures v0.3.34
2026-10-08T07:45:32.9769725Z [1m[92m   Compiling[0m async_zip v0.0.18
2026-10-08T07:45:36.2231435Z [1m[92m   Compiling[0m sqlez v0.1.0 (/home/runner/work/koda/koda/crates/sqlez)
2026-10-08T07:45:37.0990568Z [1m[92m   Compiling[0m sqlez_macros v0.1.0 (/home/runner/work/koda/koda/crates/sqlez_macros)
2026-10-08T07:45:37.5460551Z [1m[92m   Compiling[0m zed_env_vars v0.1.0 (/home/runner/work/koda/koda/crates/zed_env_vars)
2026-10-08T07:45:37.6320277Z [1m[92m   Compiling[0m db v0.1.0 (/home/runner/work/koda/koda/crates/db)
2026-10-08T07:45:37.7793251Z [1m[92m   Compiling[0m ui_input v0.1.0 (/home/runner/work/koda/koda/crates/ui_input)
2026-10-08T07:45:38.1560197Z [1m[92m   Compiling[0m session v0.1.0 (/home/runner/work/koda/koda/crates/session)
2026-10-08T07:45:38.2222634Z [1m[92m   Compiling[0m edit_prediction_types v0.1.0 (/home/runner/work/koda/koda/crates/edit_prediction_types)
2026-10-08T07:45:38.3170568Z [1m[92m   Compiling[0m file_icons v0.1.0 (/home/runner/work/koda/koda/crates/file_icons)
2026-10-08T07:45:38.5650520Z [1m[92m   Compiling[0m multi_buffer v0.1.0 (/home/runner/work/koda/koda/crates/multi_buffer)
2026-10-08T07:45:38.6600033Z [1m[92m   Compiling[0m assets v0.1.0 (/home/runner/work/koda/koda/crates/assets)
2026-10-08T07:45:38.7599015Z [1m[92m   Compiling[0m vim_mode_setting v0.1.0 (/home/runner/work/koda/koda/crates/vim_mode_setting)
2026-10-08T07:45:38.9169515Z [1m[92m   Compiling[0m toml_datetime v0.7.3
2026-10-08T07:45:39.1440332Z [1m[92m   Compiling[0m language_detection v0.1.0 (/home/runner/work/koda/koda/crates/language_detection)
2026-10-08T07:45:39.2149730Z [1m[92m   Compiling[0m emojis v0.9.0
2026-10-08T07:45:39.7249421Z [1m[92m   Compiling[0m toml_edit v0.23.7
2026-10-08T07:45:40.2139864Z [1m[92m   Compiling[0m const-random-macro v0.1.16
2026-10-08T07:45:40.4629684Z [1m[92m   Compiling[0m proc-macro-crate v3.4.0
2026-10-08T07:45:40.7601110Z [1m[92m   Compiling[0m const-random v0.1.18
2026-10-08T07:45:40.8140368Z [1m[92m   Compiling[0m ahash v0.8.12
2026-10-08T07:45:40.9369725Z [1m[92m   Compiling[0m terminal_size v0.4.3
2026-10-08T07:45:41.0447397Z [1m[92m   Compiling[0m clap_builder v4.5.49
2026-10-08T07:45:41.0601262Z [1m[92m   Compiling[0m bytes-utils v0.1.4
2026-10-08T07:45:41.3190171Z [1m[92m   Compiling[0m aws-smithy-types v1.4.7
2026-10-08T07:45:42.5811044Z [1m[92m   Compiling[0m pet-fs v0.1.0 (https://github.com/zed-industries/python-environment-tools.git?rev=5aad7164bfc2a58977b103c8ef8fdd7302ed2e9f#5aad7164)
2026-10-08T07:45:42.8671655Z [1m[92m   Compiling[0m serde_spanned v1.0.3
2026-10-08T07:45:42.9549926Z [1m[92m   Compiling[0m toml v0.9.8
2026-10-08T07:45:42.9830256Z [1m[92m   Compiling[0m clap v4.5.49
2026-10-08T07:45:43.0440462Z [1m[92m   Compiling[0m pet-core v0.1.0 (https://github.com/zed-industries/python-environment-tools.git?rev=5aad7164bfc2a58977b103c8ef8fdd7302ed2e9f#5aad7164)
2026-10-08T07:45:43.5069752Z [1m[92m   Compiling[0m env_logger v0.10.2
2026-10-08T07:45:43.9490163Z [1m[92m   Compiling[0m cfg-expr v0.20.9
2026-10-08T07:45:43.9599988Z [1m[92m   Compiling[0m zvariant_utils v3.3.1
2026-10-08T07:45:44.2719562Z [1m[92m   Compiling[0m enumflags2 v0.7.12
2026-10-08T07:45:44.4560199Z [1m[92m   Compiling[0m system-deps v7.0.7
2026-10-08T07:45:44.4811214Z [1m[92m   Compiling[0m zvariant_derive v5.11.0
2026-10-08T07:45:44.5230342Z [1m[92m   Compiling[0m aws-smithy-async v1.2.14
2026-10-08T07:45:44.7812292Z [1m[92m   Compiling[0m aws-smithy-runtime-api v1.11.4
2026-10-08T07:45:45.3043212Z [1m[92m   Compiling[0m pet-python-utils v0.1.0 (https://github.com/zed-industries/python-environment-tools.git?rev=5aad7164bfc2a58977b103c8ef8fdd7302ed2e9f#5aad7164)
2026-10-08T07:45:45.5280034Z [1m[92m   Compiling[0m hashbrown v0.14.5
2026-10-08T07:45:46.1270346Z [1m[92m   Compiling[0m fs-set-times v0.20.3
2026-10-08T07:45:46.2724369Z [1m[92m   Compiling[0m glib-sys v0.21.5
2026-10-08T07:45:46.3969522Z [1m[92m   Compiling[0m tower-http v0.6.11
2026-10-08T07:45:46.4474472Z [1m[92m   Compiling[0m pbjson-build v0.9.0
2026-10-08T07:45:46.5999911Z [1m[92m   Compiling[0m rustix-linux-procfs v0.1.1
2026-10-08T07:45:46.8170556Z [1m[92m   Compiling[0m cap-primitives v4.0.3
2026-10-08T07:45:46.8370203Z [1m[92m   Compiling[0m reqwest v0.12.24
2026-10-08T07:45:47.2142505Z [1m[92m   Compiling[0m pbjson-types v0.9.0
2026-10-08T07:45:47.6617673Z [1m[92m   Compiling[0m syn v2.0.117
2026-10-08T07:45:47.8151732Z [1m[92m   Compiling[0m wayland-sys v0.31.11
2026-10-08T07:45:48.1789753Z [1m[92m   Compiling[0m zvariant v5.11.0
2026-10-08T07:45:50.7881607Z [1m[92m   Compiling[0m project v0.1.0 (/home/runner/work/koda/koda/crates/project)
2026-10-08T07:45:51.2399967Z [1m[92m   Compiling[0m gobject-sys v0.21.5
2026-10-08T07:45:51.4100090Z [1m[92m   Compiling[0m aws-smithy-eventstream v0.60.20
2026-10-08T07:45:52.4989263Z [1m[92m   Compiling[0m phf_generator v0.11.3
2026-10-08T07:45:52.8160044Z [1m[92m   Compiling[0m cxx-build v1.0.187
2026-10-08T07:45:54.5690019Z [1m[92m   Compiling[0m aws-smithy-http v0.63.4
2026-10-08T07:45:55.6483088Z [1m[92m   Compiling[0m zbus_names v4.3.2
2026-10-08T07:45:56.3021004Z [1m[92m   Compiling[0m webrtc-sys-build v0.3.13 (https://github.com/zed-industries/livekit-rust-sdks?rev=0a1c519cfce9b365229026b55de9b9dbdb6fed3c#0a1c519c)
2026-10-08T07:45:57.0810201Z [1m[92m   Compiling[0m cap-std v4.0.3
2026-10-08T07:45:57.3820406Z [1m[92m   Compiling[0m aws-credential-types v1.2.12
2026-10-08T07:45:57.3944877Z [1m[92m   Compiling[0m gio-sys v0.21.5
2026-10-08T07:45:57.5609782Z [1m[92m   Compiling[0m tokio-stream v0.1.17
2026-10-08T07:45:57.7649870Z [1m[92m   Compiling[0m aws-types v1.3.12
2026-10-08T07:45:57.9380405Z [1m[92m   Compiling[0m symphonia-core v0.5.5
2026-10-08T07:45:57.9987353Z [1m[92m   Compiling[0m pbjson v0.9.0
2026-10-08T07:45:58.1040030Z [1m[92m   Compiling[0m serde_bytes v0.11.19
2026-10-08T07:46:01.2130800Z [1m[92m   Compiling[0m livekit-runtime v0.4.0 (https://github.com/zed-industries/livekit-rust-sdks?rev=0a1c519cfce9b365229026b55de9b9dbdb6fed3c#0a1c519c)
2026-10-08T07:46:01.3690710Z [1m[92m   Compiling[0m cap-fs-ext v4.0.3
2026-10-08T07:46:01.7864526Z [1m[92m   Compiling[0m webrtc-sys v0.3.23 (https://github.com/zed-industries/livekit-rust-sdks?rev=0a1c519cfce9b365229026b55de9b9dbdb6fed3c#0a1c519c)
2026-10-08T07:46:01.8159877Z [1m[92m   Compiling[0m phf_macros v0.11.3
2026-10-08T07:46:02.4567709Z [1m[92m   Compiling[0m hashlink v0.8.4
2026-10-08T07:46:02.6349980Z [1m[92m   Compiling[0m aws-smithy-observability v0.2.5
2026-10-08T07:46:02.7680338Z [1m[92m   Compiling[0m channel v0.1.0 (/home/runner/work/koda/koda/crates/channel)
2026-10-08T07:46:02.8939715Z [1m[92m   Compiling[0m wasmtime-wasi-io v48.0.1
2026-10-08T07:46:04.1760928Z [1m[92m   Compiling[0m open_ai v0.1.0 (/home/runner/work/koda/koda/crates/open_ai)
2026-10-08T07:46:04.8970178Z [1m[92m   Compiling[0m anthropic v0.1.0 (/home/runner/work/koda/koda/crates/anthropic)
2026-10-08T07:46:07.9419807Z [1m[92m   Compiling[0m cxxbridge-macro v1.0.187
2026-10-08T07:46:09.3330025Z [1m[92m   Compiling[0m moka v0.12.11
2026-10-08T07:46:10.2285643Z [1m[92m   Compiling[0m wasmtime-wasi v48.0.1
2026-10-08T07:46:11.8610107Z [1m[92m   Compiling[0m cxx v1.0.187
2026-10-08T07:46:12.4206216Z [1m[92m   Compiling[0m aws-smithy-runtime v1.10.1
2026-10-08T07:46:16.8330095Z [1m[92m   Compiling[0m yaml-rust2 v0.8.1
2026-10-08T07:46:21.2049798Z [1m[92m   Compiling[0m phf v0.11.3
2026-10-08T07:46:22.6450780Z [1m[92m   Compiling[0m livekit-protocol v0.7.1 (https://github.com/zed-industries/livekit-rust-sdks?rev=0a1c519cfce9b365229026b55de9b9dbdb6fed3c#0a1c519c)
2026-10-08T07:46:28.9180096Z [1m[92m   Compiling[0m agent_settings v0.1.0 (/home/runner/work/koda/koda/crates/agent_settings)
2026-10-08T07:46:30.4580839Z [1m[92m   Compiling[0m workspace v0.1.0 (/home/runner/work/koda/koda/crates/workspace)
2026-10-08T07:46:34.7370042Z [1m[92m   Compiling[0m symphonia-metadata v0.5.5
2026-10-08T07:46:35.3452118Z [1m[92m   Compiling[0m aws-sigv4 v1.4.0
2026-10-08T07:46:36.2961713Z [1m[92m   Compiling[0m pet-virtualenv v0.1.0 (https://github.com/zed-industries/python-environment-tools.git?rev=5aad7164bfc2a58977b103c8ef8fdd7302ed2e9f#5aad7164)
2026-10-08T07:46:36.4639802Z [1m[92m   Compiling[0m glib-macros v0.21.5
2026-10-08T07:46:40.2159959Z [1m[92m   Compiling[0m symphonia-format-riff v0.5.5
2026-10-08T07:46:40.5000272Z [1m[92m   Compiling[0m glib v0.21.5
2026-10-08T07:46:49.0320328Z [1m[92m   Compiling[0m breadcrumbs v0.1.0 (/home/runner/work/koda/koda/crates/breadcrumbs)
2026-10-08T07:46:49.8770184Z [1m[92m   Compiling[0m editor v0.1.0 (/home/runner/work/koda/koda/crates/editor)
2026-10-08T07:46:53.2920347Z [1m[92m   Compiling[0m picker v0.1.0 (/home/runner/work/koda/koda/crates/picker)
2026-10-08T07:46:55.0510339Z [1m[92m   Compiling[0m command_palette_hooks v0.1.0 (/home/runner/work/koda/koda/crates/command_palette_hooks)
2026-10-08T07:46:55.8410363Z [1m[92m   Compiling[0m auto_update v0.1.0 (/home/runner/work/koda/koda/crates/auto_update)
2026-10-08T07:46:58.1900414Z [1m[92m   Compiling[0m notifications v0.1.0 (/home/runner/work/koda/koda/crates/notifications)
2026-10-08T07:46:59.7880076Z [1m[92m   Compiling[0m aws-runtime v1.7.0
2026-10-08T07:47:01.8407636Z [1m[92m   Compiling[0m alsa v0.10.0
2026-10-08T07:47:03.4820343Z [1m[92m   Compiling[0m extension_host v0.1.0 (/home/runner/work/koda/koda/crates/extension_host)
2026-10-08T07:47:19.8544130Z [1m[92m   Compiling[0m picker_preview v0.1.0 (/home/runner/work/koda/koda/crates/picker_preview)
2026-10-08T07:47:21.0369956Z [1m[92m   Compiling[0m doxygen-rs v0.4.2
2026-10-08T07:47:21.3370369Z [1m[92m   Compiling[0m copilot_chat v0.1.0 (/home/runner/work/koda/koda/crates/copilot_chat)
2026-10-08T07:47:25.3249979Z [1m[92m   Compiling[0m symphonia-codec-pcm v0.5.5
2026-10-08T07:47:25.7139798Z [1m[92m   Compiling[0m aws-smithy-json v0.62.5
2026-10-08T07:47:26.1100018Z [1m[92m   Compiling[0m quick-xml v0.39.3
2026-10-08T07:47:27.7622905Z [1m[92m   Compiling[0m bincode v1.3.3
2026-10-08T07:47:28.1643478Z [1m[92m   Compiling[0m cpal v0.17.1
2026-10-08T07:47:28.7440181Z [1m[92m   Compiling[0m symphonia v0.5.5
2026-10-08T07:47:28.9183407Z [1m[92m   Compiling[0m copilot v0.1.0 (/home/runner/work/koda/koda/crates/copilot)
2026-10-08T07:47:31.9159926Z [1m[92m   Compiling[0m lmdb-master-sys v0.2.5
2026-10-08T07:47:32.0950145Z [1m[92m   Compiling[0m zbus_macros v5.13.2
2026-10-08T07:47:35.2666317Z [1m[92m   Compiling[0m wayland-backend v0.3.15
2026-10-08T07:47:36.6141252Z [1m[92m   Compiling[0m rodio v0.21.1 (https://github.com/RustAudio/rodio?rev=e50e726ddd0292f6ef9de0dda6b90af4ed1fb66a#e50e726d)
2026-10-08T07:47:37.9719928Z [1m[92m   Compiling[0m zbus v5.13.2
2026-10-08T07:47:39.4910045Z [1m[92m   Compiling[0m copilot_ui v0.1.0 (/home/runner/work/koda/koda/crates/copilot_ui)
2026-10-08T07:47:39.7082084Z [1m[92m   Compiling[0m pet-jsonrpc v0.1.0 (https://github.com/zed-industries/python-environment-tools.git?rev=5aad7164bfc2a58977b103c8ef8fdd7302ed2e9f#5aad7164)
2026-10-08T07:47:39.9961031Z [1m[92m   Compiling[0m ai_onboarding v0.1.0 (/home/runner/work/koda/koda/crates/ai_onboarding)
2026-10-08T07:47:40.8443210Z [1m[92m   Compiling[0m ollama v0.1.0 (/home/runner/work/koda/koda/crates/ollama)
2026-10-08T07:47:40.9903320Z [1m[92m   Compiling[0m heed-types v0.21.0
2026-10-08T07:47:41.1431381Z [1m[92m   Compiling[0m pet-reporter v0.1.0 (https://github.com/zed-industries/python-environment-tools.git?rev=5aad7164bfc2a58977b103c8ef8fdd7302ed2e9f#5aad7164)
2026-10-08T07:47:41.7089550Z [1m[92m   Compiling[0m serde_with v3.22.0
2026-10-08T07:47:41.9962631Z [1m[92m   Compiling[0m wayland-client v0.31.11
2026-10-08T07:47:43.9713821Z [1m[92m   Compiling[0m zbus_xml v5.1.1
2026-10-08T07:47:44.0389375Z [1m[92m   Compiling[0m remote_connection v0.1.0 (/home/runner/work/koda/koda/crates/remote_connection)
2026-10-08T07:47:44.8010018Z [1m[92m   Compiling[0m serde_yaml_ng v0.10.0
2026-10-08T07:47:45.5220175Z [1m[92m   Compiling[0m google_ai v0.1.0 (/home/runner/work/koda/koda/crates/google_ai)
2026-10-08T07:47:46.5039992Z [1m[92m   Compiling[0m spirv v0.4.0+sdk-1.4.341.0
2026-10-08T07:47:47.2452250Z [1m[92m   Compiling[0m heed v0.21.0
2026-10-08T07:47:47.6675177Z [1m[92m   Compiling[0m agent_skills v0.1.0 (/home/runner/work/koda/koda/crates/agent_skills)
2026-10-08T07:47:48.2960044Z [1m[92m   Compiling[0m naga v29.0.4
2026-10-08T07:47:48.3624758Z [1m[92m   Compiling[0m http_proxy v0.1.0 (/home/runner/work/koda/koda/crates/http_proxy)
2026-10-08T07:47:48.7409821Z [1m[92m   Compiling[0m handlebars v4.5.0
2026-10-08T07:47:49.2039842Z [1m[92m   Compiling[0m zbus-lockstep v0.5.2
2026-10-08T07:47:49.4120088Z [1m[92m   Compiling[0m agent-client-protocol-schema v1.9.1
2026-10-08T07:47:52.7300105Z [1m[92m   Compiling[0m open_path_prompt v0.1.0 (/home/runner/work/koda/koda/crates/open_path_prompt)
2026-10-08T07:47:54.5690110Z [1m[92m   Compiling[0m aws-smithy-query v0.60.15
2026-10-08T07:47:54.7119669Z [1m[92m   Compiling[0m wgpu-types v29.0.4
2026-10-08T07:47:57.2746815Z [1m[92m   Compiling[0m gpu-descriptor-types v0.2.0
2026-10-08T07:47:57.4901809Z [1m[92m   Compiling[0m gpu-allocator v0.28.0
2026-10-08T07:47:58.1529859Z [1m[92m   Compiling[0m cached v0.56.0
2026-10-08T07:47:58.4210001Z [1m[92m   Compiling[0m sandbox v0.1.0 (/home/runner/work/koda/koda/crates/sandbox)
2026-10-08T07:47:59.4240010Z [1m[92m   Compiling[0m gpu-descriptor v0.3.2
2026-10-08T07:47:59.6390047Z [1m[92m   Compiling[0m wgpu-naga-bridge v29.0.4
2026-10-08T07:47:59.7449678Z [1m[92m   Compiling[0m aws-sdk-sts v1.98.0
2026-10-08T07:48:03.9900158Z [1m[92m   Compiling[0m prompt_store v0.1.0 (/home/runner/work/koda/koda/crates/prompt_store)
2026-10-08T07:48:05.6059971Z [1m[92m   Compiling[0m zbus-lockstep-macros v0.5.2
2026-10-08T07:48:05.8290104Z [1m[92m   Compiling[0m git_ui_core v0.1.0 (/home/runner/work/koda/koda/crates/git_ui_core)
2026-10-08T07:48:05.9991220Z [1m[92m   Compiling[0m pet-conda v0.1.0 (https://github.com/zed-industries/python-environment-tools.git?rev=5aad7164bfc2a58977b103c8ef8fdd7302ed2e9f#5aad7164)
2026-10-08T07:48:07.5480421Z [1m[92m   Compiling[0m aws-sdk-bedrockruntime v1.125.0
2026-10-08T07:48:10.4890384Z [1m[92m   Compiling[0m agent-client-protocol v2.2.0
2026-10-08T07:48:15.5620108Z [1m[92m   Compiling[0m aws-sdk-ssooidc v1.96.0
2026-10-08T07:48:17.0784807Z [1m[92m   Compiling[0m aws-sdk-sso v1.94.0
2026-10-08T07:48:18.4692759Z [1m[92m   Compiling[0m search v0.1.0 (/home/runner/work/koda/koda/crates/search)
2026-10-08T07:48:19.6149631Z [1m[92m   Compiling[0m action_log v0.1.0 (/home/runner/work/koda/koda/crates/action_log)
2026-10-08T07:48:21.3229777Z [1m[92m   Compiling[0m tokio-tungstenite v0.28.0
2026-10-08T07:48:21.6064569Z [1m[92m   Compiling[0m pathfinder_simd v0.5.6
2026-10-08T07:48:21.7550534Z [1m[92m   Compiling[0m x_ai v0.1.0 (/home/runner/work/koda/koda/crates/x_ai)
2026-10-08T07:48:21.9259923Z [1m[92m   Compiling[0m num-traits v0.2.19
2026-10-08T07:48:21.9865770Z [1m[92m   Compiling[0m wgpu-hal v29.0.4
2026-10-08T07:48:22.1519889Z [1m[92m   Compiling[0m brush-parser v0.3.0
2026-10-08T07:48:25.1662016Z [1m[92m   Compiling[0m x_ai_subscribed v0.1.0 (/home/runner/work/koda/koda/crates/x_ai_subscribed)
2026-10-08T07:48:25.3152479Z [1m[92m   Compiling[0m livekit-api v0.4.14 (https://github.com/zed-industries/livekit-rust-sdks?rev=0a1c519cfce9b365229026b55de9b9dbdb6fed3c#0a1c519c)
2026-10-08T07:48:26.0580289Z [1m[92m   Compiling[0m acp_thread v0.1.0 (/home/runner/work/koda/koda/crates/acp_thread)
2026-10-08T07:48:26.3130281Z [1m[92m   Compiling[0m aws-config v1.8.14
2026-10-08T07:48:27.9930045Z [1m[92m   Compiling[0m bedrock v0.1.0 (/home/runner/work/koda/koda/crates/bedrock)
2026-10-08T07:48:28.8897202Z [1m[92m   Compiling[0m atspi-common v0.13.0
2026-10-08T07:48:30.7610333Z [1m[92m   Compiling[0m language_models_cloud v0.1.0 (/home/runner/work/koda/koda/crates/language_models_cloud)
2026-10-08T07:48:31.3910245Z [1m[92m   Compiling[0m opencode v0.1.0 (/home/runner/work/koda/koda/crates/opencode)
2026-10-08T07:48:31.5809524Z [1m[92m   Compiling[0m wayland-protocols v0.32.9
2026-10-08T07:48:31.7760610Z [1m[92m   Compiling[0m platform_title_bar v0.1.0 (/home/runner/work/koda/koda/crates/platform_title_bar)
2026-10-08T07:48:33.0590743Z [1m[92m   Compiling[0m open_router v0.1.0 (/home/runner/work/koda/koda/crates/open_router)
2026-10-08T07:48:34.6620547Z [1m[92m   Compiling[0m openai_subscribed v0.1.0 (/home/runner/work/koda/koda/crates/openai_subscribed)
2026-10-08T07:48:34.8520224Z [1m[92m   Compiling[0m aws_http_client v0.1.0 (/home/runner/work/koda/koda/crates/aws_http_client)
2026-10-08T07:48:35.1150331Z [1m[92m   Compiling[0m html_to_markdown v0.1.0 (/home/runner/work/koda/koda/crates/html_to_markdown)
2026-10-08T07:48:36.0670204Z [1m[92m   Compiling[0m lmstudio v0.1.0 (/home/runner/work/koda/koda/crates/lmstudio)
2026-10-08T07:48:36.2900213Z [1m[92m   Compiling[0m llama_cpp v0.1.0 (/home/runner/work/koda/koda/crates/llama_cpp)
2026-10-08T07:48:37.1030393Z [1m[92m   Compiling[0m web_search v0.1.0 (/home/runner/work/koda/koda/crates/web_search)
2026-10-08T07:48:37.4449886Z [1m[92m   Compiling[0m bmrng v0.5.2
2026-10-08T07:48:37.5310174Z [1m[92m   Compiling[0m mistral v0.1.0 (/home/runner/work/koda/koda/crates/mistral)
2026-10-08T07:48:37.6010268Z [1m[92m   Compiling[0m deepseek v0.1.0 (/home/runner/work/koda/koda/crates/deepseek)
2026-10-08T07:48:38.7383193Z [1m[92m   Compiling[0m fluent-uri v0.4.1
2026-10-08T07:48:38.8330953Z [1m[92m   Compiling[0m edit_prediction_metrics v0.1.0 (/home/runner/work/koda/koda/crates/edit_prediction_metrics)
2026-10-08T07:48:39.0350478Z [1m[92m   Compiling[0m language_models v0.1.0 (/home/runner/work/koda/koda/crates/language_models)
2026-10-08T07:48:39.5380321Z [1m[92m   Compiling[0m agent_servers v0.1.0 (/home/runner/work/koda/koda/crates/agent_servers)
2026-10-08T07:48:40.4730536Z [1m[92m   Compiling[0m wgpu-core-deps-windows-linux-android v29.0.4
2026-10-08T07:48:40.9865933Z [1m[92m   Compiling[0m shell_command_parser v0.1.0 (/home/runner/work/koda/koda/crates/shell_command_parser)
2026-10-08T07:48:42.1204750Z [1m[92m   Compiling[0m terminal_view v0.1.0 (/home/runner/work/koda/koda/crates/terminal_view)
2026-10-08T07:48:47.1450564Z [1m[92m   Compiling[0m edit_prediction_context v0.1.0 (/home/runner/work/koda/koda/crates/edit_prediction_context)
2026-10-08T07:48:47.7349987Z [1m[92m   Compiling[0m serde_yaml v0.9.34+deprecated
2026-10-08T07:48:49.2060544Z [1m[92m   Compiling[0m streaming_diff v0.1.0 (/home/runner/work/koda/koda/crates/streaming_diff)
2026-10-08T07:48:49.8169851Z [1m[92m   Compiling[0m nanoid v0.4.0
2026-10-08T07:48:49.9001282Z [1m[92m   Compiling[0m half v2.7.1
2026-10-08T07:48:49.9725336Z [1m[92m   Compiling[0m referencing v0.51.0
2026-10-08T07:48:50.2972244Z [1m[92m   Compiling[0m jsonschema-value v0.51.0
2026-10-08T07:48:51.2217594Z [1m[92m   Compiling[0m agent v0.1.0 (/home/runner/work/koda/koda/crates/agent)
2026-10-08T07:48:51.4240407Z [1m[92m   Compiling[0m dev_container v0.1.0 (/home/runner/work/koda/koda/crates/dev_container)
2026-10-08T07:48:52.0340744Z [1m[92m   Compiling[0m edit_prediction v0.1.0 (/home/runner/work/koda/koda/crates/edit_prediction)
2026-10-08T07:48:58.0789973Z [1m[92m   Compiling[0m pxfm v0.1.25
2026-10-08T07:48:58.3247582Z [1m[92m   Compiling[0m pathfinder_geometry v0.5.1
2026-10-08T07:48:58.5680330Z [1m[92m   Compiling[0m wgpu-core v29.0.4
2026-10-08T07:49:00.8840273Z [1m[92m   Compiling[0m atspi-proxies v0.13.0
2026-10-08T07:49:02.4897214Z [1m[92m   Compiling[0m harfrust v0.5.0
2026-10-08T07:49:06.7055427Z [1m[92m   Compiling[0m jupyter-protocol v1.4.0
2026-10-08T07:49:08.4100160Z [1m[92m   Compiling[0m accesskit_consumer v0.38.0
2026-10-08T07:49:09.4209831Z [1m[92m   Compiling[0m gethostname v1.1.0
2026-10-08T07:49:09.5320058Z [1m[92m   Compiling[0m debugid v0.8.0
2026-10-08T07:49:09.6409946Z [1m[92m   Compiling[0m email_address v0.2.9
2026-10-08T07:49:09.7431781Z [1m[92m   Compiling[0m process-reader v0.1.0
2026-10-08T07:49:09.8836924Z [1m[92m   Compiling[0m bytemuck v1.24.0
2026-10-08T07:49:10.0704350Z [1m[92m   Compiling[0m x11rb v0.13.2
2026-10-08T07:49:10.0705695Z [1m[92m   Compiling[0m cosmic-text v0.19.0
2026-10-08T07:49:10.8220674Z [1m[92m   Compiling[0m zed-font-kit v0.14.1-zed (https://github.com/zed-industries/font-kit?rev=94b0f28166665e8fd2f53ff6d268a14955c82269#94b0f281)
2026-10-08T07:49:11.6696522Z [1m[92m   Compiling[0m goblin v0.9.3
2026-10-08T07:49:12.0799005Z [1m[92m   Compiling[0m qoi v0.4.1
2026-10-08T07:49:12.2830350Z [1m[92m   Compiling[0m process-backend v0.1.0
2026-10-08T07:49:12.5060916Z [1m[92m   Compiling[0m minidump-common v0.26.1
2026-10-08T07:49:12.6212978Z [1m[92m   Compiling[0m jsonschema v0.51.0
2026-10-08T07:49:15.8749824Z [1m[92m   Compiling[0m accesskit_atspi_common v0.19.1
2026-10-08T07:49:16.3360267Z [1m[92m   Compiling[0m wgpu v29.0.4
2026-10-08T07:49:16.9589987Z [1m[92m   Compiling[0m atspi v0.29.0
2026-10-08T07:49:17.0269346Z [1m[92m   Compiling[0m moxcms v0.8.1
2026-10-08T07:49:19.7130395Z [1m[92m   Compiling[0m recent_projects v0.1.0 (/home/runner/work/koda/koda/crates/recent_projects)
2026-10-08T07:49:22.8401984Z [1m[92m   Compiling[0m num-bigint-dig v0.9.1
2026-10-08T07:49:23.9479816Z [1m[92m   Compiling[0m xim-parser v0.2.1 (https://github.com/zed-industries/xim-rs.git?rev=16f35a2c881b815a2b6cdfd6687988e84f8447d8#16f35a2c)
2026-10-08T07:49:24.9284429Z [1m[92m   Compiling[0m tiff v0.11.3
2026-10-08T07:49:26.5393808Z [1m[92m   Compiling[0m ashpd v0.13.5
2026-10-08T07:49:28.2684056Z [1m[92m   Compiling[0m command_palette v0.1.0 (/home/runner/work/koda/koda/crates/command_palette)
2026-10-08T07:49:28.5089776Z [1m[92m   Compiling[0m pbkdf2 v0.12.2
2026-10-08T07:49:28.5869268Z [1m[92m   Compiling[0m hkdf v0.12.4
2026-10-08T07:49:28.6889826Z [1m[92m   Compiling[0m procfs-core v0.18.0
2026-10-08T07:49:29.5890230Z [1m[92m   Compiling[0m calloop v0.14.3 (https://github.com/zed-industries/calloop#eb6b4fd1)
2026-10-08T07:49:30.3631194Z [1m[92m   Compiling[0m error-graph v0.1.1
2026-10-08T07:49:30.4819509Z [1m[92m   Compiling[0m pathdiff v0.2.3
2026-10-08T07:49:30.5555370Z [1m[92m   Compiling[0m system_specs v0.1.0 (/home/runner/work/koda/koda/crates/system_specs)
2026-10-08T07:49:31.0809830Z [1m[92m   Compiling[0m open v5.3.2
2026-10-08T07:49:31.2358765Z [1m[92m   Compiling[0m oo7 v0.6.0
2026-10-08T07:49:31.6059650Z [1m[92m   Compiling[0m zeromq v0.5.0
2026-10-08T07:49:34.3969980Z [1m[92m   Compiling[0m calloop-wayland-source v0.4.1
2026-10-08T07:49:34.4937744Z [1m[92m   Compiling[0m minidump-writer v0.13.0
2026-10-08T07:49:35.1677828Z [1m[92m   Compiling[0m zed-xim v0.4.0-zed (https://github.com/zed-industries/xim-rs.git?rev=16f35a2c881b815a2b6cdfd6687988e84f8447d8#16f35a2c)
2026-10-08T07:49:35.4380084Z [1m[92m   Compiling[0m gpui_wgpu v0.1.0 (/home/runner/work/koda/koda/crates/gpui_wgpu)
2026-10-08T07:49:36.2045772Z [1m[92m   Compiling[0m accesskit_unix v0.22.1
2026-10-08T07:49:37.0966421Z [1m[92m   Compiling[0m codestral v0.1.0 (/home/runner/work/koda/koda/crates/codestral)
2026-10-08T07:49:38.3561301Z [1m[92m   Compiling[0m pet-uv v0.1.0 (https://github.com/zed-industries/python-environment-tools.git?rev=5aad7164bfc2a58977b103c8ef8fdd7302ed2e9f#5aad7164)
2026-10-08T07:49:38.8839883Z [1m[92m   Compiling[0m pet-hatch v0.1.0 (https://github.com/zed-industries/python-environment-tools.git?rev=5aad7164bfc2a58977b103c8ef8fdd7302ed2e9f#5aad7164)
2026-10-08T07:49:39.5005985Z [1m[92m   Compiling[0m wayland-cursor v0.31.11
2026-10-08T07:49:39.7722893Z [1m[92m   Compiling[0m wayland-protocols-plasma v0.3.9
2026-10-08T07:49:41.8219835Z [1m[92m   Compiling[0m wayland-protocols-wlr v0.3.9
2026-10-08T07:49:41.8740879Z [1m[92m   Compiling[0m pet-global-virtualenvs v0.1.0 (https://github.com/zed-industries/python-environment-tools.git?rev=5aad7164bfc2a58977b103c8ef8fdd7302ed2e9f#5aad7164)
2026-10-08T07:49:42.0505185Z [1m[92m   Compiling[0m pet-env-var-path v0.1.0 (https://github.com/zed-industries/python-environment-tools.git?rev=5aad7164bfc2a58977b103c8ef8fdd7302ed2e9f#5aad7164)
2026-10-08T07:49:42.2659283Z [1m[92m   Compiling[0m pet-pixi v0.1.0 (https://github.com/zed-industries/python-environment-tools.git?rev=5aad7164bfc2a58977b103c8ef8fdd7302ed2e9f#5aad7164)
2026-10-08T07:49:42.4053550Z [1m[92m   Compiling[0m pet-pyenv v0.1.0 (https://github.com/zed-industries/python-environment-tools.git?rev=5aad7164bfc2a58977b103c8ef8fdd7302ed2e9f#5aad7164)
2026-10-08T07:49:42.6970819Z [1m[92m   Compiling[0m pet-homebrew v0.1.0 (https://github.com/zed-industries/python-environment-tools.git?rev=5aad7164bfc2a58977b103c8ef8fdd7302ed2e9f#5aad7164)
2026-10-08T07:49:42.9622617Z [1m[92m   Compiling[0m notify-rust v4.18.0
2026-10-08T07:49:43.0436796Z [1m[92m   Compiling[0m pet-poetry v0.1.0 (https://github.com/zed-industries/python-environment-tools.git?rev=5aad7164bfc2a58977b103c8ef8fdd7302ed2e9f#5aad7164)
2026-10-08T07:49:43.1909479Z [1m[92m   Compiling[0m android_ui v0.1.0 (/home/runner/work/koda/koda/crates/android_ui)
2026-10-08T07:49:43.7842042Z [1m[92m   Compiling[0m markdown_preview v0.1.0 (/home/runner/work/koda/koda/crates/markdown_preview)
2026-10-08T07:49:44.4699887Z [1m[92m   Compiling[0m pet-pipenv v0.1.0 (https://github.com/zed-industries/python-environment-tools.git?rev=5aad7164bfc2a58977b103c8ef8fdd7302ed2e9f#5aad7164)
2026-10-08T07:49:44.7783013Z [1m[92m   Compiling[0m pet-mac-python-org v0.1.0 (https://github.com/zed-industries/python-environment-tools.git?rev=5aad7164bfc2a58977b103c8ef8fdd7302ed2e9f#5aad7164)
2026-10-08T07:49:44.9560879Z [1m[92m   Compiling[0m pet-linux-global-python v0.1.0 (https://github.com/zed-industries/python-environment-tools.git?rev=5aad7164bfc2a58977b103c8ef8fdd7302ed2e9f#5aad7164)
2026-10-08T07:49:45.2611367Z [1m[92m   Compiling[0m pet-venv v0.1.0 (https://github.com/zed-industries/python-environment-tools.git?rev=5aad7164bfc2a58977b103c8ef8fdd7302ed2e9f#5aad7164)
2026-10-08T07:49:45.4101577Z [1m[92m   Compiling[0m pet-mac-xcode v0.1.0 (https://github.com/zed-industries/python-environment-tools.git?rev=5aad7164bfc2a58977b103c8ef8fdd7302ed2e9f#5aad7164)
2026-10-08T07:49:45.6031255Z [1m[92m   Compiling[0m pet-mac-commandlinetools v0.1.0 (https://github.com/zed-industries/python-environment-tools.git?rev=5aad7164bfc2a58977b103c8ef8fdd7302ed2e9f#5aad7164)
2026-10-08T07:49:45.8380885Z [1m[92m   Compiling[0m pet-virtualenvwrapper v0.1.0 (https://github.com/zed-industries/python-environment-tools.git?rev=5aad7164bfc2a58977b103c8ef8fdd7302ed2e9f#5aad7164)
2026-10-08T07:49:45.9985186Z [1m[92m   Compiling[0m json_schema_store v0.1.0 (/home/runner/work/koda/koda/crates/json_schema_store)
2026-10-08T07:49:46.4486909Z [1m[92m   Compiling[0m pet-telemetry v0.1.0 (https://github.com/zed-industries/python-environment-tools.git?rev=5aad7164bfc2a58977b103c8ef8fdd7302ed2e9f#5aad7164)
2026-10-08T07:49:46.6069681Z [1m[92m   Compiling[0m clap_complete v4.5.59
2026-10-08T07:49:47.2574042Z [1m[92m   Compiling[0m env_filter v0.1.4
2026-10-08T07:49:47.5775520Z [1m[92m   Compiling[0m minidumper v0.11.0
2026-10-08T07:49:47.5776727Z [1m[92m   Compiling[0m env_logger v0.11.8
2026-10-08T07:49:48.0063106Z [1m[92m   Compiling[0m gpui_linux v0.1.0 (/home/runner/work/koda/koda/crates/gpui_linux)
2026-10-08T07:49:53.7745373Z [1m[92m   Compiling[0m clap_complete_nushell v4.6.0
2026-10-08T07:49:53.9849123Z [1m[92m   Compiling[0m pet v0.1.0 (https://github.com/zed-industries/python-environment-tools.git?rev=5aad7164bfc2a58977b103c8ef8fdd7302ed2e9f#5aad7164)
2026-10-08T07:49:54.0900797Z [1m[92m   Compiling[0m zed v1.23.0 (/home/runner/work/koda/koda/crates/zed)
2026-10-08T07:49:55.2410187Z [1m[92m   Compiling[0m edit_prediction_ui v0.1.0 (/home/runner/work/koda/koda/crates/edit_prediction_ui)
2026-10-08T07:49:56.9233471Z [1m[92m   Compiling[0m grammars v0.1.0 (/home/runner/work/koda/koda/crates/grammars)
2026-10-08T07:49:57.2439868Z [1m[92m   Compiling[0m runtimelib v1.4.0
2026-10-08T07:49:58.1310492Z [1m[92m   Compiling[0m crash-handler v0.8.0
2026-10-08T07:49:58.2604235Z [1m[92m   Compiling[0m nbformat v1.2.0
2026-10-08T07:49:58.3077019Z [1m[92m   Compiling[0m jupyter-websocket-client v1.1.0
2026-10-08T07:49:59.1180812Z [1m[92m   Compiling[0m time_format v0.1.0 (/home/runner/work/koda/koda/crates/time_format)
2026-10-08T07:49:59.2990348Z [1m[92m   Compiling[0m ipc-channel v0.19.0
2026-10-08T07:49:59.3138806Z [1m[92m   Compiling[0m outline v0.1.0 (/home/runner/work/koda/koda/crates/outline)
2026-10-08T07:50:00.1403986Z [1m[92m   Compiling[0m debugger_tools v0.1.0 (/home/runner/work/koda/koda/crates/debugger_tools)
2026-10-08T07:50:00.2630233Z [1m[92m   Compiling[0m tasks_ui v0.1.0 (/home/runner/work/koda/koda/crates/tasks_ui)
2026-10-08T07:50:01.1480461Z [1m[92m   Compiling[0m extension_suggest v0.1.0 (/home/runner/work/koda/koda/crates/extension_suggest)
2026-10-08T07:50:01.3495231Z [1m[92m   Compiling[0m dap_adapters v0.1.0 (/home/runner/work/koda/koda/crates/dap_adapters)
2026-10-08T07:50:02.0780279Z [1m[92m   Compiling[0m debugger_ui v0.1.0 (/home/runner/work/koda/koda/crates/debugger_ui)
2026-10-08T07:50:02.3999774Z [1m[92m   Compiling[0m cli v0.1.0 (/home/runner/work/koda/koda/crates/cli)
2026-10-08T07:50:02.7530207Z [1m[92m   Compiling[0m extensions_ui v0.1.0 (/home/runner/work/koda/koda/crates/extensions_ui)
2026-10-08T07:50:04.1131678Z [1m[92m   Compiling[0m outline_panel v0.1.0 (/home/runner/work/koda/koda/crates/outline_panel)
2026-10-08T07:50:06.5810335Z [1m[92m   Compiling[0m repl v0.1.0 (/home/runner/work/koda/koda/crates/repl)
2026-10-08T07:50:08.2668587Z [1m[92m   Compiling[0m crashes v0.1.0 (/home/runner/work/koda/koda/crates/crashes)
2026-10-08T07:50:09.1213420Z [1m[92m   Compiling[0m languages v0.1.0 (/home/runner/work/koda/koda/crates/languages)
2026-10-08T07:50:13.2770132Z [1m[92m   Compiling[0m gpui_platform v0.1.0 (/home/runner/work/koda/koda/crates/gpui_platform)
2026-10-08T07:50:13.5569140Z [1m[92m   Compiling[0m reqwest_client v0.1.0 (/home/runner/work/koda/koda/crates/reqwest_client)
2026-10-08T07:50:14.0590224Z [1m[92m   Compiling[0m vim v0.1.0 (/home/runner/work/koda/koda/crates/vim)
2026-10-08T07:50:15.2590093Z [1m[92m   Compiling[0m keymap_editor v0.1.0 (/home/runner/work/koda/koda/crates/keymap_editor)
2026-10-08T07:50:17.0362735Z [1m[92m   Compiling[0m project_panel v0.1.0 (/home/runner/work/koda/koda/crates/project_panel)
2026-10-08T07:50:18.9233471Z [1m[92m   Compiling[0m auto_update_ui v0.1.0 (/home/runner/work/koda/koda/crates/auto_update_ui)
2026-10-08T07:50:20.3680289Z [1m[92m   Compiling[0m feedback v0.1.0 (/home/runner/work/koda/koda/crates/feedback)
2026-10-08T07:50:21.5104012Z [1m[92m   Compiling[0m libwebrtc v0.3.26 (https://github.com/zed-industries/livekit-rust-sdks?rev=0a1c519cfce9b365229026b55de9b9dbdb6fed3c#0a1c519c)
2026-10-08T07:50:21.5470314Z [1m[92m   Compiling[0m which_key v0.1.0 (/home/runner/work/koda/koda/crates/which_key)
2026-10-08T07:50:23.2200087Z [1m[92m   Compiling[0m language_tools v0.1.0 (/home/runner/work/koda/koda/crates/language_tools)
2026-10-08T07:50:23.3420509Z [1m[92m   Compiling[0m web_search_providers v0.1.0 (/home/runner/work/koda/koda/crates/web_search_providers)
2026-10-08T07:50:24.1048857Z [1m[92m   Compiling[0m audio v0.1.0 (/home/runner/work/koda/koda/crates/audio)
2026-10-08T07:50:24.1360768Z [1m[92m   Compiling[0m livekit v0.7.32 (https://github.com/zed-industries/livekit-rust-sdks?rev=0a1c519cfce9b365229026b55de9b9dbdb6fed3c#0a1c519c)
2026-10-08T07:50:25.5190079Z [1m[92m   Compiling[0m agent_ui v0.1.0 (/home/runner/work/koda/koda/crates/agent_ui)
2026-10-08T07:50:28.4140240Z [1m[92m   Compiling[0m livekit_client v0.1.0 (/home/runner/work/koda/koda/crates/livekit_client)
2026-10-08T07:50:30.2823486Z [1m[92m   Compiling[0m call v0.1.0 (/home/runner/work/koda/koda/crates/call)
2026-10-08T07:50:30.6110376Z [1m[92m   Compiling[0m settings_ui v0.1.0 (/home/runner/work/koda/koda/crates/settings_ui)
2026-10-08T07:50:33.0750225Z [1m[92m   Compiling[0m title_bar v0.1.0 (/home/runner/work/koda/koda/crates/title_bar)
2026-10-08T07:50:36.1540529Z [1m[92m   Compiling[0m collab_ui v0.1.0 (/home/runner/work/koda/koda/crates/collab_ui)
2026-10-08T07:50:36.8288945Z [1m[92m   Compiling[0m git_ui v0.1.0 (/home/runner/work/koda/koda/crates/git_ui)
2026-10-08T07:50:42.9210109Z [1m[92m   Compiling[0m acp_tools v0.1.0 (/home/runner/work/koda/koda/crates/acp_tools)
2026-10-08T07:50:44.9319286Z [1m[92m   Compiling[0m sidebar v0.1.0 (/home/runner/work/koda/koda/crates/sidebar)
2026-10-08T07:50:49.2380305Z [1m[92m   Compiling[0m language_selector v0.1.0 (/home/runner/work/koda/koda/crates/language_selector)
2026-10-08T07:50:50.7591687Z [1m[92m   Compiling[0m snippets_ui v0.1.0 (/home/runner/work/koda/koda/crates/snippets_ui)
2026-10-08T07:50:50.8920419Z [1m[92m   Compiling[0m toolchain_selector v0.1.0 (/home/runner/work/koda/koda/crates/toolchain_selector)
2026-10-08T07:50:52.1490386Z [1m[92m   Compiling[0m file_finder v0.1.0 (/home/runner/work/koda/koda/crates/file_finder)
2026-10-08T07:50:53.0520311Z [1m[92m   Compiling[0m activity_indicator v0.1.0 (/home/runner/work/koda/koda/crates/activity_indicator)
2026-10-08T07:50:54.4016929Z [1m[92m   Compiling[0m lsp_locations v0.1.0 (/home/runner/work/koda/koda/crates/lsp_locations)
2026-10-08T07:50:54.6460361Z [1m[92m   Compiling[0m project_symbols v0.1.0 (/home/runner/work/koda/koda/crates/project_symbols)
2026-10-08T07:50:56.2511361Z [1m[92m   Compiling[0m go_to_line v0.1.0 (/home/runner/work/koda/koda/crates/go_to_line)
2026-10-08T07:50:56.3542842Z [1m[92m   Compiling[0m journal v0.1.0 (/home/runner/work/koda/koda/crates/journal)
2026-10-08T07:50:57.3646805Z [1m[92m   Compiling[0m lsp_command_selector v0.1.0 (/home/runner/work/koda/koda/crates/lsp_command_selector)
2026-10-08T07:50:57.4245778Z [1m[92m   Compiling[0m line_ending_selector v0.1.0 (/home/runner/work/koda/koda/crates/line_ending_selector)
2026-10-08T07:50:58.9756299Z [1m[92m   Compiling[0m encoding_selector v0.1.0 (/home/runner/work/koda/koda/crates/encoding_selector)
2026-10-08T07:50:59.1606691Z [1m[92m   Compiling[0m inspector_ui v0.1.0 (/home/runner/work/koda/koda/crates/inspector_ui)
2026-10-08T07:50:59.3355330Z [1m[92m   Compiling[0m image_viewer v0.1.0 (/home/runner/work/koda/koda/crates/image_viewer)
2026-10-08T07:51:00.6282626Z [1m[92m   Compiling[0m tab_switcher v0.1.0 (/home/runner/work/koda/koda/crates/tab_switcher)
2026-10-08T07:51:00.9015193Z [1m[92m   Compiling[0m call_hierarchy v0.1.0 (/home/runner/work/koda/koda/crates/call_hierarchy)
2026-10-08T07:51:01.0270278Z [1m[92m   Compiling[0m language_onboarding v0.1.0 (/home/runner/work/koda/koda/crates/language_onboarding)
2026-10-08T07:51:01.8300398Z [1m[92m   Compiling[0m tabular_data_preview v0.1.0 (/home/runner/work/koda/koda/crates/tabular_data_preview)
2026-10-08T07:51:02.5969322Z [1m[92m   Compiling[0m diagnostics v0.1.0 (/home/runner/work/koda/koda/crates/diagnostics)
2026-10-08T07:51:03.1274649Z [1m[92m   Compiling[0m component_preview v0.1.0 (/home/runner/work/koda/koda/crates/component_preview)
2026-10-08T07:51:04.7500391Z [1m[92m   Compiling[0m onboarding v0.1.0 (/home/runner/work/koda/koda/crates/onboarding)
2026-10-08T07:51:04.9810238Z [1m[92m   Compiling[0m miniprofiler_ui v0.1.0 (/home/runner/work/koda/koda/crates/miniprofiler_ui)
2026-10-08T07:51:05.3241308Z [1m[92m   Compiling[0m settings_profile_selector v0.1.0 (/home/runner/work/koda/koda/crates/settings_profile_selector)
2026-10-08T07:51:05.5600131Z [1m[92m   Compiling[0m theme_selector v0.1.0 (/home/runner/work/koda/koda/crates/theme_selector)
2026-10-08T07:51:06.3080138Z [1m[92m   Compiling[0m ui_prompt v0.1.0 (/home/runner/work/koda/koda/crates/ui_prompt)
2026-10-08T07:51:06.8739902Z [1m[92m   Compiling[0m install_cli v0.1.0 (/home/runner/work/koda/koda/crates/install_cli)
2026-10-08T07:51:07.1870301Z [1m[92m   Compiling[0m svg_preview v0.1.0 (/home/runner/work/koda/koda/crates/svg_preview)
2026-10-08T07:51:07.6090912Z [1m[92m   Compiling[0m language_extension v0.1.0 (/home/runner/work/koda/koda/crates/language_extension)
2026-10-08T07:51:07.7830571Z [1m[92m   Compiling[0m theme_extension v0.1.0 (/home/runner/work/koda/koda/crates/theme_extension)
2026-10-08T07:51:08.1720366Z [1m[92m   Compiling[0m debug_adapter_extension v0.1.0 (/home/runner/work/koda/koda/crates/debug_adapter_extension)
2026-10-08T07:51:08.3570061Z [1m[92m   Compiling[0m zlog_settings v0.1.0 (/home/runner/work/koda/koda/crates/zlog_settings)
2026-10-08T07:51:08.4745644Z [1m[92m   Compiling[0m input_latency_ui v0.1.0 (/home/runner/work/koda/koda/crates/input_latency_ui)
2026-10-08T07:51:08.7600066Z [1m[92m   Compiling[0m hang_telemetry v0.1.0 (/home/runner/work/koda/koda/crates/hang_telemetry)
2026-10-08T07:51:27.4030481Z [1m[92m    Finished[0m `dev` profile [unoptimized] target(s) in 10m 11s
2026-10-08T07:51:27.5526163Z Linux app build: 611.5s (exit 0)
2026-10-08T07:51:27.5720122Z ##[group]Run python3 script/ci-source-cache stage
2026-10-08T07:51:27.5720557Z [36;1mpython3 script/ci-source-cache stage[0m
2026-10-08T07:51:27.6668403Z shell: /usr/bin/bash --noprofile --norc -e -o pipefail {0}
2026-10-08T07:51:27.6668791Z env:
2026-10-08T07:51:27.6669006Z   CARGO_TERM_COLOR: always
2026-10-08T07:51:27.6669273Z   CARGO_INCREMENTAL: 0
2026-10-08T07:51:27.6669528Z   CARGO_PROFILE_DEV_DEBUG: 0
2026-10-08T07:51:27.6669822Z   CARGO_PROFILE_DEV_BUILD_OVERRIDE_DEBUG: 0
2026-10-08T07:51:27.6670134Z   RUST_BACKTRACE: 1
2026-10-08T07:51:27.6670356Z   CC: clang
2026-10-08T07:51:27.6670556Z   CXX: clang++
2026-10-08T07:51:27.6670779Z   WGPU_BACKEND: vulkan
2026-10-08T07:51:27.6671016Z   CI_TEST_FILTER: 
2026-10-08T07:51:27.6671249Z   CI_TEST_MODE: full
2026-10-08T07:51:27.6671514Z   CARGO_BUILD_JOBS: 4
2026-10-08T07:51:27.6671772Z   CI_TEST_THREADS: 4
2026-10-08T07:51:27.6672081Z   VK_DRIVER_FILES: /usr/share/vulkan/icd.d/lvp_icd.json
2026-10-08T07:51:27.6672487Z ##[endgroup]
2026-10-08T07:51:39.6541755Z ##[group]Run actions/cache/save@0057852bfaa89a56745cba8c7296529d2fc39830
2026-10-08T07:51:39.6542165Z with:
2026-10-08T07:51:39.6542478Z   path: .ci-cache/cargo-sources/registry
.ci-cache/cargo-sources/git

2026-10-08T07:51:39.6542855Z   enableCrossOsArchive: true
2026-10-08T07:51:39.6543619Z   key: fork-ci-source-v3-shared-eff68d54502d28a838f84354ec306df7a6499991c0c1d8518658bc8ecc2758fa-62433dcec7df1eda715520c2f18b1f29c6d8044897077192799fc2bdd7cd0f98
2026-10-08T07:51:39.6544392Z env:
2026-10-08T07:51:39.6544580Z   CARGO_TERM_COLOR: always
2026-10-08T07:51:39.6544811Z   CARGO_INCREMENTAL: 0
2026-10-08T07:51:39.6545031Z   CARGO_PROFILE_DEV_DEBUG: 0
2026-10-08T07:51:39.6545283Z   CARGO_PROFILE_DEV_BUILD_OVERRIDE_DEBUG: 0
2026-10-08T07:51:39.6545557Z   RUST_BACKTRACE: 1
2026-10-08T07:51:39.6545962Z   CC: clang
2026-10-08T07:51:39.6546139Z   CXX: clang++
2026-10-08T07:51:39.6546329Z   WGPU_BACKEND: vulkan
2026-10-08T07:51:39.6546534Z   CI_TEST_FILTER: 
2026-10-08T07:51:39.6546754Z   CI_TEST_MODE: full
2026-10-08T07:51:39.6546957Z   CARGO_BUILD_JOBS: 4
2026-10-08T07:51:39.6547162Z   CI_TEST_THREADS: 4
2026-10-08T07:51:39.6547418Z   VK_DRIVER_FILES: /usr/share/vulkan/icd.d/lvp_icd.json
2026-10-08T07:51:39.6547721Z ##[endgroup]
2026-10-08T07:51:39.8977750Z (node:135210) [DEP0040] DeprecationWarning: The `punycode` module is deprecated. Please use a userland alternative instead.
2026-10-08T07:51:39.8979494Z (Use `node --trace-deprecation ...` to show where the warning was created)
2026-10-08T07:51:39.9208826Z [command]/usr/bin/tar --posix -cf cache.tzst --exclude cache.tzst -P -C /home/runner/work/koda/koda --files-from manifest.txt --use-compress-program zstdmt
2026-10-08T07:52:07.3085580Z (node:135210) [DEP0169] DeprecationWarning: `url.parse()` behavior is not standardized and prone to errors that have security implications. Use the WHATWG URL API instead. CVEs are not issued for `url.parse()` vulnerabilities.
2026-10-08T07:52:08.2893799Z Sent 0 of 890078817 (0.0%), 0.0 MBs/sec
2026-10-08T07:52:09.2894899Z Sent 134217728 of 890078817 (15.1%), 64.0 MBs/sec
2026-10-08T07:52:10.2894750Z Sent 469762048 of 890078817 (52.8%), 149.3 MBs/sec
2026-10-08T07:52:11.2899606Z Sent 688752225 of 890078817 (77.4%), 164.2 MBs/sec
2026-10-08T07:52:12.2907779Z Sent 688752225 of 890078817 (77.4%), 131.4 MBs/sec
2026-10-08T07:52:13.2899152Z Sent 688752225 of 890078817 (77.4%), 109.5 MBs/sec
2026-10-08T07:52:14.2898410Z Sent 755861089 of 890078817 (84.9%), 103.0 MBs/sec
2026-10-08T07:52:15.2893673Z Sent 755861089 of 890078817 (84.9%), 90.1 MBs/sec
2026-10-08T07:52:16.2900786Z Sent 755861089 of 890078817 (84.9%), 80.1 MBs/sec
2026-10-08T07:52:17.2906220Z Sent 755861089 of 890078817 (84.9%), 72.1 MBs/sec
2026-10-08T07:52:18.2905155Z Sent 755861089 of 890078817 (84.9%), 65.5 MBs/sec
2026-10-08T07:52:19.2901101Z Sent 755861089 of 890078817 (84.9%), 60.1 MBs/sec
2026-10-08T07:52:20.2912263Z Sent 755861089 of 890078817 (84.9%), 55.4 MBs/sec
2026-10-08T07:52:21.2921993Z Sent 822969953 of 890078817 (92.5%), 56.1 MBs/sec
2026-10-08T07:52:22.2928628Z Sent 822969953 of 890078817 (92.5%), 52.3 MBs/sec
2026-10-08T07:52:23.2940344Z Sent 822969953 of 890078817 (92.5%), 49.0 MBs/sec
2026-10-08T07:52:24.2955939Z Sent 822969953 of 890078817 (92.5%), 46.2 MBs/sec
2026-10-08T07:52:25.2969525Z Sent 822969953 of 890078817 (92.5%), 43.6 MBs/sec
2026-10-08T07:52:26.2969223Z Sent 822969953 of 890078817 (92.5%), 41.3 MBs/sec
2026-10-08T07:52:27.2980326Z Sent 822969953 of 890078817 (92.5%), 39.2 MBs/sec
2026-10-08T07:52:28.1245932Z Sent 890078817 of 890078817 (100.0%), 40.7 MBs/sec
2026-10-08T07:52:28.5212916Z Cache saved with key: fork-ci-source-v3-shared-eff68d54502d28a838f84354ec306df7a6499991c0c1d8518658bc8ecc2758fa-62433dcec7df1eda715520c2f18b1f29c6d8044897077192799fc2bdd7cd0f98
2026-10-08T07:52:28.5716651Z ##[group]Run actions/cache/save@0057852bfaa89a56745cba8c7296529d2fc39830
2026-10-08T07:52:28.5717107Z with:
2026-10-08T07:52:28.5720455Z   path: target/debug/.fingerprint
target/debug/build
target/debug/deps/*.rlib
target/debug/deps/*.rmeta
target/debug/deps/*.so
target/debug/deps/*.a
target/debug/deps/*.d
extensions/test-extension/target/debug/.fingerprint
extensions/test-extension/target/debug/build
extensions/test-extension/target/debug/deps/*.rlib
extensions/test-extension/target/debug/deps/*.rmeta
extensions/test-extension/target/debug/deps/*.so
extensions/test-extension/target/debug/deps/*.a
extensions/test-extension/target/debug/deps/*.d
extensions/test-extension/target/wasm32-wasip2/debug/.fingerprint
extensions/test-extension/target/wasm32-wasip2/debug/build
extensions/test-extension/target/wasm32-wasip2/debug/deps
extensions/test-extension/target/wasm32-wasip2/debug/*.wasm

2026-10-08T07:52:28.5724570Z   key: fork-ci-build-v2-Linux-X64-ubuntu24.04-dev-debug0-eff68d54502d28a838f84354ec306df7a6499991c0c1d8518658bc8ecc2758fa-62433dcec7df1eda715520c2f18b1f29c6d8044897077192799fc2bdd7cd0f98-f763baebb6d0970b283f759967d7980084317e67
2026-10-08T07:52:28.5726093Z   enableCrossOsArchive: false
2026-10-08T07:52:28.5726350Z env:
2026-10-08T07:52:28.5726558Z   CARGO_TERM_COLOR: always
2026-10-08T07:52:28.5726804Z   CARGO_INCREMENTAL: 0
2026-10-08T07:52:28.5727041Z   CARGO_PROFILE_DEV_DEBUG: 0
2026-10-08T07:52:28.5727324Z   CARGO_PROFILE_DEV_BUILD_OVERRIDE_DEBUG: 0
2026-10-08T07:52:28.5727625Z   RUST_BACKTRACE: 1
2026-10-08T07:52:28.5727847Z   CC: clang
2026-10-08T07:52:28.5728040Z   CXX: clang++
2026-10-08T07:52:28.5728406Z   WGPU_BACKEND: vulkan
2026-10-08T07:52:28.5728643Z   CI_TEST_FILTER: 
2026-10-08T07:52:28.5728864Z   CI_TEST_MODE: full
2026-10-08T07:52:28.5729087Z   CARGO_BUILD_JOBS: 4
2026-10-08T07:52:28.5729311Z   CI_TEST_THREADS: 4
2026-10-08T07:52:28.5729584Z   VK_DRIVER_FILES: /usr/share/vulkan/icd.d/lvp_icd.json
2026-10-08T07:52:28.5729904Z ##[endgroup]
2026-10-08T07:52:28.6983333Z (node:135452) [DEP0040] DeprecationWarning: The `punycode` module is deprecated. Please use a userland alternative instead.
2026-10-08T07:52:28.6988829Z (Use `node --trace-deprecation ...` to show where the warning was created)
2026-10-08T07:52:29.9255847Z [command]/usr/bin/tar --posix -cf cache.tzst --exclude cache.tzst -P -C /home/runner/work/koda/koda --files-from manifest.txt --use-compress-program zstdmt
2026-10-08T07:53:30.8201083Z (node:135452) [DEP0169] DeprecationWarning: `url.parse()` behavior is not standardized and prone to errors that have security implications. Use the WHATWG URL API instead. CVEs are not issued for `url.parse()` vulnerabilities.
2026-10-08T07:53:31.8044867Z Sent 0 of 4108167085 (0.0%), 0.0 MBs/sec
2026-10-08T07:53:32.8042577Z Sent 268435456 of 4108167085 (6.5%), 127.9 MBs/sec
2026-10-08T07:53:33.8068464Z Sent 536870912 of 4108167085 (13.1%), 170.4 MBs/sec
2026-10-08T07:53:34.8086707Z Sent 1073741824 of 4108167085 (26.1%), 255.7 MBs/sec
2026-10-08T07:53:35.8076417Z Sent 1342177280 of 4108167085 (32.7%), 255.7 MBs/sec
2026-10-08T07:53:36.8077983Z Sent 1610612736 of 4108167085 (39.2%), 255.7 MBs/sec
2026-10-08T07:53:37.8074552Z Sent 2080374784 of 4108167085 (50.6%), 283.2 MBs/sec
2026-10-08T07:53:38.8074130Z Sent 2617245696 of 4108167085 (63.7%), 311.8 MBs/sec
2026-10-08T07:53:39.8078085Z Sent 2751463424 of 4108167085 (67.0%), 291.4 MBs/sec
2026-10-08T07:53:40.8076678Z Sent 3221225472 of 4108167085 (78.4%), 307.0 MBs/sec
2026-10-08T07:53:41.8075609Z Sent 3690987520 of 4108167085 (89.8%), 319.8 MBs/sec
2026-10-08T07:53:42.7967859Z Sent 4108167085 of 4108167085 (100.0%), 326.6 MBs/sec
2026-10-08T07:53:43.2404093Z Cache saved with key: fork-ci-build-v2-Linux-X64-ubuntu24.04-dev-debug0-eff68d54502d28a838f84354ec306df7a6499991c0c1d8518658bc8ecc2758fa-62433dcec7df1eda715520c2f18b1f29c6d8044897077192799fc2bdd7cd0f98-f763baebb6d0970b283f759967d7980084317e67
2026-10-08T07:53:43.2874650Z Post job cleanup.
2026-10-08T07:53:43.4449732Z Post job cleanup.
2026-10-08T07:53:43.5636775Z [command]/usr/bin/git version
2026-10-08T07:53:43.5697863Z git version 2.55.0
2026-10-08T07:53:43.5736931Z Temporarily overriding HOME='/home/runner/work/_temp/b753823b-281b-4575-b93a-33b0cef23442' before making global git config changes
2026-10-08T07:53:43.5738698Z Adding repository directory to the temporary git global config as a safe directory
2026-10-08T07:53:43.5743099Z [command]/usr/bin/git config --global --add safe.directory /home/runner/work/koda/koda
2026-10-08T07:53:43.5803330Z [command]/usr/bin/git config --local --name-only --get-regexp core\.sshCommand
2026-10-08T07:53:43.5857782Z [command]/usr/bin/git submodule foreach --recursive sh -c "git config --local --name-only --get-regexp 'core\.sshCommand' && git config --local --unset-all 'core.sshCommand' || :"
2026-10-08T07:53:43.6221814Z [command]/usr/bin/git config --local --name-only --get-regexp http\.https\:\/\/github\.com\/\.extraheader
2026-10-08T07:53:43.6262499Z [command]/usr/bin/git submodule foreach --recursive sh -c "git config --local --name-only --get-regexp 'http\.https\:\/\/github\.com\/\.extraheader' && git config --local --unset-all 'http.https://github.com/.extraheader' || :"
2026-10-08T07:53:43.6541047Z [command]/usr/bin/git config --local --name-only --get-regexp ^includeIf\.gitdir:
2026-10-08T07:53:43.6580342Z [command]/usr/bin/git submodule foreach --recursive git config --local --show-origin --name-only --get-regexp remote.origin.url
2026-10-08T07:53:43.6985539Z Print service container logs: 7868dda75d474fc98733bca3ec83b28b_postgres15sha2561b92e7a80c021647bf70f5d3eb66066a998e4f5cf43c07bb9dc9f729782cf88e_b4f610
2026-10-08T07:53:43.7020192Z ##[command]/usr/bin/docker logs --details 9849a9adfd53a43a348755fccb117e662886b819de109c261eba9a76e224c88e
2026-10-08T07:53:43.8511377Z  ********************************************************************************
2026-10-08T07:53:43.8512703Z  WARNING: POSTGRES_HOST_AUTH_METHOD has been set to "trust". This will allow
2026-10-08T07:53:43.8514166Z           anyone with access to the Postgres port to access your database without
2026-10-08T07:53:43.8543400Z           a password, even if POSTGRES_PASSWORD is set. See PostgreSQL
2026-10-08T07:53:43.8544191Z           documentation about "trust":
2026-10-08T07:53:43.8544856Z           https://www.postgresql.org/docs/current/auth-trust.html
2026-10-08T07:53:43.8545797Z           In Docker's default configuration, this is effectively any other
2026-10-08T07:53:43.8546556Z           container on the same system.
2026-10-08T07:53:43.8547042Z  
2026-10-08T07:53:43.8547582Z           It is not recommended to use POSTGRES_HOST_AUTH_METHOD=trust. Replace
2026-10-08T07:53:43.8548729Z           it with "-e POSTGRES_PASSWORD=password" instead to set a password in
2026-10-08T07:53:43.8549329Z           "docker run".
2026-10-08T07:53:43.8549632Z  ********************************************************************************
2026-10-08T07:53:43.8550084Z  initdb: warning: enabling "trust" authentication for local connections
2026-10-08T07:53:43.8550852Z  initdb: hint: You can change this by editing pg_hba.conf or using the option -A, or --auth-local and --auth-host, the next time you run initdb.
2026-10-08T07:53:43.8551688Z  The files belonging to this database system will be owned by user "postgres".
2026-10-08T07:53:43.8552140Z  This user must also own the server process.
2026-10-08T07:53:43.8552435Z  
2026-10-08T07:53:43.8552736Z  The database cluster will be initialized with locale "en_US.utf8".
2026-10-08T07:53:43.8553218Z  The default database encoding has accordingly been set to "UTF8".
2026-10-08T07:53:43.8553667Z  The default text search configuration will be set to "english".
2026-10-08T07:53:43.8554025Z  
2026-10-08T07:53:43.8554244Z  Data page checksums are disabled.
2026-10-08T07:53:43.8554520Z  
2026-10-08T07:53:43.8554846Z  fixing permissions on existing directory /var/lib/postgresql/data ... ok
2026-10-08T07:53:43.8555277Z  creating subdirectories ... ok
2026-10-08T07:53:43.8555622Z  selecting dynamic shared memory implementation ... posix
2026-10-08T07:53:43.8555994Z  selecting default max_connections ... 100
2026-10-08T07:53:43.8556321Z  selecting default shared_buffers ... 128MB
2026-10-08T07:53:43.8556631Z  selecting default time zone ... Etc/UTC
2026-10-08T07:53:43.8556962Z  creating configuration files ... ok
2026-10-08T07:53:43.8557256Z  running bootstrap script ... ok
2026-10-08T07:53:43.8557593Z  performing post-bootstrap initialization ... ok
2026-10-08T07:53:43.8557932Z  syncing data to disk ... ok
2026-10-08T07:53:43.8558409Z  
2026-10-08T07:53:43.8558609Z  
2026-10-08T07:53:43.8558867Z  Success. You can now start the database server using:
2026-10-08T07:53:43.8559200Z  
2026-10-08T07:53:43.8559457Z      pg_ctl -D /var/lib/postgresql/data -l logfile start
2026-10-08T07:53:43.8560211Z  2026-10-08 06:34:38.035 UTC [1] LOG:  starting PostgreSQL 15.18 (Debian 15.18-1.pgdg13+1) on x86_64-pc-linux-gnu, compiled by gcc (Debian 14.2.0-19) 14.2.0, 64-bit
2026-10-08T07:53:43.8560961Z  2026-10-08 06:34:38.035 UTC [1] LOG:  listening on IPv4 address "0.0.0.0", port 5432
2026-10-08T07:53:43.8582418Z  2026-10-08 06:34:38.035 UTC [1] LOG:  listening on IPv6 address "::", port 5432
2026-10-08T07:53:43.8583075Z  2026-10-08 06:34:38.036 UTC [1] LOG:  listening on Unix socket "/var/run/postgresql/.s.PGSQL.5432"
2026-10-08T07:53:43.8583721Z  2026-10-08 06:34:38.038 UTC [63] LOG:  database system was shut down at 2026-10-08 06:34:37 UTC
2026-10-08T07:53:43.8584514Z  2026-10-08 06:34:38.042 UTC [1] LOG:  database system is ready to accept connections
2026-10-08T07:53:43.8585017Z  2026-10-08 06:39:38.120 UTC [61] LOG:  checkpoint starting: time
2026-10-08T07:53:43.8586004Z  2026-10-08 06:39:42.336 UTC [61] LOG:  checkpoint complete: wrote 43 buffers (0.3%); 0 WAL file(s) added, 0 removed, 0 recycled; write=4.009 s, sync=0.013 s, total=4.217 s; sync files=11, longest=0.011 s, average=0.002 s; distance=252 kB, estimate=252 kB
2026-10-08T07:53:43.8587035Z  2026-10-08 07:07:32.198 UTC [61] LOG:  checkpoint starting: immediate force wait
2026-10-08T07:53:43.8588062Z  2026-10-08 07:07:32.355 UTC [61] LOG:  checkpoint complete: wrote 3023 buffers (18.5%); 0 WAL file(s) added, 0 removed, 1 recycled; write=0.103 s, sync=0.045 s, total=0.158 s; sync files=1355, longest=0.003 s, average=0.001 s; distance=19712 kB, estimate=19712 kB
2026-10-08T07:53:43.8589419Z  2026-10-08 07:07:32.624 UTC [61] LOG:  checkpoint starting: immediate force wait
2026-10-08T07:53:43.8590451Z  2026-10-08 07:07:32.630 UTC [61] LOG:  checkpoint complete: wrote 94 buffers (0.6%); 0 WAL file(s) added, 0 removed, 0 recycled; write=0.003 s, sync=0.001 s, total=0.006 s; sync files=58, longest=0.001 s, average=0.001 s; distance=1866 kB, estimate=17928 kB
2026-10-08T07:53:43.8591460Z  2026-10-08 07:07:32.712 UTC [61] LOG:  checkpoint starting: immediate force wait
2026-10-08T07:53:43.8592448Z  2026-10-08 07:07:32.726 UTC [61] LOG:  checkpoint complete: wrote 22 buffers (0.1%); 0 WAL file(s) added, 0 removed, 0 recycled; write=0.002 s, sync=0.001 s, total=0.015 s; sync files=14, longest=0.001 s, average=0.001 s; distance=34 kB, estimate=16138 kB
2026-10-08T07:53:43.8593441Z  2026-10-08 07:07:33.217 UTC [61] LOG:  checkpoint starting: immediate force wait
2026-10-08T07:53:43.8594458Z  2026-10-08 07:07:33.322 UTC [61] LOG:  checkpoint complete: wrote 2025 buffers (12.4%); 0 WAL file(s) added, 0 removed, 1 recycled; write=0.080 s, sync=0.023 s, total=0.106 s; sync files=922, longest=0.003 s, average=0.001 s; distance=10082 kB, estimate=15533 kB
2026-10-08T07:53:43.8595488Z  2026-10-08 07:07:33.987 UTC [61] LOG:  checkpoint starting: immediate force wait
2026-10-08T07:53:43.8596517Z  2026-10-08 07:07:34.161 UTC [61] LOG:  checkpoint complete: wrote 2105 buffers (12.8%); 0 WAL file(s) added, 0 removed, 0 recycled; write=0.126 s, sync=0.043 s, total=0.174 s; sync files=894, longest=0.007 s, average=0.001 s; distance=10250 kB, estimate=15004 kB
2026-10-08T07:53:43.8597524Z  2026-10-08 07:07:34.163 UTC [61] LOG:  checkpoint starting: immediate force wait
2026-10-08T07:53:43.8598745Z  2026-10-08 07:07:34.177 UTC [61] LOG:  checkpoint complete: wrote 198 buffers (1.2%); 0 WAL file(s) added, 0 removed, 0 recycled; write=0.006 s, sync=0.002 s, total=0.014 s; sync files=126, longest=0.001 s, average=0.001 s; distance=1082 kB, estimate=13612 kB
2026-10-08T07:53:43.8599763Z  2026-10-08 07:07:34.358 UTC [61] LOG:  checkpoint starting: immediate force wait
2026-10-08T07:53:43.8600755Z  2026-10-08 07:07:34.366 UTC [61] LOG:  checkpoint complete: wrote 108 buffers (0.7%); 0 WAL file(s) added, 0 removed, 0 recycled; write=0.003 s, sync=0.003 s, total=0.009 s; sync files=90, longest=0.002 s, average=0.001 s; distance=596 kB, estimate=12311 kB
2026-10-08T07:53:43.8601737Z  2026-10-08 07:07:34.605 UTC [61] LOG:  checkpoint starting: immediate force wait
2026-10-08T07:53:43.8602746Z  2026-10-08 07:07:34.699 UTC [61] LOG:  checkpoint complete: wrote 1832 buffers (11.2%); 0 WAL file(s) added, 0 removed, 1 recycled; write=0.058 s, sync=0.032 s, total=0.094 s; sync files=726, longest=0.003 s, average=0.001 s; distance=8282 kB, estimate=11908 kB
2026-10-08T07:53:43.8603754Z  2026-10-08 07:07:35.306 UTC [61] LOG:  checkpoint starting: immediate force wait
2026-10-08T07:53:43.8604923Z  2026-10-08 07:07:35.487 UTC [61] LOG:  checkpoint complete: wrote 1456 buffers (8.9%); 0 WAL file(s) added, 0 removed, 1 recycled; write=0.084 s, sync=0.096 s, total=0.181 s; sync files=760, longest=0.010 s, average=0.001 s; distance=9392 kB, estimate=11656 kB
2026-10-08T07:53:43.8606065Z  2026-10-08 07:07:35.488 UTC [61] LOG:  checkpoint starting: immediate force wait
2026-10-08T07:53:43.8607052Z  2026-10-08 07:07:35.544 UTC [61] LOG:  checkpoint complete: wrote 772 buffers (4.7%); 0 WAL file(s) added, 0 removed, 0 recycled; write=0.042 s, sync=0.014 s, total=0.057 s; sync files=333, longest=0.002 s, average=0.001 s; distance=3442 kB, estimate=10835 kB
2026-10-08T07:53:43.8608045Z  2026-10-08 07:07:35.974 UTC [61] LOG:  checkpoint starting: immediate force wait
2026-10-08T07:53:43.8609333Z  2026-10-08 07:07:36.013 UTC [61] LOG:  checkpoint complete: wrote 1167 buffers (7.1%); 0 WAL file(s) added, 0 removed, 0 recycled; write=0.031 s, sync=0.007 s, total=0.039 s; sync files=586, longest=0.002 s, average=0.001 s; distance=5893 kB, estimate=10341 kB
2026-10-08T07:53:43.8610355Z  2026-10-08 07:07:36.256 UTC [61] LOG:  checkpoint starting: immediate force wait
2026-10-08T07:53:43.8611351Z  2026-10-08 07:07:36.347 UTC [61] LOG:  checkpoint complete: wrote 1062 buffers (6.5%); 0 WAL file(s) added, 0 removed, 0 recycled; write=0.065 s, sync=0.023 s, total=0.091 s; sync files=402, longest=0.003 s, average=0.001 s; distance=4834 kB, estimate=9790 kB
2026-10-08T07:53:43.8612352Z  2026-10-08 07:07:36.600 UTC [61] LOG:  checkpoint starting: immediate force wait
2026-10-08T07:53:43.8613324Z  2026-10-08 07:07:36.625 UTC [61] LOG:  checkpoint complete: wrote 37 buffers (0.2%); 0 WAL file(s) added, 0 removed, 1 recycled; write=0.022 s, sync=0.001 s, total=0.025 s; sync files=2, longest=0.001 s, average=0.001 s; distance=1507 kB, estimate=8961 kB
2026-10-08T07:53:43.8614311Z  2026-10-08 07:07:36.625 UTC [61] LOG:  checkpoint starting: immediate force wait
2026-10-08T07:53:43.8615285Z  2026-10-08 07:07:36.627 UTC [61] LOG:  checkpoint complete: wrote 1 buffers (0.0%); 0 WAL file(s) added, 0 removed, 0 recycled; write=0.001 s, sync=0.001 s, total=0.003 s; sync files=1, longest=0.001 s, average=0.001 s; distance=3 kB, estimate=8066 kB
2026-10-08T07:53:43.8616242Z  2026-10-08 07:12:36.726 UTC [61] LOG:  checkpoint starting: time
2026-10-08T07:53:43.8617182Z  2026-10-08 07:12:36.831 UTC [61] LOG:  checkpoint complete: wrote 2 buffers (0.0%); 0 WAL file(s) added, 0 removed, 0 recycled; write=0.101 s, sync=0.001 s, total=0.105 s; sync files=2, longest=0.001 s, average=0.001 s; distance=0 kB, estimate=7259 kB
2026-10-08T07:53:43.8618056Z  
2026-10-08T07:53:43.8619024Z  waiting for server to start....2026-10-08 06:34:37.797 UTC [49] LOG:  starting PostgreSQL 15.18 (Debian 15.18-1.pgdg13+1) on x86_64-pc-linux-gnu, compiled by gcc (Debian 14.2.0-19) 14.2.0, 64-bit
2026-10-08T07:53:43.8619953Z  2026-10-08 06:34:37.797 UTC [49] LOG:  listening on Unix socket "/var/run/postgresql/.s.PGSQL.5432"
2026-10-08T07:53:43.8641223Z  2026-10-08 06:34:37.800 UTC [52] LOG:  database system was shut down at 2026-10-08 06:34:37 UTC
2026-10-08T07:53:43.8641827Z  2026-10-08 06:34:37.803 UTC [49] LOG:  database system is ready to accept connections
2026-10-08T07:53:43.8642240Z   done
2026-10-08T07:53:43.8642455Z  server started
2026-10-08T07:53:43.8642676Z  
2026-10-08T07:53:43.8643028Z  /usr/local/bin/docker-entrypoint.sh: ignoring /docker-entrypoint-initdb.d/*
2026-10-08T07:53:43.8643447Z  
2026-10-08T07:53:43.8643737Z  2026-10-08 06:34:37.915 UTC [49] LOG:  received fast shutdown request
2026-10-08T07:53:43.8644302Z  waiting for server to shut down....2026-10-08 06:34:37.916 UTC [49] LOG:  aborting any active transactions
2026-10-08T07:53:43.8645031Z  2026-10-08 06:34:37.918 UTC [49] LOG:  background worker "logical replication launcher" (PID 55) exited with exit code 1
2026-10-08T07:53:43.8645600Z  2026-10-08 06:34:37.918 UTC [50] LOG:  shutting down
2026-10-08T07:53:43.8646173Z  2026-10-08 06:34:37.918 UTC [50] LOG:  checkpoint starting: shutdown immediate
2026-10-08T07:53:43.8647156Z  2026-10-08 06:34:37.920 UTC [50] LOG:  checkpoint complete: wrote 3 buffers (0.0%); 0 WAL file(s) added, 0 removed, 0 recycled; write=0.001 s, sync=0.001 s, total=0.003 s; sync files=2, longest=0.001 s, average=0.001 s; distance=0 kB, estimate=0 kB
2026-10-08T07:53:43.8648609Z  2026-10-08 06:34:37.924 UTC [49] LOG:  database system is shut down
2026-10-08T07:53:43.8649039Z   done
2026-10-08T07:53:43.8649251Z  server stopped
2026-10-08T07:53:43.8649472Z  
2026-10-08T07:53:43.8649731Z  PostgreSQL init process complete; ready for start up.
2026-10-08T07:53:43.8650061Z  
2026-10-08T07:53:43.8664421Z Stop and remove container: 7868dda75d474fc98733bca3ec83b28b_postgres15sha2561b92e7a80c021647bf70f5d3eb66066a998e4f5cf43c07bb9dc9f729782cf88e_b4f610
2026-10-08T07:53:43.8671652Z ##[command]/usr/bin/docker rm --force 9849a9adfd53a43a348755fccb117e662886b819de109c261eba9a76e224c88e
2026-10-08T07:53:44.1495215Z 9849a9adfd53a43a348755fccb117e662886b819de109c261eba9a76e224c88e
2026-10-08T07:53:44.1534828Z Remove container network: github_network_1dc200432d64406fae5afa79758b74a8
2026-10-08T07:53:44.1541632Z ##[command]/usr/bin/docker network rm github_network_1dc200432d64406fae5afa79758b74a8
2026-10-08T07:53:44.2777877Z github_network_1dc200432d64406fae5afa79758b74a8
2026-10-08T07:53:44.2963216Z Cleaning up orphan processes
2026-10-08T07:53:44.3697679Z ##[warning]Node.js 20 is deprecated. The following actions target Node.js 20 but are being forced to run on Node.js 24: actions/cache/restore@0057852bfaa89a56745cba8c7296529d2fc39830, actions/cache/save@0057852bfaa89a56745cba8c7296529d2fc39830. For more information see: https://github.blog/changelog/2025-09-19-deprecation-of-node-20-on-github-actions-runners/
