2026-10-08T06:34:34.8463810Z Current runner version: '2.337.0'
2026-10-08T06:34:34.8493190Z ##[group]Runner Image Provisioner
2026-10-08T06:34:34.8494850Z Hosted Compute Agent
2026-10-08T06:34:34.8495840Z Version: 20260828.587
2026-10-08T06:34:34.8496970Z Commit: abac92662cab4cc7352de4f9f9d2e2419aad9c29
2026-10-08T06:34:34.8498290Z Build Date: 2026-08-28T16:44:25Z
2026-10-08T06:34:34.8499550Z Worker ID: {cfc86208-3370-4aac-9d3c-b58d1c2ed3c5}
2026-10-08T06:34:34.8500810Z Azure Region: westus
2026-10-08T06:34:34.8501790Z ##[endgroup]
2026-10-08T06:34:34.8505330Z ##[group]Operating System
2026-10-08T06:34:34.8506420Z macOS
2026-10-08T06:34:34.8507290Z 15.7.9
2026-10-08T06:34:34.8508150Z 24G830
2026-10-08T06:34:34.8509050Z ##[endgroup]
2026-10-08T06:34:34.8509980Z ##[group]Runner Image
2026-10-08T06:34:34.8511010Z Image: macos-15-arm64
2026-10-08T06:34:34.8512030Z Version: 20260907.0337.1
2026-10-08T06:34:34.8514680Z Included Software: https://github.com/actions/runner-images/blob/macos-15-arm64/20260907.0337/images/macos/macos-15-arm64-Readme.md
2026-10-08T06:34:34.8517740Z Image Release: https://github.com/actions/runner-images/releases/tag/macos-15-arm64%2F20260907.0337
2026-10-08T06:34:34.8519590Z ##[endgroup]
2026-10-08T06:34:34.8521650Z ##[group]GITHUB_TOKEN Permissions
2026-10-08T06:34:34.8526360Z Contents: read
2026-10-08T06:34:34.8527370Z Metadata: read
2026-10-08T06:34:34.8528320Z ##[endgroup]
2026-10-08T06:34:34.8532520Z Secret source: Actions
2026-10-08T06:34:34.8534110Z Cache mode: write
2026-10-08T06:34:34.8535540Z Prepare workflow directory
2026-10-08T06:34:34.9130720Z Prepare all required actions
2026-10-08T06:34:34.9169760Z Getting action download info
2026-10-08T06:34:35.3510810Z Download action repository 'actions/checkout@93cb6efe18208431cddfb8368fd83d5badbf9bfd' (SHA:93cb6efe18208431cddfb8368fd83d5badbf9bfd)
2026-10-08T06:34:35.7247640Z Download action repository 'actions/cache@0057852bfaa89a56745cba8c7296529d2fc39830' (SHA:0057852bfaa89a56745cba8c7296529d2fc39830)
2026-10-08T06:34:35.9745130Z Complete job name: macOS application check
2026-10-08T06:34:36.0351730Z ##[group]Run actions/checkout@93cb6efe18208431cddfb8368fd83d5badbf9bfd
2026-10-08T06:34:36.0352460Z with:
2026-10-08T06:34:36.0352830Z   persist-credentials: false
2026-10-08T06:34:36.0353260Z   ref: f763baebb6d0970b283f759967d7980084317e67
2026-10-08T06:34:36.0353720Z   repository: anilbeesetti/koda
2026-10-08T06:34:36.0356680Z   token: ***
2026-10-08T06:34:36.0357030Z   ssh-strict: true
2026-10-08T06:34:36.0357370Z   ssh-user: git
2026-10-08T06:34:36.0357710Z   clean: true
2026-10-08T06:34:36.0358070Z   sparse-checkout-cone-mode: true
2026-10-08T06:34:36.0358480Z   fetch-depth: 1
2026-10-08T06:34:36.0358820Z   fetch-tags: false
2026-10-08T06:34:36.0359170Z   show-progress: true
2026-10-08T06:34:36.0359530Z   lfs: false
2026-10-08T06:34:36.0359860Z   submodules: false
2026-10-08T06:34:36.0360220Z   set-safe-directory: true
2026-10-08T06:34:36.0360750Z env:
2026-10-08T06:34:36.0361080Z   CARGO_TERM_COLOR: always
2026-10-08T06:34:36.0361460Z   CARGO_INCREMENTAL: 0
2026-10-08T06:34:36.0361870Z   CARGO_PROFILE_DEV_DEBUG: 0
2026-10-08T06:34:36.0362280Z   CARGO_PROFILE_DEV_BUILD_OVERRIDE_DEBUG: 0
2026-10-08T06:34:36.0362700Z   RUST_BACKTRACE: 1
2026-10-08T06:34:36.0363140Z   DEVELOPER_DIR: /Applications/Xcode_16.4.app/Contents/Developer
2026-10-08T06:34:36.0363650Z ##[endgroup]
2026-10-08T06:34:36.4704470Z Syncing repository: anilbeesetti/koda
2026-10-08T06:34:36.4706640Z ##[group]Getting Git version info
2026-10-08T06:34:36.4707220Z Working directory is '/Users/runner/work/koda/koda'
2026-10-08T06:34:36.4708280Z [command]/opt/homebrew/bin/git version
2026-10-08T06:34:36.5376160Z git version 2.55.0
2026-10-08T06:34:36.5402700Z ##[endgroup]
2026-10-08T06:34:36.5415640Z Copying '/Users/runner/.gitconfig' to '/Users/runner/work/_temp/6a176f24-6897-4ea0-94c8-48d78098861d/.gitconfig'
2026-10-08T06:34:36.5422570Z Temporarily overriding HOME='/Users/runner/work/_temp/6a176f24-6897-4ea0-94c8-48d78098861d' before making global git config changes
2026-10-08T06:34:36.5425870Z Adding repository directory to the temporary git global config as a safe directory
2026-10-08T06:34:36.5430750Z [command]/opt/homebrew/bin/git config --global --add safe.directory /Users/runner/work/koda/koda
2026-10-08T06:34:36.5735440Z Deleting the contents of '/Users/runner/work/koda/koda'
2026-10-08T06:34:36.5739790Z ##[group]Initializing the repository
2026-10-08T06:34:36.5750160Z [command]/opt/homebrew/bin/git init /Users/runner/work/koda/koda
2026-10-08T06:34:36.6068600Z hint: Using 'master' as the name for the initial branch. This default branch name
2026-10-08T06:34:36.6072810Z hint: will change to "main" in Git 3.0. To configure the initial branch name
2026-10-08T06:34:36.6076790Z hint: to use in all of your new repositories, which will suppress this warning,
2026-10-08T06:34:36.6079320Z hint: call:
2026-10-08T06:34:36.6080550Z hint:
2026-10-08T06:34:36.6083150Z hint: 	git config --global init.defaultBranch <name>
2026-10-08T06:34:36.6085560Z hint:
2026-10-08T06:34:36.6087660Z hint: Names commonly chosen instead of 'master' are 'main', 'trunk' and
2026-10-08T06:34:36.6096040Z hint: 'development'. The just-created branch can be renamed via this command:
2026-10-08T06:34:36.6099670Z hint:
2026-10-08T06:34:36.6100940Z hint: 	git branch -m <name>
2026-10-08T06:34:36.6102240Z hint:
2026-10-08T06:34:36.6103960Z hint: Disable this message with "git config set advice.defaultBranchName false"
2026-10-08T06:34:36.6106550Z Initialized empty Git repository in /Users/runner/work/koda/koda/.git/
2026-10-08T06:34:36.6111090Z [command]/opt/homebrew/bin/git remote add origin https://github.com/anilbeesetti/koda
2026-10-08T06:34:36.6280070Z ##[endgroup]
2026-10-08T06:34:36.6281180Z ##[group]Disabling automatic garbage collection
2026-10-08T06:34:36.6289970Z [command]/opt/homebrew/bin/git config --local gc.auto 0
2026-10-08T06:34:36.6401910Z ##[endgroup]
2026-10-08T06:34:36.6402640Z ##[group]Setting up auth
2026-10-08T06:34:36.6416890Z [command]/opt/homebrew/bin/git config --local --name-only --get-regexp core\.sshCommand
2026-10-08T06:34:36.6562280Z [command]/opt/homebrew/bin/git submodule foreach --recursive sh -c "git config --local --name-only --get-regexp 'core\.sshCommand' && git config --local --unset-all 'core.sshCommand' || :"
2026-10-08T06:34:36.8317590Z [command]/opt/homebrew/bin/git config --local --name-only --get-regexp http\.https\:\/\/github\.com\/\.extraheader
2026-10-08T06:34:36.8450480Z [command]/opt/homebrew/bin/git submodule foreach --recursive sh -c "git config --local --name-only --get-regexp 'http\.https\:\/\/github\.com\/\.extraheader' && git config --local --unset-all 'http.https://github.com/.extraheader' || :"
2026-10-08T06:34:36.9512610Z [command]/opt/homebrew/bin/git config --local --name-only --get-regexp ^includeIf\.gitdir:
2026-10-08T06:34:36.9615910Z [command]/opt/homebrew/bin/git submodule foreach --recursive git config --local --show-origin --name-only --get-regexp remote.origin.url
2026-10-08T06:34:37.0826070Z [command]/opt/homebrew/bin/git config --local http.https://github.com/.extraheader AUTHORIZATION: basic ***
2026-10-08T06:34:37.0953560Z ##[endgroup]
2026-10-08T06:34:37.0956780Z ##[group]Fetching the repository
2026-10-08T06:34:37.0970570Z [command]/opt/homebrew/bin/git -c protocol.version=2 fetch --no-tags --prune --no-recurse-submodules --depth=1 origin f763baebb6d0970b283f759967d7980084317e67
2026-10-08T06:34:41.6415920Z From https://github.com/anilbeesetti/koda
2026-10-08T06:34:41.6417800Z  * branch            f763baebb6d0970b283f759967d7980084317e67 -> FETCH_HEAD
2026-10-08T06:34:41.6428180Z ##[endgroup]
2026-10-08T06:34:41.6429030Z ##[group]Determining the checkout info
2026-10-08T06:34:41.6431780Z ##[endgroup]
2026-10-08T06:34:41.6440890Z [command]/opt/homebrew/bin/git sparse-checkout disable
2026-10-08T06:34:41.6531010Z [command]/opt/homebrew/bin/git config --local --unset-all extensions.worktreeConfig
2026-10-08T06:34:41.6604460Z ##[group]Checking out the ref
2026-10-08T06:34:41.6608670Z [command]/opt/homebrew/bin/git checkout --progress --force f763baebb6d0970b283f759967d7980084317e67
2026-10-08T06:34:42.7500000Z Updating files:  90% (6314/6960)
2026-10-08T06:34:42.7633100Z Updating files:  91% (6334/6960)
2026-10-08T06:34:42.7692330Z Updating files:  92% (6404/6960)
2026-10-08T06:34:42.7784080Z Updating files:  93% (6473/6960)
2026-10-08T06:34:42.7885060Z Updating files:  94% (6543/6960)
2026-10-08T06:34:42.8026480Z Updating files:  95% (6612/6960)
2026-10-08T06:34:42.8087630Z Updating files:  96% (6682/6960)
2026-10-08T06:34:42.8157200Z Updating files:  97% (6752/6960)
2026-10-08T06:34:42.8244000Z Updating files:  98% (6821/6960)
2026-10-08T06:34:42.8366080Z Updating files:  99% (6891/6960)
2026-10-08T06:34:42.8366890Z Updating files: 100% (6960/6960)
2026-10-08T06:34:42.8384900Z Updating files: 100% (6960/6960), done.
2026-10-08T06:34:42.8471320Z HEAD is now at f763bae Merge verified Android import dependency
2026-10-08T06:34:42.8494040Z ##[endgroup]
2026-10-08T06:34:42.8609190Z [command]/opt/homebrew/bin/git log -1 --format=%H
2026-10-08T06:34:42.8684090Z f763baebb6d0970b283f759967d7980084317e67
2026-10-08T06:34:42.8718680Z ##[group]Removing auth
2026-10-08T06:34:42.8719270Z [command]/opt/homebrew/bin/git config --local --name-only --get-regexp core\.sshCommand
2026-10-08T06:34:42.8766920Z [command]/opt/homebrew/bin/git submodule foreach --recursive sh -c "git config --local --name-only --get-regexp 'core\.sshCommand' && git config --local --unset-all 'core.sshCommand' || :"
2026-10-08T06:34:42.9536890Z [command]/opt/homebrew/bin/git config --local --name-only --get-regexp http\.https\:\/\/github\.com\/\.extraheader
2026-10-08T06:34:42.9587340Z http.https://github.com/.extraheader
2026-10-08T06:34:42.9592250Z [command]/opt/homebrew/bin/git config --local --unset-all http.https://github.com/.extraheader
2026-10-08T06:34:42.9650660Z [command]/opt/homebrew/bin/git submodule foreach --recursive sh -c "git config --local --name-only --get-regexp 'http\.https\:\/\/github\.com\/\.extraheader' && git config --local --unset-all 'http.https://github.com/.extraheader' || :"
2026-10-08T06:34:43.0511840Z [command]/opt/homebrew/bin/git config --local --name-only --get-regexp ^includeIf\.gitdir:
2026-10-08T06:34:43.0572600Z [command]/opt/homebrew/bin/git submodule foreach --recursive git config --local --show-origin --name-only --get-regexp remote.origin.url
2026-10-08T06:34:43.1249310Z ##[endgroup]
2026-10-08T06:34:43.1503490Z ##[group]Run python3 script/ci-run resources --github-env "$GITHUB_ENV"
2026-10-08T06:34:43.1504050Z [36;1mpython3 script/ci-run resources --github-env "$GITHUB_ENV"[0m
2026-10-08T06:34:43.1557600Z shell: /bin/bash --noprofile --norc -e -o pipefail {0}
2026-10-08T06:34:43.1557960Z env:
2026-10-08T06:34:43.1558300Z   CARGO_TERM_COLOR: always
2026-10-08T06:34:43.1558590Z   CARGO_INCREMENTAL: 0
2026-10-08T06:34:43.1558830Z   CARGO_PROFILE_DEV_DEBUG: 0
2026-10-08T06:34:43.1559040Z   CARGO_PROFILE_DEV_BUILD_OVERRIDE_DEBUG: 0
2026-10-08T06:34:43.1559330Z   RUST_BACKTRACE: 1
2026-10-08T06:34:43.1559570Z   DEVELOPER_DIR: /Applications/Xcode_16.4.app/Contents/Developer
2026-10-08T06:34:43.1559870Z ##[endgroup]
2026-10-08T06:34:43.4238350Z Darwin: 3 CPUs, 7.0 GiB RAM; Cargo jobs=2, nextest threads=3
2026-10-08T06:34:43.4416530Z ##[group]Run rustup show active-toolchain
2026-10-08T06:34:43.4417590Z [36;1mrustup show active-toolchain[0m
2026-10-08T06:34:43.4457190Z shell: /bin/bash --noprofile --norc -e -o pipefail {0}
2026-10-08T06:34:43.4457690Z env:
2026-10-08T06:34:43.4457940Z   CARGO_TERM_COLOR: always
2026-10-08T06:34:43.4458340Z   CARGO_INCREMENTAL: 0
2026-10-08T06:34:43.4458630Z   CARGO_PROFILE_DEV_DEBUG: 0
2026-10-08T06:34:43.4458940Z   CARGO_PROFILE_DEV_BUILD_OVERRIDE_DEBUG: 0
2026-10-08T06:34:43.4459280Z   RUST_BACKTRACE: 1
2026-10-08T06:34:43.4459630Z   DEVELOPER_DIR: /Applications/Xcode_16.4.app/Contents/Developer
2026-10-08T06:34:43.4460110Z   CARGO_BUILD_JOBS: 2
2026-10-08T06:34:43.4460350Z   CI_TEST_THREADS: 3
2026-10-08T06:34:43.4460660Z ##[endgroup]
2026-10-08T06:34:43.5425020Z info: syncing channel updates for 1.98.1-aarch64-apple-darwin
2026-10-08T06:34:43.6778730Z info: latest update on 2026-09-03 for version 1.98.1 (48a229cea 2026-09-01)
2026-10-08T06:34:43.6786120Z info: downloading 10 components
2026-10-08T06:34:58.9930280Z 1.98.1-aarch64-apple-darwin (overridden by '/Users/runner/work/koda/koda/rust-toolchain.toml')
2026-10-08T06:34:59.7080420Z ##[group]Run actions/cache/restore@0057852bfaa89a56745cba8c7296529d2fc39830
2026-10-08T06:34:59.7081030Z with:
2026-10-08T06:34:59.7081350Z   path: .ci-cache/cargo-sources/registry
.ci-cache/cargo-sources/git

2026-10-08T06:34:59.7081810Z   enableCrossOsArchive: true
2026-10-08T06:34:59.7082450Z   key: fork-ci-source-v3-shared-eff68d54502d28a838f84354ec306df7a6499991c0c1d8518658bc8ecc2758fa-62433dcec7df1eda715520c2f18b1f29c6d8044897077192799fc2bdd7cd0f98
2026-10-08T06:34:59.7083460Z   restore-keys: fork-ci-source-v3-shared-eff68d54502d28a838f84354ec306df7a6499991c0c1d8518658bc8ecc2758fa-
2026-10-08T06:34:59.7083920Z   fail-on-cache-miss: false
2026-10-08T06:34:59.7084200Z   lookup-only: false
2026-10-08T06:34:59.7084450Z env:
2026-10-08T06:34:59.7084880Z   CARGO_TERM_COLOR: always
2026-10-08T06:34:59.7085220Z   CARGO_INCREMENTAL: 0
2026-10-08T06:34:59.7085470Z   CARGO_PROFILE_DEV_DEBUG: 0
2026-10-08T06:34:59.7085770Z   CARGO_PROFILE_DEV_BUILD_OVERRIDE_DEBUG: 0
2026-10-08T06:34:59.7086220Z   RUST_BACKTRACE: 1
2026-10-08T06:34:59.7086510Z   DEVELOPER_DIR: /Applications/Xcode_16.4.app/Contents/Developer
2026-10-08T06:34:59.7086820Z   CARGO_BUILD_JOBS: 2
2026-10-08T06:34:59.7087130Z   CI_TEST_THREADS: 3
2026-10-08T06:34:59.7087440Z ##[endgroup]
2026-10-08T06:35:00.1564070Z (node:3941) [DEP0040] DeprecationWarning: The `punycode` module is deprecated. Please use a userland alternative instead.
2026-10-08T06:35:00.1565990Z (Use `node --trace-deprecation ...` to show where the warning was created)
2026-10-08T06:35:00.4304620Z Cache not found for input keys: fork-ci-source-v3-shared-eff68d54502d28a838f84354ec306df7a6499991c0c1d8518658bc8ecc2758fa-62433dcec7df1eda715520c2f18b1f29c6d8044897077192799fc2bdd7cd0f98, fork-ci-source-v3-shared-eff68d54502d28a838f84354ec306df7a6499991c0c1d8518658bc8ecc2758fa-
2026-10-08T06:35:00.6975870Z ##[group]Run actions/cache/restore@0057852bfaa89a56745cba8c7296529d2fc39830
2026-10-08T06:35:00.6977470Z with:
2026-10-08T06:35:00.6978010Z   path: ~/.cargo/registry
~/.cargo/git

2026-10-08T06:35:00.6980040Z   key: fork-ci-source-v2-macOS-ARM64-eff68d54502d28a838f84354ec306df7a6499991c0c1d8518658bc8ecc2758fa-62433dcec7df1eda715520c2f18b1f29c6d8044897077192799fc2bdd7cd0f98
2026-10-08T06:35:00.6982110Z   restore-keys: fork-ci-source-v2-macOS-ARM64-
2026-10-08T06:35:00.6982920Z   enableCrossOsArchive: false
2026-10-08T06:35:00.6983500Z   fail-on-cache-miss: false
2026-10-08T06:35:00.6984130Z   lookup-only: false
2026-10-08T06:35:00.6984720Z env:
2026-10-08T06:35:00.6985350Z   CARGO_TERM_COLOR: always
2026-10-08T06:35:00.6986100Z   CARGO_INCREMENTAL: 0
2026-10-08T06:35:00.6987130Z   CARGO_PROFILE_DEV_DEBUG: 0
2026-10-08T06:35:00.6988140Z   CARGO_PROFILE_DEV_BUILD_OVERRIDE_DEBUG: 0
2026-10-08T06:35:00.6988850Z   RUST_BACKTRACE: 1
2026-10-08T06:35:00.6989990Z   DEVELOPER_DIR: /Applications/Xcode_16.4.app/Contents/Developer
2026-10-08T06:35:00.6990750Z   CARGO_BUILD_JOBS: 2
2026-10-08T06:35:00.7104760Z   CI_TEST_THREADS: 3
2026-10-08T06:35:00.7105540Z ##[endgroup]
2026-10-08T06:35:00.9250620Z (node:3948) [DEP0040] DeprecationWarning: The `punycode` module is deprecated. Please use a userland alternative instead.
2026-10-08T06:35:00.9253560Z (Use `node --trace-deprecation ...` to show where the warning was created)
2026-10-08T06:35:01.1976390Z Cache not found for input keys: fork-ci-source-v2-macOS-ARM64-eff68d54502d28a838f84354ec306df7a6499991c0c1d8518658bc8ecc2758fa-62433dcec7df1eda715520c2f18b1f29c6d8044897077192799fc2bdd7cd0f98, fork-ci-source-v2-macOS-ARM64-
2026-10-08T06:35:01.7445500Z ##[group]Run actions/cache/restore@0057852bfaa89a56745cba8c7296529d2fc39830
2026-10-08T06:35:01.7445930Z with:
2026-10-08T06:35:01.7446520Z   path: target/debug/.fingerprint
target/debug/build
target/debug/deps/*.rlib
target/debug/deps/*.rmeta
target/debug/deps/*.dylib
target/debug/deps/*.a
target/debug/deps/*.d

2026-10-08T06:35:01.7452550Z   key: fork-ci-build-v2-macOS-ARM64-macos15-xcode16.4-dev-debug0-eff68d54502d28a838f84354ec306df7a6499991c0c1d8518658bc8ecc2758fa-62433dcec7df1eda715520c2f18b1f29c6d8044897077192799fc2bdd7cd0f98-f763baebb6d0970b283f759967d7980084317e67
2026-10-08T06:35:01.7454720Z   restore-keys: fork-ci-build-v2-macOS-ARM64-macos15-xcode16.4-dev-debug0-eff68d54502d28a838f84354ec306df7a6499991c0c1d8518658bc8ecc2758fa-62433dcec7df1eda715520c2f18b1f29c6d8044897077192799fc2bdd7cd0f98-
fork-ci-build-v2-macOS-ARM64-macos15-xcode16.4-dev-debug0-eff68d54502d28a838f84354ec306df7a6499991c0c1d8518658bc8ecc2758fa-

2026-10-08T06:35:01.7456660Z   enableCrossOsArchive: false
2026-10-08T06:35:01.7456910Z   fail-on-cache-miss: false
2026-10-08T06:35:01.7457150Z   lookup-only: false
2026-10-08T06:35:01.7457360Z env:
2026-10-08T06:35:01.7457560Z   CARGO_TERM_COLOR: always
2026-10-08T06:35:01.7457790Z   CARGO_INCREMENTAL: 0
2026-10-08T06:35:01.7458030Z   CARGO_PROFILE_DEV_DEBUG: 0
2026-10-08T06:35:01.7458270Z   CARGO_PROFILE_DEV_BUILD_OVERRIDE_DEBUG: 0
2026-10-08T06:35:01.7458510Z   RUST_BACKTRACE: 1
2026-10-08T06:35:01.7458760Z   DEVELOPER_DIR: /Applications/Xcode_16.4.app/Contents/Developer
2026-10-08T06:35:01.7459060Z   CARGO_BUILD_JOBS: 2
2026-10-08T06:35:01.7459240Z   CI_TEST_THREADS: 3
2026-10-08T06:35:01.7459430Z ##[endgroup]
2026-10-08T06:35:01.8650010Z (node:3957) [DEP0040] DeprecationWarning: The `punycode` module is deprecated. Please use a userland alternative instead.
2026-10-08T06:35:01.8650640Z (Use `node --trace-deprecation ...` to show where the warning was created)
2026-10-08T06:35:02.1290950Z Cache not found for input keys: fork-ci-build-v2-macOS-ARM64-macos15-xcode16.4-dev-debug0-eff68d54502d28a838f84354ec306df7a6499991c0c1d8518658bc8ecc2758fa-62433dcec7df1eda715520c2f18b1f29c6d8044897077192799fc2bdd7cd0f98-f763baebb6d0970b283f759967d7980084317e67, fork-ci-build-v2-macOS-ARM64-macos15-xcode16.4-dev-debug0-eff68d54502d28a838f84354ec306df7a6499991c0c1d8518658bc8ecc2758fa-62433dcec7df1eda715520c2f18b1f29c6d8044897077192799fc2bdd7cd0f98-, fork-ci-build-v2-macOS-ARM64-macos15-xcode16.4-dev-debug0-eff68d54502d28a838f84354ec306df7a6499991c0c1d8518658bc8ecc2758fa-
2026-10-08T06:35:02.1407880Z ##[group]Run printf 'Shared source exact hit: %s; shared key: %s; legacy source key: %s; build exact hit: %s; build key: %s\n' \
2026-10-08T06:35:02.1409790Z [36;1mprintf 'Shared source exact hit: %s; shared key: %s; legacy source key: %s; build exact hit: %s; build key: %s\n' \[0m
2026-10-08T06:35:02.1411270Z [36;1m  "$SOURCE_CACHE_HIT" "$SOURCE_CACHE_KEY" "$LEGACY_SOURCE_CACHE_KEY" \[0m
2026-10-08T06:35:02.1412470Z [36;1m  "$BUILD_CACHE_HIT" "$BUILD_CACHE_KEY" | tee -a "$GITHUB_STEP_SUMMARY"[0m
2026-10-08T06:35:02.1510880Z shell: /bin/bash --noprofile --norc -e -o pipefail {0}
2026-10-08T06:35:02.1511180Z env:
2026-10-08T06:35:02.1511410Z   CARGO_TERM_COLOR: always
2026-10-08T06:35:02.1511650Z   CARGO_INCREMENTAL: 0
2026-10-08T06:35:02.1511840Z   CARGO_PROFILE_DEV_DEBUG: 0
2026-10-08T06:35:02.1512070Z   CARGO_PROFILE_DEV_BUILD_OVERRIDE_DEBUG: 0
2026-10-08T06:35:02.1512290Z   RUST_BACKTRACE: 1
2026-10-08T06:35:02.1512590Z   DEVELOPER_DIR: /Applications/Xcode_16.4.app/Contents/Developer
2026-10-08T06:35:02.1512940Z   CARGO_BUILD_JOBS: 2
2026-10-08T06:35:02.1513950Z   CI_TEST_THREADS: 3
2026-10-08T06:35:02.1514550Z   SOURCE_CACHE_HIT: 
2026-10-08T06:35:02.1515070Z   SOURCE_CACHE_KEY: 
2026-10-08T06:35:02.1515280Z   LEGACY_SOURCE_CACHE_KEY: 
2026-10-08T06:35:02.1515520Z   BUILD_CACHE_HIT: 
2026-10-08T06:35:02.1515690Z   BUILD_CACHE_KEY: 
2026-10-08T06:35:02.1515890Z ##[endgroup]
2026-10-08T06:35:02.1916570Z Shared source exact hit: ; shared key: ; legacy source key: ; build exact hit: ; build key: 
2026-10-08T06:35:02.2197970Z ##[group]Run ./script/download-wasi-sdk
2026-10-08T06:35:02.2198260Z [36;1m./script/download-wasi-sdk[0m
2026-10-08T06:35:02.2229990Z shell: /bin/bash --noprofile --norc -e -o pipefail {0}
2026-10-08T06:35:02.2230260Z env:
2026-10-08T06:35:02.2230760Z   CARGO_TERM_COLOR: always
2026-10-08T06:35:02.2230950Z   CARGO_INCREMENTAL: 0
2026-10-08T06:35:02.2231140Z   CARGO_PROFILE_DEV_DEBUG: 0
2026-10-08T06:35:02.2231350Z   CARGO_PROFILE_DEV_BUILD_OVERRIDE_DEBUG: 0
2026-10-08T06:35:02.2231590Z   RUST_BACKTRACE: 1
2026-10-08T06:35:02.2231840Z   DEVELOPER_DIR: /Applications/Xcode_16.4.app/Contents/Developer
2026-10-08T06:35:02.2232130Z   CARGO_BUILD_JOBS: 2
2026-10-08T06:35:02.2232320Z   CI_TEST_THREADS: 3
2026-10-08T06:35:02.2232490Z ##[endgroup]
2026-10-08T06:35:02.2610600Z WASI SDK not found, downloading v34...
2026-10-08T06:35:02.2675550Z Downloading from: https://github.com/WebAssembly/wasi-sdk/releases/download/wasi-sdk-34/wasi-sdk-34.0-arm64-macos.tar.gz
2026-10-08T06:35:02.2942540Z   % Total    % Received % Xferd  Average Speed   Time    Time     Time  Current
2026-10-08T06:35:02.2943170Z                                  Dload  Upload   Total   Spent    Left  Speed
2026-10-08T06:35:02.2943440Z 
2026-10-08T06:35:02.4744790Z   0     0    0     0    0     0      0      0 --:--:-- --:--:-- --:--:--     0
2026-10-08T06:35:02.4745660Z   0     0    0     0    0     0      0      0 --:--:-- --:--:-- --:--:--     0
2026-10-08T06:35:02.5212390Z 
2026-10-08T06:35:03.5258220Z   1  171M    1 2736k    0     0  11.7M      0  0:00:14 --:--:--  0:00:14 11.7M
2026-10-08T06:35:04.5348020Z  12  171M   12 21.2M    0     0  17.2M      0  0:00:09  0:00:01  0:00:08 18.5M
2026-10-08T06:35:05.5341600Z  14  171M   14 24.8M    0     0  11.1M      0  0:00:15  0:00:02  0:00:13 11.0M
2026-10-08T06:35:06.5223150Z  16  171M   16 28.4M    0     0  9003k      0  0:00:19  0:00:03  0:00:16 8775k
2026-10-08T06:35:07.5232790Z  19  171M   19 32.7M    0     0  7932k      0  0:00:22  0:00:04  0:00:18 7697k
2026-10-08T06:35:08.5328190Z  46  171M   46 80.5M    0     0  15.4M      0  0:00:11  0:00:05  0:00:06 15.5M
2026-10-08T06:35:08.9324090Z  87  171M   87  150M    0     0  24.1M      0  0:00:07  0:00:06  0:00:01 25.8M
2026-10-08T06:35:08.9325500Z 100  171M  100  171M    0     0  25.9M      0  0:00:06  0:00:06 --:--:-- 33.4M
2026-10-08T06:35:09.0170220Z WASI SDK v34 installed successfully
2026-10-08T06:35:09.0261860Z ##[group]Run xcodebuild -version
2026-10-08T06:35:09.0262290Z [36;1mxcodebuild -version[0m
2026-10-08T06:35:09.0262730Z [36;1mxcrun clang --version[0m
2026-10-08T06:35:09.0263030Z [36;1mxcrun --find metal[0m
2026-10-08T06:35:09.0314190Z shell: /bin/bash --noprofile --norc -e -o pipefail {0}
2026-10-08T06:35:09.0314570Z env:
2026-10-08T06:35:09.0314820Z   CARGO_TERM_COLOR: always
2026-10-08T06:35:09.0315160Z   CARGO_INCREMENTAL: 0
2026-10-08T06:35:09.0315490Z   CARGO_PROFILE_DEV_DEBUG: 0
2026-10-08T06:35:09.0315780Z   CARGO_PROFILE_DEV_BUILD_OVERRIDE_DEBUG: 0
2026-10-08T06:35:09.0316150Z   RUST_BACKTRACE: 1
2026-10-08T06:35:09.0316480Z   DEVELOPER_DIR: /Applications/Xcode_16.4.app/Contents/Developer
2026-10-08T06:35:09.0316940Z   CARGO_BUILD_JOBS: 2
2026-10-08T06:35:09.0317310Z   CI_TEST_THREADS: 3
2026-10-08T06:35:09.0317540Z ##[endgroup]
2026-10-08T06:35:09.4409760Z Xcode 16.4
2026-10-08T06:35:09.4423680Z Build version 16F6
2026-10-08T06:35:10.8511590Z Apple clang version 17.0.0 (clang-1700.0.13.5)
2026-10-08T06:35:10.8512010Z Target: arm64-apple-darwin24.6.0
2026-10-08T06:35:10.8512360Z Thread model: posix
2026-10-08T06:35:10.8512840Z InstalledDir: /Applications/Xcode_16.4.app/Contents/Developer/Toolchains/XcodeDefault.xctoolchain/usr/bin
2026-10-08T06:35:11.4273660Z /Applications/Xcode_16.4.app/Contents/Developer/Toolchains/XcodeDefault.xctoolchain/usr/bin/metal
2026-10-08T06:35:11.4466860Z ##[group]Run python3 script/ci-run stage 'macOS app check' -- cargo check --locked --keep-going -p zed --bin koda
2026-10-08T06:35:11.4468420Z [36;1mpython3 script/ci-run stage 'macOS app check' -- cargo check --locked --keep-going -p zed --bin koda[0m
2026-10-08T06:35:11.4566230Z shell: /bin/bash --noprofile --norc -e -o pipefail {0}
2026-10-08T06:35:11.4567410Z env:
2026-10-08T06:35:11.4568430Z   CARGO_TERM_COLOR: always
2026-10-08T06:35:11.4569000Z   CARGO_INCREMENTAL: 0
2026-10-08T06:35:11.4574790Z   CARGO_PROFILE_DEV_DEBUG: 0
2026-10-08T06:35:11.4575530Z   CARGO_PROFILE_DEV_BUILD_OVERRIDE_DEBUG: 0
2026-10-08T06:35:11.4576370Z   RUST_BACKTRACE: 1
2026-10-08T06:35:11.4577110Z   DEVELOPER_DIR: /Applications/Xcode_16.4.app/Contents/Developer
2026-10-08T06:35:11.4578140Z   CARGO_BUILD_JOBS: 2
2026-10-08T06:35:11.4578690Z   CI_TEST_THREADS: 3
2026-10-08T06:35:11.4579310Z ##[endgroup]
2026-10-08T06:35:12.5044870Z [1m[92m    Updating[0m git repository `https://github.com/zed-industries/async-process.git`
2026-10-08T06:35:12.9906420Z [1m[92m    Updating[0m git repository `https://github.com/smol-rs/async-task.git`
2026-10-08T06:35:13.4972890Z [1m[92m    Updating[0m git repository `https://github.com/zed-industries/calloop`
2026-10-08T06:35:14.0575150Z [1m[92m    Updating[0m git repository `https://github.com/zed-industries/livekit-rust-sdks`
2026-10-08T06:35:15.7501100Z [1m[92m    Updating[0m git submodule `https://github.com/livekit/protocol`
2026-10-08T06:35:17.2115870Z [1m[92m    Updating[0m git submodule `https://github.com/zed-industries/libyuv`
2026-10-08T06:35:21.5472570Z [1m[92m    Updating[0m git repository `https://github.com/zed-industries/notify`
2026-10-08T06:35:22.2567710Z [1m[92m    Updating[0m git repository `https://github.com/tree-sitter/tree-sitter`
2026-10-08T06:35:26.7905740Z [1m[92m    Updating[0m git repository `https://github.com/zed-industries/windows-capture.git`
2026-10-08T06:35:27.4408600Z [1m[92m    Updating[0m crates.io index
2026-10-08T06:35:27.4526660Z [1m[92m    Updating[0m git repository `https://github.com/proptest-rs/proptest`
2026-10-08T06:35:28.4853210Z [1m[92m    Updating[0m git repository `https://github.com/zed-industries/scap`
2026-10-08T06:35:29.1849360Z [1m[92m    Updating[0m git repository `https://github.com/zed-industries/font-kit`
2026-10-08T06:35:29.8570560Z [1m[92m    Updating[0m git repository `https://github.com/zed-industries/async-tar`
2026-10-08T06:35:30.5512250Z [1m[92m    Updating[0m git repository `https://github.com/zed-industries/wasm_thread`
2026-10-08T06:35:31.0466030Z [1m[92m    Updating[0m git repository `https://github.com/zed-industries/xim-rs.git`
2026-10-08T06:35:31.6092770Z [1m[92m    Updating[0m git repository `https://github.com/zed-industries/reqwest.git`
2026-10-08T06:35:32.5953390Z [1m[92m    Updating[0m git repository `https://github.com/zed-industries/tree-sitter-markdown`
2026-10-08T06:35:38.1351240Z [1m[92m    Updating[0m git repository `https://github.com/zed-industries/tree-sitter-typescript`
2026-10-08T06:36:42.0090660Z [1m[92m    Updating[0m git repository `https://github.com/zed-industries/tree-sitter-heex`
2026-10-08T06:36:42.5504930Z [1m[92m    Updating[0m git repository `https://github.com/zed-industries/trash-rs`
2026-10-08T06:36:43.1613310Z [1m[92m    Updating[0m git repository `https://github.com/tree-sitter/tree-sitter-cpp`
2026-10-08T06:38:22.6743470Z [1m[92m    Updating[0m git repository `https://github.com/zed-industries/tree-sitter-git-commit`
2026-10-08T06:38:23.2155270Z [1m[92m    Updating[0m git repository `https://github.com/camdencheek/tree-sitter-go-mod`
2026-10-08T06:38:23.6809770Z [1m[92m    Updating[0m git repository `https://github.com/zed-industries/tree-sitter-go-work`
2026-10-08T06:38:24.0655070Z [1m[92m    Updating[0m git repository `https://github.com/zed-industries/tree-sitter-yaml`
2026-10-08T06:38:24.6381510Z [1m[92m    Updating[0m git submodule `https://github.com/yaml/yaml-test-suite`
2026-10-08T06:38:25.6229840Z [1m[92m    Updating[0m git repository `https://github.com/zed-industries/async-pipe-rs`
2026-10-08T06:38:26.0030970Z [1m[92m    Updating[0m git repository `https://github.com/zed-industries/lsp-types`
2026-10-08T06:38:26.6902010Z [1m[92m    Updating[0m git repository `https://github.com/zed-industries/dap-types`
2026-10-08T06:38:27.1893080Z [1m[92m    Updating[0m git repository `https://github.com/zed-industries/python-environment-tools.git`
2026-10-08T06:38:28.1112730Z [1m[92m    Updating[0m git repository `https://github.com/zed-industries/alacritty`
2026-10-08T06:38:32.4083680Z [1m[92m    Updating[0m git repository `https://github.com/RustAudio/rodio`
2026-10-08T06:38:33.9694420Z [1m[92m    Updating[0m git repository `https://github.com/KillTheMule/nvim-rs`
2026-10-08T06:38:34.5518950Z [1m[92m    Updating[0m git repository `https://github.com/zed-industries/wprcontrol`
2026-10-08T06:38:34.9710390Z [1m[92m    Updating[0m git repository `https://github.com/zed-industries/gh-workflow`
2026-10-08T06:38:38.8538540Z [1m[92m Downloading[0m crates ...
2026-10-08T06:38:38.9149610Z [1m[92m  Downloaded[0m anstyle-query v1.1.4
2026-10-08T06:38:38.9289680Z [1m[92m  Downloaded[0m aligned-vec v0.6.4
2026-10-08T06:38:38.9403020Z [1m[92m  Downloaded[0m approx v0.5.1
2026-10-08T06:38:38.9906070Z [1m[92m  Downloaded[0m adler2 v2.0.1
2026-10-08T06:38:39.0033720Z [1m[92m  Downloaded[0m adler32 v1.2.0
2026-10-08T06:38:39.0136150Z [1m[92m  Downloaded[0m agent-client-protocol-derive v2.2.0
2026-10-08T06:38:39.0240330Z [1m[92m  Downloaded[0m aligned v0.4.3
2026-10-08T06:38:39.0346950Z [1m[92m  Downloaded[0m ambient-authority v0.0.2
2026-10-08T06:38:39.0418960Z [1m[92m  Downloaded[0m async-attributes v1.1.2
2026-10-08T06:38:39.0442260Z [1m[92m  Downloaded[0m async-dispatcher v0.1.2
2026-10-08T06:38:39.0448930Z [1m[92m  Downloaded[0m async-global-executor v2.4.1
2026-10-08T06:38:39.0455310Z [1m[92m  Downloaded[0m aws-smithy-query v0.60.15
2026-10-08T06:38:39.0620240Z [1m[92m  Downloaded[0m base64-simd v0.8.0
2026-10-08T06:38:39.0722850Z [1m[92m  Downloaded[0m bit-set v0.8.0
2026-10-08T06:38:39.0827980Z [1m[92m  Downloaded[0m cxxbridge-flags v1.0.187
2026-10-08T06:38:39.0929890Z [1m[92m  Downloaded[0m accesskit_macos v0.26.3
2026-10-08T06:38:39.1040930Z [1m[92m  Downloaded[0m anstream v0.6.21
2026-10-08T06:38:39.1144120Z [1m[92m  Downloaded[0m as-slice v0.2.1
2026-10-08T06:38:39.1247160Z [1m[92m  Downloaded[0m ascii v1.1.0
2026-10-08T06:38:39.1352070Z [1m[92m  Downloaded[0m async-channel v1.9.0
2026-10-08T06:38:39.1438580Z [1m[92m  Downloaded[0m atomic-waker v1.1.2
2026-10-08T06:38:39.1479400Z [1m[92m  Downloaded[0m aws-smithy-http v0.63.4
2026-10-08T06:38:39.1482800Z [1m[92m  Downloaded[0m aws-smithy-runtime-api v1.11.4
2026-10-08T06:38:39.1485150Z [1m[92m  Downloaded[0m aws-types v1.3.12
2026-10-08T06:38:39.1491510Z [1m[92m  Downloaded[0m beef v0.5.2
2026-10-08T06:38:39.1500160Z [1m[92m  Downloaded[0m bitflags v1.3.2
2026-10-08T06:38:39.1809110Z [1m[92m  Downloaded[0m block v0.1.6
2026-10-08T06:38:39.1864500Z [1m[92m  Downloaded[0m blocking v1.6.2
2026-10-08T06:38:39.1866770Z [1m[92m  Downloaded[0m cssparser-macros v0.6.1
2026-10-08T06:38:39.1985460Z [1m[92m  Downloaded[0m darling v0.20.11
2026-10-08T06:38:39.2151330Z [1m[92m  Downloaded[0m dary_heap v0.3.9
2026-10-08T06:38:39.2201160Z [1m[92m  Downloaded[0m dasp_sample v0.11.0
2026-10-08T06:38:39.2201800Z [1m[92m  Downloaded[0m derive_more-impl v2.1.1
2026-10-08T06:38:39.2359630Z [1m[92m  Downloaded[0m enumn v0.1.14
2026-10-08T06:38:39.2388650Z [1m[92m  Downloaded[0m equator-macro v0.4.2
2026-10-08T06:38:39.2439870Z [1m[92m  Downloaded[0m equivalent v1.0.2
2026-10-08T06:38:39.2493970Z [1m[92m  Downloaded[0m etagere v0.2.15
2026-10-08T06:38:39.2547210Z [1m[92m  Downloaded[0m event-listener v5.4.1
2026-10-08T06:38:39.2620090Z [1m[92m  Downloaded[0m fast-srgb8 v1.0.0
2026-10-08T06:38:39.2687180Z [1m[92m  Downloaded[0m fax_derive v0.2.0
2026-10-08T06:38:39.2732340Z [1m[92m  Downloaded[0m find-msvc-tools v0.1.11
2026-10-08T06:38:39.2822450Z [1m[92m  Downloaded[0m fixedbitset v0.5.7
2026-10-08T06:38:39.2926260Z [1m[92m  Downloaded[0m float-ord v0.3.2
2026-10-08T06:38:39.2946240Z [1m[92m  Downloaded[0m foreign-types-shared v0.3.1
2026-10-08T06:38:39.2987750Z [1m[92m  Downloaded[0m fs-set-times v0.20.3
2026-10-08T06:38:39.2988510Z [1m[92m  Downloaded[0m fs2 v0.4.3
2026-10-08T06:38:39.2989000Z [1m[92m  Downloaded[0m jsonschema-regex v0.51.0
2026-10-08T06:38:39.3019650Z [1m[92m  Downloaded[0m accesskit v0.24.1
2026-10-08T06:38:39.3026800Z [1m[92m  Downloaded[0m accesskit_consumer v0.38.0
2026-10-08T06:38:39.3100970Z [1m[92m  Downloaded[0m addr2line v0.25.1
2026-10-08T06:38:39.3205690Z [1m[92m  Downloaded[0m addr2line v0.26.1
2026-10-08T06:38:39.3279350Z [1m[92m  Downloaded[0m ahash v0.8.12
2026-10-08T06:38:39.3280010Z [1m[92m  Downloaded[0m allocator-api2 v0.2.21
2026-10-08T06:38:39.3361200Z [1m[92m  Downloaded[0m arc-swap v1.9.0
2026-10-08T06:38:39.3461490Z [1m[92m  Downloaded[0m arrayref v0.3.9
2026-10-08T06:38:39.3532660Z [1m[92m  Downloaded[0m async-channel v2.5.0
2026-10-08T06:38:39.3578190Z [1m[92m  Downloaded[0m async-net v2.0.0
2026-10-08T06:38:39.3683330Z [1m[92m  Downloaded[0m async-recursion v1.1.1
2026-10-08T06:38:39.3824550Z [1m[92m  Downloaded[0m async_zip v0.0.18
2026-10-08T06:38:39.4424550Z [1m[92m  Downloaded[0m asynchronous-codec v0.7.0
2026-10-08T06:38:39.4526000Z [1m[92m  Downloaded[0m atomic v0.5.3
2026-10-08T06:38:39.4572820Z [1m[92m  Downloaded[0m autocfg v1.5.0
2026-10-08T06:38:39.4573690Z [1m[92m  Downloaded[0m avif-serialize v0.8.6
2026-10-08T06:38:39.4621640Z [1m[92m  Downloaded[0m aws-sdk-sso v1.94.0
2026-10-08T06:38:39.4952460Z [1m[92m  Downloaded[0m aws-sigv4 v1.4.0
2026-10-08T06:38:39.7660080Z [1m[92m  Downloaded[0m aws-smithy-observability v0.2.5
2026-10-08T06:38:39.7682920Z [1m[92m  Downloaded[0m aws-smithy-xml v0.60.15
2026-10-08T06:38:39.7730090Z [1m[92m  Downloaded[0m base64ct v1.8.0
2026-10-08T06:38:39.7881720Z [1m[92m  Downloaded[0m bincode v1.3.3
2026-10-08T06:38:39.7931580Z [1m[92m  Downloaded[0m bit-vec v0.8.0
2026-10-08T06:38:39.7964010Z [1m[92m  Downloaded[0m bit_field v0.10.3
2026-10-08T06:38:39.7992050Z [1m[92m  Downloaded[0m block-buffer v0.10.4
2026-10-08T06:38:39.8029930Z [1m[92m  Downloaded[0m block-padding v0.3.3
2026-10-08T06:38:39.8032180Z [1m[92m  Downloaded[0m block2 v0.5.1
2026-10-08T06:38:39.8089610Z [1m[92m  Downloaded[0m bmrng v0.5.2
2026-10-08T06:38:39.8131100Z [1m[92m  Downloaded[0m bon-macros v3.8.2
2026-10-08T06:38:39.8324350Z [1m[92m  Downloaded[0m crossbeam-utils v0.8.21
2026-10-08T06:38:39.8437820Z [1m[92m  Downloaded[0m crunchy v0.2.4
2026-10-08T06:38:39.8462630Z [1m[92m  Downloaded[0m crypto-common v0.1.6
2026-10-08T06:38:39.8735220Z [1m[92m  Downloaded[0m cssparser v0.36.0
2026-10-08T06:38:39.8788510Z [1m[92m  Downloaded[0m ctor v1.0.12
2026-10-08T06:38:39.8847580Z [1m[92m  Downloaded[0m cursor-icon v1.2.0
2026-10-08T06:38:39.8872640Z [1m[92m  Downloaded[0m cxx-build v1.0.187
2026-10-08T06:38:39.9075100Z [1m[92m  Downloaded[0m cxxbridge-macro v1.0.187
2026-10-08T06:38:39.9175240Z [1m[92m  Downloaded[0m darling v0.23.0
2026-10-08T06:38:39.9381520Z [1m[92m  Downloaded[0m darling_core v0.20.11
2026-10-08T06:38:39.9505070Z [1m[92m  Downloaded[0m darling_macro v0.20.11
2026-10-08T06:38:39.9516900Z [1m[92m  Downloaded[0m darling_macro v0.23.0
2026-10-08T06:38:39.9526770Z [1m[92m  Downloaded[0m data-encoding v2.9.0
2026-10-08T06:38:39.9547520Z [1m[92m  Downloaded[0m data-url v0.3.2
2026-10-08T06:38:39.9580970Z [1m[92m  Downloaded[0m debugid v0.8.0
2026-10-08T06:38:39.9613020Z [1m[92m  Downloaded[0m deflate64 v0.1.10
2026-10-08T06:38:39.9670830Z [1m[92m  Downloaded[0m der v0.7.10
2026-10-08T06:38:39.9823610Z [1m[92m  Downloaded[0m deranged v0.5.4
2026-10-08T06:38:39.9850480Z [1m[92m  Downloaded[0m dialoguer v0.12.0
2026-10-08T06:38:40.0241040Z [1m[92m  Downloaded[0m dirs v6.0.0
2026-10-08T06:38:40.0305780Z [1m[92m  Downloaded[0m dirs-sys v0.5.0
2026-10-08T06:38:40.0328990Z [1m[92m  Downloaded[0m documented v0.10.0
2026-10-08T06:38:40.0345780Z [1m[92m  Downloaded[0m documented-macros v0.10.0
2026-10-08T06:38:40.0393540Z [1m[92m  Downloaded[0m doxygen-rs v0.4.2
2026-10-08T06:38:40.0441350Z [1m[92m  Downloaded[0m dtoa-short v0.3.5
2026-10-08T06:38:40.0452920Z [1m[92m  Downloaded[0m dunce v1.0.5
2026-10-08T06:38:40.0468550Z [1m[92m  Downloaded[0m dyn-clone v1.0.20
2026-10-08T06:38:40.0506170Z [1m[92m  Downloaded[0m ec4rs v1.2.0
2026-10-08T06:38:40.0562500Z [1m[92m  Downloaded[0m embed-resource v3.0.6
2026-10-08T06:38:40.0592560Z [1m[92m  Downloaded[0m embedded-io v0.4.0
2026-10-08T06:38:40.0636700Z [1m[92m  Downloaded[0m env_logger v0.11.8
2026-10-08T06:38:40.0704630Z [1m[92m  Downloaded[0m equator v0.4.2
2026-10-08T06:38:40.0775600Z [1m[92m  Downloaded[0m erased-serde v0.4.9
2026-10-08T06:38:40.1114440Z [1m[92m  Downloaded[0m errno v0.3.14
2026-10-08T06:38:40.1152470Z [1m[92m  Downloaded[0m event-listener v2.5.3
2026-10-08T06:38:40.1184630Z [1m[92m  Downloaded[0m event-listener-strategy v0.5.4
2026-10-08T06:38:40.1212800Z [1m[92m  Downloaded[0m extended v0.1.0
2026-10-08T06:38:40.1228360Z [1m[92m  Downloaded[0m fastrand v1.9.0
2026-10-08T06:38:40.1267840Z [1m[92m  Downloaded[0m fastrand v2.3.0
2026-10-08T06:38:40.1310720Z [1m[92m  Downloaded[0m fdeflate v0.3.7
2026-10-08T06:38:40.1348810Z [1m[92m  Downloaded[0m filetime v0.2.29
2026-10-08T06:38:40.1388370Z [1m[92m  Downloaded[0m float-cmp v0.9.0
2026-10-08T06:38:40.1409860Z [1m[92m  Downloaded[0m float_next_after v1.0.0
2026-10-08T06:38:40.1433440Z [1m[92m  Downloaded[0m flume v0.12.0
2026-10-08T06:38:40.1540890Z [1m[92m  Downloaded[0m fnv v1.0.7
2026-10-08T06:38:40.1554300Z [1m[92m  Downloaded[0m foldhash v0.1.5
2026-10-08T06:38:40.1578300Z [1m[92m  Downloaded[0m foldhash v0.2.0
2026-10-08T06:38:40.1672030Z [1m[92m  Downloaded[0m foreign-types v0.5.0
2026-10-08T06:38:40.1954390Z [1m[92m  Downloaded[0m foreign-types-macros v0.2.3
2026-10-08T06:38:40.1969710Z [1m[92m  Downloaded[0m form_urlencoded v1.2.2
2026-10-08T06:38:40.1989150Z [1m[92m  Downloaded[0m itoa v1.0.18
2026-10-08T06:38:40.2028090Z [1m[92m  Downloaded[0m aes v0.8.4
2026-10-08T06:38:40.2119530Z [1m[92m  Downloaded[0m anstyle v1.0.13
2026-10-08T06:38:40.2151770Z [1m[92m  Downloaded[0m anstyle-parse v0.2.7
2026-10-08T06:38:40.2194240Z [1m[92m  Downloaded[0m any_vec v0.14.0
2026-10-08T06:38:40.2400580Z [1m[92m  Downloaded[0m anyhow v1.0.104
2026-10-08T06:38:40.2583650Z [1m[92m  Downloaded[0m arbitrary v1.4.2
2026-10-08T06:38:40.3156010Z [1m[92m  Downloaded[0m arg_enum_proc_macro v0.3.4
2026-10-08T06:38:40.3257700Z [1m[92m  Downloaded[0m arraydeque v0.5.1
2026-10-08T06:38:40.3327400Z [1m[92m  Downloaded[0m arrayvec v0.7.6
2026-10-08T06:38:40.3395650Z [1m[92m  Downloaded[0m async-executor v1.13.3
2026-10-08T06:38:40.3405000Z [1m[92m  Downloaded[0m async-fs v2.2.0
2026-10-08T06:38:40.3446060Z [1m[92m  Downloaded[0m async-io v2.6.0
2026-10-08T06:38:40.3565300Z [1m[92m  Downloaded[0m async-lock v3.4.2
2026-10-08T06:38:40.3660510Z [1m[92m  Downloaded[0m async-signal v0.2.13
2026-10-08T06:38:40.3723090Z [1m[92m  Downloaded[0m async-trait v0.1.89
2026-10-08T06:38:40.3861620Z [1m[92m  Downloaded[0m async-tungstenite v0.33.0
2026-10-08T06:38:40.3975940Z [1m[92m  Downloaded[0m av1-grain v0.2.4
2026-10-08T06:38:40.4037660Z [1m[92m  Downloaded[0m aws-credential-types v1.2.12
2026-10-08T06:38:40.4084200Z [1m[92m  Downloaded[0m aws-smithy-async v1.2.14
2026-10-08T06:38:40.4145560Z [1m[92m  Downloaded[0m aws-smithy-eventstream v0.60.20
2026-10-08T06:38:40.4222310Z [1m[92m  Downloaded[0m aws-smithy-json v0.62.5
2026-10-08T06:38:40.4274780Z [1m[92m  Downloaded[0m aws-smithy-types v1.4.7
2026-10-08T06:38:40.4430870Z [1m[92m  Downloaded[0m backtrace v0.3.76
2026-10-08T06:38:40.4945830Z [1m[92m  Downloaded[0m base64 v0.22.1
2026-10-08T06:38:40.5081280Z [1m[92m  Downloaded[0m bitflags v2.13.1
2026-10-08T06:38:40.5254050Z [1m[92m  Downloaded[0m bitstream-io v4.9.0
2026-10-08T06:38:40.5419320Z [1m[92m  Downloaded[0m block2 v0.6.2
2026-10-08T06:38:40.5484670Z [1m[92m  Downloaded[0m bon v3.8.2
2026-10-08T06:38:40.6672400Z [1m[92m  Downloaded[0m cxx v1.0.187
2026-10-08T06:38:40.7765750Z [1m[92m  Downloaded[0m darling_core v0.23.0
2026-10-08T06:38:40.7942780Z [1m[92m  Downloaded[0m derive_more v2.1.1
2026-10-08T06:38:40.8663640Z [1m[92m  Downloaded[0m diff v0.1.13
2026-10-08T06:38:40.8746250Z [1m[92m  Downloaded[0m diffy v0.4.2
2026-10-08T06:38:40.8827230Z [1m[92m  Downloaded[0m digest v0.10.7
2026-10-08T06:38:40.8879170Z [1m[92m  Downloaded[0m dispatch2 v0.3.1
2026-10-08T06:38:40.9034830Z [1m[92m  Downloaded[0m displaydoc v0.2.5
2026-10-08T06:38:40.9168440Z [1m[92m  Downloaded[0m dotenvy v0.15.7
2026-10-08T06:38:40.9315200Z [1m[92m  Downloaded[0m dtoa v1.0.10
2026-10-08T06:38:40.9353530Z [1m[92m  Downloaded[0m dugong v0.8.0-alpha.5
2026-10-08T06:38:40.9588590Z [1m[92m  Downloaded[0m dugong-graphlib v0.8.0-alpha.5
2026-10-08T06:38:40.9645400Z [1m[92m  Downloaded[0m either v1.15.0
2026-10-08T06:38:40.9689290Z [1m[92m  Downloaded[0m email_address v0.2.9
2026-10-08T06:38:40.9732520Z [1m[92m  Downloaded[0m embedded-io v0.6.1
2026-10-08T06:38:40.9773590Z [1m[92m  Downloaded[0m emojis v0.9.0
2026-10-08T06:38:40.9886270Z [1m[92m  Downloaded[0m env_filter v0.1.4
2026-10-08T06:38:40.9927370Z [1m[92m  Downloaded[0m env_logger v0.10.2
2026-10-08T06:38:41.0001470Z [1m[92m  Downloaded[0m error-graph v0.1.1
2026-10-08T06:38:41.0027680Z [1m[92m  Downloaded[0m euclid v0.22.14
2026-10-08T06:38:41.0125770Z [1m[92m  Downloaded[0m failspot v0.2.0
2026-10-08T06:38:41.0146340Z [1m[92m  Downloaded[0m fax v0.2.6
2026-10-08T06:38:41.0197530Z [1m[92m  Downloaded[0m flate2 v1.1.8
2026-10-08T06:38:41.0311420Z [1m[92m  Downloaded[0m fluent-uri v0.4.1
2026-10-08T06:38:41.0378310Z [1m[92m  Downloaded[0m fontdb v0.23.0
2026-10-08T06:38:41.0448660Z [1m[92m  Downloaded[0m fraction v0.16.0
2026-10-08T06:38:41.0723270Z [1m[92m  Downloaded[0m jsonschema-value v0.51.0
2026-10-08T06:38:41.0888060Z [1m[92m  Downloaded[0m leaky-cow v0.1.1
2026-10-08T06:38:41.0898530Z [1m[92m  Downloaded[0m leb128fmt v0.1.0
2026-10-08T06:38:41.0944870Z [1m[92m  Downloaded[0m lebe v0.5.3
2026-10-08T06:38:41.1005140Z [1m[92m  Downloaded[0m libflate_lz77 v2.3.0
2026-10-08T06:38:41.1019920Z [1m[92m  Downloaded[0m libloading v0.8.9
2026-10-08T06:38:41.1100180Z [1m[92m  Downloaded[0m link-cplusplus v1.0.12
2026-10-08T06:38:41.1129960Z [1m[92m  Downloaded[0m link-section v0.19.2
2026-10-08T06:38:41.1274880Z [1m[92m  Downloaded[0m agent-client-protocol-schema v1.9.1
2026-10-08T06:38:41.1536490Z [1m[92m  Downloaded[0m aho-corasick v1.1.3
2026-10-08T06:38:41.1873390Z [1m[92m  Downloaded[0m ar_archive_writer v0.5.1
2026-10-08T06:38:41.1943500Z [1m[92m  Downloaded[0m async-compression v0.4.32
2026-10-08T06:38:41.2057210Z [1m[92m  Downloaded[0m async-std v1.13.2
2026-10-08T06:38:41.3336800Z [1m[92m  Downloaded[0m aws-config v1.8.14
2026-10-08T06:38:41.3496380Z [1m[92m  Downloaded[0m aws-runtime v1.7.0
2026-10-08T06:38:41.3633950Z [1m[92m  Downloaded[0m aws-sdk-ssooidc v1.96.0
2026-10-08T06:38:41.3826010Z [1m[92m  Downloaded[0m aws-sdk-sts v1.98.0
2026-10-08T06:38:41.4142420Z [1m[92m  Downloaded[0m aws-smithy-runtime v1.10.1
2026-10-08T06:38:41.4259370Z [1m[92m  Downloaded[0m encoding_rs v0.8.35
2026-10-08T06:38:41.4627110Z [1m[92m  Downloaded[0m exr v1.74.0
2026-10-08T06:38:41.5082580Z [1m[92m  Downloaded[0m fancy-regex v0.19.0
2026-10-08T06:38:41.5209900Z [1m[92m  Downloaded[0m fearless_simd v0.4.1
2026-10-08T06:38:41.5323570Z [1m[92m  Downloaded[0m libbz2-rs-sys v0.2.2
2026-10-08T06:38:41.5352150Z [1m[92m  Downloaded[0m libflate v2.3.1
2026-10-08T06:38:41.5390260Z [1m[92m  Downloaded[0m libm v0.2.16
2026-10-08T06:38:41.5915050Z [1m[92m  Downloaded[0m multimap v0.8.3
2026-10-08T06:38:41.5930540Z [1m[92m  Downloaded[0m nanoid v0.4.0
2026-10-08T06:38:41.5950370Z [1m[92m  Downloaded[0m native-tls v0.2.18
2026-10-08T06:38:41.5981140Z [1m[92m  Downloaded[0m new_debug_unreachable v1.0.6
2026-10-08T06:38:41.6048800Z [1m[92m  Downloaded[0m nom v8.0.0
2026-10-08T06:38:41.6169290Z [1m[92m  Downloaded[0m noop_proc_macro v0.3.0
2026-10-08T06:38:41.6188170Z [1m[92m  Downloaded[0m nu-ansi-term v0.50.3
2026-10-08T06:38:41.6270500Z [1m[92m  Downloaded[0m nucleo v0.5.0
2026-10-08T06:38:41.6307820Z [1m[92m  Downloaded[0m num v0.4.3
2026-10-08T06:38:41.6329450Z [1m[92m  Downloaded[0m agent-client-protocol v2.2.0
2026-10-08T06:38:41.6831080Z [1m[92m  Downloaded[0m av-scenechange v0.14.1
2026-10-08T06:38:41.7216610Z [1m[92m  Downloaded[0m aws-lc-rs v1.17.1
2026-10-08T06:38:41.7829830Z [1m[92m  Downloaded[0m aws-sdk-bedrockruntime v1.125.0
2026-10-08T06:38:41.9197130Z [1m[92m  Downloaded[0m bindgen v0.72.1
2026-10-08T06:38:41.9397610Z [1m[92m  Downloaded[0m nbformat v1.2.0
2026-10-08T06:38:41.9499330Z [1m[92m  Downloaded[0m nix v0.30.1
2026-10-08T06:38:42.0010890Z [1m[92m  Downloaded[0m no_std_io2 v0.9.4
2026-10-08T06:38:42.0113380Z [1m[92m  Downloaded[0m nom v7.1.3
2026-10-08T06:38:42.0290820Z [1m[92m  Downloaded[0m nucleo-matcher v0.3.1
2026-10-08T06:38:42.0407930Z [1m[92m  Downloaded[0m num-bigint v0.4.8
2026-10-08T06:38:42.0521120Z [1m[92m  Downloaded[0m num-bigint-dig v0.8.6
2026-10-08T06:38:42.0644630Z [1m[92m  Downloaded[0m num-cmp v0.1.0
2026-10-08T06:38:42.0670740Z [1m[92m  Downloaded[0m num-complex v0.4.6
2026-10-08T06:38:42.0712730Z [1m[92m  Downloaded[0m rayon v1.11.0
2026-10-08T06:38:42.1309080Z [1m[92m  Downloaded[0m ref-cast-impl v1.0.25
2026-10-08T06:38:42.1323880Z [1m[92m  Downloaded[0m rustc_version v0.4.1
2026-10-08T06:38:42.1371710Z [1m[92m  Downloaded[0m rustls-platform-verifier v0.7.0
2026-10-08T06:38:42.1472860Z [1m[92m  Downloaded[0m rusty-fork v0.3.1
2026-10-08T06:38:42.1501990Z [1m[92m  Downloaded[0m betlang v0.1.1
2026-10-08T06:38:42.1678390Z [1m[92m  Downloaded[0m libc v0.2.186
2026-10-08T06:38:42.2764540Z [1m[92m  Downloaded[0m rand_chacha v0.3.1
2026-10-08T06:38:42.2784180Z [1m[92m  Downloaded[0m rand_chacha v0.9.0
2026-10-08T06:38:42.2806660Z [1m[92m  Downloaded[0m rand_core v0.6.4
2026-10-08T06:38:42.2833830Z [1m[92m  Downloaded[0m rand_core v0.9.3
2026-10-08T06:38:42.2863920Z [1m[92m  Downloaded[0m rand_core v0.10.1
2026-10-08T06:38:42.2907150Z [1m[92m  Downloaded[0m rand_distr v0.5.1
2026-10-08T06:38:42.3026940Z [1m[92m  Downloaded[0m rand_pcg v0.10.2
2026-10-08T06:38:42.3081170Z [1m[92m  Downloaded[0m rand_xorshift v0.4.0
2026-10-08T06:38:42.3133010Z [1m[92m  Downloaded[0m range-map v0.2.0
2026-10-08T06:38:42.3167530Z [1m[92m  Downloaded[0m ravif v0.13.0
2026-10-08T06:38:42.3220250Z [1m[92m  Downloaded[0m raw-window-handle v0.6.2
2026-10-08T06:38:42.3280460Z [1m[92m  Downloaded[0m rayon-core v1.13.0
2026-10-08T06:38:42.3359970Z [1m[92m  Downloaded[0m ref-cast v1.0.25
2026-10-08T06:38:42.3464150Z [1m[92m  Downloaded[0m referencing v0.51.0
2026-10-08T06:38:42.3603460Z [1m[92m  Downloaded[0m roughr-merman v0.12.3
2026-10-08T06:38:42.3706280Z [1m[92m  Downloaded[0m rtrb v0.3.2
2026-10-08T06:38:42.3747530Z [1m[92m  Downloaded[0m rust-embed v8.11.0
2026-10-08T06:38:42.3972060Z [1m[92m  Downloaded[0m rust-embed-impl v8.11.0
2026-10-08T06:38:42.4023440Z [1m[92m  Downloaded[0m rust-embed-utils v8.11.0
2026-10-08T06:38:42.4060720Z [1m[92m  Downloaded[0m rustc-demangle v0.1.26
2026-10-08T06:38:42.4138690Z [1m[92m  Downloaded[0m rustc-hash v2.1.1
2026-10-08T06:38:42.4162440Z [1m[92m  Downloaded[0m rustix-openpty v0.2.0
2026-10-08T06:38:42.4195360Z [1m[92m  Downloaded[0m rustls-native-certs v0.8.3
2026-10-08T06:38:42.4281830Z [1m[92m  Downloaded[0m rustls-pemfile v2.2.0
2026-10-08T06:38:42.4404670Z [1m[92m  Downloaded[0m rustls-pki-types v1.12.0
2026-10-08T06:38:42.4579780Z [1m[92m  Downloaded[0m rustversion v1.0.22
2026-10-08T06:38:42.4705760Z [1m[92m  Downloaded[0m regalloc2 v0.15.2
2026-10-08T06:38:42.4848770Z [1m[92m  Downloaded[0m regex v1.12.3
2026-10-08T06:38:42.5027190Z [1m[92m  Downloaded[0m regex-lite v0.1.8
2026-10-08T06:38:42.5138130Z [1m[92m  Downloaded[0m reqwest v0.12.24
2026-10-08T06:38:42.5228810Z [1m[92m  Downloaded[0m resvg v0.46.0
2026-10-08T06:38:42.5283720Z [1m[92m  Downloaded[0m rgb v0.8.52
2026-10-08T06:38:42.5329650Z [1m[92m  Downloaded[0m rle-decode-fast v1.0.3
2026-10-08T06:38:42.5356340Z [1m[92m  Downloaded[0m roxmltree v0.21.1
2026-10-08T06:38:42.5622470Z [1m[92m  Downloaded[0m rsa v0.9.10
2026-10-08T06:38:42.5743480Z [1m[92m  Downloaded[0m runtimelib v1.4.0
2026-10-08T06:38:42.5776620Z [1m[92m  Downloaded[0m rustls-webpki v0.103.13
2026-10-08T06:38:42.5837280Z [1m[92m  Downloaded[0m ryu v1.0.23
2026-10-08T06:38:42.5903090Z [1m[92m  Downloaded[0m ryu-js v1.0.2
2026-10-08T06:38:42.6014770Z [1m[92m  Downloaded[0m miette-derive v7.6.0
2026-10-08T06:38:42.6098280Z [1m[92m  Downloaded[0m mime v0.3.17
2026-10-08T06:38:42.6199500Z [1m[92m  Downloaded[0m mime_guess v2.0.5
2026-10-08T06:38:42.6301440Z [1m[92m  Downloaded[0m minidumper v0.11.0
2026-10-08T06:38:42.6403110Z [1m[92m  Downloaded[0m regex-automata v0.4.18
2026-10-08T06:38:42.6627880Z [1m[92m  Downloaded[0m regex-syntax v0.8.11
2026-10-08T06:38:42.6794890Z [1m[92m  Downloaded[0m rustix v1.1.4
2026-10-08T06:38:42.7612890Z [1m[92m  Downloaded[0m rustls v0.23.40
2026-10-08T06:38:42.7965530Z [1m[92m  Downloaded[0m rustybuzz v0.20.1
2026-10-08T06:38:42.8186420Z [1m[92m  Downloaded[0m micromap v0.3.0
2026-10-08T06:38:42.8280570Z [1m[92m  Downloaded[0m miette v7.6.0
2026-10-08T06:38:42.8354960Z [1m[92m  Downloaded[0m minidump-common v0.26.1
2026-10-08T06:38:42.8391560Z [1m[92m  Downloaded[0m minimal-lexical v0.2.1
2026-10-08T06:38:42.8488250Z [1m[92m  Downloaded[0m miniz_oxide v0.8.9
2026-10-08T06:38:42.8534890Z [1m[92m  Downloaded[0m mio v1.2.0
2026-10-08T06:38:42.8647670Z [1m[92m  Downloaded[0m proc-macro-error-attr3 v3.1.1
2026-10-08T06:38:42.8931560Z [1m[92m  Downloaded[0m proc-macro-error3 v3.1.1
2026-10-08T06:38:42.9008860Z [1m[92m  Downloaded[0m profiling v1.0.17
2026-10-08T06:38:42.9033620Z [1m[92m  Downloaded[0m profiling-procmacros v1.0.17
2026-10-08T06:38:42.9063410Z [1m[92m  Downloaded[0m prost-derive v0.14.4
2026-10-08T06:38:42.9091750Z [1m[92m  Downloaded[0m protox v0.9.1
2026-10-08T06:38:42.9161700Z [1m[92m  Downloaded[0m protox-parse v0.9.0
2026-10-08T06:38:42.9245440Z [1m[92m  Downloaded[0m proxyvars v0.2.0
2026-10-08T06:38:42.9266190Z [1m[92m  Downloaded[0m psm v0.1.30
2026-10-08T06:38:42.9368960Z [1m[92m  Downloaded[0m pulley-interpreter v48.0.1
2026-10-08T06:38:42.9432490Z [1m[92m  Downloaded[0m pulley-macros v48.0.1
2026-10-08T06:38:42.9451280Z [1m[92m  Downloaded[0m qoi v0.4.1
2026-10-08T06:38:42.9542340Z [1m[92m  Downloaded[0m quick-error v1.2.3
2026-10-08T06:38:42.9571290Z [1m[92m  Downloaded[0m quick-error v2.0.1
2026-10-08T06:38:42.9593270Z [1m[92m  Downloaded[0m quinn-udp v0.5.14
2026-10-08T06:38:42.9650940Z [1m[92m  Downloaded[0m quote v1.0.47
2026-10-08T06:38:42.9732910Z [1m[92m  Downloaded[0m ciborium v0.2.2
2026-10-08T06:38:42.9799640Z [1m[92m  Downloaded[0m ciborium-io v0.2.2
2026-10-08T06:38:42.9843550Z [1m[92m  Downloaded[0m ciborium-ll v0.2.2
2026-10-08T06:38:42.9884520Z [1m[92m  Downloaded[0m cipher v0.4.4
2026-10-08T06:38:43.0368380Z [1m[92m  Downloaded[0m circular-buffer v1.2.0
2026-10-08T06:38:43.0431450Z [1m[92m  Downloaded[0m clang-sys v1.8.1
2026-10-08T06:38:43.0470130Z [1m[92m  Downloaded[0m clap v4.5.49
2026-10-08T06:38:43.0648960Z [1m[92m  Downloaded[0m clap_complete v4.5.59
2026-10-08T06:38:43.0712730Z [1m[92m  Downloaded[0m clap_complete_nushell v4.6.0
2026-10-08T06:38:43.0732770Z [1m[92m  Downloaded[0m clap_derive v4.5.49
2026-10-08T06:38:43.0780980Z [1m[92m  Downloaded[0m clap_lex v0.7.6
2026-10-08T06:38:43.0804550Z [1m[92m  Downloaded[0m cmake v0.1.56
2026-10-08T06:38:43.0830100Z [1m[92m  Downloaded[0m cobs v0.3.0
2026-10-08T06:38:43.0854890Z [1m[92m  Downloaded[0m cocoa v0.26.0
2026-10-08T06:38:43.0892640Z [1m[92m  Downloaded[0m cocoa-foundation v0.2.0
2026-10-08T06:38:43.0910560Z [1m[92m  Downloaded[0m codespan-reporting v0.13.0
2026-10-08T06:38:43.1082140Z [1m[92m  Downloaded[0m color_quant v1.1.0
2026-10-08T06:38:43.1103350Z [1m[92m  Downloaded[0m colorchoice v1.0.4
2026-10-08T06:38:43.1119950Z [1m[92m  Downloaded[0m command-fds v0.3.2
2026-10-08T06:38:43.1159610Z [1m[92m  Downloaded[0m compression-codecs v0.4.31
2026-10-08T06:38:43.1282410Z [1m[92m  Downloaded[0m compression-core v0.4.29
2026-10-08T06:38:43.1300620Z [1m[92m  Downloaded[0m concurrent-queue v2.5.0
2026-10-08T06:38:43.1351560Z [1m[92m  Downloaded[0m console v0.16.3
2026-10-08T06:38:43.1426970Z [1m[92m  Downloaded[0m const-oid v0.9.6
2026-10-08T06:38:43.1459740Z [1m[92m  Downloaded[0m const-random v0.1.18
2026-10-08T06:38:43.1491450Z [1m[92m  Downloaded[0m const-random-macro v0.1.16
2026-10-08T06:38:43.1525190Z [1m[92m  Downloaded[0m plain v0.2.3
2026-10-08T06:38:43.1562100Z [1m[92m  Downloaded[0m pollster v0.2.5
2026-10-08T06:38:43.1611780Z [1m[92m  Downloaded[0m pollster v0.4.0
2026-10-08T06:38:43.1656250Z [1m[92m  Downloaded[0m minidump-writer v0.13.0
2026-10-08T06:38:43.1799670Z [1m[92m  Downloaded[0m moxcms v0.8.1
2026-10-08T06:38:43.2050760Z [1m[92m  Downloaded[0m proc-macro2 v1.0.107
2026-10-08T06:38:43.2113290Z [1m[92m  Downloaded[0m prost v0.14.4
2026-10-08T06:38:43.2145620Z [1m[92m  Downloaded[0m prost-build v0.14.4
2026-10-08T06:38:43.2227570Z [1m[92m  Downloaded[0m prost-reflect v0.16.5
2026-10-08T06:38:43.2536190Z [1m[92m  Downloaded[0m prost-types v0.14.4
2026-10-08T06:38:43.2562350Z [1m[92m  Downloaded[0m quinn v0.11.9
2026-10-08T06:38:43.2608800Z [1m[92m  Downloaded[0m rand v0.8.6
2026-10-08T06:38:43.2664310Z [1m[92m  Downloaded[0m rand v0.9.4
2026-10-08T06:38:43.2734150Z [1m[92m  Downloaded[0m rand v0.10.2
2026-10-08T06:38:43.2812590Z [1m[92m  Downloaded[0m rav1e v0.8.1
2026-10-08T06:38:43.3380720Z [1m[92m  Downloaded[0m ring v0.17.14
2026-10-08T06:38:43.4180500Z [1m[92m  Downloaded[0m borrow-or-share v0.2.4
2026-10-08T06:38:43.4204170Z [1m[92m  Downloaded[0m bs58 v0.5.1
2026-10-08T06:38:43.4243060Z [1m[92m  Downloaded[0m by_address v1.2.1
2026-10-08T06:38:43.4259280Z [1m[92m  Downloaded[0m byteorder v1.5.0
2026-10-08T06:38:43.4288440Z [1m[92m  Downloaded[0m byteorder-lite v0.1.0
2026-10-08T06:38:43.4306360Z [1m[92m  Downloaded[0m bytes-utils v0.1.4
2026-10-08T06:38:43.4334100Z [1m[92m  Downloaded[0m cached_proc_macro v0.25.0
2026-10-08T06:38:43.4350340Z [1m[92m  Downloaded[0m cached_proc_macro_types v0.1.1
2026-10-08T06:38:43.4364450Z [1m[92m  Downloaded[0m cfg-if v1.0.4
2026-10-08T06:38:43.4392330Z [1m[92m  Downloaded[0m cfg_aliases v0.2.1
2026-10-08T06:38:43.4407090Z [1m[92m  Downloaded[0m cgl v0.3.2
2026-10-08T06:38:43.4434880Z [1m[92m  Downloaded[0m chunked_transfer v1.5.0
2026-10-08T06:38:43.4454920Z [1m[92m  Downloaded[0m clap_builder v4.5.49
2026-10-08T06:38:43.4573690Z [1m[92m  Downloaded[0m phf_generator v0.11.3
2026-10-08T06:38:43.4597220Z [1m[92m  Downloaded[0m phf_shared v0.11.3
2026-10-08T06:38:43.4611600Z [1m[92m  Downloaded[0m pico-args v0.5.0
2026-10-08T06:38:43.4630960Z [1m[92m  Downloaded[0m pin-utils v0.1.0
2026-10-08T06:38:43.4654820Z [1m[92m  Downloaded[0m piper v0.2.4
2026-10-08T06:38:43.4675990Z [1m[92m  Downloaded[0m pkcs8 v0.10.2
2026-10-08T06:38:43.4740010Z [1m[92m  Downloaded[0m pkg-config v0.3.32
2026-10-08T06:38:43.4774460Z [1m[92m  Downloaded[0m plist v1.10.0
2026-10-08T06:38:43.4870230Z [1m[92m  Downloaded[0m png v0.17.16
2026-10-08T06:38:43.4939980Z [1m[92m  Downloaded[0m png v0.18.0
2026-10-08T06:38:43.5009470Z [1m[92m  Downloaded[0m polling v3.11.0
2026-10-08T06:38:43.5063000Z [1m[92m  Downloaded[0m polycool v0.4.0
2026-10-08T06:38:43.5117800Z [1m[92m  Downloaded[0m pori v0.0.0
2026-10-08T06:38:43.5128200Z [1m[92m  Downloaded[0m portable-atomic v1.11.1
2026-10-08T06:38:43.5274890Z [1m[92m  Downloaded[0m postage v0.5.0
2026-10-08T06:38:43.5440220Z [1m[92m  Downloaded[0m tower-http v0.6.11
2026-10-08T06:38:43.5619300Z [1m[92m  Downloaded[0m tower-layer v0.3.3
2026-10-08T06:38:43.5638400Z [1m[92m  Downloaded[0m tracing-attributes v0.1.31
2026-10-08T06:38:43.5699140Z [1m[92m  Downloaded[0m tracing-log v0.2.0
2026-10-08T06:38:43.5725390Z [1m[92m  Downloaded[0m moka v0.12.11
2026-10-08T06:38:43.6285450Z [1m[92m  Downloaded[0m pulldown-cmark v0.13.4
2026-10-08T06:38:43.6369250Z [1m[92m  Downloaded[0m quick-xml v0.41.0
2026-10-08T06:38:43.6470200Z [1m[92m  Downloaded[0m zune-jpeg v0.5.15
2026-10-08T06:38:43.6576830Z [1m[92m  Downloaded[0m borsh v1.5.7
2026-10-08T06:38:43.6735630Z [1m[92m  Downloaded[0m brush-parser v0.3.0
2026-10-08T06:38:43.7418030Z [1m[92m  Downloaded[0m built v0.8.0
2026-10-08T06:38:43.7461620Z [1m[92m  Downloaded[0m bumpalo v3.20.3
2026-10-08T06:38:43.7523890Z [1m[92m  Downloaded[0m bytecount v0.6.9
2026-10-08T06:38:43.7558430Z [1m[92m  Downloaded[0m bytemuck v1.24.0
2026-10-08T06:38:43.7610660Z [1m[92m  Downloaded[0m bytemuck_derive v1.10.2
2026-10-08T06:38:43.7637210Z [1m[92m  Downloaded[0m bytes v1.11.1
2026-10-08T06:38:43.7719420Z [1m[92m  Downloaded[0m bzip2 v0.4.4
2026-10-08T06:38:43.7752980Z [1m[92m  Downloaded[0m bzip2 v0.6.1
2026-10-08T06:38:43.7790060Z [1m[92m  Downloaded[0m cached v0.56.0
2026-10-08T06:38:43.7860360Z [1m[92m  Downloaded[0m cap-fs-ext v4.0.3
2026-10-08T06:38:43.7891610Z [1m[92m  Downloaded[0m cap-primitives v4.0.3
2026-10-08T06:38:43.8180040Z [1m[92m  Downloaded[0m cap-std v4.0.3
2026-10-08T06:38:43.8239780Z [1m[92m  Downloaded[0m cc v1.4.3
2026-10-08T06:38:43.8341820Z [1m[92m  Downloaded[0m cexpr v0.6.0
2026-10-08T06:38:43.8494360Z [1m[92m  Downloaded[0m chacha20 v0.10.1
2026-10-08T06:38:43.8572700Z [1m[92m  Downloaded[0m chardetng v0.1.17
2026-10-08T06:38:43.8618650Z [1m[92m  Downloaded[0m phf_generator v0.13.1
2026-10-08T06:38:43.8645600Z [1m[92m  Downloaded[0m phf_macros v0.11.3
2026-10-08T06:38:43.8663050Z [1m[92m  Downloaded[0m phf_macros v0.13.1
2026-10-08T06:38:43.8688830Z [1m[92m  Downloaded[0m phf_shared v0.13.1
2026-10-08T06:38:43.8758260Z [1m[92m  Downloaded[0m pin-project v1.1.10
2026-10-08T06:38:43.9245180Z [1m[92m  Downloaded[0m pin-project-internal v1.1.10
2026-10-08T06:38:43.9284460Z [1m[92m  Downloaded[0m pin-project-lite v0.2.16
2026-10-08T06:38:43.9445780Z [1m[92m  Downloaded[0m pkcs1 v0.7.5
2026-10-08T06:38:43.9488740Z [1m[92m  Downloaded[0m tower-service v0.3.3
2026-10-08T06:38:43.9590980Z [1m[92m  Downloaded[0m tracing v0.1.43
2026-10-08T06:38:43.9691920Z [1m[92m  Downloaded[0m tracing-core v0.1.35
2026-10-08T06:38:43.9692400Z [1m[92m  Downloaded[0m tracing-serde v0.2.0
2026-10-08T06:38:43.9693930Z [1m[92m  Downloaded[0m tracing-subscriber v0.3.22
2026-10-08T06:38:43.9788090Z [1m[92m  Downloaded[0m tree-sitter-bash v0.25.1
2026-10-08T06:38:43.9985370Z [1m[92m  Downloaded[0m tree-sitter-c v0.24.1
2026-10-08T06:38:44.0474650Z [1m[92m  Downloaded[0m tree-sitter-css v0.23.2
2026-10-08T06:38:44.0522280Z [1m[92m  Downloaded[0m tree-sitter-diff v0.1.0
2026-10-08T06:38:44.0651730Z [1m[92m  Downloaded[0m tree-sitter-go v0.25.0
2026-10-08T06:38:44.0739690Z [1m[92m  Downloaded[0m winnow v0.7.13
2026-10-08T06:38:44.0952940Z [1m[92m  Downloaded[0m wit-parser v0.254.0
2026-10-08T06:38:44.2415610Z [1m[92m  Downloaded[0m write16 v1.0.0
2026-10-08T06:38:44.2448800Z [1m[92m  Downloaded[0m writeable v0.6.4
2026-10-08T06:38:44.2945050Z [1m[92m  Downloaded[0m yoke-derive v0.8.2
2026-10-08T06:38:44.3203820Z [1m[92m  Downloaded[0m zerofrom v0.1.6
2026-10-08T06:38:44.3408480Z [1m[92m  Downloaded[0m quinn-proto v0.11.17
2026-10-08T06:38:44.3749240Z [1m[92m  Downloaded[0m cbindgen v0.28.0
2026-10-08T06:38:44.7380220Z [1m[92m  Downloaded[0m chrono v0.4.42
2026-10-08T06:38:44.7866440Z [1m[92m  Downloaded[0m toml_parser v1.0.4
2026-10-08T06:38:44.7921620Z [1m[92m  Downloaded[0m toml_write v0.1.2
2026-10-08T06:38:44.7929940Z [1m[92m  Downloaded[0m toml_writer v1.0.4
2026-10-08T06:38:44.7952690Z [1m[92m  Downloaded[0m wit-component v0.254.0
2026-10-08T06:38:45.0626860Z [1m[92m  Downloaded[0m xattr v1.6.1
2026-10-08T06:38:45.0665010Z [1m[92m  Downloaded[0m xml5ever v0.39.0
2026-10-08T06:38:45.0728180Z [1m[92m  Downloaded[0m xmlparser v0.13.6
2026-10-08T06:38:45.0766870Z [1m[92m  Downloaded[0m xmlwriter v0.1.0
2026-10-08T06:38:45.0793930Z [1m[92m  Downloaded[0m xxhash-rust v0.8.15
2026-10-08T06:38:45.0839730Z [1m[92m  Downloaded[0m y4m v0.8.0
2026-10-08T06:38:45.0873240Z [1m[92m  Downloaded[0m yaml-rust2 v0.8.1
2026-10-08T06:38:45.2090080Z [1m[92m  Downloaded[0m yansi v1.0.1
2026-10-08T06:38:45.2131430Z [1m[92m  Downloaded[0m yawc v0.4.2
2026-10-08T06:38:45.2184940Z [1m[92m  Downloaded[0m yoke v0.8.3
2026-10-08T06:38:45.2217560Z [1m[92m  Downloaded[0m zerocopy v0.8.27
2026-10-08T06:38:45.3109140Z [1m[92m  Downloaded[0m zerocopy-derive v0.8.27
2026-10-08T06:38:45.3552490Z [1m[92m  Downloaded[0m zerofrom-derive v0.1.6
2026-10-08T06:38:45.3588780Z [1m[92m  Downloaded[0m zeroize v1.8.2
2026-10-08T06:38:45.3610800Z [1m[92m  Downloaded[0m zeroize_derive v1.4.2
2026-10-08T06:38:45.3627230Z [1m[92m  Downloaded[0m zeromq v0.5.0
2026-10-08T06:38:45.3754950Z [1m[92m  Downloaded[0m zerotrie v0.2.5
2026-10-08T06:38:45.3827790Z [1m[92m  Downloaded[0m zerovec v0.11.8
2026-10-08T06:38:45.3993930Z [1m[92m  Downloaded[0m zerovec-derive v0.11.5
2026-10-08T06:38:45.4035800Z [1m[92m  Downloaded[0m httpdate v1.0.3
2026-10-08T06:38:45.4052670Z [1m[92m  Downloaded[0m human_bytes v0.4.3
2026-10-08T06:38:45.4082490Z [1m[92m  Downloaded[0m humantime v2.3.0
2026-10-08T06:38:45.4119830Z [1m[92m  Downloaded[0m hyper v1.11.1
2026-10-08T06:38:45.4248980Z [1m[92m  Downloaded[0m hyper-rustls v0.27.9
2026-10-08T06:38:45.4297710Z [1m[92m  Downloaded[0m iana-time-zone v0.1.64
2026-10-08T06:38:45.4339990Z [1m[92m  Downloaded[0m icu_collections v2.3.0
2026-10-08T06:38:45.4464530Z [1m[92m  Downloaded[0m icu_locale_fallback v2.3.0
2026-10-08T06:38:45.4482840Z [1m[92m  Downloaded[0m icu_locale_fallback_data v2.3.0
2026-10-08T06:38:45.4504520Z [1m[92m  Downloaded[0m bstr v1.12.1
2026-10-08T06:38:45.4631420Z [1m[92m  Downloaded[0m toml_edit v0.22.27
2026-10-08T06:38:45.4730680Z [1m[92m  Downloaded[0m tower v0.5.2
2026-10-08T06:38:45.4932860Z [1m[92m  Downloaded[0m weezl v0.1.10
2026-10-08T06:38:45.4986680Z [1m[92m  Downloaded[0m which v8.0.5
2026-10-08T06:38:45.5020360Z [1m[92m  Downloaded[0m hyper-util v0.1.17
2026-10-08T06:38:45.5107350Z [1m[92m  Downloaded[0m icu_collator_data v2.3.0
2026-10-08T06:38:45.5199630Z [1m[92m  Downloaded[0m icu_locale_core v2.3.0
2026-10-08T06:38:45.5339800Z [1m[92m  Downloaded[0m matchers v0.2.0
2026-10-08T06:38:45.5356160Z [1m[92m  Downloaded[0m phf v0.13.1
2026-10-08T06:38:45.5376680Z [1m[92m  Downloaded[0m pxfm v0.1.25
2026-10-08T06:38:45.5827120Z [1m[92m  Downloaded[0m bzip2-sys v0.1.13+1.0.8
2026-10-08T06:38:45.5977050Z [1m[92m  Downloaded[0m icu_collator v2.3.0
2026-10-08T06:38:45.6200750Z [1m[92m  Downloaded[0m malloc_buf v0.0.6
2026-10-08T06:38:45.6202540Z [1m[92m  Downloaded[0m manatee v0.8.0-alpha.5
2026-10-08T06:38:45.6245740Z [1m[92m  Downloaded[0m markup5ever v0.39.0
2026-10-08T06:38:45.6272590Z [1m[92m  Downloaded[0m markup5ever_rcdom v0.39.0+unofficial
2026-10-08T06:38:45.6302860Z [1m[92m  Downloaded[0m pastey v0.1.1
2026-10-08T06:38:45.6323750Z [1m[92m  Downloaded[0m pathfinder_geometry v0.5.1
2026-10-08T06:38:45.6344220Z [1m[92m  Downloaded[0m pathfinder_simd v0.5.6
2026-10-08T06:38:45.6373660Z [1m[92m  Downloaded[0m pbjson v0.9.0
2026-10-08T06:38:45.6385090Z [1m[92m  Downloaded[0m pbjson-build v0.9.0
2026-10-08T06:38:45.6406950Z [1m[92m  Downloaded[0m pbjson-types v0.9.0
2026-10-08T06:38:45.6434000Z [1m[92m  Downloaded[0m pbkdf2 v0.11.0
2026-10-08T06:38:45.6477420Z [1m[92m  Downloaded[0m peg v0.8.5
2026-10-08T06:38:45.6561940Z [1m[92m  Downloaded[0m peg-macros v0.8.5
2026-10-08T06:38:45.6587840Z [1m[92m  Downloaded[0m peg-runtime v0.8.5
2026-10-08T06:38:45.6602200Z [1m[92m  Downloaded[0m pem v3.0.6
2026-10-08T06:38:45.6626370Z [1m[92m  Downloaded[0m pem-rfc7468 v0.7.0
2026-10-08T06:38:45.6662930Z [1m[92m  Downloaded[0m percent-encoding v2.3.2
2026-10-08T06:38:45.6676160Z [1m[92m  Downloaded[0m pest v2.8.3
2026-10-08T06:38:45.6745720Z [1m[92m  Downloaded[0m pest_derive v2.8.3
2026-10-08T06:38:45.6817320Z [1m[92m  Downloaded[0m pest_generator v2.8.3
2026-10-08T06:38:45.6844080Z [1m[92m  Downloaded[0m pest_meta v2.8.3
2026-10-08T06:38:45.6880410Z [1m[92m  Downloaded[0m phf v0.11.3
2026-10-08T06:38:45.6904030Z [1m[92m  Downloaded[0m phf_codegen v0.13.1
2026-10-08T06:38:45.6923230Z [1m[92m  Downloaded[0m postcard v1.1.3
2026-10-08T06:38:45.6963850Z [1m[92m  Downloaded[0m potential_utf v0.1.3
2026-10-08T06:38:45.6978820Z [1m[92m  Downloaded[0m powerfmt v0.2.0
2026-10-08T06:38:45.7003310Z [1m[92m  Downloaded[0m ppv-lite86 v0.2.21
2026-10-08T06:38:45.7022970Z [1m[92m  Downloaded[0m precomputed-hash v0.1.1
2026-10-08T06:38:45.7031470Z [1m[92m  Downloaded[0m pretty_assertions v1.4.1
2026-10-08T06:38:45.7063980Z [1m[92m  Downloaded[0m prettyplease v0.2.37
2026-10-08T06:38:45.7151640Z [1m[92m  Downloaded[0m saa v5.4.9
2026-10-08T06:38:45.7193680Z [1m[92m  Downloaded[0m wasmtime-internal-c-api-macros v48.0.1
2026-10-08T06:38:45.7209510Z [1m[92m  Downloaded[0m wasmtime-internal-component-util v48.0.1
2026-10-08T06:38:45.7221540Z [1m[92m  Downloaded[0m libsqlite3-sys v0.30.1
2026-10-08T06:38:45.8237550Z [1m[92m  Downloaded[0m lyon_path v1.0.16
2026-10-08T06:38:45.8273980Z [1m[92m  Downloaded[0m mach2 v0.5.0
2026-10-08T06:38:45.8350950Z [1m[92m  Downloaded[0m mach2 v0.6.0
2026-10-08T06:38:45.8447430Z [1m[92m  Downloaded[0m petgraph v0.8.3
2026-10-08T06:38:45.9117890Z [1m[92m  Downloaded[0m wasm-bindgen-shared v0.2.120
2026-10-08T06:38:45.9137680Z [1m[92m  Downloaded[0m wasm-encoder v0.254.0
2026-10-08T06:38:45.9257730Z [1m[92m  Downloaded[0m wasm-metadata v0.254.0
2026-10-08T06:38:45.9307160Z [1m[92m  Downloaded[0m wasmprinter v0.254.0
2026-10-08T06:38:45.9337210Z [1m[92m  Downloaded[0m wasmtime-c-api-impl v48.0.1
2026-10-08T06:38:45.9894030Z [1m[92m  Downloaded[0m wasmtime-environ v48.0.1
2026-10-08T06:38:46.0050060Z [1m[92m  Downloaded[0m wasmtime-internal-component-macro v48.0.1
2026-10-08T06:38:46.0381310Z [1m[92m  Downloaded[0m wasmtime-internal-core v48.0.1
2026-10-08T06:38:46.0442320Z [1m[92m  Downloaded[0m wasmtime-internal-cranelift v48.0.1
2026-10-08T06:38:46.0568540Z [1m[92m  Downloaded[0m wasmtime-internal-fiber v48.0.1
2026-10-08T06:38:46.0617680Z [1m[92m  Downloaded[0m wasmtime-internal-jit-debug v48.0.1
2026-10-08T06:38:46.0638520Z [1m[92m  Downloaded[0m wasmtime-internal-jit-icache-coherence v48.0.1
2026-10-08T06:38:46.0653580Z [1m[92m  Downloaded[0m wasmtime-internal-unwinder v48.0.1
2026-10-08T06:38:46.0680500Z [1m[92m  Downloaded[0m lyon_tessellation v1.0.16
2026-10-08T06:38:46.0733320Z [1m[92m  Downloaded[0m objc2-open-directory v0.3.2
2026-10-08T06:38:46.0848370Z [1m[92m  Downloaded[0m objc2-quartz-core v0.2.2
2026-10-08T06:38:46.1283770Z [1m[92m  Downloaded[0m objc2-screen-capture-kit v0.3.2
2026-10-08T06:38:46.1308820Z [1m[92m  Downloaded[0m objc2-user-notifications v0.3.2
2026-10-08T06:38:46.1347080Z [1m[92m  Downloaded[0m objc_exception v0.1.2
2026-10-08T06:38:46.1358250Z [1m[92m  Downloaded[0m once_cell v1.21.4
2026-10-08T06:38:46.1420930Z [1m[92m  Downloaded[0m optfield v0.4.0
2026-10-08T06:38:46.1454740Z [1m[92m  Downloaded[0m option-ext v0.2.0
2026-10-08T06:38:46.1469090Z [1m[92m  Downloaded[0m ordered-float v5.5.0
2026-10-08T06:38:46.1498310Z [1m[92m  Downloaded[0m outref v0.5.2
2026-10-08T06:38:46.1518280Z [1m[92m  Downloaded[0m page_size v0.6.0
2026-10-08T06:38:46.1535150Z [1m[92m  Downloaded[0m palette_derive v0.7.6
2026-10-08T06:38:46.1562440Z [1m[92m  Downloaded[0m parking v2.2.1
2026-10-08T06:38:46.1579680Z [1m[92m  Downloaded[0m parking_lot v0.12.5
2026-10-08T06:38:46.1633670Z [1m[92m  Downloaded[0m parking_lot_core v0.9.12
2026-10-08T06:38:46.1687420Z [1m[92m  Downloaded[0m parse_int v0.9.0
2026-10-08T06:38:46.1710330Z [1m[92m  Downloaded[0m partial-json-fixer v0.5.3
2026-10-08T06:38:46.1721990Z [1m[92m  Downloaded[0m password-hash v0.4.2
2026-10-08T06:38:46.1760010Z [1m[92m  Downloaded[0m paste v1.0.15
2026-10-08T06:38:46.1824640Z [1m[92m  Downloaded[0m wasmparser v0.254.0
2026-10-08T06:38:46.1981700Z [1m[92m  Downloaded[0m wasmtime v48.0.1
2026-10-08T06:38:46.3331800Z [1m[92m  Downloaded[0m objc2-io-surface v0.3.2
2026-10-08T06:38:46.3370350Z [1m[92m  Downloaded[0m objc2-metal v0.2.2
2026-10-08T06:38:46.3557960Z [1m[92m  Downloaded[0m same-file v1.0.6
2026-10-08T06:38:46.3592520Z [1m[92m  Downloaded[0m scc v3.5.6
2026-10-08T06:38:46.3668820Z [1m[92m  Downloaded[0m schemars v0.9.0
2026-10-08T06:38:46.4010960Z [1m[92m  Downloaded[0m schemars v1.0.4
2026-10-08T06:38:46.4402730Z [1m[92m  Downloaded[0m schemars_derive v1.0.4
2026-10-08T06:38:46.4447030Z [1m[92m  Downloaded[0m scopeguard v1.2.0
2026-10-08T06:38:46.4469350Z [1m[92m  Downloaded[0m scroll v0.12.0
2026-10-08T06:38:46.4494800Z [1m[92m  Downloaded[0m scroll_derive v0.12.1
2026-10-08T06:38:46.4508690Z [1m[92m  Downloaded[0m sdd v4.6.2
2026-10-08T06:38:46.4559930Z [1m[92m  Downloaded[0m seahash v4.1.0
2026-10-08T06:38:46.4589460Z [1m[92m  Downloaded[0m security-framework v3.5.1
2026-10-08T06:38:46.4681780Z [1m[92m  Downloaded[0m security-framework-sys v2.15.0
2026-10-08T06:38:46.4739870Z [1m[92m  Downloaded[0m selectors v0.37.0
2026-10-08T06:38:46.4814260Z [1m[92m  Downloaded[0m semver v1.0.28
2026-10-08T06:38:46.4899830Z [1m[92m  Downloaded[0m cranelift-codegen-shared v0.135.1
2026-10-08T06:38:46.4931870Z [1m[92m  Downloaded[0m cranelift-control v0.135.1
2026-10-08T06:38:46.4964980Z [1m[92m  Downloaded[0m cranelift-srcgen v0.135.1
2026-10-08T06:38:46.4997330Z [1m[92m  Downloaded[0m crossbeam-queue v0.3.12
2026-10-08T06:38:46.5059370Z [1m[92m  Downloaded[0m futures v0.3.34
2026-10-08T06:38:46.5276890Z [1m[92m  Downloaded[0m futures-concurrency v7.7.1
2026-10-08T06:38:46.5480110Z [1m[92m  Downloaded[0m futures-executor v0.3.34
2026-10-08T06:38:46.5517180Z [1m[92m  Downloaded[0m futures-io v0.3.34
2026-10-08T06:38:46.5542140Z [1m[92m  Downloaded[0m futures-macro v0.3.34
2026-10-08T06:38:46.5563780Z [1m[92m  Downloaded[0m futures-sink v0.3.34
2026-10-08T06:38:46.5584140Z [1m[92m  Downloaded[0m futures-task v0.3.34
2026-10-08T06:38:46.5611900Z [1m[92m  Downloaded[0m metal v0.33.0
2026-10-08T06:38:46.6042100Z [1m[92m  Downloaded[0m object v0.37.3
2026-10-08T06:38:46.6290850Z [1m[92m  Downloaded[0m object v0.39.1
2026-10-08T06:38:46.6511790Z [1m[92m  Downloaded[0m palette v0.7.6
2026-10-08T06:38:46.6720390Z [1m[92m  Downloaded[0m untrusted v0.7.1
2026-10-08T06:38:46.6739110Z [1m[92m  Downloaded[0m untrusted v0.9.0
2026-10-08T06:38:46.6765050Z [1m[92m  Downloaded[0m urlencoding v2.1.3
2026-10-08T06:38:46.6781170Z [1m[92m  Downloaded[0m utf-8 v0.7.6
2026-10-08T06:38:46.6806850Z [1m[92m  Downloaded[0m utf16_iter v1.0.5
2026-10-08T06:38:46.6827650Z [1m[92m  Downloaded[0m utf8-chars v3.0.6
2026-10-08T06:38:46.6843480Z [1m[92m  Downloaded[0m utf8_iter v1.0.4
2026-10-08T06:38:46.6860250Z [1m[92m  Downloaded[0m utf8parse v0.2.2
2026-10-08T06:38:46.6876010Z [1m[92m  Downloaded[0m uuid-simd v0.8.0
2026-10-08T06:38:46.6896360Z [1m[92m  Downloaded[0m v_frame v0.3.9
2026-10-08T06:38:46.6924730Z [1m[92m  Downloaded[0m value-bag v1.12.0
2026-10-08T06:38:46.7003950Z [1m[92m  Downloaded[0m value-bag-serde1 v1.12.0
2026-10-08T06:38:46.7036190Z [1m[92m  Downloaded[0m value-bag-sval2 v1.12.0
2026-10-08T06:38:46.7058770Z [1m[92m  Downloaded[0m version_check v0.9.5
2026-10-08T06:38:46.7094690Z [1m[92m  Downloaded[0m vsimd v0.8.0
2026-10-08T06:38:46.7152810Z [1m[92m  Downloaded[0m wait-timeout v0.2.1
2026-10-08T06:38:46.7198100Z [1m[92m  Downloaded[0m waker-fn v1.2.0
2026-10-08T06:38:46.7218990Z [1m[92m  Downloaded[0m walkdir v2.5.0
2026-10-08T06:38:46.7256850Z [1m[92m  Downloaded[0m want v0.3.1
2026-10-08T06:38:46.7272500Z [1m[92m  Downloaded[0m wasm-bindgen-macro v0.2.120
2026-10-08T06:38:46.7291700Z [1m[92m  Downloaded[0m cranelift-bitset v0.135.1
2026-10-08T06:38:46.7488900Z [1m[92m  Downloaded[0m cranelift-codegen-meta v0.135.1
2026-10-08T06:38:46.7697720Z [1m[92m  Downloaded[0m cranelift-entity v0.135.1
2026-10-08T06:38:46.7736950Z [1m[92m  Downloaded[0m cranelift-frontend v0.135.1
2026-10-08T06:38:46.7768980Z [1m[92m  Downloaded[0m cranelift-isle v0.135.1
2026-10-08T06:38:46.7872400Z [1m[92m  Downloaded[0m cranelift-native v0.135.1
2026-10-08T06:38:46.7889820Z [1m[92m  Downloaded[0m crash-context v0.8.0
2026-10-08T06:38:46.7933230Z [1m[92m  Downloaded[0m crash-handler v0.8.0
2026-10-08T06:38:46.7987800Z [1m[92m  Downloaded[0m crc32fast v1.5.0
2026-10-08T06:38:46.8039520Z [1m[92m  Downloaded[0m crossbeam-channel v0.5.15
2026-10-08T06:38:46.8400620Z [1m[92m  Downloaded[0m crossbeam-deque v0.8.6
2026-10-08T06:38:46.8424250Z [1m[92m  Downloaded[0m crossbeam-epoch v0.9.18
2026-10-08T06:38:46.8473030Z [1m[92m  Downloaded[0m fs_extra v1.3.0
2026-10-08T06:38:46.8506620Z [1m[92m  Downloaded[0m futures-channel v0.3.34
2026-10-08T06:38:46.8543240Z [1m[92m  Downloaded[0m futures-core v0.3.34
2026-10-08T06:38:46.8565370Z [1m[92m  Downloaded[0m futures-lite v1.13.0
2026-10-08T06:38:46.8611270Z [1m[92m  Downloaded[0m futures-lite v2.6.1
2026-10-08T06:38:46.8665310Z [1m[92m  Downloaded[0m unsafe-libyaml v0.2.11
2026-10-08T06:38:46.8749360Z [1m[92m  Downloaded[0m url v2.5.7
2026-10-08T06:38:46.8792910Z [1m[92m  Downloaded[0m usvg v0.46.0
2026-10-08T06:38:46.8868890Z [1m[92m  Downloaded[0m uuid v1.18.1
2026-10-08T06:38:46.9173760Z [1m[92m  Downloaded[0m vcpkg v0.2.15
2026-10-08T06:38:47.1277650Z [1m[92m  Downloaded[0m vte v0.15.0
2026-10-08T06:38:47.1349600Z [1m[92m  Downloaded[0m wasm-bindgen v0.2.120
2026-10-08T06:38:47.1450440Z [1m[92m  Downloaded[0m wasm-bindgen-macro-support v0.2.120
2026-10-08T06:38:47.1506240Z [1m[92m  Downloaded[0m num-conv v0.2.0
2026-10-08T06:38:47.1531380Z [1m[92m  Downloaded[0m num-derive v0.4.2
2026-10-08T06:38:47.1592510Z [1m[92m  Downloaded[0m num-integer v0.1.46
2026-10-08T06:38:47.1640750Z [1m[92m  Downloaded[0m num-iter v0.1.45
2026-10-08T06:38:47.1691890Z [1m[92m  Downloaded[0m num-rational v0.4.2
2026-10-08T06:38:47.1740920Z [1m[92m  Downloaded[0m num_cpus v1.17.0
2026-10-08T06:38:47.1856180Z [1m[92m  Downloaded[0m num_threads v0.1.7
2026-10-08T06:38:47.1885010Z [1m[92m  Downloaded[0m objc v0.2.7
2026-10-08T06:38:47.1956720Z [1m[92m  Downloaded[0m objc-sys v0.3.5
2026-10-08T06:38:47.2010490Z [1m[92m  Downloaded[0m objc2-core-audio v0.3.2
2026-10-08T06:38:47.2060140Z [1m[92m  Downloaded[0m objc2-core-audio-types v0.3.2
2026-10-08T06:38:47.2110940Z [1m[92m  Downloaded[0m objc2-core-data v0.2.2
2026-10-08T06:38:47.2363350Z [1m[92m  Downloaded[0m objc2-core-location v0.3.2
2026-10-08T06:38:47.2527010Z [1m[92m  Downloaded[0m objc2-encode v4.1.0
2026-10-08T06:38:47.2576830Z [1m[92m  Downloaded[0m cranelift-codegen v0.135.1
2026-10-08T06:38:47.3853390Z [1m[92m  Downloaded[0m spin v0.9.8
2026-10-08T06:38:47.3925110Z [1m[92m  Downloaded[0m spin v0.10.0
2026-10-08T06:38:47.3980470Z [1m[92m  Downloaded[0m spki v0.7.3
2026-10-08T06:38:47.4022810Z [1m[92m  Downloaded[0m sqlformat v0.2.6
2026-10-08T06:38:47.4132120Z [1m[92m  Downloaded[0m stable_deref_trait v1.2.1
2026-10-08T06:38:47.4163720Z [1m[92m  Downloaded[0m tokio-tungstenite v0.28.0
2026-10-08T06:38:47.4213730Z [1m[92m  Downloaded[0m tokio-util v0.7.18
2026-10-08T06:38:47.4397660Z [1m[92m  Downloaded[0m toml v0.8.23
2026-10-08T06:38:47.4451660Z [1m[92m  Downloaded[0m toml v0.9.8
2026-10-08T06:38:47.4570830Z [1m[92m  Downloaded[0m toml_datetime v0.6.11
2026-10-08T06:38:47.4672940Z [1m[92m  Downloaded[0m toml_datetime v0.7.3
2026-10-08T06:38:47.4683840Z [1m[92m  Downloaded[0m tree-sitter-html v0.23.2
2026-10-08T06:38:47.4684430Z [1m[92m  Downloaded[0m tree-sitter-jsdoc v0.23.2
2026-10-08T06:38:47.4715910Z [1m[92m  Downloaded[0m tree-sitter-json v0.24.8
2026-10-08T06:38:47.4818410Z [1m[92m  Downloaded[0m tree-sitter-regex v0.24.3
2026-10-08T06:38:47.4918520Z [1m[92m  Downloaded[0m try-lock v0.2.5
2026-10-08T06:38:47.4975750Z [1m[92m  Downloaded[0m ttf-parser v0.25.1
2026-10-08T06:38:47.5140480Z [1m[92m  Downloaded[0m tungstenite v0.28.0
2026-10-08T06:38:47.5216520Z [1m[92m  Downloaded[0m typeid v1.0.3
2026-10-08T06:38:47.5242990Z [1m[92m  Downloaded[0m typenum v1.19.0
2026-10-08T06:38:47.5309020Z [1m[92m  Downloaded[0m ucd-trie v0.1.7
2026-10-08T06:38:47.5335090Z [1m[92m  Downloaded[0m unarray v0.1.4
2026-10-08T06:38:47.5359450Z [1m[92m  Downloaded[0m unicase v2.8.1
2026-10-08T06:38:47.5387040Z [1m[92m  Downloaded[0m unicode-bidi-mirroring v0.4.0
2026-10-08T06:38:47.5429810Z [1m[92m  Downloaded[0m unicode-ccc v0.4.0
2026-10-08T06:38:47.5446230Z [1m[92m  Downloaded[0m unicode-general-category v1.1.0
2026-10-08T06:38:47.5475910Z [1m[92m  Downloaded[0m unicode-ident v1.0.24
2026-10-08T06:38:47.5539300Z [1m[92m  Downloaded[0m unicode-linebreak v0.1.5
2026-10-08T06:38:47.5559020Z [1m[92m  Downloaded[0m unicode-properties v0.1.3
2026-10-08T06:38:47.5591030Z [1m[92m  Downloaded[0m unicode-script v0.5.8
2026-10-08T06:38:47.5627010Z [1m[92m  Downloaded[0m unicode-vo v0.1.0
2026-10-08T06:38:47.5664160Z [1m[92m  Downloaded[0m unicode-xid v0.2.6
2026-10-08T06:38:47.5697860Z [1m[92m  Downloaded[0m num-format v0.4.4
2026-10-08T06:38:47.5785420Z [1m[92m  Downloaded[0m num-traits v0.2.19
2026-10-08T06:38:47.5866090Z [1m[92m  Downloaded[0m objc2-core-foundation v0.3.2
2026-10-08T06:38:47.6014790Z [1m[92m  Downloaded[0m objc2-core-graphics v0.3.2
2026-10-08T06:38:47.6134500Z [1m[92m  Downloaded[0m objc2-core-image v0.2.2
2026-10-08T06:38:47.6183970Z [1m[92m  Downloaded[0m objc2-core-media v0.3.2
2026-10-08T06:38:47.6285700Z [1m[92m  Downloaded[0m objc2-core-services v0.3.2
2026-10-08T06:38:47.6394580Z [1m[92m  Downloaded[0m objc2-core-video v0.3.2
2026-10-08T06:38:47.6448000Z [1m[92m  Downloaded[0m cpufeatures v0.2.17
2026-10-08T06:38:47.6482170Z [1m[92m  Downloaded[0m cranelift-assembler-x64 v0.135.1
2026-10-08T06:38:47.6520090Z [1m[92m  Downloaded[0m tree-sitter-python v0.25.0
2026-10-08T06:38:47.6629730Z [1m[92m  Downloaded[0m tree-sitter-rust v0.24.2
2026-10-08T06:38:47.6808140Z [1m[92m  Downloaded[0m unicode-bidi v0.3.18
2026-10-08T06:38:47.6872480Z [1m[92m  Downloaded[0m unicode-normalization v0.1.25
2026-10-08T06:38:47.6939240Z [1m[92m  Downloaded[0m unicode-segmentation v1.13.3
2026-10-08T06:38:47.7001720Z [1m[92m  Downloaded[0m unicode-width v0.1.14
2026-10-08T06:38:47.7085670Z [1m[92m  Downloaded[0m unicode-width v0.2.2
2026-10-08T06:38:47.7175420Z [1m[92m  Downloaded[0m kv-log-macro v1.0.7
2026-10-08T06:38:47.7226580Z [1m[92m  Downloaded[0m lalrpop-util v0.23.1
2026-10-08T06:38:47.7249490Z [1m[92m  Downloaded[0m lazy_static v1.5.0
2026-10-08T06:38:47.7290460Z [1m[92m  Downloaded[0m leak v0.1.2
2026-10-08T06:38:47.7296630Z [1m[92m  Downloaded[0m linkify v0.10.0
2026-10-08T06:38:47.7339960Z [1m[92m  Downloaded[0m linktime-proc-macro v0.2.2
2026-10-08T06:38:47.7437610Z [1m[92m  Downloaded[0m litemap v0.8.0
2026-10-08T06:38:47.7509990Z [1m[92m  Downloaded[0m lmdb-master-sys v0.2.5
2026-10-08T06:38:47.7631930Z [1m[92m  Downloaded[0m lock_api v0.4.14
2026-10-08T06:38:47.7651840Z [1m[92m  Downloaded[0m log v0.4.29
2026-10-08T06:38:47.7749870Z [1m[92m  Downloaded[0m logos v0.16.1
2026-10-08T06:38:47.7787950Z [1m[92m  Downloaded[0m logos-codegen v0.15.1
2026-10-08T06:38:47.7921350Z [1m[92m  Downloaded[0m logos-codegen v0.16.1
2026-10-08T06:38:47.8054420Z [1m[92m  Downloaded[0m objc2 v0.5.2
2026-10-08T06:38:47.8317450Z [1m[92m  Downloaded[0m objc2 v0.6.3
2026-10-08T06:38:47.8700780Z [1m[92m  Downloaded[0m objc2-app-kit v0.2.2
2026-10-08T06:38:47.9178340Z [1m[92m  Downloaded[0m objc2-audio-toolbox v0.3.2
2026-10-08T06:38:47.9300200Z [1m[92m  Downloaded[0m objc2-foundation v0.2.2
2026-10-08T06:38:47.9616880Z [1m[92m  Downloaded[0m objc2-foundation v0.3.2
2026-10-08T06:38:48.0018800Z [1m[92m  Downloaded[0m objc2-io-kit v0.3.2
2026-10-08T06:38:48.0147980Z [1m[92m  Downloaded[0m cpal v0.17.1
2026-10-08T06:38:48.0281160Z [1m[92m  Downloaded[0m cpp_demangle v0.5.1
2026-10-08T06:38:48.0340510Z [1m[92m  Downloaded[0m cranelift-assembler-x64-meta v0.135.1
2026-10-08T06:38:48.0447810Z [1m[92m  Downloaded[0m cranelift-bforest v0.135.1
2026-10-08T06:38:48.0468600Z [1m[92m  Downloaded[0m smallvec v1.16.1
2026-10-08T06:38:48.0529060Z [1m[92m  Downloaded[0m smart-default v0.7.1
2026-10-08T06:38:48.0560090Z [1m[92m  Downloaded[0m smol_str v0.3.6
2026-10-08T06:38:48.0602490Z [1m[92m  Downloaded[0m socket2 v0.6.5
2026-10-08T06:38:48.0654140Z [1m[92m  Downloaded[0m logos v0.15.1
2026-10-08T06:38:48.0821130Z [1m[92m  Downloaded[0m tinyvec v1.10.0
2026-10-08T06:38:48.0866610Z [1m[92m  Downloaded[0m zune-inflate v0.2.54
2026-10-08T06:38:48.0914080Z [1m[92m  Downloaded[0m constant_time_eq v0.1.5
2026-10-08T06:38:48.0938180Z [1m[92m  Downloaded[0m objc2-app-kit v0.3.2
2026-10-08T06:38:48.1508520Z [1m[92m  Downloaded[0m smol v2.0.2
2026-10-08T06:38:48.1583600Z [1m[92m  Downloaded[0m tokio-socks v0.5.2
2026-10-08T06:38:48.1634600Z [1m[92m  Downloaded[0m tokio-stream v0.1.17
2026-10-08T06:38:48.1799480Z [1m[92m  Downloaded[0m tinystr v0.8.4
2026-10-08T06:38:48.1858870Z [1m[92m  Downloaded[0m tinyvec_macros v0.1.1
2026-10-08T06:38:48.1878390Z [1m[92m  Downloaded[0m tokio v1.52.1
2026-10-08T06:38:48.3390300Z [1m[92m  Downloaded[0m tokio-macros v2.7.0
2026-10-08T06:38:48.3410640Z [1m[92m  Downloaded[0m tokio-native-tls v0.3.1
2026-10-08T06:38:48.3445010Z [1m[92m  Downloaded[0m tokio-rustls v0.26.4
2026-10-08T06:38:48.3477690Z [1m[92m  Downloaded[0m unicode_categories v0.1.1
2026-10-08T06:38:48.3508620Z [1m[92m  Downloaded[0m unindent v0.2.4
2026-10-08T06:38:48.3522080Z [1m[92m  Downloaded[0m wasmtime-internal-versioned-export-macros v48.0.1
2026-10-08T06:38:48.3532740Z [1m[92m  Downloaded[0m wasmtime-internal-wit-bindgen v48.0.1
2026-10-08T06:38:48.3554610Z [1m[92m  Downloaded[0m wasmtime-wasi-io v48.0.1
2026-10-08T06:38:48.3575950Z [1m[92m  Downloaded[0m wax v0.7.0
2026-10-08T06:38:48.3643020Z [1m[92m  Downloaded[0m web-time v1.1.0
2026-10-08T06:38:48.3669470Z [1m[92m  Downloaded[0m web_atoms v0.2.6
2026-10-08T06:38:48.3700520Z [1m[92m  Downloaded[0m zip v0.6.6
2026-10-08T06:38:48.3782440Z [1m[92m  Downloaded[0m zmij v1.0.23
2026-10-08T06:38:48.3823390Z [1m[92m  Downloaded[0m zstd v0.11.2+zstd.1.5.2
2026-10-08T06:38:48.3887420Z [1m[92m  Downloaded[0m zstd v0.13.3
2026-10-08T06:38:48.3943890Z [1m[92m  Downloaded[0m zstd-safe v5.0.2+zstd.1.5.2
2026-10-08T06:38:48.3970660Z [1m[92m  Downloaded[0m zstd-safe v7.3.0
2026-10-08T06:38:48.3996500Z [1m[92m  Downloaded[0m zune-core v0.5.1
2026-10-08T06:38:48.4056850Z [1m[92m  Downloaded[0m const_format v0.2.35
2026-10-08T06:38:48.4149770Z [1m[92m  Downloaded[0m const_format_proc_macros v0.2.34
2026-10-08T06:38:48.4189800Z [1m[92m  Downloaded[0m aws-lc-sys v0.42.0
2026-10-08T06:38:48.8779020Z [1m[92m  Downloaded[0m jsonwebtoken v10.3.0
2026-10-08T06:38:48.8871290Z [1m[92m  Downloaded[0m jupyter-websocket-client v1.1.0
2026-10-08T06:38:48.8890310Z [1m[92m  Downloaded[0m termcolor v1.4.1
2026-10-08T06:38:48.8911420Z [1m[92m  Downloaded[0m time-core v0.1.8
2026-10-08T06:38:48.8929030Z [1m[92m  Downloaded[0m tiny_http v0.12.0
2026-10-08T06:38:48.9019970Z [1m[92m  Downloaded[0m wasmtime-wasi v48.0.1
2026-10-08T06:38:48.9254430Z [1m[92m  Downloaded[0m webpki-roots v1.0.8
2026-10-08T06:38:48.9302360Z [1m[92m  Downloaded[0m zstd-sys v2.0.16+zstd.1.5.7
2026-10-08T06:38:48.9620620Z [1m[92m  Downloaded[0m core-foundation-sys v0.8.7
2026-10-08T06:38:48.9707520Z [1m[92m  Downloaded[0m core-graphics v0.24.0
2026-10-08T06:38:48.9764090Z [1m[92m  Downloaded[0m core-graphics-types v0.2.0
2026-10-08T06:38:48.9778740Z [1m[92m  Downloaded[0m core-graphics2 v0.5.2
2026-10-08T06:38:48.9854840Z [1m[92m  Downloaded[0m core-services v1.0.0
2026-10-08T06:38:48.9872240Z [1m[92m  Downloaded[0m core-text v21.0.0
2026-10-08T06:38:48.9910980Z [1m[92m  Downloaded[0m core-video v0.5.2
2026-10-08T06:38:48.9951780Z [1m[92m  Downloaded[0m core2 v0.4.0
2026-10-08T06:38:48.9986620Z [1m[92m  Downloaded[0m core_maths v0.1.1
2026-10-08T06:38:49.0004900Z [1m[92m  Downloaded[0m coreaudio-rs v0.12.1
2026-10-08T06:38:49.0052190Z [1m[92m  Downloaded[0m coreaudio-rs v0.13.0
2026-10-08T06:38:49.0098500Z [1m[92m  Downloaded[0m coreaudio-sys v0.2.18
2026-10-08T06:38:49.0116960Z [1m[92m  Downloaded[0m futures-util v0.3.34
2026-10-08T06:38:49.0449000Z [1m[92m  Downloaded[0m generic-array v0.14.7
2026-10-08T06:38:49.0475540Z [1m[92m  Downloaded[0m getrandom v0.2.16
2026-10-08T06:38:49.0559000Z [1m[92m  Downloaded[0m getrandom v0.3.4
2026-10-08T06:38:49.0644170Z [1m[92m  Downloaded[0m getrandom v0.4.1
2026-10-08T06:38:49.0720530Z [1m[92m  Downloaded[0m heed-traits v0.20.0
2026-10-08T06:38:49.0729210Z [1m[92m  Downloaded[0m heed-types v0.21.0
2026-10-08T06:38:49.0751520Z [1m[92m  Downloaded[0m hex v0.4.3
2026-10-08T06:38:49.0785120Z [1m[92m  Downloaded[0m hmac v0.12.1
2026-10-08T06:38:49.0847890Z [1m[92m  Downloaded[0m home v0.5.11
2026-10-08T06:38:49.0868230Z [1m[92m  Downloaded[0m hound v3.5.1
2026-10-08T06:38:49.0958090Z [1m[92m  Downloaded[0m htmlize v1.1.0
2026-10-08T06:38:49.1017600Z [1m[92m  Downloaded[0m http-body-util v0.1.3
2026-10-08T06:38:49.1051950Z [1m[92m  Downloaded[0m httparse v1.10.1
2026-10-08T06:38:49.1097600Z [1m[92m  Downloaded[0m icu_provider v2.3.0
2026-10-08T06:38:49.1149190Z [1m[92m  Downloaded[0m ident_case v1.0.1
2026-10-08T06:38:49.1164000Z [1m[92m  Downloaded[0m ignore v0.4.24
2026-10-08T06:38:49.1206260Z [1m[92m  Downloaded[0m indenter v0.3.4
2026-10-08T06:38:49.1232900Z [1m[92m  Downloaded[0m jupyter-protocol v1.4.0
2026-10-08T06:38:49.1286840Z [1m[92m  Downloaded[0m kurbo v0.13.1
2026-10-08T06:38:49.1382400Z [1m[92m  Downloaded[0m tagptr v0.2.0
2026-10-08T06:38:49.1423810Z [1m[92m  Downloaded[0m tar v0.4.46
2026-10-08T06:38:49.2168860Z [1m[92m  Downloaded[0m target-lexicon v0.13.5
2026-10-08T06:38:49.2211620Z [1m[92m  Downloaded[0m tempfile v3.27.0
2026-10-08T06:38:49.2263930Z [1m[92m  Downloaded[0m tendril v0.5.1
2026-10-08T06:38:49.2297970Z [1m[92m  Downloaded[0m terminal_size v0.4.3
2026-10-08T06:38:49.2335580Z [1m[92m  Downloaded[0m thiserror v1.0.69
2026-10-08T06:38:49.2457460Z [1m[92m  Downloaded[0m thiserror v2.0.17
2026-10-08T06:38:49.2609980Z [1m[92m  Downloaded[0m thiserror-impl v1.0.69
2026-10-08T06:38:49.2652890Z [1m[92m  Downloaded[0m thiserror-impl v2.0.17
2026-10-08T06:38:49.2679740Z [1m[92m  Downloaded[0m thread_local v1.1.9
2026-10-08T06:38:49.2715590Z [1m[92m  Downloaded[0m tiff v0.11.3
2026-10-08T06:38:49.2800110Z [1m[92m  Downloaded[0m time v0.3.47
2026-10-08T06:38:49.3084890Z [1m[92m  Downloaded[0m time-macros v0.2.27
2026-10-08T06:38:49.3138560Z [1m[92m  Downloaded[0m tiny-keccak v2.0.2
2026-10-08T06:38:49.3188140Z [1m[92m  Downloaded[0m tiny-skia v0.11.4
2026-10-08T06:38:49.3575960Z [1m[92m  Downloaded[0m tiny-skia-path v0.11.4
2026-10-08T06:38:49.3608340Z [1m[92m  Downloaded[0m sval_nested v2.15.0
2026-10-08T06:38:49.3631510Z [1m[92m  Downloaded[0m sval_ref v2.15.0
2026-10-08T06:38:49.3649390Z [1m[92m  Downloaded[0m sval_serde v2.15.0
2026-10-08T06:38:49.3668680Z [1m[92m  Downloaded[0m svg_fmt v0.4.5
2026-10-08T06:38:49.3686130Z [1m[92m  Downloaded[0m svgtypes v0.16.1
2026-10-08T06:38:49.3770040Z [1m[92m  Downloaded[0m symphonia v0.5.5
2026-10-08T06:38:49.3792750Z [1m[92m  Downloaded[0m symphonia-codec-pcm v0.5.5
2026-10-08T06:38:49.3808890Z [1m[92m  Downloaded[0m symphonia-core v0.5.5
2026-10-08T06:38:49.3878120Z [1m[92m  Downloaded[0m symphonia-format-riff v0.5.5
2026-10-08T06:38:49.3913290Z [1m[92m  Downloaded[0m symphonia-metadata v0.5.5
2026-10-08T06:38:49.3940060Z [1m[92m  Downloaded[0m syn v1.0.109
2026-10-08T06:38:49.4175540Z [1m[92m  Downloaded[0m sync_wrapper v1.0.2
2026-10-08T06:38:49.4206200Z [1m[92m  Downloaded[0m synchronoise v1.0.1
2026-10-08T06:38:49.4227720Z [1m[92m  Downloaded[0m synstructure v0.13.2
2026-10-08T06:38:49.4242000Z [1m[92m  Downloaded[0m sys-locale v0.3.2
2026-10-08T06:38:49.4263970Z [1m[92m  Downloaded[0m system-configuration-sys v0.6.0
2026-10-08T06:38:49.4281830Z [1m[92m  Downloaded[0m convert_case v0.11.0
2026-10-08T06:38:49.4323740Z [1m[92m  Downloaded[0m html5ever v0.39.0
2026-10-08T06:38:49.4390820Z [1m[92m  Downloaded[0m http-body v0.4.6
2026-10-08T06:38:49.4423260Z [1m[92m  Downloaded[0m http-body v1.0.1
2026-10-08T06:38:49.4439110Z [1m[92m  Downloaded[0m icu_normalizer_data v2.3.0
2026-10-08T06:38:49.4471960Z [1m[92m  Downloaded[0m icu_properties v2.3.0
2026-10-08T06:38:49.4536710Z [1m[92m  Downloaded[0m icu_properties_data v2.3.0
2026-10-08T06:38:49.4792580Z [1m[92m  Downloaded[0m id-arena v2.3.0
2026-10-08T06:38:49.4819070Z [1m[92m  Downloaded[0m idna_adapter v1.2.1
2026-10-08T06:38:49.4833530Z [1m[92m  Downloaded[0m image v0.25.10
2026-10-08T06:38:49.4993440Z [1m[92m  Downloaded[0m image-webp v0.2.4
2026-10-08T06:38:49.5034750Z [1m[92m  Downloaded[0m imagesize v0.14.0
2026-10-08T06:38:49.5119240Z [1m[92m  Downloaded[0m imgref v1.12.0
2026-10-08T06:38:49.5161810Z [1m[92m  Downloaded[0m include-flate v0.3.4
2026-10-08T06:38:49.5182730Z [1m[92m  Downloaded[0m include-flate-codegen v0.3.4
2026-10-08T06:38:49.5198310Z [1m[92m  Downloaded[0m include-flate-compress v0.3.4
2026-10-08T06:38:49.5209030Z [1m[92m  Downloaded[0m syn v2.0.117
2026-10-08T06:38:49.5416200Z [1m[92m  Downloaded[0m syn v3.0.3
2026-10-08T06:38:49.5630060Z [1m[92m  Downloaded[0m sysinfo v0.39.6
2026-10-08T06:38:49.5908810Z [1m[92m  Downloaded[0m system-configuration v0.8.0
2026-10-08T06:38:49.5931380Z [1m[92m  Downloaded[0m taffy v0.13.0
2026-10-08T06:38:49.6055460Z [1m[92m  Downloaded[0m convert_case v0.10.0
2026-10-08T06:38:49.6088300Z [1m[92m  Downloaded[0m core-foundation v0.10.0
2026-10-08T06:38:49.6137810Z [1m[92m  Downloaded[0m gif v0.14.2
2026-10-08T06:38:49.6175090Z [1m[92m  Downloaded[0m glob v0.3.3
2026-10-08T06:38:49.6210450Z [1m[92m  Downloaded[0m half v2.7.1
2026-10-08T06:38:49.6253800Z [1m[92m  Downloaded[0m http v0.2.12
2026-10-08T06:38:49.6312360Z [1m[92m  Downloaded[0m http v1.3.1
2026-10-08T06:38:49.6388960Z [1m[92m  Downloaded[0m icu_normalizer v2.3.0
2026-10-08T06:38:49.6518380Z [1m[92m  Downloaded[0m idna v1.1.0
2026-10-08T06:38:49.6576650Z [1m[92m  Downloaded[0m imara-diff v0.2.0
2026-10-08T06:38:49.6647610Z [1m[92m  Downloaded[0m ipnet v2.11.0
2026-10-08T06:38:49.6676810Z [1m[92m  Downloaded[0m is-terminal v0.4.16
2026-10-08T06:38:49.6693230Z [1m[92m  Downloaded[0m is_executable v1.0.5
2026-10-08T06:38:49.6714640Z [1m[92m  Downloaded[0m is_terminal_polyfill v1.70.1
2026-10-08T06:38:49.6726300Z [1m[92m  Downloaded[0m itertools v0.14.0
2026-10-08T06:38:49.6860990Z [1m[92m  Downloaded[0m itertools v0.15.0
2026-10-08T06:38:49.6982270Z [1m[92m  Downloaded[0m jobserver v0.1.34
2026-10-08T06:38:49.7018040Z [1m[92m  Downloaded[0m json5 v1.3.1
2026-10-08T06:38:49.7071180Z [1m[92m  Downloaded[0m logos-derive v0.15.1
2026-10-08T06:38:49.7084590Z [1m[92m  Downloaded[0m logos-derive v0.16.1
2026-10-08T06:38:49.7099820Z [1m[92m  Downloaded[0m lru v0.16.4
2026-10-08T06:38:49.7122780Z [1m[92m  Downloaded[0m lru-slab v0.1.2
2026-10-08T06:38:49.7169190Z [1m[92m  Downloaded[0m lyon v1.0.16
2026-10-08T06:38:49.7169490Z [1m[92m  Downloaded[0m globset v0.4.17
2026-10-08T06:38:49.7191350Z [1m[92m  Downloaded[0m h2 v0.4.19
2026-10-08T06:38:49.7310300Z [1m[92m  Downloaded[0m handlebars v4.5.0
2026-10-08T06:38:49.7449960Z [1m[92m  Downloaded[0m hash32 v0.3.1
2026-10-08T06:38:49.7475620Z [1m[92m  Downloaded[0m hashlink v0.8.4
2026-10-08T06:38:49.7504180Z [1m[92m  Downloaded[0m heck v0.4.1
2026-10-08T06:38:49.7527490Z [1m[92m  Downloaded[0m heck v0.5.0
2026-10-08T06:38:49.7548660Z [1m[92m  Downloaded[0m itertools v0.13.0
2026-10-08T06:38:49.7667610Z [1m[92m  Downloaded[0m lol_html v3.0.1
2026-10-08T06:38:49.7817190Z [1m[92m  Downloaded[0m loop9 v0.1.5
2026-10-08T06:38:49.7828050Z [1m[92m  Downloaded[0m lyon_algorithms v1.0.16
2026-10-08T06:38:49.7854490Z [1m[92m  Downloaded[0m lyon_geom v1.0.17
2026-10-08T06:38:49.7881900Z [1m[92m  Downloaded[0m granit-parser v1.0.0
2026-10-08T06:38:49.8014210Z [1m[92m  Downloaded[0m hashbrown v0.12.3
2026-10-08T06:38:49.8082280Z [1m[92m  Downloaded[0m hashbrown v0.14.5
2026-10-08T06:38:49.8156270Z [1m[92m  Downloaded[0m heapless v0.9.2
2026-10-08T06:38:49.8236890Z [1m[92m  Downloaded[0m heed v0.21.0
2026-10-08T06:38:49.8284950Z [1m[92m  Downloaded[0m signature v2.2.0
2026-10-08T06:38:49.8321840Z [1m[92m  Downloaded[0m siphasher v1.0.1
2026-10-08T06:38:49.8341420Z [1m[92m  Downloaded[0m gimli v0.32.3
2026-10-08T06:38:49.8451650Z [1m[92m  Downloaded[0m gimli v0.33.0
2026-10-08T06:38:49.8572670Z [1m[92m  Downloaded[0m goblin v0.9.3
2026-10-08T06:38:49.8674400Z [1m[92m  Downloaded[0m hashbrown v0.15.5
2026-10-08T06:38:49.8766550Z [1m[92m  Downloaded[0m hashbrown v0.16.1
2026-10-08T06:38:49.8851690Z [1m[92m  Downloaded[0m hashbrown v0.17.1
2026-10-08T06:38:49.9016990Z [1m[92m  Downloaded[0m hdrhistogram v7.5.4
2026-10-08T06:38:49.9142750Z [1m[92m  Downloaded[0m indexmap v2.14.0
2026-10-08T06:38:49.9207290Z [1m[92m  Downloaded[0m indoc v2.0.6
2026-10-08T06:38:49.9256010Z [1m[92m  Downloaded[0m inout v0.1.4
2026-10-08T06:38:49.9276530Z [1m[92m  Downloaded[0m inventory v0.3.21
2026-10-08T06:38:49.9315980Z [1m[92m  Downloaded[0m io-lifetimes v3.0.1
2026-10-08T06:38:49.9342490Z [1m[92m  Downloaded[0m io-surface v0.16.1
2026-10-08T06:38:49.9359900Z [1m[92m  Downloaded[0m jiff v0.2.15
2026-10-08T06:38:49.9603420Z [1m[92m  Downloaded[0m jsonschema v0.51.0
2026-10-08T06:38:49.9934100Z [1m[92m  Downloaded[0m serde_path_to_error v0.1.20
2026-10-08T06:38:49.9962180Z [1m[92m  Downloaded[0m serde_spanned v0.6.9
2026-10-08T06:38:49.9976830Z [1m[92m  Downloaded[0m serde_spanned v1.0.3
2026-10-08T06:38:49.9997470Z [1m[92m  Downloaded[0m serde_urlencoded v0.7.1
2026-10-08T06:38:50.0034740Z [1m[92m  Downloaded[0m servo_arc v0.4.3
2026-10-08T06:38:50.0050400Z [1m[92m  Downloaded[0m sha1 v0.10.6
2026-10-08T06:38:50.0078700Z [1m[92m  Downloaded[0m sha2 v0.10.9
2026-10-08T06:38:50.0125520Z [1m[92m  Downloaded[0m shell-words v1.1.0
2026-10-08T06:38:50.0158290Z [1m[92m  Downloaded[0m signal-hook-registry v1.4.6
2026-10-08T06:38:50.0175810Z [1m[92m  Downloaded[0m simd-adler32 v0.3.7
2026-10-08T06:38:50.0206640Z [1m[92m  Downloaded[0m simd_helpers v0.1.0
2026-10-08T06:38:50.0218140Z [1m[92m  Downloaded[0m similar v2.7.0
2026-10-08T06:38:50.0327030Z [1m[92m  Downloaded[0m simple_asn1 v0.6.3
2026-10-08T06:38:50.0376840Z [1m[92m  Downloaded[0m simplecss v0.2.2
2026-10-08T06:38:50.0386630Z [1m[92m  Downloaded[0m slab v0.4.11
2026-10-08T06:38:50.0412200Z [1m[92m  Downloaded[0m slotmap v1.0.7
2026-10-08T06:38:50.0475030Z [1m[92m  Downloaded[0m stacker v0.1.25
2026-10-08T06:38:50.0500790Z [1m[92m  Downloaded[0m stacksafe v1.0.3
2026-10-08T06:38:50.0533440Z [1m[92m  Downloaded[0m stacksafe-macro v1.0.3
2026-10-08T06:38:50.0546950Z [1m[92m  Downloaded[0m indexmap v1.9.3
2026-10-08T06:38:50.0609650Z [1m[92m  Downloaded[0m io-extras v0.19.0
2026-10-08T06:38:50.0671220Z [1m[92m  Downloaded[0m io-lifetimes v2.0.4
2026-10-08T06:38:50.0719210Z [1m[92m  Downloaded[0m ipc-channel v0.19.0
2026-10-08T06:38:50.0797700Z [1m[92m  Downloaded[0m maybe-owned v0.3.4
2026-10-08T06:38:50.0841070Z [1m[92m  Downloaded[0m maybe-rayon v0.1.1
2026-10-08T06:38:50.0858580Z [1m[92m  Downloaded[0m memmap2 v0.9.8
2026-10-08T06:38:50.0888910Z [1m[92m  Downloaded[0m memoffset v0.9.1
2026-10-08T06:38:50.0914340Z [1m[92m  Downloaded[0m serde_core v1.0.229
2026-10-08T06:38:50.0956460Z [1m[92m  Downloaded[0m serde_fmt v1.0.3
2026-10-08T06:38:50.0974870Z [1m[92m  Downloaded[0m sha1_smol v1.0.1
2026-10-08T06:38:50.0994930Z [1m[92m  Downloaded[0m sharded-slab v0.1.7
2026-10-08T06:38:50.1056200Z [1m[92m  Downloaded[0m shellexpand v3.1.1
2026-10-08T06:38:50.1094770Z [1m[92m  Downloaded[0m shlex v1.3.0
2026-10-08T06:38:50.1119910Z [1m[92m  Downloaded[0m shlex v2.0.1
2026-10-08T06:38:50.1150190Z [1m[92m  Downloaded[0m signal-hook v0.4.4
2026-10-08T06:38:50.1195330Z [1m[92m  Downloaded[0m strum v0.28.0
2026-10-08T06:38:50.1207770Z [1m[92m  Downloaded[0m strum_macros v0.28.0
2026-10-08T06:38:50.1256510Z [1m[92m  Downloaded[0m subtle v2.6.1
2026-10-08T06:38:50.1275770Z [1m[92m  Downloaded[0m sval v2.15.0
2026-10-08T06:38:50.1332280Z [1m[92m  Downloaded[0m sval_dynamic v2.15.0
2026-10-08T06:38:50.1350520Z [1m[92m  Downloaded[0m sval_fmt v2.15.0
2026-10-08T06:38:50.1379900Z [1m[92m  Downloaded[0m sval_json v2.15.0
2026-10-08T06:38:50.1404300Z [1m[92m  Downloaded[0m memchr v2.8.3
2026-10-08T06:38:50.1521450Z [1m[92m  Downloaded[0m serde v1.0.229
2026-10-08T06:38:50.1575850Z [1m[92m  Downloaded[0m serde_derive v1.0.229
2026-10-08T06:38:50.1657250Z [1m[92m  Downloaded[0m serde_derive_internals v0.29.1
2026-10-08T06:38:50.1681930Z [1m[92m  Downloaded[0m serde_json_lenient v0.2.4
2026-10-08T06:38:50.1762350Z [1m[92m  Downloaded[0m sval_buffer v2.15.0
2026-10-08T06:38:50.1785950Z [1m[92m  Downloaded[0m merman v0.8.0-alpha.5
2026-10-08T06:38:50.2020370Z [1m[92m  Downloaded[0m serde_json v1.0.151
2026-10-08T06:38:50.2210780Z [1m[92m  Downloaded[0m merman-core v0.8.0-alpha.5
2026-10-08T06:38:50.2616710Z [1m[92m  Downloaded[0m serde_with_macros v3.22.0
2026-10-08T06:38:50.2652370Z [1m[92m  Downloaded[0m serde_yaml_ng v0.10.0
2026-10-08T06:38:50.2740120Z [1m[92m  Downloaded[0m serde_yaml v0.9.34+deprecated
2026-10-08T06:38:50.2802980Z [1m[92m  Downloaded[0m serde_with v3.22.0
2026-10-08T06:38:50.3139620Z [1m[92m  Downloaded[0m strict-num v0.1.1
2026-10-08T06:38:50.3156390Z [1m[92m  Downloaded[0m string_cache v0.9.0
2026-10-08T06:38:50.3212260Z [1m[92m  Downloaded[0m string_cache_codegen v0.6.1
2026-10-08T06:38:50.3214330Z [1m[92m  Downloaded[0m merman-render v0.8.0-alpha.5
2026-10-08T06:38:50.4480790Z [1m[92m  Downloaded[0m static_assertions v1.1.0
2026-10-08T06:38:50.4504020Z [1m[92m  Downloaded[0m streaming-iterator v0.1.9
2026-10-08T06:38:50.4522070Z [1m[92m  Downloaded[0m strsim v0.11.1
2026-10-08T06:38:52.1269750Z [1m[92m   Compiling[0m proc-macro2 v1.0.107
2026-10-08T06:38:52.1272550Z [1m[92m   Compiling[0m quote v1.0.47
2026-10-08T06:38:56.7823640Z [1m[92m   Compiling[0m unicode-ident v1.0.24
2026-10-08T06:38:56.9848940Z [1m[92m   Compiling[0m libc v0.2.186
2026-10-08T06:38:57.4438180Z [1m[92m   Compiling[0m serde_core v1.0.229
2026-10-08T06:38:58.8283980Z [1m[92m   Compiling[0m syn v2.0.117
2026-10-08T06:39:01.0086710Z [1m[92m   Compiling[0m syn v3.0.3
2026-10-08T06:39:35.1762000Z [1m[92m   Compiling[0m serde v1.0.229
2026-10-08T06:39:36.1051030Z [1m[92m   Compiling[0m serde_derive v1.0.229
2026-10-08T06:39:36.9431710Z [1m[92m    Checking[0m cfg-if v1.0.4
2026-10-08T06:39:37.0136680Z [1m[92m   Compiling[0m typeid v1.0.3
2026-10-08T06:39:37.4397960Z [1m[92m   Compiling[0m erased-serde v0.4.9
2026-10-08T06:39:37.7825860Z [1m[92m   Compiling[0m jobserver v0.1.34
2026-10-08T06:39:38.1740600Z [1m[92m    Checking[0m memchr v2.8.3
2026-10-08T06:39:38.4962050Z [1m[92m   Compiling[0m find-msvc-tools v0.1.11
2026-10-08T06:39:38.7495230Z [1m[92m   Compiling[0m shlex v2.0.1
2026-10-08T06:39:38.9374070Z [1m[92m   Compiling[0m cc v1.4.3
2026-10-08T06:39:39.8078060Z [1m[92m    Checking[0m serde_fmt v1.0.3
2026-10-08T06:39:39.8906760Z [1m[92m    Checking[0m value-bag-serde1 v1.12.0
2026-10-08T06:39:39.9394110Z [1m[92m    Checking[0m value-bag v1.12.0
2026-10-08T06:39:40.1621830Z [1m[92m    Checking[0m log v0.4.29
2026-10-08T06:39:40.3796020Z [1m[92m    Checking[0m bitflags v2.13.1
2026-10-08T06:39:40.5149920Z [1m[92m    Checking[0m allocator-api2 v0.2.21
2026-10-08T06:39:40.5892990Z [1m[92m    Checking[0m equivalent v1.0.2
2026-10-08T06:39:40.6317730Z [1m[92m    Checking[0m foldhash v0.2.0
2026-10-08T06:39:40.7323230Z [1m[92m    Checking[0m smallvec v1.16.1
2026-10-08T06:39:40.7527110Z [1m[92m    Checking[0m itoa v1.0.18
2026-10-08T06:39:40.8291610Z [1m[92m   Compiling[0m version_check v0.9.5
2026-10-08T06:39:40.8626950Z [1m[92m    Checking[0m hashbrown v0.17.1
2026-10-08T06:39:41.0694290Z [1m[92m    Checking[0m scopeguard v1.2.0
2026-10-08T06:39:41.1238810Z [1m[92m    Checking[0m lock_api v0.4.14
2026-10-08T06:39:41.6733140Z [1m[92m    Checking[0m pin-project-lite v0.2.16
2026-10-08T06:39:41.7204920Z [1m[92m    Checking[0m indexmap v2.14.0
2026-10-08T06:39:42.2711810Z [1m[92m   Compiling[0m zmij v1.0.23
2026-10-08T06:39:42.5494140Z [1m[92m   Compiling[0m libm v0.2.16
2026-10-08T06:39:42.8449870Z [1m[92m   Compiling[0m autocfg v1.5.0
2026-10-08T06:39:43.0309970Z [1m[92m   Compiling[0m typenum v1.19.0
2026-10-08T06:39:43.3306030Z [1m[92m   Compiling[0m generic-array v0.14.7
2026-10-08T06:39:43.5218800Z [1m[92m   Compiling[0m anyhow v1.0.104
2026-10-08T06:39:43.8997200Z [1m[92m    Checking[0m futures-core v0.3.34
2026-10-08T06:39:44.0154410Z [1m[92m    Checking[0m once_cell v1.21.4
2026-10-08T06:39:44.1727980Z [1m[92m   Compiling[0m futures-macro v0.3.34
2026-10-08T06:39:44.8534210Z [1m[92m   Compiling[0m parking_lot_core v0.9.12
2026-10-08T06:39:44.9260000Z [1m[92m    Checking[0m futures-io v0.3.34
2026-10-08T06:39:45.0014910Z [1m[92m   Compiling[0m serde_json v1.0.151
2026-10-08T06:39:45.2270200Z [1m[92m   Compiling[0m crc32fast v1.5.0
2026-10-08T06:39:45.9010640Z [1m[92m   Compiling[0m synstructure v0.13.2
2026-10-08T06:39:46.1490150Z [1m[92m   Compiling[0m rustix v1.1.4
2026-10-08T06:39:46.5674640Z [1m[92m    Checking[0m subtle v2.6.1
2026-10-08T06:39:46.6032170Z [1m[92m   Compiling[0m pkg-config v0.3.32
2026-10-08T06:39:46.9603230Z [1m[92m    Checking[0m errno v0.3.14
2026-10-08T06:39:47.0171230Z [1m[92m   Compiling[0m zerofrom-derive v0.1.6
2026-10-08T06:39:48.0886840Z [1m[92m    Checking[0m const-oid v0.9.6
2026-10-08T06:39:48.2232910Z [1m[92m   Compiling[0m yoke-derive v0.8.2
2026-10-08T06:39:49.4930490Z [1m[92m    Checking[0m parking_lot v0.12.5
2026-10-08T06:39:49.6826170Z [1m[92m    Checking[0m slab v0.4.11
2026-10-08T06:39:49.8222250Z [1m[92m   Compiling[0m heck v0.5.0
2026-10-08T06:39:50.6029730Z [1m[92m    Checking[0m block-buffer v0.10.4
2026-10-08T06:39:50.6880040Z [1m[92m    Checking[0m crypto-common v0.1.6
2026-10-08T06:39:50.7622670Z [1m[92m   Compiling[0m thiserror v2.0.17
2026-10-08T06:39:50.9043890Z [1m[92m    Checking[0m digest v0.10.7
2026-10-08T06:39:51.0561010Z [1m[92m   Compiling[0m zerovec-derive v0.11.5
2026-10-08T06:39:51.2636030Z [1m[92m   Compiling[0m thiserror-impl v2.0.17
2026-10-08T06:39:52.2784650Z [1m[92m    Checking[0m futures-sink v0.3.34
2026-10-08T06:39:52.3366910Z [1m[92m   Compiling[0m num-traits v0.2.19
2026-10-08T06:39:52.4919370Z [1m[92m    Checking[0m bytes v1.11.1
2026-10-08T06:39:52.8308810Z [1m[92m   Compiling[0m displaydoc v0.2.5
2026-10-08T06:39:53.3767060Z [1m[92m    Checking[0m cpufeatures v0.2.17
2026-10-08T06:39:53.4256400Z [1m[92m   Compiling[0m crossbeam-utils v0.8.21
2026-10-08T06:39:53.4918240Z [1m[92m    Checking[0m signal-hook-registry v1.4.6
2026-10-08T06:39:53.5911300Z [1m[92m    Checking[0m regex-syntax v0.8.11
2026-10-08T06:39:54.0331550Z [1m[92m    Checking[0m fnv v1.0.7
2026-10-08T06:39:54.0841380Z [1m[92m    Checking[0m futures-channel v0.3.34
2026-10-08T06:39:54.2551370Z [1m[92m    Checking[0m aho-corasick v1.1.3
2026-10-08T06:39:54.8073600Z [1m[92m    Checking[0m futures-task v0.3.34
2026-10-08T06:39:54.8971490Z [1m[92m    Checking[0m futures-util v0.3.34
2026-10-08T06:39:54.9119830Z [1m[92m    Checking[0m regex-automata v0.4.18
2026-10-08T06:39:56.7804690Z [1m[92m    Checking[0m sha2 v0.10.9
2026-10-08T06:39:56.9770550Z [1m[92m   Compiling[0m icu_properties_data v2.3.0
2026-10-08T06:39:57.3520680Z [1m[92m   Compiling[0m icu_normalizer_data v2.3.0
2026-10-08T06:39:57.6399450Z [1m[92m    Checking[0m either v1.15.0
2026-10-08T06:39:57.7781780Z [1m[92m   Compiling[0m getrandom v0.3.4
2026-10-08T06:39:59.4775340Z [1m[92m    Checking[0m stable_deref_trait v1.2.1
2026-10-08T06:39:59.5918390Z [1m[92m    Checking[0m regex v1.12.3
2026-10-08T06:39:59.8469850Z [1m[92m   Compiling[0m zstd-sys v2.0.16+zstd.1.5.7
2026-10-08T06:40:03.5208920Z [1m[92m    Checking[0m zerofrom v0.1.6
2026-10-08T06:40:03.6002660Z [1m[92m    Checking[0m fastrand v2.3.0
2026-10-08T06:40:03.7803930Z [1m[92m    Checking[0m percent-encoding v2.3.2
2026-10-08T06:40:03.9114330Z [1m[92m    Checking[0m yoke v0.8.3
2026-10-08T06:40:04.2828410Z [1m[92m    Checking[0m zerovec v0.11.8
2026-10-08T06:40:06.5327670Z [1m[92m    Checking[0m http v1.3.1
2026-10-08T06:40:07.2647010Z [1m[92m    Checking[0m core-foundation-sys v0.8.7
2026-10-08T06:40:07.4253440Z [1m[92m    Checking[0m tinystr v0.8.4
2026-10-08T06:40:07.5626300Z [1m[92m    Checking[0m litemap v0.8.0
2026-10-08T06:40:07.7103330Z [1m[92m    Checking[0m writeable v0.6.4
2026-10-08T06:40:07.8636070Z [1m[92m    Checking[0m icu_locale_core v2.3.0
2026-10-08T06:40:08.5316830Z [1m[92m    Checking[0m potential_utf v0.1.3
2026-10-08T06:40:08.6031380Z [1m[92m    Checking[0m zerotrie v0.2.5
2026-10-08T06:40:09.2361210Z [1m[92m   Compiling[0m zerocopy v0.8.27
2026-10-08T06:40:09.6649120Z [1m[92m    Checking[0m rustc-hash v2.1.1
2026-10-08T06:40:09.7704910Z [1m[92m    Checking[0m icu_provider v2.3.0
2026-10-08T06:40:10.1633610Z [1m[92m    Checking[0m form_urlencoded v1.2.2
2026-10-08T06:40:10.4158840Z [1m[92m    Checking[0m tracing-core v0.1.35
2026-10-08T06:40:10.7193310Z [1m[92m   Compiling[0m zerocopy-derive v0.8.27
2026-10-08T06:40:12.1611650Z [1m[92m    Checking[0m ryu v1.0.23
2026-10-08T06:40:12.5256440Z [1m[92m    Checking[0m utf8_iter v1.0.4
2026-10-08T06:40:12.6625910Z [1m[92m    Checking[0m icu_collections v2.3.0
2026-10-08T06:40:14.5876160Z [1m[92m    Checking[0m hashbrown v0.16.1
2026-10-08T06:40:15.2254020Z [1m[92m    Checking[0m parking v2.2.1
2026-10-08T06:40:15.6897510Z [1m[92m    Checking[0m spin v0.9.8
2026-10-08T06:40:15.8757710Z [1m[92m   Compiling[0m tracing-attributes v0.1.31
2026-10-08T06:40:16.5570740Z [1m[92m    Checking[0m write16 v1.0.0
2026-10-08T06:40:16.6186170Z [1m[92m    Checking[0m atomic-waker v1.1.2
2026-10-08T06:40:16.7400180Z [1m[92m    Checking[0m utf16_iter v1.0.5
2026-10-08T06:40:16.8138370Z [1m[92m    Checking[0m icu_normalizer v2.3.0
2026-10-08T06:40:17.1664700Z [1m[92m    Checking[0m icu_properties v2.3.0
2026-10-08T06:40:17.3530360Z [1m[92m    Checking[0m tracing v0.1.43
2026-10-08T06:40:17.7871440Z [1m[92m   Compiling[0m async-io v2.6.0
2026-10-08T06:40:18.0334510Z [1m[92m    Checking[0m lazy_static v1.5.0
2026-10-08T06:40:18.0807000Z [1m[92m    Checking[0m concurrent-queue v2.5.0
2026-10-08T06:40:18.0821070Z [1m[92m    Checking[0m idna_adapter v1.2.1
2026-10-08T06:40:18.1745210Z [1m[92m   Compiling[0m ref-cast v1.0.25
2026-10-08T06:40:18.2400380Z [1m[92m    Checking[0m simd-adler32 v0.3.7
2026-10-08T06:40:18.3284040Z [1m[92m    Checking[0m idna v1.1.0
2026-10-08T06:40:18.5484270Z [1m[92m    Checking[0m http-body v1.0.1
2026-10-08T06:40:18.6333010Z [1m[92m   Compiling[0m ref-cast-impl v1.0.25
2026-10-08T06:40:18.7444430Z [1m[92m    Checking[0m adler2 v2.0.1
2026-10-08T06:40:18.8036160Z [1m[92m    Checking[0m miniz_oxide v0.8.9
2026-10-08T06:40:19.1815760Z [1m[92m    Checking[0m url v2.5.7
2026-10-08T06:40:19.2283450Z [1m[92m    Checking[0m futures-lite v2.6.1
2026-10-08T06:40:19.6198650Z [1m[92m    Checking[0m futures-executor v0.3.34
2026-10-08T06:40:19.8496810Z [1m[92m    Checking[0m futures v0.3.34
2026-10-08T06:40:19.8896620Z [1m[92m   Compiling[0m zstd-safe v7.3.0
2026-10-08T06:40:19.9209750Z [1m[92m    Checking[0m event-listener v5.4.1
2026-10-08T06:40:20.0982360Z [1m[92m   Compiling[0m serde_derive_internals v0.29.1
2026-10-08T06:40:20.1054840Z [1m[92m    Checking[0m event-listener-strategy v0.5.4
2026-10-08T06:40:20.2220200Z [1m[92m    Checking[0m polling v3.11.0
2026-10-08T06:40:20.3280990Z [1m[92m    Checking[0m async-task v4.7.1 (https://github.com/smol-rs/async-task.git?rev=b4486cd71e4e94fbda54ce6302444de14f4d190e#b4486cd7)
2026-10-08T06:40:20.6371700Z [1m[92m    Checking[0m flate2 v1.1.8
2026-10-08T06:40:20.9130060Z [1m[92m   Compiling[0m schemars_derive v1.0.4
2026-10-08T06:40:21.5992870Z [1m[92m    Checking[0m pin-utils v0.1.0
2026-10-08T06:40:22.4583970Z [1m[92m   Compiling[0m no_std_io2 v0.9.4
2026-10-08T06:40:22.4999420Z [1m[92m   Compiling[0m rle-decode-fast v1.0.3
2026-10-08T06:40:22.5482800Z [1m[92m   Compiling[0m libflate_lz77 v2.3.0
2026-10-08T06:40:22.9568130Z [1m[92m    Checking[0m async-channel v2.5.0
2026-10-08T06:40:23.2675870Z [1m[92m    Checking[0m piper v0.2.4
2026-10-08T06:40:23.3492940Z [1m[92m   Compiling[0m pin-project-internal v1.1.10
2026-10-08T06:40:24.7068120Z [1m[92m   Compiling[0m adler32 v1.2.0
2026-10-08T06:40:24.7933280Z [1m[92m    Checking[0m sha1_smol v1.0.1
2026-10-08T06:40:24.8959520Z [1m[92m   Compiling[0m dary_heap v0.3.9
2026-10-08T06:40:25.0241290Z [1m[92m   Compiling[0m libflate v2.3.1
2026-10-08T06:40:25.8289530Z [1m[92m    Checking[0m uuid v1.18.1
2026-10-08T06:40:26.1080320Z [1m[92m    Checking[0m blocking v1.6.2
2026-10-08T06:40:26.2253420Z [1m[92m   Compiling[0m zstd v0.13.3
2026-10-08T06:40:26.4478770Z [1m[92m    Checking[0m async-lock v3.4.2
2026-10-08T06:40:26.7090520Z [1m[92m   Compiling[0m proc-macro-error-attr3 v3.1.1
2026-10-08T06:40:26.7474520Z [1m[92m    Checking[0m dyn-clone v1.0.20
2026-10-08T06:40:26.7932920Z [1m[92m    Checking[0m schemars v1.0.4
2026-10-08T06:40:27.0018180Z [1m[92m   Compiling[0m proc-macro-error3 v3.1.1
2026-10-08T06:40:27.2508820Z [1m[92m   Compiling[0m include-flate-compress v0.3.4
2026-10-08T06:40:27.2752550Z [1m[92m    Checking[0m itertools v0.14.0
2026-10-08T06:40:27.3262920Z [1m[92m   Compiling[0m bstr v1.12.1
2026-10-08T06:40:27.8117490Z [1m[92m    Checking[0m rand_core v0.10.1
2026-10-08T06:40:27.8942640Z [1m[92m   Compiling[0m getrandom v0.4.1
2026-10-08T06:40:28.1293550Z [1m[92m   Compiling[0m cfg_aliases v0.2.1
2026-10-08T06:40:28.1672640Z [1m[92m   Compiling[0m same-file v1.0.6
2026-10-08T06:40:28.2978620Z [1m[92m   Compiling[0m walkdir v2.5.0
2026-10-08T06:40:28.4237420Z [1m[92m   Compiling[0m nix v0.30.1
2026-10-08T06:40:28.5903030Z [1m[92m   Compiling[0m globset v0.4.17
2026-10-08T06:40:28.7787900Z [1m[92m   Compiling[0m include-flate-codegen v0.3.4
2026-10-08T06:40:29.4512310Z [1m[92m    Checking[0m crossbeam-epoch v0.9.18
2026-10-08T06:40:29.6600720Z [1m[92m   Compiling[0m rust-embed-utils v8.11.0
2026-10-08T06:40:29.8324760Z [1m[92m    Checking[0m async-executor v1.13.3
2026-10-08T06:40:29.8995430Z [1m[92m   Compiling[0m rust-embed-impl v8.11.0
2026-10-08T06:40:30.0066000Z [1m[92m    Checking[0m crossbeam-deque v0.8.6
2026-10-08T06:40:30.2252850Z [1m[92m    Checking[0m objc2-encode v4.1.0
2026-10-08T06:40:30.4105250Z [1m[92m   Compiling[0m serde_json_lenient v0.2.4
2026-10-08T06:40:30.6178760Z [1m[92m    Checking[0m option-ext v0.2.0
2026-10-08T06:40:30.6770590Z [1m[92m    Checking[0m dirs-sys v0.5.0
2026-10-08T06:40:30.7639150Z [1m[92m    Checking[0m pin-project v1.1.10
2026-10-08T06:40:30.8173600Z [1m[92m    Checking[0m async-signal v0.2.13
2026-10-08T06:40:30.8595120Z [1m[92m    Checking[0m gpui_util v0.1.0 (/Users/runner/work/koda/koda/crates/gpui_util)
2026-10-08T06:40:31.1701460Z [1m[92m    Checking[0m arrayvec v0.7.6
2026-10-08T06:40:31.2762630Z [1m[92m   Compiling[0m unicode-xid v0.2.6
2026-10-08T06:40:31.3155700Z [1m[92m   Compiling[0m unicode-segmentation v1.13.3
2026-10-08T06:40:31.3618930Z [1m[92m    Checking[0m unicase v2.8.1
2026-10-08T06:40:31.9380370Z [1m[92m    Checking[0m collections v0.1.0 (/Users/runner/work/koda/koda/crates/collections)
2026-10-08T06:40:31.9585590Z [1m[92m    Checking[0m async-process v2.5.0 (https://github.com/zed-industries/async-process.git?rev=0b6d6713570af61806e1e5cb40e0f757cb93fd9d#0b6d6713)
2026-10-08T06:40:32.1142120Z [1m[92m    Checking[0m dirs v6.0.0
2026-10-08T06:40:32.1507470Z [1m[92m    Checking[0m tempfile v3.27.0
2026-10-08T06:40:32.1712660Z [1m[92m    Checking[0m core-foundation v0.10.0
2026-10-08T06:40:32.3071510Z [1m[92m    Checking[0m libbz2-rs-sys v0.2.2
2026-10-08T06:40:32.3915570Z [1m[92m   Compiling[0m rayon-core v1.13.0
2026-10-08T06:40:32.6517110Z [1m[92m    Checking[0m async-fs v2.2.0
2026-10-08T06:40:32.6600890Z [1m[92m    Checking[0m bzip2 v0.6.1
2026-10-08T06:40:32.7711900Z [1m[92m    Checking[0m async-net v2.0.0
2026-10-08T06:40:32.9395340Z [1m[92m   Compiling[0m objc2 v0.6.3
2026-10-08T06:40:33.1003460Z [1m[92m   Compiling[0m prettyplease v0.2.37
2026-10-08T06:40:33.1481830Z [1m[92m    Checking[0m deflate64 v0.1.10
2026-10-08T06:40:33.2710090Z [1m[92m    Checking[0m compression-core v0.4.29
2026-10-08T06:40:33.2866550Z [1m[92m    Checking[0m dunce v1.0.5
2026-10-08T06:40:33.3275870Z [1m[92m    Checking[0m path v0.1.0 (/Users/runner/work/koda/koda/crates/path)
2026-10-08T06:40:33.3414740Z [1m[92m    Checking[0m compression-codecs v0.4.31
2026-10-08T06:40:33.4645890Z [1m[92m    Checking[0m smol v2.0.2
2026-10-08T06:40:33.4928810Z [1m[92m    Checking[0m include-flate v0.3.4
2026-10-08T06:40:33.6167690Z [1m[92m   Compiling[0m strum_macros v0.28.0
2026-10-08T06:40:33.7671230Z [1m[92m    Checking[0m mach2 v0.5.0
2026-10-08T06:40:34.0367390Z [1m[92m    Checking[0m base64 v0.22.1
2026-10-08T06:40:34.2237130Z [1m[92m    Checking[0m rust-embed v8.11.0
2026-10-08T06:40:35.3096710Z [1m[92m    Checking[0m async-compression v0.4.32
2026-10-08T06:40:35.5972270Z [1m[92m   Compiling[0m convert_case v0.10.0
2026-10-08T06:40:35.8407690Z [1m[92m    Checking[0m which v8.0.5
2026-10-08T06:40:35.9554090Z [1m[92m   Compiling[0m derive_more-impl v2.1.1
2026-10-08T06:40:36.2163170Z [1m[92m    Checking[0m command-fds v0.3.2
2026-10-08T06:40:36.2759350Z [1m[92m    Checking[0m async_zip v0.0.18
2026-10-08T06:40:36.7689510Z [1m[92m    Checking[0m rayon v1.11.0
2026-10-08T06:40:39.6323180Z [1m[92m    Checking[0m siphasher v1.0.1
2026-10-08T06:40:39.7260070Z [1m[92m    Checking[0m shlex v1.3.0
2026-10-08T06:40:39.7538670Z [1m[92m    Checking[0m derive_more v2.1.1
2026-10-08T06:40:39.8348120Z [1m[92m    Checking[0m util v0.1.0 (/Users/runner/work/koda/koda/crates/util)
2026-10-08T06:40:39.8350790Z [1m[92m    Checking[0m block2 v0.6.2
2026-10-08T06:40:39.9807850Z [1m[92m    Checking[0m ppv-lite86 v0.2.21
2026-10-08T06:40:40.1193540Z [1m[92m    Checking[0m iana-time-zone v0.1.64
2026-10-08T06:40:40.2115140Z [1m[92m   Compiling[0m thiserror v1.0.69
2026-10-08T06:40:40.5139660Z [1m[92m   Compiling[0m syn v1.0.109
2026-10-08T06:40:40.5689390Z [1m[92m    Checking[0m chrono v0.4.42
2026-10-08T06:40:40.9995180Z [1m[92m    Checking[0m dispatch2 v0.3.1
2026-10-08T06:40:41.2172000Z [1m[92m    Checking[0m strum v0.28.0
2026-10-08T06:40:41.2989500Z [1m[92m   Compiling[0m thiserror-impl v1.0.69
2026-10-08T06:40:41.2995950Z [1m[92m    Checking[0m objc2-core-foundation v0.3.2
2026-10-08T06:40:42.6141950Z [1m[92m    Checking[0m event-listener v2.5.3
2026-10-08T06:40:42.6691470Z [1m[92m    Checking[0m async-channel v1.9.0
2026-10-08T06:40:42.7390200Z [1m[92m    Checking[0m async-global-executor v2.4.1
2026-10-08T06:40:42.8213410Z [1m[92m    Checking[0m serde_urlencoded v0.7.1
2026-10-08T06:40:42.9372870Z [1m[92m    Checking[0m kv-log-macro v1.0.7
2026-10-08T06:40:42.9734300Z [1m[92m   Compiling[0m glob v0.3.3
2026-10-08T06:40:43.1948470Z [1m[92m    Checking[0m xattr v1.6.1
2026-10-08T06:40:43.2568540Z [1m[92m    Checking[0m filetime v0.2.29
2026-10-08T06:40:43.3148040Z [1m[92m    Checking[0m rustc-demangle v0.1.26
2026-10-08T06:40:43.4417440Z [1m[92m    Checking[0m rand_core v0.9.3
2026-10-08T06:40:43.5174080Z [1m[92m    Checking[0m bytemuck v1.24.0
2026-10-08T06:40:43.6465880Z [1m[92m   Compiling[0m semver v1.0.28
2026-10-08T06:40:43.8799610Z [1m[92m    Checking[0m rand_chacha v0.9.0
2026-10-08T06:40:44.0258020Z [1m[92m    Checking[0m bitflags v1.3.2
2026-10-08T06:40:44.1190560Z [1m[92m    Checking[0m rand v0.9.4
2026-10-08T06:40:44.4783270Z [1m[92m    Checking[0m byteorder v1.5.0
2026-10-08T06:40:44.6053470Z [1m[92m   Compiling[0m minimal-lexical v0.2.1
2026-10-08T06:40:44.7949520Z [1m[92m    Checking[0m smol_str v0.3.6
2026-10-08T06:40:44.8980270Z [1m[92m    Checking[0m gpui_shared_string v0.1.0 (/Users/runner/work/koda/koda/crates/gpui_shared_string)
2026-10-08T06:40:44.9596840Z [1m[92m   Compiling[0m nom v7.1.3
2026-10-08T06:40:46.2638960Z [1m[92m   Compiling[0m clang-sys v1.8.1
2026-10-08T06:40:46.5641480Z [1m[92m    Checking[0m euclid v0.22.14
2026-10-08T06:40:47.1995880Z [1m[92m   Compiling[0m libloading v0.8.9
2026-10-08T06:40:47.3503920Z [1m[92m    Checking[0m thread_local v1.1.9
2026-10-08T06:40:47.4604270Z [1m[92m   Compiling[0m object v0.37.3
2026-10-08T06:40:47.6935260Z [1m[92m    Checking[0m nu-ansi-term v0.50.3
2026-10-08T06:40:47.8330610Z [1m[92m    Checking[0m zeroize v1.8.2
2026-10-08T06:40:47.9218070Z [1m[92m   Compiling[0m bindgen v0.72.1
2026-10-08T06:40:51.6989490Z [1m[92m   Compiling[0m cexpr v0.6.0
2026-10-08T06:40:52.3733760Z [1m[92m    Checking[0m core-graphics-types v0.2.0
2026-10-08T06:40:52.4483220Z [1m[92m    Checking[0m polycool v0.4.0
2026-10-08T06:40:52.6108050Z [1m[92m   Compiling[0m itertools v0.13.0
2026-10-08T06:40:53.6601930Z [1m[92m    Checking[0m sharded-slab v0.1.7
2026-10-08T06:40:54.0690710Z [1m[92m    Checking[0m tracing-serde v0.2.0
2026-10-08T06:40:54.1679580Z [1m[92m    Checking[0m tracing-log v0.2.0
2026-10-08T06:40:54.2405610Z [1m[92m    Checking[0m matchers v0.2.0
2026-10-08T06:40:54.3053840Z [1m[92m   Compiling[0m foreign-types-macros v0.2.3
2026-10-08T06:40:54.8279270Z [1m[92m    Checking[0m foreign-types-shared v0.3.1
2026-10-08T06:40:54.8725100Z [1m[92m    Checking[0m foreign-types v0.5.0
2026-10-08T06:40:54.9140980Z [1m[92m    Checking[0m tracing-subscriber v0.3.22
2026-10-08T06:41:02.3828270Z [1m[92m    Checking[0m kurbo v0.13.1
2026-10-08T06:41:06.8812790Z [1m[92m    Checking[0m half v2.7.1
2026-10-08T06:41:07.5294460Z [1m[92m    Checking[0m crossbeam-queue v0.3.12
2026-10-08T06:41:07.6859180Z [1m[92m   Compiling[0m slotmap v1.0.7
2026-10-08T06:41:07.9757890Z [1m[92m   Compiling[0m heapless v0.9.2
2026-10-08T06:41:08.3583360Z [1m[92m   Compiling[0m ztracing v0.1.0 (/Users/runner/work/koda/koda/crates/ztracing)
2026-10-08T06:41:08.8926640Z [1m[92m   Compiling[0m ar_archive_writer v0.5.1
2026-10-08T06:41:09.7740600Z [1m[92m    Checking[0m svgtypes v0.16.1
2026-10-08T06:41:10.1187970Z [1m[92m    Checking[0m hash32 v0.3.1
2026-10-08T06:41:10.2004870Z [1m[92m   Compiling[0m async-attributes v1.1.2
2026-10-08T06:41:10.2398530Z [1m[92m    Checking[0m zlog v0.1.0 (/Users/runner/work/koda/koda/crates/zlog)
2026-10-08T06:41:10.5145230Z [1m[92m    Checking[0m fdeflate v0.3.7
2026-10-08T06:41:10.7809630Z [1m[92m    Checking[0m async-std v1.13.2
2026-10-08T06:41:10.8004780Z [1m[92m    Checking[0m core_maths v0.1.1
2026-10-08T06:41:10.9005820Z [1m[92m    Checking[0m malloc_buf v0.0.6
2026-10-08T06:41:10.9860650Z [1m[92m    Checking[0m memmap2 v0.9.8
2026-10-08T06:41:11.1516390Z [1m[92m    Checking[0m float-cmp v0.9.0
2026-10-08T06:41:11.2517610Z [1m[92m    Checking[0m tinyvec_macros v0.1.1
2026-10-08T06:41:11.3077630Z [1m[92m    Checking[0m block v0.1.6
2026-10-08T06:41:11.4156030Z [1m[92m   Compiling[0m ztracing_macro v0.1.0 (/Users/runner/work/koda/koda/crates/ztracing_macro)
2026-10-08T06:41:11.7555130Z [1m[92m    Checking[0m tinyvec v1.10.0
2026-10-08T06:41:12.1036440Z [1m[92m    Checking[0m strict-num v0.1.1
2026-10-08T06:41:12.2285280Z [1m[92m    Checking[0m objc v0.2.7
2026-10-08T06:41:12.3244450Z [1m[92m    Checking[0m async-tar v0.6.1 (https://github.com/zed-industries/async-tar?rev=bd3ad6f89df9a9da7a8535958756d6bf465936a0#bd3ad6f8)
2026-10-08T06:41:12.4210630Z [1m[92m    Checking[0m ttf-parser v0.25.1
2026-10-08T06:41:12.9311950Z [1m[92m    Checking[0m http_client v0.1.0 (/Users/runner/work/koda/koda/crates/http_client)
2026-10-08T06:41:13.8661500Z [1m[92m   Compiling[0m psm v0.1.30
2026-10-08T06:41:14.3396530Z [1m[92m    Checking[0m lyon_geom v1.0.17
2026-10-08T06:41:14.6684400Z [1m[92m    Checking[0m roxmltree v0.21.1
2026-10-08T06:41:14.7330350Z [1m[92m   Compiling[0m paste v1.0.15
2026-10-08T06:41:15.0180150Z [1m[92m    Checking[0m web-time v1.1.0
2026-10-08T06:41:15.0584640Z [1m[92m    Checking[0m data-url v0.3.2
2026-10-08T06:41:15.1959210Z [1m[92m    Checking[0m arrayref v0.3.9
2026-10-08T06:41:15.2408170Z [1m[92m    Checking[0m zune-core v0.5.1
2026-10-08T06:41:15.3716530Z [1m[92m    Checking[0m weezl v0.1.10
2026-10-08T06:41:15.4277800Z [1m[92m    Checking[0m waker-fn v1.2.0
2026-10-08T06:41:15.4851230Z [1m[92m    Checking[0m quick-error v2.0.1
2026-10-08T06:41:15.5517790Z [1m[92m    Checking[0m zune-jpeg v0.5.15
2026-10-08T06:41:15.6503030Z [1m[92m    Checking[0m tiny-skia-path v0.11.4
2026-10-08T06:41:16.1081990Z [1m[92m    Checking[0m lyon_path v1.0.16
2026-10-08T06:41:16.6003330Z [1m[92m    Checking[0m sum_tree v0.1.0 (/Users/runner/work/koda/koda/crates/sum_tree)
2026-10-08T06:41:16.6009750Z [1m[92m   Compiling[0m stacker v0.1.25
2026-10-08T06:41:16.9027500Z [1m[92m   Compiling[0m enumn v0.1.14
2026-10-08T06:41:17.1177230Z [1m[92m   Compiling[0m fax_derive v0.2.0
2026-10-08T06:41:17.4984430Z [1m[92m    Checking[0m gimli v0.32.3
2026-10-08T06:41:17.8944460Z [1m[92m    Checking[0m unicode-properties v0.1.3
2026-10-08T06:41:18.0362290Z [1m[92m    Checking[0m unicode-script v0.5.8
2026-10-08T06:41:18.2909920Z [1m[92m   Compiling[0m tree-sitter-language v0.1.8 (https://github.com/tree-sitter/tree-sitter?rev=43623ec9bf0eaaf7113285c46e8a09018f181b18#43623ec9)
2026-10-08T06:41:18.5803500Z [1m[92m    Checking[0m color_quant v1.1.0
2026-10-08T06:41:18.6823930Z [1m[92m    Checking[0m unicode-bidi-mirroring v0.4.0
2026-10-08T06:41:18.7453010Z [1m[92m    Checking[0m leak v0.1.2
2026-10-08T06:41:18.7867340Z [1m[92m    Checking[0m byteorder-lite v0.1.0
2026-10-08T06:41:19.0300920Z [1m[92m    Checking[0m unicode-ccc v0.4.0
2026-10-08T06:41:19.0964150Z [1m[92m    Checking[0m rustybuzz v0.20.1
2026-10-08T06:41:19.7992000Z [1m[92m    Checking[0m addr2line v0.25.1
2026-10-08T06:41:20.1072470Z [1m[92m    Checking[0m image-webp v0.2.4
2026-10-08T06:41:21.1197630Z [1m[92m    Checking[0m leaky-cow v0.1.1
2026-10-08T06:41:21.1492640Z [1m[92m    Checking[0m gif v0.14.2
2026-10-08T06:41:21.2334810Z [1m[92m    Checking[0m fax v0.2.6
2026-10-08T06:41:21.4769640Z [1m[92m    Checking[0m accesskit v0.24.1
2026-10-08T06:41:22.1490600Z [1m[92m    Checking[0m fontdb v0.23.0
2026-10-08T06:41:22.3614240Z [1m[92m    Checking[0m png v0.17.16
2026-10-08T06:41:22.9720020Z [1m[92m    Checking[0m objc2-core-video v0.3.2
2026-10-08T06:41:23.1707620Z [1m[92m    Checking[0m zune-inflate v0.2.54
2026-10-08T06:41:23.3356070Z [1m[92m    Checking[0m pxfm v0.1.25
2026-10-08T06:41:24.8455440Z [1m[92m    Checking[0m simplecss v0.2.2
2026-10-08T06:41:25.0491590Z [1m[92m    Checking[0m cgl v0.3.2
2026-10-08T06:41:25.1108950Z [1m[92m    Checking[0m unicode-bidi v0.3.18
2026-10-08T06:41:25.4855420Z [1m[92m    Checking[0m lebe v0.5.3
2026-10-08T06:41:25.5246780Z [1m[92m    Checking[0m unicode-vo v0.1.0
2026-10-08T06:41:25.6265050Z [1m[92m    Checking[0m static_assertions v1.1.0
2026-10-08T06:41:25.6367260Z [1m[92m    Checking[0m pico-args v0.5.0
2026-10-08T06:41:25.7333850Z [1m[92m    Checking[0m float_next_after v1.0.0
2026-10-08T06:41:25.7559610Z [1m[92m    Checking[0m atomic v0.5.3
2026-10-08T06:41:25.7751460Z [1m[92m    Checking[0m xmlwriter v0.1.0
2026-10-08T06:41:25.8793700Z [1m[92m    Checking[0m bit_field v0.10.3
2026-10-08T06:41:25.8859520Z [1m[92m    Checking[0m fixedbitset v0.5.7
2026-10-08T06:41:25.9635410Z [1m[92m    Checking[0m pollster v0.2.5
2026-10-08T06:41:26.0163990Z [1m[92m    Checking[0m imagesize v0.14.0
2026-10-08T06:41:26.0351960Z [1m[92m    Checking[0m futures-concurrency v7.7.1
2026-10-08T06:41:26.2464130Z [1m[92m    Checking[0m usvg v0.46.0
2026-10-08T06:41:27.2972140Z [1m[92m    Checking[0m postage v0.5.0
2026-10-08T06:41:27.7545510Z [1m[92m    Checking[0m exr v1.74.0
2026-10-08T06:41:29.7303730Z [1m[92m    Checking[0m lyon_tessellation v1.0.16
2026-10-08T06:41:29.9556270Z [1m[92m    Checking[0m moxcms v0.8.1
2026-10-08T06:41:30.3451850Z [1m[92m    Checking[0m io-surface v0.16.1
2026-10-08T06:41:30.4198570Z [1m[92m    Checking[0m backtrace v0.3.76
2026-10-08T06:41:30.6681740Z [1m[92m    Checking[0m tiny-skia v0.11.4
2026-10-08T06:41:31.5802300Z [1m[92m    Checking[0m metal v0.33.0
2026-10-08T06:41:32.8855660Z [1m[92m    Checking[0m tiff v0.11.3
2026-10-08T06:41:33.6805180Z [1m[92m    Checking[0m lyon_algorithms v1.0.16
2026-10-08T06:41:33.9038100Z [1m[92m    Checking[0m core-graphics2 v0.5.2
2026-10-08T06:41:34.3396200Z [1m[92m    Checking[0m png v0.18.0
2026-10-08T06:41:34.4436160Z [1m[92m   Compiling[0m perf v0.1.0 (/Users/runner/work/koda/koda/tooling/perf)
2026-10-08T06:41:34.8656100Z [1m[92m   Compiling[0m gpui v0.2.2 (/Users/runner/work/koda/koda/crates/gpui)
2026-10-08T06:41:34.9366920Z [1m[92m    Checking[0m qoi v0.4.1
2026-10-08T06:41:35.0849050Z [1m[92m    Checking[0m rgb v0.8.52
2026-10-08T06:41:35.0856190Z [1m[92m    Checking[0m flume v0.12.0
2026-10-08T06:41:35.2454220Z [1m[92m   Compiling[0m stacksafe-macro v1.0.3
2026-10-08T06:41:35.2856240Z [1m[92m   Compiling[0m derive_refineable v0.1.0 (/Users/runner/work/koda/koda/crates/refineable/derive_refineable)
2026-10-08T06:41:35.6811320Z [1m[92m   Compiling[0m profiling-procmacros v1.0.17
2026-10-08T06:41:36.0812550Z [1m[92m    Checking[0m pollster v0.4.0
2026-10-08T06:41:36.4017850Z [1m[92m   Compiling[0m linktime-proc-macro v0.2.2
2026-10-08T06:41:37.3136780Z [1m[92m    Checking[0m link-section v0.19.2
2026-10-08T06:41:37.5383470Z [1m[92m    Checking[0m svg_fmt v0.4.5
2026-10-08T06:41:37.6588800Z [1m[92m    Checking[0m etagere v0.2.15
2026-10-08T06:41:37.8100980Z [1m[92m    Checking[0m ctor v1.0.12
2026-10-08T06:41:37.9139380Z [1m[92m    Checking[0m profiling v1.0.17
2026-10-08T06:41:37.9609750Z [1m[92m    Checking[0m stacksafe v1.0.3
2026-10-08T06:41:38.0305900Z [1m[92m    Checking[0m resvg v0.46.0
2026-10-08T06:41:38.3200370Z [1m[92m    Checking[0m scheduler v0.1.0 (/Users/runner/work/koda/koda/crates/scheduler)
2026-10-08T06:41:38.5409630Z [1m[92m    Checking[0m image v0.25.10
2026-10-08T06:41:40.8815110Z [1m[92m   Compiling[0m util_macros v0.1.0 (/Users/runner/work/koda/koda/crates/util_macros)
2026-10-08T06:41:44.5045300Z [1m[92m    Checking[0m refineable v0.1.0 (/Users/runner/work/koda/koda/crates/refineable)
2026-10-08T06:41:44.5667530Z [1m[92m    Checking[0m core-video v0.5.2
2026-10-08T06:41:44.7552240Z [1m[92m    Checking[0m lyon v1.0.16
2026-10-08T06:41:44.7980000Z [1m[92m    Checking[0m taffy v0.13.0
2026-10-08T06:41:45.9673510Z [1m[92m    Checking[0m hdrhistogram v7.5.4
2026-10-08T06:41:46.1331810Z [1m[92m   Compiling[0m gpui_macros v0.1.0 (/Users/runner/work/koda/koda/crates/gpui_macros)
2026-10-08T06:41:46.9550740Z [1m[92m    Checking[0m spin v0.10.0
2026-10-08T06:41:47.0651900Z [1m[92m    Checking[0m num_cpus v1.17.0
2026-10-08T06:41:47.5392560Z [1m[92m    Checking[0m inventory v0.3.21
2026-10-08T06:41:47.5795630Z [1m[92m    Checking[0m seahash v4.1.0
2026-10-08T06:41:47.6316560Z [1m[92m    Checking[0m raw-window-handle v0.6.2
2026-10-08T06:41:47.7518690Z [1m[92m    Checking[0m mio v1.2.0
2026-10-08T06:41:47.9973070Z [1m[92m    Checking[0m socket2 v0.6.5
2026-10-08T06:41:48.1366870Z [1m[92m   Compiling[0m tokio-macros v2.7.0
2026-10-08T06:41:48.6555610Z [1m[92m    Checking[0m tokio v1.52.1
2026-10-08T06:41:51.6080460Z [1m[92m    Checking[0m termcolor v1.4.1
2026-10-08T06:41:53.8882580Z [1m[92m   Compiling[0m time-core v0.1.8
2026-10-08T06:41:54.0387430Z [1m[92m   Compiling[0m num-conv v0.2.0
2026-10-08T06:41:54.2938860Z [1m[92m    Checking[0m encoding_rs v0.8.35
2026-10-08T06:41:55.3629470Z [1m[92m   Compiling[0m rustc_version v0.4.1
2026-10-08T06:41:55.9753790Z [1m[92m   Compiling[0m ring v0.17.14
2026-10-08T06:42:02.0148450Z [1m[92m    Checking[0m powerfmt v0.2.0
2026-10-08T06:42:02.0882330Z [1m[92m    Checking[0m deranged v0.5.4
2026-10-08T06:42:02.7646820Z [1m[92m   Compiling[0m time-macros v0.2.27
2026-10-08T06:42:03.7919900Z [1m[92m    Checking[0m num_threads v0.1.7
2026-10-08T06:42:03.9391240Z [1m[92m    Checking[0m foldhash v0.1.5
2026-10-08T06:42:04.0011180Z [1m[92m   Compiling[0m wasmtime-internal-core v48.0.1
2026-10-08T06:42:04.1748290Z [1m[92m    Checking[0m time v0.3.47
2026-10-08T06:42:05.4162330Z [1m[92m    Checking[0m hashbrown v0.15.5
2026-10-08T06:42:05.7698710Z [1m[92m   Compiling[0m httparse v1.10.1
2026-10-08T06:42:06.3011980Z [1m[92m   Compiling[0m cranelift-srcgen v0.135.1
2026-10-08T06:42:06.7028850Z [1m[92m   Compiling[0m cranelift-assembler-x64-meta v0.135.1
2026-10-08T06:42:09.4988720Z [1m[92m    Checking[0m cranelift-bitset v0.135.1
2026-10-08T06:42:09.5917350Z [1m[92m   Compiling[0m prost-derive v0.14.4
2026-10-08T06:42:10.8465250Z [1m[92m   Compiling[0m pulley-macros v48.0.1
2026-10-08T06:42:11.2830440Z [1m[92m    Checking[0m imara-diff v0.2.0
2026-10-08T06:42:11.4125660Z [1m[92m   Compiling[0m async-trait v0.1.89
2026-10-08T06:42:11.4840570Z [1m[92m   Compiling[0m cranelift-isle v0.135.1
2026-10-08T06:42:11.7173200Z [1m[92m   Compiling[0m target-lexicon v0.13.5
2026-10-08T06:42:12.0692010Z [1m[92m    Checking[0m zeta_prompt v0.1.0 (/Users/runner/work/koda/koda/crates/zeta_prompt)
2026-10-08T06:42:12.1868350Z [1m[92m   Compiling[0m pulley-interpreter v48.0.1
2026-10-08T06:42:12.7363660Z [1m[92m   Compiling[0m prost v0.14.4
2026-10-08T06:42:13.0158980Z [1m[92m    Checking[0m cranelift-entity v0.135.1
2026-10-08T06:42:13.2007540Z [1m[92m    Checking[0m cobs v0.3.0
2026-10-08T06:42:13.2603080Z [1m[92m    Checking[0m num-integer v0.1.46
2026-10-08T06:42:13.3724550Z [1m[92m   Compiling[0m cranelift-codegen-shared v0.135.1
2026-10-08T06:42:13.3878250Z [1m[92m    Checking[0m postcard v1.1.3
2026-10-08T06:42:13.4261290Z [1m[92m   Compiling[0m cranelift-codegen-meta v0.135.1
2026-10-08T06:42:13.5590880Z [1m[92m    Checking[0m cranelift-bforest v0.135.1
2026-10-08T06:42:13.7315120Z [1m[92m   Compiling[0m prost-types v0.14.4
2026-10-08T06:42:15.5914950Z [1m[92m   Compiling[0m cranelift-assembler-x64 v0.135.1
2026-10-08T06:42:15.7851120Z [1m[92m    Checking[0m gimli v0.33.0
2026-10-08T06:42:16.4402390Z [1m[92m    Checking[0m getrandom v0.2.16
2026-10-08T06:42:16.5135030Z [1m[92m   Compiling[0m cranelift-codegen v0.135.1
2026-10-08T06:42:17.8419920Z [1m[92m    Checking[0m cloud_llm_client v0.1.0 (/Users/runner/work/koda/koda/crates/cloud_llm_client)
2026-10-08T06:42:17.9531990Z [1m[92m   Compiling[0m wasmparser v0.254.0
2026-10-08T06:42:18.3084510Z [1m[92m    Checking[0m objc2-foundation v0.3.2
2026-10-08T06:42:24.5514780Z [1m[92m    Checking[0m bumpalo v3.20.3
2026-10-08T06:42:24.6733250Z [1m[92m   Compiling[0m wasmtime-internal-versioned-export-macros v48.0.1
2026-10-08T06:42:25.0431540Z [1m[92m   Compiling[0m cpp_demangle v0.5.1
2026-10-08T06:42:25.3050780Z [1m[92m    Checking[0m arbitrary v1.4.2
2026-10-08T06:42:25.7051110Z [1m[92m   Compiling[0m object v0.39.1
2026-10-08T06:42:25.9261530Z [1m[92m    Checking[0m cranelift-control v0.135.1
2026-10-08T06:42:25.9726560Z [1m[92m    Checking[0m regalloc2 v0.15.2
2026-10-08T06:42:35.5814750Z [1m[92m   Compiling[0m leb128fmt v0.1.0
2026-10-08T06:42:35.6574630Z [1m[92m    Checking[0m mach2 v0.6.0
2026-10-08T06:42:36.5809420Z [1m[92m    Checking[0m wasm-encoder v0.254.0
2026-10-08T06:42:36.5995880Z [1m[92m    Checking[0m wasmprinter v0.254.0
2026-10-08T06:42:42.4426190Z [1m[92m   Compiling[0m id-arena v2.3.0
2026-10-08T06:42:42.7167840Z [1m[92m    Checking[0m wasmtime-internal-component-util v48.0.1
2026-10-08T06:42:42.8009380Z [1m[92m    Checking[0m wasmtime-environ v48.0.1
2026-10-08T06:42:50.2240040Z [1m[92m   Compiling[0m petgraph v0.8.3
2026-10-08T06:42:51.4203100Z [1m[92m   Compiling[0m wit-parser v0.254.0
2026-10-08T06:42:51.8179540Z [1m[92m   Compiling[0m wasm-metadata v0.254.0
2026-10-08T06:42:52.1736280Z [1m[92m   Compiling[0m cmake v0.1.56
2026-10-08T06:42:52.5538660Z [1m[92m   Compiling[0m fs_extra v1.3.0
2026-10-08T06:42:52.8019040Z [1m[92m    Checking[0m strsim v0.11.1
2026-10-08T06:42:52.8981590Z [1m[92m   Compiling[0m wasmtime-internal-unwinder v48.0.1
2026-10-08T06:42:53.2366790Z [1m[92m   Compiling[0m multimap v0.8.3
2026-10-08T06:42:53.3608050Z [1m[92m    Checking[0m partial-json-fixer v0.5.3
2026-10-08T06:42:53.4447450Z [1m[92m    Checking[0m language_model_core v0.1.0 (/Users/runner/work/koda/koda/crates/language_model_core)
2026-10-08T06:42:54.6665510Z [1m[92m   Compiling[0m wit-component v0.254.0
2026-10-08T06:42:56.1083030Z [1m[92m   Compiling[0m prost-build v0.14.4
2026-10-08T06:42:57.4486250Z [1m[92m   Compiling[0m aws-lc-sys v0.42.0
2026-10-08T06:42:58.4501090Z [1m[92m   Compiling[0m wasmtime-internal-fiber v48.0.1
2026-10-08T06:42:58.4837400Z [1m[92m   Compiling[0m wasmtime-internal-component-macro v48.0.1
2026-10-08T06:42:58.7015400Z [1m[92m   Compiling[0m wasmtime-internal-cranelift v48.0.1
2026-10-08T06:42:59.1793210Z [1m[92m   Compiling[0m wasmtime-internal-wit-bindgen v48.0.1
2026-10-08T06:43:00.9471510Z [1m[92m    Checking[0m cranelift-native v0.135.1
2026-10-08T06:43:01.0580170Z [1m[92m    Checking[0m cranelift-frontend v0.135.1
2026-10-08T06:43:01.4695010Z [1m[92m   Compiling[0m wasmtime v48.0.1
2026-10-08T06:43:02.2209480Z [1m[92m   Compiling[0m logos-codegen v0.15.1
2026-10-08T06:43:07.7114480Z [1m[92m    Checking[0m wasmtime-internal-jit-icache-coherence v48.0.1
2026-10-08T06:43:08.0266870Z [1m[92m   Compiling[0m aws-lc-rs v1.17.1
2026-10-08T06:43:08.3452410Z [1m[92m   Compiling[0m beef v0.5.2
2026-10-08T06:43:08.4466220Z [1m[92m   Compiling[0m wasmtime-c-api-impl v48.0.1
2026-10-08T06:43:19.2511610Z [1m[92m    Checking[0m tokio-util v0.7.18
2026-10-08T06:43:19.7287470Z [1m[92m   Compiling[0m logos-codegen v0.16.1
2026-10-08T06:43:20.9158970Z [1m[92m    Checking[0m rustls-pki-types v1.12.0
2026-10-08T06:43:21.1154670Z [1m[92m   Compiling[0m miette-derive v7.6.0
2026-10-08T06:43:22.0717520Z [1m[92m   Compiling[0m unicode-width v0.1.14
2026-10-08T06:43:22.3052580Z [1m[92m   Compiling[0m miette v7.6.0
2026-10-08T06:43:22.9953710Z [1m[92m   Compiling[0m logos-derive v0.16.1
2026-10-08T06:43:23.4368780Z [1m[92m   Compiling[0m logos-derive v0.15.1
2026-10-08T06:43:23.9280970Z [1m[92m   Compiling[0m const_format_proc_macros v0.2.34
2026-10-08T06:43:24.4514260Z [1m[92m   Compiling[0m tree-sitter v0.27.0 (https://github.com/tree-sitter/tree-sitter?rev=43623ec9bf0eaaf7113285c46e8a09018f181b18#43623ec9)
2026-10-08T06:43:24.9338900Z [1m[92m    Checking[0m untrusted v0.9.0
2026-10-08T06:43:25.0028760Z [1m[92m    Checking[0m untrusted v0.7.1
2026-10-08T06:43:29.4673960Z [1m[92m    Checking[0m const_format v0.2.35
2026-10-08T06:43:29.6599130Z [1m[92m   Compiling[0m logos v0.15.1
2026-10-08T06:43:29.7699860Z [1m[92m   Compiling[0m logos v0.16.1
2026-10-08T06:43:29.8705800Z [1m[92m   Compiling[0m wasmtime-internal-c-api-macros v48.0.1
2026-10-08T06:43:30.1426580Z [1m[92m   Compiling[0m release_channel v0.1.0 (/Users/runner/work/koda/koda/crates/release_channel)
2026-10-08T06:43:30.2825690Z [1m[92m   Compiling[0m paths v0.1.0 (/Users/runner/work/koda/koda/crates/paths)
2026-10-08T06:43:30.9783020Z [1m[92m   Compiling[0m prost-reflect v0.16.5
2026-10-08T06:43:34.0128710Z [1m[92m   Compiling[0m protox-parse v0.9.0
2026-10-08T06:43:35.3227900Z [1m[92m    Checking[0m ignore v0.4.24
2026-10-08T06:43:35.6702820Z [1m[92m    Checking[0m streaming-iterator v0.1.9
2026-10-08T06:43:35.8267630Z [1m[92m   Compiling[0m rustls v0.23.40
2026-10-08T06:43:36.6508640Z [1m[92m   Compiling[0m protox v0.9.1
2026-10-08T06:43:37.8669220Z [1m[92m    Checking[0m http-body-util v0.1.3
2026-10-08T06:43:38.1154850Z [1m[92m   Compiling[0m tree-sitter-json v0.24.8
2026-10-08T06:43:38.3344140Z [1m[92m   Compiling[0m zstd-safe v5.0.2+zstd.1.5.2
2026-10-08T06:43:39.0086170Z [1m[92m   Compiling[0m proto v0.1.0 (/Users/runner/work/koda/koda/crates/proto)
2026-10-08T06:43:39.5715050Z [1m[92m    Checking[0m urlencoding v2.1.3
2026-10-08T06:43:39.9071270Z [1m[92m    Checking[0m rope v0.1.0 (/Users/runner/work/koda/koda/crates/rope)
2026-10-08T06:43:40.2478760Z [1m[92m    Checking[0m telemetry_events v0.1.0 (/Users/runner/work/koda/koda/crates/telemetry_events)
2026-10-08T06:43:40.4385550Z [1m[92m    Checking[0m net v0.1.0 (/Users/runner/work/koda/koda/crates/net)
2026-10-08T06:43:40.4888050Z [1m[92m    Checking[0m askpass v0.1.0 (/Users/runner/work/koda/koda/crates/askpass)
2026-10-08T06:43:58.4838790Z [1m[92m    Checking[0m clock v0.1.0 (/Users/runner/work/koda/koda/crates/clock)
2026-10-08T06:43:58.6292600Z [1m[92m    Checking[0m serde_path_to_error v0.1.20
2026-10-08T06:43:58.8989080Z [1m[92m    Checking[0m settings_json v0.1.0 (/Users/runner/work/koda/koda/crates/settings_json)
2026-10-08T06:43:59.2186890Z [1m[92m    Checking[0m text v0.1.0 (/Users/runner/work/koda/koda/crates/text)
2026-10-08T06:43:59.9536920Z [1m[92m    Checking[0m telemetry v0.1.0 (/Users/runner/work/koda/koda/crates/telemetry)
2026-10-08T06:44:00.0008320Z [1m[92m    Checking[0m objc2-core-services v0.3.2
2026-10-08T06:44:00.0922320Z [1m[92m    Checking[0m notify-types v2.1.0 (https://github.com/zed-industries/notify?rev=d842f16b2716bd60f09caf3ae3a894237ab38f54#d842f16b)
2026-10-08T06:44:00.2235200Z [1m[92m   Compiling[0m settings_macros v0.1.0 (/Users/runner/work/koda/koda/crates/settings_macros)
2026-10-08T06:44:04.3540680Z [1m[92m    Checking[0m xxhash-rust v0.8.15
2026-10-08T06:44:04.5399180Z [1m[92m    Checking[0m notify v9.0.0-rc.4 (https://github.com/zed-industries/notify?rev=d842f16b2716bd60f09caf3ae3a894237ab38f54#d842f16b)
2026-10-08T06:44:04.7764370Z [1m[92m    Checking[0m settings_content v0.1.0 (/Users/runner/work/koda/koda/crates/settings_content)
2026-10-08T06:44:16.3434460Z [1m[92m    Checking[0m git v0.1.0 (/Users/runner/work/koda/koda/crates/git)
2026-10-08T06:44:18.2804960Z [1m[92m    Checking[0m trash v5.2.5 (https://github.com/zed-industries/trash-rs?rev=41c6c800d884a89351f3b8856d12894cccee261d#41c6c800)
2026-10-08T06:44:18.5008020Z [1m[92m    Checking[0m unicode-normalization v0.1.25
2026-10-08T06:44:18.8208050Z [1m[92m    Checking[0m is_executable v1.0.5
2026-10-08T06:44:18.8661870Z [1m[92m    Checking[0m fs v0.1.0 (/Users/runner/work/koda/koda/crates/fs)
2026-10-08T06:44:19.8291430Z [1m[92m   Compiling[0m phf_shared v0.13.1
2026-10-08T06:44:20.0089440Z [1m[92m    Checking[0m convert_case v0.11.0
2026-10-08T06:44:20.1001040Z [1m[92m    Checking[0m rand_core v0.6.4
2026-10-08T06:44:20.2644550Z [1m[92m   Compiling[0m palette v0.7.6
2026-10-08T06:44:20.5156500Z [1m[92m   Compiling[0m by_address v1.2.1
2026-10-08T06:44:20.7416060Z [1m[92m   Compiling[0m palette_derive v0.7.6
2026-10-08T06:44:21.5376510Z [1m[92m    Checking[0m migrator v0.1.0 (/Users/runner/work/koda/koda/crates/migrator)
2026-10-08T06:44:21.9516620Z [1m[92m    Checking[0m ec4rs v1.2.0
2026-10-08T06:44:22.1841620Z [1m[92m    Checking[0m fast-srgb8 v1.0.0
2026-10-08T06:44:25.1226550Z [1m[92m    Checking[0m rustls-webpki v0.103.13
2026-10-08T06:44:26.1308760Z [1m[92m    Checking[0m settings v0.1.0 (/Users/runner/work/koda/koda/crates/settings)
2026-10-08T06:44:27.1712210Z [1m[92m    Checking[0m rand_chacha v0.3.1
2026-10-08T06:44:27.3403150Z [1m[92m   Compiling[0m phf_generator v0.13.1
2026-10-08T06:44:27.5311120Z [1m[92m    Checking[0m sha1 v0.10.6
2026-10-08T06:44:27.6819530Z [1m[92m    Checking[0m rand v0.8.6
2026-10-08T06:44:27.9789760Z [1m[92m    Checking[0m tokio-rustls v0.26.4
2026-10-08T06:44:28.1772290Z [1m[92m    Checking[0m data-encoding v2.9.0
2026-10-08T06:44:28.3928650Z [1m[92m    Checking[0m winnow v0.7.13
2026-10-08T06:44:28.9049540Z [1m[92m    Checking[0m hex v0.4.3
2026-10-08T06:44:29.0480860Z [1m[92m    Checking[0m ipnet v2.11.0
2026-10-08T06:44:29.3986250Z [1m[92m    Checking[0m utf-8 v0.7.6
2026-10-08T06:44:29.4897900Z [1m[92m   Compiling[0m rustversion v1.0.22
2026-10-08T06:44:29.8264010Z [1m[92m    Checking[0m tungstenite v0.28.0
2026-10-08T06:44:30.1289960Z [1m[92m    Checking[0m num-iter v0.1.45
2026-10-08T06:44:30.2087500Z [1m[92m    Checking[0m syntax_theme v0.1.0 (/Users/runner/work/koda/koda/crates/syntax_theme)
2026-10-08T06:44:30.3496990Z [1m[92m    Checking[0m security-framework-sys v2.15.0
2026-10-08T06:44:30.4584550Z [1m[92m    Checking[0m base64ct v1.8.0
2026-10-08T06:44:30.6653310Z [1m[92m    Checking[0m pem-rfc7468 v0.7.0
2026-10-08T06:44:31.8292030Z [1m[92m    Checking[0m security-framework v3.5.1
2026-10-08T06:44:32.5413810Z [1m[92m    Checking[0m theme v0.1.0 (/Users/runner/work/koda/koda/crates/theme)
2026-10-08T06:44:33.8967130Z [1m[92m    Checking[0m der v0.7.10
2026-10-08T06:44:34.0698750Z [1m[92m    Checking[0m serde_spanned v0.6.9
2026-10-08T06:44:34.1322300Z [1m[92m    Checking[0m toml_datetime v0.6.11
2026-10-08T06:44:34.4059930Z [1m[92m    Checking[0m toml_write v0.1.2
2026-10-08T06:44:34.5676950Z [1m[92m    Checking[0m toml_edit v0.22.27
2026-10-08T06:44:34.5928990Z [1m[92m    Checking[0m spki v0.7.3
2026-10-08T06:44:35.0239030Z [1m[92m   Compiling[0m num-bigint-dig v0.8.6
2026-10-08T06:44:35.1632240Z [1m[92m    Checking[0m tower-service v0.3.3
2026-10-08T06:44:35.1995480Z [1m[92m    Checking[0m try-lock v0.2.5
2026-10-08T06:44:35.2370850Z [1m[92m    Checking[0m want v0.3.1
2026-10-08T06:44:35.6086700Z [1m[92m    Checking[0m toml v0.8.23
2026-10-08T06:44:36.1171090Z [1m[92m    Checking[0m pkcs8 v0.10.2
2026-10-08T06:44:36.1966390Z [1m[92m    Checking[0m h2 v0.4.19
2026-10-08T06:44:38.3275800Z [1m[92m    Checking[0m hyper v1.11.1
2026-10-08T06:44:38.8475370Z [1m[92m    Checking[0m zstd v0.11.2+zstd.1.5.2
2026-10-08T06:44:38.9442400Z [1m[92m    Checking[0m pkcs1 v0.7.5
2026-10-08T06:44:39.7059310Z [1m[92m    Checking[0m async-tungstenite v0.33.0
2026-10-08T06:44:39.9391400Z [1m[92m   Compiling[0m phf_macros v0.13.1
2026-10-08T06:44:40.4737070Z [1m[92m    Checking[0m signature v2.2.0
2026-10-08T06:44:40.5365010Z [1m[92m    Checking[0m shellexpand v3.1.1
2026-10-08T06:44:40.6001830Z [1m[92m    Checking[0m rsa v0.9.10
2026-10-08T06:44:40.8418090Z [1m[92m    Checking[0m phf v0.13.1
2026-10-08T06:44:41.4928170Z [1m[92m    Checking[0m hyper-util v0.1.17
2026-10-08T06:44:42.3355550Z [1m[92m    Checking[0m arc-swap v1.9.0
2026-10-08T06:44:42.4507030Z [1m[92m    Checking[0m nucleo-matcher v0.3.1
2026-10-08T06:44:42.4633350Z [1m[92m    Checking[0m zed_actions v0.1.0 (/Users/runner/work/koda/koda/crates/zed_actions)
2026-10-08T06:44:42.6522000Z [1m[92m    Checking[0m lru v0.16.4
2026-10-08T06:44:42.8703210Z [1m[92m    Checking[0m language_core v0.1.0 (/Users/runner/work/koda/koda/crates/language_core)
2026-10-08T06:44:43.4223950Z [1m[92m    Checking[0m nucleo v0.5.0
2026-10-08T06:44:43.4339750Z [1m[92m    Checking[0m task v0.1.0 (/Users/runner/work/koda/koda/crates/task)
2026-10-08T06:44:43.5733790Z [1m[92m    Checking[0m watch v0.1.0 (/Users/runner/work/koda/koda/crates/watch)
2026-10-08T06:44:44.1613520Z [1m[92m    Checking[0m rpc v0.1.0 (/Users/runner/work/koda/koda/crates/rpc)
2026-10-08T06:44:44.3220540Z [1m[92m   Compiling[0m phf_codegen v0.13.1
2026-10-08T06:44:44.3908620Z [1m[92m    Checking[0m fuzzy v0.1.0 (/Users/runner/work/koda/koda/crates/fuzzy)
2026-10-08T06:44:44.9691960Z [1m[92m    Checking[0m lsp-types v0.95.1 (https://github.com/zed-industries/lsp-types?rev=f1783e63a7f4eb4397bf51d4148b4895a1f7ab16#f1783e63)
2026-10-08T06:44:45.4927420Z [1m[92m   Compiling[0m language v0.1.0 (/Users/runner/work/koda/koda/crates/language)
2026-10-08T06:44:46.0716590Z [1m[92m    Checking[0m fuzzy_nucleo v0.1.0 (/Users/runner/work/koda/koda/crates/fuzzy_nucleo)
2026-10-08T06:44:46.2692960Z [1m[92m    Checking[0m chardetng v0.1.17
2026-10-08T06:44:46.4530110Z [1m[92m    Checking[0m diffy v0.4.2
2026-10-08T06:44:49.2962550Z [1m[92m    Checking[0m webpki-roots v1.0.8
2026-10-08T06:44:49.3438200Z [1m[92m    Checking[0m credentials_provider v0.1.0 (/Users/runner/work/koda/koda/crates/credentials_provider)
2026-10-08T06:44:49.6986920Z [1m[92m    Checking[0m lsp v0.1.0 (/Users/runner/work/koda/koda/crates/lsp)
2026-10-08T06:44:52.5534890Z [1m[92m    Checking[0m rustls-platform-verifier v0.7.0
2026-10-08T06:44:52.8874850Z [1m[92m    Checking[0m ciborium-io v0.2.2
2026-10-08T06:44:52.9241250Z [1m[92m    Checking[0m chunked_transfer v1.5.0
2026-10-08T06:44:52.9985580Z [1m[92m    Checking[0m ascii v1.1.0
2026-10-08T06:44:53.1139650Z [1m[92m    Checking[0m httpdate v1.0.3
2026-10-08T06:44:53.1420400Z [1m[92m    Checking[0m ciborium-ll v0.2.2
2026-10-08T06:44:53.1818400Z [1m[92m    Checking[0m tiny_http v0.12.0
2026-10-08T06:44:54.1988170Z [1m[92m    Checking[0m http_client_tls v0.1.0 (/Users/runner/work/koda/koda/crates/http_client_tls)
2026-10-08T06:44:55.1136270Z [1m[92m   Compiling[0m sync_wrapper v1.0.2
2026-10-08T06:44:55.1588300Z [1m[92m   Compiling[0m bzip2-sys v0.1.13+1.0.8
2026-10-08T06:44:55.5465730Z [1m[92m    Checking[0m new_debug_unreachable v1.0.6
2026-10-08T06:44:55.5844810Z [1m[92m   Compiling[0m tower-layer v0.3.3
2026-10-08T06:44:56.7704860Z [1m[92m   Compiling[0m tower v0.5.2
2026-10-08T06:44:57.1511240Z [1m[92m   Compiling[0m rustls-native-certs v0.8.3
2026-10-08T06:44:57.2056530Z [1m[92m    Checking[0m ciborium v0.2.2
2026-10-08T06:44:57.4019150Z [1m[92m    Checking[0m gpui_tokio v0.1.0 (/Users/runner/work/koda/koda/crates/gpui_tokio)
2026-10-08T06:44:57.5760450Z [1m[92m   Compiling[0m inout v0.1.4
2026-10-08T06:44:57.5764630Z [1m[92m    Checking[0m nom v8.0.0
2026-10-08T06:44:57.6895540Z [1m[92m    Checking[0m arraydeque v0.5.1
2026-10-08T06:44:57.9707250Z [1m[92m    Checking[0m precomputed-hash v0.1.1
2026-10-08T06:44:58.0043990Z [1m[92m   Compiling[0m native-tls v0.2.18
2026-10-08T06:44:58.8990730Z [1m[92m   Compiling[0m password-hash v0.4.2
2026-10-08T06:44:59.3418450Z [1m[92m    Checking[0m yawc v0.4.2
2026-10-08T06:44:59.4210800Z [1m[92m   Compiling[0m cipher v0.4.4
2026-10-08T06:44:59.6249090Z [1m[92m    Checking[0m cloud_api_types v0.1.0 (/Users/runner/work/koda/koda/crates/cloud_api_types)
2026-10-08T06:44:59.9661240Z [1m[92m   Compiling[0m hyper-rustls v0.27.9
2026-10-08T06:45:00.4922120Z [1m[92m   Compiling[0m hmac v0.12.1
2026-10-08T06:45:00.5595390Z [1m[92m   Compiling[0m pbkdf2 v0.11.0
2026-10-08T06:45:00.6735690Z [1m[92m    Checking[0m cloud_api_client v0.1.0 (/Users/runner/work/koda/koda/crates/cloud_api_client)
2026-10-08T06:45:00.6981740Z [1m[92m   Compiling[0m bzip2 v0.4.4
2026-10-08T06:45:00.8976700Z [1m[92m   Compiling[0m aes v0.8.4
2026-10-08T06:45:01.1458510Z [1m[92m    Checking[0m icons v0.1.0 (/Users/runner/work/koda/koda/crates/icons)
2026-10-08T06:45:01.4586370Z [1m[92m   Compiling[0m feature_flags_macros v0.1.0 (/Users/runner/work/koda/koda/crates/feature_flags_macros)
2026-10-08T06:45:01.5747860Z [1m[92m   Compiling[0m constant_time_eq v0.1.5
2026-10-08T06:45:01.6165370Z [1m[92m   Compiling[0m zip v0.6.6
2026-10-08T06:45:02.1147490Z [1m[92m    Checking[0m tokio-native-tls v0.3.1
2026-10-08T06:45:02.1788100Z [1m[92m    Checking[0m worktree v0.1.0 (/Users/runner/work/koda/koda/crates/worktree)
2026-10-08T06:45:04.1373760Z [1m[92m    Checking[0m zed_credentials_provider v0.1.0 (/Users/runner/work/koda/koda/crates/zed_credentials_provider)
2026-10-08T06:45:04.2491720Z [1m[92m    Checking[0m proxy_handshake v0.1.0 (/Users/runner/work/koda/koda/crates/proxy_handshake)
2026-10-08T06:45:04.3656750Z [1m[92m   Compiling[0m fs2 v0.4.3
2026-10-08T06:45:04.6580950Z [1m[92m   Compiling[0m system-configuration-sys v0.6.0
2026-10-08T06:45:04.8309140Z [1m[92m    Checking[0m feature_flags v0.1.0 (/Users/runner/work/koda/koda/crates/feature_flags)
2026-10-08T06:45:05.0740510Z [1m[92m    Checking[0m client v0.1.0 (/Users/runner/work/koda/koda/crates/client)
2026-10-08T06:45:05.1531620Z [1m[92m   Compiling[0m mime_guess v2.0.5
2026-10-08T06:45:05.3750940Z [1m[92m   Compiling[0m string_cache_codegen v0.6.1
2026-10-08T06:45:05.6441270Z [1m[92m    Checking[0m unicode-width v0.2.2
2026-10-08T06:45:05.7612840Z [1m[92m    Checking[0m dtoa v1.0.10
2026-10-08T06:45:05.8199550Z [1m[92m    Checking[0m mime v0.3.17
2026-10-08T06:45:05.9277030Z [1m[92m    Checking[0m ucd-trie v0.1.7
2026-10-08T06:45:05.9906780Z [1m[92m    Checking[0m dtoa-short v0.3.5
2026-10-08T06:45:05.9969400Z [1m[92m   Compiling[0m web_atoms v0.2.6
2026-10-08T06:45:06.1662130Z [1m[92m   Compiling[0m selectors v0.37.0
2026-10-08T06:45:06.4320700Z [1m[92m   Compiling[0m cssparser-macros v0.6.1
2026-10-08T06:45:06.4389510Z [1m[92m   Compiling[0m icu_locale_fallback_data v2.3.0
2026-10-08T06:45:06.6726240Z [1m[92m   Compiling[0m unicode-general-category v1.1.0
2026-10-08T06:45:06.7304640Z [1m[92m    Checking[0m cssparser v0.36.0
2026-10-08T06:45:07.3441110Z [1m[92m   Compiling[0m htmlize v1.1.0
2026-10-08T06:45:07.8925040Z [1m[92m    Checking[0m string_cache v0.9.0
2026-10-08T06:45:07.9637910Z [1m[92m    Checking[0m node_runtime v0.1.0 (/Users/runner/work/koda/koda/crates/node_runtime)
2026-10-08T06:45:08.2385890Z [1m[92m   Compiling[0m itertools v0.15.0
2026-10-08T06:45:08.3205630Z [1m[92m    Checking[0m servo_arc v0.4.3
2026-10-08T06:45:08.3866560Z [1m[92m   Compiling[0m optfield v0.4.0
2026-10-08T06:45:08.8459150Z [1m[92m   Compiling[0m icu_collator_data v2.3.0
2026-10-08T06:45:09.0238110Z [1m[92m   Compiling[0m lalrpop-util v0.23.1
2026-10-08T06:45:09.4726630Z [1m[92m   Compiling[0m documented-macros v0.10.0
2026-10-08T06:45:10.5419140Z [1m[92m    Checking[0m tendril v0.5.1
2026-10-08T06:45:10.7275890Z [1m[92m    Checking[0m dap-types v0.0.1 (https://github.com/zed-industries/dap-types?rev=1b461b310481d01e02b2603c16d7144b926339f8#1b461b31)
2026-10-08T06:45:10.8619680Z [1m[92m    Checking[0m quick-xml v0.41.0
2026-10-08T06:45:11.2645770Z [1m[92m   Compiling[0m pastey v0.1.1
2026-10-08T06:45:11.5636030Z [1m[92m   Compiling[0m pulldown-cmark v0.13.4
2026-10-08T06:45:11.6712780Z [1m[92m   Compiling[0m ui v0.1.0 (/Users/runner/work/koda/koda/crates/ui)
2026-10-08T06:45:12.8671190Z [1m[92m    Checking[0m dap v0.1.0 (/Users/runner/work/koda/koda/crates/dap)
2026-10-08T06:45:13.4435710Z [1m[92m    Checking[0m markup5ever v0.39.0
2026-10-08T06:45:13.5474600Z [1m[92m    Checking[0m icu_locale_fallback v2.3.0
2026-10-08T06:45:13.6763670Z [1m[92m    Checking[0m documented v0.10.0
2026-10-08T06:45:13.6904730Z [1m[92m    Checking[0m lol_html v3.0.1
2026-10-08T06:45:13.9067220Z [1m[92m    Checking[0m json5 v1.3.1
2026-10-08T06:45:14.7741240Z [1m[92m    Checking[0m granit-parser v1.0.0
2026-10-08T06:45:14.9851820Z [1m[92m    Checking[0m component v0.1.0 (/Users/runner/work/koda/koda/crates/component)
2026-10-08T06:45:15.1609040Z [1m[92m    Checking[0m menu v0.1.0 (/Users/runner/work/koda/koda/crates/menu)
2026-10-08T06:45:15.2963760Z [1m[92m    Checking[0m num-format v0.4.4
2026-10-08T06:45:15.3088160Z [1m[92m    Checking[0m dugong-graphlib v0.8.0-alpha.5
2026-10-08T06:45:15.5644680Z [1m[92m   Compiling[0m ui_macros v0.1.0 (/Users/runner/work/koda/koda/crates/ui_macros)
2026-10-08T06:45:15.9523950Z [1m[92m    Checking[0m ryu-js v1.0.2
2026-10-08T06:45:16.1706160Z [1m[92m    Checking[0m merman-core v0.8.0-alpha.5
2026-10-08T06:45:22.0607000Z [1m[92m    Checking[0m dugong v0.8.0-alpha.5
2026-10-08T06:45:22.9792840Z [1m[92m   Compiling[0m tokio-socks v0.5.2
2026-10-08T06:45:23.2675460Z [1m[92m   Compiling[0m system-configuration v0.8.0
2026-10-08T06:45:23.4521150Z [1m[92m    Checking[0m icu_collator v2.3.0
2026-10-08T06:45:24.6750880Z [1m[92m   Compiling[0m rustls-pemfile v2.2.0
2026-10-08T06:45:24.8304700Z [1m[92m    Checking[0m roughr-merman v0.12.3
2026-10-08T06:45:25.1341690Z [1m[92m    Checking[0m objc2-open-directory v0.3.2
2026-10-08T06:45:25.3665290Z [1m[92m    Checking[0m env_var v0.1.0 (/Users/runner/work/koda/koda/crates/env_var)
2026-10-08T06:45:25.4158200Z [1m[92m    Checking[0m objc2-io-kit v0.3.2
2026-10-08T06:45:25.5298480Z [1m[92m    Checking[0m manatee v0.8.0-alpha.5
2026-10-08T06:45:26.3288610Z [1m[92m    Checking[0m unicode-linebreak v0.1.5
2026-10-08T06:45:26.4424630Z [1m[92m   Compiling[0m signal-hook v0.4.4
2026-10-08T06:45:26.5698860Z [1m[92m    Checking[0m merman-render v0.8.0-alpha.5
2026-10-08T06:45:26.7299850Z [1m[92m   Compiling[0m zed-reqwest v0.12.15-zed (https://github.com/zed-industries/reqwest.git?rev=33bc764aa15ff7b200bf7c93bd96e24878d53e14#33bc764a)
2026-10-08T06:45:29.5760210Z [1m[92m    Checking[0m extension v0.1.0 (/Users/runner/work/koda/koda/crates/extension)
2026-10-08T06:45:30.3973980Z [1m[92m   Compiling[0m tar v0.4.46
2026-10-08T06:45:30.9289730Z [1m[92m    Checking[0m sysinfo v0.39.6
2026-10-08T06:45:31.4402270Z [1m[92m    Checking[0m xml5ever v0.39.0
2026-10-08T06:45:31.7414180Z [1m[92m    Checking[0m html5ever v0.39.0
2026-10-08T06:45:32.3377700Z [1m[92m    Checking[0m oauth_callback_server v0.1.0 (/Users/runner/work/koda/koda/crates/oauth_callback_server)
2026-10-08T06:45:32.4367810Z [1m[92m    Checking[0m theme_settings v0.1.0 (/Users/runner/work/koda/koda/crates/theme_settings)
2026-10-08T06:45:32.8627620Z [1m[92m    Checking[0m yansi v1.0.1
2026-10-08T06:45:33.0440700Z [1m[92m    Checking[0m cursor-icon v1.2.0
2026-10-08T06:45:33.1055270Z [1m[92m    Checking[0m diff v0.1.13
2026-10-08T06:45:33.1868740Z [1m[92m    Checking[0m bit-vec v0.8.0
2026-10-08T06:45:33.3367670Z [1m[92m    Checking[0m bit-set v0.8.0
2026-10-08T06:45:33.4353680Z [1m[92m    Checking[0m pretty_assertions v1.4.1
2026-10-08T06:45:33.5169740Z [1m[92m    Checking[0m vte v0.15.0
2026-10-08T06:45:33.8870350Z [1m[92m    Checking[0m markup5ever_rcdom v0.39.0+unofficial
2026-10-08T06:45:33.9989680Z [1m[92m   Compiling[0m android_tools v0.1.0 (/Users/runner/work/koda/koda/crates/android_tools)
2026-10-08T06:45:36.7064230Z [1m[92m    Checking[0m rustix-openpty v0.2.0
2026-10-08T06:45:36.7776310Z [1m[92m    Checking[0m home v0.5.11
2026-10-08T06:45:36.8435500Z [1m[92m    Checking[0m alacritty_terminal v0.26.1-dev (https://github.com/zed-industries/alacritty?rev=4c129667ce56611becdc82de6e28218c80e2e88f#4c129667)
2026-10-08T06:45:41.1645180Z [1m[92m    Checking[0m merman v0.8.0-alpha.5
2026-10-08T06:45:41.3169210Z [1m[92m    Checking[0m mermaid_render v0.1.0 (/Users/runner/work/koda/koda/crates/mermaid_render)
2026-10-08T06:45:41.7740560Z [1m[92m    Checking[0m buffer_diff v0.1.0 (/Users/runner/work/koda/koda/crates/buffer_diff)
2026-10-08T06:45:42.6999710Z [1m[92m    Checking[0m fancy-regex v0.19.0
2026-10-08T06:45:43.4286430Z [1m[92m    Checking[0m pori v0.0.0
2026-10-08T06:45:44.2154350Z [1m[92m    Checking[0m snippet v0.1.0 (/Users/runner/work/koda/koda/crates/snippet)
2026-10-08T06:45:44.2947780Z [1m[92m    Checking[0m linkify v0.10.0
2026-10-08T06:45:44.7568010Z [1m[92m    Checking[0m markdown v0.1.0 (/Users/runner/work/koda/koda/crates/markdown)
2026-10-08T06:45:46.4922850Z [1m[92m    Checking[0m snippet_provider v0.1.0 (/Users/runner/work/koda/koda/crates/snippet_provider)
2026-10-08T06:45:48.3370780Z [1m[92m    Checking[0m wax v0.7.0
2026-10-08T06:45:49.9830500Z [1m[92m    Checking[0m terminal v0.1.0 (/Users/runner/work/koda/koda/crates/terminal)
2026-10-08T06:45:51.7241220Z [1m[92m    Checking[0m context_server v0.1.0 (/Users/runner/work/koda/koda/crates/context_server)
2026-10-08T06:45:55.6349520Z [1m[92m    Checking[0m prettier v0.1.0 (/Users/runner/work/koda/koda/crates/prettier)
2026-10-08T06:45:56.4224410Z [1m[92m    Checking[0m remote v0.1.0 (/Users/runner/work/koda/koda/crates/remote)
2026-10-08T06:45:58.7832440Z [1m[92m    Checking[0m git_hosting_providers v0.1.0 (/Users/runner/work/koda/koda/crates/git_hosting_providers)
2026-10-08T06:45:59.9058100Z [1m[92m   Compiling[0m vcpkg v0.2.15
2026-10-08T06:46:00.7821190Z [1m[92m    Checking[0m circular-buffer v1.2.0
2026-10-08T06:46:01.0880060Z [1m[92m   Compiling[0m libsqlite3-sys v0.30.1
2026-10-08T06:46:02.7869030Z [1m[92m    Checking[0m language_model v0.1.0 (/Users/runner/work/koda/koda/crates/language_model)
2026-10-08T06:46:12.3817730Z [1m[92m   Compiling[0m indoc v2.0.6
2026-10-08T06:46:18.6329150Z [1m[92m   Compiling[0m unicode_categories v0.1.1
2026-10-08T06:46:19.5011040Z [1m[92m   Compiling[0m sqlformat v0.2.6
2026-10-08T06:46:25.6624830Z [1m[92m    Checking[0m project v0.1.0 (/Users/runner/work/koda/koda/crates/project)
2026-10-08T06:46:26.5205960Z [1m[92m   Compiling[0m sqlez v0.1.0 (/Users/runner/work/koda/koda/crates/sqlez)
2026-10-08T06:46:30.5193810Z [1m[92m   Compiling[0m sqlez_macros v0.1.0 (/Users/runner/work/koda/koda/crates/sqlez_macros)
2026-10-08T06:46:31.9691100Z [1m[92m    Checking[0m zed_env_vars v0.1.0 (/Users/runner/work/koda/koda/crates/zed_env_vars)
2026-10-08T06:46:32.0161330Z [1m[92m    Checking[0m db v0.1.0 (/Users/runner/work/koda/koda/crates/db)
2026-10-08T06:46:32.2279940Z [1m[92m    Checking[0m session v0.1.0 (/Users/runner/work/koda/koda/crates/session)
2026-10-08T06:46:32.3739340Z [1m[92m    Checking[0m ui_input v0.1.0 (/Users/runner/work/koda/koda/crates/ui_input)
2026-10-08T06:46:32.5755500Z [1m[92m   Compiling[0m async-recursion v1.1.1
2026-10-08T06:46:33.0426270Z [1m[92m    Checking[0m any_vec v0.14.0
2026-10-08T06:46:33.2679730Z [1m[92m    Checking[0m edit_prediction_types v0.1.0 (/Users/runner/work/koda/koda/crates/edit_prediction_types)
2026-10-08T06:46:33.5150920Z [1m[92m    Checking[0m file_icons v0.1.0 (/Users/runner/work/koda/koda/crates/file_icons)
2026-10-08T06:46:33.6943130Z [1m[92m    Checking[0m multi_buffer v0.1.0 (/Users/runner/work/koda/koda/crates/multi_buffer)
2026-10-08T06:46:34.9745990Z [1m[92m    Checking[0m assets v0.1.0 (/Users/runner/work/koda/koda/crates/assets)
2026-10-08T06:46:35.0801180Z [1m[92m    Checking[0m ordered-float v5.5.0
2026-10-08T06:46:35.2845420Z [1m[92m    Checking[0m fearless_simd v0.4.1
2026-10-08T06:46:37.3011090Z [1m[92m    Checking[0m betlang v0.1.1
2026-10-08T06:46:37.4656950Z [1m[92m    Checking[0m vim_mode_setting v0.1.0 (/Users/runner/work/koda/koda/crates/vim_mode_setting)
2026-10-08T06:46:37.5965450Z [1m[92m    Checking[0m language_detection v0.1.0 (/Users/runner/work/koda/koda/crates/language_detection)
2026-10-08T06:46:37.7569460Z [1m[92m    Checking[0m emojis v0.9.0
2026-10-08T06:46:38.5421840Z [1m[92m    Checking[0m utf8parse v0.2.2
2026-10-08T06:46:38.5995300Z [1m[92m    Checking[0m anstyle-parse v0.2.7
2026-10-08T06:46:38.6857880Z [1m[92m    Checking[0m colorchoice v1.0.4
2026-10-08T06:46:38.7327050Z [1m[92m    Checking[0m anstyle-query v1.1.4
2026-10-08T06:46:38.7766600Z [1m[92m    Checking[0m anstyle v1.0.13
2026-10-08T06:46:38.8770390Z [1m[92m    Checking[0m is_terminal_polyfill v1.70.1
2026-10-08T06:46:38.9119450Z [1m[92m    Checking[0m anstream v0.6.21
2026-10-08T06:46:39.0233490Z [1m[92m    Checking[0m terminal_size v0.4.3
2026-10-08T06:46:39.0920180Z [1m[92m    Checking[0m clap_lex v0.7.6
2026-10-08T06:46:39.1570390Z [1m[92m    Checking[0m clap_builder v4.5.49
2026-10-08T06:46:40.1330220Z [1m[92m   Compiling[0m clap_derive v4.5.49
2026-10-08T06:46:40.4182510Z [1m[92m    Checking[0m agent_settings v0.1.0 (/Users/runner/work/koda/koda/crates/agent_settings)
2026-10-08T06:46:40.9968770Z [1m[92m    Checking[0m workspace v0.1.0 (/Users/runner/work/koda/koda/crates/workspace)
2026-10-08T06:46:41.9243760Z [1m[92m   Compiling[0m ahash v0.8.12
2026-10-08T06:46:42.1038180Z [1m[92m    Checking[0m vsimd v0.8.0
2026-10-08T06:46:42.3768920Z [1m[92m    Checking[0m outref v0.5.2
2026-10-08T06:46:42.4777330Z [1m[92m    Checking[0m clap v4.5.49
2026-10-08T06:46:42.8147160Z [1m[92m    Checking[0m http v0.2.12
2026-10-08T06:46:43.2998700Z [1m[92m    Checking[0m http-body v0.4.6
2026-10-08T06:46:43.4679870Z [1m[92m    Checking[0m base64-simd v0.8.0
2026-10-08T06:46:43.6247190Z [1m[92m    Checking[0m bytes-utils v0.1.4
2026-10-08T06:46:43.7600860Z [1m[92m    Checking[0m aws-smithy-types v1.4.7
2026-10-08T06:46:44.3256030Z [1m[92m    Checking[0m pet-fs v0.1.0 (https://github.com/zed-industries/python-environment-tools.git?rev=5aad7164bfc2a58977b103c8ef8fdd7302ed2e9f#5aad7164)
2026-10-08T06:46:44.3939810Z [1m[92m    Checking[0m is-terminal v0.4.16
2026-10-08T06:46:44.4388460Z [1m[92m    Checking[0m humantime v2.3.0
2026-10-08T06:46:44.5440560Z [1m[92m    Checking[0m env_logger v0.10.2
2026-10-08T06:46:44.6836090Z [1m[92m    Checking[0m pet-core v0.1.0 (https://github.com/zed-industries/python-environment-tools.git?rev=5aad7164bfc2a58977b103c8ef8fdd7302ed2e9f#5aad7164)
2026-10-08T06:46:45.4286150Z [1m[92m   Compiling[0m ident_case v1.0.1
2026-10-08T06:46:45.5090030Z [1m[92m    Checking[0m aws-smithy-async v1.2.14
2026-10-08T06:46:45.6719420Z [1m[92m    Checking[0m aws-smithy-runtime-api v1.11.4
2026-10-08T06:46:46.4592170Z [1m[92m    Checking[0m pet-python-utils v0.1.0 (https://github.com/zed-industries/python-environment-tools.git?rev=5aad7164bfc2a58977b103c8ef8fdd7302ed2e9f#5aad7164)
2026-10-08T06:46:46.9159650Z [1m[92m   Compiling[0m io-lifetimes v3.0.1
2026-10-08T06:46:47.2508760Z [1m[92m   Compiling[0m io-lifetimes v2.0.4
2026-10-08T06:46:47.6233780Z [1m[92m   Compiling[0m io-extras v0.19.0
2026-10-08T06:46:47.7462860Z [1m[92m    Checking[0m breadcrumbs v0.1.0 (/Users/runner/work/koda/koda/crates/breadcrumbs)
2026-10-08T06:46:47.9591750Z [1m[92m    Checking[0m picker v0.1.0 (/Users/runner/work/koda/koda/crates/picker)
2026-10-08T06:46:48.0676150Z [1m[92m    Checking[0m editor v0.1.0 (/Users/runner/work/koda/koda/crates/editor)
2026-10-08T06:46:48.7876250Z [1m[92m    Checking[0m command_palette_hooks v0.1.0 (/Users/runner/work/koda/koda/crates/command_palette_hooks)
2026-10-08T06:46:49.0284470Z [1m[92m   Compiling[0m scratch v1.0.9 (/Users/runner/work/koda/koda/tooling/corgi/patches/scratch)
2026-10-08T06:46:49.5072300Z [1m[92m   Compiling[0m link-cplusplus v1.0.12
2026-10-08T06:46:49.7220500Z [1m[92m   Compiling[0m cap-primitives v4.0.3
2026-10-08T06:46:51.2715960Z [1m[92m    Checking[0m fs-set-times v0.20.3
2026-10-08T06:46:51.5137690Z [1m[92m   Compiling[0m darling_core v0.23.0
2026-10-08T06:46:53.8283530Z [1m[92m   Compiling[0m tower-http v0.6.11
2026-10-08T06:46:54.1853160Z [1m[92m   Compiling[0m pbjson-build v0.9.0
2026-10-08T06:46:54.7657370Z [1m[92m   Compiling[0m cap-std v4.0.3
2026-10-08T06:46:55.1745490Z [1m[92m    Checking[0m ambient-authority v0.0.2
2026-10-08T06:46:55.3532570Z [1m[92m   Compiling[0m cxxbridge-flags v1.0.187
2026-10-08T06:46:55.3865750Z [1m[92m    Checking[0m maybe-owned v0.3.4
2026-10-08T06:46:55.6799180Z [1m[92m   Compiling[0m cxx v1.0.187
2026-10-08T06:46:55.8914670Z [1m[92m   Compiling[0m codespan-reporting v0.13.0
2026-10-08T06:46:56.3306930Z [1m[92m   Compiling[0m pbjson-types v0.9.0
2026-10-08T06:46:56.8808810Z [1m[92m   Compiling[0m reqwest v0.12.24
2026-10-08T06:46:58.5164960Z [1m[92m   Compiling[0m darling_macro v0.23.0
2026-10-08T06:46:58.7621490Z [1m[92m    Checking[0m aws-smithy-eventstream v0.60.20
2026-10-08T06:46:59.1892930Z [1m[92m   Compiling[0m phf_shared v0.11.3
2026-10-08T06:46:59.2913470Z [1m[92m    Checking[0m num-bigint v0.4.8
2026-10-08T06:46:59.7303990Z [1m[92m    Checking[0m crossbeam-channel v0.5.15
2026-10-08T06:46:59.8787950Z [1m[92m   Compiling[0m portable-atomic v1.11.1
2026-10-08T06:46:59.9510010Z [1m[92m   Compiling[0m cap-fs-ext v4.0.3
2026-10-08T06:47:00.2024420Z [1m[92m    Checking[0m num-rational v0.4.2
2026-10-08T06:47:00.2261840Z [1m[92m   Compiling[0m phf_generator v0.11.3
2026-10-08T06:47:00.3552430Z [1m[92m    Checking[0m aws-smithy-http v0.63.4
2026-10-08T06:47:00.3750730Z [1m[92m   Compiling[0m darling v0.23.0
2026-10-08T06:47:00.4133410Z [1m[92m   Compiling[0m webrtc-sys-build v0.3.13 (https://github.com/zed-industries/livekit-rust-sdks?rev=0a1c519cfce9b365229026b55de9b9dbdb6fed3c#0a1c519c)
2026-10-08T06:47:00.7392390Z [1m[92m   Compiling[0m cxx-build v1.0.187
2026-10-08T06:47:02.2381830Z [1m[92m    Checking[0m aws-credential-types v1.2.12
2026-10-08T06:47:02.3666880Z [1m[92m    Checking[0m hashbrown v0.14.5
2026-10-08T06:47:02.7401470Z [1m[92m   Compiling[0m aws-types v1.3.12
2026-10-08T06:47:02.8989490Z [1m[92m    Checking[0m tokio-stream v0.1.17
2026-10-08T06:47:02.9205010Z [1m[92m    Checking[0m symphonia-core v0.5.5
2026-10-08T06:47:03.1288720Z [1m[92m    Checking[0m objc2-core-audio-types v0.3.2
2026-10-08T06:47:03.3322850Z [1m[92m    Checking[0m pbjson v0.9.0
2026-10-08T06:47:03.3962470Z [1m[92m    Checking[0m chacha20 v0.10.1
2026-10-08T06:47:03.4762990Z [1m[92m   Compiling[0m moka v0.12.11
2026-10-08T06:47:03.5080900Z [1m[92m    Checking[0m unsafe-libyaml v0.2.11
2026-10-08T06:47:03.6160530Z [1m[92m    Checking[0m rand v0.10.2
2026-10-08T06:47:03.9240640Z [1m[92m    Checking[0m objc2-core-audio v0.3.2
2026-10-08T06:47:04.0526450Z [1m[92m    Checking[0m livekit-runtime v0.4.0 (https://github.com/zed-industries/livekit-rust-sdks?rev=0a1c519cfce9b365229026b55de9b9dbdb6fed3c#0a1c519c)
2026-10-08T06:47:04.1202660Z [1m[92m   Compiling[0m webrtc-sys v0.3.23 (https://github.com/zed-industries/livekit-rust-sdks?rev=0a1c519cfce9b365229026b55de9b9dbdb6fed3c#0a1c519c)
2026-10-08T06:47:05.1715150Z [1m[92m    Checking[0m hashlink v0.8.4
2026-10-08T06:47:05.3767410Z [1m[92m   Compiling[0m phf_macros v0.11.3
2026-10-08T06:47:05.7795430Z [1m[92m    Checking[0m picker_preview v0.1.0 (/Users/runner/work/koda/koda/crates/picker_preview)
2026-10-08T06:47:06.0557820Z [1m[92m    Checking[0m aws-smithy-observability v0.2.5
2026-10-08T06:47:06.1394200Z [1m[92m    Checking[0m channel v0.1.0 (/Users/runner/work/koda/koda/crates/channel)
2026-10-08T06:47:06.1864650Z [1m[92m    Checking[0m wasmtime-wasi-io v48.0.1
2026-10-08T06:47:06.6900740Z [1m[92m    Checking[0m open_ai v0.1.0 (/Users/runner/work/koda/koda/crates/open_ai)
2026-10-08T06:47:07.1661980Z [1m[92m    Checking[0m anthropic v0.1.0 (/Users/runner/work/koda/koda/crates/anthropic)
2026-10-08T06:47:08.6540230Z [1m[92m   Compiling[0m cxxbridge-macro v1.0.187
2026-10-08T06:47:08.8217810Z [1m[92m    Checking[0m tagptr v0.2.0
2026-10-08T06:47:08.9078010Z [1m[92m   Compiling[0m extension_host v0.1.0 (/Users/runner/work/koda/koda/crates/extension_host)
2026-10-08T06:47:09.9586470Z [1m[92m    Checking[0m aws-sigv4 v1.4.0
2026-10-08T06:47:10.2804510Z [1m[92m    Checking[0m wasmtime-wasi v48.0.1
2026-10-08T06:47:12.3546170Z [1m[92m    Checking[0m aws-smithy-runtime v1.10.1
2026-10-08T06:47:14.4590360Z [1m[92m   Compiling[0m phf v0.11.3
2026-10-08T06:47:14.5655430Z [1m[92m    Checking[0m yaml-rust2 v0.8.1
2026-10-08T06:47:14.9009970Z [1m[92m    Checking[0m livekit-protocol v0.7.1 (https://github.com/zed-industries/livekit-rust-sdks?rev=0a1c519cfce9b365229026b55de9b9dbdb6fed3c#0a1c519c)
2026-10-08T06:47:24.5383330Z [1m[92m    Checking[0m objc2-audio-toolbox v0.3.2
2026-10-08T06:47:25.2923220Z [1m[92m    Checking[0m symphonia-metadata v0.5.5
2026-10-08T06:47:25.6523100Z [1m[92m    Checking[0m pet-virtualenv v0.1.0 (https://github.com/zed-industries/python-environment-tools.git?rev=5aad7164bfc2a58977b103c8ef8fdd7302ed2e9f#5aad7164)
2026-10-08T06:47:25.7941310Z [1m[92m   Compiling[0m cpal v0.17.1
2026-10-08T06:47:26.1358420Z [1m[92m    Checking[0m extended v0.1.0
2026-10-08T06:47:26.5440200Z [1m[92m   Compiling[0m pest v2.8.3
2026-10-08T06:47:28.4708350Z [1m[92m    Checking[0m symphonia-format-riff v0.5.5
2026-10-08T06:47:28.7612620Z [1m[92m    Checking[0m coreaudio-rs v0.13.0
2026-10-08T06:47:29.2661420Z [1m[92m    Checking[0m aws-runtime v1.7.0
2026-10-08T06:47:46.5243170Z [1m[92m   Compiling[0m doxygen-rs v0.4.2
2026-10-08T06:47:46.9292800Z [1m[92m    Checking[0m copilot_chat v0.1.0 (/Users/runner/work/koda/koda/crates/copilot_chat)
2026-10-08T06:47:48.5241190Z [1m[92m    Checking[0m notifications v0.1.0 (/Users/runner/work/koda/koda/crates/notifications)
2026-10-08T06:47:49.0960580Z [1m[92m    Checking[0m symphonia-codec-pcm v0.5.5
2026-10-08T06:47:49.2167210Z [1m[92m    Checking[0m auto_update v0.1.0 (/Users/runner/work/koda/koda/crates/auto_update)
2026-10-08T06:47:50.0894230Z [1m[92m    Checking[0m aws-smithy-json v0.62.5
2026-10-08T06:47:50.4181680Z [1m[92m    Checking[0m bincode v1.3.3
2026-10-08T06:47:50.6720770Z [1m[92m    Checking[0m regex-lite v0.1.8
2026-10-08T06:47:51.0014540Z [1m[92m    Checking[0m dasp_sample v0.11.0
2026-10-08T06:47:52.0612960Z [1m[92m    Checking[0m symphonia v0.5.5
2026-10-08T06:47:52.1386600Z [1m[92m    Checking[0m copilot v0.1.0 (/Users/runner/work/koda/koda/crates/copilot)
2026-10-08T06:47:53.3160560Z [1m[92m   Compiling[0m lmdb-master-sys v0.2.5
2026-10-08T06:47:53.6425190Z [1m[92m   Compiling[0m pest_meta v2.8.3
2026-10-08T06:47:55.2324970Z [1m[92m   Compiling[0m darling_core v0.20.11
2026-10-08T06:47:57.5187150Z [1m[92m    Checking[0m rand_distr v0.5.1
2026-10-08T06:47:57.8765690Z [1m[92m    Checking[0m rtrb v0.3.2
2026-10-08T06:47:58.0187650Z [1m[92m    Checking[0m hound v3.5.1
2026-10-08T06:47:58.2346340Z [1m[92m    Checking[0m rodio v0.21.1 (https://github.com/RustAudio/rodio?rev=e50e726ddd0292f6ef9de0dda6b90af4ed1fb66a#e50e726d)
2026-10-08T06:47:58.9863380Z [1m[92m   Compiling[0m darling_macro v0.20.11
2026-10-08T06:47:59.2884050Z [1m[92m   Compiling[0m pest_generator v2.8.3
2026-10-08T06:48:01.2384980Z [1m[92m    Checking[0m copilot_ui v0.1.0 (/Users/runner/work/koda/koda/crates/copilot_ui)
2026-10-08T06:48:02.0022470Z [1m[92m   Compiling[0m serde_with_macros v3.22.0
2026-10-08T06:48:02.9459410Z [1m[92m    Checking[0m pet-jsonrpc v0.1.0 (https://github.com/zed-industries/python-environment-tools.git?rev=5aad7164bfc2a58977b103c8ef8fdd7302ed2e9f#5aad7164)
2026-10-08T06:48:03.0738940Z [1m[92m    Checking[0m ai_onboarding v0.1.0 (/Users/runner/work/koda/koda/crates/ai_onboarding)
2026-10-08T06:48:03.4567350Z [1m[92m    Checking[0m ollama v0.1.0 (/Users/runner/work/koda/koda/crates/ollama)
2026-10-08T06:48:04.0195620Z [1m[92m    Checking[0m shell-words v1.1.0
2026-10-08T06:48:04.0718820Z [1m[92m   Compiling[0m heed v0.21.0
2026-10-08T06:48:04.2573910Z [1m[92m    Checking[0m heed-traits v0.20.0
2026-10-08T06:48:04.3030740Z [1m[92m    Checking[0m heed-types v0.21.0
2026-10-08T06:48:04.4189530Z [1m[92m    Checking[0m pet-reporter v0.1.0 (https://github.com/zed-industries/python-environment-tools.git?rev=5aad7164bfc2a58977b103c8ef8fdd7302ed2e9f#5aad7164)
2026-10-08T06:48:04.6071230Z [1m[92m    Checking[0m serde_with v3.22.0
2026-10-08T06:48:05.8780720Z [1m[92m   Compiling[0m pest_derive v2.8.3
2026-10-08T06:48:06.0972230Z [1m[92m   Compiling[0m darling v0.20.11
2026-10-08T06:48:06.1490110Z [1m[92m    Checking[0m remote_connection v0.1.0 (/Users/runner/work/koda/koda/crates/remote_connection)
2026-10-08T06:48:06.4272510Z [1m[92m    Checking[0m serde_yaml_ng v0.10.0
2026-10-08T06:48:07.7015040Z [1m[92m    Checking[0m proxyvars v0.2.0
2026-10-08T06:48:07.7624290Z [1m[92m    Checking[0m google_ai v0.1.0 (/Users/runner/work/koda/koda/crates/google_ai)
2026-10-08T06:48:08.2397880Z [1m[92m    Checking[0m synchronoise v1.0.1
2026-10-08T06:48:08.3013000Z [1m[92m    Checking[0m page_size v0.6.0
2026-10-08T06:48:08.3494070Z [1m[92m   Compiling[0m peg-runtime v0.8.5
2026-10-08T06:48:08.5736040Z [1m[92m    Checking[0m xmlparser v0.13.6
2026-10-08T06:48:08.7670720Z [1m[92m    Checking[0m aws-smithy-xml v0.60.15
2026-10-08T06:48:08.8446050Z [1m[92m   Compiling[0m peg-macros v0.8.5
2026-10-08T06:48:10.4977990Z [1m[92m    Checking[0m http_proxy v0.1.0 (/Users/runner/work/koda/koda/crates/http_proxy)
2026-10-08T06:48:10.7006750Z [1m[92m    Checking[0m handlebars v4.5.0
2026-10-08T06:48:11.3319470Z [1m[92m    Checking[0m agent_skills v0.1.0 (/Users/runner/work/koda/koda/crates/agent_skills)
2026-10-08T06:48:11.6505360Z [1m[92m   Compiling[0m cached_proc_macro v0.25.0
2026-10-08T06:48:12.4258330Z [1m[92m    Checking[0m agent-client-protocol-schema v1.9.1
2026-10-08T06:48:28.5119720Z [1m[92m   Compiling[0m bon-macros v3.8.2
2026-10-08T06:48:31.9059610Z [1m[92m    Checking[0m open_path_prompt v0.1.0 (/Users/runner/work/koda/koda/crates/open_path_prompt)
2026-10-08T06:48:32.4926420Z [1m[92m    Checking[0m aws-smithy-query v0.60.15
2026-10-08T06:48:32.6476540Z [1m[92m   Compiling[0m coreaudio-sys v0.2.18
2026-10-08T06:48:34.0381650Z [1m[92m   Compiling[0m agent-client-protocol-derive v2.2.0
2026-10-08T06:48:34.6276140Z [1m[92m    Checking[0m cached_proc_macro_types v0.1.1
2026-10-08T06:48:36.2820430Z [1m[92m   Compiling[0m objc-sys v0.3.5
2026-10-08T06:48:38.9276750Z [1m[92m    Checking[0m cached v0.56.0
2026-10-08T06:48:39.1080580Z [1m[92m    Checking[0m peg v0.8.5
2026-10-08T06:48:39.1610720Z [1m[92m    Checking[0m agent-client-protocol v2.2.0
2026-10-08T06:48:47.7166120Z [1m[92m    Checking[0m aws-sdk-sts v1.98.0
2026-10-08T06:48:49.4336370Z [1m[92m    Checking[0m bon v3.8.2
2026-10-08T06:48:50.1123050Z [1m[92m    Checking[0m prompt_store v0.1.0 (/Users/runner/work/koda/koda/crates/prompt_store)
2026-10-08T06:48:50.7843990Z [1m[92m    Checking[0m sandbox v0.1.0 (/Users/runner/work/koda/koda/crates/sandbox)
2026-10-08T06:48:50.9407170Z [1m[92m    Checking[0m git_ui_core v0.1.0 (/Users/runner/work/koda/koda/crates/git_ui_core)
2026-10-08T06:48:51.9661820Z [1m[92m    Checking[0m pet-conda v0.1.0 (https://github.com/zed-industries/python-environment-tools.git?rev=5aad7164bfc2a58977b103c8ef8fdd7302ed2e9f#5aad7164)
2026-10-08T06:48:52.3611920Z [1m[92m    Checking[0m aws-sdk-ssooidc v1.96.0
2026-10-08T06:48:53.6156060Z [1m[92m    Checking[0m aws-sdk-sso v1.94.0
2026-10-08T06:48:54.7035560Z [1m[92m    Checking[0m aws-sdk-bedrockruntime v1.125.0
2026-10-08T06:49:00.0855930Z [1m[92m    Checking[0m tokio-tungstenite v0.28.0
2026-10-08T06:49:00.4917510Z [1m[92m    Checking[0m search v0.1.0 (/Users/runner/work/koda/koda/crates/search)
2026-10-08T06:49:02.0857260Z [1m[92m    Checking[0m action_log v0.1.0 (/Users/runner/work/koda/koda/crates/action_log)
2026-10-08T06:49:02.6824750Z [1m[92m    Checking[0m x_ai v0.1.0 (/Users/runner/work/koda/koda/crates/x_ai)
2026-10-08T06:49:02.8034070Z [1m[92m    Checking[0m utf8-chars v3.0.6
2026-10-08T06:49:02.8756990Z [1m[92m    Checking[0m num-complex v0.4.6
2026-10-08T06:49:03.1876150Z [1m[92m   Compiling[0m livekit v0.7.32 (https://github.com/zed-industries/livekit-rust-sdks?rev=0a1c519cfce9b365229026b55de9b9dbdb6fed3c#0a1c519c)
2026-10-08T06:49:03.3787670Z [1m[92m    Checking[0m indenter v0.3.4
2026-10-08T06:49:03.4239250Z [1m[92m   Compiling[0m cbindgen v0.28.0
2026-10-08T06:49:03.6914470Z [1m[92m    Checking[0m brush-parser v0.3.0
2026-10-08T06:49:04.7925970Z [1m[92m    Checking[0m num v0.4.3
2026-10-08T06:49:04.8474010Z [1m[92m    Checking[0m x_ai_subscribed v0.1.0 (/Users/runner/work/koda/koda/crates/x_ai_subscribed)
2026-10-08T06:49:05.1952260Z [1m[92m    Checking[0m acp_thread v0.1.0 (/Users/runner/work/koda/koda/crates/acp_thread)
2026-10-08T06:49:06.8971790Z [1m[92m    Checking[0m livekit-api v0.4.14 (https://github.com/zed-industries/livekit-rust-sdks?rev=0a1c519cfce9b365229026b55de9b9dbdb6fed3c#0a1c519c)
2026-10-08T06:49:07.2962960Z [1m[92m    Checking[0m bedrock v0.1.0 (/Users/runner/work/koda/koda/crates/bedrock)
2026-10-08T06:49:07.7302230Z [1m[92m    Checking[0m aws-config v1.8.14
2026-10-08T06:49:10.6355920Z [1m[92m    Checking[0m opencode v0.1.0 (/Users/runner/work/koda/koda/crates/opencode)
2026-10-08T06:49:10.8291400Z [1m[92m    Checking[0m language_models_cloud v0.1.0 (/Users/runner/work/koda/koda/crates/language_models_cloud)
2026-10-08T06:49:11.2369370Z [1m[92m    Checking[0m openai_subscribed v0.1.0 (/Users/runner/work/koda/koda/crates/openai_subscribed)
2026-10-08T06:49:11.7012940Z [1m[92m    Checking[0m open_router v0.1.0 (/Users/runner/work/koda/koda/crates/open_router)
2026-10-08T06:49:12.3888900Z [1m[92m    Checking[0m platform_title_bar v0.1.0 (/Users/runner/work/koda/koda/crates/platform_title_bar)
2026-10-08T06:49:12.7838270Z [1m[92m    Checking[0m aws_http_client v0.1.0 (/Users/runner/work/koda/koda/crates/aws_http_client)
2026-10-08T06:49:12.9215450Z [1m[92m    Checking[0m html_to_markdown v0.1.0 (/Users/runner/work/koda/koda/crates/html_to_markdown)
2026-10-08T06:49:13.0089480Z [1m[92m    Checking[0m llama_cpp v0.1.0 (/Users/runner/work/koda/koda/crates/llama_cpp)
2026-10-08T06:49:13.3456410Z [1m[92m    Checking[0m lmstudio v0.1.0 (/Users/runner/work/koda/koda/crates/lmstudio)
2026-10-08T06:49:13.6269220Z [1m[92m    Checking[0m web_search v0.1.0 (/Users/runner/work/koda/koda/crates/web_search)
2026-10-08T06:49:13.7476270Z [1m[92m   Compiling[0m pathfinder_simd v0.5.6
2026-10-08T06:49:13.9194350Z [1m[92m    Checking[0m bmrng v0.5.2
2026-10-08T06:49:14.0397410Z [1m[92m    Checking[0m deepseek v0.1.0 (/Users/runner/work/koda/koda/crates/deepseek)
2026-10-08T06:49:14.5659380Z [1m[92m    Checking[0m mistral v0.1.0 (/Users/runner/work/koda/koda/crates/mistral)
2026-10-08T06:49:14.9960790Z [1m[92m    Checking[0m core-graphics v0.24.0
2026-10-08T06:49:15.4412900Z [1m[92m   Compiling[0m scroll_derive v0.12.1
2026-10-08T06:49:16.2293510Z [1m[92m    Checking[0m borrow-or-share v0.2.4
2026-10-08T06:49:16.2852180Z [1m[92m    Checking[0m similar v2.7.0
2026-10-08T06:49:16.6929100Z [1m[92m   Compiling[0m heck v0.4.1
2026-10-08T06:49:21.4777780Z [1m[92m    Checking[0m edit_prediction_metrics v0.1.0 (/Users/runner/work/koda/koda/crates/edit_prediction_metrics)
2026-10-08T06:49:22.3195510Z [1m[92m    Checking[0m fluent-uri v0.4.1
2026-10-08T06:49:22.7833650Z [1m[92m    Checking[0m scroll v0.12.0
2026-10-08T06:49:22.9341250Z [1m[92m    Checking[0m language_models v0.1.0 (/Users/runner/work/koda/koda/crates/language_models)
2026-10-08T06:49:25.6063920Z [1m[92m    Checking[0m libwebrtc v0.3.26 (https://github.com/zed-industries/livekit-rust-sdks?rev=0a1c519cfce9b365229026b55de9b9dbdb6fed3c#0a1c519c)
2026-10-08T06:49:25.6846820Z [1m[92m    Checking[0m objc2 v0.5.2
2026-10-08T06:49:26.3325970Z [1m[92m    Checking[0m coreaudio-rs v0.12.1
2026-10-08T06:49:26.5973380Z [1m[92m    Checking[0m agent_servers v0.1.0 (/Users/runner/work/koda/koda/crates/agent_servers)
2026-10-08T06:49:26.8229680Z [1m[92m    Checking[0m audio v0.1.0 (/Users/runner/work/koda/koda/crates/audio)
2026-10-08T06:49:27.4873590Z [1m[92m    Checking[0m fraction v0.16.0
2026-10-08T06:49:27.7229140Z [1m[92m    Checking[0m shell_command_parser v0.1.0 (/Users/runner/work/koda/koda/crates/shell_command_parser)
2026-10-08T06:49:27.8331090Z [1m[92m    Checking[0m serde_yaml v0.9.34+deprecated
2026-10-08T06:49:28.4258750Z [1m[92m    Checking[0m terminal_view v0.1.0 (/Users/runner/work/koda/koda/crates/terminal_view)
2026-10-08T06:49:28.8655910Z [1m[92m    Checking[0m edit_prediction_context v0.1.0 (/Users/runner/work/koda/koda/crates/edit_prediction_context)
2026-10-08T06:49:29.4371670Z [1m[92m    Checking[0m streaming_diff v0.1.0 (/Users/runner/work/koda/koda/crates/streaming_diff)
2026-10-08T06:49:29.4859270Z [1m[92m    Checking[0m toml_parser v1.0.4
2026-10-08T06:49:29.5462740Z [1m[92m    Checking[0m nanoid v0.4.0
2026-10-08T06:49:29.5970860Z [1m[92m   Compiling[0m tree-sitter-rust v0.24.2
2026-10-08T06:49:29.7106870Z [1m[92m    Checking[0m serde_spanned v1.0.3
2026-10-08T06:49:29.7742970Z [1m[92m    Checking[0m toml_datetime v0.7.3
2026-10-08T06:49:29.7802420Z [1m[92m    Checking[0m num-cmp v0.1.0
2026-10-08T06:49:29.8863460Z [1m[92m    Checking[0m toml_writer v1.0.4
2026-10-08T06:49:29.9265920Z [1m[92m   Compiling[0m windows_resources v0.1.0 (/Users/runner/work/koda/koda/crates/windows_resources)
2026-10-08T06:49:29.9610200Z [1m[92m    Checking[0m micromap v0.3.0
2026-10-08T06:49:29.9903790Z [1m[92m    Checking[0m fastrand v1.9.0
2026-10-08T06:49:30.0847120Z [1m[92m    Checking[0m bytecount v0.6.9
2026-10-08T06:49:30.1242540Z [1m[92m    Checking[0m referencing v0.51.0
2026-10-08T06:49:30.1577980Z [1m[92m    Checking[0m jsonschema-value v0.51.0
2026-10-08T06:49:30.2854440Z [1m[92m    Checking[0m futures-lite v1.13.0
2026-10-08T06:49:30.4781420Z [1m[92m    Checking[0m toml v0.9.8
2026-10-08T06:49:30.9145470Z [1m[92m    Checking[0m livekit_client v0.1.0 (/Users/runner/work/koda/koda/crates/livekit_client)
2026-10-08T06:49:31.4340620Z [1m[92m    Checking[0m agent v0.1.0 (/Users/runner/work/koda/koda/crates/agent)
2026-10-08T06:49:31.5965200Z [1m[92m    Checking[0m edit_prediction v0.1.0 (/Users/runner/work/koda/koda/crates/edit_prediction)
2026-10-08T06:49:33.5286640Z [1m[92m    Checking[0m dev_container v0.1.0 (/Users/runner/work/koda/koda/crates/dev_container)
2026-10-08T06:49:35.8594350Z [1m[92m    Checking[0m objc2-foundation v0.2.2
2026-10-08T06:49:36.9400310Z [1m[92m   Compiling[0m gpui_apple v0.1.0 (/Users/runner/work/koda/koda/crates/gpui_apple)
2026-10-08T06:49:37.4533510Z [1m[92m    Checking[0m uuid-simd v0.8.0
2026-10-08T06:49:37.5410410Z [1m[92m    Checking[0m crash-context v0.8.0
2026-10-08T06:49:37.6166980Z [1m[92m    Checking[0m jupyter-protocol v1.4.0
2026-10-08T06:49:38.0130850Z [1m[92m    Checking[0m cocoa-foundation v0.2.0
2026-10-08T06:49:38.5348370Z [1m[92m    Checking[0m debugid v0.8.0
2026-10-08T06:49:38.6128410Z [1m[92m    Checking[0m jsonschema-regex v0.51.0
2026-10-08T06:49:38.7069350Z [1m[92m    Checking[0m range-map v0.2.0
2026-10-08T06:49:38.8168000Z [1m[92m   Compiling[0m tree-sitter-diff v0.1.0
2026-10-08T06:49:38.9412790Z [1m[92m   Compiling[0m tree-sitter-bash v0.25.1
2026-10-08T06:49:39.0315780Z [1m[92m   Compiling[0m tree-sitter-jsdoc v0.23.2
2026-10-08T06:49:39.1325190Z [1m[92m   Compiling[0m tree-sitter-gomod v1.1.1 (https://github.com/camdencheek/tree-sitter-go-mod?rev=2e886870578eeba1927a2dc4bd2e2b3f598c5f9a#2e886870)
2026-10-08T06:49:39.2276070Z [1m[92m   Compiling[0m tree-sitter-typescript v0.23.2 (https://github.com/zed-industries/tree-sitter-typescript?rev=e2c53597d6a5d9cf7bbe8dccde576fe1e46c5899#e2c53597)
2026-10-08T06:49:39.3330160Z [1m[92m   Compiling[0m tree-sitter-gitcommit v0.0.1 (https://github.com/zed-industries/tree-sitter-git-commit?rev=88309716a69dd13ab83443721ba6e0b491d37ee9#88309716)
2026-10-08T06:49:39.4255550Z [1m[92m   Compiling[0m tree-sitter-md v0.3.2 (https://github.com/zed-industries/tree-sitter-markdown?rev=b596e737286780d7bfa9fcddceaeeb754574b352#b596e737)
2026-10-08T06:49:39.5254350Z [1m[92m   Compiling[0m tree-sitter-css v0.23.2
2026-10-08T06:49:39.6177070Z [1m[92m   Compiling[0m tree-sitter-go v0.25.0
2026-10-08T06:49:39.7408110Z [1m[92m   Compiling[0m tree-sitter-yaml v0.6.1 (https://github.com/zed-industries/tree-sitter-yaml?rev=baff0b51c64ef6a1fb1f8390f3ad6015b83ec13a#baff0b51)
2026-10-08T06:49:39.8074740Z [1m[92m   Compiling[0m tree-sitter-python v0.25.0
2026-10-08T06:49:39.9438130Z [1m[92m   Compiling[0m tree-sitter-gowork v0.0.1 (https://github.com/zed-industries/tree-sitter-go-work?rev=acb0617bf7f4fda02c6217676cc64acb89536dc7#acb0617b)
2026-10-08T06:49:40.0071290Z [1m[92m   Compiling[0m tree-sitter-cpp v0.23.4 (https://github.com/tree-sitter/tree-sitter-cpp?rev=5cb9b693cfd7bfacab1d9ff4acac1a4150700609#5cb9b693)
2026-10-08T06:49:40.1554180Z [1m[92m   Compiling[0m tree-sitter-regex v0.24.3
2026-10-08T06:49:40.2227770Z [1m[92m   Compiling[0m tree-sitter-c v0.24.1
2026-10-08T06:49:40.3432540Z [1m[92m    Checking[0m email_address v0.2.9
2026-10-08T06:49:40.4422120Z [1m[92m   Compiling[0m smart-default v0.7.1
2026-10-08T06:49:40.4523480Z [1m[92m   Compiling[0m num-derive v0.4.2
2026-10-08T06:49:40.8909060Z [1m[92m   Compiling[0m minidump-writer v0.13.0
2026-10-08T06:49:41.0657890Z [1m[92m   Compiling[0m zed-font-kit v0.14.1-zed (https://github.com/zed-industries/font-kit?rev=94b0f28166665e8fd2f53ff6d268a14955c82269#94b0f281)
2026-10-08T06:49:41.1992020Z [1m[92m    Checking[0m sdd v4.6.2
2026-10-08T06:49:41.2580350Z [1m[92m    Checking[0m plain v0.2.3
2026-10-08T06:49:41.3198350Z [1m[92m    Checking[0m saa v5.4.9
2026-10-08T06:49:41.4660190Z [1m[92m    Checking[0m goblin v0.9.3
2026-10-08T06:49:41.5563230Z [1m[92m    Checking[0m scc v3.5.6
2026-10-08T06:49:42.3745360Z [1m[92m    Checking[0m minidump-common v0.26.1
2026-10-08T06:49:43.3174410Z [1m[92m    Checking[0m jsonschema v0.51.0
2026-10-08T06:49:52.8544030Z [1m[92m    Checking[0m cocoa v0.26.0
2026-10-08T06:49:54.2326470Z [1m[92m    Checking[0m objc2-app-kit v0.2.2
2026-10-08T06:49:55.3173850Z [1m[92m    Checking[0m pathfinder_geometry v0.5.1
2026-10-08T06:49:55.4375790Z [1m[92m    Checking[0m recent_projects v0.1.0 (/Users/runner/work/koda/koda/crates/recent_projects)
2026-10-08T06:49:55.6054550Z [1m[92m    Checking[0m call v0.1.0 (/Users/runner/work/koda/koda/crates/call)
2026-10-08T06:49:56.6575920Z [1m[92m    Checking[0m async-dispatcher v0.1.2
2026-10-08T06:49:56.7392410Z [1m[92m    Checking[0m core-text v21.0.0
2026-10-08T06:49:56.8619060Z [1m[92m    Checking[0m command_palette v0.1.0 (/Users/runner/work/koda/koda/crates/command_palette)
2026-10-08T06:49:56.9358130Z [1m[92m    Checking[0m objc2-core-location v0.3.2
2026-10-08T06:49:57.0609740Z [1m[92m    Checking[0m objc2-core-media v0.3.2
2026-10-08T06:49:57.2333280Z [1m[92m    Checking[0m accesskit_consumer v0.38.0
2026-10-08T06:49:57.5080960Z [1m[92m    Checking[0m objc2-core-graphics v0.3.2
2026-10-08T06:49:57.5466820Z [1m[92m    Checking[0m asynchronous-codec v0.7.0
2026-10-08T06:49:57.6709130Z [1m[92m    Checking[0m error-graph v0.1.1
2026-10-08T06:49:57.7270880Z [1m[92m    Checking[0m float-ord v0.3.2
2026-10-08T06:49:57.7688570Z [1m[92m   Compiling[0m pet v0.1.0 (https://github.com/zed-industries/python-environment-tools.git?rev=5aad7164bfc2a58977b103c8ef8fdd7302ed2e9f#5aad7164)
2026-10-08T06:49:57.7841880Z [1m[92m    Checking[0m failspot v0.2.0
2026-10-08T06:49:57.8294180Z [1m[92m    Checking[0m human_bytes v0.4.3
2026-10-08T06:49:57.8787660Z [1m[92m    Checking[0m system_specs v0.1.0 (/Users/runner/work/koda/koda/crates/system_specs)
2026-10-08T06:49:58.2438240Z [1m[92m    Checking[0m objc2-screen-capture-kit v0.3.2
2026-10-08T06:49:58.3207800Z [1m[92m    Checking[0m zeromq v0.5.0
2026-10-08T06:49:58.4744780Z [1m[92m    Checking[0m accesskit_macos v0.26.3
2026-10-08T06:49:58.7550160Z [1m[92m    Checking[0m objc2-user-notifications v0.3.2
2026-10-08T06:49:59.5229780Z [1m[92m    Checking[0m agent_ui v0.1.0 (/Users/runner/work/koda/koda/crates/agent_ui)
2026-10-08T06:49:59.6397770Z [1m[92m    Checking[0m codestral v0.1.0 (/Users/runner/work/koda/koda/crates/codestral)
2026-10-08T06:50:00.0923650Z [1m[92m    Checking[0m pet-uv v0.1.0 (https://github.com/zed-industries/python-environment-tools.git?rev=5aad7164bfc2a58977b103c8ef8fdd7302ed2e9f#5aad7164)
2026-10-08T06:50:00.2472000Z [1m[92m    Checking[0m pet-hatch v0.1.0 (https://github.com/zed-industries/python-environment-tools.git?rev=5aad7164bfc2a58977b103c8ef8fdd7302ed2e9f#5aad7164)
2026-10-08T06:50:00.3927330Z [1m[92m   Compiling[0m cli v0.1.0 (/Users/runner/work/koda/koda/crates/cli)
2026-10-08T06:50:00.6188440Z [1m[92m    Checking[0m pet-pyenv v0.1.0 (https://github.com/zed-industries/python-environment-tools.git?rev=5aad7164bfc2a58977b103c8ef8fdd7302ed2e9f#5aad7164)
2026-10-08T06:50:00.7727010Z [1m[92m    Checking[0m pet-env-var-path v0.1.0 (https://github.com/zed-industries/python-environment-tools.git?rev=5aad7164bfc2a58977b103c8ef8fdd7302ed2e9f#5aad7164)
2026-10-08T06:50:00.8354330Z [1m[92m    Checking[0m pet-global-virtualenvs v0.1.0 (https://github.com/zed-industries/python-environment-tools.git?rev=5aad7164bfc2a58977b103c8ef8fdd7302ed2e9f#5aad7164)
2026-10-08T06:50:00.8860920Z [1m[92m    Checking[0m pet-homebrew v0.1.0 (https://github.com/zed-industries/python-environment-tools.git?rev=5aad7164bfc2a58977b103c8ef8fdd7302ed2e9f#5aad7164)
2026-10-08T06:50:01.0087490Z [1m[92m    Checking[0m pet-pixi v0.1.0 (https://github.com/zed-industries/python-environment-tools.git?rev=5aad7164bfc2a58977b103c8ef8fdd7302ed2e9f#5aad7164)
2026-10-08T06:50:01.0788260Z [1m[92m    Checking[0m pet-poetry v0.1.0 (https://github.com/zed-industries/python-environment-tools.git?rev=5aad7164bfc2a58977b103c8ef8fdd7302ed2e9f#5aad7164)
2026-10-08T06:50:01.2590770Z [1m[92m    Checking[0m pet-virtualenvwrapper v0.1.0 (https://github.com/zed-industries/python-environment-tools.git?rev=5aad7164bfc2a58977b103c8ef8fdd7302ed2e9f#5aad7164)
2026-10-08T06:50:01.3292410Z [1m[92m    Checking[0m pet-mac-xcode v0.1.0 (https://github.com/zed-industries/python-environment-tools.git?rev=5aad7164bfc2a58977b103c8ef8fdd7302ed2e9f#5aad7164)
2026-10-08T06:50:01.3959340Z [1m[92m    Checking[0m pet-mac-commandlinetools v0.1.0 (https://github.com/zed-industries/python-environment-tools.git?rev=5aad7164bfc2a58977b103c8ef8fdd7302ed2e9f#5aad7164)
2026-10-08T06:50:01.4570670Z [1m[92m    Checking[0m pet-mac-python-org v0.1.0 (https://github.com/zed-industries/python-environment-tools.git?rev=5aad7164bfc2a58977b103c8ef8fdd7302ed2e9f#5aad7164)
2026-10-08T06:50:01.5244620Z [1m[92m    Checking[0m pet-venv v0.1.0 (https://github.com/zed-industries/python-environment-tools.git?rev=5aad7164bfc2a58977b103c8ef8fdd7302ed2e9f#5aad7164)
2026-10-08T06:50:01.5830330Z [1m[92m    Checking[0m pet-pipenv v0.1.0 (https://github.com/zed-industries/python-environment-tools.git?rev=5aad7164bfc2a58977b103c8ef8fdd7302ed2e9f#5aad7164)
2026-10-08T06:50:01.6649760Z [1m[92m    Checking[0m pet-linux-global-python v0.1.0 (https://github.com/zed-industries/python-environment-tools.git?rev=5aad7164bfc2a58977b103c8ef8fdd7302ed2e9f#5aad7164)
2026-10-08T06:50:01.7187920Z [1m[92m    Checking[0m android_ui v0.1.0 (/Users/runner/work/koda/koda/crates/android_ui)
2026-10-08T06:50:03.9582900Z [1m[92m    Checking[0m markdown_preview v0.1.0 (/Users/runner/work/koda/koda/crates/markdown_preview)
2026-10-08T06:50:04.6491390Z [1m[92m    Checking[0m pet-telemetry v0.1.0 (https://github.com/zed-industries/python-environment-tools.git?rev=5aad7164bfc2a58977b103c8ef8fdd7302ed2e9f#5aad7164)
2026-10-08T06:50:04.7121260Z [1m[92m    Checking[0m clap_complete v4.5.59
2026-10-08T06:50:04.8909120Z [1m[92m    Checking[0m json_schema_store v0.1.0 (/Users/runner/work/koda/koda/crates/json_schema_store)
2026-10-08T06:50:05.3350060Z [1m[92m    Checking[0m console v0.16.3
2026-10-08T06:50:05.6533380Z [1m[92m    Checking[0m objc2-app-kit v0.3.2
2026-10-08T06:50:06.6753330Z [1m[92m    Checking[0m env_filter v0.1.4
2026-10-08T06:50:06.7624320Z [1m[92m    Checking[0m jiff v0.2.15
2026-10-08T06:50:07.3952970Z [1m[92m    Checking[0m sys-locale v0.3.2
2026-10-08T06:50:07.4398360Z [1m[92m    Checking[0m time_format v0.1.0 (/Users/runner/work/koda/koda/crates/time_format)
2026-10-08T06:50:07.5305640Z [1m[92m    Checking[0m gpui_macos v0.1.0 (/Users/runner/work/koda/koda/crates/gpui_macos)
2026-10-08T06:50:08.6389440Z [1m[92m    Checking[0m env_logger v0.11.8
2026-10-08T06:50:08.7842130Z [1m[92m    Checking[0m dialoguer v0.12.0
2026-10-08T06:50:08.9778980Z [1m[92m    Checking[0m clap_complete_nushell v4.6.0
2026-10-08T06:50:09.1851570Z [1m[92m    Checking[0m title_bar v0.1.0 (/Users/runner/work/koda/koda/crates/title_bar)
2026-10-08T06:50:09.4194830Z [1m[92m    Checking[0m edit_prediction_ui v0.1.0 (/Users/runner/work/koda/koda/crates/edit_prediction_ui)
2026-10-08T06:50:09.9743250Z [1m[92m    Checking[0m grammars v0.1.0 (/Users/runner/work/koda/koda/crates/grammars)
2026-10-08T06:50:10.0808870Z [1m[92m    Checking[0m runtimelib v1.4.0
2026-10-08T06:50:10.1432010Z [1m[92m    Checking[0m minidumper v0.11.0
2026-10-08T06:50:10.2936320Z [1m[92m    Checking[0m jupyter-websocket-client v1.1.0
2026-10-08T06:50:10.3014920Z [1m[92m    Checking[0m nbformat v1.2.0
2026-10-08T06:50:10.4927850Z [1m[92m    Checking[0m crash-handler v0.8.0
2026-10-08T06:50:10.5772710Z [1m[92m   Compiling[0m zed v1.23.0 (/Users/runner/work/koda/koda/crates/zed)
2026-10-08T06:50:10.8299990Z [1m[92m    Checking[0m ipc-channel v0.19.0
2026-10-08T06:50:10.8387580Z [1m[92m    Checking[0m outline v0.1.0 (/Users/runner/work/koda/koda/crates/outline)
2026-10-08T06:50:11.1687580Z [1m[92m    Checking[0m debugger_tools v0.1.0 (/Users/runner/work/koda/koda/crates/debugger_tools)
2026-10-08T06:50:11.5412170Z [1m[92m    Checking[0m tasks_ui v0.1.0 (/Users/runner/work/koda/koda/crates/tasks_ui)
2026-10-08T06:50:11.6459840Z [1m[92m    Checking[0m plist v1.10.0
2026-10-08T06:50:11.9676760Z [1m[92m    Checking[0m extension_suggest v0.1.0 (/Users/runner/work/koda/koda/crates/extension_suggest)
2026-10-08T06:50:12.0351300Z [1m[92m    Checking[0m core-services v1.0.0
2026-10-08T06:50:12.0518880Z [1m[92m    Checking[0m parse_int v0.9.0
2026-10-08T06:50:12.0980600Z [1m[92m    Checking[0m dotenvy v0.15.7
2026-10-08T06:50:12.1122310Z [1m[92m    Checking[0m debugger_ui v0.1.0 (/Users/runner/work/koda/koda/crates/debugger_ui)
2026-10-08T06:50:12.1904040Z [1m[92m    Checking[0m dap_adapters v0.1.0 (/Users/runner/work/koda/koda/crates/dap_adapters)
2026-10-08T06:50:13.1444250Z [1m[92m    Checking[0m extensions_ui v0.1.0 (/Users/runner/work/koda/koda/crates/extensions_ui)
2026-10-08T06:50:13.7823980Z [1m[92m    Checking[0m outline_panel v0.1.0 (/Users/runner/work/koda/koda/crates/outline_panel)
2026-10-08T06:50:14.0437770Z [1m[92m    Checking[0m repl v0.1.0 (/Users/runner/work/koda/koda/crates/repl)
2026-10-08T06:50:14.8336020Z [1m[92m    Checking[0m crashes v0.1.0 (/Users/runner/work/koda/koda/crates/crashes)
2026-10-08T06:50:15.0943510Z [1m[92m    Checking[0m settings_ui v0.1.0 (/Users/runner/work/koda/koda/crates/settings_ui)
2026-10-08T06:50:15.7009300Z [1m[92m    Checking[0m languages v0.1.0 (/Users/runner/work/koda/koda/crates/languages)
2026-10-08T06:50:17.8215560Z [1m[92m    Checking[0m collab_ui v0.1.0 (/Users/runner/work/koda/koda/crates/collab_ui)
2026-10-08T06:50:18.5490180Z [1m[92m    Checking[0m reqwest_client v0.1.0 (/Users/runner/work/koda/koda/crates/reqwest_client)
2026-10-08T06:50:18.6758270Z [1m[92m    Checking[0m vim v0.1.0 (/Users/runner/work/koda/koda/crates/vim)
2026-10-08T06:50:19.0876960Z [1m[92m    Checking[0m gpui_platform v0.1.0 (/Users/runner/work/koda/koda/crates/gpui_platform)
2026-10-08T06:50:19.1859240Z [1m[92m    Checking[0m git_ui v0.1.0 (/Users/runner/work/koda/koda/crates/git_ui)
2026-10-08T06:50:22.3483940Z [1m[92m    Checking[0m sidebar v0.1.0 (/Users/runner/work/koda/koda/crates/sidebar)
2026-10-08T06:50:22.6663800Z [1m[92m    Checking[0m acp_tools v0.1.0 (/Users/runner/work/koda/koda/crates/acp_tools)
2026-10-08T06:50:23.0698120Z [1m[92m    Checking[0m keymap_editor v0.1.0 (/Users/runner/work/koda/koda/crates/keymap_editor)
2026-10-08T06:50:23.6289130Z [1m[92m    Checking[0m project_panel v0.1.0 (/Users/runner/work/koda/koda/crates/project_panel)
2026-10-08T06:50:23.9203330Z [1m[92m    Checking[0m auto_update_ui v0.1.0 (/Users/runner/work/koda/koda/crates/auto_update_ui)
2026-10-08T06:50:24.3342140Z [1m[92m    Checking[0m feedback v0.1.0 (/Users/runner/work/koda/koda/crates/feedback)
2026-10-08T06:50:24.6300730Z [1m[92m    Checking[0m which_key v0.1.0 (/Users/runner/work/koda/koda/crates/which_key)
2026-10-08T06:50:25.0543150Z [1m[92m    Checking[0m language_tools v0.1.0 (/Users/runner/work/koda/koda/crates/language_tools)
2026-10-08T06:50:25.2847720Z [1m[92m    Checking[0m web_search_providers v0.1.0 (/Users/runner/work/koda/koda/crates/web_search_providers)
2026-10-08T06:50:25.4860190Z [1m[92m    Checking[0m file_finder v0.1.0 (/Users/runner/work/koda/koda/crates/file_finder)
2026-10-08T06:50:25.8682100Z [1m[92m    Checking[0m toolchain_selector v0.1.0 (/Users/runner/work/koda/koda/crates/toolchain_selector)
2026-10-08T06:50:25.9582280Z [1m[92m    Checking[0m snippets_ui v0.1.0 (/Users/runner/work/koda/koda/crates/snippets_ui)
2026-10-08T06:50:26.2977910Z [1m[92m    Checking[0m language_selector v0.1.0 (/Users/runner/work/koda/koda/crates/language_selector)
2026-10-08T06:50:26.3249180Z [1m[92m    Checking[0m activity_indicator v0.1.0 (/Users/runner/work/koda/koda/crates/activity_indicator)
2026-10-08T06:50:26.6998940Z [1m[92m    Checking[0m onboarding v0.1.0 (/Users/runner/work/koda/koda/crates/onboarding)
2026-10-08T06:50:26.7940610Z [1m[92m    Checking[0m component_preview v0.1.0 (/Users/runner/work/koda/koda/crates/component_preview)
2026-10-08T06:50:27.1922890Z [1m[92m    Checking[0m project_symbols v0.1.0 (/Users/runner/work/koda/koda/crates/project_symbols)
2026-10-08T06:50:27.3674650Z [1m[92m    Checking[0m lsp_locations v0.1.0 (/Users/runner/work/koda/koda/crates/lsp_locations)
2026-10-08T06:50:27.4874870Z [1m[92m    Checking[0m image_viewer v0.1.0 (/Users/runner/work/koda/koda/crates/image_viewer)
2026-10-08T06:50:27.7675600Z [1m[92m    Checking[0m tabular_data_preview v0.1.0 (/Users/runner/work/koda/koda/crates/tabular_data_preview)
2026-10-08T06:50:27.9101390Z [1m[92m    Checking[0m line_ending_selector v0.1.0 (/Users/runner/work/koda/koda/crates/line_ending_selector)
2026-10-08T06:50:28.1532410Z [1m[92m    Checking[0m call_hierarchy v0.1.0 (/Users/runner/work/koda/koda/crates/call_hierarchy)
2026-10-08T06:50:28.2547670Z [1m[92m    Checking[0m language_onboarding v0.1.0 (/Users/runner/work/koda/koda/crates/language_onboarding)
2026-10-08T06:50:28.4097670Z [1m[92m    Checking[0m inspector_ui v0.1.0 (/Users/runner/work/koda/koda/crates/inspector_ui)
2026-10-08T06:50:28.6063910Z [1m[92m    Checking[0m go_to_line v0.1.0 (/Users/runner/work/koda/koda/crates/go_to_line)
2026-10-08T06:50:28.7619320Z [1m[92m    Checking[0m tab_switcher v0.1.0 (/Users/runner/work/koda/koda/crates/tab_switcher)
2026-10-08T06:50:28.9710090Z [1m[92m    Checking[0m encoding_selector v0.1.0 (/Users/runner/work/koda/koda/crates/encoding_selector)
2026-10-08T06:50:29.2281140Z [1m[92m    Checking[0m journal v0.1.0 (/Users/runner/work/koda/koda/crates/journal)
2026-10-08T06:50:29.3382580Z [1m[92m    Checking[0m diagnostics v0.1.0 (/Users/runner/work/koda/koda/crates/diagnostics)
2026-10-08T06:50:29.5582110Z [1m[92m    Checking[0m lsp_command_selector v0.1.0 (/Users/runner/work/koda/koda/crates/lsp_command_selector)
2026-10-08T06:50:29.9069030Z [1m[92m    Checking[0m miniprofiler_ui v0.1.0 (/Users/runner/work/koda/koda/crates/miniprofiler_ui)
2026-10-08T06:50:29.9131750Z [1m[92m    Checking[0m settings_profile_selector v0.1.0 (/Users/runner/work/koda/koda/crates/settings_profile_selector)
2026-10-08T06:50:30.0987120Z [1m[92m    Checking[0m theme_selector v0.1.0 (/Users/runner/work/koda/koda/crates/theme_selector)
2026-10-08T06:50:30.2043870Z [1m[92m    Checking[0m install_cli v0.1.0 (/Users/runner/work/koda/koda/crates/install_cli)
2026-10-08T06:50:30.3742240Z [1m[92m    Checking[0m ui_prompt v0.1.0 (/Users/runner/work/koda/koda/crates/ui_prompt)
2026-10-08T06:50:30.4821700Z [1m[92m    Checking[0m svg_preview v0.1.0 (/Users/runner/work/koda/koda/crates/svg_preview)
2026-10-08T06:50:30.5854040Z [1m[92m    Checking[0m language_extension v0.1.0 (/Users/runner/work/koda/koda/crates/language_extension)
2026-10-08T06:50:30.7464390Z [1m[92m    Checking[0m theme_extension v0.1.0 (/Users/runner/work/koda/koda/crates/theme_extension)
2026-10-08T06:50:30.8780720Z [1m[92m    Checking[0m debug_adapter_extension v0.1.0 (/Users/runner/work/koda/koda/crates/debug_adapter_extension)
2026-10-08T06:50:30.9079800Z [1m[92m    Checking[0m zlog_settings v0.1.0 (/Users/runner/work/koda/koda/crates/zlog_settings)
2026-10-08T06:50:31.0581850Z [1m[92m    Checking[0m input_latency_ui v0.1.0 (/Users/runner/work/koda/koda/crates/input_latency_ui)
2026-10-08T06:50:31.0883230Z [1m[92m    Checking[0m hang_telemetry v0.1.0 (/Users/runner/work/koda/koda/crates/hang_telemetry)
2026-10-08T06:50:33.3111660Z [1m[92m    Finished[0m `dev` profile [unoptimized] target(s) in 15m 21s
2026-10-08T06:50:33.3284910Z [1m[33mwarning[0m: the following packages contain code that will be rejected by a future version of Rust: block v0.1.6
2026-10-08T06:50:33.3339860Z [1m[92mnote[0m: to see what the problems were, use the option `--future-incompat-report`, or run `cargo report future-incompatibilities --id 1`
2026-10-08T06:50:33.9706290Z macOS app check: 921.9s (exit 0)
2026-10-08T06:50:34.0125420Z ##[group]Run actions/cache/save@0057852bfaa89a56745cba8c7296529d2fc39830
2026-10-08T06:50:34.0125840Z with:
2026-10-08T06:50:34.0126410Z   path: target/debug/.fingerprint
target/debug/build
target/debug/deps/*.rlib
target/debug/deps/*.rmeta
target/debug/deps/*.dylib
target/debug/deps/*.a
target/debug/deps/*.d

2026-10-08T06:50:34.0127870Z   key: fork-ci-build-v2-macOS-ARM64-macos15-xcode16.4-dev-debug0-eff68d54502d28a838f84354ec306df7a6499991c0c1d8518658bc8ecc2758fa-62433dcec7df1eda715520c2f18b1f29c6d8044897077192799fc2bdd7cd0f98-f763baebb6d0970b283f759967d7980084317e67
2026-10-08T06:50:34.0128960Z   enableCrossOsArchive: false
2026-10-08T06:50:34.0129220Z env:
2026-10-08T06:50:34.0129480Z   CARGO_TERM_COLOR: always
2026-10-08T06:50:34.0129720Z   CARGO_INCREMENTAL: 0
2026-10-08T06:50:34.0130020Z   CARGO_PROFILE_DEV_DEBUG: 0
2026-10-08T06:50:34.0130280Z   CARGO_PROFILE_DEV_BUILD_OVERRIDE_DEBUG: 0
2026-10-08T06:50:34.0130610Z   RUST_BACKTRACE: 1
2026-10-08T06:50:34.0131050Z   DEVELOPER_DIR: /Applications/Xcode_16.4.app/Contents/Developer
2026-10-08T06:50:34.0131370Z   CARGO_BUILD_JOBS: 2
2026-10-08T06:50:34.0131540Z   CI_TEST_THREADS: 3
2026-10-08T06:50:34.0131700Z ##[endgroup]
2026-10-08T06:50:34.4805370Z (node:45202) [DEP0040] DeprecationWarning: The `punycode` module is deprecated. Please use a userland alternative instead.
2026-10-08T06:50:34.4806650Z (Use `node --trace-deprecation ...` to show where the warning was created)
2026-10-08T06:50:34.8265210Z [command]/opt/homebrew/bin/gtar --posix -cf cache.tzst --exclude cache.tzst -P -C /Users/runner/work/koda/koda --files-from manifest.txt --delay-directory-restore --use-compress-program zstdmt
2026-10-08T06:50:56.9642030Z (node:45202) [DEP0169] DeprecationWarning: `url.parse()` behavior is not standardized and prone to errors that have security implications. Use the WHATWG URL API instead. CVEs are not issued for `url.parse()` vulnerabilities.
2026-10-08T06:50:57.9482630Z Sent 0 of 1093763250 (0.0%), 0.0 MBs/sec
2026-10-08T06:50:58.9622640Z Sent 0 of 1093763250 (0.0%), 0.0 MBs/sec
2026-10-08T06:50:59.9529260Z Sent 0 of 1093763250 (0.0%), 0.0 MBs/sec
2026-10-08T06:51:00.9523680Z Sent 0 of 1093763250 (0.0%), 0.0 MBs/sec
2026-10-08T06:51:01.9552300Z Sent 536870912 of 1093763250 (49.1%), 102.2 MBs/sec
2026-10-08T06:51:02.9565770Z Sent 536870912 of 1093763250 (49.1%), 85.2 MBs/sec
2026-10-08T06:51:03.9576010Z Sent 536870912 of 1093763250 (49.1%), 73.0 MBs/sec
2026-10-08T06:51:04.9570220Z Sent 805306368 of 1093763250 (73.6%), 95.9 MBs/sec
2026-10-08T06:51:05.9710320Z Sent 1026654386 of 1093763250 (93.9%), 108.6 MBs/sec
2026-10-08T06:51:06.1653430Z Sent 1093763250 of 1093763250 (100.0%), 113.1 MBs/sec
2026-10-08T06:51:06.4896240Z Cache saved with key: fork-ci-build-v2-macOS-ARM64-macos15-xcode16.4-dev-debug0-eff68d54502d28a838f84354ec306df7a6499991c0c1d8518658bc8ecc2758fa-62433dcec7df1eda715520c2f18b1f29c6d8044897077192799fc2bdd7cd0f98-f763baebb6d0970b283f759967d7980084317e67
2026-10-08T06:51:06.5375390Z Post job cleanup.
2026-10-08T06:51:06.7464150Z [command]/opt/homebrew/bin/git version
2026-10-08T06:51:06.7717080Z git version 2.55.0
2026-10-08T06:51:06.7740770Z Copying '/Users/runner/.gitconfig' to '/Users/runner/work/_temp/89cd1bf1-77fa-4c01-8834-256e77a64af7/.gitconfig'
2026-10-08T06:51:06.7759540Z Temporarily overriding HOME='/Users/runner/work/_temp/89cd1bf1-77fa-4c01-8834-256e77a64af7' before making global git config changes
2026-10-08T06:51:06.7761790Z Adding repository directory to the temporary git global config as a safe directory
2026-10-08T06:51:06.7764280Z [command]/opt/homebrew/bin/git config --global --add safe.directory /Users/runner/work/koda/koda
2026-10-08T06:51:06.7901110Z [command]/opt/homebrew/bin/git config --local --name-only --get-regexp core\.sshCommand
2026-10-08T06:51:06.7962920Z [command]/opt/homebrew/bin/git submodule foreach --recursive sh -c "git config --local --name-only --get-regexp 'core\.sshCommand' && git config --local --unset-all 'core.sshCommand' || :"
2026-10-08T06:51:06.9033880Z [command]/opt/homebrew/bin/git config --local --name-only --get-regexp http\.https\:\/\/github\.com\/\.extraheader
2026-10-08T06:51:06.9114320Z [command]/opt/homebrew/bin/git submodule foreach --recursive sh -c "git config --local --name-only --get-regexp 'http\.https\:\/\/github\.com\/\.extraheader' && git config --local --unset-all 'http.https://github.com/.extraheader' || :"
2026-10-08T06:51:07.0178690Z [command]/opt/homebrew/bin/git config --local --name-only --get-regexp ^includeIf\.gitdir:
2026-10-08T06:51:07.0258410Z [command]/opt/homebrew/bin/git submodule foreach --recursive git config --local --show-origin --name-only --get-regexp remote.origin.url
2026-10-08T06:51:07.2249900Z Cleaning up orphan processes
2026-10-08T06:51:09.4612980Z ##[warning]Node.js 20 is deprecated. The following actions target Node.js 20 but are being forced to run on Node.js 24: actions/cache/restore@0057852bfaa89a56745cba8c7296529d2fc39830, actions/cache/save@0057852bfaa89a56745cba8c7296529d2fc39830. For more information see: https://github.blog/changelog/2025-09-19-deprecation-of-node-20-on-github-actions-runners/
