2026-10-08T02:17:23.4687400Z Current runner version: '2.337.0'
2026-10-08T02:17:23.4702140Z ##[group]Runner Image Provisioner
2026-10-08T02:17:23.4702730Z Hosted Compute Agent
2026-10-08T02:17:23.4703130Z Version: 20260828.587
2026-10-08T02:17:23.4703620Z Commit: abac92662cab4cc7352de4f9f9d2e2419aad9c29
2026-10-08T02:17:23.4704160Z Build Date: 2026-08-28T16:44:25Z
2026-10-08T02:17:23.4704610Z Worker ID: {13e756a8-e944-42cc-8923-7eda784e3585}
2026-10-08T02:17:23.4705110Z Azure Region: westus
2026-10-08T02:17:23.4705540Z ##[endgroup]
2026-10-08T02:17:23.4706590Z ##[group]Operating System
2026-10-08T02:17:23.4707060Z macOS
2026-10-08T02:17:23.4707420Z 15.7.9
2026-10-08T02:17:23.4707750Z 24G830
2026-10-08T02:17:23.4708100Z ##[endgroup]
2026-10-08T02:17:23.4708540Z ##[group]Runner Image
2026-10-08T02:17:23.4709060Z Image: macos-15-arm64
2026-10-08T02:17:23.4709520Z Version: 20260907.0337.1
2026-10-08T02:17:23.4710490Z Included Software: https://github.com/actions/runner-images/blob/macos-15-arm64/20260907.0337/images/macos/macos-15-arm64-Readme.md
2026-10-08T02:17:23.4711530Z Image Release: https://github.com/actions/runner-images/releases/tag/macos-15-arm64%2F20260907.0337
2026-10-08T02:17:23.4712320Z ##[endgroup]
2026-10-08T02:17:23.4713210Z ##[group]GITHUB_TOKEN Permissions
2026-10-08T02:17:23.4714320Z Contents: read
2026-10-08T02:17:23.4714760Z Metadata: read
2026-10-08T02:17:23.4715230Z ##[endgroup]
2026-10-08T02:17:23.4716670Z Secret source: Actions
2026-10-08T02:17:23.4717340Z Cache mode: write
2026-10-08T02:17:23.4717860Z Prepare workflow directory
2026-10-08T02:17:23.5196500Z Prepare all required actions
2026-10-08T02:17:23.5339310Z Getting action download info
2026-10-08T02:17:23.7079570Z Download action repository 'actions/checkout@93cb6efe18208431cddfb8368fd83d5badbf9bfd' (SHA:93cb6efe18208431cddfb8368fd83d5badbf9bfd)
2026-10-08T02:17:24.5417180Z Download action repository 'actions/cache@0057852bfaa89a56745cba8c7296529d2fc39830' (SHA:0057852bfaa89a56745cba8c7296529d2fc39830)
2026-10-08T02:17:24.7992550Z Complete job name: macOS application check
2026-10-08T02:17:24.8561030Z ##[group]Run actions/checkout@93cb6efe18208431cddfb8368fd83d5badbf9bfd
2026-10-08T02:17:24.8561680Z with:
2026-10-08T02:17:24.8562000Z   persist-credentials: false
2026-10-08T02:17:24.8562390Z   ref: 7a05fb23fb76f2b6616d1d8375545a22b596b4a3
2026-10-08T02:17:24.8562810Z   repository: anilbeesetti/koda
2026-10-08T02:17:24.8565490Z   token: ***
2026-10-08T02:17:24.8565790Z   ssh-strict: true
2026-10-08T02:17:24.8566110Z   ssh-user: git
2026-10-08T02:17:24.8566420Z   clean: true
2026-10-08T02:17:24.8566750Z   sparse-checkout-cone-mode: true
2026-10-08T02:17:24.8567180Z   fetch-depth: 1
2026-10-08T02:17:24.8567550Z   fetch-tags: false
2026-10-08T02:17:24.8567870Z   show-progress: true
2026-10-08T02:17:24.8568200Z   lfs: false
2026-10-08T02:17:24.8568570Z   submodules: false
2026-10-08T02:17:24.8568920Z   set-safe-directory: true
2026-10-08T02:17:24.8569430Z env:
2026-10-08T02:17:24.8569730Z   CARGO_TERM_COLOR: always
2026-10-08T02:17:24.8570080Z   CARGO_INCREMENTAL: 0
2026-10-08T02:17:24.8570480Z   CARGO_PROFILE_DEV_DEBUG: 0
2026-10-08T02:17:24.8570860Z   CARGO_PROFILE_DEV_BUILD_OVERRIDE_DEBUG: 0
2026-10-08T02:17:24.8571240Z   RUST_BACKTRACE: 1
2026-10-08T02:17:24.8571640Z   DEVELOPER_DIR: /Applications/Xcode_16.4.app/Contents/Developer
2026-10-08T02:17:24.8572110Z ##[endgroup]
2026-10-08T02:17:25.1490620Z Syncing repository: anilbeesetti/koda
2026-10-08T02:17:25.1492350Z ##[group]Getting Git version info
2026-10-08T02:17:25.1492890Z Working directory is '/Users/runner/work/koda/koda'
2026-10-08T02:17:25.1493690Z [command]/opt/homebrew/bin/git version
2026-10-08T02:17:25.2105240Z git version 2.55.0
2026-10-08T02:17:25.2116650Z ##[endgroup]
2026-10-08T02:17:25.2126140Z Copying '/Users/runner/.gitconfig' to '/Users/runner/work/_temp/00a08776-d400-41fb-a84b-c0844e9a976d/.gitconfig'
2026-10-08T02:17:25.2135130Z Temporarily overriding HOME='/Users/runner/work/_temp/00a08776-d400-41fb-a84b-c0844e9a976d' before making global git config changes
2026-10-08T02:17:25.2139920Z Adding repository directory to the temporary git global config as a safe directory
2026-10-08T02:17:25.2141590Z [command]/opt/homebrew/bin/git config --global --add safe.directory /Users/runner/work/koda/koda
2026-10-08T02:17:25.2339180Z Deleting the contents of '/Users/runner/work/koda/koda'
2026-10-08T02:17:25.2348160Z ##[group]Initializing the repository
2026-10-08T02:17:25.2356440Z [command]/opt/homebrew/bin/git init /Users/runner/work/koda/koda
2026-10-08T02:17:25.2604970Z hint: Using 'master' as the name for the initial branch. This default branch name
2026-10-08T02:17:25.2605890Z hint: will change to "main" in Git 3.0. To configure the initial branch name
2026-10-08T02:17:25.2606730Z hint: to use in all of your new repositories, which will suppress this warning,
2026-10-08T02:17:25.2607350Z hint: call:
2026-10-08T02:17:25.2607700Z hint:
2026-10-08T02:17:25.2608170Z hint: 	git config --global init.defaultBranch <name>
2026-10-08T02:17:25.2608680Z hint:
2026-10-08T02:17:25.2609180Z hint: Names commonly chosen instead of 'master' are 'main', 'trunk' and
2026-10-08T02:17:25.2609980Z hint: 'development'. The just-created branch can be renamed via this command:
2026-10-08T02:17:25.2610640Z hint:
2026-10-08T02:17:25.2611080Z hint: 	git branch -m <name>
2026-10-08T02:17:25.2611480Z hint:
2026-10-08T02:17:25.2611970Z hint: Disable this message with "git config set advice.defaultBranchName false"
2026-10-08T02:17:25.2612700Z Initialized empty Git repository in /Users/runner/work/koda/koda/.git/
2026-10-08T02:17:25.2617220Z [command]/opt/homebrew/bin/git remote add origin https://github.com/anilbeesetti/koda
2026-10-08T02:17:25.2735120Z ##[endgroup]
2026-10-08T02:17:25.2735840Z ##[group]Disabling automatic garbage collection
2026-10-08T02:17:25.2736650Z [command]/opt/homebrew/bin/git config --local gc.auto 0
2026-10-08T02:17:25.2761070Z ##[endgroup]
2026-10-08T02:17:25.2761660Z ##[group]Setting up auth
2026-10-08T02:17:25.2765750Z [command]/opt/homebrew/bin/git config --local --name-only --get-regexp core\.sshCommand
2026-10-08T02:17:25.2826740Z [command]/opt/homebrew/bin/git submodule foreach --recursive sh -c "git config --local --name-only --get-regexp 'core\.sshCommand' && git config --local --unset-all 'core.sshCommand' || :"
2026-10-08T02:17:25.3787080Z [command]/opt/homebrew/bin/git config --local --name-only --get-regexp http\.https\:\/\/github\.com\/\.extraheader
2026-10-08T02:17:25.3862530Z [command]/opt/homebrew/bin/git submodule foreach --recursive sh -c "git config --local --name-only --get-regexp 'http\.https\:\/\/github\.com\/\.extraheader' && git config --local --unset-all 'http.https://github.com/.extraheader' || :"
2026-10-08T02:17:25.5082770Z [command]/opt/homebrew/bin/git config --local --name-only --get-regexp ^includeIf\.gitdir:
2026-10-08T02:17:25.5386920Z [command]/opt/homebrew/bin/git submodule foreach --recursive git config --local --show-origin --name-only --get-regexp remote.origin.url
2026-10-08T02:17:25.6626240Z [command]/opt/homebrew/bin/git config --local http.https://github.com/.extraheader AUTHORIZATION: basic ***
2026-10-08T02:17:25.6885540Z ##[endgroup]
2026-10-08T02:17:25.6886530Z ##[group]Fetching the repository
2026-10-08T02:17:25.6887630Z [command]/opt/homebrew/bin/git -c protocol.version=2 fetch --no-tags --prune --no-recurse-submodules --depth=1 origin 7a05fb23fb76f2b6616d1d8375545a22b596b4a3
2026-10-08T02:17:30.0435000Z From https://github.com/anilbeesetti/koda
2026-10-08T02:17:30.0437670Z  * branch            7a05fb23fb76f2b6616d1d8375545a22b596b4a3 -> FETCH_HEAD
2026-10-08T02:17:30.0441280Z ##[endgroup]
2026-10-08T02:17:30.0442500Z ##[group]Determining the checkout info
2026-10-08T02:17:30.0443650Z ##[endgroup]
2026-10-08T02:17:30.0468730Z [command]/opt/homebrew/bin/git sparse-checkout disable
2026-10-08T02:17:30.0581000Z [command]/opt/homebrew/bin/git config --local --unset-all extensions.worktreeConfig
2026-10-08T02:17:30.0664930Z ##[group]Checking out the ref
2026-10-08T02:17:30.0667990Z [command]/opt/homebrew/bin/git checkout --progress --force 7a05fb23fb76f2b6616d1d8375545a22b596b4a3
2026-10-08T02:17:31.1198380Z Updating files:  76% (4809/6271)
2026-10-08T02:17:31.1564080Z Updating files:  77% (4829/6271)
2026-10-08T02:17:31.1671460Z Updating files:  78% (4892/6271)
2026-10-08T02:17:31.1794890Z Updating files:  79% (4955/6271)
2026-10-08T02:17:31.1915950Z Updating files:  80% (5017/6271)
2026-10-08T02:17:31.2024180Z Updating files:  81% (5080/6271)
2026-10-08T02:17:31.2101580Z Updating files:  82% (5143/6271)
2026-10-08T02:17:31.2280320Z Updating files:  83% (5205/6271)
2026-10-08T02:17:31.2420330Z Updating files:  84% (5268/6271)
2026-10-08T02:17:31.2502430Z Updating files:  85% (5331/6271)
2026-10-08T02:17:31.2637010Z Updating files:  86% (5394/6271)
2026-10-08T02:17:31.2802240Z Updating files:  87% (5456/6271)
2026-10-08T02:17:31.2934290Z Updating files:  88% (5519/6271)
2026-10-08T02:17:31.3320300Z Updating files:  89% (5582/6271)
2026-10-08T02:17:31.3409890Z Updating files:  90% (5644/6271)
2026-10-08T02:17:31.3480640Z Updating files:  91% (5707/6271)
2026-10-08T02:17:31.3555100Z Updating files:  92% (5770/6271)
2026-10-08T02:17:31.3669620Z Updating files:  93% (5833/6271)
2026-10-08T02:17:31.3782780Z Updating files:  94% (5895/6271)
2026-10-08T02:17:31.3851150Z Updating files:  95% (5958/6271)
2026-10-08T02:17:31.3936320Z Updating files:  96% (6021/6271)
2026-10-08T02:17:31.3999680Z Updating files:  97% (6083/6271)
2026-10-08T02:17:31.4079330Z Updating files:  98% (6146/6271)
2026-10-08T02:17:31.4294050Z Updating files:  99% (6209/6271)
2026-10-08T02:17:31.4295620Z Updating files: 100% (6271/6271)
2026-10-08T02:17:31.4303710Z Updating files: 100% (6271/6271), done.
2026-10-08T02:17:31.4433510Z HEAD is now at 7a05fb2 Merge 7e3f72ebfaef39d6e6630dd11fa7dc91c8985d4a into c1ce5ca16a26fd59984b50500ead45fbafafa5c8
2026-10-08T02:17:31.4489580Z ##[endgroup]
2026-10-08T02:17:31.4626790Z [command]/opt/homebrew/bin/git log -1 --format=%H
2026-10-08T02:17:31.4714900Z 7a05fb23fb76f2b6616d1d8375545a22b596b4a3
2026-10-08T02:17:31.4727320Z ##[group]Removing auth
2026-10-08T02:17:31.4738400Z [command]/opt/homebrew/bin/git config --local --name-only --get-regexp core\.sshCommand
2026-10-08T02:17:31.4799280Z [command]/opt/homebrew/bin/git submodule foreach --recursive sh -c "git config --local --name-only --get-regexp 'core\.sshCommand' && git config --local --unset-all 'core.sshCommand' || :"
2026-10-08T02:17:31.6023160Z [command]/opt/homebrew/bin/git config --local --name-only --get-regexp http\.https\:\/\/github\.com\/\.extraheader
2026-10-08T02:17:31.6084340Z http.https://github.com/.extraheader
2026-10-08T02:17:31.6095080Z [command]/opt/homebrew/bin/git config --local --unset-all http.https://github.com/.extraheader
2026-10-08T02:17:31.6169300Z [command]/opt/homebrew/bin/git submodule foreach --recursive sh -c "git config --local --name-only --get-regexp 'http\.https\:\/\/github\.com\/\.extraheader' && git config --local --unset-all 'http.https://github.com/.extraheader' || :"
2026-10-08T02:17:31.7121830Z [command]/opt/homebrew/bin/git config --local --name-only --get-regexp ^includeIf\.gitdir:
2026-10-08T02:17:31.7238160Z [command]/opt/homebrew/bin/git submodule foreach --recursive git config --local --show-origin --name-only --get-regexp remote.origin.url
2026-10-08T02:17:31.8253980Z ##[endgroup]
2026-10-08T02:17:31.8497360Z ##[group]Run python3 script/ci-run resources --github-env "$GITHUB_ENV"
2026-10-08T02:17:31.8497920Z [36;1mpython3 script/ci-run resources --github-env "$GITHUB_ENV"[0m
2026-10-08T02:17:31.8546500Z shell: /bin/bash --noprofile --norc -e -o pipefail {0}
2026-10-08T02:17:31.8546850Z env:
2026-10-08T02:17:31.8547140Z   CARGO_TERM_COLOR: always
2026-10-08T02:17:31.8547410Z   CARGO_INCREMENTAL: 0
2026-10-08T02:17:31.8547790Z   CARGO_PROFILE_DEV_DEBUG: 0
2026-10-08T02:17:31.8548110Z   CARGO_PROFILE_DEV_BUILD_OVERRIDE_DEBUG: 0
2026-10-08T02:17:31.8548440Z   RUST_BACKTRACE: 1
2026-10-08T02:17:31.8548720Z   DEVELOPER_DIR: /Applications/Xcode_16.4.app/Contents/Developer
2026-10-08T02:17:31.8549160Z ##[endgroup]
2026-10-08T02:17:32.0750390Z Darwin: 3 CPUs, 7.0 GiB RAM; Cargo jobs=2, nextest threads=3
2026-10-08T02:17:32.1007210Z ##[group]Run rustup show active-toolchain
2026-10-08T02:17:32.1007550Z [36;1mrustup show active-toolchain[0m
2026-10-08T02:17:32.1041120Z shell: /bin/bash --noprofile --norc -e -o pipefail {0}
2026-10-08T02:17:32.1041430Z env:
2026-10-08T02:17:32.1041600Z   CARGO_TERM_COLOR: always
2026-10-08T02:17:32.1041770Z   CARGO_INCREMENTAL: 0
2026-10-08T02:17:32.1042130Z   CARGO_PROFILE_DEV_DEBUG: 0
2026-10-08T02:17:32.1042340Z   CARGO_PROFILE_DEV_BUILD_OVERRIDE_DEBUG: 0
2026-10-08T02:17:32.1042560Z   RUST_BACKTRACE: 1
2026-10-08T02:17:32.1042800Z   DEVELOPER_DIR: /Applications/Xcode_16.4.app/Contents/Developer
2026-10-08T02:17:32.1043120Z   CARGO_BUILD_JOBS: 2
2026-10-08T02:17:32.1043290Z   CI_TEST_THREADS: 3
2026-10-08T02:17:32.1043510Z ##[endgroup]
2026-10-08T02:17:32.1757420Z info: syncing channel updates for 1.98.1-aarch64-apple-darwin
2026-10-08T02:17:32.2778440Z info: latest update on 2026-09-03 for version 1.98.1 (48a229cea 2026-09-01)
2026-10-08T02:17:32.2783480Z info: downloading 10 components
2026-10-08T02:17:46.7429870Z 1.98.1-aarch64-apple-darwin (overridden by '/Users/runner/work/koda/koda/rust-toolchain.toml')
2026-10-08T02:17:47.3427310Z ##[group]Run actions/cache/restore@0057852bfaa89a56745cba8c7296529d2fc39830
2026-10-08T02:17:47.3427910Z with:
2026-10-08T02:17:47.3428310Z   path: .ci-cache/cargo-sources/registry
.ci-cache/cargo-sources/git

2026-10-08T02:17:47.3428790Z   enableCrossOsArchive: true
2026-10-08T02:17:47.3429490Z   key: fork-ci-source-v3-shared-eff68d54502d28a838f84354ec306df7a6499991c0c1d8518658bc8ecc2758fa-62433dcec7df1eda715520c2f18b1f29c6d8044897077192799fc2bdd7cd0f98
2026-10-08T02:17:47.3430740Z   restore-keys: fork-ci-source-v3-shared-eff68d54502d28a838f84354ec306df7a6499991c0c1d8518658bc8ecc2758fa-
2026-10-08T02:17:47.3431370Z   fail-on-cache-miss: false
2026-10-08T02:17:47.3431730Z   lookup-only: false
2026-10-08T02:17:47.3431950Z env:
2026-10-08T02:17:47.3432270Z   CARGO_TERM_COLOR: always
2026-10-08T02:17:47.3432510Z   CARGO_INCREMENTAL: 0
2026-10-08T02:17:47.3433030Z   CARGO_PROFILE_DEV_DEBUG: 0
2026-10-08T02:17:47.3433430Z   CARGO_PROFILE_DEV_BUILD_OVERRIDE_DEBUG: 0
2026-10-08T02:17:47.3433840Z   RUST_BACKTRACE: 1
2026-10-08T02:17:47.3436020Z   DEVELOPER_DIR: /Applications/Xcode_16.4.app/Contents/Developer
2026-10-08T02:17:47.3436890Z   CARGO_BUILD_JOBS: 2
2026-10-08T02:17:47.3439590Z   CI_TEST_THREADS: 3
2026-10-08T02:17:47.3440180Z ##[endgroup]
2026-10-08T02:17:47.9424530Z (node:1454) [DEP0040] DeprecationWarning: The `punycode` module is deprecated. Please use a userland alternative instead.
2026-10-08T02:17:47.9426480Z (Use `node --trace-deprecation ...` to show where the warning was created)
2026-10-08T02:17:48.1144480Z Cache not found for input keys: fork-ci-source-v3-shared-eff68d54502d28a838f84354ec306df7a6499991c0c1d8518658bc8ecc2758fa-62433dcec7df1eda715520c2f18b1f29c6d8044897077192799fc2bdd7cd0f98, fork-ci-source-v3-shared-eff68d54502d28a838f84354ec306df7a6499991c0c1d8518658bc8ecc2758fa-
2026-10-08T02:17:48.3513090Z ##[group]Run actions/cache/restore@0057852bfaa89a56745cba8c7296529d2fc39830
2026-10-08T02:17:48.3514180Z with:
2026-10-08T02:17:48.3514670Z   path: ~/.cargo/registry
~/.cargo/git

2026-10-08T02:17:48.3516580Z   key: fork-ci-source-v2-macOS-ARM64-eff68d54502d28a838f84354ec306df7a6499991c0c1d8518658bc8ecc2758fa-62433dcec7df1eda715520c2f18b1f29c6d8044897077192799fc2bdd7cd0f98
2026-10-08T02:17:48.3518470Z   restore-keys: fork-ci-source-v2-macOS-ARM64-
2026-10-08T02:17:48.3519240Z   enableCrossOsArchive: false
2026-10-08T02:17:48.3519780Z   fail-on-cache-miss: false
2026-10-08T02:17:48.3520380Z   lookup-only: false
2026-10-08T02:17:48.3520850Z env:
2026-10-08T02:17:48.3521330Z   CARGO_TERM_COLOR: always
2026-10-08T02:17:48.3521860Z   CARGO_INCREMENTAL: 0
2026-10-08T02:17:48.3522370Z   CARGO_PROFILE_DEV_DEBUG: 0
2026-10-08T02:17:48.3522940Z   CARGO_PROFILE_DEV_BUILD_OVERRIDE_DEBUG: 0
2026-10-08T02:17:48.3523530Z   RUST_BACKTRACE: 1
2026-10-08T02:17:48.3524300Z   DEVELOPER_DIR: /Applications/Xcode_16.4.app/Contents/Developer
2026-10-08T02:17:48.3532760Z   CARGO_BUILD_JOBS: 2
2026-10-08T02:17:48.3532950Z   CI_TEST_THREADS: 3
2026-10-08T02:17:48.3533130Z ##[endgroup]
2026-10-08T02:17:48.4767020Z (node:1460) [DEP0040] DeprecationWarning: The `punycode` module is deprecated. Please use a userland alternative instead.
2026-10-08T02:17:48.4869280Z (Use `node --trace-deprecation ...` to show where the warning was created)
2026-10-08T02:17:48.5541920Z Cache not found for input keys: fork-ci-source-v2-macOS-ARM64-eff68d54502d28a838f84354ec306df7a6499991c0c1d8518658bc8ecc2758fa-62433dcec7df1eda715520c2f18b1f29c6d8044897077192799fc2bdd7cd0f98, fork-ci-source-v2-macOS-ARM64-
2026-10-08T02:17:49.0011160Z ##[group]Run actions/cache/restore@0057852bfaa89a56745cba8c7296529d2fc39830
2026-10-08T02:17:49.0012080Z with:
2026-10-08T02:17:49.0013450Z   path: target/debug/.fingerprint
target/debug/build
target/debug/deps/*.rlib
target/debug/deps/*.rmeta
target/debug/deps/*.dylib
target/debug/deps/*.a
target/debug/deps/*.d

2026-10-08T02:17:49.0016970Z   key: fork-ci-build-v2-macOS-ARM64-macos15-xcode16.4-dev-debug0-eff68d54502d28a838f84354ec306df7a6499991c0c1d8518658bc8ecc2758fa-62433dcec7df1eda715520c2f18b1f29c6d8044897077192799fc2bdd7cd0f98-c1ce5ca16a26fd59984b50500ead45fbafafa5c8
2026-10-08T02:17:49.0022100Z   restore-keys: fork-ci-build-v2-macOS-ARM64-macos15-xcode16.4-dev-debug0-eff68d54502d28a838f84354ec306df7a6499991c0c1d8518658bc8ecc2758fa-62433dcec7df1eda715520c2f18b1f29c6d8044897077192799fc2bdd7cd0f98-
fork-ci-build-v2-macOS-ARM64-macos15-xcode16.4-dev-debug0-eff68d54502d28a838f84354ec306df7a6499991c0c1d8518658bc8ecc2758fa-

2026-10-08T02:17:49.0023460Z   enableCrossOsArchive: false
2026-10-08T02:17:49.0023680Z   fail-on-cache-miss: false
2026-10-08T02:17:49.0023880Z   lookup-only: false
2026-10-08T02:17:49.0024060Z env:
2026-10-08T02:17:49.0024200Z   CARGO_TERM_COLOR: always
2026-10-08T02:17:49.0024400Z   CARGO_INCREMENTAL: 0
2026-10-08T02:17:49.0024570Z   CARGO_PROFILE_DEV_DEBUG: 0
2026-10-08T02:17:49.0024790Z   CARGO_PROFILE_DEV_BUILD_OVERRIDE_DEBUG: 0
2026-10-08T02:17:49.0025020Z   RUST_BACKTRACE: 1
2026-10-08T02:17:49.0025260Z   DEVELOPER_DIR: /Applications/Xcode_16.4.app/Contents/Developer
2026-10-08T02:17:49.0025550Z   CARGO_BUILD_JOBS: 2
2026-10-08T02:17:49.0025720Z   CI_TEST_THREADS: 3
2026-10-08T02:17:49.0025890Z ##[endgroup]
2026-10-08T02:17:49.1129760Z (node:1469) [DEP0040] DeprecationWarning: The `punycode` module is deprecated. Please use a userland alternative instead.
2026-10-08T02:17:49.1130380Z (Use `node --trace-deprecation ...` to show where the warning was created)
2026-10-08T02:17:49.1789580Z Cache not found for input keys: fork-ci-build-v2-macOS-ARM64-macos15-xcode16.4-dev-debug0-eff68d54502d28a838f84354ec306df7a6499991c0c1d8518658bc8ecc2758fa-62433dcec7df1eda715520c2f18b1f29c6d8044897077192799fc2bdd7cd0f98-c1ce5ca16a26fd59984b50500ead45fbafafa5c8, fork-ci-build-v2-macOS-ARM64-macos15-xcode16.4-dev-debug0-eff68d54502d28a838f84354ec306df7a6499991c0c1d8518658bc8ecc2758fa-62433dcec7df1eda715520c2f18b1f29c6d8044897077192799fc2bdd7cd0f98-, fork-ci-build-v2-macOS-ARM64-macos15-xcode16.4-dev-debug0-eff68d54502d28a838f84354ec306df7a6499991c0c1d8518658bc8ecc2758fa-
2026-10-08T02:17:49.1846490Z ##[group]Run printf 'Shared source exact hit: %s; shared key: %s; legacy source key: %s; build exact hit: %s; build key: %s\n' \
2026-10-08T02:17:49.1847150Z [36;1mprintf 'Shared source exact hit: %s; shared key: %s; legacy source key: %s; build exact hit: %s; build key: %s\n' \[0m
2026-10-08T02:17:49.1847650Z [36;1m  "$SOURCE_CACHE_HIT" "$SOURCE_CACHE_KEY" "$LEGACY_SOURCE_CACHE_KEY" \[0m
2026-10-08T02:17:49.1848060Z [36;1m  "$BUILD_CACHE_HIT" "$BUILD_CACHE_KEY" | tee -a "$GITHUB_STEP_SUMMARY"[0m
2026-10-08T02:17:49.2046450Z shell: /bin/bash --noprofile --norc -e -o pipefail {0}
2026-10-08T02:17:49.2046730Z env:
2026-10-08T02:17:49.2046900Z   CARGO_TERM_COLOR: always
2026-10-08T02:17:49.2047080Z   CARGO_INCREMENTAL: 0
2026-10-08T02:17:49.2047280Z   CARGO_PROFILE_DEV_DEBUG: 0
2026-10-08T02:17:49.2047500Z   CARGO_PROFILE_DEV_BUILD_OVERRIDE_DEBUG: 0
2026-10-08T02:17:49.2047990Z   RUST_BACKTRACE: 1
2026-10-08T02:17:49.2048300Z   DEVELOPER_DIR: /Applications/Xcode_16.4.app/Contents/Developer
2026-10-08T02:17:49.2048590Z   CARGO_BUILD_JOBS: 2
2026-10-08T02:17:49.2048760Z   CI_TEST_THREADS: 3
2026-10-08T02:17:49.2048930Z   SOURCE_CACHE_HIT: 
2026-10-08T02:17:49.2049100Z   SOURCE_CACHE_KEY: 
2026-10-08T02:17:49.2049270Z   LEGACY_SOURCE_CACHE_KEY: 
2026-10-08T02:17:49.2049460Z   BUILD_CACHE_HIT: 
2026-10-08T02:17:49.2049670Z   BUILD_CACHE_KEY: 
2026-10-08T02:17:49.2049860Z ##[endgroup]
2026-10-08T02:17:49.2277290Z Shared source exact hit: ; shared key: ; legacy source key: ; build exact hit: ; build key: 
2026-10-08T02:17:49.2555850Z ##[group]Run ./script/download-wasi-sdk
2026-10-08T02:17:49.2556160Z [36;1m./script/download-wasi-sdk[0m
2026-10-08T02:17:49.2593600Z shell: /bin/bash --noprofile --norc -e -o pipefail {0}
2026-10-08T02:17:49.2593920Z env:
2026-10-08T02:17:49.2594170Z   CARGO_TERM_COLOR: always
2026-10-08T02:17:49.2594410Z   CARGO_INCREMENTAL: 0
2026-10-08T02:17:49.2594700Z   CARGO_PROFILE_DEV_DEBUG: 0
2026-10-08T02:17:49.2594930Z   CARGO_PROFILE_DEV_BUILD_OVERRIDE_DEBUG: 0
2026-10-08T02:17:49.2595170Z   RUST_BACKTRACE: 1
2026-10-08T02:17:49.2595470Z   DEVELOPER_DIR: /Applications/Xcode_16.4.app/Contents/Developer
2026-10-08T02:17:49.2595790Z   CARGO_BUILD_JOBS: 2
2026-10-08T02:17:49.2595970Z   CI_TEST_THREADS: 3
2026-10-08T02:17:49.2596140Z ##[endgroup]
2026-10-08T02:17:49.2898220Z WASI SDK not found, downloading v34...
2026-10-08T02:17:49.2973110Z Downloading from: https://github.com/WebAssembly/wasi-sdk/releases/download/wasi-sdk-34/wasi-sdk-34.0-arm64-macos.tar.gz
2026-10-08T02:17:49.3261880Z   % Total    % Received % Xferd  Average Speed   Time    Time     Time  Current
2026-10-08T02:17:49.3262500Z                                  Dload  Upload   Total   Spent    Left  Speed
2026-10-08T02:17:49.3263670Z 
2026-10-08T02:17:49.5463170Z   0     0    0     0    0     0      0      0 --:--:-- --:--:-- --:--:--     0
2026-10-08T02:17:49.6714180Z   0     0    0     0    0     0      0      0 --:--:-- --:--:-- --:--:--     0
2026-10-08T02:17:49.6749240Z   0     0    0     0    0     0      0      0 --:--:-- --:--:-- --:--:--     0
2026-10-08T02:17:50.4953240Z 
2026-10-08T02:17:51.5002010Z  11  171M   11 20.3M    0     0  17.4M      0  0:00:09  0:00:01  0:00:08 17.4M
2026-10-08T02:17:52.4913960Z  17  171M   17 29.3M    0     0  13.4M      0  0:00:12  0:00:02  0:00:10 9147k
2026-10-08T02:17:53.4089870Z  43  171M   43 74.2M    0     0  23.4M      0  0:00:07  0:00:03  0:00:04 27.0M
2026-10-08T02:17:53.4090950Z 100  171M  100  171M    0     0  42.1M      0  0:00:04  0:00:04 --:--:-- 52.0M
2026-10-08T02:17:53.4532230Z WASI SDK v34 installed successfully
2026-10-08T02:17:53.4568750Z ##[group]Run xcodebuild -version
2026-10-08T02:17:53.4569020Z [36;1mxcodebuild -version[0m
2026-10-08T02:17:53.4569230Z [36;1mxcrun clang --version[0m
2026-10-08T02:17:53.4569420Z [36;1mxcrun --find metal[0m
2026-10-08T02:17:53.4598380Z shell: /bin/bash --noprofile --norc -e -o pipefail {0}
2026-10-08T02:17:53.4598620Z env:
2026-10-08T02:17:53.4598770Z   CARGO_TERM_COLOR: always
2026-10-08T02:17:53.4598940Z   CARGO_INCREMENTAL: 0
2026-10-08T02:17:53.4599110Z   CARGO_PROFILE_DEV_DEBUG: 0
2026-10-08T02:17:53.4599300Z   CARGO_PROFILE_DEV_BUILD_OVERRIDE_DEBUG: 0
2026-10-08T02:17:53.4599530Z   RUST_BACKTRACE: 1
2026-10-08T02:17:53.4599750Z   DEVELOPER_DIR: /Applications/Xcode_16.4.app/Contents/Developer
2026-10-08T02:17:53.4600010Z   CARGO_BUILD_JOBS: 2
2026-10-08T02:17:53.4600170Z   CI_TEST_THREADS: 3
2026-10-08T02:17:53.4600320Z ##[endgroup]
2026-10-08T02:17:53.8190450Z Xcode 16.4
2026-10-08T02:17:53.8204220Z Build version 16F6
2026-10-08T02:17:55.1396990Z Apple clang version 17.0.0 (clang-1700.0.13.5)
2026-10-08T02:17:55.1397790Z Target: arm64-apple-darwin24.6.0
2026-10-08T02:17:55.1398390Z Thread model: posix
2026-10-08T02:17:55.1399570Z InstalledDir: /Applications/Xcode_16.4.app/Contents/Developer/Toolchains/XcodeDefault.xctoolchain/usr/bin
2026-10-08T02:17:55.7276350Z /Applications/Xcode_16.4.app/Contents/Developer/Toolchains/XcodeDefault.xctoolchain/usr/bin/metal
2026-10-08T02:17:55.7401520Z ##[group]Run python3 script/ci-run stage 'macOS app check' -- cargo check --locked --keep-going -p zed --bin koda
2026-10-08T02:17:55.7402330Z [36;1mpython3 script/ci-run stage 'macOS app check' -- cargo check --locked --keep-going -p zed --bin koda[0m
2026-10-08T02:17:55.7461300Z shell: /bin/bash --noprofile --norc -e -o pipefail {0}
2026-10-08T02:17:55.7461670Z env:
2026-10-08T02:17:55.7461840Z   CARGO_TERM_COLOR: always
2026-10-08T02:17:55.7462120Z   CARGO_INCREMENTAL: 0
2026-10-08T02:17:55.7462360Z   CARGO_PROFILE_DEV_DEBUG: 0
2026-10-08T02:17:55.7462660Z   CARGO_PROFILE_DEV_BUILD_OVERRIDE_DEBUG: 0
2026-10-08T02:17:55.7462960Z   RUST_BACKTRACE: 1
2026-10-08T02:17:55.7463350Z   DEVELOPER_DIR: /Applications/Xcode_16.4.app/Contents/Developer
2026-10-08T02:17:55.7464050Z   CARGO_BUILD_JOBS: 2
2026-10-08T02:17:55.7464800Z   CI_TEST_THREADS: 3
2026-10-08T02:17:55.7464990Z ##[endgroup]
2026-10-08T02:17:57.0483890Z [1m[92m    Updating[0m git repository `https://github.com/zed-industries/async-process.git`
2026-10-08T02:17:58.2917670Z [1m[92m    Updating[0m git repository `https://github.com/smol-rs/async-task.git`
2026-10-08T02:17:59.3710080Z [1m[92m    Updating[0m git repository `https://github.com/zed-industries/calloop`
2026-10-08T02:18:00.5082100Z [1m[92m    Updating[0m git repository `https://github.com/zed-industries/livekit-rust-sdks`
2026-10-08T02:18:02.7690610Z [1m[92m    Updating[0m git submodule `https://github.com/livekit/protocol`
2026-10-08T02:18:05.1083650Z [1m[92m    Updating[0m git submodule `https://github.com/zed-industries/libyuv`
2026-10-08T02:18:09.6883560Z [1m[92m    Updating[0m git repository `https://github.com/zed-industries/notify`
2026-10-08T02:18:11.0284650Z [1m[92m    Updating[0m git repository `https://github.com/tree-sitter/tree-sitter`
2026-10-08T02:18:16.0772380Z [1m[92m    Updating[0m git repository `https://github.com/zed-industries/windows-capture.git`
2026-10-08T02:18:17.5939160Z [1m[92m    Updating[0m crates.io index
2026-10-08T02:18:17.6000770Z [1m[92m    Updating[0m git repository `https://github.com/proptest-rs/proptest`
2026-10-08T02:18:19.2563890Z [1m[92m    Updating[0m git repository `https://github.com/zed-industries/scap`
2026-10-08T02:18:20.8897300Z [1m[92m    Updating[0m git repository `https://github.com/zed-industries/font-kit`
2026-10-08T02:18:22.3867070Z [1m[92m    Updating[0m git repository `https://github.com/zed-industries/async-tar`
2026-10-08T02:18:23.5807030Z [1m[92m    Updating[0m git repository `https://github.com/zed-industries/wasm_thread`
2026-10-08T02:18:24.2742840Z [1m[92m    Updating[0m git repository `https://github.com/zed-industries/xim-rs.git`
2026-10-08T02:18:25.1515150Z [1m[92m    Updating[0m git repository `https://github.com/zed-industries/reqwest.git`
2026-10-08T02:18:26.4133210Z [1m[92m    Updating[0m git repository `https://github.com/zed-industries/tree-sitter-markdown`
2026-10-08T02:18:32.5852920Z [1m[92m    Updating[0m git repository `https://github.com/zed-industries/tree-sitter-typescript`
2026-10-08T02:19:24.7154900Z [1m[92m    Updating[0m git repository `https://github.com/zed-industries/tree-sitter-heex`
2026-10-08T02:19:25.6577490Z [1m[92m    Updating[0m git repository `https://github.com/zed-industries/trash-rs`
2026-10-08T02:19:26.6013330Z [1m[92m    Updating[0m git repository `https://github.com/tree-sitter/tree-sitter-cpp`
2026-10-08T02:21:00.1370630Z [1m[92m    Updating[0m git repository `https://github.com/zed-industries/tree-sitter-git-commit`
2026-10-08T02:21:01.2032800Z [1m[92m    Updating[0m git repository `https://github.com/camdencheek/tree-sitter-go-mod`
2026-10-08T02:21:01.9285960Z [1m[92m    Updating[0m git repository `https://github.com/zed-industries/tree-sitter-go-work`
2026-10-08T02:21:02.6003410Z [1m[92m    Updating[0m git repository `https://github.com/zed-industries/tree-sitter-yaml`
2026-10-08T02:21:03.8986690Z [1m[92m    Updating[0m git submodule `https://github.com/yaml/yaml-test-suite`
2026-10-08T02:21:04.9869370Z [1m[92m    Updating[0m git repository `https://github.com/zed-industries/async-pipe-rs`
2026-10-08T02:21:05.6550720Z [1m[92m    Updating[0m git repository `https://github.com/zed-industries/lsp-types`
2026-10-08T02:21:06.5981160Z [1m[92m    Updating[0m git repository `https://github.com/zed-industries/dap-types`
2026-10-08T02:21:07.3328430Z [1m[92m    Updating[0m git repository `https://github.com/zed-industries/python-environment-tools.git`
2026-10-08T02:21:08.5278790Z [1m[92m    Updating[0m git repository `https://github.com/zed-industries/alacritty`
2026-10-08T02:21:12.4677300Z [1m[92m    Updating[0m git repository `https://github.com/RustAudio/rodio`
2026-10-08T02:21:13.9753150Z [1m[92m    Updating[0m git repository `https://github.com/KillTheMule/nvim-rs`
2026-10-08T02:21:14.7844780Z [1m[92m    Updating[0m git repository `https://github.com/zed-industries/wprcontrol`
2026-10-08T02:21:15.4410610Z [1m[92m    Updating[0m git repository `https://github.com/zed-industries/gh-workflow`
2026-10-08T02:21:18.6373340Z [1m[92m Downloading[0m crates ...
2026-10-08T02:21:18.6883410Z [1m[92m  Downloaded[0m aes v0.8.4
2026-10-08T02:21:18.6986360Z [1m[92m  Downloaded[0m adler32 v1.2.0
2026-10-08T02:21:18.7036570Z [1m[92m  Downloaded[0m async-net v2.0.0
2026-10-08T02:21:18.7073030Z [1m[92m  Downloaded[0m bitflags v2.13.1
2026-10-08T02:21:18.7176300Z [1m[92m  Downloaded[0m agent-client-protocol-schema v1.9.1
2026-10-08T02:21:18.7323030Z [1m[92m  Downloaded[0m approx v0.5.1
2026-10-08T02:21:18.7429360Z [1m[92m  Downloaded[0m debugid v0.8.0
2026-10-08T02:21:18.7530980Z [1m[92m  Downloaded[0m accesskit_macos v0.26.3
2026-10-08T02:21:18.7638140Z [1m[92m  Downloaded[0m allocator-api2 v0.2.21
2026-10-08T02:21:18.7759890Z [1m[92m  Downloaded[0m env_logger v0.10.2
2026-10-08T02:21:18.7783350Z [1m[92m  Downloaded[0m euclid v0.22.14
2026-10-08T02:21:18.7894580Z [1m[92m  Downloaded[0m event-listener-strategy v0.5.4
2026-10-08T02:21:18.7995960Z [1m[92m  Downloaded[0m find-msvc-tools v0.1.11
2026-10-08T02:21:18.8097680Z [1m[92m  Downloaded[0m darling v0.23.0
2026-10-08T02:21:18.8127460Z [1m[92m  Downloaded[0m fontdb v0.23.0
2026-10-08T02:21:18.8128140Z [1m[92m  Downloaded[0m bon-macros v3.8.2
2026-10-08T02:21:18.8400150Z [1m[92m  Downloaded[0m enumn v0.1.14
2026-10-08T02:21:18.8434430Z [1m[92m  Downloaded[0m addr2line v0.25.1
2026-10-08T02:21:18.8530840Z [1m[92m  Downloaded[0m fnv v1.0.7
2026-10-08T02:21:18.8589110Z [1m[92m  Downloaded[0m libloading v0.8.9
2026-10-08T02:21:18.8611250Z [1m[92m  Downloaded[0m float-cmp v0.9.0
2026-10-08T02:21:18.8657750Z [1m[92m  Downloaded[0m documented-macros v0.10.0
2026-10-08T02:21:18.8667330Z [1m[92m  Downloaded[0m agent-client-protocol-derive v2.2.0
2026-10-08T02:21:18.8718970Z [1m[92m  Downloaded[0m cxxbridge-macro v1.0.187
2026-10-08T02:21:18.8804080Z [1m[92m  Downloaded[0m anstyle-parse v0.2.7
2026-10-08T02:21:18.8854050Z [1m[92m  Downloaded[0m data-url v0.3.2
2026-10-08T02:21:18.8870390Z [1m[92m  Downloaded[0m equator-macro v0.4.2
2026-10-08T02:21:18.8877180Z [1m[92m  Downloaded[0m cxxbridge-flags v1.0.187
2026-10-08T02:21:18.8890980Z [1m[92m  Downloaded[0m derive_more v2.1.1
2026-10-08T02:21:18.9209370Z [1m[92m  Downloaded[0m ec4rs v1.2.0
2026-10-08T02:21:18.9302080Z [1m[92m  Downloaded[0m either v1.15.0
2026-10-08T02:21:18.9586680Z [1m[92m  Downloaded[0m email_address v0.2.9
2026-10-08T02:21:18.9629550Z [1m[92m  Downloaded[0m env_filter v0.1.4
2026-10-08T02:21:18.9699420Z [1m[92m  Downloaded[0m equivalent v1.0.2
2026-10-08T02:21:18.9712730Z [1m[92m  Downloaded[0m agent-client-protocol v2.2.0
2026-10-08T02:21:18.9928790Z [1m[92m  Downloaded[0m crunchy v0.2.4
2026-10-08T02:21:18.9984480Z [1m[92m  Downloaded[0m cssparser v0.36.0
2026-10-08T02:21:18.9990200Z [1m[92m  Downloaded[0m aligned v0.4.3
2026-10-08T02:21:19.0082740Z [1m[92m  Downloaded[0m darling_core v0.20.11
2026-10-08T02:21:19.0723920Z [1m[92m  Downloaded[0m any_vec v0.14.0
2026-10-08T02:21:19.1397650Z [1m[92m  Downloaded[0m aws-smithy-observability v0.2.5
2026-10-08T02:21:19.1501890Z [1m[92m  Downloaded[0m doxygen-rs v0.4.2
2026-10-08T02:21:19.1623040Z [1m[92m  Downloaded[0m cursor-icon v1.2.0
2026-10-08T02:21:19.1728810Z [1m[92m  Downloaded[0m data-encoding v2.9.0
2026-10-08T02:21:19.1830340Z [1m[92m  Downloaded[0m dialoguer v0.12.0
2026-10-08T02:21:19.1931710Z [1m[92m  Downloaded[0m aws-smithy-xml v0.60.15
2026-10-08T02:21:19.2034220Z [1m[92m  Downloaded[0m crypto-common v0.1.6
2026-10-08T02:21:19.2135630Z [1m[92m  Downloaded[0m arbitrary v1.4.2
2026-10-08T02:21:19.2330770Z [1m[92m  Downloaded[0m aws-smithy-eventstream v0.60.20
2026-10-08T02:21:19.2387840Z [1m[92m  Downloaded[0m backtrace v0.3.76
2026-10-08T02:21:19.2475270Z [1m[92m  Downloaded[0m accesskit v0.24.1
2026-10-08T02:21:19.2504290Z [1m[92m  Downloaded[0m darling_macro v0.23.0
2026-10-08T02:21:19.2515870Z [1m[92m  Downloaded[0m embedded-io v0.6.1
2026-10-08T02:21:19.2531980Z [1m[92m  Downloaded[0m fastrand v1.9.0
2026-10-08T02:21:19.2593070Z [1m[92m  Downloaded[0m documented v0.10.0
2026-10-08T02:21:19.2597730Z [1m[92m  Downloaded[0m event-listener v2.5.3
2026-10-08T02:21:19.2635220Z [1m[92m  Downloaded[0m fast-srgb8 v1.0.0
2026-10-08T02:21:19.2734790Z [1m[92m  Downloaded[0m foreign-types-macros v0.2.3
2026-10-08T02:21:19.2744420Z [1m[92m  Downloaded[0m bit-set v0.8.0
2026-10-08T02:21:19.2842300Z [1m[92m  Downloaded[0m block2 v0.5.1
2026-10-08T02:21:19.2878010Z [1m[92m  Downloaded[0m cssparser-macros v0.6.1
2026-10-08T02:21:19.2981740Z [1m[92m  Downloaded[0m async-attributes v1.1.2
2026-10-08T02:21:19.3066560Z [1m[92m  Downloaded[0m dunce v1.0.5
2026-10-08T02:21:19.3084580Z [1m[92m  Downloaded[0m equator v0.4.2
2026-10-08T02:21:19.3192730Z [1m[92m  Downloaded[0m error-graph v0.1.1
2026-10-08T02:21:19.3311650Z [1m[92m  Downloaded[0m fs-set-times v0.20.3
2026-10-08T02:21:19.3381610Z [1m[92m  Downloaded[0m arc-swap v1.9.0
2026-10-08T02:21:19.3402660Z [1m[92m  Downloaded[0m async-executor v1.13.3
2026-10-08T02:21:19.3487770Z [1m[92m  Downloaded[0m aws-smithy-async v1.2.14
2026-10-08T02:21:19.3488770Z [1m[92m  Downloaded[0m aws-smithy-http v0.63.4
2026-10-08T02:21:19.3491090Z [1m[92m  Downloaded[0m base64-simd v0.8.0
2026-10-08T02:21:19.3491510Z [1m[92m  Downloaded[0m digest v0.10.7
2026-10-08T02:21:19.3492170Z [1m[92m  Downloaded[0m erased-serde v0.4.9
2026-10-08T02:21:19.3492600Z [1m[92m  Downloaded[0m errno v0.3.14
2026-10-08T02:21:19.3746420Z [1m[92m  Downloaded[0m fdeflate v0.3.7
2026-10-08T02:21:19.3772350Z [1m[92m  Downloaded[0m float-ord v0.3.2
2026-10-08T02:21:19.3875560Z [1m[92m  Downloaded[0m fs2 v0.4.3
2026-10-08T02:21:19.3935560Z [1m[92m  Downloaded[0m objc2-metal v0.2.2
2026-10-08T02:21:19.4035520Z [1m[92m  Downloaded[0m as-slice v0.2.1
2026-10-08T02:21:19.4102800Z [1m[92m  Downloaded[0m async-signal v0.2.13
2026-10-08T02:21:19.4120890Z [1m[92m  Downloaded[0m async-tungstenite v0.33.0
2026-10-08T02:21:19.4183100Z [1m[92m  Downloaded[0m autocfg v1.5.0
2026-10-08T02:21:19.4262070Z [1m[92m  Downloaded[0m av1-grain v0.2.4
2026-10-08T02:21:19.4270890Z [1m[92m  Downloaded[0m aws-credential-types v1.2.12
2026-10-08T02:21:19.4372590Z [1m[92m  Downloaded[0m aws-sdk-bedrockruntime v1.125.0
2026-10-08T02:21:19.6080480Z [1m[92m  Downloaded[0m base64ct v1.8.0
2026-10-08T02:21:19.6145070Z [1m[92m  Downloaded[0m bindgen v0.72.1
2026-10-08T02:21:19.6559090Z [1m[92m  Downloaded[0m bitstream-io v4.9.0
2026-10-08T02:21:19.6615270Z [1m[92m  Downloaded[0m ctor v1.0.12
2026-10-08T02:21:19.6656790Z [1m[92m  Downloaded[0m cxx-build v1.0.187
2026-10-08T02:21:19.6784580Z [1m[92m  Downloaded[0m darling v0.20.11
2026-10-08T02:21:19.6875060Z [1m[92m  Downloaded[0m darling_core v0.23.0
2026-10-08T02:21:19.6982790Z [1m[92m  Downloaded[0m darling_macro v0.20.11
2026-10-08T02:21:19.6990310Z [1m[92m  Downloaded[0m dasp_sample v0.11.0
2026-10-08T02:21:19.7026510Z [1m[92m  Downloaded[0m deflate64 v0.1.10
2026-10-08T02:21:19.7105430Z [1m[92m  Downloaded[0m der v0.7.10
2026-10-08T02:21:19.7196140Z [1m[92m  Downloaded[0m diffy v0.4.2
2026-10-08T02:21:19.7240240Z [1m[92m  Downloaded[0m dispatch2 v0.3.1
2026-10-08T02:21:19.7284340Z [1m[92m  Downloaded[0m dtoa-short v0.3.5
2026-10-08T02:21:19.7296260Z [1m[92m  Downloaded[0m embed-resource v3.0.6
2026-10-08T02:21:19.7329520Z [1m[92m  Downloaded[0m embedded-io v0.4.0
2026-10-08T02:21:19.7656640Z [1m[92m  Downloaded[0m emojis v0.9.0
2026-10-08T02:21:19.7723800Z [1m[92m  Downloaded[0m env_logger v0.11.8
2026-10-08T02:21:19.7773220Z [1m[92m  Downloaded[0m etagere v0.2.15
2026-10-08T02:21:19.7811990Z [1m[92m  Downloaded[0m event-listener v5.4.1
2026-10-08T02:21:19.7844100Z [1m[92m  Downloaded[0m fastrand v2.3.0
2026-10-08T02:21:19.7862960Z [1m[92m  Downloaded[0m flate2 v1.1.8
2026-10-08T02:21:19.7957770Z [1m[92m  Downloaded[0m fluent-uri v0.4.1
2026-10-08T02:21:19.8028550Z [1m[92m  Downloaded[0m foldhash v0.1.5
2026-10-08T02:21:19.8049470Z [1m[92m  Downloaded[0m fraction v0.16.0
2026-10-08T02:21:19.8485030Z [1m[92m  Downloaded[0m itoa v1.0.18
2026-10-08T02:21:19.8534430Z [1m[92m  Downloaded[0m libflate v2.3.1
2026-10-08T02:21:19.8578340Z [1m[92m  Downloaded[0m num-rational v0.4.2
2026-10-08T02:21:19.8604140Z [1m[92m  Downloaded[0m serde_yaml_ng v0.10.0
2026-10-08T02:21:19.8670610Z [1m[92m  Downloaded[0m siphasher v1.0.1
2026-10-08T02:21:19.8745970Z [1m[92m  Downloaded[0m anstream v0.6.21
2026-10-08T02:21:19.8747840Z [1m[92m  Downloaded[0m anyhow v1.0.104
2026-10-08T02:21:19.8790480Z [1m[92m  Downloaded[0m async-channel v1.9.0
2026-10-08T02:21:19.8806350Z [1m[92m  Downloaded[0m async-fs v2.2.0
2026-10-08T02:21:19.9089210Z [1m[92m  Downloaded[0m atomic-waker v1.1.2
2026-10-08T02:21:19.9157690Z [1m[92m  Downloaded[0m avif-serialize v0.8.6
2026-10-08T02:21:19.9174460Z [1m[92m  Downloaded[0m aws-config v1.8.14
2026-10-08T02:21:19.9301420Z [1m[92m  Downloaded[0m aws-sdk-ssooidc v1.96.0
2026-10-08T02:21:19.9438880Z [1m[92m  Downloaded[0m aws-smithy-query v0.60.15
2026-10-08T02:21:19.9450100Z [1m[92m  Downloaded[0m aws-smithy-types v1.4.7
2026-10-08T02:21:19.9845960Z [1m[92m  Downloaded[0m bit-vec v0.8.0
2026-10-08T02:21:19.9880630Z [1m[92m  Downloaded[0m block-buffer v0.10.4
2026-10-08T02:21:19.9895460Z [1m[92m  Downloaded[0m block-padding v0.3.3
2026-10-08T02:21:19.9910240Z [1m[92m  Downloaded[0m blocking v1.6.2
2026-10-08T02:21:19.9926820Z [1m[92m  Downloaded[0m cxx v1.0.187
2026-10-08T02:21:20.0322560Z [1m[92m  Downloaded[0m dary_heap v0.3.9
2026-10-08T02:21:20.0335990Z [1m[92m  Downloaded[0m deranged v0.5.4
2026-10-08T02:21:20.0356420Z [1m[92m  Downloaded[0m dirs v6.0.0
2026-10-08T02:21:20.0379840Z [1m[92m  Downloaded[0m dirs-sys v0.5.0
2026-10-08T02:21:20.0394950Z [1m[92m  Downloaded[0m displaydoc v0.2.5
2026-10-08T02:21:20.0455940Z [1m[92m  Downloaded[0m dotenvy v0.15.7
2026-10-08T02:21:20.0500170Z [1m[92m  Downloaded[0m dtoa v1.0.10
2026-10-08T02:21:20.0527730Z [1m[92m  Downloaded[0m dugong v0.8.0-alpha.5
2026-10-08T02:21:20.0956460Z [1m[92m  Downloaded[0m dyn-clone v1.0.20
2026-10-08T02:21:20.0987250Z [1m[92m  Downloaded[0m failspot v0.2.0
2026-10-08T02:21:20.1018990Z [1m[92m  Downloaded[0m fancy-regex v0.19.0
2026-10-08T02:21:20.1126710Z [1m[92m  Downloaded[0m fax_derive v0.2.0
2026-10-08T02:21:20.1135920Z [1m[92m  Downloaded[0m filetime v0.2.29
2026-10-08T02:21:20.1164070Z [1m[92m  Downloaded[0m fixedbitset v0.5.7
2026-10-08T02:21:20.1356580Z [1m[92m  Downloaded[0m foldhash v0.2.0
2026-10-08T02:21:20.1374900Z [1m[92m  Downloaded[0m foreign-types v0.5.0
2026-10-08T02:21:20.1392540Z [1m[92m  Downloaded[0m jsonschema-value v0.51.0
2026-10-08T02:21:20.1534520Z [1m[92m  Downloaded[0m lol_html v3.0.1
2026-10-08T02:21:20.1866960Z [1m[92m  Downloaded[0m lyon_path v1.0.16
2026-10-08T02:21:20.1892850Z [1m[92m  Downloaded[0m mach2 v0.5.0
2026-10-08T02:21:20.1949800Z [1m[92m  Downloaded[0m miniz_oxide v0.8.9
2026-10-08T02:21:20.1985660Z [1m[92m  Downloaded[0m option-ext v0.2.0
2026-10-08T02:21:20.1996510Z [1m[92m  Downloaded[0m outref v0.5.2
2026-10-08T02:21:20.2017490Z [1m[92m  Downloaded[0m pest_generator v2.8.3
2026-10-08T02:21:20.2069460Z [1m[92m  Downloaded[0m pkcs1 v0.7.5
2026-10-08T02:21:20.2135860Z [1m[92m  Downloaded[0m potential_utf v0.1.3
2026-10-08T02:21:20.2151450Z [1m[92m  Downloaded[0m rand_core v0.9.3
2026-10-08T02:21:20.2172120Z [1m[92m  Downloaded[0m regex v1.12.3
2026-10-08T02:21:20.2267080Z [1m[92m  Downloaded[0m regex-lite v0.1.8
2026-10-08T02:21:20.2316990Z [1m[92m  Downloaded[0m rustix-openpty v0.2.0
2026-10-08T02:21:20.2332800Z [1m[92m  Downloaded[0m schemars v0.9.0
2026-10-08T02:21:20.2624870Z [1m[92m  Downloaded[0m schemars_derive v1.0.4
2026-10-08T02:21:20.2655260Z [1m[92m  Downloaded[0m serde_with_macros v3.22.0
2026-10-08T02:21:20.2697600Z [1m[92m  Downloaded[0m servo_arc v0.4.3
2026-10-08T02:21:20.2708780Z [1m[92m  Downloaded[0m arg_enum_proc_macro v0.3.4
2026-10-08T02:21:20.2725240Z [1m[92m  Downloaded[0m async-std v1.13.2
2026-10-08T02:21:20.3125870Z [1m[92m  Downloaded[0m derive_more-impl v2.1.1
2026-10-08T02:21:20.3236070Z [1m[92m  Downloaded[0m diff v0.1.13
2026-10-08T02:21:20.3290510Z [1m[92m  Downloaded[0m fax v0.2.6
2026-10-08T02:21:20.3313420Z [1m[92m  Downloaded[0m flume v0.12.0
2026-10-08T02:21:20.3383830Z [1m[92m  Downloaded[0m foreign-types-shared v0.3.1
2026-10-08T02:21:20.3393710Z [1m[92m  Downloaded[0m form_urlencoded v1.2.2
2026-10-08T02:21:20.3406470Z [1m[92m  Downloaded[0m lyon_geom v1.0.17
2026-10-08T02:21:20.3432650Z [1m[92m  Downloaded[0m lyon_tessellation v1.0.16
2026-10-08T02:21:20.3481230Z [1m[92m  Downloaded[0m miette-derive v7.6.0
2026-10-08T02:21:20.3506930Z [1m[92m  Downloaded[0m nom v8.0.0
2026-10-08T02:21:20.3611570Z [1m[92m  Downloaded[0m noop_proc_macro v0.3.0
2026-10-08T02:21:20.3626930Z [1m[92m  Downloaded[0m objc-sys v0.3.5
2026-10-08T02:21:20.3977880Z [1m[92m  Downloaded[0m objc2-audio-toolbox v0.3.2
2026-10-08T02:21:20.4078980Z [1m[92m  Downloaded[0m objc2-core-media v0.3.2
2026-10-08T02:21:20.4133890Z [1m[92m  Downloaded[0m optfield v0.4.0
2026-10-08T02:21:20.4167540Z [1m[92m  Downloaded[0m palette_derive v0.7.6
2026-10-08T02:21:20.4236330Z [1m[92m  Downloaded[0m pollster v0.2.5
2026-10-08T02:21:20.4254800Z [1m[92m  Downloaded[0m prost-reflect v0.16.5
2026-10-08T02:21:20.4614270Z [1m[92m  Downloaded[0m rand_distr v0.5.1
2026-10-08T02:21:20.4687550Z [1m[92m  Downloaded[0m schemars v1.0.4
2026-10-08T02:21:20.5044390Z [1m[92m  Downloaded[0m slotmap v1.0.7
2026-10-08T02:21:20.5081230Z [1m[92m  Downloaded[0m time-macros v0.2.27
2026-10-08T02:21:20.5121170Z [1m[92m  Downloaded[0m tinystr v0.8.4
2026-10-08T02:21:20.5177330Z [1m[92m  Downloaded[0m crossbeam-utils v0.8.21
2026-10-08T02:21:20.5525180Z [1m[92m  Downloaded[0m exr v1.74.0
2026-10-08T02:21:20.5709540Z [1m[92m  Downloaded[0m extended v0.1.0
2026-10-08T02:21:20.5728820Z [1m[92m  Downloaded[0m fearless_simd v0.4.1
2026-10-08T02:21:20.5849260Z [1m[92m  Downloaded[0m float_next_after v1.0.0
2026-10-08T02:21:20.5864730Z [1m[92m  Downloaded[0m native-tls v0.2.18
2026-10-08T02:21:20.5907940Z [1m[92m  Downloaded[0m objc2-io-surface v0.3.2
2026-10-08T02:21:20.5925260Z [1m[92m  Downloaded[0m pest_meta v2.8.3
2026-10-08T02:21:20.5973720Z [1m[92m  Downloaded[0m postage v0.5.0
2026-10-08T02:21:20.6123140Z [1m[92m  Downloaded[0m prost-derive v0.14.4
2026-10-08T02:21:20.6146560Z [1m[92m  Downloaded[0m pulley-interpreter v48.0.1
2026-10-08T02:21:20.6195170Z [1m[92m  Downloaded[0m spin v0.10.0
2026-10-08T02:21:20.6251910Z [1m[92m  Downloaded[0m zerofrom-derive v0.1.6
2026-10-08T02:21:20.6297770Z [1m[92m  Downloaded[0m objc2-core-audio v0.3.2
2026-10-08T02:21:20.6315680Z [1m[92m  Downloaded[0m zstd v0.13.3
2026-10-08T02:21:20.6382970Z [1m[92m  Downloaded[0m rustls-native-certs v0.8.3
2026-10-08T02:21:20.6428690Z [1m[92m  Downloaded[0m lebe v0.5.3
2026-10-08T02:21:20.6447990Z [1m[92m  Downloaded[0m cached_proc_macro v0.25.0
2026-10-08T02:21:20.6467580Z [1m[92m  Downloaded[0m proc-macro-error-attr3 v3.1.1
2026-10-08T02:21:20.6482590Z [1m[92m  Downloaded[0m dugong-graphlib v0.8.0-alpha.5
2026-10-08T02:21:20.6518300Z [1m[92m  Downloaded[0m accesskit_consumer v0.38.0
2026-10-08T02:21:20.6542230Z [1m[92m  Downloaded[0m ordered-float v5.5.0
2026-10-08T02:21:20.6577400Z [1m[92m  Downloaded[0m sqlformat v0.2.6
2026-10-08T02:21:20.6930900Z [1m[92m  Downloaded[0m system-configuration v0.8.0
2026-10-08T02:21:20.6950890Z [1m[92m  Downloaded[0m tokio-macros v2.7.0
2026-10-08T02:21:20.6969360Z [1m[92m  Downloaded[0m tokio-native-tls v0.3.1
2026-10-08T02:21:20.6999470Z [1m[92m  Downloaded[0m tokio-stream v0.1.17
2026-10-08T02:21:20.7079930Z [1m[92m  Downloaded[0m toml_datetime v0.6.11
2026-10-08T02:21:20.7095230Z [1m[92m  Downloaded[0m by_address v1.2.1
2026-10-08T02:21:20.7107430Z [1m[92m  Downloaded[0m chacha20 v0.10.1
2026-10-08T02:21:20.7147180Z [1m[92m  Downloaded[0m linktime-proc-macro v0.2.2
2026-10-08T02:21:20.7168720Z [1m[92m  Downloaded[0m logos-codegen v0.16.1
2026-10-08T02:21:20.7292020Z [1m[92m  Downloaded[0m ahash v0.8.12
2026-10-08T02:21:20.7334900Z [1m[92m  Downloaded[0m aho-corasick v1.1.3
2026-10-08T02:21:20.7418480Z [1m[92m  Downloaded[0m aligned-vec v0.6.4
2026-10-08T02:21:20.7438630Z [1m[92m  Downloaded[0m anstyle-query v1.1.4
2026-10-08T02:21:20.7459430Z [1m[92m  Downloaded[0m async-compression v0.4.32
2026-10-08T02:21:20.7591310Z [1m[92m  Downloaded[0m async-global-executor v2.4.1
2026-10-08T02:21:20.7619110Z [1m[92m  Downloaded[0m aws-sdk-sso v1.94.0
2026-10-08T02:21:20.7727920Z [1m[92m  Downloaded[0m aws-smithy-json v0.62.5
2026-10-08T02:21:20.7755040Z [1m[92m  Downloaded[0m aws-smithy-runtime-api v1.11.4
2026-10-08T02:21:20.7828710Z [1m[92m  Downloaded[0m bincode v1.3.3
2026-10-08T02:21:20.7864580Z [1m[92m  Downloaded[0m block v0.1.6
2026-10-08T02:21:20.7872130Z [1m[92m  Downloaded[0m log v0.4.29
2026-10-08T02:21:20.7906330Z [1m[92m  Downloaded[0m miette v7.6.0
2026-10-08T02:21:20.7976830Z [1m[92m  Downloaded[0m page_size v0.6.0
2026-10-08T02:21:20.7995020Z [1m[92m  Downloaded[0m palette v0.7.6
2026-10-08T02:21:20.8199450Z [1m[92m  Downloaded[0m quinn-proto v0.11.17
2026-10-08T02:21:20.8304400Z [1m[92m  Downloaded[0m regex-syntax v0.8.11
2026-10-08T02:21:20.8424330Z [1m[92m  Downloaded[0m rustls v0.23.40
2026-10-08T02:21:20.8964630Z [1m[92m  Downloaded[0m serde_yaml v0.9.34+deprecated
2026-10-08T02:21:20.9036770Z [1m[92m  Downloaded[0m slab v0.4.11
2026-10-08T02:21:20.9058950Z [1m[92m  Downloaded[0m socket2 v0.6.5
2026-10-08T02:21:20.9111230Z [1m[92m  Downloaded[0m spin v0.9.8
2026-10-08T02:21:20.9159320Z [1m[92m  Downloaded[0m target-lexicon v0.13.5
2026-10-08T02:21:20.9188370Z [1m[92m  Downloaded[0m termcolor v1.4.1
2026-10-08T02:21:20.9207130Z [1m[92m  Downloaded[0m tiff v0.11.3
2026-10-08T02:21:20.9277190Z [1m[92m  Downloaded[0m tiny-skia v0.11.4
2026-10-08T02:21:20.9526410Z [1m[92m  Downloaded[0m tokio-rustls v0.26.4
2026-10-08T02:21:20.9558730Z [1m[92m  Downloaded[0m tokio-tungstenite v0.28.0
2026-10-08T02:21:20.9594270Z [1m[92m  Downloaded[0m zerofrom v0.1.6
2026-10-08T02:21:20.9610070Z [1m[92m  Downloaded[0m zstd v0.11.2+zstd.1.5.2
2026-10-08T02:21:20.9675620Z [1m[92m  Downloaded[0m zune-core v0.5.1
2026-10-08T02:21:20.9714890Z [1m[92m  Downloaded[0m borrow-or-share v0.2.4
2026-10-08T02:21:20.9728810Z [1m[92m  Downloaded[0m bytes v1.11.1
2026-10-08T02:21:20.9800500Z [1m[92m  Downloaded[0m bzip2 v0.6.1
2026-10-08T02:21:20.9828000Z [1m[92m  Downloaded[0m protox v0.9.1
2026-10-08T02:21:20.9894390Z [1m[92m  Downloaded[0m proxyvars v0.2.0
2026-10-08T02:21:20.9910500Z [1m[92m  Downloaded[0m sval_buffer v2.15.0
2026-10-08T02:21:20.9954160Z [1m[92m  Downloaded[0m adler2 v2.0.1
2026-10-08T02:21:20.9974710Z [1m[92m  Downloaded[0m anstyle v1.0.13
2026-10-08T02:21:20.9998560Z [1m[92m  Downloaded[0m ar_archive_writer v0.5.1
2026-10-08T02:21:21.0054830Z [1m[92m  Downloaded[0m arrayref v0.3.9
2026-10-08T02:21:21.0073070Z [1m[92m  Downloaded[0m arrayvec v0.7.6
2026-10-08T02:21:21.0104910Z [1m[92m  Downloaded[0m ascii v1.1.0
2026-10-08T02:21:21.0140250Z [1m[92m  Downloaded[0m async-io v2.6.0
2026-10-08T02:21:21.0189730Z [1m[92m  Downloaded[0m async-recursion v1.1.1
2026-10-08T02:21:21.0291870Z [1m[92m  Downloaded[0m async_zip v0.0.18
2026-10-08T02:21:21.0413730Z [1m[92m  Downloaded[0m asynchronous-codec v0.7.0
2026-10-08T02:21:21.0452710Z [1m[92m  Downloaded[0m aws-runtime v1.7.0
2026-10-08T02:21:21.0536910Z [1m[92m  Downloaded[0m aws-sdk-sts v1.98.0
2026-10-08T02:21:21.0814390Z [1m[92m  Downloaded[0m aws-types v1.3.12
2026-10-08T02:21:21.0883770Z [1m[92m  Downloaded[0m bit_field v0.10.3
2026-10-08T02:21:21.0909910Z [1m[92m  Downloaded[0m bmrng v0.5.2
2026-10-08T02:21:21.0936910Z [1m[92m  Downloaded[0m bon v3.8.2
2026-10-08T02:21:21.1091090Z [1m[92m  Downloaded[0m encoding_rs v0.8.35
2026-10-08T02:21:21.1427240Z [1m[92m  Downloaded[0m jsonschema-regex v0.51.0
2026-10-08T02:21:21.1439880Z [1m[92m  Downloaded[0m pest_derive v2.8.3
2026-10-08T02:21:21.1487740Z [1m[92m  Downloaded[0m rand_core v0.10.1
2026-10-08T02:21:21.1516760Z [1m[92m  Downloaded[0m regex-automata v0.4.18
2026-10-08T02:21:21.1765370Z [1m[92m  Downloaded[0m rustix v1.1.4
2026-10-08T02:21:21.2604970Z [1m[92m  Downloaded[0m smallvec v1.16.1
2026-10-08T02:21:21.2636840Z [1m[92m  Downloaded[0m smol_str v0.3.6
2026-10-08T02:21:21.2699850Z [1m[92m  Downloaded[0m spki v0.7.3
2026-10-08T02:21:21.2729420Z [1m[92m  Downloaded[0m tar v0.4.46
2026-10-08T02:21:21.2774460Z [1m[92m  Downloaded[0m thiserror v1.0.69
2026-10-08T02:21:21.2976690Z [1m[92m  Downloaded[0m thiserror v2.0.17
2026-10-08T02:21:21.3164080Z [1m[92m  Downloaded[0m thiserror-impl v2.0.17
2026-10-08T02:21:21.3206330Z [1m[92m  Downloaded[0m thread_local v1.1.9
2026-10-08T02:21:21.3232060Z [1m[92m  Downloaded[0m time v0.3.47
2026-10-08T02:21:21.3525610Z [1m[92m  Downloaded[0m tinyvec_macros v0.1.1
2026-10-08T02:21:21.3538860Z [1m[92m  Downloaded[0m tokio-socks v0.5.2
2026-10-08T02:21:21.3593780Z [1m[92m  Downloaded[0m tokio-util v0.7.18
2026-10-08T02:21:21.3726380Z [1m[92m  Downloaded[0m toml v0.8.23
2026-10-08T02:21:21.3761200Z [1m[92m  Downloaded[0m zeroize v1.8.2
2026-10-08T02:21:21.3780830Z [1m[92m  Downloaded[0m zerovec v0.11.8
2026-10-08T02:21:21.3871470Z [1m[92m  Downloaded[0m zerovec-derive v0.11.5
2026-10-08T02:21:21.3894510Z [1m[92m  Downloaded[0m bs58 v0.5.1
2026-10-08T02:21:21.3928600Z [1m[92m  Downloaded[0m bstr v1.12.1
2026-10-08T02:21:21.4058850Z [1m[92m  Downloaded[0m built v0.8.0
2026-10-08T02:21:21.4092480Z [1m[92m  Downloaded[0m bzip2 v0.4.4
2026-10-08T02:21:21.4119410Z [1m[92m  Downloaded[0m cached v0.56.0
2026-10-08T02:21:21.4173620Z [1m[92m  Downloaded[0m cap-fs-ext v4.0.3
2026-10-08T02:21:21.4203140Z [1m[92m  Downloaded[0m cbindgen v0.28.0
2026-10-08T02:21:21.6226510Z [1m[92m  Downloaded[0m cexpr v0.6.0
2026-10-08T02:21:21.6258630Z [1m[92m  Downloaded[0m cfg-if v1.0.4
2026-10-08T02:21:21.6279720Z [1m[92m  Downloaded[0m cfg_aliases v0.2.1
2026-10-08T02:21:21.6293590Z [1m[92m  Downloaded[0m cgl v0.3.2
2026-10-08T02:21:21.6309950Z [1m[92m  Downloaded[0m leaky-cow v0.1.1
2026-10-08T02:21:21.6318300Z [1m[92m  Downloaded[0m libbz2-rs-sys v0.2.2
2026-10-08T02:21:21.6345940Z [1m[92m  Downloaded[0m link-cplusplus v1.0.12
2026-10-08T02:21:21.6363290Z [1m[92m  Downloaded[0m logos v0.16.1
2026-10-08T02:21:21.6393960Z [1m[92m  Downloaded[0m lyon_algorithms v1.0.16
2026-10-08T02:21:21.6420740Z [1m[92m  Downloaded[0m proc-macro2 v1.0.107
2026-10-08T02:21:21.6469360Z [1m[92m  Downloaded[0m profiling-procmacros v1.0.17
2026-10-08T02:21:21.6491600Z [1m[92m  Downloaded[0m svgtypes v0.16.1
2026-10-08T02:21:21.6536730Z [1m[92m  Downloaded[0m arraydeque v0.5.1
2026-10-08T02:21:21.6555860Z [1m[92m  Downloaded[0m av-scenechange v0.14.1
2026-10-08T02:21:21.6717280Z [1m[92m  Downloaded[0m postcard v1.1.3
2026-10-08T02:21:21.6757030Z [1m[92m  Downloaded[0m tempfile v3.27.0
2026-10-08T02:21:21.6798650Z [1m[92m  Downloaded[0m thiserror-impl v1.0.69
2026-10-08T02:21:21.6820500Z [1m[92m  Downloaded[0m tiny_http v0.12.0
2026-10-08T02:21:21.6901950Z [1m[92m  Downloaded[0m zip v0.6.6
2026-10-08T02:21:21.6978400Z [1m[92m  Downloaded[0m zmij v1.0.23
2026-10-08T02:21:21.7007290Z [1m[92m  Downloaded[0m bumpalo v3.20.3
2026-10-08T02:21:21.7047940Z [1m[92m  Downloaded[0m bytemuck v1.24.0
2026-10-08T02:21:21.7100790Z [1m[92m  Downloaded[0m byteorder v1.5.0
2026-10-08T02:21:21.7136180Z [1m[92m  Downloaded[0m bzip2-sys v0.1.13+1.0.8
2026-10-08T02:21:21.7294140Z [1m[92m  Downloaded[0m cap-primitives v4.0.3
2026-10-08T02:21:21.7507480Z [1m[92m  Downloaded[0m cap-std v4.0.3
2026-10-08T02:21:21.7555500Z [1m[92m  Downloaded[0m cc v1.4.3
2026-10-08T02:21:21.7608420Z [1m[92m  Downloaded[0m linkify v0.10.0
2026-10-08T02:21:21.7628440Z [1m[92m  Downloaded[0m litemap v0.8.0
2026-10-08T02:21:21.7668180Z [1m[92m  Downloaded[0m lmdb-master-sys v0.2.5
2026-10-08T02:21:21.7744070Z [1m[92m  Downloaded[0m lock_api v0.4.14
2026-10-08T02:21:21.7770210Z [1m[92m  Downloaded[0m logos-derive v0.15.1
2026-10-08T02:21:21.7781720Z [1m[92m  Downloaded[0m loop9 v0.1.5
2026-10-08T02:21:21.7791370Z [1m[92m  Downloaded[0m lru v0.16.4
2026-10-08T02:21:21.7806820Z [1m[92m  Downloaded[0m lyon v1.0.16
2026-10-08T02:21:21.7816270Z [1m[92m  Downloaded[0m proc-macro-error3 v3.1.1
2026-10-08T02:21:21.8065470Z [1m[92m  Downloaded[0m profiling v1.0.17
2026-10-08T02:21:21.8193390Z [1m[92m  Downloaded[0m prost-types v0.14.4
2026-10-08T02:21:21.8293520Z [1m[92m  Downloaded[0m protox-parse v0.9.0
2026-10-08T02:21:21.8339230Z [1m[92m  Downloaded[0m serde v1.0.229
2026-10-08T02:21:21.8428460Z [1m[92m  Downloaded[0m similar v2.7.0
2026-10-08T02:21:21.8440990Z [1m[92m  Downloaded[0m string_cache v0.9.0
2026-10-08T02:21:21.8471740Z [1m[92m  Downloaded[0m symphonia-core v0.5.5
2026-10-08T02:21:21.8472200Z [1m[92m  Downloaded[0m symphonia-format-riff v0.5.5
2026-10-08T02:21:21.8480660Z [1m[92m  Downloaded[0m syn v1.0.109
2026-10-08T02:21:21.8625970Z [1m[92m  Downloaded[0m synchronoise v1.0.1
2026-10-08T02:21:21.8642620Z [1m[92m  Downloaded[0m unicode-vo v0.1.0
2026-10-08T02:21:21.8656250Z [1m[92m  Downloaded[0m untrusted v0.9.0
2026-10-08T02:21:21.8684650Z [1m[92m  Downloaded[0m utf-8 v0.7.6
2026-10-08T02:21:21.8704060Z [1m[92m  Downloaded[0m vcpkg v0.2.15
2026-10-08T02:21:21.9593690Z [1m[92m  Downloaded[0m heck v0.5.0
2026-10-08T02:21:21.9614050Z [1m[92m  Downloaded[0m addr2line v0.26.1
2026-10-08T02:21:21.9640920Z [1m[92m  Downloaded[0m async-trait v0.1.89
2026-10-08T02:21:21.9710110Z [1m[92m  Downloaded[0m atomic v0.5.3
2026-10-08T02:21:21.9727010Z [1m[92m  Downloaded[0m aws-smithy-runtime v1.10.1
2026-10-08T02:21:21.9835380Z [1m[92m  Downloaded[0m beef v0.5.2
2026-10-08T02:21:21.9864710Z [1m[92m  Downloaded[0m block2 v0.6.2
2026-10-08T02:21:21.9888800Z [1m[92m  Downloaded[0m taffy v0.13.0
2026-10-08T02:21:22.0258600Z [1m[92m  Downloaded[0m zeroize_derive v1.4.2
2026-10-08T02:21:22.0274310Z [1m[92m  Downloaded[0m cached_proc_macro_types v0.1.1
2026-10-08T02:21:22.0283330Z [1m[92m  Downloaded[0m logos-codegen v0.15.1
2026-10-08T02:21:22.0389070Z [1m[92m  Downloaded[0m prost-build v0.14.4
2026-10-08T02:21:22.0449460Z [1m[92m  Downloaded[0m unicode-ident v1.0.24
2026-10-08T02:21:22.0491640Z [1m[92m  Downloaded[0m unicode-properties v0.1.3
2026-10-08T02:21:22.0516970Z [1m[92m  Downloaded[0m futures-macro v0.3.34
2026-10-08T02:21:22.0531350Z [1m[92m  Downloaded[0m ambient-authority v0.0.2
2026-10-08T02:21:22.0555310Z [1m[92m  Downloaded[0m async-dispatcher v0.1.2
2026-10-08T02:21:22.0568780Z [1m[92m  Downloaded[0m bitflags v1.3.2
2026-10-08T02:21:22.0643870Z [1m[92m  Downloaded[0m unsafe-libyaml v0.2.11
2026-10-08T02:21:22.0700080Z [1m[92m  Downloaded[0m libflate_lz77 v2.3.0
2026-10-08T02:21:22.0712870Z [1m[92m  Downloaded[0m getrandom v0.4.1
2026-10-08T02:21:22.0778000Z [1m[92m  Downloaded[0m symphonia v0.5.5
2026-10-08T02:21:22.0796800Z [1m[92m  Downloaded[0m betlang v0.1.1
2026-10-08T02:21:22.0947850Z [1m[92m  Downloaded[0m url v2.5.7
2026-10-08T02:21:22.1293820Z [1m[92m  Downloaded[0m bytecount v0.6.9
2026-10-08T02:21:22.1322520Z [1m[92m  Downloaded[0m lru-slab v0.1.2
2026-10-08T02:21:22.1337950Z [1m[92m  Downloaded[0m sync_wrapper v1.0.2
2026-10-08T02:21:22.1354760Z [1m[92m  Downloaded[0m uuid v1.18.1
2026-10-08T02:21:22.1396720Z [1m[92m  Downloaded[0m version_check v0.9.5
2026-10-08T02:21:22.1418330Z [1m[92m  Downloaded[0m leb128fmt v0.1.0
2026-10-08T02:21:22.1431760Z [1m[92m  Downloaded[0m svg_fmt v0.4.5
2026-10-08T02:21:22.1444260Z [1m[92m  Downloaded[0m hashbrown v0.15.5
2026-10-08T02:21:22.1527550Z [1m[92m  Downloaded[0m hashlink v0.8.4
2026-10-08T02:21:22.1554230Z [1m[92m  Downloaded[0m hound v3.5.1
2026-10-08T02:21:22.1607510Z [1m[92m  Downloaded[0m http v1.3.1
2026-10-08T02:21:22.1920100Z [1m[92m  Downloaded[0m tiny-skia-path v0.11.4
2026-10-08T02:21:22.1949230Z [1m[92m  Downloaded[0m zstd-safe v5.0.2+zstd.1.5.2
2026-10-08T02:21:22.1968330Z [1m[92m  Downloaded[0m shlex v2.0.1
2026-10-08T02:21:22.1988600Z [1m[92m  Downloaded[0m symphonia-metadata v0.5.5
2026-10-08T02:21:22.2009100Z [1m[92m  Downloaded[0m heed-traits v0.20.0
2026-10-08T02:21:22.2017540Z [1m[92m  Downloaded[0m human_bytes v0.4.3
2026-10-08T02:21:22.2034730Z [1m[92m  Downloaded[0m system-configuration-sys v0.6.0
2026-10-08T02:21:22.2068160Z [1m[92m  Downloaded[0m cpufeatures v0.2.17
2026-10-08T02:21:22.2088500Z [1m[92m  Downloaded[0m async-channel v2.5.0
2026-10-08T02:21:22.2115050Z [1m[92m  Downloaded[0m base64 v0.22.1
2026-10-08T02:21:22.2168670Z [1m[92m  Downloaded[0m jsonwebtoken v10.3.0
2026-10-08T02:21:22.2585750Z [1m[92m  Downloaded[0m serde_fmt v1.0.3
2026-10-08T02:21:22.2599000Z [1m[92m  Downloaded[0m unicode-bidi v0.3.18
2026-10-08T02:21:22.2642430Z [1m[92m  Downloaded[0m unicode-general-category v1.1.0
2026-10-08T02:21:22.2675860Z [1m[92m  Downloaded[0m unicode-linebreak v0.1.5
2026-10-08T02:21:22.2688030Z [1m[92m  Downloaded[0m untrusted v0.7.1
2026-10-08T02:21:22.2705290Z [1m[92m  Downloaded[0m utf8_iter v1.0.4
2026-10-08T02:21:22.2719780Z [1m[92m  Downloaded[0m utf8parse v0.2.2
2026-10-08T02:21:22.2733420Z [1m[92m  Downloaded[0m uuid-simd v0.8.0
2026-10-08T02:21:22.2750160Z [1m[92m  Downloaded[0m value-bag v1.12.0
2026-10-08T02:21:22.2792510Z [1m[92m  Downloaded[0m futures-concurrency v7.7.1
2026-10-08T02:21:22.2938930Z [1m[92m  Downloaded[0m heed-types v0.21.0
2026-10-08T02:21:22.2961860Z [1m[92m  Downloaded[0m rgb v0.8.52
2026-10-08T02:21:22.3007810Z [1m[92m  Downloaded[0m rustc-demangle v0.1.26
2026-10-08T02:21:22.3033940Z [1m[92m  Downloaded[0m coreaudio-sys v0.2.18
2026-10-08T02:21:22.3051210Z [1m[92m  Downloaded[0m async-lock v3.4.2
2026-10-08T02:21:22.3087870Z [1m[92m  Downloaded[0m aws-sigv4 v1.4.0
2026-10-08T02:21:22.4132180Z [1m[92m  Downloaded[0m nom v7.1.3
2026-10-08T02:21:22.4230210Z [1m[92m  Downloaded[0m quinn v0.11.9
2026-10-08T02:21:22.4296060Z [1m[92m  Downloaded[0m smart-default v0.7.1
2026-10-08T02:21:22.4323430Z [1m[92m  Downloaded[0m tendril v0.5.1
2026-10-08T02:21:22.4350950Z [1m[92m  Downloaded[0m zstd-safe v7.3.0
2026-10-08T02:21:22.4371000Z [1m[92m  Downloaded[0m zune-inflate v0.2.54
2026-10-08T02:21:22.4396390Z [1m[92m  Downloaded[0m prettyplease v0.2.37
2026-10-08T02:21:22.4453840Z [1m[92m  Downloaded[0m syn v2.0.117
2026-10-08T02:21:22.4642190Z [1m[92m  Downloaded[0m unindent v0.2.4
2026-10-08T02:21:22.4654730Z [1m[92m  Downloaded[0m futures-util v0.3.34
2026-10-08T02:21:22.4964130Z [1m[92m  Downloaded[0m gimli v0.33.0
2026-10-08T02:21:22.5076630Z [1m[92m  Downloaded[0m hashbrown v0.12.3
2026-10-08T02:21:22.5137380Z [1m[92m  Downloaded[0m hashbrown v0.16.1
2026-10-08T02:21:22.5285360Z [1m[92m  Downloaded[0m htmlize v1.1.0
2026-10-08T02:21:22.5376910Z [1m[92m  Downloaded[0m http-body-util v0.1.3
2026-10-08T02:21:22.5405120Z [1m[92m  Downloaded[0m httpdate v1.0.3
2026-10-08T02:21:22.5420900Z [1m[92m  Downloaded[0m rust-embed-utils v8.11.0
2026-10-08T02:21:22.5437240Z [1m[92m  Downloaded[0m rustls-pemfile v2.2.0
2026-10-08T02:21:22.5529070Z [1m[92m  Downloaded[0m rusty-fork v0.3.1
2026-10-08T02:21:22.5555510Z [1m[92m  Downloaded[0m saa v5.4.9
2026-10-08T02:21:22.5596410Z [1m[92m  Downloaded[0m scc v3.5.6
2026-10-08T02:21:22.5657090Z [1m[92m  Downloaded[0m scopeguard v1.2.0
2026-10-08T02:21:22.5700740Z [1m[92m  Downloaded[0m scroll_derive v0.12.1
2026-10-08T02:21:22.5711950Z [1m[92m  Downloaded[0m selectors v0.37.0
2026-10-08T02:21:22.5749720Z [1m[92m  Downloaded[0m semver v1.0.28
2026-10-08T02:21:22.5788270Z [1m[92m  Downloaded[0m serde_derive v1.0.229
2026-10-08T02:21:22.5841180Z [1m[92m  Downloaded[0m cranelift-codegen-shared v0.135.1
2026-10-08T02:21:22.5856540Z [1m[92m  Downloaded[0m objc2-core-services v0.3.2
2026-10-08T02:21:22.5946480Z [1m[92m  Downloaded[0m objc2-open-directory v0.3.2
2026-10-08T02:21:22.5995980Z [1m[92m  Downloaded[0m once_cell v1.21.4
2026-10-08T02:21:22.6033900Z [1m[92m  Downloaded[0m pin-project v1.1.10
2026-10-08T02:21:22.6274910Z [1m[92m  Downloaded[0m pin-project-internal v1.1.10
2026-10-08T02:21:22.6296910Z [1m[92m  Downloaded[0m range-map v0.2.0
2026-10-08T02:21:22.6310410Z [1m[92m  Downloaded[0m aws-lc-rs v1.17.1
2026-10-08T02:21:22.6510080Z [1m[92m  Downloaded[0m smol v2.0.2
2026-10-08T02:21:22.6565250Z [1m[92m  Downloaded[0m borsh v1.5.7
2026-10-08T02:21:22.6700270Z [1m[92m  Downloaded[0m simd_helpers v0.1.0
2026-10-08T02:21:22.6715030Z [1m[92m  Downloaded[0m unicode-width v0.1.14
2026-10-08T02:21:22.6774690Z [1m[92m  Downloaded[0m utf8-chars v3.0.6
2026-10-08T02:21:22.6787870Z [1m[92m  Downloaded[0m value-bag-sval2 v1.12.0
2026-10-08T02:21:22.6817860Z [1m[92m  Downloaded[0m fs_extra v1.3.0
2026-10-08T02:21:22.6840380Z [1m[92m  Downloaded[0m futures-sink v0.3.34
2026-10-08T02:21:22.6855730Z [1m[92m  Downloaded[0m hmac v0.12.1
2026-10-08T02:21:22.6892150Z [1m[92m  Downloaded[0m rustls-platform-verifier v0.7.0
2026-10-08T02:21:22.6962370Z [1m[92m  Downloaded[0m rustls-webpki v0.103.13
2026-10-08T02:21:22.7009070Z [1m[92m  Downloaded[0m futures v0.3.34
2026-10-08T02:21:22.7217420Z [1m[92m  Downloaded[0m futures-core v0.3.34
2026-10-08T02:21:22.7252210Z [1m[92m  Downloaded[0m futures-io v0.3.34
2026-10-08T02:21:22.7267870Z [1m[92m  Downloaded[0m futures-lite v1.13.0
2026-10-08T02:21:22.7295350Z [1m[92m  Downloaded[0m getrandom v0.3.4
2026-10-08T02:21:22.7368300Z [1m[92m  Downloaded[0m globset v0.4.17
2026-10-08T02:21:22.7403350Z [1m[92m  Downloaded[0m half v2.7.1
2026-10-08T02:21:22.7450650Z [1m[92m  Downloaded[0m hashbrown v0.14.5
2026-10-08T02:21:22.7524130Z [1m[92m  Downloaded[0m hdrhistogram v7.5.4
2026-10-08T02:21:22.7637750Z [1m[92m  Downloaded[0m hex v0.4.3
2026-10-08T02:21:22.7659550Z [1m[92m  Downloaded[0m http-body v0.4.6
2026-10-08T02:21:22.7684960Z [1m[92m  Downloaded[0m ryu-js v1.0.2
2026-10-08T02:21:22.7767760Z [1m[92m  Downloaded[0m seahash v4.1.0
2026-10-08T02:21:22.7790750Z [1m[92m  Downloaded[0m security-framework v3.5.1
2026-10-08T02:21:22.7888240Z [1m[92m  Downloaded[0m security-framework-sys v2.15.0
2026-10-08T02:21:22.7943780Z [1m[92m  Downloaded[0m cranelift-control v0.135.1
2026-10-08T02:21:22.7956520Z [1m[92m  Downloaded[0m parse_int v0.9.0
2026-10-08T02:21:22.7971510Z [1m[92m  Downloaded[0m sharded-slab v0.1.7
2026-10-08T02:21:22.8029980Z [1m[92m  Downloaded[0m strum_macros v0.28.0
2026-10-08T02:21:22.8070550Z [1m[92m  Downloaded[0m zerotrie v0.2.5
2026-10-08T02:21:22.8138420Z [1m[92m  Downloaded[0m zstd-sys v2.0.16+zstd.1.5.7
2026-10-08T02:21:22.8387200Z [1m[92m  Downloaded[0m libm v0.2.16
2026-10-08T02:21:22.8656280Z [1m[92m  Downloaded[0m futures-channel v0.3.34
2026-10-08T02:21:22.8682730Z [1m[92m  Downloaded[0m handlebars v4.5.0
2026-10-08T02:21:22.8802030Z [1m[92m  Downloaded[0m cranelift-bitset v0.135.1
2026-10-08T02:21:22.8815200Z [1m[92m  Downloaded[0m phf_generator v0.13.1
2026-10-08T02:21:22.8884090Z [1m[92m  Downloaded[0m byteorder-lite v0.1.0
2026-10-08T02:21:22.8942390Z [1m[92m  Downloaded[0m unicase v2.8.1
2026-10-08T02:21:22.8954100Z [1m[92m  Downloaded[0m futures-executor v0.3.34
2026-10-08T02:21:22.8979120Z [1m[92m  Downloaded[0m static_assertions v1.1.0
2026-10-08T02:21:22.8998870Z [1m[92m  Downloaded[0m terminal_size v0.4.3
2026-10-08T02:21:22.9017860Z [1m[92m  Downloaded[0m same-file v1.0.6
2026-10-08T02:21:22.9038340Z [1m[92m  Downloaded[0m pico-args v0.5.0
2026-10-08T02:21:22.9056580Z [1m[92m  Downloaded[0m pulley-macros v48.0.1
2026-10-08T02:21:22.9066190Z [1m[92m  Downloaded[0m strsim v0.11.1
2026-10-08T02:21:22.9083820Z [1m[92m  Downloaded[0m sval_dynamic v2.15.0
2026-10-08T02:21:22.9096920Z [1m[92m  Downloaded[0m time-core v0.1.8
2026-10-08T02:21:22.9110590Z [1m[92m  Downloaded[0m logos-derive v0.16.1
2026-10-08T02:21:22.9120400Z [1m[92m  Downloaded[0m strict-num v0.1.1
2026-10-08T02:21:22.9135330Z [1m[92m  Downloaded[0m symphonia-codec-pcm v0.5.5
2026-10-08T02:21:22.9422120Z [1m[92m  Downloaded[0m unicode-ccc v0.4.0
2026-10-08T02:21:22.9434810Z [1m[92m  Downloaded[0m urlencoding v2.1.3
2026-10-08T02:21:22.9450110Z [1m[92m  Downloaded[0m utf16_iter v1.0.5
2026-10-08T02:21:22.9463780Z [1m[92m  Downloaded[0m heck v0.4.1
2026-10-08T02:21:22.9483570Z [1m[92m  Downloaded[0m home v0.5.11
2026-10-08T02:21:22.9495780Z [1m[92m  Downloaded[0m scroll v0.12.0
2026-10-08T02:21:22.9513800Z [1m[92m  Downloaded[0m cranelift-entity v0.135.1
2026-10-08T02:21:22.9534900Z [1m[92m  Downloaded[0m micromap v0.3.0
2026-10-08T02:21:22.9613650Z [1m[92m  Downloaded[0m mime v0.3.17
2026-10-08T02:21:22.9631510Z [1m[92m  Downloaded[0m parking v2.2.1
2026-10-08T02:21:22.9656770Z [1m[92m  Downloaded[0m parking_lot v0.12.5
2026-10-08T02:21:22.9694410Z [1m[92m  Downloaded[0m pin-utils v0.1.0
2026-10-08T02:21:22.9711550Z [1m[92m  Downloaded[0m rand_xorshift v0.4.0
2026-10-08T02:21:22.9728800Z [1m[92m  Downloaded[0m serde_spanned v0.6.9
2026-10-08T02:21:22.9742140Z [1m[92m  Downloaded[0m sval v2.15.0
2026-10-08T02:21:22.9789750Z [1m[92m  Downloaded[0m rand_chacha v0.9.0
2026-10-08T02:21:22.9806460Z [1m[92m  Downloaded[0m tagptr v0.2.0
2026-10-08T02:21:22.9824980Z [1m[92m  Downloaded[0m tiny-keccak v2.0.2
2026-10-08T02:21:22.9861680Z [1m[92m  Downloaded[0m tinyvec v1.10.0
2026-10-08T02:21:22.9910270Z [1m[92m  Downloaded[0m toml v0.9.8
2026-10-08T02:21:22.9972210Z [1m[92m  Downloaded[0m zeromq v0.5.0
2026-10-08T02:21:23.0084090Z [1m[92m  Downloaded[0m zune-jpeg v0.5.15
2026-10-08T02:21:23.0139810Z [1m[92m  Downloaded[0m brush-parser v0.3.0
2026-10-08T02:21:23.0248920Z [1m[92m  Downloaded[0m bytemuck_derive v1.10.2
2026-10-08T02:21:23.0267470Z [1m[92m  Downloaded[0m bytes-utils v0.1.4
2026-10-08T02:21:23.0292310Z [1m[92m  Downloaded[0m link-section v0.19.2
2026-10-08T02:21:23.0362940Z [1m[92m  Downloaded[0m prost v0.14.4
2026-10-08T02:21:23.0387210Z [1m[92m  Downloaded[0m psm v0.1.30
2026-10-08T02:21:23.0455410Z [1m[92m  Downloaded[0m unicode-bidi-mirroring v0.4.0
2026-10-08T02:21:23.0467390Z [1m[92m  Downloaded[0m unicode-xid v0.2.6
2026-10-08T02:21:23.0484880Z [1m[92m  Downloaded[0m unicode_categories v0.1.1
2026-10-08T02:21:23.0504960Z [1m[92m  Downloaded[0m v_frame v0.3.9
2026-10-08T02:21:23.0528470Z [1m[92m  Downloaded[0m value-bag-serde1 v1.12.0
2026-10-08T02:21:23.0539700Z [1m[92m  Downloaded[0m vsimd v0.8.0
2026-10-08T02:21:23.0580600Z [1m[92m  Downloaded[0m crossbeam-queue v0.3.12
2026-10-08T02:21:23.0597690Z [1m[92m  Downloaded[0m glob v0.3.3
2026-10-08T02:21:23.0621790Z [1m[92m  Downloaded[0m hash32 v0.3.1
2026-10-08T02:21:23.0642520Z [1m[92m  Downloaded[0m heed v0.21.0
2026-10-08T02:21:23.0710290Z [1m[92m  Downloaded[0m http v0.2.12
2026-10-08T02:21:23.0771580Z [1m[92m  Downloaded[0m http-body v1.0.1
2026-10-08T02:21:23.0787980Z [1m[92m  Downloaded[0m humantime v2.3.0
2026-10-08T02:21:23.0819970Z [1m[92m  Downloaded[0m roughr-merman v0.12.3
2026-10-08T02:21:23.0851300Z [1m[92m  Downloaded[0m roxmltree v0.21.1
2026-10-08T02:21:23.1141760Z [1m[92m  Downloaded[0m rtrb v0.3.2
2026-10-08T02:21:23.1166410Z [1m[92m  Downloaded[0m rustc-hash v2.1.1
2026-10-08T02:21:23.1198400Z [1m[92m  Downloaded[0m ryu v1.0.23
2026-10-08T02:21:23.1260540Z [1m[92m  Downloaded[0m sdd v4.6.2
2026-10-08T02:21:23.1320320Z [1m[92m  Downloaded[0m serde_core v1.0.229
2026-10-08T02:21:23.1370590Z [1m[92m  Downloaded[0m cranelift-codegen-meta v0.135.1
2026-10-08T02:21:23.1431150Z [1m[92m  Downloaded[0m pretty_assertions v1.4.1
2026-10-08T02:21:23.1476900Z [1m[92m  Downloaded[0m signature v2.2.0
2026-10-08T02:21:23.1603720Z [1m[92m  Downloaded[0m simplecss v0.2.2
2026-10-08T02:21:23.1615360Z [1m[92m  Downloaded[0m stacker v0.1.25
2026-10-08T02:21:23.2169930Z [1m[92m  Downloaded[0m stacksafe v1.0.3
2026-10-08T02:21:23.2214450Z [1m[92m  Downloaded[0m streaming-iterator v0.1.9
2026-10-08T02:21:23.2233680Z [1m[92m  Downloaded[0m subtle v2.6.1
2026-10-08T02:21:23.2251300Z [1m[92m  Downloaded[0m wasmtime-internal-component-util v48.0.1
2026-10-08T02:21:23.2259300Z [1m[92m  Downloaded[0m wax v0.7.0
2026-10-08T02:21:23.2313480Z [1m[92m  Downloaded[0m weezl v0.1.10
2026-10-08T02:21:23.2352140Z [1m[92m  Downloaded[0m write16 v1.0.0
2026-10-08T02:21:23.2368740Z [1m[92m  Downloaded[0m writeable v0.6.4
2026-10-08T02:21:23.2403850Z [1m[92m  Downloaded[0m xmlparser v0.13.6
2026-10-08T02:21:23.2440850Z [1m[92m  Downloaded[0m pollster v0.4.0
2026-10-08T02:21:23.2465410Z [1m[92m  Downloaded[0m quote v1.0.47
2026-10-08T02:21:23.2526760Z [1m[92m  Downloaded[0m crossbeam-deque v0.8.6
2026-10-08T02:21:23.2555820Z [1m[92m  Downloaded[0m unicode-normalization v0.1.25
2026-10-08T02:21:23.2614840Z [1m[92m  Downloaded[0m unicode-script v0.5.8
2026-10-08T02:21:23.2670020Z [1m[92m  Downloaded[0m usvg v0.46.0
2026-10-08T02:21:23.2745910Z [1m[92m  Downloaded[0m futures-lite v2.6.1
2026-10-08T02:21:23.2770960Z [1m[92m  Downloaded[0m futures-task v0.3.34
2026-10-08T02:21:23.2789200Z [1m[92m  Downloaded[0m getrandom v0.2.16
2026-10-08T02:21:23.2846590Z [1m[92m  Downloaded[0m gif v0.14.2
2026-10-08T02:21:23.2872940Z [1m[92m  Downloaded[0m hashbrown v0.17.1
2026-10-08T02:21:23.2949820Z [1m[92m  Downloaded[0m heapless v0.9.2
2026-10-08T02:21:23.3028130Z [1m[92m  Downloaded[0m html5ever v0.39.0
2026-10-08T02:21:23.3078750Z [1m[92m  Downloaded[0m httparse v1.10.1
2026-10-08T02:21:23.3136130Z [1m[92m  Downloaded[0m resvg v0.46.0
2026-10-08T02:21:23.3184070Z [1m[92m  Downloaded[0m rsa v0.9.10
2026-10-08T02:21:23.3268300Z [1m[92m  Downloaded[0m runtimelib v1.4.0
2026-10-08T02:21:23.3294550Z [1m[92m  Downloaded[0m rust-embed-impl v8.11.0
2026-10-08T02:21:23.3305660Z [1m[92m  Downloaded[0m rustc_version v0.4.1
2026-10-08T02:21:23.3323810Z [1m[92m  Downloaded[0m rustls-pki-types v1.12.0
2026-10-08T02:21:23.3418240Z [1m[92m  Downloaded[0m rustversion v1.0.22
2026-10-08T02:21:23.3463670Z [1m[92m  Downloaded[0m coreaudio-rs v0.13.0
2026-10-08T02:21:23.3495810Z [1m[92m  Downloaded[0m cpp_demangle v0.5.1
2026-10-08T02:21:23.3531850Z [1m[92m  Downloaded[0m cranelift-assembler-x64 v0.135.1
2026-10-08T02:21:23.3559160Z [1m[92m  Downloaded[0m cranelift-bforest v0.135.1
2026-10-08T02:21:23.3578600Z [1m[92m  Downloaded[0m objc2 v0.5.2
2026-10-08T02:21:23.3707510Z [1m[92m  Downloaded[0m parking_lot_core v0.9.12
2026-10-08T02:21:23.3746040Z [1m[92m  Downloaded[0m pin-project-lite v0.2.16
2026-10-08T02:21:23.3846420Z [1m[92m  Downloaded[0m simple_asn1 v0.6.3
2026-10-08T02:21:23.3864390Z [1m[92m  Downloaded[0m stable_deref_trait v1.2.1
2026-10-08T02:21:23.3876240Z [1m[92m  Downloaded[0m stacksafe-macro v1.0.3
2026-10-08T02:21:23.3885970Z [1m[92m  Downloaded[0m string_cache_codegen v0.6.1
2026-10-08T02:21:23.3896060Z [1m[92m  Downloaded[0m strum v0.28.0
2026-10-08T02:21:23.3918430Z [1m[92m  Downloaded[0m wasm-metadata v0.254.0
2026-10-08T02:21:23.3955440Z [1m[92m  Downloaded[0m wasmtime-internal-fiber v48.0.1
2026-10-08T02:21:23.3985950Z [1m[92m  Downloaded[0m wasmtime-internal-jit-debug v48.0.1
2026-10-08T02:21:23.4000720Z [1m[92m  Downloaded[0m wasmtime-internal-jit-icache-coherence v48.0.1
2026-10-08T02:21:23.4016070Z [1m[92m  Downloaded[0m web_atoms v0.2.6
2026-10-08T02:21:23.4031180Z [1m[92m  Downloaded[0m webpki-roots v1.0.8
2026-10-08T02:21:23.4067670Z [1m[92m  Downloaded[0m which v8.0.5
2026-10-08T02:21:23.4101270Z [1m[92m  Downloaded[0m malloc_buf v0.0.6
2026-10-08T02:21:23.4106720Z [1m[92m  Downloaded[0m markup5ever_rcdom v0.39.0+unofficial
2026-10-08T02:21:23.4118530Z [1m[92m  Downloaded[0m maybe-owned v0.3.4
2026-10-08T02:21:23.4136180Z [1m[92m  Downloaded[0m maybe-rayon v0.1.1
2026-10-08T02:21:23.4147430Z [1m[92m  Downloaded[0m polycool v0.4.0
2026-10-08T02:21:23.4182050Z [1m[92m  Downloaded[0m pori v0.0.0
2026-10-08T02:21:23.4199850Z [1m[92m  Downloaded[0m rand_chacha v0.3.1
2026-10-08T02:21:23.4214140Z [1m[92m  Downloaded[0m syn v3.0.3
2026-10-08T02:21:23.4382530Z [1m[92m  Downloaded[0m unicode-segmentation v1.13.3
2026-10-08T02:21:23.4424890Z [1m[92m  Downloaded[0m generic-array v0.14.7
2026-10-08T02:21:23.4447550Z [1m[92m  Downloaded[0m granit-parser v1.0.0
2026-10-08T02:21:23.4587090Z [1m[92m  Downloaded[0m reqwest v0.12.24
2026-10-08T02:21:23.4674760Z [1m[92m  Downloaded[0m rle-decode-fast v1.0.3
2026-10-08T02:21:23.4695690Z [1m[92m  Downloaded[0m cpal v0.17.1
2026-10-08T02:21:23.4800200Z [1m[92m  Downloaded[0m cranelift-assembler-x64-meta v0.135.1
2026-10-08T02:21:23.4885390Z [1m[92m  Downloaded[0m mime_guess v2.0.5
2026-10-08T02:21:23.4917210Z [1m[92m  Downloaded[0m simd-adler32 v0.3.7
2026-10-08T02:21:23.4953180Z [1m[92m  Downloaded[0m wasmprinter v0.254.0
2026-10-08T02:21:23.4992090Z [1m[92m  Downloaded[0m wasmtime-internal-c-api-macros v48.0.1
2026-10-08T02:21:23.4995080Z [1m[92m  Downloaded[0m wasmtime-internal-core v48.0.1
2026-10-08T02:21:23.5051900Z [1m[92m  Downloaded[0m wasmtime-internal-unwinder v48.0.1
2026-10-08T02:21:23.5076980Z [1m[92m  Downloaded[0m wasmtime-internal-versioned-export-macros v48.0.1
2026-10-08T02:21:23.5086090Z [1m[92m  Downloaded[0m wasmtime-internal-wit-bindgen v48.0.1
2026-10-08T02:21:23.5106100Z [1m[92m  Downloaded[0m wasmtime-wasi-io v48.0.1
2026-10-08T02:21:23.5144850Z [1m[92m  Downloaded[0m web-time v1.1.0
2026-10-08T02:21:23.5192680Z [1m[92m  Downloaded[0m xattr v1.6.1
2026-10-08T02:21:23.5234190Z [1m[92m  Downloaded[0m xml5ever v0.39.0
2026-10-08T02:21:23.5274780Z [1m[92m  Downloaded[0m xmlwriter v0.1.0
2026-10-08T02:21:23.5289470Z [1m[92m  Downloaded[0m xxhash-rust v0.8.15
2026-10-08T02:21:23.5321200Z [1m[92m  Downloaded[0m memmap2 v0.9.8
2026-10-08T02:21:23.5348080Z [1m[92m  Downloaded[0m memoffset v0.9.1
2026-10-08T02:21:23.5371390Z [1m[92m  Downloaded[0m merman v0.8.0-alpha.5
2026-10-08T02:21:23.5552660Z [1m[92m  Downloaded[0m powerfmt v0.2.0
2026-10-08T02:21:23.5571380Z [1m[92m  Downloaded[0m ppv-lite86 v0.2.21
2026-10-08T02:21:23.5590040Z [1m[92m  Downloaded[0m precomputed-hash v0.1.1
2026-10-08T02:21:23.5599420Z [1m[92m  Downloaded[0m qoi v0.4.1
2026-10-08T02:21:23.5644720Z [1m[92m  Downloaded[0m quick-error v1.2.3
2026-10-08T02:21:23.5663660Z [1m[92m  Downloaded[0m quick-error v2.0.1
2026-10-08T02:21:23.5683290Z [1m[92m  Downloaded[0m quinn-udp v0.5.14
2026-10-08T02:21:23.6006640Z [1m[92m  Downloaded[0m rand v0.8.6
2026-10-08T02:21:23.6055760Z [1m[92m  Downloaded[0m rand v0.10.2
2026-10-08T02:21:23.6111200Z [1m[92m  Downloaded[0m try-lock v0.2.5
2026-10-08T02:21:23.6123860Z [1m[92m  Downloaded[0m color_quant v1.1.0
2026-10-08T02:21:23.6137980Z [1m[92m  Downloaded[0m colorchoice v1.0.4
2026-10-08T02:21:23.6150300Z [1m[92m  Downloaded[0m command-fds v0.3.2
2026-10-08T02:21:23.6171710Z [1m[92m  Downloaded[0m compression-codecs v0.4.31
2026-10-08T02:21:23.6228600Z [1m[92m  Downloaded[0m crossbeam-channel v0.5.15
2026-10-08T02:21:23.6305000Z [1m[92m  Downloaded[0m crossbeam-epoch v0.9.18
2026-10-08T02:21:23.6610570Z [1m[92m  Downloaded[0m ident_case v1.0.1
2026-10-08T02:21:23.6622380Z [1m[92m  Downloaded[0m is-terminal v0.4.16
2026-10-08T02:21:23.6634390Z [1m[92m  Downloaded[0m is_executable v1.0.5
2026-10-08T02:21:23.6652490Z [1m[92m  Downloaded[0m goblin v0.9.3
2026-10-08T02:21:23.6746080Z [1m[92m  Downloaded[0m h2 v0.4.19
2026-10-08T02:21:23.6847400Z [1m[92m  Downloaded[0m rustybuzz v0.20.1
2026-10-08T02:21:23.6991850Z [1m[92m  Downloaded[0m winnow v0.7.13
2026-10-08T02:21:23.7153150Z [1m[92m  Downloaded[0m wit-parser v0.254.0
2026-10-08T02:21:23.8495380Z [1m[92m  Downloaded[0m markup5ever v0.39.0
2026-10-08T02:21:23.8522150Z [1m[92m  Downloaded[0m matchers v0.2.0
2026-10-08T02:21:23.8545490Z [1m[92m  Downloaded[0m memchr v2.8.3
2026-10-08T02:21:23.8940550Z [1m[92m  Downloaded[0m rand v0.9.4
2026-10-08T02:21:23.9017720Z [1m[92m  Downloaded[0m tree-sitter-regex v0.24.3
2026-10-08T02:21:23.9053230Z [1m[92m  Downloaded[0m tungstenite v0.28.0
2026-10-08T02:21:23.9135280Z [1m[92m  Downloaded[0m typeid v1.0.3
2026-10-08T02:21:23.9178370Z [1m[92m  Downloaded[0m typenum v1.19.0
2026-10-08T02:21:23.9284100Z [1m[92m  Downloaded[0m core2 v0.4.0
2026-10-08T02:21:23.9342220Z [1m[92m  Downloaded[0m crc32fast v1.5.0
2026-10-08T02:21:23.9380830Z [1m[92m  Downloaded[0m hyper v1.11.1
2026-10-08T02:21:23.9532410Z [1m[92m  Downloaded[0m include-flate v0.3.4
2026-10-08T02:21:23.9555610Z [1m[92m  Downloaded[0m include-flate-codegen v0.3.4
2026-10-08T02:21:23.9574460Z [1m[92m  Downloaded[0m include-flate-compress v0.3.4
2026-10-08T02:21:23.9592800Z [1m[92m  Downloaded[0m indenter v0.3.4
2026-10-08T02:21:23.9619530Z [1m[92m  Downloaded[0m indexmap v2.14.0
2026-10-08T02:21:23.9716510Z [1m[92m  Downloaded[0m indoc v2.0.6
2026-10-08T02:21:23.9777260Z [1m[92m  Downloaded[0m inout v0.1.4
2026-10-08T02:21:23.9800570Z [1m[92m  Downloaded[0m inventory v0.3.21
2026-10-08T02:21:23.9842290Z [1m[92m  Downloaded[0m io-extras v0.19.0
2026-10-08T02:21:23.9914950Z [1m[92m  Downloaded[0m io-lifetimes v2.0.4
2026-10-08T02:21:23.9947820Z [1m[92m  Downloaded[0m io-lifetimes v3.0.1
2026-10-08T02:21:24.0273870Z [1m[92m  Downloaded[0m io-surface v0.16.1
2026-10-08T02:21:24.0311350Z [1m[92m  Downloaded[0m ipnet v2.11.0
2026-10-08T02:21:24.0340750Z [1m[92m  Downloaded[0m is_terminal_polyfill v1.70.1
2026-10-08T02:21:24.0353410Z [1m[92m  Downloaded[0m objc2-user-notifications v0.3.2
2026-10-08T02:21:24.0393080Z [1m[92m  Downloaded[0m pathfinder_geometry v0.5.1
2026-10-08T02:21:24.0413020Z [1m[92m  Downloaded[0m percent-encoding v2.3.2
2026-10-08T02:21:24.0431770Z [1m[92m  Downloaded[0m phf_codegen v0.13.1
2026-10-08T02:21:24.0445500Z [1m[92m  Downloaded[0m phf_generator v0.11.3
2026-10-08T02:21:24.0461920Z [1m[92m  Downloaded[0m phf_shared v0.11.3
2026-10-08T02:21:24.0478850Z [1m[92m  Downloaded[0m phf_shared v0.13.1
2026-10-08T02:21:24.0492590Z [1m[92m  Downloaded[0m piper v0.2.4
2026-10-08T02:21:24.0528130Z [1m[92m  Downloaded[0m ref-cast-impl v1.0.25
2026-10-08T02:21:24.0545360Z [1m[92m  Downloaded[0m unicode-width v0.2.2
2026-10-08T02:21:24.0641830Z [1m[92m  Downloaded[0m gimli v0.32.3
2026-10-08T02:21:24.1010410Z [1m[92m  Downloaded[0m objc2 v0.6.3
2026-10-08T02:21:24.1585130Z [1m[92m  Downloaded[0m objc2-io-kit v0.3.2
2026-10-08T02:21:24.1737080Z [1m[92m  Downloaded[0m pulldown-cmark v0.13.4
2026-10-08T02:21:24.1841780Z [1m[92m  Downloaded[0m wasmtime-c-api-impl v48.0.1
2026-10-08T02:21:24.2392180Z [1m[92m  Downloaded[0m wasmtime-wasi v48.0.1
2026-10-08T02:21:24.2560170Z [1m[92m  Downloaded[0m wit-component v0.254.0
2026-10-08T02:21:24.5083670Z [1m[92m  Downloaded[0m manatee v0.8.0-alpha.5
2026-10-08T02:21:24.5168460Z [1m[92m  Downloaded[0m portable-atomic v1.11.1
2026-10-08T02:21:24.5252160Z [1m[92m  Downloaded[0m quick-xml v0.41.0
2026-10-08T02:21:24.5378670Z [1m[92m  Downloaded[0m ttf-parser v0.25.1
2026-10-08T02:21:24.5877890Z [1m[92m  Downloaded[0m indexmap v1.9.3
2026-10-08T02:21:24.5946510Z [1m[92m  Downloaded[0m ipc-channel v0.19.0
2026-10-08T02:21:24.6019510Z [1m[92m  Downloaded[0m itertools v0.13.0
2026-10-08T02:21:24.6135690Z [1m[92m  Downloaded[0m phf v0.11.3
2026-10-08T02:21:24.6465340Z [1m[92m  Downloaded[0m phf v0.13.1
2026-10-08T02:21:24.6485190Z [1m[92m  Downloaded[0m phf_macros v0.11.3
2026-10-08T02:21:24.6501410Z [1m[92m  Downloaded[0m phf_macros v0.13.1
2026-10-08T02:21:24.6517550Z [1m[92m  Downloaded[0m pkcs8 v0.10.2
2026-10-08T02:21:24.6634280Z [1m[92m  Downloaded[0m pkg-config v0.3.32
2026-10-08T02:21:24.6658390Z [1m[92m  Downloaded[0m plain v0.2.3
2026-10-08T02:21:24.6673260Z [1m[92m  Downloaded[0m plist v1.10.0
2026-10-08T02:21:24.6747190Z [1m[92m  Downloaded[0m png v0.17.16
2026-10-08T02:21:24.6802330Z [1m[92m  Downloaded[0m polling v3.11.0
2026-10-08T02:21:24.6847030Z [1m[92m  Downloaded[0m rand_core v0.6.4
2026-10-08T02:21:24.7176410Z [1m[92m  Downloaded[0m rand_pcg v0.10.2
2026-10-08T02:21:24.7211520Z [1m[92m  Downloaded[0m ravif v0.13.0
2026-10-08T02:21:24.7229140Z [1m[92m  Downloaded[0m raw-window-handle v0.6.2
2026-10-08T02:21:24.7257960Z [1m[92m  Downloaded[0m ref-cast v1.0.25
2026-10-08T02:21:24.7304570Z [1m[92m  Downloaded[0m referencing v0.51.0
2026-10-08T02:21:24.7379990Z [1m[92m  Downloaded[0m sha1 v0.10.6
2026-10-08T02:21:24.7403360Z [1m[92m  Downloaded[0m shell-words v1.1.0
2026-10-08T02:21:24.7417670Z [1m[92m  Downloaded[0m shlex v1.3.0
2026-10-08T02:21:24.7435480Z [1m[92m  Downloaded[0m signal-hook-registry v1.4.6
2026-10-08T02:21:24.7474810Z [1m[92m  Downloaded[0m wasmparser v0.254.0
2026-10-08T02:21:24.7968170Z [1m[92m  Downloaded[0m wasmtime-environ v48.0.1
2026-10-08T02:21:24.8086840Z [1m[92m  Downloaded[0m wasmtime-internal-component-macro v48.0.1
2026-10-08T02:21:24.8624040Z [1m[92m  Downloaded[0m wasmtime-internal-cranelift v48.0.1
2026-10-08T02:21:24.8727100Z [1m[92m  Downloaded[0m objc_exception v0.1.2
2026-10-08T02:21:24.8731870Z [1m[92m  Downloaded[0m partial-json-fixer v0.5.3
2026-10-08T02:21:24.8746690Z [1m[92m  Downloaded[0m pastey v0.1.1
2026-10-08T02:21:24.8773670Z [1m[92m  Downloaded[0m pathfinder_simd v0.5.6
2026-10-08T02:21:24.8806150Z [1m[92m  Downloaded[0m pbjson-types v0.9.0
2026-10-08T02:21:24.8832990Z [1m[92m  Downloaded[0m pbkdf2 v0.11.0
2026-10-08T02:21:24.8870260Z [1m[92m  Downloaded[0m peg v0.8.5
2026-10-08T02:21:24.9202360Z [1m[92m  Downloaded[0m peg-runtime v0.8.5
2026-10-08T02:21:24.9213770Z [1m[92m  Downloaded[0m pem v3.0.6
2026-10-08T02:21:24.9245830Z [1m[92m  Downloaded[0m pest v2.8.3
2026-10-08T02:21:24.9306850Z [1m[92m  Downloaded[0m png v0.18.0
2026-10-08T02:21:24.9362230Z [1m[92m  Downloaded[0m rayon v1.11.0
2026-10-08T02:21:24.9513720Z [1m[92m  Downloaded[0m rayon-core v1.13.0
2026-10-08T02:21:24.9833720Z [1m[92m  Downloaded[0m regalloc2 v0.15.2
2026-10-08T02:21:24.9905040Z [1m[92m  Downloaded[0m objc2-encode v4.1.0
2026-10-08T02:21:24.9923570Z [1m[92m  Downloaded[0m objc2-quartz-core v0.2.2
2026-10-08T02:21:24.9968090Z [1m[92m  Downloaded[0m serde_derive_internals v0.29.1
2026-10-08T02:21:24.9987790Z [1m[92m  Downloaded[0m serde_path_to_error v0.1.20
2026-10-08T02:21:25.0009920Z [1m[92m  Downloaded[0m serde_spanned v1.0.3
2026-10-08T02:21:25.0033640Z [1m[92m  Downloaded[0m serde_urlencoded v0.7.1
2026-10-08T02:21:25.0056290Z [1m[92m  Downloaded[0m sha1_smol v1.0.1
2026-10-08T02:21:25.0074980Z [1m[92m  Downloaded[0m sha2 v0.10.9
2026-10-08T02:21:25.0117150Z [1m[92m  Downloaded[0m shellexpand v3.1.1
2026-10-08T02:21:25.0149380Z [1m[92m  Downloaded[0m signal-hook v0.4.4
2026-10-08T02:21:25.0276270Z [1m[92m  Downloaded[0m tree-sitter-json v0.24.8
2026-10-08T02:21:25.0281070Z [1m[92m  Downloaded[0m waker-fn v1.2.0
2026-10-08T02:21:25.0304030Z [1m[92m  Downloaded[0m libc v0.2.186
2026-10-08T02:21:25.1050750Z [1m[92m  Downloaded[0m tree-sitter-rust v0.24.2
2026-10-08T02:21:25.1161950Z [1m[92m  Downloaded[0m objc2-screen-capture-kit v0.3.2
2026-10-08T02:21:25.1190260Z [1m[92m  Downloaded[0m password-hash v0.4.2
2026-10-08T02:21:25.1218420Z [1m[92m  Downloaded[0m paste v1.0.15
2026-10-08T02:21:25.1271990Z [1m[92m  Downloaded[0m pbjson v0.9.0
2026-10-08T02:21:25.1281340Z [1m[92m  Downloaded[0m pbjson-build v0.9.0
2026-10-08T02:21:25.1299200Z [1m[92m  Downloaded[0m peg-macros v0.8.5
2026-10-08T02:21:25.1318070Z [1m[92m  Downloaded[0m pem-rfc7468 v0.7.0
2026-10-08T02:21:25.1354940Z [1m[92m  Downloaded[0m num v0.4.3
2026-10-08T02:21:25.1367480Z [1m[92m  Downloaded[0m num-cmp v0.1.0
2026-10-08T02:21:25.1378150Z [1m[92m  Downloaded[0m num-complex v0.4.6
2026-10-08T02:21:25.1397360Z [1m[92m  Downloaded[0m num-conv v0.2.0
2026-10-08T02:21:25.1410360Z [1m[92m  Downloaded[0m num-derive v0.4.2
2026-10-08T02:21:25.1440240Z [1m[92m  Downloaded[0m num-integer v0.1.46
2026-10-08T02:21:25.1462670Z [1m[92m  Downloaded[0m num-iter v0.1.45
2026-10-08T02:21:25.1475310Z [1m[92m  Downloaded[0m num_cpus v1.17.0
2026-10-08T02:21:25.1520270Z [1m[92m  Downloaded[0m num_threads v0.1.7
2026-10-08T02:21:25.1535460Z [1m[92m  Downloaded[0m objc v0.2.7
2026-10-08T02:21:25.1565890Z [1m[92m  Downloaded[0m objc2-core-data v0.2.2
2026-10-08T02:21:25.1668570Z [1m[92m  Downloaded[0m objc2-core-image v0.2.2
2026-10-08T02:21:25.1706910Z [1m[92m  Downloaded[0m objc2-core-location v0.3.2
2026-10-08T02:21:25.1807900Z [1m[92m  Downloaded[0m objc2-core-video v0.3.2
2026-10-08T02:21:25.1908930Z [1m[92m  Downloaded[0m serde_json v1.0.151
2026-10-08T02:21:25.1990340Z [1m[92m  Downloaded[0m serde_json_lenient v0.2.4
2026-10-08T02:21:25.2040430Z [1m[92m  Downloaded[0m serde_with v3.22.0
2026-10-08T02:21:25.2827950Z [1m[92m  Downloaded[0m sval_fmt v2.15.0
2026-10-08T02:21:25.2847130Z [1m[92m  Downloaded[0m sval_json v2.15.0
2026-10-08T02:21:25.2866320Z [1m[92m  Downloaded[0m sval_ref v2.15.0
2026-10-08T02:21:25.2881340Z [1m[92m  Downloaded[0m sval_serde v2.15.0
2026-10-08T02:21:25.2895450Z [1m[92m  Downloaded[0m toml_write v0.1.2
2026-10-08T02:21:25.2914460Z [1m[92m  Downloaded[0m tower-layer v0.3.3
2026-10-08T02:21:25.2928910Z [1m[92m  Downloaded[0m tower-service v0.3.3
2026-10-08T02:21:25.2940370Z [1m[92m  Downloaded[0m tree-sitter-go v0.25.0
2026-10-08T02:21:25.2993160Z [1m[92m  Downloaded[0m tree-sitter-jsdoc v0.23.2
2026-10-08T02:21:25.3016140Z [1m[92m  Downloaded[0m ucd-trie v0.1.7
2026-10-08T02:21:25.3046190Z [1m[92m  Downloaded[0m unarray v0.1.4
2026-10-08T02:21:25.3063570Z [1m[92m  Downloaded[0m wasm-bindgen-macro v0.2.120
2026-10-08T02:21:25.3077320Z [1m[92m  Downloaded[0m wasm-bindgen-shared v0.2.120
2026-10-08T02:21:25.3092700Z [1m[92m  Downloaded[0m cobs v0.3.0
2026-10-08T02:21:25.3433630Z [1m[92m  Downloaded[0m codespan-reporting v0.13.0
2026-10-08T02:21:25.3561370Z [1m[92m  Downloaded[0m console v0.16.3
2026-10-08T02:21:25.3592150Z [1m[92m  Downloaded[0m const-random-macro v0.1.16
2026-10-08T02:21:25.3606910Z [1m[92m  Downloaded[0m const_format_proc_macros v0.2.34
2026-10-08T02:21:25.3639830Z [1m[92m  Downloaded[0m tokio v1.52.1
2026-10-08T02:21:25.4685620Z [1m[92m  Downloaded[0m rust-embed v8.11.0
2026-10-08T02:21:25.4797590Z [1m[92m  Downloaded[0m nucleo v0.5.0
2026-10-08T02:21:25.4827560Z [1m[92m  Downloaded[0m nucleo-matcher v0.3.1
2026-10-08T02:21:25.4860440Z [1m[92m  Downloaded[0m num-format v0.4.4
2026-10-08T02:21:25.4910760Z [1m[92m  Downloaded[0m num-traits v0.2.19
2026-10-08T02:21:25.4946530Z [1m[92m  Downloaded[0m objc2-core-audio-types v0.3.2
2026-10-08T02:21:25.4964900Z [1m[92m  Downloaded[0m objc2-core-graphics v0.3.2
2026-10-08T02:21:25.5061720Z [1m[92m  Downloaded[0m objc2-foundation v0.2.2
2026-10-08T02:21:25.5359420Z [1m[92m  Downloaded[0m sval_nested v2.15.0
2026-10-08T02:21:25.5376880Z [1m[92m  Downloaded[0m synstructure v0.13.2
2026-10-08T02:21:25.5390210Z [1m[92m  Downloaded[0m sys-locale v0.3.2
2026-10-08T02:21:25.5408810Z [1m[92m  Downloaded[0m toml_datetime v0.7.3
2026-10-08T02:21:25.5425540Z [1m[92m  Downloaded[0m toml_parser v1.0.4
2026-10-08T02:21:25.5457350Z [1m[92m  Downloaded[0m toml_writer v1.0.4
2026-10-08T02:21:25.5475640Z [1m[92m  Downloaded[0m tracing-attributes v0.1.31
2026-10-08T02:21:25.5530320Z [1m[92m  Downloaded[0m tracing-core v0.1.35
2026-10-08T02:21:25.5583930Z [1m[92m  Downloaded[0m tracing-log v0.2.0
2026-10-08T02:21:25.5625980Z [1m[92m  Downloaded[0m tracing-serde v0.2.0
2026-10-08T02:21:25.5638500Z [1m[92m  Downloaded[0m tree-sitter-css v0.23.2
2026-10-08T02:21:25.5669770Z [1m[92m  Downloaded[0m tree-sitter-diff v0.1.0
2026-10-08T02:21:25.5698140Z [1m[92m  Downloaded[0m tree-sitter-html v0.23.2
2026-10-08T02:21:25.5724740Z [1m[92m  Downloaded[0m vte v0.15.0
2026-10-08T02:21:25.5759020Z [1m[92m  Downloaded[0m wait-timeout v0.2.1
2026-10-08T02:21:25.5785540Z [1m[92m  Downloaded[0m walkdir v2.5.0
2026-10-08T02:21:25.5812230Z [1m[92m  Downloaded[0m wasm-bindgen v0.2.120
2026-10-08T02:21:25.5853300Z [1m[92m  Downloaded[0m wasm-bindgen-macro-support v0.2.120
2026-10-08T02:21:25.5879860Z [1m[92m  Downloaded[0m clang-sys v1.8.1
2026-10-08T02:21:25.5926750Z [1m[92m  Downloaded[0m clap_complete_nushell v4.6.0
2026-10-08T02:21:25.5949890Z [1m[92m  Downloaded[0m clap_derive v4.5.49
2026-10-08T02:21:25.5984590Z [1m[92m  Downloaded[0m clap_lex v0.7.6
2026-10-08T02:21:25.6013150Z [1m[92m  Downloaded[0m const-oid v0.9.6
2026-10-08T02:21:25.6123190Z [1m[92m  Downloaded[0m constant_time_eq v0.1.5
2026-10-08T02:21:25.6282530Z [1m[92m  Downloaded[0m convert_case v0.11.0
2026-10-08T02:21:25.6396340Z [1m[92m  Downloaded[0m cranelift-native v0.135.1
2026-10-08T02:21:25.6520390Z [1m[92m  Downloaded[0m crash-handler v0.8.0
2026-10-08T02:21:25.6795000Z [1m[92m  Downloaded[0m num-bigint v0.4.8
2026-10-08T02:21:25.6896090Z [1m[92m  Downloaded[0m num-bigint-dig v0.8.6
2026-10-08T02:21:25.6997650Z [1m[92m  Downloaded[0m objc2-foundation v0.3.2
2026-10-08T02:21:25.7210480Z [1m[92m  Downloaded[0m toml_edit v0.22.27
2026-10-08T02:21:25.7273060Z [1m[92m  Downloaded[0m tower v0.5.2
2026-10-08T02:21:25.7441140Z [1m[92m  Downloaded[0m tracing v0.1.43
2026-10-08T02:21:25.7498010Z [1m[92m  Downloaded[0m tracing-subscriber v0.3.22
2026-10-08T02:21:25.7633070Z [1m[92m  Downloaded[0m tree-sitter-python v0.25.0
2026-10-08T02:21:25.7706940Z [1m[92m  Downloaded[0m yansi v1.0.1
2026-10-08T02:21:25.7739540Z [1m[92m  Downloaded[0m yoke v0.8.3
2026-10-08T02:21:25.7766500Z [1m[92m  Downloaded[0m chardetng v0.1.17
2026-10-08T02:21:25.7788520Z [1m[92m  Downloaded[0m ciborium v0.2.2
2026-10-08T02:21:25.7827610Z [1m[92m  Downloaded[0m ciborium-io v0.2.2
2026-10-08T02:21:25.7839810Z [1m[92m  Downloaded[0m clap_builder v4.5.49
2026-10-08T02:21:25.7944500Z [1m[92m  Downloaded[0m cmake v0.1.56
2026-10-08T02:21:25.7966690Z [1m[92m  Downloaded[0m cocoa v0.26.0
2026-10-08T02:21:25.7997970Z [1m[92m  Downloaded[0m cocoa-foundation v0.2.0
2026-10-08T02:21:25.8015510Z [1m[92m  Downloaded[0m compression-core v0.4.29
2026-10-08T02:21:25.8082310Z [1m[92m  Downloaded[0m concurrent-queue v2.5.0
2026-10-08T02:21:25.8083100Z [1m[92m  Downloaded[0m const_format v0.2.35
2026-10-08T02:21:25.8422290Z [1m[92m  Downloaded[0m cranelift-srcgen v0.135.1
2026-10-08T02:21:25.8438170Z [1m[92m  Downloaded[0m crash-context v0.8.0
2026-10-08T02:21:25.8510090Z [1m[92m  Downloaded[0m icu_locale_fallback_data v2.3.0
2026-10-08T02:21:25.8542520Z [1m[92m  Downloaded[0m id-arena v2.3.0
2026-10-08T02:21:25.8636360Z [1m[92m  Downloaded[0m idna_adapter v1.2.1
2026-10-08T02:21:25.8686870Z [1m[92m  Downloaded[0m object v0.37.3
2026-10-08T02:21:25.8822550Z [1m[92m  Downloaded[0m object v0.39.1
2026-10-08T02:21:25.8990560Z [1m[92m  Downloaded[0m objc2-core-foundation v0.3.2
2026-10-08T02:21:25.9100800Z [1m[92m  Downloaded[0m want v0.3.1
2026-10-08T02:21:25.9115290Z [1m[92m  Downloaded[0m wasm-encoder v0.254.0
2026-10-08T02:21:25.9195180Z [1m[92m  Downloaded[0m y4m v0.8.0
2026-10-08T02:21:25.9211280Z [1m[92m  Downloaded[0m yoke-derive v0.8.2
2026-10-08T02:21:25.9226240Z [1m[92m  Downloaded[0m chunked_transfer v1.5.0
2026-10-08T02:21:25.9243400Z [1m[92m  Downloaded[0m ciborium-ll v0.2.2
2026-10-08T02:21:25.9256400Z [1m[92m  Downloaded[0m cipher v0.4.4
2026-10-08T02:21:25.9276940Z [1m[92m  Downloaded[0m circular-buffer v1.2.0
2026-10-08T02:21:25.9305950Z [1m[92m  Downloaded[0m const-random v0.1.18
2026-10-08T02:21:25.9320080Z [1m[92m  Downloaded[0m convert_case v0.10.0
2026-10-08T02:21:25.9346320Z [1m[92m  Downloaded[0m core-graphics v0.24.0
2026-10-08T02:21:25.9376640Z [1m[92m  Downloaded[0m core-graphics-types v0.2.0
2026-10-08T02:21:25.9387620Z [1m[92m  Downloaded[0m hyper-rustls v0.27.9
2026-10-08T02:21:25.9406820Z [1m[92m  Downloaded[0m iana-time-zone v0.1.64
2026-10-08T02:21:25.9453980Z [1m[92m  Downloaded[0m icu_locale_fallback v2.3.0
2026-10-08T02:21:25.9467110Z [1m[92m  Downloaded[0m ignore v0.4.24
2026-10-08T02:21:25.9498810Z [1m[92m  Downloaded[0m lazy_static v1.5.0
2026-10-08T02:21:25.9523690Z [1m[92m  Downloaded[0m leak v0.1.2
2026-10-08T02:21:25.9528610Z [1m[92m  Downloaded[0m multimap v0.8.3
2026-10-08T02:21:25.9543520Z [1m[92m  Downloaded[0m tower-http v0.6.11
2026-10-08T02:21:25.9721730Z [1m[92m  Downloaded[0m yawc v0.4.2
2026-10-08T02:21:25.9770440Z [1m[92m  Downloaded[0m zerocopy-derive v0.8.27
2026-10-08T02:21:25.9891290Z [1m[92m  Downloaded[0m clap v4.5.49
2026-10-08T02:21:26.0386280Z [1m[92m  Downloaded[0m clap_complete v4.5.59
2026-10-08T02:21:26.0425220Z [1m[92m  Downloaded[0m core-services v1.0.0
2026-10-08T02:21:26.0433260Z [1m[92m  Downloaded[0m core-text v21.0.0
2026-10-08T02:21:26.0457500Z [1m[92m  Downloaded[0m core_maths v0.1.1
2026-10-08T02:21:26.0467790Z [1m[92m  Downloaded[0m icu_normalizer_data v2.3.0
2026-10-08T02:21:26.0495220Z [1m[92m  Downloaded[0m kv-log-macro v1.0.7
2026-10-08T02:21:26.0530340Z [1m[92m  Downloaded[0m mach2 v0.6.0
2026-10-08T02:21:26.0973010Z [1m[92m  Downloaded[0m nanoid v0.4.0
2026-10-08T02:21:26.0987880Z [1m[92m  Downloaded[0m new_debug_unreachable v1.0.6
2026-10-08T02:21:26.1006780Z [1m[92m  Downloaded[0m sysinfo v0.39.6
2026-10-08T02:21:26.1212710Z [1m[92m  Downloaded[0m core-foundation v0.10.0
2026-10-08T02:21:26.1251750Z [1m[92m  Downloaded[0m core-foundation-sys v0.8.7
2026-10-08T02:21:26.1620900Z [1m[92m  Downloaded[0m core-graphics2 v0.5.2
2026-10-08T02:21:26.1668390Z [1m[92m  Downloaded[0m core-video v0.5.2
2026-10-08T02:21:26.1700230Z [1m[92m  Downloaded[0m coreaudio-rs v0.12.1
2026-10-08T02:21:26.1742960Z [1m[92m  Downloaded[0m cranelift-frontend v0.135.1
2026-10-08T02:21:26.1765320Z [1m[92m  Downloaded[0m icu_properties v2.3.0
2026-10-08T02:21:26.1811850Z [1m[92m  Downloaded[0m yaml-rust2 v0.8.1
2026-10-08T02:21:26.2282890Z [1m[92m  Downloaded[0m hyper-util v0.1.17
2026-10-08T02:21:26.2369470Z [1m[92m  Downloaded[0m icu_collections v2.3.0
2026-10-08T02:21:26.2477980Z [1m[92m  Downloaded[0m icu_provider v2.3.0
2026-10-08T02:21:26.2525500Z [1m[92m  Downloaded[0m jupyter-protocol v1.4.0
2026-10-08T02:21:26.2550310Z [1m[92m  Downloaded[0m lalrpop-util v0.23.1
2026-10-08T02:21:26.2568420Z [1m[92m  Downloaded[0m minidumper v0.11.0
2026-10-08T02:21:26.2594500Z [1m[92m  Downloaded[0m merman-core v0.8.0-alpha.5
2026-10-08T02:21:26.2979280Z [1m[92m  Downloaded[0m image-webp v0.2.4
2026-10-08T02:21:26.3010710Z [1m[92m  Downloaded[0m imagesize v0.14.0
2026-10-08T02:21:26.3053150Z [1m[92m  Downloaded[0m cranelift-isle v0.135.1
2026-10-08T02:21:26.3138680Z [1m[92m  Downloaded[0m icu_locale_core v2.3.0
2026-10-08T02:21:26.3252050Z [1m[92m  Downloaded[0m jobserver v0.1.34
2026-10-08T02:21:26.3280030Z [1m[92m  Downloaded[0m minidump-common v0.26.1
2026-10-08T02:21:26.3310790Z [1m[92m  Downloaded[0m minimal-lexical v0.2.1
2026-10-08T02:21:26.3384680Z [1m[92m  Downloaded[0m objc2-app-kit v0.2.2
2026-10-08T02:21:26.3760720Z [1m[92m  Downloaded[0m zerocopy v0.8.27
2026-10-08T02:21:26.4177760Z [1m[92m  Downloaded[0m chrono v0.4.42
2026-10-08T02:21:26.4282690Z [1m[92m  Downloaded[0m mio v1.2.0
2026-10-08T02:21:26.4373360Z [1m[92m  Downloaded[0m petgraph v0.8.3
2026-10-08T02:21:26.4986540Z [1m[92m  Downloaded[0m imgref v1.12.0
2026-10-08T02:21:26.5008620Z [1m[92m  Downloaded[0m pxfm v0.1.25
2026-10-08T02:21:26.5398100Z [1m[92m  Downloaded[0m tree-sitter-bash v0.25.1
2026-10-08T02:21:26.5602170Z [1m[92m  Downloaded[0m icu_properties_data v2.3.0
2026-10-08T02:21:26.5740200Z [1m[92m  Downloaded[0m idna v1.1.0
2026-10-08T02:21:26.5781090Z [1m[92m  Downloaded[0m jupyter-websocket-client v1.1.0
2026-10-08T02:21:26.5797680Z [1m[92m  Downloaded[0m ring v0.17.14
2026-10-08T02:21:26.6403460Z [1m[92m  Downloaded[0m itertools v0.14.0
2026-10-08T02:21:26.6513920Z [1m[92m  Downloaded[0m kurbo v0.13.1
2026-10-08T02:21:26.6586570Z [1m[92m  Downloaded[0m minidump-writer v0.13.0
2026-10-08T02:21:26.6698910Z [1m[92m  Downloaded[0m tree-sitter-c v0.24.1
2026-10-08T02:21:26.6781550Z [1m[92m  Downloaded[0m moxcms v0.8.1
2026-10-08T02:21:26.6978560Z [1m[92m  Downloaded[0m objc2-app-kit v0.3.2
2026-10-08T02:21:26.7407120Z [1m[92m  Downloaded[0m nbformat v1.2.0
2026-10-08T02:21:26.7478450Z [1m[92m  Downloaded[0m no_std_io2 v0.9.4
2026-10-08T02:21:26.7503330Z [1m[92m  Downloaded[0m image v0.25.10
2026-10-08T02:21:26.7631560Z [1m[92m  Downloaded[0m json5 v1.3.1
2026-10-08T02:21:26.7666350Z [1m[92m  Downloaded[0m moka v0.12.11
2026-10-08T02:21:26.7809450Z [1m[92m  Downloaded[0m nu-ansi-term v0.50.3
2026-10-08T02:21:26.7842750Z [1m[92m  Downloaded[0m imara-diff v0.2.0
2026-10-08T02:21:26.7903350Z [1m[92m  Downloaded[0m rav1e v0.8.1
2026-10-08T02:21:26.8368280Z [1m[92m  Downloaded[0m wasmtime v48.0.1
2026-10-08T02:21:26.9296460Z [1m[92m  Downloaded[0m itertools v0.15.0
2026-10-08T02:21:26.9402940Z [1m[92m  Downloaded[0m icu_collator_data v2.3.0
2026-10-08T02:21:26.9476990Z [1m[92m  Downloaded[0m cranelift-codegen v0.135.1
2026-10-08T02:21:26.9893920Z [1m[92m  Downloaded[0m logos v0.15.1
2026-10-08T02:21:27.0012010Z [1m[92m  Downloaded[0m icu_normalizer v2.3.0
2026-10-08T02:21:27.0115550Z [1m[92m  Downloaded[0m nix v0.30.1
2026-10-08T02:21:27.0288510Z [1m[92m  Downloaded[0m jsonschema v0.51.0
2026-10-08T02:21:27.0545860Z [1m[92m  Downloaded[0m jiff v0.2.15
2026-10-08T02:21:27.0740600Z [1m[92m  Downloaded[0m icu_collator v2.3.0
2026-10-08T02:21:27.0906000Z [1m[92m  Downloaded[0m merman-render v0.8.0-alpha.5
2026-10-08T02:21:27.1871950Z [1m[92m  Downloaded[0m libsqlite3-sys v0.30.1
2026-10-08T02:21:27.2428030Z [1m[92m  Downloaded[0m metal v0.33.0
2026-10-08T02:21:27.2680120Z [1m[92m  Downloaded[0m aws-lc-sys v0.42.0
2026-10-08T02:21:28.6929490Z [1m[92m   Compiling[0m proc-macro2 v1.0.107
2026-10-08T02:21:28.6969000Z [1m[92m   Compiling[0m unicode-ident v1.0.24
2026-10-08T02:21:29.2429480Z [1m[92m   Compiling[0m quote v1.0.47
2026-10-08T02:21:31.9505380Z [1m[92m   Compiling[0m libc v0.2.186
2026-10-08T02:21:32.3070150Z [1m[92m   Compiling[0m serde_core v1.0.229
2026-10-08T02:21:33.7755370Z [1m[92m   Compiling[0m syn v2.0.117
2026-10-08T02:21:35.1575900Z [1m[92m   Compiling[0m syn v3.0.3
2026-10-08T02:21:58.9179960Z [1m[92m   Compiling[0m serde v1.0.229
2026-10-08T02:21:59.5957790Z [1m[92m   Compiling[0m serde_derive v1.0.229
2026-10-08T02:22:00.5514310Z [1m[92m    Checking[0m cfg-if v1.0.4
2026-10-08T02:22:00.6249290Z [1m[92m   Compiling[0m typeid v1.0.3
2026-10-08T02:22:00.8461270Z [1m[92m   Compiling[0m erased-serde v0.4.9
2026-10-08T02:22:01.0644500Z [1m[92m   Compiling[0m jobserver v0.1.34
2026-10-08T02:22:01.2883480Z [1m[92m    Checking[0m memchr v2.8.3
2026-10-08T02:22:01.5143170Z [1m[92m   Compiling[0m shlex v2.0.1
2026-10-08T02:22:01.6267570Z [1m[92m   Compiling[0m find-msvc-tools v0.1.11
2026-10-08T02:22:01.8226020Z [1m[92m   Compiling[0m cc v1.4.3
2026-10-08T02:22:02.3102480Z [1m[92m    Checking[0m serde_fmt v1.0.3
2026-10-08T02:22:02.3771210Z [1m[92m    Checking[0m value-bag-serde1 v1.12.0
2026-10-08T02:22:02.4198990Z [1m[92m    Checking[0m value-bag v1.12.0
2026-10-08T02:22:02.6206980Z [1m[92m    Checking[0m log v0.4.29
2026-10-08T02:22:02.7820920Z [1m[92m    Checking[0m bitflags v2.13.1
2026-10-08T02:22:02.8790610Z [1m[92m    Checking[0m allocator-api2 v0.2.21
2026-10-08T02:22:02.8980610Z [1m[92m    Checking[0m equivalent v1.0.2
2026-10-08T02:22:02.9265100Z [1m[92m    Checking[0m foldhash v0.2.0
2026-10-08T02:22:03.0107910Z [1m[92m    Checking[0m smallvec v1.16.1
2026-10-08T02:22:03.0872470Z [1m[92m    Checking[0m itoa v1.0.18
2026-10-08T02:22:03.1223620Z [1m[92m   Compiling[0m version_check v0.9.5
2026-10-08T02:22:03.1561900Z [1m[92m    Checking[0m hashbrown v0.17.1
2026-10-08T02:22:03.3269630Z [1m[92m    Checking[0m scopeguard v1.2.0
2026-10-08T02:22:03.3637210Z [1m[92m    Checking[0m lock_api v0.4.14
2026-10-08T02:22:03.8426720Z [1m[92m    Checking[0m pin-project-lite v0.2.16
2026-10-08T02:22:03.8782620Z [1m[92m    Checking[0m indexmap v2.14.0
2026-10-08T02:22:04.2486130Z [1m[92m   Compiling[0m zmij v1.0.23
2026-10-08T02:22:04.4498420Z [1m[92m   Compiling[0m libm v0.2.16
2026-10-08T02:22:04.6542940Z [1m[92m   Compiling[0m autocfg v1.5.0
2026-10-08T02:22:04.8832500Z [1m[92m   Compiling[0m typenum v1.19.0
2026-10-08T02:22:04.9571080Z [1m[92m   Compiling[0m generic-array v0.14.7
2026-10-08T02:22:05.1718110Z [1m[92m   Compiling[0m anyhow v1.0.104
2026-10-08T02:22:05.4197760Z [1m[92m    Checking[0m futures-core v0.3.34
2026-10-08T02:22:05.6637460Z [1m[92m    Checking[0m once_cell v1.21.4
2026-10-08T02:22:05.7867690Z [1m[92m   Compiling[0m futures-macro v0.3.34
2026-10-08T02:22:06.1938610Z [1m[92m   Compiling[0m serde_json v1.0.151
2026-10-08T02:22:06.3037160Z [1m[92m    Checking[0m futures-io v0.3.34
2026-10-08T02:22:06.3334500Z [1m[92m   Compiling[0m parking_lot_core v0.9.12
2026-10-08T02:22:06.4808320Z [1m[92m   Compiling[0m crc32fast v1.5.0
2026-10-08T02:22:06.9116950Z [1m[92m   Compiling[0m synstructure v0.13.2
2026-10-08T02:22:07.0988210Z [1m[92m   Compiling[0m rustix v1.1.4
2026-10-08T02:22:07.3267540Z [1m[92m    Checking[0m subtle v2.6.1
2026-10-08T02:22:07.3756350Z [1m[92m   Compiling[0m pkg-config v0.3.32
2026-10-08T02:22:07.7342110Z [1m[92m    Checking[0m errno v0.3.14
2026-10-08T02:22:07.7524600Z [1m[92m   Compiling[0m zerofrom-derive v0.1.6
2026-10-08T02:22:08.4285720Z [1m[92m    Checking[0m const-oid v0.9.6
2026-10-08T02:22:08.5011890Z [1m[92m   Compiling[0m yoke-derive v0.8.2
2026-10-08T02:22:09.1789720Z [1m[92m    Checking[0m parking_lot v0.12.5
2026-10-08T02:22:09.2755990Z [1m[92m   Compiling[0m heck v0.5.0
2026-10-08T02:22:09.3952740Z [1m[92m    Checking[0m slab v0.4.11
2026-10-08T02:22:09.6937570Z [1m[92m    Checking[0m crypto-common v0.1.6
2026-10-08T02:22:09.7559600Z [1m[92m    Checking[0m block-buffer v0.10.4
2026-10-08T02:22:09.8031350Z [1m[92m   Compiling[0m thiserror v2.0.17
2026-10-08T02:22:09.8241860Z [1m[92m    Checking[0m digest v0.10.7
2026-10-08T02:22:09.9179520Z [1m[92m   Compiling[0m zerovec-derive v0.11.5
2026-10-08T02:22:10.0618030Z [1m[92m   Compiling[0m thiserror-impl v2.0.17
2026-10-08T02:22:10.6079330Z [1m[92m    Checking[0m futures-sink v0.3.34
2026-10-08T02:22:10.6457190Z [1m[92m   Compiling[0m num-traits v0.2.19
2026-10-08T02:22:10.7639220Z [1m[92m    Checking[0m bytes v1.11.1
2026-10-08T02:22:10.9847030Z [1m[92m   Compiling[0m displaydoc v0.2.5
2026-10-08T02:22:11.3594340Z [1m[92m    Checking[0m cpufeatures v0.2.17
2026-10-08T02:22:11.3978830Z [1m[92m   Compiling[0m crossbeam-utils v0.8.21
2026-10-08T02:22:11.4648960Z [1m[92m    Checking[0m signal-hook-registry v1.4.6
2026-10-08T02:22:11.5436630Z [1m[92m    Checking[0m fnv v1.0.7
2026-10-08T02:22:11.5818390Z [1m[92m    Checking[0m regex-syntax v0.8.11
2026-10-08T02:22:11.8109490Z [1m[92m    Checking[0m futures-channel v0.3.34
2026-10-08T02:22:11.9145680Z [1m[92m    Checking[0m aho-corasick v1.1.3
2026-10-08T02:22:12.3371340Z [1m[92m    Checking[0m futures-task v0.3.34
2026-10-08T02:22:12.3961610Z [1m[92m    Checking[0m futures-util v0.3.34
2026-10-08T02:22:12.4260560Z [1m[92m    Checking[0m regex-automata v0.4.18
2026-10-08T02:22:13.7754960Z [1m[92m    Checking[0m sha2 v0.10.9
2026-10-08T02:22:14.0843870Z [1m[92m   Compiling[0m icu_normalizer_data v2.3.0
2026-10-08T02:22:14.2010780Z [1m[92m   Compiling[0m icu_properties_data v2.3.0
2026-10-08T02:22:14.4297670Z [1m[92m    Checking[0m either v1.15.0
2026-10-08T02:22:14.5190530Z [1m[92m   Compiling[0m getrandom v0.3.4
2026-10-08T02:22:15.9414520Z [1m[92m    Checking[0m stable_deref_trait v1.2.1
2026-10-08T02:22:16.0145310Z [1m[92m    Checking[0m regex v1.12.3
2026-10-08T02:22:16.1625950Z [1m[92m   Compiling[0m zstd-sys v2.0.16+zstd.1.5.7
2026-10-08T02:22:18.8387500Z [1m[92m    Checking[0m zerofrom v0.1.6
2026-10-08T02:22:18.9037010Z [1m[92m    Checking[0m percent-encoding v2.3.2
2026-10-08T02:22:18.9680720Z [1m[92m    Checking[0m fastrand v2.3.0
2026-10-08T02:22:19.1097980Z [1m[92m    Checking[0m yoke v0.8.3
2026-10-08T02:22:19.3394700Z [1m[92m    Checking[0m zerovec v0.11.8
2026-10-08T02:22:20.6388900Z [1m[92m    Checking[0m http v1.3.1
2026-10-08T02:22:21.0306430Z [1m[92m    Checking[0m core-foundation-sys v0.8.7
2026-10-08T02:22:21.1328290Z [1m[92m    Checking[0m tinystr v0.8.4
2026-10-08T02:22:21.2348110Z [1m[92m    Checking[0m writeable v0.6.4
2026-10-08T02:22:21.3526440Z [1m[92m    Checking[0m litemap v0.8.0
2026-10-08T02:22:21.4557190Z [1m[92m    Checking[0m icu_locale_core v2.3.0
2026-10-08T02:22:21.9417970Z [1m[92m    Checking[0m potential_utf v0.1.3
2026-10-08T02:22:22.0021950Z [1m[92m    Checking[0m zerotrie v0.2.5
2026-10-08T02:22:22.4165120Z [1m[92m    Checking[0m rustc-hash v2.1.1
2026-10-08T02:22:22.4608910Z [1m[92m   Compiling[0m zerocopy v0.8.27
2026-10-08T02:22:22.7452050Z [1m[92m    Checking[0m icu_provider v2.3.0
2026-10-08T02:22:22.9864570Z [1m[92m    Checking[0m form_urlencoded v1.2.2
2026-10-08T02:22:23.1483510Z [1m[92m    Checking[0m tracing-core v0.1.35
2026-10-08T02:22:23.3187200Z [1m[92m   Compiling[0m zerocopy-derive v0.8.27
2026-10-08T02:22:24.1190910Z [1m[92m    Checking[0m utf8_iter v1.0.4
2026-10-08T02:22:24.1769010Z [1m[92m    Checking[0m ryu v1.0.23
2026-10-08T02:22:24.2534160Z [1m[92m    Checking[0m icu_collections v2.3.0
2026-10-08T02:22:25.3834640Z [1m[92m    Checking[0m hashbrown v0.16.1
2026-10-08T02:22:25.7018190Z [1m[92m    Checking[0m parking v2.2.1
2026-10-08T02:22:25.9278620Z [1m[92m    Checking[0m spin v0.9.8
2026-10-08T02:22:26.0313200Z [1m[92m   Compiling[0m tracing-attributes v0.1.31
2026-10-08T02:22:26.4833770Z [1m[92m    Checking[0m utf16_iter v1.0.5
2026-10-08T02:22:26.5264880Z [1m[92m    Checking[0m atomic-waker v1.1.2
2026-10-08T02:22:26.5857500Z [1m[92m    Checking[0m write16 v1.0.0
2026-10-08T02:22:26.6192630Z [1m[92m    Checking[0m icu_normalizer v2.3.0
2026-10-08T02:22:26.8496710Z [1m[92m    Checking[0m icu_properties v2.3.0
2026-10-08T02:22:26.9051320Z [1m[92m    Checking[0m tracing v0.1.43
2026-10-08T02:22:27.1674230Z [1m[92m   Compiling[0m async-io v2.6.0
2026-10-08T02:22:27.3237080Z [1m[92m    Checking[0m lazy_static v1.5.0
2026-10-08T02:22:27.3534330Z [1m[92m    Checking[0m concurrent-queue v2.5.0
2026-10-08T02:22:27.3966130Z [1m[92m    Checking[0m idna_adapter v1.2.1
2026-10-08T02:22:27.4384720Z [1m[92m   Compiling[0m ref-cast v1.0.25
2026-10-08T02:22:27.4459440Z [1m[92m    Checking[0m simd-adler32 v0.3.7
2026-10-08T02:22:27.4932890Z [1m[92m    Checking[0m idna v1.1.0
2026-10-08T02:22:27.6611600Z [1m[92m    Checking[0m http-body v1.0.1
2026-10-08T02:22:27.7092280Z [1m[92m   Compiling[0m ref-cast-impl v1.0.25
2026-10-08T02:22:27.7802960Z [1m[92m    Checking[0m adler2 v2.0.1
2026-10-08T02:22:27.8189060Z [1m[92m    Checking[0m miniz_oxide v0.8.9
2026-10-08T02:22:28.0831110Z [1m[92m    Checking[0m url v2.5.7
2026-10-08T02:22:28.0945020Z [1m[92m    Checking[0m futures-lite v2.6.1
2026-10-08T02:22:28.3837660Z [1m[92m    Checking[0m futures-executor v0.3.34
2026-10-08T02:22:28.4913770Z [1m[92m    Checking[0m futures v0.3.34
2026-10-08T02:22:28.5449810Z [1m[92m   Compiling[0m zstd-safe v7.3.0
2026-10-08T02:22:28.6008620Z [1m[92m    Checking[0m event-listener v5.4.1
2026-10-08T02:22:28.7214180Z [1m[92m   Compiling[0m serde_derive_internals v0.29.1
2026-10-08T02:22:28.7376310Z [1m[92m    Checking[0m event-listener-strategy v0.5.4
2026-10-08T02:22:28.7977410Z [1m[92m    Checking[0m polling v3.11.0
2026-10-08T02:22:28.9108300Z [1m[92m    Checking[0m async-task v4.7.1 (https://github.com/smol-rs/async-task.git?rev=b4486cd71e4e94fbda54ce6302444de14f4d190e#b4486cd7)
2026-10-08T02:22:29.1659450Z [1m[92m    Checking[0m flate2 v1.1.8
2026-10-08T02:22:29.3610860Z [1m[92m   Compiling[0m schemars_derive v1.0.4
2026-10-08T02:22:29.5849630Z [1m[92m    Checking[0m pin-utils v0.1.0
2026-10-08T02:22:30.4889280Z [1m[92m   Compiling[0m no_std_io2 v0.9.4
2026-10-08T02:22:30.5296520Z [1m[92m   Compiling[0m rle-decode-fast v1.0.3
2026-10-08T02:22:30.5702880Z [1m[92m   Compiling[0m libflate_lz77 v2.3.0
2026-10-08T02:22:30.9005370Z [1m[92m    Checking[0m async-channel v2.5.0
2026-10-08T02:22:31.1210620Z [1m[92m    Checking[0m piper v0.2.4
2026-10-08T02:22:31.1869900Z [1m[92m   Compiling[0m pin-project-internal v1.1.10
2026-10-08T02:22:31.9686600Z [1m[92m   Compiling[0m adler32 v1.2.0
2026-10-08T02:22:32.0298960Z [1m[92m   Compiling[0m dary_heap v0.3.9
2026-10-08T02:22:32.1120570Z [1m[92m    Checking[0m sha1_smol v1.0.1
2026-10-08T02:22:32.1776120Z [1m[92m    Checking[0m uuid v1.18.1
2026-10-08T02:22:32.3628380Z [1m[92m   Compiling[0m libflate v2.3.1
2026-10-08T02:22:32.7816100Z [1m[92m    Checking[0m blocking v1.6.2
2026-10-08T02:22:32.8914750Z [1m[92m   Compiling[0m zstd v0.13.3
2026-10-08T02:22:33.1260200Z [1m[92m    Checking[0m async-lock v3.4.2
2026-10-08T02:22:33.5202060Z [1m[92m   Compiling[0m proc-macro-error-attr3 v3.1.1
2026-10-08T02:22:33.5419220Z [1m[92m    Checking[0m dyn-clone v1.0.20
2026-10-08T02:22:33.5960120Z [1m[92m    Checking[0m schemars v1.0.4
2026-10-08T02:22:33.8141480Z [1m[92m   Compiling[0m proc-macro-error3 v3.1.1
2026-10-08T02:22:34.0172140Z [1m[92m   Compiling[0m include-flate-compress v0.3.4
2026-10-08T02:22:34.0261710Z [1m[92m    Checking[0m itertools v0.14.0
2026-10-08T02:22:34.0792960Z [1m[92m   Compiling[0m bstr v1.12.1
2026-10-08T02:22:34.3534350Z [1m[92m   Compiling[0m getrandom v0.4.1
2026-10-08T02:22:34.5288590Z [1m[92m   Compiling[0m same-file v1.0.6
2026-10-08T02:22:34.6211750Z [1m[92m    Checking[0m rand_core v0.10.1
2026-10-08T02:22:34.6830860Z [1m[92m   Compiling[0m cfg_aliases v0.2.1
2026-10-08T02:22:34.7121970Z [1m[92m   Compiling[0m nix v0.30.1
2026-10-08T02:22:34.7318190Z [1m[92m   Compiling[0m walkdir v2.5.0
2026-10-08T02:22:34.9232900Z [1m[92m   Compiling[0m globset v0.4.17
2026-10-08T02:22:34.9411450Z [1m[92m   Compiling[0m include-flate-codegen v0.3.4
2026-10-08T02:22:35.3588870Z [1m[92m    Checking[0m crossbeam-epoch v0.9.18
2026-10-08T02:22:35.5040960Z [1m[92m   Compiling[0m rust-embed-utils v8.11.0
2026-10-08T02:22:35.6193170Z [1m[92m    Checking[0m async-executor v1.13.3
2026-10-08T02:22:35.6354000Z [1m[92m   Compiling[0m rust-embed-impl v8.11.0
2026-10-08T02:22:35.7187320Z [1m[92m    Checking[0m crossbeam-deque v0.8.6
2026-10-08T02:22:35.8711030Z [1m[92m    Checking[0m objc2-encode v4.1.0
2026-10-08T02:22:35.9823050Z [1m[92m    Checking[0m option-ext v0.2.0
2026-10-08T02:22:36.0129790Z [1m[92m   Compiling[0m serde_json_lenient v0.2.4
2026-10-08T02:22:36.1741860Z [1m[92m    Checking[0m dirs-sys v0.5.0
2026-10-08T02:22:36.2847900Z [1m[92m    Checking[0m pin-project v1.1.10
2026-10-08T02:22:36.3134110Z [1m[92m    Checking[0m async-signal v0.2.13
2026-10-08T02:22:36.3240960Z [1m[92m    Checking[0m gpui_util v0.1.0 (/Users/runner/work/koda/koda/crates/gpui_util)
2026-10-08T02:22:36.4037410Z [1m[92m   Compiling[0m unicode-segmentation v1.13.3
2026-10-08T02:22:36.6430070Z [1m[92m    Checking[0m unicase v2.8.1
2026-10-08T02:22:36.7197230Z [1m[92m   Compiling[0m unicode-xid v0.2.6
2026-10-08T02:22:36.7688480Z [1m[92m    Checking[0m arrayvec v0.7.6
2026-10-08T02:22:37.0275150Z [1m[92m    Checking[0m collections v0.1.0 (/Users/runner/work/koda/koda/crates/collections)
2026-10-08T02:22:37.0717570Z [1m[92m    Checking[0m async-process v2.5.0 (https://github.com/zed-industries/async-process.git?rev=0b6d6713570af61806e1e5cb40e0f757cb93fd9d#0b6d6713)
2026-10-08T02:22:37.1906590Z [1m[92m    Checking[0m dirs v6.0.0
2026-10-08T02:22:37.2186600Z [1m[92m    Checking[0m tempfile v3.27.0
2026-10-08T02:22:37.2249910Z [1m[92m    Checking[0m core-foundation v0.10.0
2026-10-08T02:22:37.3186400Z [1m[92m   Compiling[0m rayon-core v1.13.0
2026-10-08T02:22:37.3709860Z [1m[92m    Checking[0m libbz2-rs-sys v0.2.2
2026-10-08T02:22:37.5025410Z [1m[92m    Checking[0m async-fs v2.2.0
2026-10-08T02:22:37.5895110Z [1m[92m    Checking[0m bzip2 v0.6.1
2026-10-08T02:22:37.6000990Z [1m[92m    Checking[0m async-net v2.0.0
2026-10-08T02:22:37.7381840Z [1m[92m    Checking[0m compression-core v0.4.29
2026-10-08T02:22:37.7841850Z [1m[92m    Checking[0m deflate64 v0.1.10
2026-10-08T02:22:37.8730410Z [1m[92m    Checking[0m dunce v1.0.5
2026-10-08T02:22:37.9063060Z [1m[92m   Compiling[0m prettyplease v0.2.37
2026-10-08T02:22:37.9407700Z [1m[92m   Compiling[0m objc2 v0.6.3
2026-10-08T02:22:38.0397820Z [1m[92m    Checking[0m path v0.1.0 (/Users/runner/work/koda/koda/crates/path)
2026-10-08T02:22:38.1061510Z [1m[92m    Checking[0m compression-codecs v0.4.31
2026-10-08T02:22:38.1907690Z [1m[92m    Checking[0m smol v2.0.2
2026-10-08T02:22:38.2073270Z [1m[92m    Checking[0m include-flate v0.3.4
2026-10-08T02:22:38.2997340Z [1m[92m   Compiling[0m strum_macros v0.28.0
2026-10-08T02:22:38.4009760Z [1m[92m    Checking[0m mach2 v0.5.0
2026-10-08T02:22:38.5887880Z [1m[92m    Checking[0m base64 v0.22.1
2026-10-08T02:22:38.7078910Z [1m[92m    Checking[0m rust-embed v8.11.0
2026-10-08T02:22:38.7444590Z [1m[92m    Checking[0m async-compression v0.4.32
2026-10-08T02:22:39.4940980Z [1m[92m   Compiling[0m convert_case v0.10.0
2026-10-08T02:22:39.7332290Z [1m[92m    Checking[0m which v8.0.5
2026-10-08T02:22:39.8378090Z [1m[92m   Compiling[0m derive_more-impl v2.1.1
2026-10-08T02:22:40.0981300Z [1m[92m    Checking[0m command-fds v0.3.2
2026-10-08T02:22:40.1721910Z [1m[92m    Checking[0m async_zip v0.0.18
2026-10-08T02:22:40.5603250Z [1m[92m    Checking[0m rayon v1.11.0
2026-10-08T02:22:42.3421120Z [1m[92m    Checking[0m siphasher v1.0.1
2026-10-08T02:22:42.4188610Z [1m[92m    Checking[0m shlex v1.3.0
2026-10-08T02:22:42.4548090Z [1m[92m    Checking[0m derive_more v2.1.1
2026-10-08T02:22:42.4821970Z [1m[92m    Checking[0m util v0.1.0 (/Users/runner/work/koda/koda/crates/util)
2026-10-08T02:22:42.5034250Z [1m[92m    Checking[0m block2 v0.6.2
2026-10-08T02:22:42.6234690Z [1m[92m    Checking[0m ppv-lite86 v0.2.21
2026-10-08T02:22:42.7594310Z [1m[92m    Checking[0m iana-time-zone v0.1.64
2026-10-08T02:22:42.8280000Z [1m[92m   Compiling[0m thiserror v1.0.69
2026-10-08T02:22:43.0944140Z [1m[92m   Compiling[0m syn v1.0.109
2026-10-08T02:22:43.1970660Z [1m[92m    Checking[0m chrono v0.4.42
2026-10-08T02:22:43.6643040Z [1m[92m    Checking[0m dispatch2 v0.3.1
2026-10-08T02:22:44.0277030Z [1m[92m    Checking[0m strum v0.28.0
2026-10-08T02:22:44.0666940Z [1m[92m   Compiling[0m thiserror-impl v1.0.69
2026-10-08T02:22:44.1502700Z [1m[92m    Checking[0m objc2-core-foundation v0.3.2
2026-10-08T02:22:45.4727790Z [1m[92m    Checking[0m event-listener v2.5.3
2026-10-08T02:22:45.5696270Z [1m[92m    Checking[0m async-channel v1.9.0
2026-10-08T02:22:45.6588370Z [1m[92m    Checking[0m async-global-executor v2.4.1
2026-10-08T02:22:45.7481180Z [1m[92m    Checking[0m serde_urlencoded v0.7.1
2026-10-08T02:22:45.8549240Z [1m[92m    Checking[0m kv-log-macro v1.0.7
2026-10-08T02:22:45.8899850Z [1m[92m   Compiling[0m glob v0.3.3
2026-10-08T02:22:46.1338290Z [1m[92m    Checking[0m xattr v1.6.1
2026-10-08T02:22:46.2187290Z [1m[92m    Checking[0m filetime v0.2.29
2026-10-08T02:22:46.2845150Z [1m[92m    Checking[0m rustc-demangle v0.1.26
2026-10-08T02:22:46.4427160Z [1m[92m    Checking[0m rand_core v0.9.3
2026-10-08T02:22:46.5288130Z [1m[92m    Checking[0m bytemuck v1.24.0
2026-10-08T02:22:46.6442130Z [1m[92m   Compiling[0m semver v1.0.28
2026-10-08T02:22:46.8521200Z [1m[92m    Checking[0m rand_chacha v0.9.0
2026-10-08T02:22:47.0431840Z [1m[92m    Checking[0m bitflags v1.3.2
2026-10-08T02:22:47.0758230Z [1m[92m    Checking[0m rand v0.9.4
2026-10-08T02:22:47.3894920Z [1m[92m    Checking[0m byteorder v1.5.0
2026-10-08T02:22:47.4981830Z [1m[92m    Checking[0m smol_str v0.3.6
2026-10-08T02:22:47.5846660Z [1m[92m   Compiling[0m minimal-lexical v0.2.1
2026-10-08T02:22:47.7998220Z [1m[92m   Compiling[0m nom v7.1.3
2026-10-08T02:22:48.8632810Z [1m[92m    Checking[0m gpui_shared_string v0.1.0 (/Users/runner/work/koda/koda/crates/gpui_shared_string)
2026-10-08T02:22:48.9222550Z [1m[92m   Compiling[0m clang-sys v1.8.1
2026-10-08T02:22:49.1473200Z [1m[92m    Checking[0m euclid v0.22.14
2026-10-08T02:22:49.6759870Z [1m[92m   Compiling[0m libloading v0.8.9
2026-10-08T02:22:49.8201070Z [1m[92m    Checking[0m thread_local v1.1.9
2026-10-08T02:22:49.9009890Z [1m[92m   Compiling[0m bindgen v0.72.1
2026-10-08T02:22:50.1748520Z [1m[92m   Compiling[0m object v0.37.3
2026-10-08T02:22:50.3612510Z [1m[92m    Checking[0m nu-ansi-term v0.50.3
2026-10-08T02:22:50.4771150Z [1m[92m    Checking[0m zeroize v1.8.2
2026-10-08T02:22:53.1822820Z [1m[92m   Compiling[0m cexpr v0.6.0
2026-10-08T02:22:53.7206410Z [1m[92m    Checking[0m core-graphics-types v0.2.0
2026-10-08T02:22:53.7671400Z [1m[92m    Checking[0m polycool v0.4.0
2026-10-08T02:22:53.8847570Z [1m[92m   Compiling[0m itertools v0.13.0
2026-10-08T02:22:54.6033980Z [1m[92m    Checking[0m sharded-slab v0.1.7
2026-10-08T02:22:54.8730740Z [1m[92m    Checking[0m tracing-serde v0.2.0
2026-10-08T02:22:54.9418560Z [1m[92m    Checking[0m tracing-log v0.2.0
2026-10-08T02:22:55.0056150Z [1m[92m    Checking[0m matchers v0.2.0
2026-10-08T02:22:55.0878860Z [1m[92m   Compiling[0m foreign-types-macros v0.2.3
2026-10-08T02:22:55.4690070Z [1m[92m    Checking[0m foreign-types-shared v0.3.1
2026-10-08T02:22:55.4986740Z [1m[92m    Checking[0m foreign-types v0.5.0
2026-10-08T02:22:55.5326590Z [1m[92m    Checking[0m tracing-subscriber v0.3.22
2026-10-08T02:23:00.1402830Z [1m[92m    Checking[0m kurbo v0.13.1
2026-10-08T02:23:02.8697530Z [1m[92m    Checking[0m half v2.7.1
2026-10-08T02:23:03.1387540Z [1m[92m    Checking[0m crossbeam-queue v0.3.12
2026-10-08T02:23:03.1989490Z [1m[92m   Compiling[0m slotmap v1.0.7
2026-10-08T02:23:03.3262960Z [1m[92m   Compiling[0m heapless v0.9.2
2026-10-08T02:23:03.4892720Z [1m[92m   Compiling[0m ztracing v0.1.0 (/Users/runner/work/koda/koda/crates/ztracing)
2026-10-08T02:23:03.7347890Z [1m[92m   Compiling[0m ar_archive_writer v0.5.1
2026-10-08T02:23:04.3054810Z [1m[92m    Checking[0m svgtypes v0.16.1
2026-10-08T02:23:04.4727780Z [1m[92m    Checking[0m hash32 v0.3.1
2026-10-08T02:23:04.5507770Z [1m[92m    Checking[0m zlog v0.1.0 (/Users/runner/work/koda/koda/crates/zlog)
2026-10-08T02:23:04.9248250Z [1m[92m   Compiling[0m async-attributes v1.1.2
2026-10-08T02:23:05.1636770Z [1m[92m    Checking[0m fdeflate v0.3.7
2026-10-08T02:23:05.3478820Z [1m[92m    Checking[0m core_maths v0.1.1
2026-10-08T02:23:05.3815700Z [1m[92m    Checking[0m async-std v1.13.2
2026-10-08T02:23:05.3955790Z [1m[92m    Checking[0m malloc_buf v0.0.6
2026-10-08T02:23:05.4350170Z [1m[92m    Checking[0m memmap2 v0.9.8
2026-10-08T02:23:05.5141020Z [1m[92m    Checking[0m block v0.1.6
2026-10-08T02:23:05.5911470Z [1m[92m   Compiling[0m ztracing_macro v0.1.0 (/Users/runner/work/koda/koda/crates/ztracing_macro)
2026-10-08T02:23:05.7335280Z [1m[92m    Checking[0m float-cmp v0.9.0
2026-10-08T02:23:05.7915690Z [1m[92m    Checking[0m tinyvec_macros v0.1.1
2026-10-08T02:23:05.8212140Z [1m[92m    Checking[0m tinyvec v1.10.0
2026-10-08T02:23:06.0221900Z [1m[92m    Checking[0m strict-num v0.1.1
2026-10-08T02:23:06.1340470Z [1m[92m    Checking[0m objc v0.2.7
2026-10-08T02:23:06.1433690Z [1m[92m    Checking[0m async-tar v0.6.1 (https://github.com/zed-industries/async-tar?rev=bd3ad6f89df9a9da7a8535958756d6bf465936a0#bd3ad6f8)
2026-10-08T02:23:06.2852840Z [1m[92m    Checking[0m ttf-parser v0.25.1
2026-10-08T02:23:06.4991330Z [1m[92m    Checking[0m http_client v0.1.0 (/Users/runner/work/koda/koda/crates/http_client)
2026-10-08T02:23:07.2956540Z [1m[92m   Compiling[0m psm v0.1.30
2026-10-08T02:23:07.6200590Z [1m[92m    Checking[0m lyon_geom v1.0.17
2026-10-08T02:23:07.6681600Z [1m[92m    Checking[0m roxmltree v0.21.1
2026-10-08T02:23:07.9774940Z [1m[92m    Checking[0m arrayref v0.3.9
2026-10-08T02:23:08.0110180Z [1m[92m    Checking[0m data-url v0.3.2
2026-10-08T02:23:08.1075570Z [1m[92m    Checking[0m waker-fn v1.2.0
2026-10-08T02:23:08.1608110Z [1m[92m   Compiling[0m paste v1.0.15
2026-10-08T02:23:08.1720660Z [1m[92m    Checking[0m weezl v0.1.10
2026-10-08T02:23:08.3039210Z [1m[92m    Checking[0m zune-core v0.5.1
2026-10-08T02:23:08.3383870Z [1m[92m    Checking[0m web-time v1.1.0
2026-10-08T02:23:08.3704500Z [1m[92m    Checking[0m quick-error v2.0.1
2026-10-08T02:23:08.4165660Z [1m[92m    Checking[0m zune-jpeg v0.5.15
2026-10-08T02:23:08.4548160Z [1m[92m    Checking[0m tiny-skia-path v0.11.4
2026-10-08T02:23:08.7145230Z [1m[92m    Checking[0m lyon_path v1.0.16
2026-10-08T02:23:08.9365300Z [1m[92m    Checking[0m sum_tree v0.1.0 (/Users/runner/work/koda/koda/crates/sum_tree)
2026-10-08T02:23:08.9420640Z [1m[92m   Compiling[0m stacker v0.1.25
2026-10-08T02:23:09.0832280Z [1m[92m   Compiling[0m fax_derive v0.2.0
2026-10-08T02:23:09.1497100Z [1m[92m   Compiling[0m enumn v0.1.14
2026-10-08T02:23:09.4233950Z [1m[92m    Checking[0m leak v0.1.2
2026-10-08T02:23:09.4537460Z [1m[92m    Checking[0m byteorder-lite v0.1.0
2026-10-08T02:23:09.4685630Z [1m[92m    Checking[0m gimli v0.32.3
2026-10-08T02:23:09.5828290Z [1m[92m    Checking[0m unicode-bidi-mirroring v0.4.0
2026-10-08T02:23:09.6197780Z [1m[92m    Checking[0m unicode-script v0.5.8
2026-10-08T02:23:09.7795440Z [1m[92m   Compiling[0m tree-sitter-language v0.1.8 (https://github.com/tree-sitter/tree-sitter?rev=43623ec9bf0eaaf7113285c46e8a09018f181b18#43623ec9)
2026-10-08T02:23:09.9454530Z [1m[92m    Checking[0m unicode-properties v0.1.3
2026-10-08T02:23:10.0400240Z [1m[92m    Checking[0m color_quant v1.1.0
2026-10-08T02:23:10.1010630Z [1m[92m    Checking[0m unicode-ccc v0.4.0
2026-10-08T02:23:10.1397250Z [1m[92m    Checking[0m rustybuzz v0.20.1
2026-10-08T02:23:10.6930720Z [1m[92m    Checking[0m addr2line v0.25.1
2026-10-08T02:23:10.8547810Z [1m[92m    Checking[0m gif v0.14.2
2026-10-08T02:23:11.0075960Z [1m[92m    Checking[0m image-webp v0.2.4
2026-10-08T02:23:11.1201390Z [1m[92m    Checking[0m leaky-cow v0.1.1
2026-10-08T02:23:11.1489570Z [1m[92m    Checking[0m fax v0.2.6
2026-10-08T02:23:11.2526530Z [1m[92m    Checking[0m accesskit v0.24.1
2026-10-08T02:23:11.8198160Z [1m[92m    Checking[0m fontdb v0.23.0
2026-10-08T02:23:11.9216180Z [1m[92m    Checking[0m png v0.17.16
2026-10-08T02:23:12.2489200Z [1m[92m    Checking[0m objc2-core-video v0.3.2
2026-10-08T02:23:12.3541730Z [1m[92m    Checking[0m zune-inflate v0.2.54
2026-10-08T02:23:12.4351840Z [1m[92m    Checking[0m pxfm v0.1.25
2026-10-08T02:23:13.1058250Z [1m[92m    Checking[0m simplecss v0.2.2
2026-10-08T02:23:13.2225560Z [1m[92m    Checking[0m cgl v0.3.2
2026-10-08T02:23:13.2834960Z [1m[92m    Checking[0m float_next_after v1.0.0
2026-10-08T02:23:13.3179110Z [1m[92m    Checking[0m bit_field v0.10.3
2026-10-08T02:23:13.3801870Z [1m[92m    Checking[0m unicode-bidi v0.3.18
2026-10-08T02:23:13.5395220Z [1m[92m    Checking[0m static_assertions v1.1.0
2026-10-08T02:23:13.5596560Z [1m[92m    Checking[0m pollster v0.2.5
2026-10-08T02:23:13.5690450Z [1m[92m    Checking[0m pico-args v0.5.0
2026-10-08T02:23:13.5984210Z [1m[92m    Checking[0m atomic v0.5.3
2026-10-08T02:23:13.6315250Z [1m[92m    Checking[0m lebe v0.5.3
2026-10-08T02:23:13.6671920Z [1m[92m    Checking[0m imagesize v0.14.0
2026-10-08T02:23:13.7004450Z [1m[92m    Checking[0m xmlwriter v0.1.0
2026-10-08T02:23:13.7507950Z [1m[92m    Checking[0m unicode-vo v0.1.0
2026-10-08T02:23:13.7725870Z [1m[92m    Checking[0m fixedbitset v0.5.7
2026-10-08T02:23:13.7885230Z [1m[92m    Checking[0m usvg v0.46.0
2026-10-08T02:23:13.8600540Z [1m[92m    Checking[0m futures-concurrency v7.7.1
2026-10-08T02:23:14.5322340Z [1m[92m    Checking[0m exr v1.74.0
2026-10-08T02:23:16.0016150Z [1m[92m    Checking[0m postage v0.5.0
2026-10-08T02:23:16.2091270Z [1m[92m    Checking[0m moxcms v0.8.1
2026-10-08T02:23:16.4874950Z [1m[92m    Checking[0m lyon_tessellation v1.0.16
2026-10-08T02:23:16.7152050Z [1m[92m    Checking[0m io-surface v0.16.1
2026-10-08T02:23:16.7551780Z [1m[92m    Checking[0m backtrace v0.3.76
2026-10-08T02:23:16.8937560Z [1m[92m    Checking[0m tiny-skia v0.11.4
2026-10-08T02:23:17.4745740Z [1m[92m    Checking[0m metal v0.33.0
2026-10-08T02:23:18.0172010Z [1m[92m    Checking[0m tiff v0.11.3
2026-10-08T02:23:18.5573780Z [1m[92m    Checking[0m lyon_algorithms v1.0.16
2026-10-08T02:23:18.6770160Z [1m[92m    Checking[0m core-graphics2 v0.5.2
2026-10-08T02:23:19.0119510Z [1m[92m    Checking[0m png v0.18.0
2026-10-08T02:23:19.1910530Z [1m[92m   Compiling[0m perf v0.1.0 (/Users/runner/work/koda/koda/tooling/perf)
2026-10-08T02:23:19.3863620Z [1m[92m   Compiling[0m gpui v0.2.2 (/Users/runner/work/koda/koda/crates/gpui)
2026-10-08T02:23:19.4486980Z [1m[92m    Checking[0m rgb v0.8.52
2026-10-08T02:23:19.5214690Z [1m[92m    Checking[0m qoi v0.4.1
2026-10-08T02:23:19.6044890Z [1m[92m    Checking[0m flume v0.12.0
2026-10-08T02:23:19.6102330Z [1m[92m   Compiling[0m stacksafe-macro v1.0.3
2026-10-08T02:23:19.7251070Z [1m[92m   Compiling[0m derive_refineable v0.1.0 (/Users/runner/work/koda/koda/crates/refineable/derive_refineable)
2026-10-08T02:23:19.8888930Z [1m[92m   Compiling[0m profiling-procmacros v1.0.17
2026-10-08T02:23:20.1393330Z [1m[92m    Checking[0m pollster v0.4.0
2026-10-08T02:23:20.2961570Z [1m[92m   Compiling[0m linktime-proc-macro v0.2.2
2026-10-08T02:23:20.6746310Z [1m[92m    Checking[0m svg_fmt v0.4.5
2026-10-08T02:23:20.7335040Z [1m[92m    Checking[0m link-section v0.19.2
2026-10-08T02:23:20.8267240Z [1m[92m    Checking[0m ctor v1.0.12
2026-10-08T02:23:20.9132020Z [1m[92m    Checking[0m etagere v0.2.15
2026-10-08T02:23:21.0023210Z [1m[92m    Checking[0m profiling v1.0.17
2026-10-08T02:23:21.0323210Z [1m[92m    Checking[0m stacksafe v1.0.3
2026-10-08T02:23:21.0805610Z [1m[92m    Checking[0m scheduler v0.1.0 (/Users/runner/work/koda/koda/crates/scheduler)
2026-10-08T02:23:21.3070700Z [1m[92m    Checking[0m image v0.25.10
2026-10-08T02:23:22.9273550Z [1m[92m    Checking[0m resvg v0.46.0
2026-10-08T02:23:23.1319790Z [1m[92m   Compiling[0m util_macros v0.1.0 (/Users/runner/work/koda/koda/crates/util_macros)
2026-10-08T02:23:25.6893020Z [1m[92m    Checking[0m refineable v0.1.0 (/Users/runner/work/koda/koda/crates/refineable)
2026-10-08T02:23:25.7296730Z [1m[92m    Checking[0m core-video v0.5.2
2026-10-08T02:23:25.8843500Z [1m[92m    Checking[0m lyon v1.0.16
2026-10-08T02:23:25.9211650Z [1m[92m    Checking[0m taffy v0.13.0
2026-10-08T02:23:26.7698950Z [1m[92m    Checking[0m hdrhistogram v7.5.4
2026-10-08T02:23:26.8750630Z [1m[92m   Compiling[0m gpui_macros v0.1.0 (/Users/runner/work/koda/koda/crates/gpui_macros)
2026-10-08T02:23:27.2889390Z [1m[92m    Checking[0m spin v0.10.0
2026-10-08T02:23:27.3702470Z [1m[92m    Checking[0m num_cpus v1.17.0
2026-10-08T02:23:27.4059130Z [1m[92m    Checking[0m seahash v4.1.0
2026-10-08T02:23:27.4537150Z [1m[92m    Checking[0m inventory v0.3.21
2026-10-08T02:23:27.8530030Z [1m[92m    Checking[0m raw-window-handle v0.6.2
2026-10-08T02:23:27.9642520Z [1m[92m    Checking[0m socket2 v0.6.5
2026-10-08T02:23:28.0977430Z [1m[92m    Checking[0m mio v1.2.0
2026-10-08T02:23:28.2947630Z [1m[92m   Compiling[0m tokio-macros v2.7.0
2026-10-08T02:23:28.7276180Z [1m[92m    Checking[0m tokio v1.52.1
2026-10-08T02:23:31.1849130Z [1m[92m    Checking[0m termcolor v1.4.1
2026-10-08T02:23:32.9942550Z [1m[92m   Compiling[0m num-conv v0.2.0
2026-10-08T02:23:33.0563350Z [1m[92m   Compiling[0m time-core v0.1.8
2026-10-08T02:23:33.2138300Z [1m[92m    Checking[0m encoding_rs v0.8.35
2026-10-08T02:23:33.9604470Z [1m[92m   Compiling[0m rustc_version v0.4.1
2026-10-08T02:23:34.3888690Z [1m[92m   Compiling[0m ring v0.17.14
2026-10-08T02:23:39.5144230Z [1m[92m    Checking[0m powerfmt v0.2.0
2026-10-08T02:23:39.6081090Z [1m[92m    Checking[0m deranged v0.5.4
2026-10-08T02:23:40.2302110Z [1m[92m   Compiling[0m time-macros v0.2.27
2026-10-08T02:23:41.3089470Z [1m[92m    Checking[0m num_threads v0.1.7
2026-10-08T02:23:41.4058010Z [1m[92m   Compiling[0m wasmtime-internal-core v48.0.1
2026-10-08T02:23:41.5400590Z [1m[92m    Checking[0m foldhash v0.1.5
2026-10-08T02:23:41.6838310Z [1m[92m    Checking[0m time v0.3.47
2026-10-08T02:23:42.5008980Z [1m[92m    Checking[0m hashbrown v0.15.5
2026-10-08T02:23:42.8360360Z [1m[92m   Compiling[0m httparse v1.10.1
2026-10-08T02:23:43.3852240Z [1m[92m   Compiling[0m cranelift-srcgen v0.135.1
2026-10-08T02:23:43.7559250Z [1m[92m   Compiling[0m cranelift-assembler-x64-meta v0.135.1
2026-10-08T02:23:46.1382160Z [1m[92m    Checking[0m cranelift-bitset v0.135.1
2026-10-08T02:23:46.2362700Z [1m[92m   Compiling[0m prost-derive v0.14.4
2026-10-08T02:23:47.4037490Z [1m[92m   Compiling[0m pulley-macros v48.0.1
2026-10-08T02:23:47.8278860Z [1m[92m    Checking[0m imara-diff v0.2.0
2026-10-08T02:23:47.8492250Z [1m[92m   Compiling[0m async-trait v0.1.89
2026-10-08T02:23:48.0053480Z [1m[92m   Compiling[0m target-lexicon v0.13.5
2026-10-08T02:23:48.2971600Z [1m[92m   Compiling[0m cranelift-isle v0.135.1
2026-10-08T02:23:48.5241230Z [1m[92m    Checking[0m zeta_prompt v0.1.0 (/Users/runner/work/koda/koda/crates/zeta_prompt)
2026-10-08T02:23:48.5321780Z [1m[92m   Compiling[0m pulley-interpreter v48.0.1
2026-10-08T02:23:49.0330530Z [1m[92m   Compiling[0m prost v0.14.4
2026-10-08T02:23:49.2922190Z [1m[92m    Checking[0m cranelift-entity v0.135.1
2026-10-08T02:23:49.4819330Z [1m[92m    Checking[0m cobs v0.3.0
2026-10-08T02:23:49.5411530Z [1m[92m    Checking[0m num-integer v0.1.46
2026-10-08T02:23:49.6058430Z [1m[92m   Compiling[0m cranelift-codegen-shared v0.135.1
2026-10-08T02:23:49.6492290Z [1m[92m   Compiling[0m cranelift-codegen-meta v0.135.1
2026-10-08T02:23:49.6573750Z [1m[92m    Checking[0m postcard v1.1.3
2026-10-08T02:23:49.8028960Z [1m[92m    Checking[0m cranelift-bforest v0.135.1
2026-10-08T02:23:49.9484220Z [1m[92m   Compiling[0m prost-types v0.14.4
2026-10-08T02:23:51.4142820Z [1m[92m   Compiling[0m cranelift-assembler-x64 v0.135.1
2026-10-08T02:23:51.5996370Z [1m[92m    Checking[0m gimli v0.33.0
2026-10-08T02:23:52.3725420Z [1m[92m    Checking[0m getrandom v0.2.16
2026-10-08T02:23:52.4297990Z [1m[92m   Compiling[0m cranelift-codegen v0.135.1
2026-10-08T02:23:53.5140510Z [1m[92m    Checking[0m cloud_llm_client v0.1.0 (/Users/runner/work/koda/koda/crates/cloud_llm_client)
2026-10-08T02:23:53.7088100Z [1m[92m   Compiling[0m wasmparser v0.254.0
2026-10-08T02:23:53.8903780Z [1m[92m    Checking[0m objc2-foundation v0.3.2
2026-10-08T02:24:00.2605500Z [1m[92m    Checking[0m bumpalo v3.20.3
2026-10-08T02:24:00.3818690Z [1m[92m   Compiling[0m wasmtime-internal-versioned-export-macros v48.0.1
2026-10-08T02:24:00.7343400Z [1m[92m   Compiling[0m cpp_demangle v0.5.1
2026-10-08T02:24:00.9885260Z [1m[92m   Compiling[0m object v0.39.1
2026-10-08T02:24:01.1536250Z [1m[92m    Checking[0m arbitrary v1.4.2
2026-10-08T02:24:01.5186980Z [1m[92m    Checking[0m cranelift-control v0.135.1
2026-10-08T02:24:01.6210320Z [1m[92m    Checking[0m regalloc2 v0.15.2
2026-10-08T02:24:10.0547610Z [1m[92m   Compiling[0m leb128fmt v0.1.0
2026-10-08T02:24:10.1998510Z [1m[92m    Checking[0m mach2 v0.6.0
2026-10-08T02:24:11.4133610Z [1m[92m    Checking[0m wasmprinter v0.254.0
2026-10-08T02:24:12.1262750Z [1m[92m    Checking[0m wasm-encoder v0.254.0
2026-10-08T02:24:17.6673070Z [1m[92m    Checking[0m wasmtime-internal-component-util v48.0.1
2026-10-08T02:24:17.7012790Z [1m[92m   Compiling[0m id-arena v2.3.0
2026-10-08T02:24:17.7576770Z [1m[92m   Compiling[0m wit-parser v0.254.0
2026-10-08T02:24:20.2331990Z [1m[92m    Checking[0m wasmtime-environ v48.0.1
2026-10-08T02:24:21.3555510Z [1m[92m   Compiling[0m petgraph v0.8.3
2026-10-08T02:24:22.4294410Z [1m[92m   Compiling[0m wasm-metadata v0.254.0
2026-10-08T02:24:22.6666990Z [1m[92m   Compiling[0m cmake v0.1.56
2026-10-08T02:24:22.9207900Z [1m[92m    Checking[0m strsim v0.11.1
2026-10-08T02:24:23.0012560Z [1m[92m   Compiling[0m wasmtime-internal-unwinder v48.0.1
2026-10-08T02:24:23.1884330Z [1m[92m   Compiling[0m multimap v0.8.3
2026-10-08T02:24:23.2548090Z [1m[92m    Checking[0m partial-json-fixer v0.5.3
2026-10-08T02:24:23.3156120Z [1m[92m   Compiling[0m fs_extra v1.3.0
2026-10-08T02:24:23.5060250Z [1m[92m   Compiling[0m aws-lc-sys v0.42.0
2026-10-08T02:24:24.3109550Z [1m[92m    Checking[0m language_model_core v0.1.0 (/Users/runner/work/koda/koda/crates/language_model_core)
2026-10-08T02:24:25.1698170Z [1m[92m   Compiling[0m prost-build v0.14.4
2026-10-08T02:24:25.3624940Z [1m[92m   Compiling[0m wit-component v0.254.0
2026-10-08T02:24:26.0750350Z [1m[92m   Compiling[0m wasmtime-internal-fiber v48.0.1
2026-10-08T02:24:26.4302170Z [1m[92m   Compiling[0m wasmtime-internal-component-macro v48.0.1
2026-10-08T02:24:26.5786610Z [1m[92m   Compiling[0m wasmtime-internal-cranelift v48.0.1
2026-10-08T02:24:26.8527290Z [1m[92m   Compiling[0m wasmtime-internal-wit-bindgen v48.0.1
2026-10-08T02:24:28.2936470Z [1m[92m    Checking[0m cranelift-native v0.135.1
2026-10-08T02:24:28.3582100Z [1m[92m    Checking[0m cranelift-frontend v0.135.1
2026-10-08T02:24:28.5669570Z [1m[92m   Compiling[0m wasmtime v48.0.1
2026-10-08T02:24:29.0176660Z [1m[92m   Compiling[0m logos-codegen v0.15.1
2026-10-08T02:24:32.8432890Z [1m[92m    Checking[0m wasmtime-internal-jit-icache-coherence v48.0.1
2026-10-08T02:24:32.9647570Z [1m[92m   Compiling[0m aws-lc-rs v1.17.1
2026-10-08T02:24:33.1836330Z [1m[92m   Compiling[0m beef v0.5.2
2026-10-08T02:24:33.2510870Z [1m[92m   Compiling[0m wasmtime-c-api-impl v48.0.1
2026-10-08T02:24:39.8033290Z [1m[92m    Checking[0m tokio-util v0.7.18
2026-10-08T02:24:40.1125040Z [1m[92m   Compiling[0m logos-codegen v0.16.1
2026-10-08T02:24:41.1564820Z [1m[92m    Checking[0m rustls-pki-types v1.12.0
2026-10-08T02:24:41.2953910Z [1m[92m   Compiling[0m miette-derive v7.6.0
2026-10-08T02:24:42.1768150Z [1m[92m   Compiling[0m unicode-width v0.1.14
2026-10-08T02:24:42.3314150Z [1m[92m   Compiling[0m miette v7.6.0
2026-10-08T02:24:42.7934470Z [1m[92m   Compiling[0m logos-derive v0.16.1
2026-10-08T02:24:43.0464520Z [1m[92m   Compiling[0m logos-derive v0.15.1
2026-10-08T02:24:43.3837610Z [1m[92m   Compiling[0m const_format_proc_macros v0.2.34
2026-10-08T02:24:43.9314670Z [1m[92m   Compiling[0m tree-sitter v0.27.0 (https://github.com/tree-sitter/tree-sitter?rev=43623ec9bf0eaaf7113285c46e8a09018f181b18#43623ec9)
2026-10-08T02:24:44.4963370Z [1m[92m    Checking[0m untrusted v0.9.0
2026-10-08T02:24:44.5502990Z [1m[92m    Checking[0m untrusted v0.7.1
2026-10-08T02:24:49.2741850Z [1m[92m    Checking[0m const_format v0.2.35
2026-10-08T02:24:49.4801990Z [1m[92m   Compiling[0m logos v0.15.1
2026-10-08T02:24:49.6165320Z [1m[92m   Compiling[0m logos v0.16.1
2026-10-08T02:24:49.6945760Z [1m[92m   Compiling[0m wasmtime-internal-c-api-macros v48.0.1
2026-10-08T02:24:50.0239170Z [1m[92m   Compiling[0m release_channel v0.1.0 (/Users/runner/work/koda/koda/crates/release_channel)
2026-10-08T02:24:50.1844000Z [1m[92m   Compiling[0m paths v0.1.0 (/Users/runner/work/koda/koda/crates/paths)
2026-10-08T02:24:50.9416610Z [1m[92m   Compiling[0m prost-reflect v0.16.5
2026-10-08T02:24:53.6100770Z [1m[92m   Compiling[0m protox-parse v0.9.0
2026-10-08T02:24:54.6540960Z [1m[92m    Checking[0m ignore v0.4.24
2026-10-08T02:24:54.9300870Z [1m[92m    Checking[0m streaming-iterator v0.1.9
2026-10-08T02:24:55.0494910Z [1m[92m   Compiling[0m rustls v0.23.40
2026-10-08T02:24:55.5106330Z [1m[92m   Compiling[0m protox v0.9.1
2026-10-08T02:24:56.2855540Z [1m[92m    Checking[0m http-body-util v0.1.3
2026-10-08T02:24:56.3874730Z [1m[92m   Compiling[0m tree-sitter-json v0.24.8
2026-10-08T02:24:56.6077920Z [1m[92m   Compiling[0m zstd-safe v5.0.2+zstd.1.5.2
2026-10-08T02:24:56.8941910Z [1m[92m   Compiling[0m proto v0.1.0 (/Users/runner/work/koda/koda/crates/proto)
2026-10-08T02:24:57.3196590Z [1m[92m    Checking[0m urlencoding v2.1.3
2026-10-08T02:24:57.5481520Z [1m[92m    Checking[0m rope v0.1.0 (/Users/runner/work/koda/koda/crates/rope)
2026-10-08T02:24:57.7310650Z [1m[92m    Checking[0m telemetry_events v0.1.0 (/Users/runner/work/koda/koda/crates/telemetry_events)
2026-10-08T02:24:57.8539150Z [1m[92m    Checking[0m net v0.1.0 (/Users/runner/work/koda/koda/crates/net)
2026-10-08T02:24:57.8813720Z [1m[92m    Checking[0m askpass v0.1.0 (/Users/runner/work/koda/koda/crates/askpass)
2026-10-08T02:25:11.6500100Z [1m[92m    Checking[0m serde_path_to_error v0.1.20
2026-10-08T02:25:11.8492640Z [1m[92m    Checking[0m clock v0.1.0 (/Users/runner/work/koda/koda/crates/clock)
2026-10-08T02:25:11.9244120Z [1m[92m    Checking[0m text v0.1.0 (/Users/runner/work/koda/koda/crates/text)
2026-10-08T02:25:12.5590380Z [1m[92m    Checking[0m settings_json v0.1.0 (/Users/runner/work/koda/koda/crates/settings_json)
2026-10-08T02:25:12.8002000Z [1m[92m    Checking[0m telemetry v0.1.0 (/Users/runner/work/koda/koda/crates/telemetry)
2026-10-08T02:25:12.8406650Z [1m[92m    Checking[0m objc2-core-services v0.3.2
2026-10-08T02:25:12.9160310Z [1m[92m    Checking[0m notify-types v2.1.0 (https://github.com/zed-industries/notify?rev=d842f16b2716bd60f09caf3ae3a894237ab38f54#d842f16b)
2026-10-08T02:25:13.0705460Z [1m[92m   Compiling[0m settings_macros v0.1.0 (/Users/runner/work/koda/koda/crates/settings_macros)
2026-10-08T02:25:16.0266280Z [1m[92m    Checking[0m xxhash-rust v0.8.15
2026-10-08T02:25:16.2040590Z [1m[92m    Checking[0m notify v9.0.0-rc.4 (https://github.com/zed-industries/notify?rev=d842f16b2716bd60f09caf3ae3a894237ab38f54#d842f16b)
2026-10-08T02:25:16.3943900Z [1m[92m    Checking[0m settings_content v0.1.0 (/Users/runner/work/koda/koda/crates/settings_content)
2026-10-08T02:25:27.7634800Z [1m[92m    Checking[0m git v0.1.0 (/Users/runner/work/koda/koda/crates/git)
2026-10-08T02:25:29.5361420Z [1m[92m    Checking[0m trash v5.2.5 (https://github.com/zed-industries/trash-rs?rev=41c6c800d884a89351f3b8856d12894cccee261d#41c6c800)
2026-10-08T02:25:29.7493330Z [1m[92m    Checking[0m unicode-normalization v0.1.25
2026-10-08T02:25:30.0766630Z [1m[92m    Checking[0m is_executable v1.0.5
2026-10-08T02:25:30.1384900Z [1m[92m    Checking[0m fs v0.1.0 (/Users/runner/work/koda/koda/crates/fs)
2026-10-08T02:25:31.2322140Z [1m[92m   Compiling[0m phf_shared v0.13.1
2026-10-08T02:25:31.4085850Z [1m[92m    Checking[0m convert_case v0.11.0
2026-10-08T02:25:31.4957230Z [1m[92m    Checking[0m rand_core v0.6.4
2026-10-08T02:25:31.6519760Z [1m[92m   Compiling[0m by_address v1.2.1
2026-10-08T02:25:31.7085060Z [1m[92m   Compiling[0m palette v0.7.6
2026-10-08T02:25:32.0505710Z [1m[92m   Compiling[0m palette_derive v0.7.6
2026-10-08T02:25:32.8013120Z [1m[92m    Checking[0m migrator v0.1.0 (/Users/runner/work/koda/koda/crates/migrator)
2026-10-08T02:25:33.1618500Z [1m[92m    Checking[0m ec4rs v1.2.0
2026-10-08T02:25:33.3573680Z [1m[92m    Checking[0m fast-srgb8 v1.0.0
2026-10-08T02:25:37.2901200Z [1m[92m    Checking[0m settings v0.1.0 (/Users/runner/work/koda/koda/crates/settings)
2026-10-08T02:25:38.3220910Z [1m[92m    Checking[0m rand_chacha v0.3.1
2026-10-08T02:25:38.4283130Z [1m[92m   Compiling[0m phf_generator v0.13.1
2026-10-08T02:25:38.6173870Z [1m[92m    Checking[0m sha1 v0.10.6
2026-10-08T02:25:38.7807810Z [1m[92m    Checking[0m rand v0.8.6
2026-10-08T02:25:39.6451640Z [1m[92m    Checking[0m data-encoding v2.9.0
2026-10-08T02:25:39.8269510Z [1m[92m    Checking[0m ipnet v2.11.0
2026-10-08T02:25:40.1697190Z [1m[92m    Checking[0m hex v0.4.3
2026-10-08T02:25:40.3597200Z [1m[92m    Checking[0m winnow v0.7.13
2026-10-08T02:25:41.7623020Z [1m[92m    Checking[0m utf-8 v0.7.6
2026-10-08T02:25:41.8557090Z [1m[92m   Compiling[0m rustversion v1.0.22
2026-10-08T02:25:42.4815530Z [1m[92m    Checking[0m num-iter v0.1.45
2026-10-08T02:25:42.5426560Z [1m[92m    Checking[0m syntax_theme v0.1.0 (/Users/runner/work/koda/koda/crates/syntax_theme)
2026-10-08T02:25:42.7210630Z [1m[92m    Checking[0m security-framework-sys v2.15.0
2026-10-08T02:25:42.8736840Z [1m[92m    Checking[0m base64ct v1.8.0
2026-10-08T02:25:46.4702520Z [1m[92m    Checking[0m rustls-webpki v0.103.13
2026-10-08T02:25:46.8555490Z [1m[92m    Checking[0m pem-rfc7468 v0.7.0
2026-10-08T02:25:46.9550700Z [1m[92m    Checking[0m security-framework v3.5.1
2026-10-08T02:25:47.5934630Z [1m[92m    Checking[0m theme v0.1.0 (/Users/runner/work/koda/koda/crates/theme)
2026-10-08T02:25:49.3580960Z [1m[92m    Checking[0m tokio-rustls v0.26.4
2026-10-08T02:25:49.5446070Z [1m[92m    Checking[0m tungstenite v0.28.0
2026-10-08T02:25:50.3978580Z [1m[92m    Checking[0m der v0.7.10
2026-10-08T02:25:50.5306310Z [1m[92m    Checking[0m serde_spanned v0.6.9
2026-10-08T02:25:50.5817910Z [1m[92m    Checking[0m toml_datetime v0.6.11
2026-10-08T02:25:50.7853610Z [1m[92m    Checking[0m toml_write v0.1.2
2026-10-08T02:25:50.8927570Z [1m[92m    Checking[0m toml_edit v0.22.27
2026-10-08T02:25:50.9174240Z [1m[92m    Checking[0m spki v0.7.3
2026-10-08T02:25:51.1828600Z [1m[92m    Checking[0m tower-service v0.3.3
2026-10-08T02:25:51.2195860Z [1m[92m   Compiling[0m num-bigint-dig v0.8.6
2026-10-08T02:25:51.4823310Z [1m[92m    Checking[0m try-lock v0.2.5
2026-10-08T02:25:51.5201350Z [1m[92m    Checking[0m want v0.3.1
2026-10-08T02:25:51.8867680Z [1m[92m    Checking[0m toml v0.8.23
2026-10-08T02:25:52.1014460Z [1m[92m    Checking[0m pkcs8 v0.10.2
2026-10-08T02:25:52.2844360Z [1m[92m    Checking[0m h2 v0.4.19
2026-10-08T02:25:55.1857130Z [1m[92m    Checking[0m hyper v1.11.1
2026-10-08T02:25:56.1713020Z [1m[92m    Checking[0m zstd v0.11.2+zstd.1.5.2
2026-10-08T02:25:56.3094860Z [1m[92m    Checking[0m pkcs1 v0.7.5
2026-10-08T02:25:57.2484430Z [1m[92m    Checking[0m async-tungstenite v0.33.0
2026-10-08T02:25:57.5215410Z [1m[92m   Compiling[0m phf_macros v0.13.1
2026-10-08T02:25:58.2291530Z [1m[92m    Checking[0m signature v2.2.0
2026-10-08T02:25:58.2903940Z [1m[92m    Checking[0m shellexpand v3.1.1
2026-10-08T02:25:58.3598510Z [1m[92m    Checking[0m rsa v0.9.10
2026-10-08T02:25:58.6512850Z [1m[92m    Checking[0m phf v0.13.1
2026-10-08T02:25:59.2446890Z [1m[92m    Checking[0m hyper-util v0.1.17
2026-10-08T02:26:00.3784280Z [1m[92m    Checking[0m arc-swap v1.9.0
2026-10-08T02:26:00.5513000Z [1m[92m    Checking[0m nucleo-matcher v0.3.1
2026-10-08T02:26:00.5713340Z [1m[92m    Checking[0m zed_actions v0.1.0 (/Users/runner/work/koda/koda/crates/zed_actions)
2026-10-08T02:26:00.8714900Z [1m[92m    Checking[0m lru v0.16.4
2026-10-08T02:26:01.1615400Z [1m[92m    Checking[0m language_core v0.1.0 (/Users/runner/work/koda/koda/crates/language_core)
2026-10-08T02:26:01.8820050Z [1m[92m    Checking[0m task v0.1.0 (/Users/runner/work/koda/koda/crates/task)
2026-10-08T02:26:01.9574400Z [1m[92m    Checking[0m nucleo v0.5.0
2026-10-08T02:26:02.1719700Z [1m[92m    Checking[0m watch v0.1.0 (/Users/runner/work/koda/koda/crates/watch)
2026-10-08T02:26:02.6651120Z [1m[92m    Checking[0m rpc v0.1.0 (/Users/runner/work/koda/koda/crates/rpc)
2026-10-08T02:26:03.0021660Z [1m[92m   Compiling[0m phf_codegen v0.13.1
2026-10-08T02:26:03.0728640Z [1m[92m    Checking[0m fuzzy v0.1.0 (/Users/runner/work/koda/koda/crates/fuzzy)
2026-10-08T02:26:03.4419610Z [1m[92m    Checking[0m lsp-types v0.95.1 (https://github.com/zed-industries/lsp-types?rev=f1783e63a7f4eb4397bf51d4148b4895a1f7ab16#f1783e63)
2026-10-08T02:26:04.3989830Z [1m[92m   Compiling[0m language v0.1.0 (/Users/runner/work/koda/koda/crates/language)
2026-10-08T02:26:05.1919750Z [1m[92m    Checking[0m fuzzy_nucleo v0.1.0 (/Users/runner/work/koda/koda/crates/fuzzy_nucleo)
2026-10-08T02:26:05.4223150Z [1m[92m    Checking[0m chardetng v0.1.17
2026-10-08T02:26:05.5785320Z [1m[92m    Checking[0m diffy v0.4.2
2026-10-08T02:26:09.2956540Z [1m[92m    Checking[0m webpki-roots v1.0.8
2026-10-08T02:26:09.3610620Z [1m[92m    Checking[0m credentials_provider v0.1.0 (/Users/runner/work/koda/koda/crates/credentials_provider)
2026-10-08T02:26:09.5663500Z [1m[92m    Checking[0m lsp v0.1.0 (/Users/runner/work/koda/koda/crates/lsp)
2026-10-08T02:26:12.7304580Z [1m[92m    Checking[0m rustls-platform-verifier v0.7.0
2026-10-08T02:26:13.1250820Z [1m[92m    Checking[0m ciborium-io v0.2.2
2026-10-08T02:26:13.1707470Z [1m[92m    Checking[0m chunked_transfer v1.5.0
2026-10-08T02:26:13.2659780Z [1m[92m    Checking[0m ascii v1.1.0
2026-10-08T02:26:13.3993720Z [1m[92m    Checking[0m httpdate v1.0.3
2026-10-08T02:26:13.4648840Z [1m[92m    Checking[0m ciborium-ll v0.2.2
2026-10-08T02:26:13.4866000Z [1m[92m    Checking[0m tiny_http v0.12.0
2026-10-08T02:26:14.7867730Z [1m[92m    Checking[0m http_client_tls v0.1.0 (/Users/runner/work/koda/koda/crates/http_client_tls)
2026-10-08T02:26:16.1286610Z [1m[92m   Compiling[0m sync_wrapper v1.0.2
2026-10-08T02:26:16.1931120Z [1m[92m   Compiling[0m bzip2-sys v0.1.13+1.0.8
2026-10-08T02:26:17.5450340Z [1m[92m    Checking[0m new_debug_unreachable v1.0.6
2026-10-08T02:26:17.5826010Z [1m[92m   Compiling[0m tower-layer v0.3.3
2026-10-08T02:26:17.7156970Z [1m[92m   Compiling[0m tower v0.5.2
2026-10-08T02:26:18.7525140Z [1m[92m   Compiling[0m rustls-native-certs v0.8.3
2026-10-08T02:26:19.0085150Z [1m[92m    Checking[0m ciborium v0.2.2
2026-10-08T02:26:19.2454870Z [1m[92m    Checking[0m gpui_tokio v0.1.0 (/Users/runner/work/koda/koda/crates/gpui_tokio)
2026-10-08T02:26:19.3851550Z [1m[92m   Compiling[0m inout v0.1.4
2026-10-08T02:26:19.3910450Z [1m[92m    Checking[0m nom v8.0.0
2026-10-08T02:26:19.6561970Z [1m[92m   Compiling[0m native-tls v0.2.18
2026-10-08T02:26:20.1003940Z [1m[92m    Checking[0m precomputed-hash v0.1.1
2026-10-08T02:26:20.1528800Z [1m[92m    Checking[0m arraydeque v0.5.1
2026-10-08T02:26:20.2548480Z [1m[92m   Compiling[0m password-hash v0.4.2
2026-10-08T02:26:21.2479930Z [1m[92m   Compiling[0m cipher v0.4.4
2026-10-08T02:26:21.2792760Z [1m[92m    Checking[0m yawc v0.4.2
2026-10-08T02:26:21.3733280Z [1m[92m    Checking[0m cloud_api_types v0.1.0 (/Users/runner/work/koda/koda/crates/cloud_api_types)
2026-10-08T02:26:21.6925730Z [1m[92m   Compiling[0m hyper-rustls v0.27.9
2026-10-08T02:26:22.2150260Z [1m[92m   Compiling[0m hmac v0.12.1
2026-10-08T02:26:22.3116730Z [1m[92m   Compiling[0m pbkdf2 v0.11.0
2026-10-08T02:26:22.4391950Z [1m[92m    Checking[0m cloud_api_client v0.1.0 (/Users/runner/work/koda/koda/crates/cloud_api_client)
2026-10-08T02:26:22.5378510Z [1m[92m   Compiling[0m bzip2 v0.4.4
2026-10-08T02:26:22.6738670Z [1m[92m   Compiling[0m aes v0.8.4
2026-10-08T02:26:23.0802600Z [1m[92m    Checking[0m icons v0.1.0 (/Users/runner/work/koda/koda/crates/icons)
2026-10-08T02:26:23.2925920Z [1m[92m   Compiling[0m feature_flags_macros v0.1.0 (/Users/runner/work/koda/koda/crates/feature_flags_macros)
2026-10-08T02:26:23.4724920Z [1m[92m   Compiling[0m constant_time_eq v0.1.5
2026-10-08T02:26:23.5134640Z [1m[92m   Compiling[0m zip v0.6.6
2026-10-08T02:26:24.1921630Z [1m[92m    Checking[0m tokio-native-tls v0.3.1
2026-10-08T02:26:24.3230840Z [1m[92m    Checking[0m worktree v0.1.0 (/Users/runner/work/koda/koda/crates/worktree)
2026-10-08T02:26:25.8858480Z [1m[92m    Checking[0m zed_credentials_provider v0.1.0 (/Users/runner/work/koda/koda/crates/zed_credentials_provider)
2026-10-08T02:26:26.0525090Z [1m[92m    Checking[0m proxy_handshake v0.1.0 (/Users/runner/work/koda/koda/crates/proxy_handshake)
2026-10-08T02:26:26.2158070Z [1m[92m   Compiling[0m fs2 v0.4.3
2026-10-08T02:26:26.6045520Z [1m[92m   Compiling[0m system-configuration-sys v0.6.0
2026-10-08T02:26:26.8194680Z [1m[92m    Checking[0m feature_flags v0.1.0 (/Users/runner/work/koda/koda/crates/feature_flags)
2026-10-08T02:26:27.1543140Z [1m[92m    Checking[0m client v0.1.0 (/Users/runner/work/koda/koda/crates/client)
2026-10-08T02:26:27.4096310Z [1m[92m   Compiling[0m mime_guess v2.0.5
2026-10-08T02:26:27.7490610Z [1m[92m   Compiling[0m string_cache_codegen v0.6.1
2026-10-08T02:26:28.1798710Z [1m[92m    Checking[0m dtoa v1.0.10
2026-10-08T02:26:28.2717330Z [1m[92m    Checking[0m ucd-trie v0.1.7
2026-10-08T02:26:28.3616550Z [1m[92m    Checking[0m unicode-width v0.2.2
2026-10-08T02:26:28.5333250Z [1m[92m    Checking[0m mime v0.3.17
2026-10-08T02:26:28.6641700Z [1m[92m    Checking[0m dtoa-short v0.3.5
2026-10-08T02:26:28.7379850Z [1m[92m   Compiling[0m web_atoms v0.2.6
2026-10-08T02:26:28.9253510Z [1m[92m   Compiling[0m selectors v0.37.0
2026-10-08T02:26:29.2689520Z [1m[92m   Compiling[0m cssparser-macros v0.6.1
2026-10-08T02:26:29.4854830Z [1m[92m   Compiling[0m unicode-general-category v1.1.0
2026-10-08T02:26:29.6935480Z [1m[92m   Compiling[0m icu_locale_fallback_data v2.3.0
2026-10-08T02:26:29.8816870Z [1m[92m    Checking[0m cssparser v0.36.0
2026-10-08T02:26:30.2656350Z [1m[92m   Compiling[0m htmlize v1.1.0
2026-10-08T02:26:31.1332470Z [1m[92m    Checking[0m string_cache v0.9.0
2026-10-08T02:26:31.1534740Z [1m[92m    Checking[0m node_runtime v0.1.0 (/Users/runner/work/koda/koda/crates/node_runtime)
2026-10-08T02:26:31.5135700Z [1m[92m   Compiling[0m itertools v0.15.0
2026-10-08T02:26:31.5264250Z [1m[92m    Checking[0m servo_arc v0.4.3
2026-10-08T02:26:31.6035530Z [1m[92m   Compiling[0m optfield v0.4.0
2026-10-08T02:26:32.1449180Z [1m[92m   Compiling[0m icu_collator_data v2.3.0
2026-10-08T02:26:32.3368000Z [1m[92m   Compiling[0m lalrpop-util v0.23.1
2026-10-08T02:26:32.7476230Z [1m[92m   Compiling[0m documented-macros v0.10.0
2026-10-08T02:26:33.7387010Z [1m[92m    Checking[0m tendril v0.5.1
2026-10-08T02:26:33.9403110Z [1m[92m    Checking[0m dap-types v0.0.1 (https://github.com/zed-industries/dap-types?rev=1b461b310481d01e02b2603c16d7144b926339f8#1b461b31)
2026-10-08T02:26:34.0586700Z [1m[92m    Checking[0m quick-xml v0.41.0
2026-10-08T02:26:34.4877960Z [1m[92m   Compiling[0m pastey v0.1.1
2026-10-08T02:26:34.8724890Z [1m[92m   Compiling[0m ui v0.1.0 (/Users/runner/work/koda/koda/crates/ui)
2026-10-08T02:26:35.1224750Z [1m[92m   Compiling[0m pulldown-cmark v0.13.4
2026-10-08T02:26:36.3866150Z [1m[92m    Checking[0m dap v0.1.0 (/Users/runner/work/koda/koda/crates/dap)
2026-10-08T02:26:37.2987990Z [1m[92m    Checking[0m markup5ever v0.39.0
2026-10-08T02:26:37.4110110Z [1m[92m    Checking[0m icu_locale_fallback v2.3.0
2026-10-08T02:26:37.4889620Z [1m[92m    Checking[0m documented v0.10.0
2026-10-08T02:26:37.5549800Z [1m[92m    Checking[0m lol_html v3.0.1
2026-10-08T02:26:37.7379000Z [1m[92m    Checking[0m json5 v1.3.1
2026-10-08T02:26:38.4497230Z [1m[92m    Checking[0m granit-parser v1.0.0
2026-10-08T02:26:38.5997580Z [1m[92m    Checking[0m component v0.1.0 (/Users/runner/work/koda/koda/crates/component)
2026-10-08T02:26:38.8512710Z [1m[92m    Checking[0m menu v0.1.0 (/Users/runner/work/koda/koda/crates/menu)
2026-10-08T02:26:39.0570000Z [1m[92m    Checking[0m num-format v0.4.4
2026-10-08T02:26:39.0619120Z [1m[92m    Checking[0m dugong-graphlib v0.8.0-alpha.5
2026-10-08T02:26:39.4083790Z [1m[92m   Compiling[0m ui_macros v0.1.0 (/Users/runner/work/koda/koda/crates/ui_macros)
2026-10-08T02:26:39.8322630Z [1m[92m    Checking[0m ryu-js v1.0.2
2026-10-08T02:26:39.9587590Z [1m[92m    Checking[0m merman-core v0.8.0-alpha.5
2026-10-08T02:26:46.1509570Z [1m[92m    Checking[0m dugong v0.8.0-alpha.5
2026-10-08T02:26:46.9741630Z [1m[92m   Compiling[0m tokio-socks v0.5.2
2026-10-08T02:26:47.2937810Z [1m[92m   Compiling[0m system-configuration v0.8.0
2026-10-08T02:26:47.5238620Z [1m[92m    Checking[0m icu_collator v2.3.0
2026-10-08T02:26:48.9163340Z [1m[92m   Compiling[0m rustls-pemfile v2.2.0
2026-10-08T02:26:49.0481110Z [1m[92m    Checking[0m roughr-merman v0.12.3
2026-10-08T02:26:49.3605570Z [1m[92m    Checking[0m objc2-open-directory v0.3.2
2026-10-08T02:26:49.6601970Z [1m[92m    Checking[0m env_var v0.1.0 (/Users/runner/work/koda/koda/crates/env_var)
2026-10-08T02:26:49.6967950Z [1m[92m    Checking[0m objc2-io-kit v0.3.2
2026-10-08T02:26:49.7234900Z [1m[92m    Checking[0m manatee v0.8.0-alpha.5
2026-10-08T02:26:50.5312310Z [1m[92m   Compiling[0m signal-hook v0.4.4
2026-10-08T02:26:50.6935720Z [1m[92m    Checking[0m unicode-linebreak v0.1.5
2026-10-08T02:26:50.8288850Z [1m[92m    Checking[0m merman-render v0.8.0-alpha.5
2026-10-08T02:26:51.2278020Z [1m[92m   Compiling[0m zed-reqwest v0.12.15-zed (https://github.com/zed-industries/reqwest.git?rev=33bc764aa15ff7b200bf7c93bd96e24878d53e14#33bc764a)
2026-10-08T02:26:54.2246140Z [1m[92m    Checking[0m extension v0.1.0 (/Users/runner/work/koda/koda/crates/extension)
2026-10-08T02:26:55.1876510Z [1m[92m   Compiling[0m tar v0.4.46
2026-10-08T02:26:55.8113990Z [1m[92m    Checking[0m sysinfo v0.39.6
2026-10-08T02:26:56.5796420Z [1m[92m    Checking[0m html5ever v0.39.0
2026-10-08T02:26:57.1600370Z [1m[92m    Checking[0m xml5ever v0.39.0
2026-10-08T02:26:57.4914090Z [1m[92m    Checking[0m oauth_callback_server v0.1.0 (/Users/runner/work/koda/koda/crates/oauth_callback_server)
2026-10-08T02:26:57.5935910Z [1m[92m    Checking[0m theme_settings v0.1.0 (/Users/runner/work/koda/koda/crates/theme_settings)
2026-10-08T02:26:58.0420490Z [1m[92m    Checking[0m cursor-icon v1.2.0
2026-10-08T02:26:58.0968040Z [1m[92m    Checking[0m diff v0.1.13
2026-10-08T02:26:58.1772480Z [1m[92m    Checking[0m bit-vec v0.8.0
2026-10-08T02:26:58.2708450Z [1m[92m    Checking[0m yansi v1.0.1
2026-10-08T02:26:58.4599510Z [1m[92m    Checking[0m pretty_assertions v1.4.1
2026-10-08T02:26:58.5562740Z [1m[92m    Checking[0m bit-set v0.8.0
2026-10-08T02:26:58.6482150Z [1m[92m    Checking[0m vte v0.15.0
2026-10-08T02:26:58.9153450Z [1m[92m    Checking[0m markup5ever_rcdom v0.39.0+unofficial
2026-10-08T02:26:59.0170000Z [1m[92m   Compiling[0m android_tools v0.1.0 (/Users/runner/work/koda/koda/crates/android_tools)
2026-10-08T02:27:01.8396390Z [1m[92m    Checking[0m rustix-openpty v0.2.0
2026-10-08T02:27:01.9144860Z [1m[92m    Checking[0m home v0.5.11
2026-10-08T02:27:01.9684800Z [1m[92m    Checking[0m alacritty_terminal v0.26.1-dev (https://github.com/zed-industries/alacritty?rev=4c129667ce56611becdc82de6e28218c80e2e88f#4c129667)
2026-10-08T02:27:05.0589370Z [1m[92m    Checking[0m merman v0.8.0-alpha.5
2026-10-08T02:27:05.2712700Z [1m[92m    Checking[0m mermaid_render v0.1.0 (/Users/runner/work/koda/koda/crates/mermaid_render)
2026-10-08T02:27:05.6716110Z [1m[92m    Checking[0m fancy-regex v0.19.0
2026-10-08T02:27:06.2324780Z [1m[92m    Checking[0m buffer_diff v0.1.0 (/Users/runner/work/koda/koda/crates/buffer_diff)
2026-10-08T02:27:06.8817680Z [1m[92m    Checking[0m pori v0.0.0
2026-10-08T02:27:07.4930710Z [1m[92m    Checking[0m snippet v0.1.0 (/Users/runner/work/koda/koda/crates/snippet)
2026-10-08T02:27:07.5778640Z [1m[92m    Checking[0m linkify v0.10.0
2026-10-08T02:27:07.8931630Z [1m[92m    Checking[0m markdown v0.1.0 (/Users/runner/work/koda/koda/crates/markdown)
2026-10-08T02:27:08.9156530Z [1m[92m    Checking[0m snippet_provider v0.1.0 (/Users/runner/work/koda/koda/crates/snippet_provider)
2026-10-08T02:27:09.7187490Z [1m[92m    Checking[0m wax v0.7.0
2026-10-08T02:27:10.7002730Z [1m[92m    Checking[0m terminal v0.1.0 (/Users/runner/work/koda/koda/crates/terminal)
2026-10-08T02:27:11.4938550Z [1m[92m    Checking[0m context_server v0.1.0 (/Users/runner/work/koda/koda/crates/context_server)
2026-10-08T02:27:13.6185020Z [1m[92m    Checking[0m prettier v0.1.0 (/Users/runner/work/koda/koda/crates/prettier)
2026-10-08T02:27:14.1401060Z [1m[92m    Checking[0m remote v0.1.0 (/Users/runner/work/koda/koda/crates/remote)
2026-10-08T02:27:15.7782930Z [1m[92m    Checking[0m git_hosting_providers v0.1.0 (/Users/runner/work/koda/koda/crates/git_hosting_providers)
2026-10-08T02:27:16.4586520Z [1m[92m   Compiling[0m vcpkg v0.2.15
2026-10-08T02:27:16.9275060Z [1m[92m    Checking[0m circular-buffer v1.2.0
2026-10-08T02:27:17.0910440Z [1m[92m   Compiling[0m libsqlite3-sys v0.30.1
2026-10-08T02:27:18.0695730Z [1m[92m    Checking[0m language_model v0.1.0 (/Users/runner/work/koda/koda/crates/language_model)
2026-10-08T02:27:23.6748160Z [1m[92m   Compiling[0m indoc v2.0.6
2026-10-08T02:27:29.5409550Z [1m[92m   Compiling[0m unicode_categories v0.1.1
2026-10-08T02:27:29.6796680Z [1m[92m   Compiling[0m sqlformat v0.2.6
2026-10-08T02:27:35.3418980Z [1m[92m   Compiling[0m sqlez v0.1.0 (/Users/runner/work/koda/koda/crates/sqlez)
2026-10-08T02:27:39.0163790Z [1m[92m   Compiling[0m sqlez_macros v0.1.0 (/Users/runner/work/koda/koda/crates/sqlez_macros)
2026-10-08T02:27:40.4626750Z [1m[92m    Checking[0m zed_env_vars v0.1.0 (/Users/runner/work/koda/koda/crates/zed_env_vars)
2026-10-08T02:27:40.5170100Z [1m[92m    Checking[0m db v0.1.0 (/Users/runner/work/koda/koda/crates/db)
2026-10-08T02:27:40.7632210Z [1m[92m    Checking[0m session v0.1.0 (/Users/runner/work/koda/koda/crates/session)
2026-10-08T02:27:40.9689180Z [1m[92m    Checking[0m ui_input v0.1.0 (/Users/runner/work/koda/koda/crates/ui_input)
2026-10-08T02:27:41.1571940Z [1m[92m   Compiling[0m async-recursion v1.1.1
2026-10-08T02:27:41.7805180Z [1m[92m    Checking[0m any_vec v0.14.0
2026-10-08T02:27:41.9307770Z [1m[92m    Checking[0m edit_prediction_types v0.1.0 (/Users/runner/work/koda/koda/crates/edit_prediction_types)
2026-10-08T02:27:42.2602490Z [1m[92m    Checking[0m file_icons v0.1.0 (/Users/runner/work/koda/koda/crates/file_icons)
2026-10-08T02:27:42.4712730Z [1m[92m    Checking[0m multi_buffer v0.1.0 (/Users/runner/work/koda/koda/crates/multi_buffer)
2026-10-08T02:27:43.6688980Z [1m[92m    Checking[0m assets v0.1.0 (/Users/runner/work/koda/koda/crates/assets)
2026-10-08T02:27:43.8208640Z [1m[92m    Checking[0m ordered-float v5.5.0
2026-10-08T02:27:43.9574650Z [1m[92m    Checking[0m project v0.1.0 (/Users/runner/work/koda/koda/crates/project)
2026-10-08T02:27:44.0468030Z [1m[92m    Checking[0m fearless_simd v0.4.1
2026-10-08T02:27:45.7048580Z [1m[92m    Checking[0m betlang v0.1.1
2026-10-08T02:27:45.8554630Z [1m[92m    Checking[0m vim_mode_setting v0.1.0 (/Users/runner/work/koda/koda/crates/vim_mode_setting)
2026-10-08T02:27:45.9633350Z [1m[92m    Checking[0m language_detection v0.1.0 (/Users/runner/work/koda/koda/crates/language_detection)
2026-10-08T02:27:46.1254990Z [1m[92m    Checking[0m emojis v0.9.0
2026-10-08T02:27:46.7646530Z [1m[92m    Checking[0m utf8parse v0.2.2
2026-10-08T02:27:46.8300640Z [1m[92m    Checking[0m anstyle-parse v0.2.7
2026-10-08T02:27:46.9194000Z [1m[92m    Checking[0m is_terminal_polyfill v1.70.1
2026-10-08T02:27:46.9645630Z [1m[92m    Checking[0m anstyle v1.0.13
2026-10-08T02:27:47.0646780Z [1m[92m    Checking[0m colorchoice v1.0.4
2026-10-08T02:27:47.1011570Z [1m[92m    Checking[0m anstyle-query v1.1.4
2026-10-08T02:27:47.1378970Z [1m[92m    Checking[0m anstream v0.6.21
2026-10-08T02:27:47.2802470Z [1m[92m    Checking[0m terminal_size v0.4.3
2026-10-08T02:27:47.3447290Z [1m[92m    Checking[0m clap_lex v0.7.6
2026-10-08T02:27:47.4387060Z [1m[92m    Checking[0m clap_builder v4.5.49
2026-10-08T02:27:48.5209170Z [1m[92m   Compiling[0m clap_derive v4.5.49
2026-10-08T02:27:49.9108060Z [1m[92m   Compiling[0m ahash v0.8.12
2026-10-08T02:27:50.0683140Z [1m[92m    Checking[0m outref v0.5.2
2026-10-08T02:27:50.1040770Z [1m[92m    Checking[0m vsimd v0.8.0
2026-10-08T02:27:50.3157690Z [1m[92m    Checking[0m clap v4.5.49
2026-10-08T02:27:50.5381370Z [1m[92m    Checking[0m http v0.2.12
2026-10-08T02:27:50.8831900Z [1m[92m    Checking[0m http-body v0.4.6
2026-10-08T02:27:50.9930290Z [1m[92m    Checking[0m base64-simd v0.8.0
2026-10-08T02:27:51.1034220Z [1m[92m    Checking[0m bytes-utils v0.1.4
2026-10-08T02:27:51.2007940Z [1m[92m    Checking[0m aws-smithy-types v1.4.7
2026-10-08T02:27:51.6226590Z [1m[92m    Checking[0m pet-fs v0.1.0 (https://github.com/zed-industries/python-environment-tools.git?rev=5aad7164bfc2a58977b103c8ef8fdd7302ed2e9f#5aad7164)
2026-10-08T02:27:51.6752220Z [1m[92m    Checking[0m is-terminal v0.4.16
2026-10-08T02:27:51.7071840Z [1m[92m    Checking[0m humantime v2.3.0
2026-10-08T02:27:51.7915860Z [1m[92m    Checking[0m env_logger v0.10.2
2026-10-08T02:27:51.9206920Z [1m[92m    Checking[0m pet-core v0.1.0 (https://github.com/zed-industries/python-environment-tools.git?rev=5aad7164bfc2a58977b103c8ef8fdd7302ed2e9f#5aad7164)
2026-10-08T02:27:52.4710060Z [1m[92m   Compiling[0m ident_case v1.0.1
2026-10-08T02:27:52.5342460Z [1m[92m    Checking[0m aws-smithy-async v1.2.14
2026-10-08T02:27:52.7243510Z [1m[92m    Checking[0m aws-smithy-runtime-api v1.11.4
2026-10-08T02:27:53.3920590Z [1m[92m    Checking[0m pet-python-utils v0.1.0 (https://github.com/zed-industries/python-environment-tools.git?rev=5aad7164bfc2a58977b103c8ef8fdd7302ed2e9f#5aad7164)
2026-10-08T02:27:53.7247920Z [1m[92m   Compiling[0m io-lifetimes v2.0.4
2026-10-08T02:27:53.9388060Z [1m[92m   Compiling[0m io-lifetimes v3.0.1
2026-10-08T02:27:54.2667180Z [1m[92m   Compiling[0m scratch v1.0.9 (/Users/runner/work/koda/koda/tooling/corgi/patches/scratch)
2026-10-08T02:27:54.4392410Z [1m[92m   Compiling[0m io-extras v0.19.0
2026-10-08T02:27:54.8887000Z [1m[92m   Compiling[0m link-cplusplus v1.0.12
2026-10-08T02:27:55.0950060Z [1m[92m   Compiling[0m cap-primitives v4.0.3
2026-10-08T02:27:56.4274260Z [1m[92m    Checking[0m agent_settings v0.1.0 (/Users/runner/work/koda/koda/crates/agent_settings)
2026-10-08T02:27:56.7768310Z [1m[92m    Checking[0m fs-set-times v0.20.3
2026-10-08T02:27:56.9096960Z [1m[92m   Compiling[0m darling_core v0.23.0
2026-10-08T02:27:56.9241390Z [1m[92m    Checking[0m workspace v0.1.0 (/Users/runner/work/koda/koda/crates/workspace)
2026-10-08T02:27:58.9023510Z [1m[92m   Compiling[0m tower-http v0.6.11
2026-10-08T02:27:59.4506340Z [1m[92m   Compiling[0m pbjson-build v0.9.0
2026-10-08T02:28:00.2226740Z [1m[92m   Compiling[0m cap-std v4.0.3
2026-10-08T02:28:00.7170400Z [1m[92m    Checking[0m maybe-owned v0.3.4
2026-10-08T02:28:00.8341280Z [1m[92m   Compiling[0m cxxbridge-flags v1.0.187
2026-10-08T02:28:01.1508810Z [1m[92m    Checking[0m ambient-authority v0.0.2
2026-10-08T02:28:01.4344400Z [1m[92m   Compiling[0m codespan-reporting v0.13.0
2026-10-08T02:28:01.8099920Z [1m[92m   Compiling[0m cxx v1.0.187
2026-10-08T02:28:02.1492840Z [1m[92m   Compiling[0m pbjson-types v0.9.0
2026-10-08T02:28:02.5124300Z [1m[92m    Checking[0m breadcrumbs v0.1.0 (/Users/runner/work/koda/koda/crates/breadcrumbs)
2026-10-08T02:28:02.7361100Z [1m[92m    Checking[0m editor v0.1.0 (/Users/runner/work/koda/koda/crates/editor)
2026-10-08T02:28:02.8606310Z [1m[92m    Checking[0m picker v0.1.0 (/Users/runner/work/koda/koda/crates/picker)
2026-10-08T02:28:03.5196850Z [1m[92m    Checking[0m command_palette_hooks v0.1.0 (/Users/runner/work/koda/koda/crates/command_palette_hooks)
2026-10-08T02:28:03.8067700Z [1m[92m   Compiling[0m reqwest v0.12.24
2026-10-08T02:28:06.8770990Z [1m[92m   Compiling[0m darling_macro v0.23.0
2026-10-08T02:28:07.1868420Z [1m[92m    Checking[0m aws-smithy-eventstream v0.60.20
2026-10-08T02:28:07.6216400Z [1m[92m   Compiling[0m phf_shared v0.11.3
2026-10-08T02:28:07.7723690Z [1m[92m    Checking[0m num-bigint v0.4.8
2026-10-08T02:28:08.4335390Z [1m[92m    Checking[0m crossbeam-channel v0.5.15
2026-10-08T02:28:08.6644400Z [1m[92m   Compiling[0m cap-fs-ext v4.0.3
2026-10-08T02:28:08.8675000Z [1m[92m   Compiling[0m portable-atomic v1.11.1
2026-10-08T02:28:09.3854400Z [1m[92m    Checking[0m num-rational v0.4.2
2026-10-08T02:28:09.5505330Z [1m[92m   Compiling[0m phf_generator v0.11.3
2026-10-08T02:28:09.7013840Z [1m[92m    Checking[0m aws-smithy-http v0.63.4
2026-10-08T02:28:09.8912880Z [1m[92m   Compiling[0m darling v0.23.0
2026-10-08T02:28:09.9516280Z [1m[92m   Compiling[0m webrtc-sys-build v0.3.13 (https://github.com/zed-industries/livekit-rust-sdks?rev=0a1c519cfce9b365229026b55de9b9dbdb6fed3c#0a1c519c)
2026-10-08T02:28:12.5309040Z [1m[92m   Compiling[0m cxx-build v1.0.187
2026-10-08T02:28:12.7044170Z [1m[92m    Checking[0m aws-credential-types v1.2.12
2026-10-08T02:28:12.8513970Z [1m[92m    Checking[0m hashbrown v0.14.5
2026-10-08T02:28:13.2170610Z [1m[92m   Compiling[0m aws-types v1.3.12
2026-10-08T02:28:13.3805170Z [1m[92m    Checking[0m tokio-stream v0.1.17
2026-10-08T02:28:13.6259340Z [1m[92m    Checking[0m symphonia-core v0.5.5
2026-10-08T02:28:14.2276850Z [1m[92m    Checking[0m objc2-core-audio-types v0.3.2
2026-10-08T02:28:14.4695450Z [1m[92m    Checking[0m pbjson v0.9.0
2026-10-08T02:28:14.5318380Z [1m[92m    Checking[0m chacha20 v0.10.1
2026-10-08T02:28:14.6692510Z [1m[92m   Compiling[0m moka v0.12.11
2026-10-08T02:28:14.8360680Z [1m[92m    Checking[0m unsafe-libyaml v0.2.11
2026-10-08T02:28:14.9110000Z [1m[92m   Compiling[0m webrtc-sys v0.3.23 (https://github.com/zed-industries/livekit-rust-sdks?rev=0a1c519cfce9b365229026b55de9b9dbdb6fed3c#0a1c519c)
2026-10-08T02:28:15.2687520Z [1m[92m    Checking[0m rand v0.10.2
2026-10-08T02:28:16.1912540Z [1m[92m    Checking[0m objc2-core-audio v0.3.2
2026-10-08T02:28:16.3845330Z [1m[92m    Checking[0m livekit-runtime v0.4.0 (https://github.com/zed-industries/livekit-rust-sdks?rev=0a1c519cfce9b365229026b55de9b9dbdb6fed3c#0a1c519c)
2026-10-08T02:28:16.4569400Z [1m[92m    Checking[0m hashlink v0.8.4
2026-10-08T02:28:16.6339240Z [1m[92m    Checking[0m picker_preview v0.1.0 (/Users/runner/work/koda/koda/crates/picker_preview)
2026-10-08T02:28:16.9700140Z [1m[92m   Compiling[0m phf_macros v0.11.3
2026-10-08T02:28:17.4624400Z [1m[92m    Checking[0m aws-smithy-observability v0.2.5
2026-10-08T02:28:17.5791980Z [1m[92m    Checking[0m channel v0.1.0 (/Users/runner/work/koda/koda/crates/channel)
2026-10-08T02:28:17.6002890Z [1m[92m    Checking[0m wasmtime-wasi-io v48.0.1
2026-10-08T02:28:18.1611370Z [1m[92m    Checking[0m open_ai v0.1.0 (/Users/runner/work/koda/koda/crates/open_ai)
2026-10-08T02:28:18.5851790Z [1m[92m    Checking[0m anthropic v0.1.0 (/Users/runner/work/koda/koda/crates/anthropic)
2026-10-08T02:28:19.6187540Z [1m[92m   Compiling[0m cxxbridge-macro v1.0.187
2026-10-08T02:28:19.7868170Z [1m[92m    Checking[0m tagptr v0.2.0
2026-10-08T02:28:19.8667420Z [1m[92m   Compiling[0m extension_host v0.1.0 (/Users/runner/work/koda/koda/crates/extension_host)
2026-10-08T02:28:20.5944130Z [1m[92m    Checking[0m aws-sigv4 v1.4.0
2026-10-08T02:28:20.7930320Z [1m[92m    Checking[0m wasmtime-wasi v48.0.1
2026-10-08T02:28:22.2181760Z [1m[92m   Compiling[0m phf v0.11.3
2026-10-08T02:28:22.2982610Z [1m[92m    Checking[0m aws-smithy-runtime v1.10.1
2026-10-08T02:28:23.6187650Z [1m[92m    Checking[0m livekit-protocol v0.7.1 (https://github.com/zed-industries/livekit-rust-sdks?rev=0a1c519cfce9b365229026b55de9b9dbdb6fed3c#0a1c519c)
2026-10-08T02:28:26.4063010Z [1m[92m    Checking[0m yaml-rust2 v0.8.1
2026-10-08T02:28:26.7672430Z [1m[92m    Checking[0m objc2-audio-toolbox v0.3.2
2026-10-08T02:28:29.2295830Z [1m[92m    Checking[0m symphonia-metadata v0.5.5
2026-10-08T02:28:29.5171010Z [1m[92m    Checking[0m pet-virtualenv v0.1.0 (https://github.com/zed-industries/python-environment-tools.git?rev=5aad7164bfc2a58977b103c8ef8fdd7302ed2e9f#5aad7164)
2026-10-08T02:28:29.6659750Z [1m[92m    Checking[0m extended v0.1.0
2026-10-08T02:28:29.7436280Z [1m[92m   Compiling[0m cpal v0.17.1
2026-10-08T02:28:30.1472180Z [1m[92m   Compiling[0m pest v2.8.3
2026-10-08T02:28:31.4747710Z [1m[92m    Checking[0m symphonia-format-riff v0.5.5
2026-10-08T02:28:31.6229240Z [1m[92m    Checking[0m coreaudio-rs v0.13.0
2026-10-08T02:28:31.8811480Z [1m[92m    Checking[0m aws-runtime v1.7.0
2026-10-08T02:28:44.4812040Z [1m[92m   Compiling[0m doxygen-rs v0.4.2
2026-10-08T02:28:44.7983820Z [1m[92m    Checking[0m copilot_chat v0.1.0 (/Users/runner/work/koda/koda/crates/copilot_chat)
2026-10-08T02:28:46.2439100Z [1m[92m    Checking[0m notifications v0.1.0 (/Users/runner/work/koda/koda/crates/notifications)
2026-10-08T02:28:46.7125320Z [1m[92m    Checking[0m symphonia-codec-pcm v0.5.5
2026-10-08T02:28:46.8162030Z [1m[92m    Checking[0m auto_update v0.1.0 (/Users/runner/work/koda/koda/crates/auto_update)
2026-10-08T02:28:47.4379350Z [1m[92m    Checking[0m aws-smithy-json v0.62.5
2026-10-08T02:28:47.7349040Z [1m[92m    Checking[0m bincode v1.3.3
2026-10-08T02:28:48.0504900Z [1m[92m    Checking[0m dasp_sample v0.11.0
2026-10-08T02:28:48.2288350Z [1m[92m    Checking[0m regex-lite v0.1.8
2026-10-08T02:28:49.1675900Z [1m[92m    Checking[0m symphonia v0.5.5
2026-10-08T02:28:49.2378480Z [1m[92m    Checking[0m copilot v0.1.0 (/Users/runner/work/koda/koda/crates/copilot)
2026-10-08T02:28:50.0992870Z [1m[92m   Compiling[0m lmdb-master-sys v0.2.5
2026-10-08T02:28:50.3173780Z [1m[92m   Compiling[0m pest_meta v2.8.3
2026-10-08T02:28:51.6493380Z [1m[92m   Compiling[0m darling_core v0.20.11
2026-10-08T02:28:53.1597100Z [1m[92m    Checking[0m rand_distr v0.5.1
2026-10-08T02:28:53.4110740Z [1m[92m    Checking[0m hound v3.5.1
2026-10-08T02:28:53.5111350Z [1m[92m    Checking[0m rtrb v0.3.2
2026-10-08T02:28:53.5888410Z [1m[92m    Checking[0m rodio v0.21.1 (https://github.com/RustAudio/rodio?rev=e50e726ddd0292f6ef9de0dda6b90af4ed1fb66a#e50e726d)
2026-10-08T02:28:54.1278440Z [1m[92m   Compiling[0m darling_macro v0.20.11
2026-10-08T02:28:54.4017050Z [1m[92m   Compiling[0m pest_generator v2.8.3
2026-10-08T02:28:55.7863760Z [1m[92m    Checking[0m copilot_ui v0.1.0 (/Users/runner/work/koda/koda/crates/copilot_ui)
2026-10-08T02:28:56.2907380Z [1m[92m   Compiling[0m serde_with_macros v3.22.0
2026-10-08T02:28:57.0319060Z [1m[92m    Checking[0m pet-jsonrpc v0.1.0 (https://github.com/zed-industries/python-environment-tools.git?rev=5aad7164bfc2a58977b103c8ef8fdd7302ed2e9f#5aad7164)
2026-10-08T02:28:57.1084620Z [1m[92m    Checking[0m ai_onboarding v0.1.0 (/Users/runner/work/koda/koda/crates/ai_onboarding)
2026-10-08T02:28:57.3475440Z [1m[92m    Checking[0m ollama v0.1.0 (/Users/runner/work/koda/koda/crates/ollama)
2026-10-08T02:28:57.8081920Z [1m[92m    Checking[0m heed-traits v0.20.0
2026-10-08T02:28:57.8572870Z [1m[92m    Checking[0m shell-words v1.1.0
2026-10-08T02:28:57.9162700Z [1m[92m   Compiling[0m heed v0.21.0
2026-10-08T02:28:58.0790020Z [1m[92m    Checking[0m heed-types v0.21.0
2026-10-08T02:28:58.1714650Z [1m[92m    Checking[0m pet-reporter v0.1.0 (https://github.com/zed-industries/python-environment-tools.git?rev=5aad7164bfc2a58977b103c8ef8fdd7302ed2e9f#5aad7164)
2026-10-08T02:28:58.3462490Z [1m[92m    Checking[0m serde_with v3.22.0
2026-10-08T02:28:59.7614450Z [1m[92m   Compiling[0m pest_derive v2.8.3
2026-10-08T02:29:00.0179900Z [1m[92m   Compiling[0m darling v0.20.11
2026-10-08T02:29:00.0588080Z [1m[92m    Checking[0m remote_connection v0.1.0 (/Users/runner/work/koda/koda/crates/remote_connection)
2026-10-08T02:29:00.3805530Z [1m[92m    Checking[0m serde_yaml_ng v0.10.0
2026-10-08T02:29:01.8376160Z [1m[92m    Checking[0m proxyvars v0.2.0
2026-10-08T02:29:01.8973030Z [1m[92m    Checking[0m google_ai v0.1.0 (/Users/runner/work/koda/koda/crates/google_ai)
2026-10-08T02:29:02.4394200Z [1m[92m    Checking[0m synchronoise v1.0.1
2026-10-08T02:29:02.4936840Z [1m[92m    Checking[0m page_size v0.6.0
2026-10-08T02:29:02.5275210Z [1m[92m   Compiling[0m peg-runtime v0.8.5
2026-10-08T02:29:02.6972910Z [1m[92m    Checking[0m xmlparser v0.13.6
2026-10-08T02:29:02.8105740Z [1m[92m    Checking[0m aws-smithy-xml v0.60.15
2026-10-08T02:29:02.8809740Z [1m[92m   Compiling[0m peg-macros v0.8.5
2026-10-08T02:29:04.4581000Z [1m[92m    Checking[0m http_proxy v0.1.0 (/Users/runner/work/koda/koda/crates/http_proxy)
2026-10-08T02:29:04.6441750Z [1m[92m    Checking[0m handlebars v4.5.0
2026-10-08T02:29:05.3425380Z [1m[92m    Checking[0m agent_skills v0.1.0 (/Users/runner/work/koda/koda/crates/agent_skills)
2026-10-08T02:29:05.6423990Z [1m[92m   Compiling[0m cached_proc_macro v0.25.0
2026-10-08T02:29:06.3114510Z [1m[92m    Checking[0m agent-client-protocol-schema v1.9.1
2026-10-08T02:29:18.7855550Z [1m[92m   Compiling[0m bon-macros v3.8.2
2026-10-08T02:29:22.1587920Z [1m[92m    Checking[0m open_path_prompt v0.1.0 (/Users/runner/work/koda/koda/crates/open_path_prompt)
2026-10-08T02:29:22.5904410Z [1m[92m    Checking[0m aws-smithy-query v0.60.15
2026-10-08T02:29:22.6636330Z [1m[92m   Compiling[0m coreaudio-sys v0.2.18
2026-10-08T02:29:23.5928250Z [1m[92m   Compiling[0m agent-client-protocol-derive v2.2.0
2026-10-08T02:29:24.0798970Z [1m[92m   Compiling[0m objc-sys v0.3.5
2026-10-08T02:29:24.3137430Z [1m[92m    Checking[0m cached_proc_macro_types v0.1.1
2026-10-08T02:29:28.6417130Z [1m[92m    Checking[0m peg v0.8.5
2026-10-08T02:29:28.6878480Z [1m[92m    Checking[0m cached v0.56.0
2026-10-08T02:29:28.8920480Z [1m[92m    Checking[0m agent-client-protocol v2.2.0
2026-10-08T02:29:36.7177990Z [1m[92m    Checking[0m aws-sdk-sts v1.98.0
2026-10-08T02:29:38.1573250Z [1m[92m    Checking[0m bon v3.8.2
2026-10-08T02:29:38.8343550Z [1m[92m    Checking[0m prompt_store v0.1.0 (/Users/runner/work/koda/koda/crates/prompt_store)
2026-10-08T02:29:39.4776160Z [1m[92m    Checking[0m sandbox v0.1.0 (/Users/runner/work/koda/koda/crates/sandbox)
2026-10-08T02:29:39.6359830Z [1m[92m    Checking[0m git_ui_core v0.1.0 (/Users/runner/work/koda/koda/crates/git_ui_core)
2026-10-08T02:29:40.5137280Z [1m[92m    Checking[0m pet-conda v0.1.0 (https://github.com/zed-industries/python-environment-tools.git?rev=5aad7164bfc2a58977b103c8ef8fdd7302ed2e9f#5aad7164)
2026-10-08T02:29:40.8033980Z [1m[92m    Checking[0m aws-sdk-sso v1.94.0
2026-10-08T02:29:41.3797540Z [1m[92m    Checking[0m aws-sdk-ssooidc v1.96.0
2026-10-08T02:29:42.1218260Z [1m[92m    Checking[0m aws-sdk-bedrockruntime v1.125.0
2026-10-08T02:29:44.6362460Z [1m[92m    Checking[0m tokio-tungstenite v0.28.0
2026-10-08T02:29:44.8006460Z [1m[92m    Checking[0m search v0.1.0 (/Users/runner/work/koda/koda/crates/search)
2026-10-08T02:29:45.9649700Z [1m[92m    Checking[0m action_log v0.1.0 (/Users/runner/work/koda/koda/crates/action_log)
2026-10-08T02:29:46.3105760Z [1m[92m    Checking[0m x_ai v0.1.0 (/Users/runner/work/koda/koda/crates/x_ai)
2026-10-08T02:29:46.3871520Z [1m[92m    Checking[0m utf8-chars v3.0.6
2026-10-08T02:29:46.4313510Z [1m[92m    Checking[0m num-complex v0.4.6
2026-10-08T02:29:46.6064250Z [1m[92m    Checking[0m indenter v0.3.4
2026-10-08T02:29:46.6403010Z [1m[92m   Compiling[0m cbindgen v0.28.0
2026-10-08T02:29:46.8152540Z [1m[92m   Compiling[0m livekit v0.7.32 (https://github.com/zed-industries/livekit-rust-sdks?rev=0a1c519cfce9b365229026b55de9b9dbdb6fed3c#0a1c519c)
2026-10-08T02:29:47.0419120Z [1m[92m    Checking[0m brush-parser v0.3.0
2026-10-08T02:29:47.9559910Z [1m[92m    Checking[0m num v0.4.3
2026-10-08T02:29:48.0075920Z [1m[92m    Checking[0m x_ai_subscribed v0.1.0 (/Users/runner/work/koda/koda/crates/x_ai_subscribed)
2026-10-08T02:29:48.3585530Z [1m[92m    Checking[0m acp_thread v0.1.0 (/Users/runner/work/koda/koda/crates/acp_thread)
2026-10-08T02:29:49.6636700Z [1m[92m    Checking[0m livekit-api v0.4.14 (https://github.com/zed-industries/livekit-rust-sdks?rev=0a1c519cfce9b365229026b55de9b9dbdb6fed3c#0a1c519c)
2026-10-08T02:29:50.1434300Z [1m[92m    Checking[0m bedrock v0.1.0 (/Users/runner/work/koda/koda/crates/bedrock)
2026-10-08T02:29:50.5267400Z [1m[92m    Checking[0m aws-config v1.8.14
2026-10-08T02:29:53.2680690Z [1m[92m    Checking[0m language_models_cloud v0.1.0 (/Users/runner/work/koda/koda/crates/language_models_cloud)
2026-10-08T02:29:53.6147630Z [1m[92m    Checking[0m opencode v0.1.0 (/Users/runner/work/koda/koda/crates/opencode)
2026-10-08T02:29:53.7574830Z [1m[92m    Checking[0m open_router v0.1.0 (/Users/runner/work/koda/koda/crates/open_router)
2026-10-08T02:29:54.3174970Z [1m[92m    Checking[0m openai_subscribed v0.1.0 (/Users/runner/work/koda/koda/crates/openai_subscribed)
2026-10-08T02:29:54.7061840Z [1m[92m    Checking[0m platform_title_bar v0.1.0 (/Users/runner/work/koda/koda/crates/platform_title_bar)
2026-10-08T02:29:55.0538460Z [1m[92m    Checking[0m aws_http_client v0.1.0 (/Users/runner/work/koda/koda/crates/aws_http_client)
2026-10-08T02:29:55.1385390Z [1m[92m    Checking[0m html_to_markdown v0.1.0 (/Users/runner/work/koda/koda/crates/html_to_markdown)
2026-10-08T02:29:55.2379060Z [1m[92m    Checking[0m lmstudio v0.1.0 (/Users/runner/work/koda/koda/crates/lmstudio)
2026-10-08T02:29:55.5330280Z [1m[92m    Checking[0m llama_cpp v0.1.0 (/Users/runner/work/koda/koda/crates/llama_cpp)
2026-10-08T02:29:55.8705170Z [1m[92m    Checking[0m web_search v0.1.0 (/Users/runner/work/koda/koda/crates/web_search)
2026-10-08T02:29:56.0193580Z [1m[92m   Compiling[0m pathfinder_simd v0.5.6
2026-10-08T02:29:56.2082660Z [1m[92m    Checking[0m bmrng v0.5.2
2026-10-08T02:29:56.3015430Z [1m[92m    Checking[0m mistral v0.1.0 (/Users/runner/work/koda/koda/crates/mistral)
2026-10-08T02:29:56.7388430Z [1m[92m    Checking[0m deepseek v0.1.0 (/Users/runner/work/koda/koda/crates/deepseek)
2026-10-08T02:29:57.1143490Z [1m[92m    Checking[0m core-graphics v0.24.0
2026-10-08T02:29:57.4958330Z [1m[92m   Compiling[0m scroll_derive v0.12.1
2026-10-08T02:29:58.0811960Z [1m[92m    Checking[0m similar v2.7.0
2026-10-08T02:29:58.2948950Z [1m[92m    Checking[0m borrow-or-share v0.2.4
2026-10-08T02:29:58.3354990Z [1m[92m   Compiling[0m heck v0.4.1
2026-10-08T02:30:02.0461140Z [1m[92m    Checking[0m fluent-uri v0.4.1
2026-10-08T02:30:02.3673360Z [1m[92m    Checking[0m edit_prediction_metrics v0.1.0 (/Users/runner/work/koda/koda/crates/edit_prediction_metrics)
2026-10-08T02:30:02.7192080Z [1m[92m    Checking[0m scroll v0.12.0
2026-10-08T02:30:02.8476000Z [1m[92m    Checking[0m language_models v0.1.0 (/Users/runner/work/koda/koda/crates/language_models)
2026-10-08T02:30:04.8319930Z [1m[92m    Checking[0m libwebrtc v0.3.26 (https://github.com/zed-industries/livekit-rust-sdks?rev=0a1c519cfce9b365229026b55de9b9dbdb6fed3c#0a1c519c)
2026-10-08T02:30:05.3686760Z [1m[92m    Checking[0m objc2 v0.5.2
2026-10-08T02:30:05.8565250Z [1m[92m    Checking[0m audio v0.1.0 (/Users/runner/work/koda/koda/crates/audio)
2026-10-08T02:30:06.2230410Z [1m[92m    Checking[0m coreaudio-rs v0.12.1
2026-10-08T02:30:06.4304620Z [1m[92m    Checking[0m agent_servers v0.1.0 (/Users/runner/work/koda/koda/crates/agent_servers)
2026-10-08T02:30:07.2145710Z [1m[92m    Checking[0m fraction v0.16.0
2026-10-08T02:30:07.4684250Z [1m[92m    Checking[0m shell_command_parser v0.1.0 (/Users/runner/work/koda/koda/crates/shell_command_parser)
2026-10-08T02:30:07.4810690Z [1m[92m    Checking[0m serde_yaml v0.9.34+deprecated
2026-10-08T02:30:07.5871790Z [1m[92m    Checking[0m terminal_view v0.1.0 (/Users/runner/work/koda/koda/crates/terminal_view)
2026-10-08T02:30:07.9854080Z [1m[92m    Checking[0m edit_prediction_context v0.1.0 (/Users/runner/work/koda/koda/crates/edit_prediction_context)
2026-10-08T02:30:08.4707700Z [1m[92m    Checking[0m streaming_diff v0.1.0 (/Users/runner/work/koda/koda/crates/streaming_diff)
2026-10-08T02:30:08.5275630Z [1m[92m    Checking[0m toml_parser v1.0.4
2026-10-08T02:30:08.5780470Z [1m[92m    Checking[0m nanoid v0.4.0
2026-10-08T02:30:08.6253450Z [1m[92m   Compiling[0m tree-sitter-rust v0.24.2
2026-10-08T02:30:08.7444170Z [1m[92m    Checking[0m serde_spanned v1.0.3
2026-10-08T02:30:08.8006220Z [1m[92m    Checking[0m toml_datetime v0.7.3
2026-10-08T02:30:08.8063800Z [1m[92m   Compiling[0m windows_resources v0.1.0 (/Users/runner/work/koda/koda/crates/windows_resources)
2026-10-08T02:30:08.8446170Z [1m[92m    Checking[0m micromap v0.3.0
2026-10-08T02:30:08.9086600Z [1m[92m    Checking[0m bytecount v0.6.9
2026-10-08T02:30:08.9932560Z [1m[92m    Checking[0m fastrand v1.9.0
2026-10-08T02:30:08.9934880Z [1m[92m    Checking[0m toml_writer v1.0.4
2026-10-08T02:30:09.0798220Z [1m[92m    Checking[0m num-cmp v0.1.0
2026-10-08T02:30:09.0865800Z [1m[92m    Checking[0m toml v0.9.8
2026-10-08T02:30:09.2175740Z [1m[92m    Checking[0m jsonschema-value v0.51.0
2026-10-08T02:30:09.3173190Z [1m[92m    Checking[0m futures-lite v1.13.0
2026-10-08T02:30:09.4702040Z [1m[92m    Checking[0m referencing v0.51.0
2026-10-08T02:30:09.7763560Z [1m[92m    Checking[0m livekit_client v0.1.0 (/Users/runner/work/koda/koda/crates/livekit_client)
2026-10-08T02:30:10.2613380Z [1m[92m    Checking[0m agent v0.1.0 (/Users/runner/work/koda/koda/crates/agent)
2026-10-08T02:30:10.6120320Z [1m[92m    Checking[0m edit_prediction v0.1.0 (/Users/runner/work/koda/koda/crates/edit_prediction)
2026-10-08T02:30:11.8719460Z [1m[92m    Checking[0m dev_container v0.1.0 (/Users/runner/work/koda/koda/crates/dev_container)
2026-10-08T02:30:13.7463150Z [1m[92m    Checking[0m objc2-foundation v0.2.2
2026-10-08T02:30:14.3301230Z [1m[92m   Compiling[0m gpui_apple v0.1.0 (/Users/runner/work/koda/koda/crates/gpui_apple)
2026-10-08T02:30:14.9730700Z [1m[92m    Checking[0m uuid-simd v0.8.0
2026-10-08T02:30:15.0744570Z [1m[92m    Checking[0m crash-context v0.8.0
2026-10-08T02:30:15.1355040Z [1m[92m    Checking[0m jupyter-protocol v1.4.0
2026-10-08T02:30:15.1713680Z [1m[92m    Checking[0m cocoa-foundation v0.2.0
2026-10-08T02:30:15.5773240Z [1m[92m    Checking[0m debugid v0.8.0
2026-10-08T02:30:15.6441670Z [1m[92m    Checking[0m jsonschema-regex v0.51.0
2026-10-08T02:30:15.7310360Z [1m[92m    Checking[0m range-map v0.2.0
2026-10-08T02:30:15.8368820Z [1m[92m   Compiling[0m tree-sitter-python v0.25.0
2026-10-08T02:30:16.0017040Z [1m[92m   Compiling[0m tree-sitter-gowork v0.0.1 (https://github.com/zed-industries/tree-sitter-go-work?rev=acb0617bf7f4fda02c6217676cc64acb89536dc7#acb0617b)
2026-10-08T02:30:16.1494560Z [1m[92m   Compiling[0m tree-sitter-typescript v0.23.2 (https://github.com/zed-industries/tree-sitter-typescript?rev=e2c53597d6a5d9cf7bbe8dccde576fe1e46c5899#e2c53597)
2026-10-08T02:30:16.1670280Z [1m[92m   Compiling[0m tree-sitter-yaml v0.6.1 (https://github.com/zed-industries/tree-sitter-yaml?rev=baff0b51c64ef6a1fb1f8390f3ad6015b83ec13a#baff0b51)
2026-10-08T02:30:16.3505870Z [1m[92m   Compiling[0m tree-sitter-c v0.24.1
2026-10-08T02:30:16.3567290Z [1m[92m   Compiling[0m tree-sitter-diff v0.1.0
2026-10-08T02:30:16.5453560Z [1m[92m   Compiling[0m tree-sitter-cpp v0.23.4 (https://github.com/tree-sitter/tree-sitter-cpp?rev=5cb9b693cfd7bfacab1d9ff4acac1a4150700609#5cb9b693)
2026-10-08T02:30:16.5533650Z [1m[92m   Compiling[0m tree-sitter-gitcommit v0.0.1 (https://github.com/zed-industries/tree-sitter-git-commit?rev=88309716a69dd13ab83443721ba6e0b491d37ee9#88309716)
2026-10-08T02:30:16.7484860Z [1m[92m   Compiling[0m tree-sitter-css v0.23.2
2026-10-08T02:30:16.7595960Z [1m[92m   Compiling[0m tree-sitter-go v0.25.0
2026-10-08T02:30:16.9237060Z [1m[92m   Compiling[0m tree-sitter-bash v0.25.1
2026-10-08T02:30:16.9307210Z [1m[92m   Compiling[0m tree-sitter-jsdoc v0.23.2
2026-10-08T02:30:17.0930280Z [1m[92m   Compiling[0m tree-sitter-md v0.3.2 (https://github.com/zed-industries/tree-sitter-markdown?rev=b596e737286780d7bfa9fcddceaeeb754574b352#b596e737)
2026-10-08T02:30:17.0997050Z [1m[92m   Compiling[0m tree-sitter-regex v0.24.3
2026-10-08T02:30:17.2683800Z [1m[92m   Compiling[0m tree-sitter-gomod v1.1.1 (https://github.com/camdencheek/tree-sitter-go-mod?rev=2e886870578eeba1927a2dc4bd2e2b3f598c5f9a#2e886870)
2026-10-08T02:30:17.2750580Z [1m[92m    Checking[0m email_address v0.2.9
2026-10-08T02:30:17.3494730Z [1m[92m   Compiling[0m smart-default v0.7.1
2026-10-08T02:30:17.4286550Z [1m[92m   Compiling[0m num-derive v0.4.2
2026-10-08T02:30:17.7350480Z [1m[92m   Compiling[0m minidump-writer v0.13.0
2026-10-08T02:30:17.9229560Z [1m[92m    Checking[0m plain v0.2.3
2026-10-08T02:30:17.9738870Z [1m[92m   Compiling[0m zed-font-kit v0.14.1-zed (https://github.com/zed-industries/font-kit?rev=94b0f28166665e8fd2f53ff6d268a14955c82269#94b0f281)
2026-10-08T02:30:18.0999030Z [1m[92m    Checking[0m saa v5.4.9
2026-10-08T02:30:18.1568910Z [1m[92m    Checking[0m sdd v4.6.2
2026-10-08T02:30:18.3027300Z [1m[92m    Checking[0m minidump-common v0.26.1
2026-10-08T02:30:18.3618570Z [1m[92m    Checking[0m scc v3.5.6
2026-10-08T02:30:19.0614190Z [1m[92m    Checking[0m goblin v0.9.3
2026-10-08T02:30:20.5972040Z [1m[92m    Checking[0m jsonschema v0.51.0
2026-10-08T02:30:27.9311830Z [1m[92m    Checking[0m cocoa v0.26.0
2026-10-08T02:30:29.1432870Z [1m[92m    Checking[0m objc2-app-kit v0.2.2
2026-10-08T02:30:30.1899580Z [1m[92m    Checking[0m pathfinder_geometry v0.5.1
2026-10-08T02:30:30.2910200Z [1m[92m    Checking[0m recent_projects v0.1.0 (/Users/runner/work/koda/koda/crates/recent_projects)
2026-10-08T02:30:30.4257270Z [1m[92m    Checking[0m call v0.1.0 (/Users/runner/work/koda/koda/crates/call)
2026-10-08T02:30:31.0665500Z [1m[92m    Checking[0m async-dispatcher v0.1.2
2026-10-08T02:30:31.1399340Z [1m[92m    Checking[0m core-text v21.0.0
2026-10-08T02:30:31.2480320Z [1m[92m    Checking[0m command_palette v0.1.0 (/Users/runner/work/koda/koda/crates/command_palette)
2026-10-08T02:30:31.3997500Z [1m[92m    Checking[0m objc2-core-location v0.3.2
2026-10-08T02:30:31.4820550Z [1m[92m    Checking[0m objc2-core-media v0.3.2
2026-10-08T02:30:31.6056340Z [1m[92m    Checking[0m accesskit_consumer v0.38.0
2026-10-08T02:30:31.7765170Z [1m[92m    Checking[0m objc2-core-graphics v0.3.2
2026-10-08T02:30:31.8528450Z [1m[92m    Checking[0m asynchronous-codec v0.7.0
2026-10-08T02:30:31.9532530Z [1m[92m    Checking[0m error-graph v0.1.1
2026-10-08T02:30:31.9536980Z [1m[92m   Compiling[0m pet v0.1.0 (https://github.com/zed-industries/python-environment-tools.git?rev=5aad7164bfc2a58977b103c8ef8fdd7302ed2e9f#5aad7164)
2026-10-08T02:30:32.0175030Z [1m[92m    Checking[0m float-ord v0.3.2
2026-10-08T02:30:32.0599860Z [1m[92m    Checking[0m failspot v0.2.0
2026-10-08T02:30:32.0970480Z [1m[92m    Checking[0m human_bytes v0.4.3
2026-10-08T02:30:32.1335020Z [1m[92m    Checking[0m system_specs v0.1.0 (/Users/runner/work/koda/koda/crates/system_specs)
2026-10-08T02:30:32.3552560Z [1m[92m    Checking[0m zeromq v0.5.0
2026-10-08T02:30:32.5431720Z [1m[92m    Checking[0m objc2-screen-capture-kit v0.3.2
2026-10-08T02:30:32.7211940Z [1m[92m    Checking[0m accesskit_macos v0.26.3
2026-10-08T02:30:32.9790780Z [1m[92m    Checking[0m objc2-user-notifications v0.3.2
2026-10-08T02:30:33.5588520Z [1m[92m    Checking[0m agent_ui v0.1.0 (/Users/runner/work/koda/koda/crates/agent_ui)
2026-10-08T02:30:33.6986290Z [1m[92m    Checking[0m codestral v0.1.0 (/Users/runner/work/koda/koda/crates/codestral)
2026-10-08T02:30:34.0718780Z [1m[92m    Checking[0m pet-hatch v0.1.0 (https://github.com/zed-industries/python-environment-tools.git?rev=5aad7164bfc2a58977b103c8ef8fdd7302ed2e9f#5aad7164)
2026-10-08T02:30:34.2060370Z [1m[92m    Checking[0m pet-uv v0.1.0 (https://github.com/zed-industries/python-environment-tools.git?rev=5aad7164bfc2a58977b103c8ef8fdd7302ed2e9f#5aad7164)
2026-10-08T02:30:34.3256220Z [1m[92m   Compiling[0m cli v0.1.0 (/Users/runner/work/koda/koda/crates/cli)
2026-10-08T02:30:34.5447190Z [1m[92m    Checking[0m pet-global-virtualenvs v0.1.0 (https://github.com/zed-industries/python-environment-tools.git?rev=5aad7164bfc2a58977b103c8ef8fdd7302ed2e9f#5aad7164)
2026-10-08T02:30:34.6122360Z [1m[92m    Checking[0m pet-pyenv v0.1.0 (https://github.com/zed-industries/python-environment-tools.git?rev=5aad7164bfc2a58977b103c8ef8fdd7302ed2e9f#5aad7164)
2026-10-08T02:30:34.7053320Z [1m[92m    Checking[0m pet-pixi v0.1.0 (https://github.com/zed-industries/python-environment-tools.git?rev=5aad7164bfc2a58977b103c8ef8fdd7302ed2e9f#5aad7164)
2026-10-08T02:30:34.7582430Z [1m[92m    Checking[0m pet-homebrew v0.1.0 (https://github.com/zed-industries/python-environment-tools.git?rev=5aad7164bfc2a58977b103c8ef8fdd7302ed2e9f#5aad7164)
2026-10-08T02:30:34.8520010Z [1m[92m    Checking[0m pet-env-var-path v0.1.0 (https://github.com/zed-industries/python-environment-tools.git?rev=5aad7164bfc2a58977b103c8ef8fdd7302ed2e9f#5aad7164)
2026-10-08T02:30:34.8963120Z [1m[92m    Checking[0m pet-poetry v0.1.0 (https://github.com/zed-industries/python-environment-tools.git?rev=5aad7164bfc2a58977b103c8ef8fdd7302ed2e9f#5aad7164)
2026-10-08T02:30:35.0646430Z [1m[92m    Checking[0m pet-linux-global-python v0.1.0 (https://github.com/zed-industries/python-environment-tools.git?rev=5aad7164bfc2a58977b103c8ef8fdd7302ed2e9f#5aad7164)
2026-10-08T02:30:35.1313860Z [1m[92m    Checking[0m pet-mac-xcode v0.1.0 (https://github.com/zed-industries/python-environment-tools.git?rev=5aad7164bfc2a58977b103c8ef8fdd7302ed2e9f#5aad7164)
2026-10-08T02:30:35.1948160Z [1m[92m    Checking[0m pet-mac-commandlinetools v0.1.0 (https://github.com/zed-industries/python-environment-tools.git?rev=5aad7164bfc2a58977b103c8ef8fdd7302ed2e9f#5aad7164)
2026-10-08T02:30:35.2617510Z [1m[92m    Checking[0m pet-pipenv v0.1.0 (https://github.com/zed-industries/python-environment-tools.git?rev=5aad7164bfc2a58977b103c8ef8fdd7302ed2e9f#5aad7164)
2026-10-08T02:30:35.3636210Z [1m[92m    Checking[0m pet-mac-python-org v0.1.0 (https://github.com/zed-industries/python-environment-tools.git?rev=5aad7164bfc2a58977b103c8ef8fdd7302ed2e9f#5aad7164)
2026-10-08T02:30:35.4187610Z [1m[92m    Checking[0m pet-virtualenvwrapper v0.1.0 (https://github.com/zed-industries/python-environment-tools.git?rev=5aad7164bfc2a58977b103c8ef8fdd7302ed2e9f#5aad7164)
2026-10-08T02:30:35.4759350Z [1m[92m    Checking[0m pet-venv v0.1.0 (https://github.com/zed-industries/python-environment-tools.git?rev=5aad7164bfc2a58977b103c8ef8fdd7302ed2e9f#5aad7164)
2026-10-08T02:30:35.5242110Z [1m[92m    Checking[0m markdown_preview v0.1.0 (/Users/runner/work/koda/koda/crates/markdown_preview)
2026-10-08T02:30:36.0365130Z [1m[92m    Checking[0m android_ui v0.1.0 (/Users/runner/work/koda/koda/crates/android_ui)
2026-10-08T02:30:37.9179230Z [1m[92m    Checking[0m json_schema_store v0.1.0 (/Users/runner/work/koda/koda/crates/json_schema_store)
2026-10-08T02:30:38.2396970Z [1m[92m    Checking[0m pet-telemetry v0.1.0 (https://github.com/zed-industries/python-environment-tools.git?rev=5aad7164bfc2a58977b103c8ef8fdd7302ed2e9f#5aad7164)
2026-10-08T02:30:38.2922980Z [1m[92m    Checking[0m clap_complete v4.5.59
2026-10-08T02:30:38.6035740Z [1m[92m    Checking[0m console v0.16.3
2026-10-08T02:30:38.8441500Z [1m[92m    Checking[0m objc2-app-kit v0.3.2
2026-10-08T02:30:39.9169550Z [1m[92m    Checking[0m env_filter v0.1.4
2026-10-08T02:30:39.9888150Z [1m[92m    Checking[0m jiff v0.2.15
2026-10-08T02:30:40.5712330Z [1m[92m    Checking[0m sys-locale v0.3.2
2026-10-08T02:30:40.6202170Z [1m[92m    Checking[0m time_format v0.1.0 (/Users/runner/work/koda/koda/crates/time_format)
2026-10-08T02:30:40.6913880Z [1m[92m    Checking[0m gpui_macos v0.1.0 (/Users/runner/work/koda/koda/crates/gpui_macos)
2026-10-08T02:30:41.7909400Z [1m[92m    Checking[0m env_logger v0.11.8
2026-10-08T02:30:41.9059200Z [1m[92m    Checking[0m dialoguer v0.12.0
2026-10-08T02:30:42.0622440Z [1m[92m    Checking[0m clap_complete_nushell v4.6.0
2026-10-08T02:30:42.2555980Z [1m[92m    Checking[0m title_bar v0.1.0 (/Users/runner/work/koda/koda/crates/title_bar)
2026-10-08T02:30:42.4117800Z [1m[92m    Checking[0m edit_prediction_ui v0.1.0 (/Users/runner/work/koda/koda/crates/edit_prediction_ui)
2026-10-08T02:30:42.8727550Z [1m[92m    Checking[0m grammars v0.1.0 (/Users/runner/work/koda/koda/crates/grammars)
2026-10-08T02:30:42.9577990Z [1m[92m    Checking[0m runtimelib v1.4.0
2026-10-08T02:30:43.0633430Z [1m[92m    Checking[0m minidumper v0.11.0
2026-10-08T02:30:43.1808430Z [1m[92m    Checking[0m nbformat v1.2.0
2026-10-08T02:30:43.2284180Z [1m[92m    Checking[0m jupyter-websocket-client v1.1.0
2026-10-08T02:30:43.4509150Z [1m[92m    Checking[0m crash-handler v0.8.0
2026-10-08T02:30:43.5299400Z [1m[92m   Compiling[0m zed v1.23.0 (/Users/runner/work/koda/koda/crates/zed)
2026-10-08T02:30:43.6433770Z [1m[92m    Checking[0m ipc-channel v0.19.0
2026-10-08T02:30:43.7478860Z [1m[92m    Checking[0m outline v0.1.0 (/Users/runner/work/koda/koda/crates/outline)
2026-10-08T02:30:43.9934740Z [1m[92m    Checking[0m debugger_tools v0.1.0 (/Users/runner/work/koda/koda/crates/debugger_tools)
2026-10-08T02:30:44.1641880Z [1m[92m    Checking[0m tasks_ui v0.1.0 (/Users/runner/work/koda/koda/crates/tasks_ui)
2026-10-08T02:30:44.3458470Z [1m[92m    Checking[0m plist v1.10.0
2026-10-08T02:30:44.5195880Z [1m[92m    Checking[0m extension_suggest v0.1.0 (/Users/runner/work/koda/koda/crates/extension_suggest)
2026-10-08T02:30:44.5765590Z [1m[92m    Checking[0m core-services v1.0.0
2026-10-08T02:30:44.6263040Z [1m[92m    Checking[0m parse_int v0.9.0
2026-10-08T02:30:44.6749730Z [1m[92m    Checking[0m dotenvy v0.15.7
2026-10-08T02:30:44.7629210Z [1m[92m    Checking[0m dap_adapters v0.1.0 (/Users/runner/work/koda/koda/crates/dap_adapters)
2026-10-08T02:30:44.8781940Z [1m[92m    Checking[0m debugger_ui v0.1.0 (/Users/runner/work/koda/koda/crates/debugger_ui)
2026-10-08T02:30:45.4352460Z [1m[92m    Checking[0m extensions_ui v0.1.0 (/Users/runner/work/koda/koda/crates/extensions_ui)
2026-10-08T02:30:46.0715610Z [1m[92m    Checking[0m outline_panel v0.1.0 (/Users/runner/work/koda/koda/crates/outline_panel)
2026-10-08T02:30:46.6865330Z [1m[92m    Checking[0m repl v0.1.0 (/Users/runner/work/koda/koda/crates/repl)
2026-10-08T02:30:46.9620120Z [1m[92m    Checking[0m crashes v0.1.0 (/Users/runner/work/koda/koda/crates/crashes)
2026-10-08T02:30:47.1842430Z [1m[92m    Checking[0m settings_ui v0.1.0 (/Users/runner/work/koda/koda/crates/settings_ui)
2026-10-08T02:30:48.0797130Z [1m[92m    Checking[0m languages v0.1.0 (/Users/runner/work/koda/koda/crates/languages)
2026-10-08T02:30:49.3814670Z [1m[92m    Checking[0m collab_ui v0.1.0 (/Users/runner/work/koda/koda/crates/collab_ui)
2026-10-08T02:30:50.2989460Z [1m[92m    Checking[0m reqwest_client v0.1.0 (/Users/runner/work/koda/koda/crates/reqwest_client)
2026-10-08T02:30:50.3841160Z [1m[92m    Checking[0m vim v0.1.0 (/Users/runner/work/koda/koda/crates/vim)
2026-10-08T02:30:50.4579110Z [1m[92m    Checking[0m gpui_platform v0.1.0 (/Users/runner/work/koda/koda/crates/gpui_platform)
2026-10-08T02:30:50.5507770Z [1m[92m    Checking[0m git_ui v0.1.0 (/Users/runner/work/koda/koda/crates/git_ui)
2026-10-08T02:30:53.5812000Z [1m[92m    Checking[0m acp_tools v0.1.0 (/Users/runner/work/koda/koda/crates/acp_tools)
2026-10-08T02:30:53.6123840Z [1m[92m    Checking[0m sidebar v0.1.0 (/Users/runner/work/koda/koda/crates/sidebar)
2026-10-08T02:30:54.1613720Z [1m[92m    Checking[0m keymap_editor v0.1.0 (/Users/runner/work/koda/koda/crates/keymap_editor)
2026-10-08T02:30:54.8396310Z [1m[92m    Checking[0m auto_update_ui v0.1.0 (/Users/runner/work/koda/koda/crates/auto_update_ui)
2026-10-08T02:30:54.9323230Z [1m[92m    Checking[0m project_panel v0.1.0 (/Users/runner/work/koda/koda/crates/project_panel)
2026-10-08T02:30:55.1858300Z [1m[92m    Checking[0m feedback v0.1.0 (/Users/runner/work/koda/koda/crates/feedback)
2026-10-08T02:30:55.4283250Z [1m[92m    Checking[0m which_key v0.1.0 (/Users/runner/work/koda/koda/crates/which_key)
2026-10-08T02:30:55.7594540Z [1m[92m    Checking[0m language_tools v0.1.0 (/Users/runner/work/koda/koda/crates/language_tools)
2026-10-08T02:30:56.2678800Z [1m[92m    Checking[0m web_search_providers v0.1.0 (/Users/runner/work/koda/koda/crates/web_search_providers)
2026-10-08T02:30:56.4406980Z [1m[92m    Checking[0m file_finder v0.1.0 (/Users/runner/work/koda/koda/crates/file_finder)
2026-10-08T02:30:56.5015280Z [1m[92m    Checking[0m toolchain_selector v0.1.0 (/Users/runner/work/koda/koda/crates/toolchain_selector)
2026-10-08T02:30:56.9621840Z [1m[92m    Checking[0m snippets_ui v0.1.0 (/Users/runner/work/koda/koda/crates/snippets_ui)
2026-10-08T02:30:56.9802270Z [1m[92m    Checking[0m language_selector v0.1.0 (/Users/runner/work/koda/koda/crates/language_selector)
2026-10-08T02:30:57.3705790Z [1m[92m    Checking[0m activity_indicator v0.1.0 (/Users/runner/work/koda/koda/crates/activity_indicator)
2026-10-08T02:30:57.4130930Z [1m[92m    Checking[0m onboarding v0.1.0 (/Users/runner/work/koda/koda/crates/onboarding)
2026-10-08T02:30:57.8633990Z [1m[92m    Checking[0m component_preview v0.1.0 (/Users/runner/work/koda/koda/crates/component_preview)
2026-10-08T02:30:58.0590540Z [1m[92m    Checking[0m project_symbols v0.1.0 (/Users/runner/work/koda/koda/crates/project_symbols)
2026-10-08T02:30:58.2031870Z [1m[92m    Checking[0m lsp_locations v0.1.0 (/Users/runner/work/koda/koda/crates/lsp_locations)
2026-10-08T02:30:58.2860320Z [1m[92m    Checking[0m tabular_data_preview v0.1.0 (/Users/runner/work/koda/koda/crates/tabular_data_preview)
2026-10-08T02:30:58.5404160Z [1m[92m    Checking[0m tab_switcher v0.1.0 (/Users/runner/work/koda/koda/crates/tab_switcher)
2026-10-08T02:30:58.7705240Z [1m[92m    Checking[0m diagnostics v0.1.0 (/Users/runner/work/koda/koda/crates/diagnostics)
2026-10-08T02:30:58.8844170Z [1m[92m    Checking[0m lsp_command_selector v0.1.0 (/Users/runner/work/koda/koda/crates/lsp_command_selector)
2026-10-08T02:30:59.2097720Z [1m[92m    Checking[0m inspector_ui v0.1.0 (/Users/runner/work/koda/koda/crates/inspector_ui)
2026-10-08T02:30:59.2873730Z [1m[92m    Checking[0m language_onboarding v0.1.0 (/Users/runner/work/koda/koda/crates/language_onboarding)
2026-10-08T02:30:59.4339450Z [1m[92m    Checking[0m go_to_line v0.1.0 (/Users/runner/work/koda/koda/crates/go_to_line)
2026-10-08T02:30:59.5188770Z [1m[92m    Checking[0m image_viewer v0.1.0 (/Users/runner/work/koda/koda/crates/image_viewer)
2026-10-08T02:30:59.7707940Z [1m[92m    Checking[0m journal v0.1.0 (/Users/runner/work/koda/koda/crates/journal)
2026-10-08T02:30:59.9092790Z [1m[92m    Checking[0m line_ending_selector v0.1.0 (/Users/runner/work/koda/koda/crates/line_ending_selector)
2026-10-08T02:31:00.0683770Z [1m[92m    Checking[0m encoding_selector v0.1.0 (/Users/runner/work/koda/koda/crates/encoding_selector)
2026-10-08T02:31:00.1670300Z [1m[92m    Checking[0m call_hierarchy v0.1.0 (/Users/runner/work/koda/koda/crates/call_hierarchy)
2026-10-08T02:31:00.3361270Z [1m[92m    Checking[0m miniprofiler_ui v0.1.0 (/Users/runner/work/koda/koda/crates/miniprofiler_ui)
2026-10-08T02:31:00.5896520Z [1m[92m    Checking[0m theme_selector v0.1.0 (/Users/runner/work/koda/koda/crates/theme_selector)
2026-10-08T02:31:00.6705330Z [1m[92m    Checking[0m settings_profile_selector v0.1.0 (/Users/runner/work/koda/koda/crates/settings_profile_selector)
2026-10-08T02:31:00.8620520Z [1m[92m    Checking[0m install_cli v0.1.0 (/Users/runner/work/koda/koda/crates/install_cli)
2026-10-08T02:31:00.8750310Z [1m[92m    Checking[0m ui_prompt v0.1.0 (/Users/runner/work/koda/koda/crates/ui_prompt)
2026-10-08T02:31:01.1548900Z [1m[92m    Checking[0m svg_preview v0.1.0 (/Users/runner/work/koda/koda/crates/svg_preview)
2026-10-08T02:31:01.2400410Z [1m[92m    Checking[0m language_extension v0.1.0 (/Users/runner/work/koda/koda/crates/language_extension)
2026-10-08T02:31:01.5393510Z [1m[92m    Checking[0m theme_extension v0.1.0 (/Users/runner/work/koda/koda/crates/theme_extension)
2026-10-08T02:31:01.5947380Z [1m[92m    Checking[0m debug_adapter_extension v0.1.0 (/Users/runner/work/koda/koda/crates/debug_adapter_extension)
2026-10-08T02:31:01.7065710Z [1m[92m    Checking[0m zlog_settings v0.1.0 (/Users/runner/work/koda/koda/crates/zlog_settings)
2026-10-08T02:31:01.7939580Z [1m[92m    Checking[0m input_latency_ui v0.1.0 (/Users/runner/work/koda/koda/crates/input_latency_ui)
2026-10-08T02:31:01.8519470Z [1m[92m    Checking[0m hang_telemetry v0.1.0 (/Users/runner/work/koda/koda/crates/hang_telemetry)
2026-10-08T02:31:03.8632900Z [1m[92m    Finished[0m `dev` profile [unoptimized] target(s) in 13m 07s
2026-10-08T02:31:03.8760480Z [1m[33mwarning[0m: the following packages contain code that will be rejected by a future version of Rust: block v0.1.6
2026-10-08T02:31:03.8762720Z [1m[92mnote[0m: to see what the problems were, use the option `--future-incompat-report`, or run `cargo report future-incompatibilities --id 1`
2026-10-08T02:31:04.5078860Z macOS app check: 788.4s (exit 0)
2026-10-08T02:31:04.5783510Z Post job cleanup.
2026-10-08T02:31:04.9656190Z [command]/opt/homebrew/bin/git version
2026-10-08T02:31:04.9753810Z git version 2.55.0
2026-10-08T02:31:04.9780110Z Copying '/Users/runner/.gitconfig' to '/Users/runner/work/_temp/944fd488-f3a1-4874-86f2-82ad5486281e/.gitconfig'
2026-10-08T02:31:04.9788510Z Temporarily overriding HOME='/Users/runner/work/_temp/944fd488-f3a1-4874-86f2-82ad5486281e' before making global git config changes
2026-10-08T02:31:04.9789610Z Adding repository directory to the temporary git global config as a safe directory
2026-10-08T02:31:04.9794230Z [command]/opt/homebrew/bin/git config --global --add safe.directory /Users/runner/work/koda/koda
2026-10-08T02:31:04.9893690Z [command]/opt/homebrew/bin/git config --local --name-only --get-regexp core\.sshCommand
2026-10-08T02:31:04.9968830Z [command]/opt/homebrew/bin/git submodule foreach --recursive sh -c "git config --local --name-only --get-regexp 'core\.sshCommand' && git config --local --unset-all 'core.sshCommand' || :"
2026-10-08T02:31:05.1156960Z [command]/opt/homebrew/bin/git config --local --name-only --get-regexp http\.https\:\/\/github\.com\/\.extraheader
2026-10-08T02:31:05.1251560Z [command]/opt/homebrew/bin/git submodule foreach --recursive sh -c "git config --local --name-only --get-regexp 'http\.https\:\/\/github\.com\/\.extraheader' && git config --local --unset-all 'http.https://github.com/.extraheader' || :"
2026-10-08T02:31:05.2289460Z [command]/opt/homebrew/bin/git config --local --name-only --get-regexp ^includeIf\.gitdir:
2026-10-08T02:31:05.2363530Z [command]/opt/homebrew/bin/git submodule foreach --recursive git config --local --show-origin --name-only --get-regexp remote.origin.url
2026-10-08T02:31:05.3569320Z Cleaning up orphan processes
2026-10-08T02:31:07.7365880Z ##[warning]Node.js 20 is deprecated. The following actions target Node.js 20 but are being forced to run on Node.js 24: actions/cache/restore@0057852bfaa89a56745cba8c7296529d2fc39830. For more information see: https://github.blog/changelog/2025-09-19-deprecation-of-node-20-on-github-actions-runners/
