2026-10-07T20:41:03.9304236Z Current runner version: '2.337.0'
2026-10-07T20:41:03.9329725Z ##[group]Runner Image Provisioner
2026-10-07T20:41:03.9330648Z Hosted Compute Agent
2026-10-07T20:41:03.9331243Z Version: 20260901.588
2026-10-07T20:41:03.9331942Z Commit: f88ec8081b781fac6c440065ac7ff9e710ce3d0b
2026-10-07T20:41:03.9332690Z Build Date: 2026-09-01T19:56:44Z
2026-10-07T20:41:03.9333750Z Worker ID: {1fcdb450-20e7-401f-95ce-2299c07ca65a}
2026-10-07T20:41:03.9334622Z Azure Region: eastus
2026-10-07T20:41:03.9335201Z ##[endgroup]
2026-10-07T20:41:03.9336767Z ##[group]Operating System
2026-10-07T20:41:03.9337450Z Ubuntu
2026-10-07T20:41:03.9337957Z 24.04.5
2026-10-07T20:41:03.9338531Z LTS
2026-10-07T20:41:03.9339041Z ##[endgroup]
2026-10-07T20:41:03.9339621Z ##[group]Runner Image
2026-10-07T20:41:03.9340242Z Image: ubuntu-24.04
2026-10-07T20:41:03.9340837Z Version: 20260927.320.1
2026-10-07T20:41:03.9342159Z Included Software: https://github.com/actions/runner-images/blob/ubuntu24/20260927.320/images/ubuntu/Ubuntu2404-Readme.md
2026-10-07T20:41:03.9344032Z Image Release: https://github.com/actions/runner-images/releases/tag/ubuntu24%2F20260927.320
2026-10-07T20:41:03.9345121Z ##[endgroup]
2026-10-07T20:41:03.9346287Z ##[group]GITHUB_TOKEN Permissions
2026-10-07T20:41:03.9348689Z Contents: read
2026-10-07T20:41:03.9349311Z Metadata: read
2026-10-07T20:41:03.9349982Z ##[endgroup]
2026-10-07T20:41:03.9352106Z Secret source: Actions
2026-10-07T20:41:03.9353599Z Cache mode: write
2026-10-07T20:41:03.9354480Z Prepare workflow directory
2026-10-07T20:41:03.9947497Z Prepare all required actions
2026-10-07T20:41:03.9997263Z Getting action download info
2026-10-07T20:41:04.2463491Z Download action repository 'actions/checkout@93cb6efe18208431cddfb8368fd83d5badbf9bfd' (SHA:93cb6efe18208431cddfb8368fd83d5badbf9bfd)
2026-10-07T20:41:04.3881754Z Download action repository 'actions/cache@0057852bfaa89a56745cba8c7296529d2fc39830' (SHA:0057852bfaa89a56745cba8c7296529d2fc39830)
2026-10-07T20:41:04.4878187Z Download action repository 'actions/setup-node@48b55a011bda9f5d6aeb4c2d9c7362e8dae4041e' (SHA:48b55a011bda9f5d6aeb4c2d9c7362e8dae4041e)
2026-10-07T20:41:04.5725806Z Download action repository 'taiki-e/install-action@a6b2e2dcd845ddd7f509ce4f3ed3d922b80cc5d9' (SHA:a6b2e2dcd845ddd7f509ce4f3ed3d922b80cc5d9)
2026-10-07T20:41:04.8782449Z Complete job name: Linux build and workspace tests
2026-10-07T20:41:04.9400153Z ##[group]Checking docker version
2026-10-07T20:41:04.9413610Z ##[command]/usr/bin/docker version --format '{{.Server.APIVersion}}'
2026-10-07T20:41:05.0571822Z '1.48'
2026-10-07T20:41:05.0581982Z Docker daemon API version: '1.48'
2026-10-07T20:41:05.0582764Z ##[command]/usr/bin/docker version --format '{{.Client.APIVersion}}'
2026-10-07T20:41:05.0773995Z '1.48'
2026-10-07T20:41:05.0788743Z Docker client API version: '1.48'
2026-10-07T20:41:05.0795458Z ##[endgroup]
2026-10-07T20:41:05.0798895Z ##[group]Clean up resources from previous jobs
2026-10-07T20:41:05.0804880Z ##[command]/usr/bin/docker ps --all --quiet --no-trunc --filter "label=cf5df2"
2026-10-07T20:41:05.0957734Z ##[command]/usr/bin/docker network prune --force --filter "label=cf5df2"
2026-10-07T20:41:05.1100528Z ##[endgroup]
2026-10-07T20:41:05.1101079Z ##[group]Create local container network
2026-10-07T20:41:05.1112151Z ##[command]/usr/bin/docker network create --label cf5df2 github_network_23d9e89383624954ad0a2a6c85a5521d
2026-10-07T20:41:05.1635803Z a040a024399a201d86b8c68e414cedbe06a52c9b1b100ef2180187d28b13af78
2026-10-07T20:41:05.1655548Z ##[endgroup]
2026-10-07T20:41:05.1681209Z ##[group]Starting postgres service container
2026-10-07T20:41:05.1704346Z ##[command]/usr/bin/docker pull postgres:15@sha256:1b92e7a80c021647bf70f5d3eb66066a998e4f5cf43c07bb9dc9f729782cf88e
2026-10-07T20:41:05.3738253Z docker.io/library/postgres@sha256:1b92e7a80c021647bf70f5d3eb66066a998e4f5cf43c07bb9dc9f729782cf88e: Pulling from library/postgres
2026-10-07T20:41:05.4527750Z 5b4d6ff92fc4: Pulling fs layer
2026-10-07T20:41:05.4528939Z faac557a4014: Pulling fs layer
2026-10-07T20:41:05.4530281Z 23ae1f680f8f: Pulling fs layer
2026-10-07T20:41:05.4532074Z d85a6fe690f8: Pulling fs layer
2026-10-07T20:41:05.4533229Z a1b56273edfa: Pulling fs layer
2026-10-07T20:41:05.4534655Z 74e78423263b: Pulling fs layer
2026-10-07T20:41:05.4535914Z e64c84d18f15: Pulling fs layer
2026-10-07T20:41:05.4536692Z e15d3b4493f3: Pulling fs layer
2026-10-07T20:41:05.4537503Z 450a0feadfd8: Pulling fs layer
2026-10-07T20:41:05.4538264Z 4f7b5a6f4005: Pulling fs layer
2026-10-07T20:41:05.4539021Z 02dde53e1bfd: Pulling fs layer
2026-10-07T20:41:05.4539774Z ec2378712a6f: Pulling fs layer
2026-10-07T20:41:05.4540639Z 1622e7a6bba6: Pulling fs layer
2026-10-07T20:41:05.4541529Z 3b99619cea16: Pulling fs layer
2026-10-07T20:41:05.4542356Z e15d3b4493f3: Waiting
2026-10-07T20:41:05.4543340Z 450a0feadfd8: Waiting
2026-10-07T20:41:05.4544084Z 4f7b5a6f4005: Waiting
2026-10-07T20:41:05.4544852Z 02dde53e1bfd: Waiting
2026-10-07T20:41:05.4546075Z ec2378712a6f: Waiting
2026-10-07T20:41:05.4547628Z 1622e7a6bba6: Waiting
2026-10-07T20:41:05.4548930Z 3b99619cea16: Waiting
2026-10-07T20:41:05.4550517Z d85a6fe690f8: Waiting
2026-10-07T20:41:05.4551894Z a1b56273edfa: Waiting
2026-10-07T20:41:05.4552850Z 74e78423263b: Waiting
2026-10-07T20:41:05.4901391Z faac557a4014: Verifying Checksum
2026-10-07T20:41:05.4903465Z faac557a4014: Download complete
2026-10-07T20:41:05.5294200Z 23ae1f680f8f: Verifying Checksum
2026-10-07T20:41:05.5301957Z 23ae1f680f8f: Download complete
2026-10-07T20:41:05.5433929Z d85a6fe690f8: Verifying Checksum
2026-10-07T20:41:05.5435857Z d85a6fe690f8: Download complete
2026-10-07T20:41:05.5912875Z 74e78423263b: Verifying Checksum
2026-10-07T20:41:05.5916459Z 74e78423263b: Download complete
2026-10-07T20:41:05.5991047Z a1b56273edfa: Verifying Checksum
2026-10-07T20:41:05.5995242Z a1b56273edfa: Download complete
2026-10-07T20:41:05.6197896Z e64c84d18f15: Download complete
2026-10-07T20:41:05.6292085Z e15d3b4493f3: Verifying Checksum
2026-10-07T20:41:05.6294810Z e15d3b4493f3: Download complete
2026-10-07T20:41:05.6641537Z 5b4d6ff92fc4: Verifying Checksum
2026-10-07T20:41:05.6647659Z 5b4d6ff92fc4: Download complete
2026-10-07T20:41:05.6663581Z 4f7b5a6f4005: Verifying Checksum
2026-10-07T20:41:05.6665724Z 4f7b5a6f4005: Download complete
2026-10-07T20:41:05.6916893Z ec2378712a6f: Verifying Checksum
2026-10-07T20:41:05.6919344Z 02dde53e1bfd: Verifying Checksum
2026-10-07T20:41:05.6921359Z 02dde53e1bfd: Download complete
2026-10-07T20:41:05.6923242Z ec2378712a6f: Download complete
2026-10-07T20:41:05.7219359Z 1622e7a6bba6: Verifying Checksum
2026-10-07T20:41:05.7221111Z 1622e7a6bba6: Download complete
2026-10-07T20:41:05.7267656Z 3b99619cea16: Verifying Checksum
2026-10-07T20:41:06.0639168Z 3b99619cea16: Download complete
2026-10-07T20:41:06.0639869Z 450a0feadfd8: Verifying Checksum
2026-10-07T20:41:06.0640254Z 450a0feadfd8: Download complete
2026-10-07T20:41:06.8325318Z 5b4d6ff92fc4: Pull complete
2026-10-07T20:41:09.7207329Z faac557a4014: Pull complete
2026-10-07T20:41:09.8973644Z 23ae1f680f8f: Pull complete
2026-10-07T20:41:09.9405068Z d85a6fe690f8: Pull complete
2026-10-07T20:41:10.2509726Z a1b56273edfa: Pull complete
2026-10-07T20:41:10.3260822Z 74e78423263b: Pull complete
2026-10-07T20:41:10.3345705Z e64c84d18f15: Pull complete
2026-10-07T20:41:10.3446854Z e15d3b4493f3: Pull complete
2026-10-07T20:41:13.2755062Z 450a0feadfd8: Pull complete
2026-10-07T20:41:13.2902942Z 4f7b5a6f4005: Pull complete
2026-10-07T20:41:13.2990670Z 02dde53e1bfd: Pull complete
2026-10-07T20:41:13.3073716Z ec2378712a6f: Pull complete
2026-10-07T20:41:13.3185246Z 1622e7a6bba6: Pull complete
2026-10-07T20:41:13.3264886Z 3b99619cea16: Pull complete
2026-10-07T20:41:13.3301674Z Digest: sha256:1b92e7a80c021647bf70f5d3eb66066a998e4f5cf43c07bb9dc9f729782cf88e
2026-10-07T20:41:13.3307182Z Status: Downloaded newer image for postgres@sha256:1b92e7a80c021647bf70f5d3eb66066a998e4f5cf43c07bb9dc9f729782cf88e
2026-10-07T20:41:13.3316243Z docker.io/library/postgres:15@sha256:1b92e7a80c021647bf70f5d3eb66066a998e4f5cf43c07bb9dc9f729782cf88e
2026-10-07T20:41:13.3375725Z ##[command]/usr/bin/docker create --name 87972700c480447dafafa189967d9ba3_postgres15sha2561b92e7a80c021647bf70f5d3eb66066a998e4f5cf43c07bb9dc9f729782cf88e_31b1e2 --label cf5df2 --network github_network_23d9e89383624954ad0a2a6c85a5521d --network-alias postgres -p 5432:5432 --health-cmd "pg_isready -U postgres" --health-interval 5s --health-timeout 5s --health-retries 10 -e "POSTGRES_HOST_AUTH_METHOD=trust" -e GITHUB_ACTIONS=true -e CI=true postgres:15@sha256:1b92e7a80c021647bf70f5d3eb66066a998e4f5cf43c07bb9dc9f729782cf88e
2026-10-07T20:41:13.3638074Z 67dd1ac108ac5d9fc090532d86f6150a5dbcdb6826f5222e1ff87679c73f57a3
2026-10-07T20:41:13.3659464Z ##[command]/usr/bin/docker start 67dd1ac108ac5d9fc090532d86f6150a5dbcdb6826f5222e1ff87679c73f57a3
2026-10-07T20:41:13.6183722Z 67dd1ac108ac5d9fc090532d86f6150a5dbcdb6826f5222e1ff87679c73f57a3
2026-10-07T20:41:13.6206547Z ##[command]/usr/bin/docker ps --all --filter id=67dd1ac108ac5d9fc090532d86f6150a5dbcdb6826f5222e1ff87679c73f57a3 --filter status=running --no-trunc --format "{{.ID}} {{.Status}}"
2026-10-07T20:41:13.6357266Z 67dd1ac108ac5d9fc090532d86f6150a5dbcdb6826f5222e1ff87679c73f57a3 Up Less than a second (health: starting)
2026-10-07T20:41:13.6381393Z ##[command]/usr/bin/docker port 67dd1ac108ac5d9fc090532d86f6150a5dbcdb6826f5222e1ff87679c73f57a3
2026-10-07T20:41:13.6535539Z 5432/tcp -> 0.0.0.0:5432
2026-10-07T20:41:13.6536034Z 5432/tcp -> [::]:5432
2026-10-07T20:41:13.6596977Z ##[endgroup]
2026-10-07T20:41:13.6607010Z ##[group]Waiting for all services to be ready
2026-10-07T20:41:13.6623364Z ##[command]/usr/bin/docker inspect --format="{{if .Config.Healthcheck}}{{print .State.Health.Status}}{{end}}" 67dd1ac108ac5d9fc090532d86f6150a5dbcdb6826f5222e1ff87679c73f57a3
2026-10-07T20:41:13.6778877Z starting
2026-10-07T20:41:13.6799506Z postgres service is starting, waiting 2 seconds before checking again.
2026-10-07T20:41:15.6796022Z ##[command]/usr/bin/docker inspect --format="{{if .Config.Healthcheck}}{{print .State.Health.Status}}{{end}}" 67dd1ac108ac5d9fc090532d86f6150a5dbcdb6826f5222e1ff87679c73f57a3
2026-10-07T20:41:15.6923928Z starting
2026-10-07T20:41:15.6940242Z postgres service is starting, waiting 3 seconds before checking again.
2026-10-07T20:41:19.6402396Z ##[command]/usr/bin/docker inspect --format="{{if .Config.Healthcheck}}{{print .State.Health.Status}}{{end}}" 67dd1ac108ac5d9fc090532d86f6150a5dbcdb6826f5222e1ff87679c73f57a3
2026-10-07T20:41:19.6532137Z healthy
2026-10-07T20:41:19.6548205Z postgres service is healthy.
2026-10-07T20:41:19.6548955Z ##[endgroup]
2026-10-07T20:41:19.6830676Z ##[group]Run actions/checkout@93cb6efe18208431cddfb8368fd83d5badbf9bfd
2026-10-07T20:41:19.6831351Z with:
2026-10-07T20:41:19.6831572Z   persist-credentials: false
2026-10-07T20:41:19.6831855Z   ref: ff4569ea3fe17e2a631368f0751910b5df919044
2026-10-07T20:41:19.6832160Z   repository: anilbeesetti/koda
2026-10-07T20:41:19.6834740Z   token: ***
2026-10-07T20:41:19.6834946Z   ssh-strict: true
2026-10-07T20:41:19.6835147Z   ssh-user: git
2026-10-07T20:41:19.6835338Z   clean: true
2026-10-07T20:41:19.6835547Z   sparse-checkout-cone-mode: true
2026-10-07T20:41:19.6835823Z   fetch-depth: 1
2026-10-07T20:41:19.6836015Z   fetch-tags: false
2026-10-07T20:41:19.6836220Z   show-progress: true
2026-10-07T20:41:19.6836424Z   lfs: false
2026-10-07T20:41:19.6836607Z   submodules: false
2026-10-07T20:41:19.6836820Z   set-safe-directory: true
2026-10-07T20:41:19.6837273Z env:
2026-10-07T20:41:19.6837469Z   CARGO_TERM_COLOR: always
2026-10-07T20:41:19.6837693Z   CARGO_INCREMENTAL: 0
2026-10-07T20:41:19.6837943Z   CARGO_PROFILE_DEV_DEBUG: 0
2026-10-07T20:41:19.6838193Z   CARGO_PROFILE_DEV_BUILD_OVERRIDE_DEBUG: 0
2026-10-07T20:41:19.6838465Z   RUST_BACKTRACE: 1
2026-10-07T20:41:19.6838659Z   CC: clang
2026-10-07T20:41:19.6838830Z   CXX: clang++
2026-10-07T20:41:19.6839011Z   WGPU_BACKEND: vulkan
2026-10-07T20:41:19.6839211Z   CI_TEST_FILTER: 
2026-10-07T20:41:19.6839396Z   CI_TEST_MODE: full
2026-10-07T20:41:19.6839587Z ##[endgroup]
2026-10-07T20:41:19.7862825Z Syncing repository: anilbeesetti/koda
2026-10-07T20:41:19.7864728Z ##[group]Getting Git version info
2026-10-07T20:41:19.7865419Z Working directory is '/home/runner/work/koda/koda'
2026-10-07T20:41:19.7865977Z [command]/usr/bin/git version
2026-10-07T20:41:19.7960174Z git version 2.55.0
2026-10-07T20:41:19.7987784Z ##[endgroup]
2026-10-07T20:41:19.8002963Z Temporarily overriding HOME='/home/runner/work/_temp/49ae964c-e5b4-412b-96cc-37c1cca6e8d9' before making global git config changes
2026-10-07T20:41:19.8010328Z Adding repository directory to the temporary git global config as a safe directory
2026-10-07T20:41:19.8011431Z [command]/usr/bin/git config --global --add safe.directory /home/runner/work/koda/koda
2026-10-07T20:41:19.8065944Z Deleting the contents of '/home/runner/work/koda/koda'
2026-10-07T20:41:19.8071345Z ##[group]Initializing the repository
2026-10-07T20:41:19.8076988Z [command]/usr/bin/git init /home/runner/work/koda/koda
2026-10-07T20:41:19.8224504Z hint: Using 'master' as the name for the initial branch. This default branch name
2026-10-07T20:41:19.8226001Z hint: will change to "main" in Git 3.0. To configure the initial branch name
2026-10-07T20:41:19.8230953Z hint: to use in all of your new repositories, which will suppress this warning,
2026-10-07T20:41:19.8232054Z hint: call:
2026-10-07T20:41:19.8232657Z hint:
2026-10-07T20:41:19.8233592Z hint: 	git config --global init.defaultBranch <name>
2026-10-07T20:41:19.8235139Z hint:
2026-10-07T20:41:19.8235792Z hint: Names commonly chosen instead of 'master' are 'main', 'trunk' and
2026-10-07T20:41:19.8236957Z hint: 'development'. The just-created branch can be renamed via this command:
2026-10-07T20:41:19.8237684Z hint:
2026-10-07T20:41:19.8238046Z hint: 	git branch -m <name>
2026-10-07T20:41:19.8238439Z hint:
2026-10-07T20:41:19.8238987Z hint: Disable this message with "git config set advice.defaultBranchName false"
2026-10-07T20:41:19.8240089Z Initialized empty Git repository in /home/runner/work/koda/koda/.git/
2026-10-07T20:41:19.8255818Z [command]/usr/bin/git remote add origin https://github.com/anilbeesetti/koda
2026-10-07T20:41:19.8311739Z ##[endgroup]
2026-10-07T20:41:19.8312495Z ##[group]Disabling automatic garbage collection
2026-10-07T20:41:19.8323771Z [command]/usr/bin/git config --local gc.auto 0
2026-10-07T20:41:19.8347791Z ##[endgroup]
2026-10-07T20:41:19.8348425Z ##[group]Setting up auth
2026-10-07T20:41:19.8358282Z [command]/usr/bin/git config --local --name-only --get-regexp core\.sshCommand
2026-10-07T20:41:19.8393444Z [command]/usr/bin/git submodule foreach --recursive sh -c "git config --local --name-only --get-regexp 'core\.sshCommand' && git config --local --unset-all 'core.sshCommand' || :"
2026-10-07T20:41:19.8808041Z [command]/usr/bin/git config --local --name-only --get-regexp http\.https\:\/\/github\.com\/\.extraheader
2026-10-07T20:41:19.8847560Z [command]/usr/bin/git submodule foreach --recursive sh -c "git config --local --name-only --get-regexp 'http\.https\:\/\/github\.com\/\.extraheader' && git config --local --unset-all 'http.https://github.com/.extraheader' || :"
2026-10-07T20:41:19.9074494Z [command]/usr/bin/git config --local --name-only --get-regexp ^includeIf\.gitdir:
2026-10-07T20:41:19.9111521Z [command]/usr/bin/git submodule foreach --recursive git config --local --show-origin --name-only --get-regexp remote.origin.url
2026-10-07T20:41:19.9341932Z [command]/usr/bin/git config --local http.https://github.com/.extraheader AUTHORIZATION: basic ***
2026-10-07T20:41:19.9383742Z ##[endgroup]
2026-10-07T20:41:19.9413278Z ##[group]Fetching the repository
2026-10-07T20:41:19.9414527Z [command]/usr/bin/git -c protocol.version=2 fetch --no-tags --prune --no-recurse-submodules --depth=1 origin ff4569ea3fe17e2a631368f0751910b5df919044
2026-10-07T20:41:23.9822834Z From https://github.com/anilbeesetti/koda
2026-10-07T20:41:23.9823885Z  * branch            ff4569ea3fe17e2a631368f0751910b5df919044 -> FETCH_HEAD
2026-10-07T20:41:23.9829055Z ##[endgroup]
2026-10-07T20:41:23.9829559Z ##[group]Determining the checkout info
2026-10-07T20:41:23.9830925Z ##[endgroup]
2026-10-07T20:41:23.9838144Z [command]/usr/bin/git sparse-checkout disable
2026-10-07T20:41:23.9917624Z [command]/usr/bin/git config --local --unset-all extensions.worktreeConfig
2026-10-07T20:41:23.9949072Z ##[group]Checking out the ref
2026-10-07T20:41:23.9954163Z [command]/usr/bin/git checkout --progress --force ff4569ea3fe17e2a631368f0751910b5df919044
2026-10-07T20:41:24.5459163Z Note: switching to 'ff4569ea3fe17e2a631368f0751910b5df919044'.
2026-10-07T20:41:24.5459719Z 
2026-10-07T20:41:24.5460072Z You are in 'detached HEAD' state. You can look around, make experimental
2026-10-07T20:41:24.5460772Z changes and commit them, and you can discard any commits you make in this
2026-10-07T20:41:24.5461462Z state without impacting any branches by switching back to a branch.
2026-10-07T20:41:24.5461864Z 
2026-10-07T20:41:24.5462228Z If you want to create a new branch to retain commits you create, you may
2026-10-07T20:41:24.5462894Z do so (now or later) by using -c with the switch command. Example:
2026-10-07T20:41:24.5463591Z 
2026-10-07T20:41:24.5463738Z   git switch -c <new-branch-name>
2026-10-07T20:41:24.5464005Z 
2026-10-07T20:41:24.5464143Z Or undo this operation with:
2026-10-07T20:41:24.5464374Z 
2026-10-07T20:41:24.5464498Z   git switch -
2026-10-07T20:41:24.5464680Z 
2026-10-07T20:41:24.5464993Z Turn off this advice by setting config variable advice.detachedHead to false
2026-10-07T20:41:24.5465438Z 
2026-10-07T20:41:24.5465954Z HEAD is now at ff4569e Merge 0e15a3d2b6eff51451b5f30d4c62ab0edde608ab into cd2735eb6183508c5903cdafca9f9936b601cbcb
2026-10-07T20:41:24.5488044Z ##[endgroup]
2026-10-07T20:41:24.5538652Z [command]/usr/bin/git log -1 --format=%H
2026-10-07T20:41:24.5568420Z ff4569ea3fe17e2a631368f0751910b5df919044
2026-10-07T20:41:24.5583675Z ##[group]Removing auth
2026-10-07T20:41:24.5585855Z [command]/usr/bin/git config --local --name-only --get-regexp core\.sshCommand
2026-10-07T20:41:24.5616300Z [command]/usr/bin/git submodule foreach --recursive sh -c "git config --local --name-only --get-regexp 'core\.sshCommand' && git config --local --unset-all 'core.sshCommand' || :"
2026-10-07T20:41:24.5852180Z [command]/usr/bin/git config --local --name-only --get-regexp http\.https\:\/\/github\.com\/\.extraheader
2026-10-07T20:41:24.5883648Z http.https://github.com/.extraheader
2026-10-07T20:41:24.5891164Z [command]/usr/bin/git config --local --unset-all http.https://github.com/.extraheader
2026-10-07T20:41:24.5930728Z [command]/usr/bin/git submodule foreach --recursive sh -c "git config --local --name-only --get-regexp 'http\.https\:\/\/github\.com\/\.extraheader' && git config --local --unset-all 'http.https://github.com/.extraheader' || :"
2026-10-07T20:41:24.6161504Z [command]/usr/bin/git config --local --name-only --get-regexp ^includeIf\.gitdir:
2026-10-07T20:41:24.6204338Z [command]/usr/bin/git submodule foreach --recursive git config --local --show-origin --name-only --get-regexp remote.origin.url
2026-10-07T20:41:24.6446975Z ##[endgroup]
2026-10-07T20:41:24.6654551Z ##[group]Run python3 script/ci-run resources --github-env "$GITHUB_ENV"
2026-10-07T20:41:24.6655166Z [36;1mpython3 script/ci-run resources --github-env "$GITHUB_ENV"[0m
2026-10-07T20:41:24.6900567Z shell: /usr/bin/bash --noprofile --norc -e -o pipefail {0}
2026-10-07T20:41:24.6901017Z env:
2026-10-07T20:41:24.6901262Z   CARGO_TERM_COLOR: always
2026-10-07T20:41:24.6901566Z   CARGO_INCREMENTAL: 0
2026-10-07T20:41:24.6901864Z   CARGO_PROFILE_DEV_DEBUG: 0
2026-10-07T20:41:24.6902196Z   CARGO_PROFILE_DEV_BUILD_OVERRIDE_DEBUG: 0
2026-10-07T20:41:24.6902564Z   RUST_BACKTRACE: 1
2026-10-07T20:41:24.6902825Z   CC: clang
2026-10-07T20:41:24.6903261Z   CXX: clang++
2026-10-07T20:41:24.6903511Z   WGPU_BACKEND: vulkan
2026-10-07T20:41:24.6903781Z   CI_TEST_FILTER: 
2026-10-07T20:41:24.6904035Z   CI_TEST_MODE: full
2026-10-07T20:41:24.6904299Z ##[endgroup]
2026-10-07T20:41:24.7322629Z Linux: 4 CPUs, 15.6 GiB RAM; Cargo jobs=4, nextest threads=4
2026-10-07T20:41:24.7426711Z ##[group]Run sudo rm -rf /usr/share/dotnet /usr/local/lib/android /opt/ghc
2026-10-07T20:41:24.7427259Z [36;1msudo rm -rf /usr/share/dotnet /usr/local/lib/android /opt/ghc[0m
2026-10-07T20:41:24.7491320Z shell: /usr/bin/bash --noprofile --norc -e -o pipefail {0}
2026-10-07T20:41:24.7491699Z env:
2026-10-07T20:41:24.7491907Z   CARGO_TERM_COLOR: always
2026-10-07T20:41:24.7492165Z   CARGO_INCREMENTAL: 0
2026-10-07T20:41:24.7492407Z   CARGO_PROFILE_DEV_DEBUG: 0
2026-10-07T20:41:24.7492713Z   CARGO_PROFILE_DEV_BUILD_OVERRIDE_DEBUG: 0
2026-10-07T20:41:24.7493312Z   RUST_BACKTRACE: 1
2026-10-07T20:41:24.7493550Z   CC: clang
2026-10-07T20:41:24.7493747Z   CXX: clang++
2026-10-07T20:41:24.7493958Z   WGPU_BACKEND: vulkan
2026-10-07T20:41:24.7494190Z   CI_TEST_FILTER: 
2026-10-07T20:41:24.7494409Z   CI_TEST_MODE: full
2026-10-07T20:41:24.7494633Z   CARGO_BUILD_JOBS: 4
2026-10-07T20:41:24.7494860Z   CI_TEST_THREADS: 4
2026-10-07T20:41:24.7495080Z ##[endgroup]
2026-10-07T20:42:53.6970262Z ##[group]Run ./script/linux
2026-10-07T20:42:53.6970579Z [36;1m./script/linux[0m
2026-10-07T20:42:53.7034701Z shell: /usr/bin/bash --noprofile --norc -e -o pipefail {0}
2026-10-07T20:42:53.7035110Z env:
2026-10-07T20:42:53.7035334Z   CARGO_TERM_COLOR: always
2026-10-07T20:42:53.7035613Z   CARGO_INCREMENTAL: 0
2026-10-07T20:42:53.7035876Z   CARGO_PROFILE_DEV_DEBUG: 0
2026-10-07T20:42:53.7036180Z   CARGO_PROFILE_DEV_BUILD_OVERRIDE_DEBUG: 0
2026-10-07T20:42:53.7036508Z   RUST_BACKTRACE: 1
2026-10-07T20:42:53.7036743Z   CC: clang
2026-10-07T20:42:53.7036964Z   CXX: clang++
2026-10-07T20:42:53.7037191Z   WGPU_BACKEND: vulkan
2026-10-07T20:42:53.7037436Z   CI_TEST_FILTER: 
2026-10-07T20:42:53.7037672Z   CI_TEST_MODE: full
2026-10-07T20:42:53.7037920Z   CARGO_BUILD_JOBS: 4
2026-10-07T20:42:53.7038164Z   CI_TEST_THREADS: 4
2026-10-07T20:42:53.7038402Z ##[endgroup]
2026-10-07T20:42:53.7149481Z ++ id -u
2026-10-07T20:42:53.7168738Z + '[' 1001 -eq 0 ']'
2026-10-07T20:42:53.7171273Z ++ command -v sudo
2026-10-07T20:42:53.7173976Z + maysudo=/usr/bin/sudo
2026-10-07T20:42:53.7176991Z ++ command -v apt-get
2026-10-07T20:42:53.7179491Z + apt=/usr/bin/apt-get
2026-10-07T20:42:53.7180473Z + [[ -n /usr/bin/apt-get ]]
2026-10-07T20:42:53.7185557Z + deps=(gcc g++ libasound2-dev libfontconfig-dev libgit2-dev libglib2.0-dev libssl-dev libva-dev libvulkan1 libwayland-dev libx11-xcb-dev libxkbcommon-x11-dev libzstd-dev make cmake clang lld llvm jq git curl gettext-base elfutils libsqlite3-dev musl-tools musl-dev build-essential pipewire xdg-desktop-portal)
2026-10-07T20:42:53.7187325Z + grep -qP 'PRETTY_NAME="(Debian|Raspbian).+13' /etc/os-release
2026-10-07T20:42:53.7199907Z + grep -qP 'PRETTY_NAME="(Linux Mint 22|.+24\.(04|10))' /etc/os-release
2026-10-07T20:42:53.7212872Z + deps+=(libstdc++-14-dev)
2026-10-07T20:42:53.7213367Z + /usr/bin/sudo /usr/bin/apt-get update
2026-10-07T20:42:53.8025610Z Get:1 file:/etc/apt/apt-mirrors.txt Mirrorlist [144 B]
2026-10-07T20:42:53.8378846Z Hit:2 http://azure.archive.ubuntu.com/ubuntu noble InRelease
2026-10-07T20:42:53.8380135Z Get:6 https://packages.microsoft.com/ubuntu/24.04/prod noble InRelease [3600 B]
2026-10-07T20:42:53.8404528Z Get:3 http://azure.archive.ubuntu.com/ubuntu noble-updates InRelease [126 kB]
2026-10-07T20:42:53.8483977Z Get:4 http://azure.archive.ubuntu.com/ubuntu noble-backports InRelease [126 kB]
2026-10-07T20:42:53.8488206Z Get:5 http://azure.archive.ubuntu.com/ubuntu noble-security InRelease [126 kB]
2026-10-07T20:42:53.9646120Z Get:7 https://packages.microsoft.com/ubuntu/24.04/prod noble/main armhf Packages [12.6 kB]
2026-10-07T20:42:53.9751595Z Get:8 https://packages.microsoft.com/ubuntu/24.04/prod noble/main amd64 Packages [519 kB]
2026-10-07T20:42:53.9988459Z Get:9 https://packages.microsoft.com/ubuntu/24.04/prod noble/main arm64 Packages [463 kB]
2026-10-07T20:42:54.0251801Z Get:10 http://azure.archive.ubuntu.com/ubuntu noble-updates/main amd64 Packages [1375 kB]
2026-10-07T20:42:54.0348548Z Get:11 http://azure.archive.ubuntu.com/ubuntu noble-updates/main Translation-en [306 kB]
2026-10-07T20:42:54.0384241Z Get:12 http://azure.archive.ubuntu.com/ubuntu noble-updates/main amd64 Components [181 kB]
2026-10-07T20:42:54.0424083Z Get:13 http://azure.archive.ubuntu.com/ubuntu noble-updates/universe amd64 Packages [1702 kB]
2026-10-07T20:42:54.0515250Z Get:14 http://azure.archive.ubuntu.com/ubuntu noble-updates/universe Translation-en [341 kB]
2026-10-07T20:42:54.0564010Z Get:15 http://azure.archive.ubuntu.com/ubuntu noble-updates/universe amd64 Components [388 kB]
2026-10-07T20:42:54.0578731Z Get:16 http://azure.archive.ubuntu.com/ubuntu noble-updates/restricted amd64 Packages [1730 kB]
2026-10-07T20:42:54.0734183Z Get:17 http://azure.archive.ubuntu.com/ubuntu noble-updates/restricted Translation-en [396 kB]
2026-10-07T20:42:54.0764085Z Get:18 http://azure.archive.ubuntu.com/ubuntu noble-updates/multiverse Translation-en [13.3 kB]
2026-10-07T20:42:54.0804267Z Get:19 http://azure.archive.ubuntu.com/ubuntu noble-updates/multiverse amd64 Components [940 B]
2026-10-07T20:42:54.1435728Z Get:20 http://azure.archive.ubuntu.com/ubuntu noble-backports/main amd64 Components [5752 B]
2026-10-07T20:42:54.1465639Z Get:21 http://azure.archive.ubuntu.com/ubuntu noble-backports/universe amd64 Components [12.6 kB]
2026-10-07T20:42:54.1805227Z Get:22 http://azure.archive.ubuntu.com/ubuntu noble-security/main amd64 Packages [1073 kB]
2026-10-07T20:42:54.1844665Z Get:23 http://azure.archive.ubuntu.com/ubuntu noble-security/main Translation-en [223 kB]
2026-10-07T20:42:54.1873660Z Get:24 http://azure.archive.ubuntu.com/ubuntu noble-security/main amd64 Components [46.4 kB]
2026-10-07T20:42:54.1914717Z Get:25 http://azure.archive.ubuntu.com/ubuntu noble-security/universe amd64 Packages [1218 kB]
2026-10-07T20:42:54.1972014Z Get:26 http://azure.archive.ubuntu.com/ubuntu noble-security/universe Translation-en [245 kB]
2026-10-07T20:42:54.1997363Z Get:27 http://azure.archive.ubuntu.com/ubuntu noble-security/universe amd64 Components [76.3 kB]
2026-10-07T20:42:54.2017586Z Get:28 http://azure.archive.ubuntu.com/ubuntu noble-security/restricted amd64 Packages [1566 kB]
2026-10-07T20:42:54.2117544Z Get:29 http://azure.archive.ubuntu.com/ubuntu noble-security/restricted Translation-en [361 kB]
2026-10-07T20:42:54.2149001Z Get:30 http://azure.archive.ubuntu.com/ubuntu noble-security/multiverse Translation-en [11.6 kB]
2026-10-07T20:42:58.7327392Z Fetched 12.6 MB in 1s (9040 kB/s)
2026-10-07T20:42:59.5764168Z Reading package lists...
2026-10-07T20:42:59.5877350Z + /usr/bin/sudo /usr/bin/apt-get install -y gcc g++ libasound2-dev libfontconfig-dev libgit2-dev libglib2.0-dev libssl-dev libva-dev libvulkan1 libwayland-dev libx11-xcb-dev libxkbcommon-x11-dev libzstd-dev make cmake clang lld llvm jq git curl gettext-base elfutils libsqlite3-dev musl-tools musl-dev build-essential pipewire xdg-desktop-portal libstdc++-14-dev
2026-10-07T20:42:59.6075115Z Reading package lists...
2026-10-07T20:42:59.8102919Z Building dependency tree...
2026-10-07T20:42:59.8110511Z Reading state information...
2026-10-07T20:42:59.9610389Z gcc is already the newest version (4:13.2.0-7ubuntu1).
2026-10-07T20:42:59.9611158Z g++ is already the newest version (4:13.2.0-7ubuntu1).
2026-10-07T20:42:59.9611830Z libvulkan1 is already the newest version (1.3.275.0-1build1).
2026-10-07T20:42:59.9612498Z libvulkan1 set to manually installed.
2026-10-07T20:42:59.9613896Z libzstd-dev is already the newest version (1.5.5+dfsg2-2build1.1).
2026-10-07T20:42:59.9614641Z libzstd-dev set to manually installed.
2026-10-07T20:42:59.9615194Z make is already the newest version (4.3-4.1build2).
2026-10-07T20:42:59.9615842Z jq is already the newest version (1.7.1-3ubuntu0.24.04.2).
2026-10-07T20:42:59.9616801Z git is already the newest version (1:2.55.0-0ppa1~ubuntu24.04.2).
2026-10-07T20:42:59.9617409Z git set to manually installed.
2026-10-07T20:42:59.9617943Z curl is already the newest version (8.5.0-2ubuntu10.15).
2026-10-07T20:42:59.9618643Z gettext-base is already the newest version (0.21-14ubuntu2).
2026-10-07T20:42:59.9619276Z gettext-base set to manually installed.
2026-10-07T20:42:59.9619920Z libsqlite3-dev is already the newest version (3.45.1-1ubuntu2.8).
2026-10-07T20:42:59.9620719Z libstdc++-14-dev is already the newest version (14.2.0-4ubuntu2~24.04.1).
2026-10-07T20:42:59.9621865Z libstdc++-14-dev set to manually installed.
2026-10-07T20:42:59.9622432Z The following additional packages will be installed:
2026-10-07T20:42:59.9627276Z   bubblewrap bzip2-doc cmake-data glib-networking glib-networking-common
2026-10-07T20:42:59.9628154Z   glib-networking-services gsettings-desktop-schemas i965-va-driver
2026-10-07T20:42:59.9628949Z   intel-media-va-driver libasm1t64 libasyncns0 libblkid-dev libbrotli-dev
2026-10-07T20:42:59.9629698Z   libbz2-dev libflac12t64 libfreetype-dev libfreetype6 libgbm1
2026-10-07T20:42:59.9630240Z   libgirepository-2.0-0 libgit2-1.7 libgl1-mesa-dri libglib2.0-dev-bin
2026-10-07T20:42:59.9630779Z   libglx-mesa0 libhttp-parser-dev libhttp-parser2.9 libigdgmm12 libjsoncpp25
2026-10-07T20:42:59.9631831Z   libmount-dev libmp3lame0 libmpg123-0t64 libopus0 libpipewire-0.3-0t64
2026-10-07T20:42:59.9632688Z   libpipewire-0.3-common libpipewire-0.3-modules libpng-dev libpng-tools
2026-10-07T20:42:59.9633757Z   libproxy1v5 libpthread-stubs0-dev libpulse0 librhash0 libroc0.3
2026-10-07T20:42:59.9634549Z   libselinux1-dev libsepol-dev libset-scalar-perl libsnapd-glib-2-1
2026-10-07T20:42:59.9635405Z   libsndfile1 libsoup-3.0-0 libsoup-3.0-common libspa-0.2-modules libspeexdsp1
2026-10-07T20:42:59.9636263Z   libssh2-1-dev libssl3t64 libva-drm2 libva-glx2 libva-wayland2 libva-x11-2
2026-10-07T20:42:59.9636996Z   libva2 libvorbisenc2 libwayland-bin libwayland-server0
2026-10-07T20:42:59.9637728Z   libwebrtc-audio-processing1 libwireplumber-0.4-0 libx11-dev libxau-dev
2026-10-07T20:42:59.9638525Z   libxcb-xkb-dev libxcb-xkb1 libxcb1-dev libxdmcp-dev libxkbcommon-dev
2026-10-07T20:42:59.9639354Z   libxkbcommon-x11-0 llvm-runtime mesa-libgallium mesa-va-drivers musl openssl
2026-10-07T20:42:59.9640315Z   pipewire-bin pipewire-pulse rtkit session-migration uuid-dev va-driver-all
2026-10-07T20:42:59.9641022Z   wireplumber x11proto-dev xorg-sgml-doctools xtrans-dev
2026-10-07T20:42:59.9641518Z Suggested packages:
2026-10-07T20:42:59.9642034Z   cmake-doc cmake-format elpa-cmake-mode ninja-build i965-va-driver-shaders
2026-10-07T20:42:59.9642777Z   libasound2-doc freetype2-doc gir1.2-glib-2.0-dev libglib2.0-doc
2026-10-07T20:42:59.9649445Z   libgdk-pixbuf2.0-bin libxml2-utils opus-tools pulseaudio libssl-doc
2026-10-07T20:42:59.9650397Z   libwayland-doc libx11-doc libxcb-doc libspa-0.2-bluetooth pulseaudio-utils
2026-10-07T20:42:59.9651189Z   libspa-0.2-libcamera wireplumber-doc
2026-10-07T20:43:00.0499472Z The following NEW packages will be installed:
2026-10-07T20:43:00.0500331Z   bubblewrap build-essential bzip2-doc clang cmake cmake-data elfutils
2026-10-07T20:43:00.0501100Z   glib-networking glib-networking-common glib-networking-services
2026-10-07T20:43:00.0502042Z   gsettings-desktop-schemas i965-va-driver intel-media-va-driver libasm1t64
2026-10-07T20:43:00.0503237Z   libasound2-dev libasyncns0 libblkid-dev libbrotli-dev libbz2-dev
2026-10-07T20:43:00.0504076Z   libflac12t64 libfontconfig-dev libfreetype-dev libgirepository-2.0-0
2026-10-07T20:43:00.0504878Z   libgit2-1.7 libgit2-dev libglib2.0-dev libglib2.0-dev-bin libhttp-parser-dev
2026-10-07T20:43:00.0505545Z   libhttp-parser2.9 libigdgmm12 libjsoncpp25 libmount-dev libmp3lame0
2026-10-07T20:43:00.0506175Z   libmpg123-0t64 libopus0 libpipewire-0.3-0t64 libpipewire-0.3-common
2026-10-07T20:43:00.0506979Z   libpipewire-0.3-modules libpng-dev libpng-tools libproxy1v5
2026-10-07T20:43:00.0507788Z   libpthread-stubs0-dev libpulse0 librhash0 libroc0.3 libselinux1-dev
2026-10-07T20:43:00.0508452Z   libsepol-dev libset-scalar-perl libsnapd-glib-2-1 libsndfile1 libsoup-3.0-0
2026-10-07T20:43:00.0509351Z   libsoup-3.0-common libspa-0.2-modules libspeexdsp1 libssh2-1-dev libva-dev
2026-10-07T20:43:00.0510002Z   libva-drm2 libva-glx2 libva-wayland2 libva-x11-2 libva2 libvorbisenc2
2026-10-07T20:43:00.0510646Z   libwayland-bin libwayland-dev libwayland-server0 libwebrtc-audio-processing1
2026-10-07T20:43:00.0511210Z   libwireplumber-0.4-0 libx11-dev libx11-xcb-dev libxau-dev libxcb-xkb-dev
2026-10-07T20:43:00.0512439Z   libxcb-xkb1 libxcb1-dev libxdmcp-dev libxkbcommon-dev libxkbcommon-x11-0
2026-10-07T20:43:00.0513161Z   libxkbcommon-x11-dev lld llvm llvm-runtime mesa-va-drivers musl musl-dev
2026-10-07T20:43:00.0513709Z   musl-tools pipewire pipewire-bin pipewire-pulse rtkit session-migration
2026-10-07T20:43:00.0514230Z   uuid-dev va-driver-all wireplumber x11proto-dev xdg-desktop-portal
2026-10-07T20:43:00.0514627Z   xorg-sgml-doctools xtrans-dev
2026-10-07T20:43:00.0517878Z The following packages will be upgraded:
2026-10-07T20:43:00.0521702Z   libfreetype6 libgbm1 libgl1-mesa-dri libglx-mesa0 libssl-dev libssl3t64
2026-10-07T20:43:00.0523629Z   mesa-libgallium openssl
2026-10-07T20:43:00.0747707Z 8 upgraded, 96 newly installed, 0 to remove and 22 not upgraded.
2026-10-07T20:43:00.0748557Z Need to get 49.5 MB of archives.
2026-10-07T20:43:00.0748927Z After this operation, 129 MB of additional disk space will be used.
2026-10-07T20:43:00.0749359Z Get:1 file:/etc/apt/apt-mirrors.txt Mirrorlist [144 B]
2026-10-07T20:43:15.2107942Z Get:2 http://azure.archive.ubuntu.com/ubuntu noble-updates/main amd64 libssl-dev amd64 3.0.13-0ubuntu3.16 [2409 kB]
2026-10-07T20:43:15.4327292Z Get:3 http://azure.archive.ubuntu.com/ubuntu noble-updates/main amd64 libssl3t64 amd64 3.0.13-0ubuntu3.16 [1945 kB]
2026-10-07T20:43:15.5698771Z Get:4 http://azure.archive.ubuntu.com/ubuntu noble-updates/main amd64 openssl amd64 3.0.13-0ubuntu3.16 [1004 kB]
2026-10-07T20:43:15.6827466Z Get:5 http://azure.archive.ubuntu.com/ubuntu noble-updates/main amd64 bubblewrap amd64 0.9.0-1ubuntu0.3 [50.4 kB]
2026-10-07T20:43:15.7787285Z Get:6 http://azure.archive.ubuntu.com/ubuntu noble/main amd64 build-essential amd64 12.10ubuntu1 [4928 B]
2026-10-07T20:43:15.8743440Z Get:7 http://azure.archive.ubuntu.com/ubuntu noble-updates/main amd64 bzip2-doc all 1.0.8-5.1ubuntu0.1 [499 kB]
2026-10-07T20:43:15.9834942Z Get:8 http://azure.archive.ubuntu.com/ubuntu noble/universe amd64 clang amd64 1:18.0-59~exp2 [5846 B]
2026-10-07T20:43:16.0790998Z Get:9 http://azure.archive.ubuntu.com/ubuntu noble/main amd64 libjsoncpp25 amd64 1.9.5-6build1 [82.8 kB]
2026-10-07T20:43:16.1760166Z Get:10 http://azure.archive.ubuntu.com/ubuntu noble/main amd64 librhash0 amd64 1.4.3-3build1 [129 kB]
2026-10-07T20:43:16.2744416Z Get:11 http://azure.archive.ubuntu.com/ubuntu noble/main amd64 cmake-data all 3.28.3-1build7 [2155 kB]
2026-10-07T20:43:16.4080740Z Get:12 http://azure.archive.ubuntu.com/ubuntu noble/main amd64 cmake amd64 3.28.3-1build7 [11.2 MB]
2026-10-07T20:43:16.8342938Z Get:13 http://azure.archive.ubuntu.com/ubuntu noble-updates/main amd64 libasm1t64 amd64 0.190-1.1ubuntu0.1 [17.5 kB]
2026-10-07T20:43:16.9304673Z Get:14 http://azure.archive.ubuntu.com/ubuntu noble-updates/main amd64 elfutils amd64 0.190-1.1ubuntu0.1 [525 kB]
2026-10-07T20:43:17.0453652Z Get:15 http://azure.archive.ubuntu.com/ubuntu noble/main amd64 libproxy1v5 amd64 0.5.4-4build1 [26.5 kB]
2026-10-07T20:43:17.1414280Z Get:16 http://azure.archive.ubuntu.com/ubuntu noble/main amd64 glib-networking-common all 2.80.0-1build1 [6702 B]
2026-10-07T20:43:17.2376711Z Get:17 http://azure.archive.ubuntu.com/ubuntu noble/main amd64 glib-networking-services amd64 2.80.0-1build1 [12.8 kB]
2026-10-07T20:43:17.3339555Z Get:18 http://azure.archive.ubuntu.com/ubuntu noble/main amd64 session-migration amd64 0.3.9build1 [9034 B]
2026-10-07T20:43:17.4298614Z Get:19 http://azure.archive.ubuntu.com/ubuntu noble-updates/main amd64 gsettings-desktop-schemas all 46.1-0ubuntu1 [35.6 kB]
2026-10-07T20:43:17.5269499Z Get:20 http://azure.archive.ubuntu.com/ubuntu noble/main amd64 glib-networking amd64 2.80.0-1build1 [64.1 kB]
2026-10-07T20:43:17.6235084Z Get:21 http://azure.archive.ubuntu.com/ubuntu noble-updates/universe amd64 libva2 amd64 2.20.0-2ubuntu0.2 [66.4 kB]
2026-10-07T20:43:17.7200160Z Get:22 http://azure.archive.ubuntu.com/ubuntu noble-updates/universe amd64 libigdgmm12 amd64 22.3.17+ds1-1ubuntu1 [145 kB]
2026-10-07T20:43:17.8172111Z Get:23 http://azure.archive.ubuntu.com/ubuntu noble-updates/universe amd64 intel-media-va-driver amd64 24.1.0+dfsg1-1ubuntu0.2 [3163 kB]
2026-10-07T20:43:18.0235471Z Get:24 http://azure.archive.ubuntu.com/ubuntu noble-updates/main amd64 libasound2-dev amd64 1.2.11-1ubuntu0.3 [115 kB]
2026-10-07T20:43:18.1312476Z Get:25 http://azure.archive.ubuntu.com/ubuntu noble/main amd64 libasyncns0 amd64 0.8-6build4 [11.3 kB]
2026-10-07T20:43:18.2385058Z Get:26 http://azure.archive.ubuntu.com/ubuntu noble/main amd64 libbrotli-dev amd64 1.1.0-2build2 [353 kB]
2026-10-07T20:43:18.3496388Z Get:27 http://azure.archive.ubuntu.com/ubuntu noble-updates/main amd64 libbz2-dev amd64 1.0.8-5.1ubuntu0.1 [33.6 kB]
2026-10-07T20:43:18.4487406Z Get:28 http://azure.archive.ubuntu.com/ubuntu noble/main amd64 libflac12t64 amd64 1.4.3+ds-2.1ubuntu2 [197 kB]
2026-10-07T20:43:18.5705414Z Get:29 http://azure.archive.ubuntu.com/ubuntu noble-updates/main amd64 libfreetype6 amd64 2.13.2+dfsg-1ubuntu0.2 [403 kB]
2026-10-07T20:43:18.6844353Z Get:30 http://azure.archive.ubuntu.com/ubuntu noble-updates/main amd64 libpng-dev amd64 1.6.43-5ubuntu0.6 [265 kB]
2026-10-07T20:43:18.7946849Z Get:31 http://azure.archive.ubuntu.com/ubuntu noble-updates/main amd64 libfreetype-dev amd64 2.13.2+dfsg-1ubuntu0.2 [574 kB]
2026-10-07T20:43:18.8968699Z Get:32 http://azure.archive.ubuntu.com/ubuntu noble-updates/main amd64 uuid-dev amd64 2.39.3-9ubuntu6.6 [33.5 kB]
2026-10-07T20:43:18.9929587Z Get:33 http://azure.archive.ubuntu.com/ubuntu noble/main amd64 libfontconfig-dev amd64 2.15.0-1.1ubuntu2 [161 kB]
2026-10-07T20:43:19.0927909Z Get:34 http://azure.archive.ubuntu.com/ubuntu noble-updates/main amd64 libgl1-mesa-dri amd64 25.2.8-0ubuntu0.24.04.4 [38.0 kB]
2026-10-07T20:43:19.1899164Z Get:35 http://azure.archive.ubuntu.com/ubuntu noble-updates/main amd64 libglx-mesa0 amd64 25.2.8-0ubuntu0.24.04.4 [110 kB]
2026-10-07T20:43:19.2893608Z Get:36 http://azure.archive.ubuntu.com/ubuntu noble-updates/main amd64 libgbm1 amd64 25.2.8-0ubuntu0.24.04.4 [34.2 kB]
2026-10-07T20:43:19.3858911Z Get:37 http://azure.archive.ubuntu.com/ubuntu noble-updates/main amd64 mesa-libgallium amd64 25.2.8-0ubuntu0.24.04.4 [10.8 MB]
2026-10-07T20:43:19.8068670Z Get:38 http://azure.archive.ubuntu.com/ubuntu noble-updates/main amd64 libgirepository-2.0-0 amd64 2.80.0-6ubuntu3.9 [73.5 kB]
2026-10-07T20:43:19.9076342Z Get:39 http://azure.archive.ubuntu.com/ubuntu noble/main amd64 libhttp-parser2.9 amd64 2.9.4-6build1 [22.3 kB]
2026-10-07T20:43:20.0029652Z Get:40 http://azure.archive.ubuntu.com/ubuntu noble-updates/main amd64 libgit2-1.7 amd64 1.7.2+ds-1ubuntu3.2 [529 kB]
2026-10-07T20:43:20.1207225Z Get:41 http://azure.archive.ubuntu.com/ubuntu noble-updates/main amd64 libglib2.0-dev-bin amd64 2.80.0-6ubuntu3.9 [138 kB]
2026-10-07T20:43:20.2322464Z Get:42 http://azure.archive.ubuntu.com/ubuntu noble-updates/main amd64 libblkid-dev amd64 2.39.3-9ubuntu6.6 [205 kB]
2026-10-07T20:43:20.3448684Z Get:43 http://azure.archive.ubuntu.com/ubuntu noble/main amd64 libsepol-dev amd64 3.5-2build1 [384 kB]
2026-10-07T20:43:20.4580940Z Get:44 http://azure.archive.ubuntu.com/ubuntu noble-updates/main amd64 libselinux1-dev amd64 3.5-2ubuntu2.1 [164 kB]
2026-10-07T20:43:20.5599118Z Get:45 http://azure.archive.ubuntu.com/ubuntu noble-updates/main amd64 libmount-dev amd64 2.39.3-9ubuntu6.6 [14.9 kB]
2026-10-07T20:43:20.6549752Z Get:46 http://azure.archive.ubuntu.com/ubuntu noble-updates/main amd64 libglib2.0-dev amd64 2.80.0-6ubuntu3.9 [1860 kB]
2026-10-07T20:43:20.8286308Z Get:47 http://azure.archive.ubuntu.com/ubuntu noble/main amd64 libmp3lame0 amd64 3.100-6build1 [142 kB]
2026-10-07T20:43:20.9271677Z Get:48 http://azure.archive.ubuntu.com/ubuntu noble-updates/main amd64 libmpg123-0t64 amd64 1.32.5-1ubuntu1.1 [169 kB]
2026-10-07T20:43:21.0267021Z Get:49 http://azure.archive.ubuntu.com/ubuntu noble/main amd64 libopus0 amd64 1.4-1build1 [208 kB]
2026-10-07T20:43:21.1274117Z Get:50 http://azure.archive.ubuntu.com/ubuntu noble/main amd64 libwebrtc-audio-processing1 amd64 0.3.1-0ubuntu6 [290 kB]
2026-10-07T20:43:21.2357703Z Get:51 http://azure.archive.ubuntu.com/ubuntu noble-updates/main amd64 libspa-0.2-modules amd64 1.0.5-1ubuntu3.3 [628 kB]
2026-10-07T20:43:21.3454987Z Get:52 http://azure.archive.ubuntu.com/ubuntu noble-updates/main amd64 libpipewire-0.3-0t64 amd64 1.0.5-1ubuntu3.3 [252 kB]
2026-10-07T20:43:21.4477408Z Get:53 http://azure.archive.ubuntu.com/ubuntu noble-updates/main amd64 libpipewire-0.3-common all 1.0.5-1ubuntu3.3 [19.5 kB]
2026-10-07T20:43:21.5429954Z Get:54 http://azure.archive.ubuntu.com/ubuntu noble/main amd64 libvorbisenc2 amd64 1.3.7-1build3 [80.8 kB]
2026-10-07T20:43:21.6398756Z Get:55 http://azure.archive.ubuntu.com/ubuntu noble-updates/main amd64 libsndfile1 amd64 1.2.2-1ubuntu5.24.04.1 [209 kB]
2026-10-07T20:43:21.7411008Z Get:56 http://azure.archive.ubuntu.com/ubuntu noble-updates/main amd64 libpulse0 amd64 1:16.1+dfsg1-2ubuntu10.1 [292 kB]
2026-10-07T20:43:21.8453905Z Get:57 http://azure.archive.ubuntu.com/ubuntu noble/main amd64 libspeexdsp1 amd64 1.2.1-1ubuntu3 [43.1 kB]
2026-10-07T20:43:21.9422025Z Get:58 http://azure.archive.ubuntu.com/ubuntu noble/main amd64 libroc0.3 amd64 0.3.0+dfsg-7ubuntu2 [247 kB]
2026-10-07T20:43:22.0438644Z Get:59 http://azure.archive.ubuntu.com/ubuntu noble-updates/main amd64 libsoup-3.0-common all 3.4.4-5ubuntu0.9 [12.3 kB]
2026-10-07T20:43:22.1388202Z Get:60 http://azure.archive.ubuntu.com/ubuntu noble-updates/main amd64 libsoup-3.0-0 amd64 3.4.4-5ubuntu0.9 [291 kB]
2026-10-07T20:43:22.2439631Z Get:61 http://azure.archive.ubuntu.com/ubuntu noble/main amd64 libsnapd-glib-2-1 amd64 1.64-0ubuntu5 [107 kB]
2026-10-07T20:43:22.3417694Z Get:62 http://azure.archive.ubuntu.com/ubuntu noble-updates/main amd64 libpipewire-0.3-modules amd64 1.0.5-1ubuntu3.3 [815 kB]
2026-10-07T20:43:22.4628025Z Get:63 http://azure.archive.ubuntu.com/ubuntu noble-updates/main amd64 libpng-tools amd64 1.6.43-5ubuntu0.6 [28.5 kB]
2026-10-07T20:43:22.5582279Z Get:64 http://azure.archive.ubuntu.com/ubuntu noble/main amd64 libpthread-stubs0-dev amd64 0.4-1build3 [4746 B]
2026-10-07T20:43:22.6532031Z Get:65 http://azure.archive.ubuntu.com/ubuntu noble-updates/main amd64 libssh2-1-dev amd64 1.11.0-4.1ubuntu0.24.04.4 [260 kB]
2026-10-07T20:43:22.7571879Z Get:66 http://azure.archive.ubuntu.com/ubuntu noble-updates/universe amd64 libva-drm2 amd64 2.20.0-2ubuntu0.2 [7124 B]
2026-10-07T20:43:22.8534286Z Get:67 http://azure.archive.ubuntu.com/ubuntu noble-updates/universe amd64 libva-x11-2 amd64 2.20.0-2ubuntu0.2 [12.0 kB]
2026-10-07T20:43:22.9500205Z Get:68 http://azure.archive.ubuntu.com/ubuntu noble-updates/universe amd64 libva-glx2 amd64 2.20.0-2ubuntu0.2 [11.4 kB]
2026-10-07T20:43:23.0460852Z Get:69 http://azure.archive.ubuntu.com/ubuntu noble-updates/universe amd64 libva-wayland2 amd64 2.20.0-2ubuntu0.2 [10.9 kB]
2026-10-07T20:43:23.1421804Z Get:70 http://azure.archive.ubuntu.com/ubuntu noble/main amd64 libwayland-server0 amd64 1.22.0-2.1build1 [33.9 kB]
2026-10-07T20:43:23.2385400Z Get:71 http://azure.archive.ubuntu.com/ubuntu noble/main amd64 libwayland-bin amd64 1.22.0-2.1build1 [20.6 kB]
2026-10-07T20:43:23.3348658Z Get:72 http://azure.archive.ubuntu.com/ubuntu noble/main amd64 libwayland-dev amd64 1.22.0-2.1build1 [71.3 kB]
2026-10-07T20:43:23.4398254Z Get:73 http://azure.archive.ubuntu.com/ubuntu noble/universe amd64 libset-scalar-perl all 1.29-3 [28.6 kB]
2026-10-07T20:43:23.5440133Z Get:74 http://azure.archive.ubuntu.com/ubuntu noble-updates/universe amd64 libva-dev amd64 2.20.0-2ubuntu0.2 [114 kB]
2026-10-07T20:43:23.6497212Z Get:75 http://azure.archive.ubuntu.com/ubuntu noble-updates/main amd64 libwireplumber-0.4-0 amd64 0.4.17-1ubuntu4.1 [247 kB]
2026-10-07T20:43:23.7606431Z Get:76 http://azure.archive.ubuntu.com/ubuntu noble/main amd64 xorg-sgml-doctools all 1:1.11-1.1 [10.9 kB]
2026-10-07T20:43:23.8635123Z Get:77 http://azure.archive.ubuntu.com/ubuntu noble/main amd64 x11proto-dev all 2023.2-1 [602 kB]
2026-10-07T20:43:23.9849647Z Get:78 http://azure.archive.ubuntu.com/ubuntu noble/main amd64 libxau-dev amd64 1:1.0.9-1build6 [9570 B]
2026-10-07T20:43:24.0814157Z Get:79 http://azure.archive.ubuntu.com/ubuntu noble/main amd64 libxdmcp-dev amd64 1:1.1.3-0ubuntu6 [26.5 kB]
2026-10-07T20:43:24.1776721Z Get:80 http://azure.archive.ubuntu.com/ubuntu noble/main amd64 xtrans-dev all 1.4.0-1 [68.9 kB]
2026-10-07T20:43:24.2744261Z Get:81 http://azure.archive.ubuntu.com/ubuntu noble/main amd64 libxcb1-dev amd64 1.15-1ubuntu2 [85.8 kB]
2026-10-07T20:43:24.3707806Z Get:82 http://azure.archive.ubuntu.com/ubuntu noble/main amd64 libx11-dev amd64 2:1.8.7-1build1 [732 kB]
2026-10-07T20:43:24.8230714Z Get:83 http://azure.archive.ubuntu.com/ubuntu noble/main amd64 libx11-xcb-dev amd64 2:1.8.7-1build1 [9950 B]
2026-10-07T20:43:24.9187828Z Get:84 http://azure.archive.ubuntu.com/ubuntu noble/main amd64 libxcb-xkb1 amd64 1.15-1ubuntu2 [32.3 kB]
2026-10-07T20:43:25.0169436Z Get:85 http://azure.archive.ubuntu.com/ubuntu noble/main amd64 libxcb-xkb-dev amd64 1.15-1ubuntu2 [42.5 kB]
2026-10-07T20:43:25.1151861Z Get:86 http://azure.archive.ubuntu.com/ubuntu noble/main amd64 libxkbcommon-dev amd64 1.6.0-1build1 [56.3 kB]
2026-10-07T20:43:25.2337410Z Get:87 http://azure.archive.ubuntu.com/ubuntu noble/main amd64 libxkbcommon-x11-0 amd64 1.6.0-1build1 [14.5 kB]
2026-10-07T20:43:25.3410299Z Get:88 http://azure.archive.ubuntu.com/ubuntu noble/universe amd64 lld amd64 1:18.0-59~exp2 [5494 B]
2026-10-07T20:43:25.6065189Z Get:89 http://azure.archive.ubuntu.com/ubuntu noble/universe amd64 llvm-runtime amd64 1:18.0-59~exp2 [5496 B]
2026-10-07T20:43:26.0917038Z Get:90 http://azure.archive.ubuntu.com/ubuntu noble/universe amd64 llvm amd64 1:18.0-59~exp2 [4146 B]
2026-10-07T20:43:26.2024236Z Get:91 http://azure.archive.ubuntu.com/ubuntu noble-updates/universe amd64 mesa-va-drivers amd64 25.2.8-0ubuntu0.24.04.4 [6778 B]
2026-10-07T20:43:26.3134054Z Get:92 http://azure.archive.ubuntu.com/ubuntu noble-updates/main amd64 pipewire-bin amd64 1.0.5-1ubuntu3.3 [365 kB]
2026-10-07T20:43:26.4359930Z Get:93 http://azure.archive.ubuntu.com/ubuntu noble-updates/main amd64 pipewire amd64 1.0.5-1ubuntu3.3 [90.1 kB]
2026-10-07T20:43:26.5497145Z Get:94 http://azure.archive.ubuntu.com/ubuntu noble-updates/main amd64 pipewire-pulse amd64 1.0.5-1ubuntu3.3 [8454 B]
2026-10-07T20:43:26.6605071Z Get:95 http://azure.archive.ubuntu.com/ubuntu noble/main amd64 rtkit amd64 0.13-5build1 [34.6 kB]
2026-10-07T20:43:26.7655561Z Get:96 http://azure.archive.ubuntu.com/ubuntu noble-updates/universe amd64 i965-va-driver amd64 2.4.1+dfsg1-1ubuntu0.2 [332 kB]
2026-10-07T20:43:26.8757441Z Get:97 http://azure.archive.ubuntu.com/ubuntu noble-updates/universe amd64 va-driver-all amd64 2.20.0-2ubuntu0.2 [5014 B]
2026-10-07T20:43:26.9822068Z Get:98 http://azure.archive.ubuntu.com/ubuntu noble-updates/main amd64 wireplumber amd64 0.4.17-1ubuntu4.1 [80.0 kB]
2026-10-07T20:43:27.0813305Z Get:99 http://azure.archive.ubuntu.com/ubuntu noble-updates/main amd64 xdg-desktop-portal amd64 1.18.4-1ubuntu2.24.04.3 [307 kB]
2026-10-07T20:43:27.1886195Z Get:100 http://azure.archive.ubuntu.com/ubuntu noble/main amd64 libhttp-parser-dev amd64 2.9.4-6build1 [21.5 kB]
2026-10-07T20:43:27.2875476Z Get:101 http://azure.archive.ubuntu.com/ubuntu noble-updates/main amd64 libgit2-dev amd64 1.7.2+ds-1ubuntu3.2 [814 kB]
2026-10-07T20:43:27.4109184Z Get:102 http://azure.archive.ubuntu.com/ubuntu noble/main amd64 libxkbcommon-x11-dev amd64 1.6.0-1build1 [5586 B]
2026-10-07T20:43:57.4444291Z Ign:103 http://azure.archive.ubuntu.com/ubuntu noble/universe amd64 musl amd64 1.2.4-2
2026-10-07T20:44:27.4724575Z Ign:104 http://azure.archive.ubuntu.com/ubuntu noble/universe amd64 musl-dev amd64 1.2.4-2
2026-10-07T20:44:57.5059837Z Ign:105 http://azure.archive.ubuntu.com/ubuntu noble/universe amd64 musl-tools amd64 1.2.4-2
2026-10-07T20:44:57.6274059Z Get:103 http://azure.archive.ubuntu.com/ubuntu noble/universe amd64 musl amd64 1.2.4-2 [416 kB]
2026-10-07T20:44:59.0175432Z Get:104 http://azure.archive.ubuntu.com/ubuntu noble/universe amd64 musl-dev amd64 1.2.4-2 [616 kB]
2026-10-07T20:45:01.0559120Z Get:105 http://azure.archive.ubuntu.com/ubuntu noble/universe amd64 musl-tools amd64 1.2.4-2 [5540 B]
2026-10-07T20:45:01.3881454Z Fetched 49.5 MB in 2min 1s (409 kB/s)
2026-10-07T20:45:01.4487009Z (Reading database ... 
2026-10-07T20:45:01.4487917Z (Reading database ... 5%
2026-10-07T20:45:01.4488408Z (Reading database ... 10%
2026-10-07T20:45:01.4488873Z (Reading database ... 15%
2026-10-07T20:45:01.4489232Z (Reading database ... 20%
2026-10-07T20:45:01.4489523Z (Reading database ... 25%
2026-10-07T20:45:01.4489820Z (Reading database ... 30%
2026-10-07T20:45:01.4490102Z (Reading database ... 35%
2026-10-07T20:45:01.4490382Z (Reading database ... 40%
2026-10-07T20:45:01.4490665Z (Reading database ... 45%
2026-10-07T20:45:01.4490958Z (Reading database ... 50%
2026-10-07T20:45:01.4543079Z (Reading database ... 55%
2026-10-07T20:45:01.5608823Z (Reading database ... 60%
2026-10-07T20:45:01.7595571Z (Reading database ... 65%
2026-10-07T20:45:01.9650046Z (Reading database ... 70%
2026-10-07T20:45:02.1299819Z (Reading database ... 75%
2026-10-07T20:45:02.2668701Z (Reading database ... 80%
2026-10-07T20:45:02.4308243Z (Reading database ... 85%
2026-10-07T20:45:02.5684631Z (Reading database ... 90%
2026-10-07T20:45:02.6759483Z (Reading database ... 95%
2026-10-07T20:45:02.6760003Z (Reading database ... 100%
2026-10-07T20:45:02.6760610Z (Reading database ... 202296 files and directories currently installed.)
2026-10-07T20:45:02.6800786Z Preparing to unpack .../libssl-dev_3.0.13-0ubuntu3.16_amd64.deb ...
2026-10-07T20:45:02.6843964Z Unpacking libssl-dev:amd64 (3.0.13-0ubuntu3.16) over (3.0.13-0ubuntu3.15) ...
2026-10-07T20:45:02.8082712Z Preparing to unpack .../libssl3t64_3.0.13-0ubuntu3.16_amd64.deb ...
2026-10-07T20:45:02.8115526Z Unpacking libssl3t64:amd64 (3.0.13-0ubuntu3.16) over (3.0.13-0ubuntu3.15) ...
2026-10-07T20:45:02.8727894Z Setting up libssl3t64:amd64 (3.0.13-0ubuntu3.16) ...
2026-10-07T20:45:02.9063726Z (Reading database ... 
2026-10-07T20:45:02.9064223Z (Reading database ... 5%
2026-10-07T20:45:02.9064700Z (Reading database ... 10%
2026-10-07T20:45:02.9065201Z (Reading database ... 15%
2026-10-07T20:45:02.9065633Z (Reading database ... 20%
2026-10-07T20:45:02.9066138Z (Reading database ... 25%
2026-10-07T20:45:02.9066592Z (Reading database ... 30%
2026-10-07T20:45:02.9067051Z (Reading database ... 35%
2026-10-07T20:45:02.9067336Z (Reading database ... 40%
2026-10-07T20:45:02.9067617Z (Reading database ... 45%
2026-10-07T20:45:02.9067896Z (Reading database ... 50%
2026-10-07T20:45:02.9075239Z (Reading database ... 55%
2026-10-07T20:45:02.9177547Z (Reading database ... 60%
2026-10-07T20:45:02.9203197Z (Reading database ... 65%
2026-10-07T20:45:02.9223094Z (Reading database ... 70%
2026-10-07T20:45:02.9256172Z (Reading database ... 75%
2026-10-07T20:45:02.9284517Z (Reading database ... 80%
2026-10-07T20:45:02.9309600Z (Reading database ... 85%
2026-10-07T20:45:02.9453902Z (Reading database ... 90%
2026-10-07T20:45:02.9694026Z (Reading database ... 95%
2026-10-07T20:45:02.9694641Z (Reading database ... 100%
2026-10-07T20:45:02.9695513Z (Reading database ... 202296 files and directories currently installed.)
2026-10-07T20:45:02.9733626Z Preparing to unpack .../000-openssl_3.0.13-0ubuntu3.16_amd64.deb ...
2026-10-07T20:45:02.9755731Z Unpacking openssl (3.0.13-0ubuntu3.16) over (3.0.13-0ubuntu3.15) ...
2026-10-07T20:45:03.0763647Z Selecting previously unselected package bubblewrap.
2026-10-07T20:45:03.0889867Z Preparing to unpack .../001-bubblewrap_0.9.0-1ubuntu0.3_amd64.deb ...
2026-10-07T20:45:03.0896488Z Unpacking bubblewrap (0.9.0-1ubuntu0.3) ...
2026-10-07T20:45:03.1123252Z Selecting previously unselected package build-essential.
2026-10-07T20:45:03.1244756Z Preparing to unpack .../002-build-essential_12.10ubuntu1_amd64.deb ...
2026-10-07T20:45:03.1251748Z Unpacking build-essential (12.10ubuntu1) ...
2026-10-07T20:45:03.1430852Z Selecting previously unselected package bzip2-doc.
2026-10-07T20:45:03.1552641Z Preparing to unpack .../003-bzip2-doc_1.0.8-5.1ubuntu0.1_all.deb ...
2026-10-07T20:45:03.1560224Z Unpacking bzip2-doc (1.0.8-5.1ubuntu0.1) ...
2026-10-07T20:45:03.1791572Z Selecting previously unselected package clang.
2026-10-07T20:45:03.1912183Z Preparing to unpack .../004-clang_1%3a18.0-59~exp2_amd64.deb ...
2026-10-07T20:45:03.1918558Z Unpacking clang (1:18.0-59~exp2) ...
2026-10-07T20:45:03.2108476Z Selecting previously unselected package libjsoncpp25:amd64.
2026-10-07T20:45:03.2227101Z Preparing to unpack .../005-libjsoncpp25_1.9.5-6build1_amd64.deb ...
2026-10-07T20:45:03.2234208Z Unpacking libjsoncpp25:amd64 (1.9.5-6build1) ...
2026-10-07T20:45:03.2431808Z Selecting previously unselected package librhash0:amd64.
2026-10-07T20:45:03.2549025Z Preparing to unpack .../006-librhash0_1.4.3-3build1_amd64.deb ...
2026-10-07T20:45:03.2558664Z Unpacking librhash0:amd64 (1.4.3-3build1) ...
2026-10-07T20:45:03.2770124Z Selecting previously unselected package cmake-data.
2026-10-07T20:45:03.2887044Z Preparing to unpack .../007-cmake-data_3.28.3-1build7_all.deb ...
2026-10-07T20:45:03.2950921Z Unpacking cmake-data (3.28.3-1build7) ...
2026-10-07T20:45:03.8108979Z Selecting previously unselected package cmake.
2026-10-07T20:45:03.8245143Z Preparing to unpack .../008-cmake_3.28.3-1build7_amd64.deb ...
2026-10-07T20:45:03.8252495Z Unpacking cmake (3.28.3-1build7) ...
2026-10-07T20:45:03.9729575Z Selecting previously unselected package libasm1t64:amd64.
2026-10-07T20:45:03.9855207Z Preparing to unpack .../009-libasm1t64_0.190-1.1ubuntu0.1_amd64.deb ...
2026-10-07T20:45:03.9862079Z Unpacking libasm1t64:amd64 (0.190-1.1ubuntu0.1) ...
2026-10-07T20:45:04.0041386Z Selecting previously unselected package elfutils.
2026-10-07T20:45:04.0166171Z Preparing to unpack .../010-elfutils_0.190-1.1ubuntu0.1_amd64.deb ...
2026-10-07T20:45:04.0172854Z Unpacking elfutils (0.190-1.1ubuntu0.1) ...
2026-10-07T20:45:04.0477644Z Selecting previously unselected package libproxy1v5:amd64.
2026-10-07T20:45:04.0604242Z Preparing to unpack .../011-libproxy1v5_0.5.4-4build1_amd64.deb ...
2026-10-07T20:45:04.0613684Z Unpacking libproxy1v5:amd64 (0.5.4-4build1) ...
2026-10-07T20:45:04.0816077Z Selecting previously unselected package glib-networking-common.
2026-10-07T20:45:04.0936185Z Preparing to unpack .../012-glib-networking-common_2.80.0-1build1_all.deb ...
2026-10-07T20:45:04.0943772Z Unpacking glib-networking-common (2.80.0-1build1) ...
2026-10-07T20:45:04.1124824Z Selecting previously unselected package glib-networking-services.
2026-10-07T20:45:04.1241175Z Preparing to unpack .../013-glib-networking-services_2.80.0-1build1_amd64.deb ...
2026-10-07T20:45:04.1249037Z Unpacking glib-networking-services (2.80.0-1build1) ...
2026-10-07T20:45:04.1437609Z Selecting previously unselected package session-migration.
2026-10-07T20:45:04.1564718Z Preparing to unpack .../014-session-migration_0.3.9build1_amd64.deb ...
2026-10-07T20:45:04.1578621Z Unpacking session-migration (0.3.9build1) ...
2026-10-07T20:45:04.1783584Z Selecting previously unselected package gsettings-desktop-schemas.
2026-10-07T20:45:04.1909379Z Preparing to unpack .../015-gsettings-desktop-schemas_46.1-0ubuntu1_all.deb ...
2026-10-07T20:45:04.1916456Z Unpacking gsettings-desktop-schemas (46.1-0ubuntu1) ...
2026-10-07T20:45:04.2257784Z Selecting previously unselected package glib-networking:amd64.
2026-10-07T20:45:04.2383240Z Preparing to unpack .../016-glib-networking_2.80.0-1build1_amd64.deb ...
2026-10-07T20:45:04.2390354Z Unpacking glib-networking:amd64 (2.80.0-1build1) ...
2026-10-07T20:45:04.2594790Z Selecting previously unselected package libva2:amd64.
2026-10-07T20:45:04.2718488Z Preparing to unpack .../017-libva2_2.20.0-2ubuntu0.2_amd64.deb ...
2026-10-07T20:45:04.2725735Z Unpacking libva2:amd64 (2.20.0-2ubuntu0.2) ...
2026-10-07T20:45:04.2916277Z Selecting previously unselected package libigdgmm12:amd64.
2026-10-07T20:45:04.3038320Z Preparing to unpack .../018-libigdgmm12_22.3.17+ds1-1ubuntu1_amd64.deb ...
2026-10-07T20:45:04.3045270Z Unpacking libigdgmm12:amd64 (22.3.17+ds1-1ubuntu1) ...
2026-10-07T20:45:04.3252913Z Selecting previously unselected package intel-media-va-driver:amd64.
2026-10-07T20:45:04.3377418Z Preparing to unpack .../019-intel-media-va-driver_24.1.0+dfsg1-1ubuntu0.2_amd64.deb ...
2026-10-07T20:45:04.3384202Z Unpacking intel-media-va-driver:amd64 (24.1.0+dfsg1-1ubuntu0.2) ...
2026-10-07T20:45:04.4021681Z Selecting previously unselected package libasound2-dev:amd64.
2026-10-07T20:45:04.4148587Z Preparing to unpack .../020-libasound2-dev_1.2.11-1ubuntu0.3_amd64.deb ...
2026-10-07T20:45:04.4176442Z Unpacking libasound2-dev:amd64 (1.2.11-1ubuntu0.3) ...
2026-10-07T20:45:04.4495331Z Selecting previously unselected package libasyncns0:amd64.
2026-10-07T20:45:04.4621358Z Preparing to unpack .../021-libasyncns0_0.8-6build4_amd64.deb ...
2026-10-07T20:45:04.4628270Z Unpacking libasyncns0:amd64 (0.8-6build4) ...
2026-10-07T20:45:04.4812188Z Selecting previously unselected package libbrotli-dev:amd64.
2026-10-07T20:45:04.4938887Z Preparing to unpack .../022-libbrotli-dev_1.1.0-2build2_amd64.deb ...
2026-10-07T20:45:04.4945669Z Unpacking libbrotli-dev:amd64 (1.1.0-2build2) ...
2026-10-07T20:45:04.5181190Z Selecting previously unselected package libbz2-dev:amd64.
2026-10-07T20:45:04.5308385Z Preparing to unpack .../023-libbz2-dev_1.0.8-5.1ubuntu0.1_amd64.deb ...
2026-10-07T20:45:04.5315796Z Unpacking libbz2-dev:amd64 (1.0.8-5.1ubuntu0.1) ...
2026-10-07T20:45:04.5511289Z Selecting previously unselected package libflac12t64:amd64.
2026-10-07T20:45:04.5635350Z Preparing to unpack .../024-libflac12t64_1.4.3+ds-2.1ubuntu2_amd64.deb ...
2026-10-07T20:45:04.5643207Z Unpacking libflac12t64:amd64 (1.4.3+ds-2.1ubuntu2) ...
2026-10-07T20:45:04.5987607Z Preparing to unpack .../025-libfreetype6_2.13.2+dfsg-1ubuntu0.2_amd64.deb ...
2026-10-07T20:45:04.6014593Z Unpacking libfreetype6:amd64 (2.13.2+dfsg-1ubuntu0.2) over (2.13.2+dfsg-1ubuntu0.1) ...
2026-10-07T20:45:04.6252247Z Selecting previously unselected package libpng-dev:amd64.
2026-10-07T20:45:04.6376081Z Preparing to unpack .../026-libpng-dev_1.6.43-5ubuntu0.6_amd64.deb ...
2026-10-07T20:45:04.6382807Z Unpacking libpng-dev:amd64 (1.6.43-5ubuntu0.6) ...
2026-10-07T20:45:04.6646762Z Selecting previously unselected package libfreetype-dev:amd64.
2026-10-07T20:45:04.6768963Z Preparing to unpack .../027-libfreetype-dev_2.13.2+dfsg-1ubuntu0.2_amd64.deb ...
2026-10-07T20:45:04.6775996Z Unpacking libfreetype-dev:amd64 (2.13.2+dfsg-1ubuntu0.2) ...
2026-10-07T20:45:04.7089666Z Selecting previously unselected package uuid-dev:amd64.
2026-10-07T20:45:04.7211341Z Preparing to unpack .../028-uuid-dev_2.39.3-9ubuntu6.6_amd64.deb ...
2026-10-07T20:45:04.7219931Z Unpacking uuid-dev:amd64 (2.39.3-9ubuntu6.6) ...
2026-10-07T20:45:04.7463424Z Selecting previously unselected package libfontconfig-dev:amd64.
2026-10-07T20:45:04.7584658Z Preparing to unpack .../029-libfontconfig-dev_2.15.0-1.1ubuntu2_amd64.deb ...
2026-10-07T20:45:04.7592478Z Unpacking libfontconfig-dev:amd64 (2.15.0-1.1ubuntu2) ...
2026-10-07T20:45:04.7934730Z Preparing to unpack .../030-libgl1-mesa-dri_25.2.8-0ubuntu0.24.04.4_amd64.deb ...
2026-10-07T20:45:04.8072482Z Unpacking libgl1-mesa-dri:amd64 (25.2.8-0ubuntu0.24.04.4) over (25.2.8-0ubuntu0.24.04.2) ...
2026-10-07T20:45:04.8533166Z Preparing to unpack .../031-libglx-mesa0_25.2.8-0ubuntu0.24.04.4_amd64.deb ...
2026-10-07T20:45:04.8557495Z Unpacking libglx-mesa0:amd64 (25.2.8-0ubuntu0.24.04.4) over (25.2.8-0ubuntu0.24.04.2) ...
2026-10-07T20:45:04.8898532Z Preparing to unpack .../032-libgbm1_25.2.8-0ubuntu0.24.04.4_amd64.deb ...
2026-10-07T20:45:04.8920431Z Unpacking libgbm1:amd64 (25.2.8-0ubuntu0.24.04.4) over (25.2.8-0ubuntu0.24.04.2) ...
2026-10-07T20:45:04.9256134Z Preparing to unpack .../033-mesa-libgallium_25.2.8-0ubuntu0.24.04.4_amd64.deb ...
2026-10-07T20:45:04.9278012Z Unpacking mesa-libgallium:amd64 (25.2.8-0ubuntu0.24.04.4) over (25.2.8-0ubuntu0.24.04.2) ...
2026-10-07T20:45:05.0927175Z Selecting previously unselected package libgirepository-2.0-0:amd64.
2026-10-07T20:45:05.1053438Z Preparing to unpack .../034-libgirepository-2.0-0_2.80.0-6ubuntu3.9_amd64.deb ...
2026-10-07T20:45:05.1060666Z Unpacking libgirepository-2.0-0:amd64 (2.80.0-6ubuntu3.9) ...
2026-10-07T20:45:05.1259932Z Selecting previously unselected package libhttp-parser2.9:amd64.
2026-10-07T20:45:05.1385926Z Preparing to unpack .../035-libhttp-parser2.9_2.9.4-6build1_amd64.deb ...
2026-10-07T20:45:05.1393897Z Unpacking libhttp-parser2.9:amd64 (2.9.4-6build1) ...
2026-10-07T20:45:05.1594248Z Selecting previously unselected package libgit2-1.7:amd64.
2026-10-07T20:45:05.1723793Z Preparing to unpack .../036-libgit2-1.7_1.7.2+ds-1ubuntu3.2_amd64.deb ...
2026-10-07T20:45:05.1731756Z Unpacking libgit2-1.7:amd64 (1.7.2+ds-1ubuntu3.2) ...
2026-10-07T20:45:05.1993670Z Selecting previously unselected package libglib2.0-dev-bin.
2026-10-07T20:45:05.2122023Z Preparing to unpack .../037-libglib2.0-dev-bin_2.80.0-6ubuntu3.9_amd64.deb ...
2026-10-07T20:45:05.2129175Z Unpacking libglib2.0-dev-bin (2.80.0-6ubuntu3.9) ...
2026-10-07T20:45:05.2393888Z Selecting previously unselected package libblkid-dev:amd64.
2026-10-07T20:45:05.2522143Z Preparing to unpack .../038-libblkid-dev_2.39.3-9ubuntu6.6_amd64.deb ...
2026-10-07T20:45:05.2530171Z Unpacking libblkid-dev:amd64 (2.39.3-9ubuntu6.6) ...
2026-10-07T20:45:05.2758827Z Selecting previously unselected package libsepol-dev:amd64.
2026-10-07T20:45:05.2885431Z Preparing to unpack .../039-libsepol-dev_3.5-2build1_amd64.deb ...
2026-10-07T20:45:05.2893892Z Unpacking libsepol-dev:amd64 (3.5-2build1) ...
2026-10-07T20:45:05.3197319Z Selecting previously unselected package libselinux1-dev:amd64.
2026-10-07T20:45:05.3324533Z Preparing to unpack .../040-libselinux1-dev_3.5-2ubuntu2.1_amd64.deb ...
2026-10-07T20:45:05.3332070Z Unpacking libselinux1-dev:amd64 (3.5-2ubuntu2.1) ...
2026-10-07T20:45:05.3744220Z Selecting previously unselected package libmount-dev:amd64.
2026-10-07T20:45:05.3872204Z Preparing to unpack .../041-libmount-dev_2.39.3-9ubuntu6.6_amd64.deb ...
2026-10-07T20:45:05.3879594Z Unpacking libmount-dev:amd64 (2.39.3-9ubuntu6.6) ...
2026-10-07T20:45:05.4064849Z Selecting previously unselected package libglib2.0-dev:amd64.
2026-10-07T20:45:05.4192300Z Preparing to unpack .../042-libglib2.0-dev_2.80.0-6ubuntu3.9_amd64.deb ...
2026-10-07T20:45:05.4198993Z Unpacking libglib2.0-dev:amd64 (2.80.0-6ubuntu3.9) ...
2026-10-07T20:45:05.5165409Z Selecting previously unselected package libmp3lame0:amd64.
2026-10-07T20:45:05.5294774Z Preparing to unpack .../043-libmp3lame0_3.100-6build1_amd64.deb ...
2026-10-07T20:45:05.5301671Z Unpacking libmp3lame0:amd64 (3.100-6build1) ...
2026-10-07T20:45:05.5511635Z Selecting previously unselected package libmpg123-0t64:amd64.
2026-10-07T20:45:05.5640660Z Preparing to unpack .../044-libmpg123-0t64_1.32.5-1ubuntu1.1_amd64.deb ...
2026-10-07T20:45:05.5648897Z Unpacking libmpg123-0t64:amd64 (1.32.5-1ubuntu1.1) ...
2026-10-07T20:45:05.5864125Z Selecting previously unselected package libopus0:amd64.
2026-10-07T20:45:05.5992871Z Preparing to unpack .../045-libopus0_1.4-1build1_amd64.deb ...
2026-10-07T20:45:05.6001762Z Unpacking libopus0:amd64 (1.4-1build1) ...
2026-10-07T20:45:05.6207854Z Selecting previously unselected package libwebrtc-audio-processing1:amd64.
2026-10-07T20:45:05.6333476Z Preparing to unpack .../046-libwebrtc-audio-processing1_0.3.1-0ubuntu6_amd64.deb ...
2026-10-07T20:45:05.6340595Z Unpacking libwebrtc-audio-processing1:amd64 (0.3.1-0ubuntu6) ...
2026-10-07T20:45:05.6557034Z Selecting previously unselected package libspa-0.2-modules:amd64.
2026-10-07T20:45:05.6683929Z Preparing to unpack .../047-libspa-0.2-modules_1.0.5-1ubuntu3.3_amd64.deb ...
2026-10-07T20:45:05.6692204Z Unpacking libspa-0.2-modules:amd64 (1.0.5-1ubuntu3.3) ...
2026-10-07T20:45:05.6991577Z Selecting previously unselected package libpipewire-0.3-0t64:amd64.
2026-10-07T20:45:05.7118995Z Preparing to unpack .../048-libpipewire-0.3-0t64_1.0.5-1ubuntu3.3_amd64.deb ...
2026-10-07T20:45:05.7125325Z Unpacking libpipewire-0.3-0t64:amd64 (1.0.5-1ubuntu3.3) ...
2026-10-07T20:45:05.7348378Z Selecting previously unselected package libpipewire-0.3-common.
2026-10-07T20:45:05.7476296Z Preparing to unpack .../049-libpipewire-0.3-common_1.0.5-1ubuntu3.3_all.deb ...
2026-10-07T20:45:05.7483855Z Unpacking libpipewire-0.3-common (1.0.5-1ubuntu3.3) ...
2026-10-07T20:45:05.7675000Z Selecting previously unselected package libvorbisenc2:amd64.
2026-10-07T20:45:05.7806575Z Preparing to unpack .../050-libvorbisenc2_1.3.7-1build3_amd64.deb ...
2026-10-07T20:45:05.7815469Z Unpacking libvorbisenc2:amd64 (1.3.7-1build3) ...
2026-10-07T20:45:05.8036151Z Selecting previously unselected package libsndfile1:amd64.
2026-10-07T20:45:05.8164429Z Preparing to unpack .../051-libsndfile1_1.2.2-1ubuntu5.24.04.1_amd64.deb ...
2026-10-07T20:45:05.8172168Z Unpacking libsndfile1:amd64 (1.2.2-1ubuntu5.24.04.1) ...
2026-10-07T20:45:05.8411596Z Selecting previously unselected package libpulse0:amd64.
2026-10-07T20:45:05.8539997Z Preparing to unpack .../052-libpulse0_1%3a16.1+dfsg1-2ubuntu10.1_amd64.deb ...
2026-10-07T20:45:05.8602175Z Unpacking libpulse0:amd64 (1:16.1+dfsg1-2ubuntu10.1) ...
2026-10-07T20:45:05.8890726Z Selecting previously unselected package libspeexdsp1:amd64.
2026-10-07T20:45:05.9017667Z Preparing to unpack .../053-libspeexdsp1_1.2.1-1ubuntu3_amd64.deb ...
2026-10-07T20:45:05.9025083Z Unpacking libspeexdsp1:amd64 (1.2.1-1ubuntu3) ...
2026-10-07T20:45:05.9222733Z Selecting previously unselected package libroc0.3:amd64.
2026-10-07T20:45:05.9350403Z Preparing to unpack .../054-libroc0.3_0.3.0+dfsg-7ubuntu2_amd64.deb ...
2026-10-07T20:45:05.9357243Z Unpacking libroc0.3:amd64 (0.3.0+dfsg-7ubuntu2) ...
2026-10-07T20:45:05.9578391Z Selecting previously unselected package libsoup-3.0-common.
2026-10-07T20:45:05.9704781Z Preparing to unpack .../055-libsoup-3.0-common_3.4.4-5ubuntu0.9_all.deb ...
2026-10-07T20:45:05.9710537Z Unpacking libsoup-3.0-common (3.4.4-5ubuntu0.9) ...
2026-10-07T20:45:05.9896215Z Selecting previously unselected package libsoup-3.0-0:amd64.
2026-10-07T20:45:06.0020493Z Preparing to unpack .../056-libsoup-3.0-0_3.4.4-5ubuntu0.9_amd64.deb ...
2026-10-07T20:45:06.0028202Z Unpacking libsoup-3.0-0:amd64 (3.4.4-5ubuntu0.9) ...
2026-10-07T20:45:06.0248729Z Selecting previously unselected package libsnapd-glib-2-1:amd64.
2026-10-07T20:45:06.0373777Z Preparing to unpack .../057-libsnapd-glib-2-1_1.64-0ubuntu5_amd64.deb ...
2026-10-07T20:45:06.0381007Z Unpacking libsnapd-glib-2-1:amd64 (1.64-0ubuntu5) ...
2026-10-07T20:45:06.0581683Z Selecting previously unselected package libpipewire-0.3-modules:amd64.
2026-10-07T20:45:06.0705757Z Preparing to unpack .../058-libpipewire-0.3-modules_1.0.5-1ubuntu3.3_amd64.deb ...
2026-10-07T20:45:06.0714359Z Unpacking libpipewire-0.3-modules:amd64 (1.0.5-1ubuntu3.3) ...
2026-10-07T20:45:06.1180506Z Selecting previously unselected package libpng-tools.
2026-10-07T20:45:06.1310554Z Preparing to unpack .../059-libpng-tools_1.6.43-5ubuntu0.6_amd64.deb ...
2026-10-07T20:45:06.1319587Z Unpacking libpng-tools (1.6.43-5ubuntu0.6) ...
2026-10-07T20:45:06.1511932Z Selecting previously unselected package libpthread-stubs0-dev:amd64.
2026-10-07T20:45:06.1639990Z Preparing to unpack .../060-libpthread-stubs0-dev_0.4-1build3_amd64.deb ...
2026-10-07T20:45:06.1648388Z Unpacking libpthread-stubs0-dev:amd64 (0.4-1build3) ...
2026-10-07T20:45:06.1838289Z Selecting previously unselected package libssh2-1-dev:amd64.
2026-10-07T20:45:06.1963873Z Preparing to unpack .../061-libssh2-1-dev_1.11.0-4.1ubuntu0.24.04.4_amd64.deb ...
2026-10-07T20:45:06.1971861Z Unpacking libssh2-1-dev:amd64 (1.11.0-4.1ubuntu0.24.04.4) ...
2026-10-07T20:45:06.2495784Z Selecting previously unselected package libva-drm2:amd64.
2026-10-07T20:45:06.2625019Z Preparing to unpack .../062-libva-drm2_2.20.0-2ubuntu0.2_amd64.deb ...
2026-10-07T20:45:06.2632264Z Unpacking libva-drm2:amd64 (2.20.0-2ubuntu0.2) ...
2026-10-07T20:45:06.2825623Z Selecting previously unselected package libva-x11-2:amd64.
2026-10-07T20:45:06.2950801Z Preparing to unpack .../063-libva-x11-2_2.20.0-2ubuntu0.2_amd64.deb ...
2026-10-07T20:45:06.2959807Z Unpacking libva-x11-2:amd64 (2.20.0-2ubuntu0.2) ...
2026-10-07T20:45:06.3152976Z Selecting previously unselected package libva-glx2:amd64.
2026-10-07T20:45:06.3278941Z Preparing to unpack .../064-libva-glx2_2.20.0-2ubuntu0.2_amd64.deb ...
2026-10-07T20:45:06.3287779Z Unpacking libva-glx2:amd64 (2.20.0-2ubuntu0.2) ...
2026-10-07T20:45:06.3480929Z Selecting previously unselected package libva-wayland2:amd64.
2026-10-07T20:45:06.3608896Z Preparing to unpack .../065-libva-wayland2_2.20.0-2ubuntu0.2_amd64.deb ...
2026-10-07T20:45:06.3617010Z Unpacking libva-wayland2:amd64 (2.20.0-2ubuntu0.2) ...
2026-10-07T20:45:06.3810311Z Selecting previously unselected package libwayland-server0:amd64.
2026-10-07T20:45:06.3936692Z Preparing to unpack .../066-libwayland-server0_1.22.0-2.1build1_amd64.deb ...
2026-10-07T20:45:06.3944291Z Unpacking libwayland-server0:amd64 (1.22.0-2.1build1) ...
2026-10-07T20:45:06.4130017Z Selecting previously unselected package libwayland-bin.
2026-10-07T20:45:06.4254050Z Preparing to unpack .../067-libwayland-bin_1.22.0-2.1build1_amd64.deb ...
2026-10-07T20:45:06.4261505Z Unpacking libwayland-bin (1.22.0-2.1build1) ...
2026-10-07T20:45:06.4451993Z Selecting previously unselected package libwayland-dev:amd64.
2026-10-07T20:45:06.4575092Z Preparing to unpack .../068-libwayland-dev_1.22.0-2.1build1_amd64.deb ...
2026-10-07T20:45:06.4581326Z Unpacking libwayland-dev:amd64 (1.22.0-2.1build1) ...
2026-10-07T20:45:06.4849881Z Selecting previously unselected package libset-scalar-perl.
2026-10-07T20:45:06.5001254Z Preparing to unpack .../069-libset-scalar-perl_1.29-3_all.deb ...
2026-10-07T20:45:06.5006739Z Unpacking libset-scalar-perl (1.29-3) ...
2026-10-07T20:45:06.5228152Z Selecting previously unselected package libva-dev:amd64.
2026-10-07T20:45:06.5356091Z Preparing to unpack .../070-libva-dev_2.20.0-2ubuntu0.2_amd64.deb ...
2026-10-07T20:45:06.5364046Z Unpacking libva-dev:amd64 (2.20.0-2ubuntu0.2) ...
2026-10-07T20:45:06.5705170Z Selecting previously unselected package libwireplumber-0.4-0:amd64.
2026-10-07T20:45:06.5832992Z Preparing to unpack .../071-libwireplumber-0.4-0_0.4.17-1ubuntu4.1_amd64.deb ...
2026-10-07T20:45:06.5840678Z Unpacking libwireplumber-0.4-0:amd64 (0.4.17-1ubuntu4.1) ...
2026-10-07T20:45:06.6084834Z Selecting previously unselected package xorg-sgml-doctools.
2026-10-07T20:45:06.6211503Z Preparing to unpack .../072-xorg-sgml-doctools_1%3a1.11-1.1_all.deb ...
2026-10-07T20:45:06.6218549Z Unpacking xorg-sgml-doctools (1:1.11-1.1) ...
2026-10-07T20:45:06.6438536Z Selecting previously unselected package x11proto-dev.
2026-10-07T20:45:06.6563554Z Preparing to unpack .../073-x11proto-dev_2023.2-1_all.deb ...
2026-10-07T20:45:06.6570977Z Unpacking x11proto-dev (2023.2-1) ...
2026-10-07T20:45:06.7048645Z Selecting previously unselected package libxau-dev:amd64.
2026-10-07T20:45:06.7175558Z Preparing to unpack .../074-libxau-dev_1%3a1.0.9-1build6_amd64.deb ...
2026-10-07T20:45:06.7182203Z Unpacking libxau-dev:amd64 (1:1.0.9-1build6) ...
2026-10-07T20:45:06.7610739Z Selecting previously unselected package libxdmcp-dev:amd64.
2026-10-07T20:45:06.7736206Z Preparing to unpack .../075-libxdmcp-dev_1%3a1.1.3-0ubuntu6_amd64.deb ...
2026-10-07T20:45:06.7743252Z Unpacking libxdmcp-dev:amd64 (1:1.1.3-0ubuntu6) ...
2026-10-07T20:45:06.7937043Z Selecting previously unselected package xtrans-dev.
2026-10-07T20:45:06.8060573Z Preparing to unpack .../076-xtrans-dev_1.4.0-1_all.deb ...
2026-10-07T20:45:06.8067741Z Unpacking xtrans-dev (1.4.0-1) ...
2026-10-07T20:45:06.8293375Z Selecting previously unselected package libxcb1-dev:amd64.
2026-10-07T20:45:06.8419007Z Preparing to unpack .../077-libxcb1-dev_1.15-1ubuntu2_amd64.deb ...
2026-10-07T20:45:06.8427412Z Unpacking libxcb1-dev:amd64 (1.15-1ubuntu2) ...
2026-10-07T20:45:06.8644914Z Selecting previously unselected package libx11-dev:amd64.
2026-10-07T20:45:06.8774714Z Preparing to unpack .../078-libx11-dev_2%3a1.8.7-1build1_amd64.deb ...
2026-10-07T20:45:06.8782504Z Unpacking libx11-dev:amd64 (2:1.8.7-1build1) ...
2026-10-07T20:45:06.9085175Z Selecting previously unselected package libx11-xcb-dev:amd64.
2026-10-07T20:45:06.9211696Z Preparing to unpack .../079-libx11-xcb-dev_2%3a1.8.7-1build1_amd64.deb ...
2026-10-07T20:45:06.9218716Z Unpacking libx11-xcb-dev:amd64 (2:1.8.7-1build1) ...
2026-10-07T20:45:06.9418825Z Selecting previously unselected package libxcb-xkb1:amd64.
2026-10-07T20:45:06.9544996Z Preparing to unpack .../080-libxcb-xkb1_1.15-1ubuntu2_amd64.deb ...
2026-10-07T20:45:06.9551529Z Unpacking libxcb-xkb1:amd64 (1.15-1ubuntu2) ...
2026-10-07T20:45:06.9752297Z Selecting previously unselected package libxcb-xkb-dev:amd64.
2026-10-07T20:45:06.9878128Z Preparing to unpack .../081-libxcb-xkb-dev_1.15-1ubuntu2_amd64.deb ...
2026-10-07T20:45:06.9885366Z Unpacking libxcb-xkb-dev:amd64 (1.15-1ubuntu2) ...
2026-10-07T20:45:07.0082675Z Selecting previously unselected package libxkbcommon-dev:amd64.
2026-10-07T20:45:07.0214482Z Preparing to unpack .../082-libxkbcommon-dev_1.6.0-1build1_amd64.deb ...
2026-10-07T20:45:07.0221477Z Unpacking libxkbcommon-dev:amd64 (1.6.0-1build1) ...
2026-10-07T20:45:07.0447778Z Selecting previously unselected package libxkbcommon-x11-0:amd64.
2026-10-07T20:45:07.0576370Z Preparing to unpack .../083-libxkbcommon-x11-0_1.6.0-1build1_amd64.deb ...
2026-10-07T20:45:07.0584868Z Unpacking libxkbcommon-x11-0:amd64 (1.6.0-1build1) ...
2026-10-07T20:45:07.0802347Z Selecting previously unselected package lld:amd64.
2026-10-07T20:45:07.0931880Z Preparing to unpack .../084-lld_1%3a18.0-59~exp2_amd64.deb ...
2026-10-07T20:45:07.0938873Z Unpacking lld:amd64 (1:18.0-59~exp2) ...
2026-10-07T20:45:07.1133565Z Selecting previously unselected package llvm-runtime:amd64.
2026-10-07T20:45:07.1262156Z Preparing to unpack .../085-llvm-runtime_1%3a18.0-59~exp2_amd64.deb ...
2026-10-07T20:45:07.1268203Z Unpacking llvm-runtime:amd64 (1:18.0-59~exp2) ...
2026-10-07T20:45:07.1466711Z Selecting previously unselected package llvm.
2026-10-07T20:45:07.1596274Z Preparing to unpack .../086-llvm_1%3a18.0-59~exp2_amd64.deb ...
2026-10-07T20:45:07.1625054Z Unpacking llvm (1:18.0-59~exp2) ...
2026-10-07T20:45:07.1924488Z Selecting previously unselected package mesa-va-drivers:amd64.
2026-10-07T20:45:07.2052840Z Preparing to unpack .../087-mesa-va-drivers_25.2.8-0ubuntu0.24.04.4_amd64.deb ...
2026-10-07T20:45:07.2059079Z Unpacking mesa-va-drivers:amd64 (25.2.8-0ubuntu0.24.04.4) ...
2026-10-07T20:45:07.2268592Z Selecting previously unselected package pipewire-bin.
2026-10-07T20:45:07.2397280Z Preparing to unpack .../088-pipewire-bin_1.0.5-1ubuntu3.3_amd64.deb ...
2026-10-07T20:45:07.2877632Z Unpacking pipewire-bin (1.0.5-1ubuntu3.3) ...
2026-10-07T20:45:07.3359226Z Selecting previously unselected package pipewire:amd64.
2026-10-07T20:45:07.3487419Z Preparing to unpack .../089-pipewire_1.0.5-1ubuntu3.3_amd64.deb ...
2026-10-07T20:45:07.3494614Z Unpacking pipewire:amd64 (1.0.5-1ubuntu3.3) ...
2026-10-07T20:45:07.3697456Z Selecting previously unselected package pipewire-pulse.
2026-10-07T20:45:07.3825498Z Preparing to unpack .../090-pipewire-pulse_1.0.5-1ubuntu3.3_amd64.deb ...
2026-10-07T20:45:07.3834607Z Unpacking pipewire-pulse (1.0.5-1ubuntu3.3) ...
2026-10-07T20:45:07.4048457Z Selecting previously unselected package rtkit.
2026-10-07T20:45:07.4177616Z Preparing to unpack .../091-rtkit_0.13-5build1_amd64.deb ...
2026-10-07T20:45:07.4242223Z Unpacking rtkit (0.13-5build1) ...
2026-10-07T20:45:07.4542354Z Selecting previously unselected package i965-va-driver:amd64.
2026-10-07T20:45:07.4670389Z Preparing to unpack .../092-i965-va-driver_2.4.1+dfsg1-1ubuntu0.2_amd64.deb ...
2026-10-07T20:45:07.4677882Z Unpacking i965-va-driver:amd64 (2.4.1+dfsg1-1ubuntu0.2) ...
2026-10-07T20:45:07.4922556Z Selecting previously unselected package va-driver-all:amd64.
2026-10-07T20:45:07.5052938Z Preparing to unpack .../093-va-driver-all_2.20.0-2ubuntu0.2_amd64.deb ...
2026-10-07T20:45:07.5062027Z Unpacking va-driver-all:amd64 (2.20.0-2ubuntu0.2) ...
2026-10-07T20:45:07.5266881Z Selecting previously unselected package wireplumber.
2026-10-07T20:45:07.5394704Z Preparing to unpack .../094-wireplumber_0.4.17-1ubuntu4.1_amd64.deb ...
2026-10-07T20:45:07.6123254Z Unpacking wireplumber (0.4.17-1ubuntu4.1) ...
2026-10-07T20:45:07.6427631Z Selecting previously unselected package xdg-desktop-portal.
2026-10-07T20:45:07.6556156Z Preparing to unpack .../095-xdg-desktop-portal_1.18.4-1ubuntu2.24.04.3_amd64.deb ...
2026-10-07T20:45:07.6563232Z Unpacking xdg-desktop-portal (1.18.4-1ubuntu2.24.04.3) ...
2026-10-07T20:45:07.6823342Z Selecting previously unselected package libhttp-parser-dev:amd64.
2026-10-07T20:45:07.6951405Z Preparing to unpack .../096-libhttp-parser-dev_2.9.4-6build1_amd64.deb ...
2026-10-07T20:45:07.6959642Z Unpacking libhttp-parser-dev:amd64 (2.9.4-6build1) ...
2026-10-07T20:45:07.7149978Z Selecting previously unselected package libgit2-dev:amd64.
2026-10-07T20:45:07.7279217Z Preparing to unpack .../097-libgit2-dev_1.7.2+ds-1ubuntu3.2_amd64.deb ...
2026-10-07T20:45:07.7286656Z Unpacking libgit2-dev:amd64 (1.7.2+ds-1ubuntu3.2) ...
2026-10-07T20:45:07.7771448Z Selecting previously unselected package libxkbcommon-x11-dev:amd64.
2026-10-07T20:45:07.7915111Z Preparing to unpack .../098-libxkbcommon-x11-dev_1.6.0-1build1_amd64.deb ...
2026-10-07T20:45:07.7916359Z Unpacking libxkbcommon-x11-dev:amd64 (1.6.0-1build1) ...
2026-10-07T20:45:07.8103225Z Selecting previously unselected package musl:amd64.
2026-10-07T20:45:07.8226143Z Preparing to unpack .../099-musl_1.2.4-2_amd64.deb ...
2026-10-07T20:45:07.8238534Z Unpacking musl:amd64 (1.2.4-2) ...
2026-10-07T20:45:07.8483227Z Selecting previously unselected package musl-dev:amd64.
2026-10-07T20:45:07.8610220Z Preparing to unpack .../100-musl-dev_1.2.4-2_amd64.deb ...
2026-10-07T20:45:07.8616852Z Unpacking musl-dev:amd64 (1.2.4-2) ...
2026-10-07T20:45:07.9218622Z Selecting previously unselected package musl-tools.
2026-10-07T20:45:07.9350123Z Preparing to unpack .../101-musl-tools_1.2.4-2_amd64.deb ...
2026-10-07T20:45:07.9357378Z Unpacking musl-tools (1.2.4-2) ...
2026-10-07T20:45:07.9809236Z Setting up libpipewire-0.3-common (1.0.5-1ubuntu3.3) ...
2026-10-07T20:45:07.9832315Z Setting up bubblewrap (0.9.0-1ubuntu0.3) ...
2026-10-07T20:45:07.9915149Z Setting up libglib2.0-dev-bin (2.80.0-6ubuntu3.9) ...
2026-10-07T20:45:08.1502364Z Setting up bzip2-doc (1.0.8-5.1ubuntu0.1) ...
2026-10-07T20:45:08.1521963Z Setting up libwayland-server0:amd64 (1.22.0-2.1build1) ...
2026-10-07T20:45:08.1542537Z Setting up mesa-libgallium:amd64 (25.2.8-0ubuntu0.24.04.4) ...
2026-10-07T20:45:08.1566965Z Setting up session-migration (0.3.9build1) ...
2026-10-07T20:45:08.2839368Z Created symlink /etc/systemd/user/graphical-session-pre.target.wants/session-migration.service → /usr/lib/systemd/user/session-migration.service.
2026-10-07T20:45:08.2840032Z 
2026-10-07T20:45:08.2869027Z Setting up rtkit (0.13-5build1) ...
2026-10-07T20:45:08.5910657Z Setting up libproxy1v5:amd64 (0.5.4-4build1) ...
2026-10-07T20:45:08.5928548Z Setting up libgbm1:amd64 (25.2.8-0ubuntu0.24.04.4) ...
2026-10-07T20:45:08.5946825Z Setting up libpng-tools (1.6.43-5ubuntu0.6) ...
2026-10-07T20:45:08.5964919Z Setting up libgirepository-2.0-0:amd64 (2.80.0-6ubuntu3.9) ...
2026-10-07T20:45:08.5985419Z Setting up lld:amd64 (1:18.0-59~exp2) ...
2026-10-07T20:45:08.6006598Z Setting up libxkbcommon-dev:amd64 (1.6.0-1build1) ...
2026-10-07T20:45:08.6029014Z Setting up libgl1-mesa-dri:amd64 (25.2.8-0ubuntu0.24.04.4) ...
2026-10-07T20:45:08.6108879Z Setting up libpng-dev:amd64 (1.6.43-5ubuntu0.6) ...
2026-10-07T20:45:08.6127391Z Setting up libwebrtc-audio-processing1:amd64 (0.3.1-0ubuntu6) ...
2026-10-07T20:45:08.6151126Z Setting up libigdgmm12:amd64 (22.3.17+ds1-1ubuntu1) ...
2026-10-07T20:45:08.6172917Z Setting up libsoup-3.0-common (3.4.4-5ubuntu0.9) ...
2026-10-07T20:45:08.6199984Z Setting up libmpg123-0t64:amd64 (1.32.5-1ubuntu1.1) ...
2026-10-07T20:45:08.6222839Z Setting up libpthread-stubs0-dev:amd64 (0.4-1build3) ...
2026-10-07T20:45:08.6243448Z Setting up libxcb-xkb1:amd64 (1.15-1ubuntu2) ...
2026-10-07T20:45:08.6261205Z Setting up xtrans-dev (1.4.0-1) ...
2026-10-07T20:45:08.6278904Z Setting up libwayland-bin (1.22.0-2.1build1) ...
2026-10-07T20:45:08.6296677Z Setting up libva2:amd64 (2.20.0-2ubuntu0.2) ...
2026-10-07T20:45:08.6319414Z Setting up libfreetype6:amd64 (2.13.2+dfsg-1ubuntu0.2) ...
2026-10-07T20:45:08.6339300Z Setting up libspa-0.2-modules:amd64 (1.0.5-1ubuntu3.3) ...
2026-10-07T20:45:08.6361167Z Setting up uuid-dev:amd64 (2.39.3-9ubuntu6.6) ...
2026-10-07T20:45:08.6380817Z Setting up clang (1:18.0-59~exp2) ...
2026-10-07T20:45:08.6584216Z Setting up llvm-runtime:amd64 (1:18.0-59~exp2) ...
2026-10-07T20:45:08.6602907Z Setting up libasm1t64:amd64 (0.190-1.1ubuntu0.1) ...
2026-10-07T20:45:08.6621963Z Setting up libopus0:amd64 (1.4-1build1) ...
2026-10-07T20:45:08.6642731Z Setting up libxkbcommon-x11-0:amd64 (1.6.0-1build1) ...
2026-10-07T20:45:08.6666767Z Setting up intel-media-va-driver:amd64 (24.1.0+dfsg1-1ubuntu0.2) ...
2026-10-07T20:45:08.6684665Z Setting up libssl-dev:amd64 (3.0.13-0ubuntu3.16) ...
2026-10-07T20:45:08.6703738Z Setting up libjsoncpp25:amd64 (1.9.5-6build1) ...
2026-10-07T20:45:08.6725743Z Setting up llvm (1:18.0-59~exp2) ...
2026-10-07T20:45:08.6743606Z Setting up libsepol-dev:amd64 (3.5-2build1) ...
2026-10-07T20:45:08.6765522Z Setting up libssh2-1-dev:amd64 (1.11.0-4.1ubuntu0.24.04.4) ...
2026-10-07T20:45:08.6785820Z Setting up libset-scalar-perl (1.29-3) ...
2026-10-07T20:45:08.6803328Z Setting up libva-wayland2:amd64 (2.20.0-2ubuntu0.2) ...
2026-10-07T20:45:08.6829278Z Setting up musl:amd64 (1.2.4-2) ...
2026-10-07T20:45:08.6860714Z Setting up libva-drm2:amd64 (2.20.0-2ubuntu0.2) ...
2026-10-07T20:45:08.6880933Z Setting up libasyncns0:amd64 (0.8-6build4) ...
2026-10-07T20:45:08.6899002Z Setting up librhash0:amd64 (1.4.3-3build1) ...
2026-10-07T20:45:08.6917703Z Setting up libspeexdsp1:amd64 (1.2.1-1ubuntu3) ...
2026-10-07T20:45:08.6939958Z Setting up build-essential (12.10ubuntu1) ...
2026-10-07T20:45:08.6958583Z Setting up xorg-sgml-doctools (1:1.11-1.1) ...
2026-10-07T20:45:08.6987439Z Setting up cmake-data (3.28.3-1build7) ...
2026-10-07T20:45:08.7052830Z Setting up libflac12t64:amd64 (1.4.3+ds-2.1ubuntu2) ...
2026-10-07T20:45:08.7071164Z Setting up mesa-va-drivers:amd64 (25.2.8-0ubuntu0.24.04.4) ...
2026-10-07T20:45:08.7093386Z Setting up glib-networking-common (2.80.0-1build1) ...
2026-10-07T20:45:08.7110981Z Setting up libasound2-dev:amd64 (1.2.11-1ubuntu0.3) ...
2026-10-07T20:45:08.7135122Z Setting up libva-x11-2:amd64 (2.20.0-2ubuntu0.2) ...
2026-10-07T20:45:08.7154363Z Setting up openssl (3.0.13-0ubuntu3.16) ...
2026-10-07T20:45:08.7190894Z Setting up libva-glx2:amd64 (2.20.0-2ubuntu0.2) ...
2026-10-07T20:45:08.7211042Z Setting up libpipewire-0.3-0t64:amd64 (1.0.5-1ubuntu3.3) ...
2026-10-07T20:45:08.7228606Z Setting up libbrotli-dev:amd64 (1.1.0-2build2) ...
2026-10-07T20:45:08.7248486Z Setting up libmp3lame0:amd64 (3.100-6build1) ...
2026-10-07T20:45:08.7266632Z Setting up i965-va-driver:amd64 (2.4.1+dfsg1-1ubuntu0.2) ...
2026-10-07T20:45:08.7295772Z Setting up libhttp-parser2.9:amd64 (2.9.4-6build1) ...
2026-10-07T20:45:08.7316328Z Setting up libvorbisenc2:amd64 (1.3.7-1build3) ...
2026-10-07T20:45:08.7333951Z Setting up libbz2-dev:amd64 (1.0.8-5.1ubuntu0.1) ...
2026-10-07T20:45:08.7355036Z Setting up gsettings-desktop-schemas (46.1-0ubuntu1) ...
2026-10-07T20:45:08.7373625Z Setting up glib-networking-services (2.80.0-1build1) ...
2026-10-07T20:45:08.7391550Z Setting up libblkid-dev:amd64 (2.39.3-9ubuntu6.6) ...
2026-10-07T20:45:08.7414219Z Setting up libhttp-parser-dev:amd64 (2.9.4-6build1) ...
2026-10-07T20:45:08.7432533Z Setting up elfutils (0.190-1.1ubuntu0.1) ...
2026-10-07T20:45:08.7453770Z Setting up libglx-mesa0:amd64 (25.2.8-0ubuntu0.24.04.4) ...
2026-10-07T20:45:08.7473838Z Setting up xdg-desktop-portal (1.18.4-1ubuntu2.24.04.3) ...
2026-10-07T20:45:08.8516215Z Created symlink /etc/systemd/user/graphical-session-pre.target.wants/xdg-desktop-portal-rewrite-launchers.service → /usr/lib/systemd/user/xdg-desktop-portal-rewrite-launchers.service.
2026-10-07T20:45:08.8517544Z 
2026-10-07T20:45:08.8549349Z Setting up libwireplumber-0.4-0:amd64 (0.4.17-1ubuntu4.1) ...
2026-10-07T20:45:08.8569148Z Setting up libselinux1-dev:amd64 (3.5-2ubuntu2.1) ...
2026-10-07T20:45:08.8593648Z Setting up libroc0.3:amd64 (0.3.0+dfsg-7ubuntu2) ...
2026-10-07T20:45:08.8611888Z Setting up libwayland-dev:amd64 (1.22.0-2.1build1) ...
2026-10-07T20:45:08.8628969Z Setting up libfreetype-dev:amd64 (2.13.2+dfsg-1ubuntu0.2) ...
2026-10-07T20:45:08.8648328Z Setting up libva-dev:amd64 (2.20.0-2ubuntu0.2) ...
2026-10-07T20:45:08.8667056Z Setting up musl-dev:amd64 (1.2.4-2) ...
2026-10-07T20:45:08.8697717Z Setting up va-driver-all:amd64 (2.20.0-2ubuntu0.2) ...
2026-10-07T20:45:08.8718318Z Setting up cmake (3.28.3-1build7) ...
2026-10-07T20:45:08.8737719Z Setting up libgit2-1.7:amd64 (1.7.2+ds-1ubuntu3.2) ...
2026-10-07T20:45:08.8757261Z Setting up libsndfile1:amd64 (1.2.2-1ubuntu5.24.04.1) ...
2026-10-07T20:45:08.8776211Z Setting up libmount-dev:amd64 (2.39.3-9ubuntu6.6) ...
2026-10-07T20:45:08.8796939Z Setting up libgit2-dev:amd64 (1.7.2+ds-1ubuntu3.2) ...
2026-10-07T20:45:08.9044697Z Setting up libpulse0:amd64 (1:16.1+dfsg1-2ubuntu10.1) ...
2026-10-07T20:45:08.9114280Z Setting up libfontconfig-dev:amd64 (2.15.0-1.1ubuntu2) ...
2026-10-07T20:45:08.9131856Z Setting up musl-tools (1.2.4-2) ...
2026-10-07T20:45:08.9150656Z Setting up libglib2.0-dev:amd64 (2.80.0-6ubuntu3.9) ...
2026-10-07T20:45:08.9291665Z Processing triggers for sgml-base (1.31) ...
2026-10-07T20:45:08.9519443Z Processing triggers for install-info (7.1-3build2) ...
2026-10-07T20:45:09.2244940Z Setting up x11proto-dev (2023.2-1) ...
2026-10-07T20:45:09.2270235Z Setting up libxau-dev:amd64 (1:1.0.9-1build6) ...
2026-10-07T20:45:09.2289656Z Processing triggers for libc-bin (2.39-0ubuntu8.9) ...
2026-10-07T20:45:09.2690219Z Processing triggers for man-db (2.12.0-4build2) ...
2026-10-07T20:45:09.2711742Z Not building database; man-db/auto-update is not 'true'.
2026-10-07T20:45:09.2735545Z Setting up libxdmcp-dev:amd64 (1:1.1.3-0ubuntu6) ...
2026-10-07T20:45:09.2760306Z Processing triggers for libglib2.0-0t64:amd64 (2.80.0-6ubuntu3.9) ...
2026-10-07T20:45:09.3210420Z Processing triggers for dbus (1.14.10-4ubuntu4.1) ...
2026-10-07T20:45:09.3347445Z Setting up glib-networking:amd64 (2.80.0-1build1) ...
2026-10-07T20:45:09.3378359Z Setting up libxcb1-dev:amd64 (1.15-1ubuntu2) ...
2026-10-07T20:45:09.3402737Z Setting up libxcb-xkb-dev:amd64 (1.15-1ubuntu2) ...
2026-10-07T20:45:09.3423978Z Setting up libsoup-3.0-0:amd64 (3.4.4-5ubuntu0.9) ...
2026-10-07T20:45:09.3452347Z Setting up libx11-dev:amd64 (2:1.8.7-1build1) ...
2026-10-07T20:45:09.3499611Z Setting up libsnapd-glib-2-1:amd64 (1.64-0ubuntu5) ...
2026-10-07T20:45:09.3535814Z Setting up libxkbcommon-x11-dev:amd64 (1.6.0-1build1) ...
2026-10-07T20:45:09.3555455Z Setting up libx11-xcb-dev:amd64 (2:1.8.7-1build1) ...
2026-10-07T20:45:09.3588581Z Setting up libpipewire-0.3-modules:amd64 (1.0.5-1ubuntu3.3) ...
2026-10-07T20:45:09.3637018Z Setting up pipewire-bin (1.0.5-1ubuntu3.3) ...
2026-10-07T20:45:09.4147824Z Setting up pipewire:amd64 (1.0.5-1ubuntu3.3) ...
2026-10-07T20:45:09.5676196Z Created symlink /etc/systemd/user/default.target.wants/filter-chain.service → /usr/lib/systemd/user/filter-chain.service.
2026-10-07T20:45:09.5677135Z 
2026-10-07T20:45:09.5677920Z Created symlink /etc/systemd/user/sockets.target.wants/pipewire.socket → /usr/lib/systemd/user/pipewire.socket.
2026-10-07T20:45:09.5678423Z 
2026-10-07T20:45:09.6724605Z Created symlink /etc/systemd/user/default.target.wants/pipewire.service → /usr/lib/systemd/user/pipewire.service.
2026-10-07T20:45:09.6725513Z 
2026-10-07T20:45:09.7798420Z Setting up wireplumber (0.4.17-1ubuntu4.1) ...
2026-10-07T20:45:09.8830252Z Created symlink /etc/systemd/user/pipewire.service.wants/wireplumber.service → /usr/lib/systemd/user/wireplumber.service.
2026-10-07T20:45:09.8830808Z 
2026-10-07T20:45:09.9572321Z Setting up pipewire-pulse (1.0.5-1ubuntu3.3) ...
2026-10-07T20:45:10.0614973Z Created symlink /etc/systemd/user/default.target.wants/pipewire-pulse.service → /usr/lib/systemd/user/pipewire-pulse.service.
2026-10-07T20:45:10.0615577Z 
2026-10-07T20:45:10.0616130Z Created symlink /etc/systemd/user/sockets.target.wants/pipewire-pulse.socket → /usr/lib/systemd/user/pipewire-pulse.socket.
2026-10-07T20:45:10.0616946Z 
2026-10-07T20:45:10.1679726Z Processing triggers for libc-bin (2.39-0ubuntu8.9) ...
2026-10-07T20:45:10.7339967Z 
2026-10-07T20:45:10.7340417Z Running kernel seems to be up-to-date.
2026-10-07T20:45:10.7340723Z 
2026-10-07T20:45:10.7340840Z Restarting services...
2026-10-07T20:45:10.7824189Z  /etc/needrestart/restart.d/systemd-manager
2026-10-07T20:45:11.1014491Z  systemctl restart packagekit.service php8.3-fpm.service systemd-journald.service systemd-networkd.service systemd-resolved.service systemd-udevd.service udisks2.service
2026-10-07T20:45:11.2887731Z 
2026-10-07T20:45:11.2888315Z Service restarts being deferred:
2026-10-07T20:45:11.2888861Z  systemctl restart hosted-compute-agent.service
2026-10-07T20:45:11.2889227Z  systemctl restart systemd-logind.service
2026-10-07T20:45:11.2889543Z  systemctl restart walinuxagent.service
2026-10-07T20:45:11.2889743Z 
2026-10-07T20:45:11.2889838Z No containers need to be restarted.
2026-10-07T20:45:11.2890017Z 
2026-10-07T20:45:11.2890122Z User sessions running outdated binaries:
2026-10-07T20:45:11.2890433Z  runner @ user manager service: systemd[1156]
2026-10-07T20:45:11.2994142Z 
2026-10-07T20:45:11.2994668Z No VM guests are running outdated hypervisor (qemu) binaries on this host.
2026-10-07T20:45:12.1257744Z + finalize
2026-10-07T20:45:12.1258308Z + which rustup
2026-10-07T20:45:12.1268964Z + cat
2026-10-07T20:45:12.1279273Z Finished installing Linux dependencies with script/linux
2026-10-07T20:45:12.1281227Z + exit 0
2026-10-07T20:45:12.1335374Z ##[group]Run sudo apt-get update
2026-10-07T20:45:12.1336017Z [36;1msudo apt-get update[0m
2026-10-07T20:45:12.1336697Z [36;1msudo apt-get install -y libvulkan1 mesa-vulkan-drivers[0m
2026-10-07T20:45:12.1337629Z [36;1mvulkan_icd="$(find /usr/share/vulkan/icd.d -name 'lvp_icd*.json' -print -quit)"[0m
2026-10-07T20:45:12.1338475Z [36;1mtest -n "$vulkan_icd"[0m
2026-10-07T20:45:12.1339023Z [36;1mecho "VK_DRIVER_FILES=$vulkan_icd" >> "$GITHUB_ENV"[0m
2026-10-07T20:45:12.1440127Z shell: /usr/bin/bash --noprofile --norc -e -o pipefail {0}
2026-10-07T20:45:12.1440709Z env:
2026-10-07T20:45:12.1441027Z   CARGO_TERM_COLOR: always
2026-10-07T20:45:12.1441437Z   CARGO_INCREMENTAL: 0
2026-10-07T20:45:12.1441819Z   CARGO_PROFILE_DEV_DEBUG: 0
2026-10-07T20:45:12.1442260Z   CARGO_PROFILE_DEV_BUILD_OVERRIDE_DEBUG: 0
2026-10-07T20:45:12.1442750Z   RUST_BACKTRACE: 1
2026-10-07T20:45:12.1443357Z   CC: clang
2026-10-07T20:45:12.1443677Z   CXX: clang++
2026-10-07T20:45:12.1444089Z   WGPU_BACKEND: vulkan
2026-10-07T20:45:12.1444460Z   CI_TEST_FILTER: 
2026-10-07T20:45:12.1444801Z   CI_TEST_MODE: full
2026-10-07T20:45:12.1445168Z   CARGO_BUILD_JOBS: 4
2026-10-07T20:45:12.1445542Z   CI_TEST_THREADS: 4
2026-10-07T20:45:12.1445906Z ##[endgroup]
2026-10-07T20:45:12.2134687Z Get:1 file:/etc/apt/apt-mirrors.txt Mirrorlist [144 B]
2026-10-07T20:45:12.2480848Z Hit:2 http://azure.archive.ubuntu.com/ubuntu noble InRelease
2026-10-07T20:45:12.2481753Z Hit:6 https://packages.microsoft.com/ubuntu/24.04/prod noble InRelease
2026-10-07T20:45:12.2514087Z Hit:3 http://azure.archive.ubuntu.com/ubuntu noble-updates InRelease
2026-10-07T20:45:12.2533879Z Hit:4 http://azure.archive.ubuntu.com/ubuntu noble-backports InRelease
2026-10-07T20:45:12.2563764Z Hit:5 http://azure.archive.ubuntu.com/ubuntu noble-security InRelease
2026-10-07T20:45:13.4252743Z Reading package lists...
2026-10-07T20:45:13.4546956Z Reading package lists...
2026-10-07T20:45:13.6213421Z Building dependency tree...
2026-10-07T20:45:13.6221263Z Reading state information...
2026-10-07T20:45:13.7689574Z libvulkan1 is already the newest version (1.3.275.0-1build1).
2026-10-07T20:45:13.7690376Z The following NEW packages will be installed:
2026-10-07T20:45:13.7690997Z   mesa-vulkan-drivers
2026-10-07T20:45:13.7848914Z 0 upgraded, 1 newly installed, 0 to remove and 22 not upgraded.
2026-10-07T20:45:13.7849464Z Need to get 17.5 MB of archives.
2026-10-07T20:45:13.7849815Z After this operation, 98.5 MB of additional disk space will be used.
2026-10-07T20:45:13.7850258Z Get:1 file:/etc/apt/apt-mirrors.txt Mirrorlist [144 B]
2026-10-07T20:45:28.9151171Z Get:2 http://azure.archive.ubuntu.com/ubuntu noble-updates/main amd64 mesa-vulkan-drivers amd64 25.2.8-0ubuntu0.24.04.4 [17.5 MB]
2026-10-07T20:45:29.6143297Z Fetched 17.5 MB in 16s (1122 kB/s)
2026-10-07T20:45:29.6336163Z Selecting previously unselected package mesa-vulkan-drivers:amd64.
2026-10-07T20:45:29.6395319Z (Reading database ... 
2026-10-07T20:45:29.6395965Z (Reading database ... 5%
2026-10-07T20:45:29.6396692Z (Reading database ... 10%
2026-10-07T20:45:29.6397178Z (Reading database ... 15%
2026-10-07T20:45:29.6397591Z (Reading database ... 20%
2026-10-07T20:45:29.6398007Z (Reading database ... 25%
2026-10-07T20:45:29.6398411Z (Reading database ... 30%
2026-10-07T20:45:29.6398799Z (Reading database ... 35%
2026-10-07T20:45:29.6399185Z (Reading database ... 40%
2026-10-07T20:45:29.6399566Z (Reading database ... 45%
2026-10-07T20:45:29.6399964Z (Reading database ... 50%
2026-10-07T20:45:29.6425335Z (Reading database ... 55%
2026-10-07T20:45:29.6526086Z (Reading database ... 60%
2026-10-07T20:45:29.6550786Z (Reading database ... 65%
2026-10-07T20:45:29.6571224Z (Reading database ... 70%
2026-10-07T20:45:29.6608355Z (Reading database ... 75%
2026-10-07T20:45:29.6639814Z (Reading database ... 80%
2026-10-07T20:45:29.6761565Z (Reading database ... 85%
2026-10-07T20:45:29.6811748Z (Reading database ... 90%
2026-10-07T20:45:29.7052045Z (Reading database ... 95%
2026-10-07T20:45:29.7052879Z (Reading database ... 100%
2026-10-07T20:45:29.7053657Z (Reading database ... 208585 files and directories currently installed.)
2026-10-07T20:45:29.7091430Z Preparing to unpack .../mesa-vulkan-drivers_25.2.8-0ubuntu0.24.04.4_amd64.deb ...
2026-10-07T20:45:29.7105694Z Unpacking mesa-vulkan-drivers:amd64 (25.2.8-0ubuntu0.24.04.4) ...
2026-10-07T20:45:30.0342057Z Setting up mesa-vulkan-drivers:amd64 (25.2.8-0ubuntu0.24.04.4) ...
2026-10-07T20:45:30.0369570Z Processing triggers for libc-bin (2.39-0ubuntu8.9) ...
2026-10-07T20:45:30.4819343Z 
2026-10-07T20:45:30.4820013Z Running kernel seems to be up-to-date.
2026-10-07T20:45:30.4820500Z 
2026-10-07T20:45:30.4820641Z Restarting services...
2026-10-07T20:45:30.5028587Z 
2026-10-07T20:45:30.5029074Z Service restarts being deferred:
2026-10-07T20:45:30.5029643Z  systemctl restart hosted-compute-agent.service
2026-10-07T20:45:30.5030258Z  systemctl restart systemd-logind.service
2026-10-07T20:45:30.5030793Z  systemctl restart walinuxagent.service
2026-10-07T20:45:30.5031116Z 
2026-10-07T20:45:30.5031305Z No containers need to be restarted.
2026-10-07T20:45:30.5031624Z 
2026-10-07T20:45:30.5031801Z User sessions running outdated binaries:
2026-10-07T20:45:30.5032482Z  runner @ user manager service: systemd[1156]
2026-10-07T20:45:30.5091986Z 
2026-10-07T20:45:30.5092528Z No VM guests are running outdated hypervisor (qemu) binaries on this host.
2026-10-07T20:45:31.3288936Z ##[group]Run rustup show active-toolchain
2026-10-07T20:45:31.3289502Z [36;1mrustup show active-toolchain[0m
2026-10-07T20:45:31.3384705Z shell: /usr/bin/bash --noprofile --norc -e -o pipefail {0}
2026-10-07T20:45:31.3385277Z env:
2026-10-07T20:45:31.3385618Z   CARGO_TERM_COLOR: always
2026-10-07T20:45:31.3386026Z   CARGO_INCREMENTAL: 0
2026-10-07T20:45:31.3386416Z   CARGO_PROFILE_DEV_DEBUG: 0
2026-10-07T20:45:31.3386867Z   CARGO_PROFILE_DEV_BUILD_OVERRIDE_DEBUG: 0
2026-10-07T20:45:31.3387369Z   RUST_BACKTRACE: 1
2026-10-07T20:45:31.3387713Z   CC: clang
2026-10-07T20:45:31.3388040Z   CXX: clang++
2026-10-07T20:45:31.3388372Z   WGPU_BACKEND: vulkan
2026-10-07T20:45:31.3388744Z   CI_TEST_FILTER: 
2026-10-07T20:45:31.3389101Z   CI_TEST_MODE: full
2026-10-07T20:45:31.3389469Z   CARGO_BUILD_JOBS: 4
2026-10-07T20:45:31.3389846Z   CI_TEST_THREADS: 4
2026-10-07T20:45:31.3390308Z   VK_DRIVER_FILES: /usr/share/vulkan/icd.d/lvp_icd.json
2026-10-07T20:45:31.3390861Z ##[endgroup]
2026-10-07T20:45:31.4470006Z info: syncing channel updates for 1.98.1-x86_64-unknown-linux-gnu
2026-10-07T20:45:31.5592394Z info: latest update on 2026-09-03 for version 1.98.1 (48a229cea 2026-09-01)
2026-10-07T20:45:31.5596177Z info: downloading 10 components
2026-10-07T20:45:46.0435927Z warn: the missing active toolchain `1.98.1-x86_64-unknown-linux-gnu` has been auto-installed
2026-10-07T20:45:46.0437117Z 1.98.1-x86_64-unknown-linux-gnu (overridden by '/home/runner/work/koda/koda/rust-toolchain.toml')
2026-10-07T20:45:46.0438337Z warn: auto-installation is deprecated for most `rustup` commands
2026-10-07T20:45:46.0439041Z warn: scripts relying on this behavior in `rustup` may stop working in the future
2026-10-07T20:45:46.0439850Z warn: to install the active toolchain, use `rustup install` instead
2026-10-07T20:45:46.0440596Z warn: see <https://github.com/rust-lang/rustup/issues/4836> for more info
2026-10-07T20:45:46.2168248Z ##[group]Run actions/cache/restore@0057852bfaa89a56745cba8c7296529d2fc39830
2026-10-07T20:45:46.2168694Z with:
2026-10-07T20:45:46.2169007Z   path: .ci-cache/cargo-sources/registry
.ci-cache/cargo-sources/git

2026-10-07T20:45:46.2169389Z   enableCrossOsArchive: true
2026-10-07T20:45:46.2170179Z   key: fork-ci-source-v3-shared-eff68d54502d28a838f84354ec306df7a6499991c0c1d8518658bc8ecc2758fa-62433dcec7df1eda715520c2f18b1f29c6d8044897077192799fc2bdd7cd0f98
2026-10-07T20:45:46.2171240Z   restore-keys: fork-ci-source-v3-shared-eff68d54502d28a838f84354ec306df7a6499991c0c1d8518658bc8ecc2758fa-
2026-10-07T20:45:46.2171797Z   fail-on-cache-miss: false
2026-10-07T20:45:46.2172030Z   lookup-only: false
2026-10-07T20:45:46.2172229Z env:
2026-10-07T20:45:46.2172416Z   CARGO_TERM_COLOR: always
2026-10-07T20:45:46.2172638Z   CARGO_INCREMENTAL: 0
2026-10-07T20:45:46.2172851Z   CARGO_PROFILE_DEV_DEBUG: 0
2026-10-07T20:45:46.2173474Z   CARGO_PROFILE_DEV_BUILD_OVERRIDE_DEBUG: 0
2026-10-07T20:45:46.2173808Z   RUST_BACKTRACE: 1
2026-10-07T20:45:46.2174007Z   CC: clang
2026-10-07T20:45:46.2174180Z   CXX: clang++
2026-10-07T20:45:46.2174367Z   WGPU_BACKEND: vulkan
2026-10-07T20:45:46.2174566Z   CI_TEST_FILTER: 
2026-10-07T20:45:46.2174759Z   CI_TEST_MODE: full
2026-10-07T20:45:46.2174959Z   CARGO_BUILD_JOBS: 4
2026-10-07T20:45:46.2175158Z   CI_TEST_THREADS: 4
2026-10-07T20:45:46.2175446Z   VK_DRIVER_FILES: /usr/share/vulkan/icd.d/lvp_icd.json
2026-10-07T20:45:46.2175755Z ##[endgroup]
2026-10-07T20:45:46.3252440Z (node:6445) [DEP0040] DeprecationWarning: The `punycode` module is deprecated. Please use a userland alternative instead.
2026-10-07T20:45:46.3253804Z (Use `node --trace-deprecation ...` to show where the warning was created)
2026-10-07T20:45:46.3941094Z Cache not found for input keys: fork-ci-source-v3-shared-eff68d54502d28a838f84354ec306df7a6499991c0c1d8518658bc8ecc2758fa-62433dcec7df1eda715520c2f18b1f29c6d8044897077192799fc2bdd7cd0f98, fork-ci-source-v3-shared-eff68d54502d28a838f84354ec306df7a6499991c0c1d8518658bc8ecc2758fa-
2026-10-07T20:45:46.5222767Z ##[group]Run actions/cache/restore@0057852bfaa89a56745cba8c7296529d2fc39830
2026-10-07T20:45:46.5223511Z with:
2026-10-07T20:45:46.5223732Z   path: ~/.cargo/registry
~/.cargo/git

2026-10-07T20:45:46.5224547Z   key: fork-ci-source-v2-Linux-X64-eff68d54502d28a838f84354ec306df7a6499991c0c1d8518658bc8ecc2758fa-62433dcec7df1eda715520c2f18b1f29c6d8044897077192799fc2bdd7cd0f98
2026-10-07T20:45:46.5225397Z   restore-keys: fork-ci-source-v2-Linux-X64-
2026-10-07T20:45:46.5225699Z   enableCrossOsArchive: false
2026-10-07T20:45:46.5225952Z   fail-on-cache-miss: false
2026-10-07T20:45:46.5226203Z   lookup-only: false
2026-10-07T20:45:46.5226408Z env:
2026-10-07T20:45:46.5226591Z   CARGO_TERM_COLOR: always
2026-10-07T20:45:46.5226817Z   CARGO_INCREMENTAL: 0
2026-10-07T20:45:46.5227036Z   CARGO_PROFILE_DEV_DEBUG: 0
2026-10-07T20:45:46.5227296Z   CARGO_PROFILE_DEV_BUILD_OVERRIDE_DEBUG: 0
2026-10-07T20:45:46.5227568Z   RUST_BACKTRACE: 1
2026-10-07T20:45:46.5227764Z   CC: clang
2026-10-07T20:45:46.5227976Z   CXX: clang++
2026-10-07T20:45:46.5228166Z   WGPU_BACKEND: vulkan
2026-10-07T20:45:46.5228370Z   CI_TEST_FILTER: 
2026-10-07T20:45:46.5228565Z   CI_TEST_MODE: full
2026-10-07T20:45:46.5228767Z   CARGO_BUILD_JOBS: 4
2026-10-07T20:45:46.5228971Z   CI_TEST_THREADS: 4
2026-10-07T20:45:46.5229224Z   VK_DRIVER_FILES: /usr/share/vulkan/icd.d/lvp_icd.json
2026-10-07T20:45:46.5229526Z ##[endgroup]
2026-10-07T20:45:46.6275899Z (node:6480) [DEP0040] DeprecationWarning: The `punycode` module is deprecated. Please use a userland alternative instead.
2026-10-07T20:45:46.6277527Z (Use `node --trace-deprecation ...` to show where the warning was created)
2026-10-07T20:45:46.7051891Z Cache not found for input keys: fork-ci-source-v2-Linux-X64-eff68d54502d28a838f84354ec306df7a6499991c0c1d8518658bc8ecc2758fa-62433dcec7df1eda715520c2f18b1f29c6d8044897077192799fc2bdd7cd0f98, fork-ci-source-v2-Linux-X64-
2026-10-07T20:45:46.9872824Z ##[group]Run actions/cache/restore@0057852bfaa89a56745cba8c7296529d2fc39830
2026-10-07T20:45:46.9873566Z with:
2026-10-07T20:45:46.9876271Z   path: target/debug/.fingerprint
target/debug/build
target/debug/deps/*.rlib
target/debug/deps/*.rmeta
target/debug/deps/*.so
target/debug/deps/*.a
target/debug/deps/*.d
extensions/test-extension/target/debug/.fingerprint
extensions/test-extension/target/debug/build
extensions/test-extension/target/debug/deps/*.rlib
extensions/test-extension/target/debug/deps/*.rmeta
extensions/test-extension/target/debug/deps/*.so
extensions/test-extension/target/debug/deps/*.a
extensions/test-extension/target/debug/deps/*.d
extensions/test-extension/target/wasm32-wasip2/debug/.fingerprint
extensions/test-extension/target/wasm32-wasip2/debug/build
extensions/test-extension/target/wasm32-wasip2/debug/deps
extensions/test-extension/target/wasm32-wasip2/debug/*.wasm

2026-10-07T20:45:46.9879987Z   key: fork-ci-build-v2-Linux-X64-ubuntu24.04-dev-debug0-eff68d54502d28a838f84354ec306df7a6499991c0c1d8518658bc8ecc2758fa-62433dcec7df1eda715520c2f18b1f29c6d8044897077192799fc2bdd7cd0f98-cd2735eb6183508c5903cdafca9f9936b601cbcb
2026-10-07T20:45:46.9882289Z   restore-keys: fork-ci-build-v2-Linux-X64-ubuntu24.04-dev-debug0-eff68d54502d28a838f84354ec306df7a6499991c0c1d8518658bc8ecc2758fa-62433dcec7df1eda715520c2f18b1f29c6d8044897077192799fc2bdd7cd0f98-
fork-ci-build-v2-Linux-X64-ubuntu24.04-dev-debug0-eff68d54502d28a838f84354ec306df7a6499991c0c1d8518658bc8ecc2758fa-

2026-10-07T20:45:46.9883967Z   enableCrossOsArchive: false
2026-10-07T20:45:46.9884216Z   fail-on-cache-miss: false
2026-10-07T20:45:46.9884445Z   lookup-only: false
2026-10-07T20:45:46.9884643Z env:
2026-10-07T20:45:46.9884835Z   CARGO_TERM_COLOR: always
2026-10-07T20:45:46.9885053Z   CARGO_INCREMENTAL: 0
2026-10-07T20:45:46.9885266Z   CARGO_PROFILE_DEV_DEBUG: 0
2026-10-07T20:45:46.9885517Z   CARGO_PROFILE_DEV_BUILD_OVERRIDE_DEBUG: 0
2026-10-07T20:45:46.9885787Z   RUST_BACKTRACE: 1
2026-10-07T20:45:46.9885988Z   CC: clang
2026-10-07T20:45:46.9886161Z   CXX: clang++
2026-10-07T20:45:46.9886346Z   WGPU_BACKEND: vulkan
2026-10-07T20:45:46.9886548Z   CI_TEST_FILTER: 
2026-10-07T20:45:46.9886739Z   CI_TEST_MODE: full
2026-10-07T20:45:46.9886940Z   CARGO_BUILD_JOBS: 4
2026-10-07T20:45:46.9887148Z   CI_TEST_THREADS: 4
2026-10-07T20:45:46.9887396Z   VK_DRIVER_FILES: /usr/share/vulkan/icd.d/lvp_icd.json
2026-10-07T20:45:46.9887691Z ##[endgroup]
2026-10-07T20:45:47.1052949Z (node:6548) [DEP0040] DeprecationWarning: The `punycode` module is deprecated. Please use a userland alternative instead.
2026-10-07T20:45:47.1054429Z (Use `node --trace-deprecation ...` to show where the warning was created)
2026-10-07T20:45:47.1793346Z Cache not found for input keys: fork-ci-build-v2-Linux-X64-ubuntu24.04-dev-debug0-eff68d54502d28a838f84354ec306df7a6499991c0c1d8518658bc8ecc2758fa-62433dcec7df1eda715520c2f18b1f29c6d8044897077192799fc2bdd7cd0f98-cd2735eb6183508c5903cdafca9f9936b601cbcb, fork-ci-build-v2-Linux-X64-ubuntu24.04-dev-debug0-eff68d54502d28a838f84354ec306df7a6499991c0c1d8518658bc8ecc2758fa-62433dcec7df1eda715520c2f18b1f29c6d8044897077192799fc2bdd7cd0f98-, fork-ci-build-v2-Linux-X64-ubuntu24.04-dev-debug0-eff68d54502d28a838f84354ec306df7a6499991c0c1d8518658bc8ecc2758fa-
2026-10-07T20:45:47.1874987Z ##[group]Run printf 'Shared source exact hit: %s; shared key: %s; legacy source key: %s; build exact hit: %s; build key: %s\n' \
2026-10-07T20:45:47.1875828Z [36;1mprintf 'Shared source exact hit: %s; shared key: %s; legacy source key: %s; build exact hit: %s; build key: %s\n' \[0m
2026-10-07T20:45:47.1876463Z [36;1m  "$SOURCE_CACHE_HIT" "$SOURCE_CACHE_KEY" "$LEGACY_SOURCE_CACHE_KEY" \[0m
2026-10-07T20:45:47.1876963Z [36;1m  "$BUILD_CACHE_HIT" "$BUILD_CACHE_KEY" | tee -a "$GITHUB_STEP_SUMMARY"[0m
2026-10-07T20:45:47.1942589Z shell: /usr/bin/bash --noprofile --norc -e -o pipefail {0}
2026-10-07T20:45:47.1942931Z env:
2026-10-07T20:45:47.1943401Z   CARGO_TERM_COLOR: always
2026-10-07T20:45:47.1943648Z   CARGO_INCREMENTAL: 0
2026-10-07T20:45:47.1943874Z   CARGO_PROFILE_DEV_DEBUG: 0
2026-10-07T20:45:47.1944127Z   CARGO_PROFILE_DEV_BUILD_OVERRIDE_DEBUG: 0
2026-10-07T20:45:47.1944416Z   RUST_BACKTRACE: 1
2026-10-07T20:45:47.1944623Z   CC: clang
2026-10-07T20:45:47.1944846Z   CXX: clang++
2026-10-07T20:45:47.1945045Z   WGPU_BACKEND: vulkan
2026-10-07T20:45:47.1945254Z   CI_TEST_FILTER: 
2026-10-07T20:45:47.1945456Z   CI_TEST_MODE: full
2026-10-07T20:45:47.1945657Z   CARGO_BUILD_JOBS: 4
2026-10-07T20:45:47.1945860Z   CI_TEST_THREADS: 4
2026-10-07T20:45:47.1946111Z   VK_DRIVER_FILES: /usr/share/vulkan/icd.d/lvp_icd.json
2026-10-07T20:45:47.1946419Z   SOURCE_CACHE_HIT: 
2026-10-07T20:45:47.1946621Z   SOURCE_CACHE_KEY: 
2026-10-07T20:45:47.1946831Z   LEGACY_SOURCE_CACHE_KEY: 
2026-10-07T20:45:47.1947052Z   BUILD_CACHE_HIT: 
2026-10-07T20:45:47.1947245Z   BUILD_CACHE_KEY: 
2026-10-07T20:45:47.1947439Z ##[endgroup]
2026-10-07T20:45:47.2037149Z Shared source exact hit: ; shared key: ; legacy source key: ; build exact hit: ; build key: 
2026-10-07T20:45:47.2101956Z ##[group]Run actions/setup-node@48b55a011bda9f5d6aeb4c2d9c7362e8dae4041e
2026-10-07T20:45:47.2102350Z with:
2026-10-07T20:45:47.2102541Z   node-version: 24
2026-10-07T20:45:47.2102763Z   package-manager-cache: false
2026-10-07T20:45:47.2103593Z   check-latest: false
2026-10-07T20:45:47.2105959Z   token: ***
2026-10-07T20:45:47.2106157Z env:
2026-10-07T20:45:47.2106343Z   CARGO_TERM_COLOR: always
2026-10-07T20:45:47.2106578Z   CARGO_INCREMENTAL: 0
2026-10-07T20:45:47.2106796Z   CARGO_PROFILE_DEV_DEBUG: 0
2026-10-07T20:45:47.2107046Z   CARGO_PROFILE_DEV_BUILD_OVERRIDE_DEBUG: 0
2026-10-07T20:45:47.2107321Z   RUST_BACKTRACE: 1
2026-10-07T20:45:47.2107522Z   CC: clang
2026-10-07T20:45:47.2107709Z   CXX: clang++
2026-10-07T20:45:47.2107899Z   WGPU_BACKEND: vulkan
2026-10-07T20:45:47.2108102Z   CI_TEST_FILTER: 
2026-10-07T20:45:47.2108295Z   CI_TEST_MODE: full
2026-10-07T20:45:47.2108495Z   CARGO_BUILD_JOBS: 4
2026-10-07T20:45:47.2108709Z   CI_TEST_THREADS: 4
2026-10-07T20:45:47.2108996Z   VK_DRIVER_FILES: /usr/share/vulkan/icd.d/lvp_icd.json
2026-10-07T20:45:47.2109301Z ##[endgroup]
2026-10-07T20:45:47.3705735Z Found in cache @ /opt/hostedtoolcache/node/24.21.0/x64
2026-10-07T20:45:47.3709891Z ##[group]Environment details
2026-10-07T20:45:47.8149327Z node: v24.21.0
2026-10-07T20:45:47.8149746Z npm: 11.19.0
2026-10-07T20:45:47.8150078Z yarn: 1.22.22
2026-10-07T20:45:47.8150773Z ##[endgroup]
2026-10-07T20:45:47.8339999Z ##[group]Run taiki-e/install-action@a6b2e2dcd845ddd7f509ce4f3ed3d922b80cc5d9
2026-10-07T20:45:47.8340416Z with:
2026-10-07T20:45:47.8340610Z   tool: nextest
2026-10-07T20:45:47.8351918Z   checksum: true
2026-10-07T20:45:47.8352192Z   fallback: cargo-binstall
2026-10-07T20:45:47.8352449Z env:
2026-10-07T20:45:47.8352646Z   CARGO_TERM_COLOR: always
2026-10-07T20:45:47.8352879Z   CARGO_INCREMENTAL: 0
2026-10-07T20:45:47.8353369Z   CARGO_PROFILE_DEV_DEBUG: 0
2026-10-07T20:45:47.8353637Z   CARGO_PROFILE_DEV_BUILD_OVERRIDE_DEBUG: 0
2026-10-07T20:45:47.8353914Z   RUST_BACKTRACE: 1
2026-10-07T20:45:47.8354111Z   CC: clang
2026-10-07T20:45:47.8354286Z   CXX: clang++
2026-10-07T20:45:47.8354475Z   WGPU_BACKEND: vulkan
2026-10-07T20:45:47.8354681Z   CI_TEST_FILTER: 
2026-10-07T20:45:47.8354872Z   CI_TEST_MODE: full
2026-10-07T20:45:47.8355069Z   CARGO_BUILD_JOBS: 4
2026-10-07T20:45:47.8355271Z   CI_TEST_THREADS: 4
2026-10-07T20:45:47.8355547Z   VK_DRIVER_FILES: /usr/share/vulkan/icd.d/lvp_icd.json
2026-10-07T20:45:47.8355866Z ##[endgroup]
2026-10-07T20:45:47.8413641Z ##[start-action display=Run bail() {;id=__taiki-e_install-action.__run]
2026-10-07T20:45:47.8439298Z ##[group]Run bail() {
2026-10-07T20:45:47.8439553Z [36;1mbail() {[0m
2026-10-07T20:45:47.8439811Z [36;1m  printf '::error::install-action: %s\n' "$*"[0m
2026-10-07T20:45:47.8440292Z [36;1m  exit 1[0m
2026-10-07T20:45:47.8440489Z [36;1m}[0m
2026-10-07T20:45:47.8440908Z [36;1m# If /bin/sh is dash, environment variable containing % is not imported, but is fine[0m
2026-10-07T20:45:47.8441456Z [36;1m# because it also means that it will not be exposed to subprocess.[0m
2026-10-07T20:45:47.8441884Z [36;1mif /usr/bin/env | grep -Eq '^BASH_FUNC_'; then[0m
2026-10-07T20:45:47.8442428Z [36;1m  bail 'bash function injection via BASH_FUNC_ environment variable is not allowed for security reasons'[0m
2026-10-07T20:45:47.8442917Z [36;1mfi[0m
2026-10-07T20:45:47.8443448Z [36;1mif ! command -v bash >/dev/null; then[0m
2026-10-07T20:45:47.8443828Z [36;1m  if grep -Eq '^ID=alpine' /etc/os-release; then[0m
2026-10-07T20:45:47.8444283Z [36;1m    printf '::group::Install packages required for install-action (bash)\n'[0m
2026-10-07T20:45:47.8444723Z [36;1m    # NB: sync with apk_install in main.sh[0m
2026-10-07T20:45:47.8445046Z [36;1m    if command -v sudo >/dev/null; then[0m
2026-10-07T20:45:47.8445367Z [36;1m      sudo apk --no-cache add bash[0m
2026-10-07T20:45:47.8445678Z [36;1m    elif command -v doas >/dev/null; then[0m
2026-10-07T20:45:47.8445984Z [36;1m      doas apk --no-cache add bash[0m
2026-10-07T20:45:47.8446250Z [36;1m    else[0m
2026-10-07T20:45:47.8446468Z [36;1m      apk --no-cache add bash[0m
2026-10-07T20:45:47.8446721Z [36;1m    fi[0m
2026-10-07T20:45:47.8446931Z [36;1m    printf '::endgroup::\n'[0m
2026-10-07T20:45:47.8447176Z [36;1m  else[0m
2026-10-07T20:45:47.8447391Z [36;1m    bail 'this action requires bash'[0m
2026-10-07T20:45:47.8447658Z [36;1m  fi[0m
2026-10-07T20:45:47.8447842Z [36;1mfi[0m
2026-10-07T20:45:47.8448113Z [36;1mbash --noprofile --norc "${GITHUB_ACTION_PATH:?}/main.sh"[0m
2026-10-07T20:45:47.8449191Z shell: /usr/bin/env -u ENV -u BASH_ENV -u CDPATH -u SHELLOPTS -u BASHOPTS /bin/sh -eu {0}
2026-10-07T20:45:47.8449603Z env:
2026-10-07T20:45:47.8449790Z   CARGO_TERM_COLOR: always
2026-10-07T20:45:47.8450031Z   CARGO_INCREMENTAL: 0
2026-10-07T20:45:47.8450248Z   CARGO_PROFILE_DEV_DEBUG: 0
2026-10-07T20:45:47.8450501Z   CARGO_PROFILE_DEV_BUILD_OVERRIDE_DEBUG: 0
2026-10-07T20:45:47.8450771Z   RUST_BACKTRACE: 1
2026-10-07T20:45:47.8450966Z   CC: clang
2026-10-07T20:45:47.8451140Z   CXX: clang++
2026-10-07T20:45:47.8451327Z   WGPU_BACKEND: vulkan
2026-10-07T20:45:47.8451532Z   CI_TEST_FILTER: 
2026-10-07T20:45:47.8451724Z   CI_TEST_MODE: full
2026-10-07T20:45:47.8451930Z   CARGO_BUILD_JOBS: 4
2026-10-07T20:45:47.8452132Z   CI_TEST_THREADS: 4
2026-10-07T20:45:47.8452396Z   VK_DRIVER_FILES: /usr/share/vulkan/icd.d/lvp_icd.json
2026-10-07T20:45:47.8452698Z   INPUT_TOOL: nextest
2026-10-07T20:45:47.8453326Z   INPUT_CHECKSUM: true
2026-10-07T20:45:47.8453601Z   INPUT_FALLBACK: cargo-binstall
2026-10-07T20:45:47.8456026Z   DEFAULT_GITHUB_TOKEN: ***
2026-10-07T20:45:47.8456445Z   ACTION_USER_AGENT: taiki-e/install-action (a6b2e2dcd845ddd7f509ce4f3ed3d922b80cc5d9)
2026-10-07T20:45:47.8456879Z   RUNNER_OS: Linux
2026-10-07T20:45:47.8457075Z   RUNNER_ARCH: X64
2026-10-07T20:45:47.8457267Z ##[endgroup]
2026-10-07T20:45:47.8597753Z info: host platform: x86_64_linux
2026-10-07T20:45:47.8862269Z info: installing cargo-nextest@latest
2026-10-07T20:45:47.9067096Z info: downloading https://github.com/nextest-rs/nextest/releases/download/cargo-nextest-0.9.140/cargo-nextest-0.9.140-x86_64-unknown-linux-gnu.tar.gz
2026-10-07T20:45:48.1798303Z info: verifying sha256 checksum for cargo-nextest-0.9.140-x86_64-unknown-linux-gnu.tar.gz
2026-10-07T20:45:48.4172377Z info: cargo-nextest installed at /home/runner/.cargo/bin/cargo-nextest
2026-10-07T20:45:48.4175152Z + cargo-nextest nextest --version
2026-10-07T20:45:48.4203260Z cargo-nextest 0.9.140 (a9fef2964 2026-07-05)
2026-10-07T20:45:48.4204059Z release: 0.9.140
2026-10-07T20:45:48.4204700Z commit-hash: a9fef2964e34f64ed4fceeee7c0c3559ce560920
2026-10-07T20:45:48.4205449Z commit-date: 2026-07-05
2026-10-07T20:45:48.4206169Z host: x86_64-unknown-linux-gnu
2026-10-07T20:45:48.4207150Z 
2026-10-07T20:45:48.4226959Z ##[end-action id=__taiki-e_install-action.__run;outcome=success;conclusion=success;duration_ms=581]
2026-10-07T20:45:48.4233340Z ##[start-action display=Run Set-StrictMode -Version Latest;id=__taiki-e_install-action.__run_2]
2026-10-07T20:45:48.4238332Z ##[end-action id=__taiki-e_install-action.__run_2;outcome=skipped;conclusion=skipped;duration_ms=0]
2026-10-07T20:45:48.4272086Z ##[group]Run ./script/download-wasi-sdk
2026-10-07T20:45:48.4272435Z [36;1m./script/download-wasi-sdk[0m
2026-10-07T20:45:48.4343677Z shell: /usr/bin/bash --noprofile --norc -e -o pipefail {0}
2026-10-07T20:45:48.4344036Z env:
2026-10-07T20:45:48.4344241Z   CARGO_TERM_COLOR: always
2026-10-07T20:45:48.4344483Z   CARGO_INCREMENTAL: 0
2026-10-07T20:45:48.4344715Z   CARGO_PROFILE_DEV_DEBUG: 0
2026-10-07T20:45:48.4344987Z   CARGO_PROFILE_DEV_BUILD_OVERRIDE_DEBUG: 0
2026-10-07T20:45:48.4345281Z   RUST_BACKTRACE: 1
2026-10-07T20:45:48.4345491Z   CC: clang
2026-10-07T20:45:48.4345673Z   CXX: clang++
2026-10-07T20:45:48.4345882Z   WGPU_BACKEND: vulkan
2026-10-07T20:45:48.4346101Z   CI_TEST_FILTER: 
2026-10-07T20:45:48.4346306Z   CI_TEST_MODE: full
2026-10-07T20:45:48.4346514Z   CARGO_BUILD_JOBS: 4
2026-10-07T20:45:48.4346724Z   CI_TEST_THREADS: 4
2026-10-07T20:45:48.4346987Z   VK_DRIVER_FILES: /usr/share/vulkan/icd.d/lvp_icd.json
2026-10-07T20:45:48.4347327Z ##[endgroup]
2026-10-07T20:45:48.4439392Z WASI SDK not found, downloading v34...
2026-10-07T20:45:48.4468663Z Downloading from: https://github.com/WebAssembly/wasi-sdk/releases/download/wasi-sdk-34/wasi-sdk-34.0-x86_64-linux.tar.gz
2026-10-07T20:45:48.4541071Z   % Total    % Received % Xferd  Average Speed   Time    Time     Time  Current
2026-10-07T20:45:48.4542013Z                                  Dload  Upload   Total   Spent    Left  Speed
2026-10-07T20:45:48.4542412Z 
2026-10-07T20:45:48.5465511Z   0     0    0     0    0     0      0      0 --:--:-- --:--:-- --:--:--     0
2026-10-07T20:45:48.5466857Z   0     0    0     0    0     0      0      0 --:--:-- --:--:-- --:--:--     0
2026-10-07T20:45:49.3817423Z 
2026-10-07T20:45:50.3211912Z  14  183M   14 26.3M    0     0  28.4M      0  0:00:06 --:--:--  0:00:06 28.4M
2026-10-07T20:45:51.2174272Z  33  183M   33 60.9M    0     0  32.6M      0  0:00:05  0:00:01  0:00:04 36.7M
2026-10-07T20:45:52.1831714Z  56  183M   56  104M    0     0  37.7M      0  0:00:04  0:00:02  0:00:02 42.3M
2026-10-07T20:45:53.0084872Z  80  183M   80  147M    0     0  39.5M      0  0:00:04  0:00:03  0:00:01 43.2M
2026-10-07T20:45:53.0086055Z 100  183M  100  183M    0     0  40.2M      0  0:00:04  0:00:04 --:--:-- 43.3M
2026-10-07T20:45:53.0195998Z WASI SDK v34 installed successfully
2026-10-07T20:45:53.0232793Z ##[group]Run python3 script/ci-run stage 'Test extension build' -- cargo build --locked --manifest-path extensions/test-extension/Cargo.toml --target wasm32-wasip2 --target-dir extensions/test-extension/target
2026-10-07T20:45:53.0234543Z [36;1mpython3 script/ci-run stage 'Test extension build' -- cargo build --locked --manifest-path extensions/test-extension/Cargo.toml --target wasm32-wasip2 --target-dir extensions/test-extension/target[0m
2026-10-07T20:45:53.0300677Z shell: /usr/bin/bash --noprofile --norc -e -o pipefail {0}
2026-10-07T20:45:53.0301049Z env:
2026-10-07T20:45:53.0301253Z   CARGO_TERM_COLOR: always
2026-10-07T20:45:53.0301499Z   CARGO_INCREMENTAL: 0
2026-10-07T20:45:53.0301729Z   CARGO_PROFILE_DEV_DEBUG: 0
2026-10-07T20:45:53.0301992Z   CARGO_PROFILE_DEV_BUILD_OVERRIDE_DEBUG: 0
2026-10-07T20:45:53.0302284Z   RUST_BACKTRACE: 1
2026-10-07T20:45:53.0302488Z   CC: clang
2026-10-07T20:45:53.0302667Z   CXX: clang++
2026-10-07T20:45:53.0302860Z   WGPU_BACKEND: vulkan
2026-10-07T20:45:53.0303352Z   CI_TEST_FILTER: 
2026-10-07T20:45:53.0303558Z   CI_TEST_MODE: full
2026-10-07T20:45:53.0303768Z   CARGO_BUILD_JOBS: 4
2026-10-07T20:45:53.0303977Z   CI_TEST_THREADS: 4
2026-10-07T20:45:53.0304238Z   VK_DRIVER_FILES: /usr/share/vulkan/icd.d/lvp_icd.json
2026-10-07T20:45:53.0304560Z ##[endgroup]
2026-10-07T20:45:53.3146153Z [1m[92m    Updating[0m git repository `https://github.com/zed-industries/async-process.git`
2026-10-07T20:45:53.4584656Z [1m[92m    Updating[0m git repository `https://github.com/smol-rs/async-task.git`
2026-10-07T20:45:53.6598125Z [1m[92m    Updating[0m git repository `https://github.com/zed-industries/calloop`
2026-10-07T20:45:53.8784212Z [1m[92m    Updating[0m git repository `https://github.com/zed-industries/livekit-rust-sdks`
2026-10-07T20:45:55.0231306Z [1m[92m    Updating[0m git submodule `https://github.com/livekit/protocol`
2026-10-07T20:45:56.5387864Z [1m[92m    Updating[0m git submodule `https://github.com/zed-industries/libyuv`
2026-10-07T20:46:00.0364875Z [1m[92m    Updating[0m git repository `https://github.com/zed-industries/notify`
2026-10-07T20:46:00.3401498Z [1m[92m    Updating[0m git repository `https://github.com/tree-sitter/tree-sitter`
2026-10-07T20:46:03.8895805Z [1m[92m    Updating[0m git repository `https://github.com/zed-industries/windows-capture.git`
2026-10-07T20:46:04.1238236Z [1m[92m    Updating[0m crates.io index
2026-10-07T20:46:04.1252573Z [1m[92m    Updating[0m git repository `https://github.com/proptest-rs/proptest`
2026-10-07T20:46:04.7085319Z [1m[92m    Updating[0m git repository `https://github.com/zed-industries/scap`
2026-10-07T20:46:05.5716071Z [1m[92m    Updating[0m git repository `https://github.com/zed-industries/font-kit`
2026-10-07T20:46:05.8014478Z [1m[92m    Updating[0m git repository `https://github.com/zed-industries/async-tar`
2026-10-07T20:46:05.9813483Z [1m[92m    Updating[0m git repository `https://github.com/zed-industries/wasm_thread`
2026-10-07T20:46:06.1277831Z [1m[92m    Updating[0m git repository `https://github.com/zed-industries/xim-rs.git`
2026-10-07T20:46:06.2931878Z [1m[92m    Updating[0m git repository `https://github.com/zed-industries/reqwest.git`
2026-10-07T20:46:07.6600793Z [1m[92m    Updating[0m git repository `https://github.com/zed-industries/tree-sitter-markdown`
2026-10-07T20:46:12.2148766Z [1m[92m    Updating[0m git repository `https://github.com/zed-industries/tree-sitter-typescript`
2026-10-07T20:46:59.8735324Z [1m[92m    Updating[0m git repository `https://github.com/zed-industries/tree-sitter-heex`
2026-10-07T20:46:59.9937723Z [1m[92m    Updating[0m git repository `https://github.com/zed-industries/trash-rs`
2026-10-07T20:47:00.1952549Z [1m[92m    Updating[0m git repository `https://github.com/tree-sitter/tree-sitter-cpp`
2026-10-07T20:48:39.7669857Z [1m[92m    Updating[0m git repository `https://github.com/zed-industries/tree-sitter-git-commit`
2026-10-07T20:48:39.9429097Z [1m[92m    Updating[0m git repository `https://github.com/camdencheek/tree-sitter-go-mod`
2026-10-07T20:48:40.0701002Z [1m[92m    Updating[0m git repository `https://github.com/zed-industries/tree-sitter-go-work`
2026-10-07T20:48:40.2258874Z [1m[92m    Updating[0m git repository `https://github.com/zed-industries/tree-sitter-yaml`
2026-10-07T20:48:40.5249067Z [1m[92m    Updating[0m git submodule `https://github.com/yaml/yaml-test-suite`
2026-10-07T20:48:40.8637846Z [1m[92m    Updating[0m git repository `https://github.com/zed-industries/async-pipe-rs`
2026-10-07T20:48:41.2171118Z [1m[92m    Updating[0m git repository `https://github.com/zed-industries/lsp-types`
2026-10-07T20:48:41.5161240Z [1m[92m    Updating[0m git repository `https://github.com/zed-industries/dap-types`
2026-10-07T20:48:41.7131615Z [1m[92m    Updating[0m git repository `https://github.com/zed-industries/python-environment-tools.git`
2026-10-07T20:48:42.1234041Z [1m[92m    Updating[0m git repository `https://github.com/zed-industries/alacritty`
2026-10-07T20:48:45.3897548Z [1m[92m    Updating[0m git repository `https://github.com/RustAudio/rodio`
2026-10-07T20:48:46.1039374Z [1m[92m    Updating[0m git repository `https://github.com/KillTheMule/nvim-rs`
2026-10-07T20:48:46.2627969Z [1m[92m    Updating[0m git repository `https://github.com/zed-industries/wprcontrol`
2026-10-07T20:48:46.3706516Z [1m[92m    Updating[0m git repository `https://github.com/zed-industries/gh-workflow`
2026-10-07T20:48:48.3116728Z [1m[92m Downloading[0m crates ...
2026-10-07T20:48:48.4108431Z [1m[92m  Downloaded[0m adler2 v2.0.1
2026-10-07T20:48:48.4157441Z [1m[92m  Downloaded[0m futures v0.3.34
2026-10-07T20:48:48.4219141Z [1m[92m  Downloaded[0m zerofrom v0.1.6
2026-10-07T20:48:48.4228757Z [1m[92m  Downloaded[0m crc32fast v1.5.0
2026-10-07T20:48:48.4247302Z [1m[92m  Downloaded[0m idna v1.1.0
2026-10-07T20:48:48.4291876Z [1m[92m  Downloaded[0m futures-util v0.3.34
2026-10-07T20:48:48.4459494Z [1m[92m  Downloaded[0m wit-bindgen-core v0.41.0
2026-10-07T20:48:48.4470664Z [1m[92m  Downloaded[0m litemap v0.8.0
2026-10-07T20:48:48.4493522Z [1m[92m  Downloaded[0m wit-bindgen v0.41.0
2026-10-07T20:48:48.4507472Z [1m[92m  Downloaded[0m smallvec v1.16.1
2026-10-07T20:48:48.4520939Z [1m[92m  Downloaded[0m topological-sort v0.2.2
2026-10-07T20:48:48.4532156Z [1m[92m  Downloaded[0m writeable v0.6.4
2026-10-07T20:48:48.4553421Z [1m[92m  Downloaded[0m hashbrown v0.17.1
2026-10-07T20:48:48.4612234Z [1m[92m  Downloaded[0m quote v1.0.47
2026-10-07T20:48:48.4645321Z [1m[92m  Downloaded[0m futures-sink v0.3.34
2026-10-07T20:48:48.4655619Z [1m[92m  Downloaded[0m percent-encoding v2.3.2
2026-10-07T20:48:48.4665427Z [1m[92m  Downloaded[0m zerovec v0.11.8
2026-10-07T20:48:48.4743397Z [1m[92m  Downloaded[0m memchr v2.8.3
2026-10-07T20:48:48.4799418Z [1m[92m  Downloaded[0m zmij v1.0.23
2026-10-07T20:48:48.4817759Z [1m[92m  Downloaded[0m icu_properties v2.3.0
2026-10-07T20:48:48.4850009Z [1m[92m  Downloaded[0m displaydoc v0.2.5
2026-10-07T20:48:48.4881167Z [1m[92m  Downloaded[0m serde v1.0.229
2026-10-07T20:48:48.4915709Z [1m[92m  Downloaded[0m simd-adler32 v0.3.7
2026-10-07T20:48:48.4933635Z [1m[92m  Downloaded[0m wit-bindgen-rt v0.41.0
2026-10-07T20:48:48.4946875Z [1m[92m  Downloaded[0m tinystr v0.8.4
2026-10-07T20:48:48.4967967Z [1m[92m  Downloaded[0m futures-executor v0.3.34
2026-10-07T20:48:48.4982006Z [1m[92m  Downloaded[0m semver v1.0.28
2026-10-07T20:48:48.5006196Z [1m[92m  Downloaded[0m futures-channel v0.3.34
2026-10-07T20:48:48.5025362Z [1m[92m  Downloaded[0m icu_normalizer_data v2.3.0
2026-10-07T20:48:48.5046287Z [1m[92m  Downloaded[0m serde_derive v1.0.229
2026-10-07T20:48:48.5077083Z [1m[92m  Downloaded[0m zerotrie v0.2.5
2026-10-07T20:48:48.5117091Z [1m[92m  Downloaded[0m url v2.5.7
2026-10-07T20:48:48.5142465Z [1m[92m  Downloaded[0m wit-parser v0.227.1
2026-10-07T20:48:48.5506625Z [1m[92m  Downloaded[0m yoke v0.8.3
2026-10-07T20:48:48.5524788Z [1m[92m  Downloaded[0m futures-task v0.3.34
2026-10-07T20:48:48.5536945Z [1m[92m  Downloaded[0m icu_properties_data v2.3.0
2026-10-07T20:48:48.5649934Z [1m[92m  Downloaded[0m leb128fmt v0.1.0
2026-10-07T20:48:48.5659545Z [1m[92m  Downloaded[0m unicode-xid v0.2.6
2026-10-07T20:48:48.5672901Z [1m[92m  Downloaded[0m auditable-serde v0.8.0
2026-10-07T20:48:48.5680702Z [1m[92m  Downloaded[0m anyhow v1.0.104
2026-10-07T20:48:48.5721063Z [1m[92m  Downloaded[0m futures-io v0.3.34
2026-10-07T20:48:48.5729766Z [1m[92m  Downloaded[0m pin-project-lite v0.2.16
2026-10-07T20:48:48.5788354Z [1m[92m  Downloaded[0m wasm-metadata v0.227.1
2026-10-07T20:48:48.5809976Z [1m[92m  Downloaded[0m yoke-derive v0.8.2
2026-10-07T20:48:48.5821645Z [1m[92m  Downloaded[0m futures-core v0.3.34
2026-10-07T20:48:48.5835092Z [1m[92m  Downloaded[0m wasm-encoder v0.227.1
2026-10-07T20:48:48.5872368Z [1m[92m  Downloaded[0m zerovec-derive v0.11.5
2026-10-07T20:48:48.5889063Z [1m[92m  Downloaded[0m slab v0.4.11
2026-10-07T20:48:48.5901699Z [1m[92m  Downloaded[0m heck v0.5.0
2026-10-07T20:48:48.5914389Z [1m[92m  Downloaded[0m syn v2.0.117
2026-10-07T20:48:48.6019466Z [1m[92m  Downloaded[0m indexmap v2.14.0
2026-10-07T20:48:48.6062150Z [1m[92m  Downloaded[0m once_cell v1.21.4
2026-10-07T20:48:48.6088867Z [1m[92m  Downloaded[0m prettyplease v0.2.37
2026-10-07T20:48:48.6124458Z [1m[92m  Downloaded[0m futures-macro v0.3.34
2026-10-07T20:48:48.6134775Z [1m[92m  Downloaded[0m synstructure v0.13.2
2026-10-07T20:48:48.6144519Z [1m[92m  Downloaded[0m idna_adapter v1.2.1
2026-10-07T20:48:48.6154661Z [1m[92m  Downloaded[0m stable_deref_trait v1.2.1
2026-10-07T20:48:48.6163375Z [1m[92m  Downloaded[0m utf8_iter v1.0.4
2026-10-07T20:48:48.6173206Z [1m[92m  Downloaded[0m equivalent v1.0.2
2026-10-07T20:48:48.6183152Z [1m[92m  Downloaded[0m icu_normalizer v2.3.0
2026-10-07T20:48:48.6278052Z [1m[92m  Downloaded[0m zerofrom-derive v0.1.6
2026-10-07T20:48:48.6287540Z [1m[92m  Downloaded[0m icu_provider v2.3.0
2026-10-07T20:48:48.6314165Z [1m[92m  Downloaded[0m form_urlencoded v1.2.2
2026-10-07T20:48:48.6322003Z [1m[92m  Downloaded[0m cfg-if v1.0.4
2026-10-07T20:48:48.6334773Z [1m[92m  Downloaded[0m itoa v1.0.18
2026-10-07T20:48:48.6349148Z [1m[92m  Downloaded[0m log v0.4.29
2026-10-07T20:48:48.6373659Z [1m[92m  Downloaded[0m potential_utf v0.1.3
2026-10-07T20:48:48.6383518Z [1m[92m  Downloaded[0m proc-macro2 v1.0.107
2026-10-07T20:48:48.6412976Z [1m[92m  Downloaded[0m wit-bindgen-rust v0.41.0
2026-10-07T20:48:48.6430722Z [1m[92m  Downloaded[0m wit-bindgen-rust-macro v0.41.0
2026-10-07T20:48:48.6438722Z [1m[92m  Downloaded[0m foldhash v0.1.5
2026-10-07T20:48:48.6450754Z [1m[92m  Downloaded[0m bitflags v2.13.1
2026-10-07T20:48:48.6496010Z [1m[92m  Downloaded[0m id-arena v2.3.0
2026-10-07T20:48:48.6508916Z [1m[92m  Downloaded[0m unicode-ident v1.0.24
2026-10-07T20:48:48.6536661Z [1m[92m  Downloaded[0m icu_collections v2.3.0
2026-10-07T20:48:48.6599047Z [1m[92m  Downloaded[0m miniz_oxide v0.8.9
2026-10-07T20:48:48.6623365Z [1m[92m  Downloaded[0m serde_core v1.0.229
2026-10-07T20:48:48.6651094Z [1m[92m  Downloaded[0m flate2 v1.1.8
2026-10-07T20:48:48.6700853Z [1m[92m  Downloaded[0m icu_locale_core v2.3.0
2026-10-07T20:48:48.6771792Z [1m[92m  Downloaded[0m serde_json v1.0.151
2026-10-07T20:48:48.6862055Z [1m[92m  Downloaded[0m hashbrown v0.15.5
2026-10-07T20:48:48.6910966Z [1m[92m  Downloaded[0m wit-component v0.227.1
2026-10-07T20:48:48.7456062Z [1m[92m  Downloaded[0m syn v3.0.3
2026-10-07T20:48:48.7560915Z [1m[92m  Downloaded[0m wasmparser v0.227.1
2026-10-07T20:48:48.7637999Z [1m[92m  Downloaded[0m spdx v0.10.9
2026-10-07T20:48:48.8810831Z [1m[92m   Compiling[0m proc-macro2 v1.0.107
2026-10-07T20:48:48.8813716Z [1m[92m   Compiling[0m quote v1.0.47
2026-10-07T20:48:48.8814197Z [1m[92m   Compiling[0m unicode-ident v1.0.24
2026-10-07T20:48:48.8814656Z [1m[92m   Compiling[0m stable_deref_trait v1.2.1
2026-10-07T20:48:48.9284867Z [1m[92m   Compiling[0m serde_core v1.0.229
2026-10-07T20:48:48.9695111Z [1m[92m   Compiling[0m zmij v1.0.23
2026-10-07T20:48:49.2016953Z [1m[92m   Compiling[0m serde_json v1.0.151
2026-10-07T20:48:49.3588289Z [1m[92m   Compiling[0m writeable v0.6.4
2026-10-07T20:48:49.3774749Z [1m[92m   Compiling[0m litemap v0.8.0
2026-10-07T20:48:49.5254887Z [1m[92m   Compiling[0m icu_normalizer_data v2.3.0
2026-10-07T20:48:49.5951874Z [1m[92m   Compiling[0m icu_properties_data v2.3.0
2026-10-07T20:48:49.6330275Z [1m[92m   Compiling[0m serde v1.0.229
2026-10-07T20:48:49.6949973Z [1m[92m   Compiling[0m utf8_iter v1.0.4
2026-10-07T20:48:49.8865126Z [1m[92m   Compiling[0m smallvec v1.16.1
2026-10-07T20:48:49.8934233Z [1m[92m   Compiling[0m equivalent v1.0.2
2026-10-07T20:48:49.9314782Z [1m[92m   Compiling[0m hashbrown v0.17.1
2026-10-07T20:48:50.5294839Z [1m[92m   Compiling[0m syn v3.0.3
2026-10-07T20:48:51.1174921Z [1m[92m   Compiling[0m syn v2.0.117
2026-10-07T20:48:51.5444629Z [1m[92m   Compiling[0m semver v1.0.28
2026-10-07T20:48:51.8494692Z [1m[92m   Compiling[0m wasmparser v0.227.1
2026-10-07T20:48:52.0371567Z [1m[92m   Compiling[0m foldhash v0.1.5
2026-10-07T20:48:52.1695414Z [1m[92m   Compiling[0m hashbrown v0.15.5
2026-10-07T20:48:52.2064950Z [1m[92m   Compiling[0m indexmap v2.14.0
2026-10-07T20:48:53.0318251Z [1m[92m   Compiling[0m itoa v1.0.18
2026-10-07T20:48:53.0604746Z [1m[92m   Compiling[0m anyhow v1.0.104
2026-10-07T20:48:53.2005440Z [1m[92m   Compiling[0m bitflags v2.13.1
2026-10-07T20:48:53.2811024Z [1m[92m   Compiling[0m memchr v2.8.3
2026-10-07T20:48:57.0664582Z [1m[92m   Compiling[0m synstructure v0.13.2
2026-10-07T20:48:57.8384624Z [1m[92m   Compiling[0m crc32fast v1.5.0
2026-10-07T20:48:58.3524901Z [1m[92m   Compiling[0m simd-adler32 v0.3.7
2026-10-07T20:48:58.5315140Z [1m[92m   Compiling[0m cfg-if v1.0.4
2026-10-07T20:48:58.5699570Z [1m[92m   Compiling[0m prettyplease v0.2.37
2026-10-07T20:48:58.6955155Z [1m[92m   Compiling[0m wasm-encoder v0.227.1
2026-10-07T20:48:58.8664902Z [1m[92m   Compiling[0m percent-encoding v2.3.2
2026-10-07T20:48:59.0314670Z [1m[92m   Compiling[0m adler2 v2.0.1
2026-10-07T20:48:59.1107457Z [1m[92m   Compiling[0m miniz_oxide v0.8.9
2026-10-07T20:49:01.0661235Z [1m[92m   Compiling[0m form_urlencoded v1.2.2
2026-10-07T20:49:01.3944819Z [1m[92m   Compiling[0m log v0.4.29
2026-10-07T20:49:01.5454600Z [1m[92m   Compiling[0m unicode-xid v0.2.6
2026-10-07T20:49:01.6334880Z [1m[92m   Compiling[0m topological-sort v0.2.2
2026-10-07T20:49:01.7214608Z [1m[92m   Compiling[0m futures-core v0.3.34
2026-10-07T20:49:01.8281480Z [1m[92m   Compiling[0m futures-sink v0.3.34
2026-10-07T20:49:01.8904710Z [1m[92m   Compiling[0m id-arena v2.3.0
2026-10-07T20:49:02.1254211Z [1m[92m   Compiling[0m leb128fmt v0.1.0
2026-10-07T20:49:02.3964938Z [1m[92m   Compiling[0m futures-channel v0.3.34
2026-10-07T20:49:02.5752659Z [1m[92m   Compiling[0m flate2 v1.1.8
2026-10-07T20:49:02.9764469Z [1m[92m   Compiling[0m spdx v0.10.9
2026-10-07T20:49:03.3794963Z [1m[92m   Compiling[0m pin-project-lite v0.2.16
2026-10-07T20:49:03.4285442Z [1m[92m   Compiling[0m slab v0.4.11
2026-10-07T20:49:03.5454706Z [1m[92m   Compiling[0m futures-io v0.3.34
2026-10-07T20:49:03.6834711Z [1m[92m   Compiling[0m futures-task v0.3.34
2026-10-07T20:49:03.8414766Z [1m[92m   Compiling[0m heck v0.5.0
2026-10-07T20:49:04.0315154Z [1m[92m   Compiling[0m wit-bindgen-rust v0.41.0
2026-10-07T20:49:04.1881431Z [1m[92m   Compiling[0m wit-bindgen-rt v0.41.0
2026-10-07T20:49:04.3543994Z [1m[92m   Compiling[0m wit-bindgen-rust-macro v0.41.0
2026-10-07T20:49:05.5164732Z [1m[92m   Compiling[0m once_cell v1.21.4
2026-10-07T20:49:06.2124960Z [1m[92m   Compiling[0m zed_extension_api v0.8.0 (/home/runner/work/koda/koda/crates/extension_api)
2026-10-07T20:49:15.2485581Z [1m[92m   Compiling[0m zerovec-derive v0.11.5
2026-10-07T20:49:16.0124242Z [1m[92m   Compiling[0m serde_derive v1.0.229
2026-10-07T20:49:16.3109828Z [1m[92m   Compiling[0m futures-macro v0.3.34
2026-10-07T20:49:16.5104898Z [1m[92m   Compiling[0m zerofrom-derive v0.1.6
2026-10-07T20:49:16.5155241Z [1m[92m   Compiling[0m yoke-derive v0.8.2
2026-10-07T20:49:17.0614807Z [1m[92m   Compiling[0m displaydoc v0.2.5
2026-10-07T20:49:17.4864666Z [1m[92m   Compiling[0m futures-util v0.3.34
2026-10-07T20:49:17.5524549Z [1m[92m   Compiling[0m zerofrom v0.1.6
2026-10-07T20:49:17.6444570Z [1m[92m   Compiling[0m yoke v0.8.3
2026-10-07T20:49:17.7854665Z [1m[92m   Compiling[0m zerovec v0.11.8
2026-10-07T20:49:18.0634516Z [1m[92m   Compiling[0m zerotrie v0.2.5
2026-10-07T20:49:18.3477546Z [1m[92m   Compiling[0m tinystr v0.8.4
2026-10-07T20:49:18.3564328Z [1m[92m   Compiling[0m potential_utf v0.1.3
2026-10-07T20:49:18.4803813Z [1m[92m   Compiling[0m icu_locale_core v2.3.0
2026-10-07T20:49:18.4964437Z [1m[92m   Compiling[0m icu_collections v2.3.0
2026-10-07T20:49:19.3154813Z [1m[92m   Compiling[0m wit-parser v0.227.1
2026-10-07T20:49:19.5275129Z [1m[92m   Compiling[0m icu_provider v2.3.0
2026-10-07T20:49:19.6535959Z [1m[92m   Compiling[0m auditable-serde v0.8.0
2026-10-07T20:49:19.8174556Z [1m[92m   Compiling[0m icu_normalizer v2.3.0
2026-10-07T20:49:20.0544720Z [1m[92m   Compiling[0m icu_properties v2.3.0
2026-10-07T20:49:20.1277426Z [1m[92m   Compiling[0m futures-executor v0.3.34
2026-10-07T20:49:20.3554824Z [1m[92m   Compiling[0m futures v0.3.34
2026-10-07T20:49:20.9538443Z [1m[92m   Compiling[0m idna_adapter v1.2.1
2026-10-07T20:49:21.0222375Z [1m[92m   Compiling[0m idna v1.1.0
2026-10-07T20:49:21.2100696Z [1m[92m   Compiling[0m url v2.5.7
2026-10-07T20:49:21.3114839Z [1m[92m   Compiling[0m wit-bindgen-core v0.41.0
2026-10-07T20:49:21.7974883Z [1m[92m   Compiling[0m wasm-metadata v0.227.1
2026-10-07T20:49:22.2484901Z [1m[92m   Compiling[0m wit-component v0.227.1
2026-10-07T20:49:24.8468218Z [1m[92m   Compiling[0m wit-bindgen v0.41.0
2026-10-07T20:49:25.5625294Z [1m[92m   Compiling[0m zed_test_extension v0.1.0 (/home/runner/work/koda/koda/extensions/test-extension)
2026-10-07T20:49:25.7384023Z [1m[92m    Finished[0m `dev` profile [unoptimized] target(s) in 3m 32s
2026-10-07T20:49:25.9489915Z Test extension build: 212.9s (exit 0)
2026-10-07T20:49:25.9593716Z ##[group]Run printf 'Test coverage: %s; filter: %s\n' "$CI_TEST_MODE" "$CI_TEST_FILTER"
2026-10-07T20:49:25.9594383Z [36;1mprintf 'Test coverage: %s; filter: %s\n' "$CI_TEST_MODE" "$CI_TEST_FILTER"[0m
2026-10-07T20:49:25.9594800Z [36;1mfilter_args=()[0m
2026-10-07T20:49:25.9595091Z [36;1mif [[ -n "$CI_TEST_FILTER" ]]; then[0m
2026-10-07T20:49:25.9595398Z [36;1m  filter_args=(-E "$CI_TEST_FILTER")[0m
2026-10-07T20:49:25.9595669Z [36;1mfi[0m
2026-10-07T20:49:25.9595998Z [36;1mpython3 script/ci-run stage 'Workspace tests (build and execution)' -- \[0m
2026-10-07T20:49:25.9596598Z [36;1m  cargo nextest run --locked --workspace "${filter_args[@]}" --no-fail-fast --no-tests=warn \[0m
2026-10-07T20:49:25.9597211Z [36;1m  --test-threads "$CI_TEST_THREADS" --status-level=fail --final-status-level=fail[0m
2026-10-07T20:49:25.9662737Z shell: /usr/bin/bash --noprofile --norc -e -o pipefail {0}
2026-10-07T20:49:25.9663515Z env:
2026-10-07T20:49:25.9663907Z   CARGO_TERM_COLOR: always
2026-10-07T20:49:25.9664180Z   CARGO_INCREMENTAL: 0
2026-10-07T20:49:25.9664429Z   CARGO_PROFILE_DEV_DEBUG: 0
2026-10-07T20:49:25.9664726Z   CARGO_PROFILE_DEV_BUILD_OVERRIDE_DEBUG: 0
2026-10-07T20:49:25.9665031Z   RUST_BACKTRACE: 1
2026-10-07T20:49:25.9665252Z   CC: clang
2026-10-07T20:49:25.9665448Z   CXX: clang++
2026-10-07T20:49:25.9665664Z   WGPU_BACKEND: vulkan
2026-10-07T20:49:25.9665899Z   CI_TEST_FILTER: 
2026-10-07T20:49:25.9666122Z   CI_TEST_MODE: full
2026-10-07T20:49:25.9666346Z   CARGO_BUILD_JOBS: 4
2026-10-07T20:49:25.9666571Z   CI_TEST_THREADS: 4
2026-10-07T20:49:25.9666851Z   VK_DRIVER_FILES: /usr/share/vulkan/icd.d/lvp_icd.json
2026-10-07T20:49:25.9667189Z ##[endgroup]
2026-10-07T20:49:25.9753618Z Test coverage: full; filter: 
2026-10-07T20:49:26.8644930Z [1m[92m Downloading[0m crates ...
2026-10-07T20:49:26.9447041Z [1m[92m  Downloaded[0m arg_enum_proc_macro v0.3.4
2026-10-07T20:49:26.9467112Z [1m[92m  Downloaded[0m accesskit_atspi_common v0.19.1
2026-10-07T20:49:26.9487237Z [1m[92m  Downloaded[0m accesskit v0.24.1
2026-10-07T20:49:26.9501332Z [1m[92m  Downloaded[0m addr2line v0.25.1
2026-10-07T20:49:26.9519238Z [1m[92m  Downloaded[0m adler32 v1.2.0
2026-10-07T20:49:26.9531446Z [1m[92m  Downloaded[0m agent-client-protocol-derive v2.2.0
2026-10-07T20:49:26.9538928Z [1m[92m  Downloaded[0m aliasable v0.1.3
2026-10-07T20:49:26.9549887Z [1m[92m  Downloaded[0m anstyle v1.0.13
2026-10-07T20:49:26.9566204Z [1m[92m  Downloaded[0m accesskit_unix v0.22.1
2026-10-07T20:49:26.9589588Z [1m[92m  Downloaded[0m aligned-vec v0.6.4
2026-10-07T20:49:26.9601047Z [1m[92m  Downloaded[0m async-broadcast v0.7.2
2026-10-07T20:49:26.9618562Z [1m[92m  Downloaded[0m anstyle-parse v0.2.7
2026-10-07T20:49:26.9635581Z [1m[92m  Downloaded[0m anstyle-query v1.1.4
2026-10-07T20:49:26.9647264Z [1m[92m  Downloaded[0m async-tungstenite v0.33.0
2026-10-07T20:49:26.9679939Z [1m[92m  Downloaded[0m atspi v0.29.0
2026-10-07T20:49:26.9692264Z [1m[92m  Downloaded[0m accesskit_consumer v0.38.0
2026-10-07T20:49:26.9708547Z [1m[92m  Downloaded[0m ahash v0.7.8
2026-10-07T20:49:26.9734709Z [1m[92m  Downloaded[0m alsa-sys v0.3.1
2026-10-07T20:49:26.9748015Z [1m[92m  Downloaded[0m approx v0.5.1
2026-10-07T20:49:26.9766611Z [1m[92m  Downloaded[0m arrayref v0.3.9
2026-10-07T20:49:26.9779684Z [1m[92m  Downloaded[0m async-stream v0.3.6
2026-10-07T20:49:26.9802618Z [1m[92m  Downloaded[0m aws-smithy-checksums v0.64.4
2026-10-07T20:49:26.9815670Z [1m[92m  Downloaded[0m as-raw-xcb-connection v1.0.1
2026-10-07T20:49:26.9822958Z [1m[92m  Downloaded[0m aws-types v1.3.12
2026-10-07T20:49:26.9840426Z [1m[92m  Downloaded[0m aligned v0.4.3
2026-10-07T20:49:26.9853589Z [1m[92m  Downloaded[0m crypto-common v0.1.6
2026-10-07T20:49:26.9862238Z [1m[92m  Downloaded[0m aws-smithy-http v0.63.4
2026-10-07T20:49:26.9885249Z [1m[92m  Downloaded[0m cranelift-entity v0.135.1
2026-10-07T20:49:26.9900917Z [1m[92m  Downloaded[0m alloca v0.4.0
2026-10-07T20:49:26.9914437Z [1m[92m  Downloaded[0m atspi-proxies v0.13.0
2026-10-07T20:49:26.9938154Z [1m[92m  Downloaded[0m avif-serialize v0.8.6
2026-10-07T20:49:26.9949802Z [1m[92m  Downloaded[0m aws-smithy-query v0.60.15
2026-10-07T20:49:26.9958144Z [1m[92m  Downloaded[0m async-executor v1.13.3
2026-10-07T20:49:26.9977324Z [1m[92m  Downloaded[0m ambient-authority v0.0.2
2026-10-07T20:49:26.9991145Z [1m[92m  Downloaded[0m anstream v0.6.21
2026-10-07T20:49:27.0011700Z [1m[92m  Downloaded[0m crc-catalog v2.4.0
2026-10-07T20:49:27.0023896Z [1m[92m  Downloaded[0m ctrlc v3.5.0
2026-10-07T20:49:27.0045734Z [1m[92m  Downloaded[0m endi v1.1.0
2026-10-07T20:49:27.0057440Z [1m[92m  Downloaded[0m criterion-plot v0.8.2
2026-10-07T20:49:27.0076580Z [1m[92m  Downloaded[0m cssparser-macros v0.6.1
2026-10-07T20:49:27.0085421Z [1m[92m  Downloaded[0m data-encoding v2.9.0
2026-10-07T20:49:27.0095652Z [1m[92m  Downloaded[0m dlib v0.5.3
2026-10-07T20:49:27.0106835Z [1m[92m  Downloaded[0m annotate-snippets v0.12.12
2026-10-07T20:49:27.0144407Z [1m[92m  Downloaded[0m as-slice v0.2.1
2026-10-07T20:49:27.0156138Z [1m[92m  Downloaded[0m async-channel v1.9.0
2026-10-07T20:49:27.0167585Z [1m[92m  Downloaded[0m async-io v2.6.0
2026-10-07T20:49:27.0206432Z [1m[92m  Downloaded[0m digest v0.10.7
2026-10-07T20:49:27.0225718Z [1m[92m  Downloaded[0m dugong-graphlib v0.8.0-alpha.5
2026-10-07T20:49:27.0252837Z [1m[92m  Downloaded[0m elasticlunr-rs v3.0.2
2026-10-07T20:49:27.0328419Z [1m[92m  Downloaded[0m cranelift-codegen-meta v0.135.1
2026-10-07T20:49:27.0372292Z [1m[92m  Downloaded[0m anes v0.1.6
2026-10-07T20:49:27.0405399Z [1m[92m  Downloaded[0m arrayvec v0.7.6
2026-10-07T20:49:27.0428065Z [1m[92m  Downloaded[0m ascii v1.1.0
2026-10-07T20:49:27.0449253Z [1m[92m  Downloaded[0m async-attributes v1.1.2
2026-10-07T20:49:27.0463718Z [1m[92m  Downloaded[0m crunchy v0.2.4
2026-10-07T20:49:27.0475131Z [1m[92m  Downloaded[0m logos-derive v0.16.1
2026-10-07T20:49:27.0485269Z [1m[92m  Downloaded[0m arc-swap v1.9.0
2026-10-07T20:49:27.0529217Z [1m[92m  Downloaded[0m atoi v2.0.0
2026-10-07T20:49:27.0542602Z [1m[92m  Downloaded[0m cxxbridge-flags v1.0.187
2026-10-07T20:49:27.0550749Z [1m[92m  Downloaded[0m der v0.6.1
2026-10-07T20:49:27.0602674Z [1m[92m  Downloaded[0m cranelift-srcgen v0.135.1
2026-10-07T20:49:27.0610099Z [1m[92m  Downloaded[0m cpal v0.17.1
2026-10-07T20:49:27.0688883Z [1m[92m  Downloaded[0m cranelift-isle v0.135.1
2026-10-07T20:49:27.0755069Z [1m[92m  Downloaded[0m arbitrary v1.4.2
2026-10-07T20:49:27.0810129Z [1m[92m  Downloaded[0m hyper-tls v0.5.0
2026-10-07T20:49:27.0822697Z [1m[92m  Downloaded[0m any_vec v0.14.0
2026-10-07T20:49:27.0865252Z [1m[92m  Downloaded[0m embedded-io v0.6.1
2026-10-07T20:49:27.0878840Z [1m[92m  Downloaded[0m darling_macro v0.23.0
2026-10-07T20:49:27.0885922Z [1m[92m  Downloaded[0m darling_core v0.21.3
2026-10-07T20:49:27.0945262Z [1m[92m  Downloaded[0m darling v0.20.11
2026-10-07T20:49:27.0999891Z [1m[92m  Downloaded[0m async-dispatcher v0.1.2
2026-10-07T20:49:27.1010653Z [1m[92m  Downloaded[0m atomic v0.5.3
2026-10-07T20:49:27.1021768Z [1m[92m  Downloaded[0m autocfg v1.5.0
2026-10-07T20:49:27.1043342Z [1m[92m  Downloaded[0m aws-credential-types v1.2.12
2026-10-07T20:49:27.1060749Z [1m[92m  Downloaded[0m crc v3.3.0
2026-10-07T20:49:27.1079335Z [1m[92m  Downloaded[0m cssparser v0.36.0
2026-10-07T20:49:27.1104167Z [1m[92m  Downloaded[0m darling_macro v0.20.11
2026-10-07T20:49:27.1113159Z [1m[92m  Downloaded[0m crossbeam-epoch v0.9.18
2026-10-07T20:49:27.1151697Z [1m[92m  Downloaded[0m ec4rs v1.2.0
2026-10-07T20:49:27.1193962Z [1m[92m  Downloaded[0m ecdsa v0.14.8
2026-10-07T20:49:27.1217238Z [1m[92m  Downloaded[0m perf-event-data v0.1.8
2026-10-07T20:49:27.1262557Z [1m[92m  Downloaded[0m atomic-waker v1.1.2
2026-10-07T20:49:27.1276043Z [1m[92m  Downloaded[0m aws-smithy-observability v0.2.5
2026-10-07T20:49:27.1292085Z [1m[92m  Downloaded[0m crash-context v0.8.0
2026-10-07T20:49:27.1325399Z [1m[92m  Downloaded[0m async-signal v0.2.13
2026-10-07T20:49:27.1347461Z [1m[92m  Downloaded[0m asynchronous-codec v0.7.0
2026-10-07T20:49:27.1371419Z [1m[92m  Downloaded[0m aws-smithy-xml v0.60.15
2026-10-07T20:49:27.1385228Z [1m[92m  Downloaded[0m hexf-parse v0.2.1
2026-10-07T20:49:27.1393727Z [1m[92m  Downloaded[0m inherent v1.0.13
2026-10-07T20:49:27.1413708Z [1m[92m  Downloaded[0m inotify v0.9.6
2026-10-07T20:49:27.1434555Z [1m[92m  Downloaded[0m ipnet v2.11.0
2026-10-07T20:49:27.1450223Z [1m[92m  Downloaded[0m is-docker v0.2.0
2026-10-07T20:49:27.1462427Z [1m[92m  Downloaded[0m documented v0.10.0
2026-10-07T20:49:27.1472041Z [1m[92m  Downloaded[0m cursor-icon v1.2.0
2026-10-07T20:49:27.1485555Z [1m[92m  Downloaded[0m micromap v0.3.0
2026-10-07T20:49:27.1538021Z [1m[92m  Downloaded[0m crypto-bigint v0.5.5
2026-10-07T20:49:27.1611185Z [1m[92m  Downloaded[0m ammonia v4.1.4
2026-10-07T20:49:27.1637942Z [1m[92m  Downloaded[0m async-global-executor v2.4.1
2026-10-07T20:49:27.1658168Z [1m[92m  Downloaded[0m async-stream-impl v0.3.6
2026-10-07T20:49:27.1666193Z [1m[92m  Downloaded[0m crossbeam-deque v0.8.6
2026-10-07T20:49:27.1680664Z [1m[92m  Downloaded[0m open v5.3.2
2026-10-07T20:49:27.1695738Z [1m[92m  Downloaded[0m ident_case v1.0.1
2026-10-07T20:49:27.1704444Z [1m[92m  Downloaded[0m dtoa v1.0.10
2026-10-07T20:49:27.1720148Z [1m[92m  Downloaded[0m logos-derive v0.15.1
2026-10-07T20:49:27.1728798Z [1m[92m  Downloaded[0m aws-runtime v1.7.0
2026-10-07T20:49:27.1771885Z [1m[92m  Downloaded[0m cranelift-codegen-shared v0.135.1
2026-10-07T20:49:27.1782876Z [1m[92m  Downloaded[0m downcast-rs v1.2.1
2026-10-07T20:49:27.1798516Z [1m[92m  Downloaded[0m der v0.7.10
2026-10-07T20:49:27.1853055Z [1m[92m  Downloaded[0m jsonschema-regex v0.51.0
2026-10-07T20:49:27.1861631Z [1m[92m  Downloaded[0m lyon_extra v1.0.3
2026-10-07T20:49:27.1870884Z [1m[92m  Downloaded[0m cpufeatures v0.3.0
2026-10-07T20:49:27.1887002Z [1m[92m  Downloaded[0m hyper-timeout v0.5.2
2026-10-07T20:49:27.1902362Z [1m[92m  Downloaded[0m async-compat v0.2.5
2026-10-07T20:49:27.1917028Z [1m[92m  Downloaded[0m aws-smithy-eventstream v0.60.20
2026-10-07T20:49:27.1942114Z [1m[92m  Downloaded[0m arraydeque v0.5.1
2026-10-07T20:49:27.1958226Z [1m[92m  Downloaded[0m async-channel v2.5.0
2026-10-07T20:49:27.1971631Z [1m[92m  Downloaded[0m async-net v2.0.0
2026-10-07T20:49:27.1984391Z [1m[92m  Downloaded[0m aws-smithy-async v1.2.14
2026-10-07T20:49:27.2006724Z [1m[92m  Downloaded[0m crossbeam-channel v0.5.15
2026-10-07T20:49:27.2048739Z [1m[92m  Downloaded[0m diffy v0.4.2
2026-10-07T20:49:27.2071955Z [1m[92m  Downloaded[0m documented-macros v0.10.0
2026-10-07T20:49:27.2085296Z [1m[92m  Downloaded[0m memoffset v0.9.1
2026-10-07T20:49:27.2098402Z [1m[92m  Downloaded[0m num-cmp v0.1.0
2026-10-07T20:49:27.2108505Z [1m[92m  Downloaded[0m page_size v0.6.0
2026-10-07T20:49:27.2130434Z [1m[92m  Downloaded[0m async-trait v0.1.89
2026-10-07T20:49:27.2194470Z [1m[92m  Downloaded[0m cranelift-frontend v0.135.1
2026-10-07T20:49:27.2222762Z [1m[92m  Downloaded[0m crossbeam-utils v0.8.21
2026-10-07T20:49:27.2261626Z [1m[92m  Downloaded[0m dashmap v6.1.0
2026-10-07T20:49:27.2290552Z [1m[92m  Downloaded[0m data-url v0.3.2
2026-10-07T20:49:27.2308947Z [1m[92m  Downloaded[0m deflate64 v0.1.10
2026-10-07T20:49:27.2324300Z [1m[92m  Downloaded[0m doxygen-rs v0.4.2
2026-10-07T20:49:27.2343132Z [1m[92m  Downloaded[0m either v1.15.0
2026-10-07T20:49:27.2360315Z [1m[92m  Downloaded[0m enumflags2 v0.7.12
2026-10-07T20:49:27.2376660Z [1m[92m  Downloaded[0m indoc v2.0.6
2026-10-07T20:49:27.2411494Z [1m[92m  Downloaded[0m linkify v0.10.0
2026-10-07T20:49:27.2436183Z [1m[92m  Downloaded[0m phf_macros v0.11.3
2026-10-07T20:49:27.2447425Z [1m[92m  Downloaded[0m async-fs v2.2.0
2026-10-07T20:49:27.2458739Z [1m[92m  Downloaded[0m av1-grain v0.2.4
2026-10-07T20:49:27.2485593Z [1m[92m  Downloaded[0m aws-smithy-json v0.62.5
2026-10-07T20:49:27.2507182Z [1m[92m  Downloaded[0m cpp_demangle v0.5.1
2026-10-07T20:49:27.2542877Z [1m[92m  Downloaded[0m cssparser v0.37.0
2026-10-07T20:49:27.2574856Z [1m[92m  Downloaded[0m cxx v1.0.187
2026-10-07T20:49:27.2807759Z [1m[92m  Downloaded[0m darling v0.23.0
2026-10-07T20:49:27.2865414Z [1m[92m  Downloaded[0m darling_core v0.23.0
2026-10-07T20:49:27.2923160Z [1m[92m  Downloaded[0m debug-ignore v1.0.5
2026-10-07T20:49:27.2943573Z [1m[92m  Downloaded[0m diff v0.1.13
2026-10-07T20:49:27.2970659Z [1m[92m  Downloaded[0m dotenvy v0.15.7
2026-10-07T20:49:27.3000280Z [1m[92m  Downloaded[0m embed-resource v3.0.6
2026-10-07T20:49:27.3017011Z [1m[92m  Downloaded[0m emojis v0.9.0
2026-10-07T20:49:27.3055743Z [1m[92m  Downloaded[0m http-range-header v0.3.1
2026-10-07T20:49:27.3067859Z [1m[92m  Downloaded[0m imagesize v0.14.0
2026-10-07T20:49:27.3098573Z [1m[92m  Downloaded[0m inotify v0.11.0
2026-10-07T20:49:27.3119203Z [1m[92m  Downloaded[0m pem v3.0.6
2026-10-07T20:49:27.3134281Z [1m[92m  Downloaded[0m pem-rfc7468 v0.7.0
2026-10-07T20:49:27.3157024Z [1m[92m  Downloaded[0m profiling v1.0.17
2026-10-07T20:49:27.3170064Z [1m[92m  Downloaded[0m cpufeatures v0.2.17
2026-10-07T20:49:27.3186853Z [1m[92m  Downloaded[0m cranelift-bforest v0.135.1
2026-10-07T20:49:27.3203849Z [1m[92m  Downloaded[0m hound v3.5.1
2026-10-07T20:49:27.3238710Z [1m[92m  Downloaded[0m num-complex v0.4.6
2026-10-07T20:49:27.3253889Z [1m[92m  Downloaded[0m pkg-config v0.3.32
2026-10-07T20:49:27.3269911Z [1m[92m  Downloaded[0m plain v0.2.3
2026-10-07T20:49:27.3284363Z [1m[92m  Downloaded[0m proc-macro-error-attr3 v3.1.1
2026-10-07T20:49:27.3292341Z [1m[92m  Downloaded[0m ref-cast v1.0.25
2026-10-07T20:49:27.3324956Z [1m[92m  Downloaded[0m ref-cast-impl v1.0.25
2026-10-07T20:49:27.3335181Z [1m[92m  Downloaded[0m addr2line v0.26.1
2026-10-07T20:49:27.3355903Z [1m[92m  Downloaded[0m allocator-api2 v0.2.21
2026-10-07T20:49:27.3385862Z [1m[92m  Downloaded[0m async-lock v3.4.2
2026-10-07T20:49:27.3409432Z [1m[92m  Downloaded[0m dirs-sys v0.5.0
2026-10-07T20:49:27.3423603Z [1m[92m  Downloaded[0m sec1 v0.3.0
2026-10-07T20:49:27.3442703Z [1m[92m  Downloaded[0m jsonwebtoken v10.3.0
2026-10-07T20:49:27.3501795Z [1m[92m  Downloaded[0m cxxbridge-macro v1.0.187
2026-10-07T20:49:27.3545324Z [1m[92m  Downloaded[0m lyon_path v1.0.16
2026-10-07T20:49:27.3564140Z [1m[92m  Downloaded[0m palette_derive v0.7.6
2026-10-07T20:49:27.3585046Z [1m[92m  Downloaded[0m ahash v0.8.12
2026-10-07T20:49:27.3611771Z [1m[92m  Downloaded[0m httparse v1.10.1
2026-10-07T20:49:27.3640222Z [1m[92m  Downloaded[0m jsonschema-value v0.51.0
2026-10-07T20:49:27.3663441Z [1m[92m  Downloaded[0m rand_core v0.9.3
2026-10-07T20:49:27.3678840Z [1m[92m  Downloaded[0m ar_archive_writer v0.5.1
2026-10-07T20:49:27.3716600Z [1m[92m  Downloaded[0m html5ever v0.39.0
2026-10-07T20:49:27.3757996Z [1m[92m  Downloaded[0m serde_derive_internals v0.29.1
2026-10-07T20:49:27.3775197Z [1m[92m  Downloaded[0m sha1_smol v1.0.1
2026-10-07T20:49:27.3791942Z [1m[92m  Downloaded[0m alsa v0.10.0
2026-10-07T20:49:27.3820438Z [1m[92m  Downloaded[0m async-recursion v1.1.1
2026-10-07T20:49:27.3863655Z [1m[92m  Downloaded[0m async_zip v0.0.18
2026-10-07T20:49:27.3951445Z [1m[92m  Downloaded[0m lyon_geom v1.0.17
2026-10-07T20:49:27.3970502Z [1m[92m  Downloaded[0m p256 v0.11.1
2026-10-07T20:49:27.4006162Z [1m[92m  Downloaded[0m profiling-procmacros v1.0.17
2026-10-07T20:49:27.4014056Z [1m[92m  Downloaded[0m rand_core v0.6.4
2026-10-07T20:49:27.4029289Z [1m[92m  Downloaded[0m aws-smithy-runtime-api v1.11.4
2026-10-07T20:49:27.4075439Z [1m[92m  Downloaded[0m simplelog v0.12.2
2026-10-07T20:49:27.4103342Z [1m[92m  Downloaded[0m referencing v0.51.0
2026-10-07T20:49:27.4159234Z [1m[92m  Downloaded[0m aws-sdk-sso v1.94.0
2026-10-07T20:49:27.4237409Z [1m[92m  Downloaded[0m heed v0.21.0
2026-10-07T20:49:27.4277272Z [1m[92m  Downloaded[0m json5 v1.3.1
2026-10-07T20:49:27.4307784Z [1m[92m  Downloaded[0m signature v2.2.0
2026-10-07T20:49:27.4325678Z [1m[92m  Downloaded[0m seahash v4.1.0
2026-10-07T20:49:27.4342402Z [1m[92m  Downloaded[0m sha1 v0.10.6
2026-10-07T20:49:27.4363109Z [1m[92m  Downloaded[0m aws-sdk-ssooidc v1.96.0
2026-10-07T20:49:27.4468671Z [1m[92m  Downloaded[0m aws-smithy-types v1.4.7
2026-10-07T20:49:27.4527950Z [1m[92m  Downloaded[0m tinytemplate v1.2.1
2026-10-07T20:49:27.4553428Z [1m[92m  Downloaded[0m aho-corasick v1.1.3
2026-10-07T20:49:27.4634086Z [1m[92m  Downloaded[0m rustls-pki-types v1.12.0
2026-10-07T20:49:27.4693561Z [1m[92m  Downloaded[0m rustls-platform-verifier v0.7.0
2026-10-07T20:49:27.4735912Z [1m[92m  Downloaded[0m smol_str v0.3.6
2026-10-07T20:49:27.4753753Z [1m[92m  Downloaded[0m async-compression v0.4.32
2026-10-07T20:49:27.4856715Z [1m[92m  Downloaded[0m aws-sigv4 v1.4.0
2026-10-07T20:49:27.5553268Z [1m[92m  Downloaded[0m aws-smithy-http-client v1.1.10
2026-10-07T20:49:27.5594291Z [1m[92m  Downloaded[0m ashpd v0.13.5
2026-10-07T20:49:27.5664427Z [1m[92m  Downloaded[0m aws-smithy-runtime v1.10.1
2026-10-07T20:49:27.5725408Z [1m[92m  Downloaded[0m procfs-core v0.18.0
2026-10-07T20:49:27.5761566Z [1m[92m  Downloaded[0m rayon-core v1.13.0
2026-10-07T20:49:27.5798887Z [1m[92m  Downloaded[0m aes v0.8.4
2026-10-07T20:49:27.5833879Z [1m[92m  Downloaded[0m atspi-common v0.13.0
2026-10-07T20:49:27.5883630Z [1m[92m  Downloaded[0m rustls-webpki v0.103.13
2026-10-07T20:49:27.5914744Z [1m[92m  Downloaded[0m png v0.18.0
2026-10-07T20:49:27.5953427Z [1m[92m  Downloaded[0m tiny-skia-path v0.11.4
2026-10-07T20:49:27.5973397Z [1m[92m  Downloaded[0m tokio-macros v2.7.0
2026-10-07T20:49:27.5984619Z [1m[92m  Downloaded[0m imara-diff v0.2.0
2026-10-07T20:49:27.6027630Z [1m[92m  Downloaded[0m subtle v2.6.1
2026-10-07T20:49:27.6039700Z [1m[92m  Downloaded[0m unicode-linebreak v0.1.5
2026-10-07T20:49:27.6049121Z [1m[92m  Downloaded[0m num-bigint-dig v0.8.6
2026-10-07T20:49:27.6094626Z [1m[92m  Downloaded[0m num-bigint-dig v0.9.1
2026-10-07T20:49:27.6140153Z [1m[92m  Downloaded[0m siphasher v0.3.11
2026-10-07T20:49:27.6152740Z [1m[92m  Downloaded[0m tinyvec_macros v0.1.1
2026-10-07T20:49:27.6161437Z [1m[92m  Downloaded[0m wit-bindgen-core v0.22.0
2026-10-07T20:49:27.6171480Z [1m[92m  Downloaded[0m unicode-ccc v0.4.0
2026-10-07T20:49:27.6180763Z [1m[92m  Downloaded[0m zbus-lockstep v0.5.2
2026-10-07T20:49:27.6191391Z [1m[92m  Downloaded[0m aws-config v1.8.14
2026-10-07T20:49:27.6257654Z [1m[92m  Downloaded[0m cfg_aliases v0.2.1
2026-10-07T20:49:27.6267109Z [1m[92m  Downloaded[0m bit_field v0.10.3
2026-10-07T20:49:27.6279226Z [1m[92m  Downloaded[0m zbus-lockstep-macros v0.5.2
2026-10-07T20:49:27.6287243Z [1m[92m  Downloaded[0m clap_lex v0.7.6
2026-10-07T20:49:27.6297574Z [1m[92m  Downloaded[0m socket2 v0.6.5
2026-10-07T20:49:27.6315249Z [1m[92m  Downloaded[0m web_atoms v0.2.6
2026-10-07T20:49:27.6325938Z [1m[92m  Downloaded[0m zbus_names v4.3.2
2026-10-07T20:49:27.6340985Z [1m[92m  Downloaded[0m zbus_xml v5.1.1
2026-10-07T20:49:27.6352546Z [1m[92m  Downloaded[0m zed_extension_api v0.1.0
2026-10-07T20:49:27.6376163Z [1m[92m  Downloaded[0m sval_buffer v2.15.0
2026-10-07T20:49:27.6388185Z [1m[92m  Downloaded[0m xattr v1.6.1
2026-10-07T20:49:27.6407165Z [1m[92m  Downloaded[0m aws-sdk-sts v1.98.0
2026-10-07T20:49:27.6532212Z [1m[92m  Downloaded[0m bincode v1.3.3
2026-10-07T20:49:27.6554605Z [1m[92m  Downloaded[0m bmrng v0.5.2
2026-10-07T20:49:27.6567863Z [1m[92m  Downloaded[0m wit-bindgen v0.22.0
2026-10-07T20:49:27.6580395Z [1m[92m  Downloaded[0m xcursor v0.3.10
2026-10-07T20:49:27.6588556Z [1m[92m  Downloaded[0m cached_proc_macro v0.25.0
2026-10-07T20:49:27.6598830Z [1m[92m  Downloaded[0m cached_proc_macro_types v0.1.1
2026-10-07T20:49:27.6605259Z [1m[92m  Downloaded[0m bytes-utils v0.1.4
2026-10-07T20:49:27.6621040Z [1m[92m  Downloaded[0m spin v0.9.8
2026-10-07T20:49:27.6644387Z [1m[92m  Downloaded[0m spin v0.10.0
2026-10-07T20:49:27.6668194Z [1m[92m  Downloaded[0m unicode-properties v0.1.3
2026-10-07T20:49:27.6685670Z [1m[92m  Downloaded[0m unicode-script v0.5.8
2026-10-07T20:49:27.6702454Z [1m[92m  Downloaded[0m zed_extension_api v0.7.0
2026-10-07T20:49:27.6758223Z [1m[92m  Downloaded[0m bitflags v1.3.2
2026-10-07T20:49:27.6791423Z [1m[92m  Downloaded[0m regalloc2 v0.15.2
2026-10-07T20:49:27.6837049Z [1m[92m  Downloaded[0m sval v2.15.0
2026-10-07T20:49:27.6866675Z [1m[92m  Downloaded[0m agent-client-protocol-schema v1.9.1
2026-10-07T20:49:27.6916965Z [1m[92m  Downloaded[0m fax v0.2.6
2026-10-07T20:49:27.6932781Z [1m[92m  Downloaded[0m tokio-io v0.1.13
2026-10-07T20:49:27.6964446Z [1m[92m  Downloaded[0m tokio-native-tls v0.3.1
2026-10-07T20:49:27.6981432Z [1m[92m  Downloaded[0m unicode-general-category v1.1.0
2026-10-07T20:49:27.6996414Z [1m[92m  Downloaded[0m bytecheck_derive v0.6.12
2026-10-07T20:49:27.7003122Z [1m[92m  Downloaded[0m libm v0.2.16
2026-10-07T20:49:27.7113124Z [1m[92m  Downloaded[0m merman v0.8.0-alpha.5
2026-10-07T20:49:27.7210234Z [1m[92m  Downloaded[0m socket2 v0.5.10
2026-10-07T20:49:27.7227754Z [1m[92m  Downloaded[0m axum-core v0.3.4
2026-10-07T20:49:27.7248354Z [1m[92m  Downloaded[0m zbus_macros v5.13.2
2026-10-07T20:49:27.7263349Z [1m[92m  Downloaded[0m bytecount v0.6.9
2026-10-07T20:49:27.7283566Z [1m[92m  Downloaded[0m cargo_metadata v0.23.1
2026-10-07T20:49:27.7301878Z [1m[92m  Downloaded[0m tinyvec v1.10.0
2026-10-07T20:49:27.7327634Z [1m[92m  Downloaded[0m wit-bindgen-rt v0.22.0
2026-10-07T20:49:27.7335982Z [1m[92m  Downloaded[0m sval_dynamic v2.15.0
2026-10-07T20:49:27.7345099Z [1m[92m  Downloaded[0m sval_json v2.15.0
2026-10-07T20:49:27.7357699Z [1m[92m  Downloaded[0m sval_ref v2.15.0
2026-10-07T20:49:27.7366342Z [1m[92m  Downloaded[0m core_maths v0.1.1
2026-10-07T20:49:27.7373504Z [1m[92m  Downloaded[0m float-ord v0.3.2
2026-10-07T20:49:27.7382772Z [1m[92m  Downloaded[0m borsh-derive v1.5.7
2026-10-07T20:49:27.7413747Z [1m[92m  Downloaded[0m gethostname v1.1.0
2026-10-07T20:49:27.7425002Z [1m[92m  Downloaded[0m heck v0.4.1
2026-10-07T20:49:27.7437935Z [1m[92m  Downloaded[0m event-listener v2.5.3
2026-10-07T20:49:27.7450081Z [1m[92m  Downloaded[0m xkbcommon v0.8.0
2026-10-07T20:49:27.7471704Z [1m[92m  Downloaded[0m bzip2 v0.4.4
2026-10-07T20:49:27.7488835Z [1m[92m  Downloaded[0m concurrent-queue v2.5.0
2026-10-07T20:49:27.7505410Z [1m[92m  Downloaded[0m errno v0.2.8
2026-10-07T20:49:27.7518530Z [1m[92m  Downloaded[0m float-cmp v0.9.0
2026-10-07T20:49:27.7530027Z [1m[92m  Downloaded[0m float_next_after v1.0.0
2026-10-07T20:49:27.7540252Z [1m[92m  Downloaded[0m gpu-descriptor-types v0.2.0
2026-10-07T20:49:27.7547390Z [1m[92m  Downloaded[0m libflate_lz77 v2.3.0
2026-10-07T20:49:27.7555615Z [1m[92m  Downloaded[0m fax_derive v0.2.0
2026-10-07T20:49:27.7561852Z [1m[92m  Downloaded[0m funty v2.0.0
2026-10-07T20:49:27.7569506Z [1m[92m  Downloaded[0m lru-slab v0.1.2
2026-10-07T20:49:27.7577785Z [1m[92m  Downloaded[0m tiny_http v0.12.0
2026-10-07T20:49:27.7616011Z [1m[92m  Downloaded[0m cmake v0.1.56
2026-10-07T20:49:27.7629512Z [1m[92m  Downloaded[0m group v0.12.1
2026-10-07T20:49:27.7644774Z [1m[92m  Downloaded[0m iovec v0.1.4
2026-10-07T20:49:27.7658357Z [1m[92m  Downloaded[0m is-wsl v0.4.0
2026-10-07T20:49:27.7669100Z [1m[92m  Downloaded[0m lyon_tessellation v1.0.16
2026-10-07T20:49:27.7702909Z [1m[92m  Downloaded[0m nanoid v0.4.0
2026-10-07T20:49:27.7712505Z [1m[92m  Downloaded[0m snafu v0.8.9
2026-10-07T20:49:27.7778119Z [1m[92m  Downloaded[0m async-std v1.13.2
2026-10-07T20:49:27.8008750Z [1m[92m  Downloaded[0m brush-parser v0.3.0
2026-10-07T20:49:27.8069483Z [1m[92m  Downloaded[0m chacha20 v0.10.1
2026-10-07T20:49:27.8093229Z [1m[92m  Downloaded[0m console v0.16.3
2026-10-07T20:49:27.8110420Z [1m[92m  Downloaded[0m core2 v0.4.0
2026-10-07T20:49:27.8129447Z [1m[92m  Downloaded[0m env_logger v0.10.2
2026-10-07T20:49:27.8158692Z [1m[92m  Downloaded[0m fixedbitset v0.5.7
2026-10-07T20:49:27.8177706Z [1m[92m  Downloaded[0m fs_extra v1.3.0
2026-10-07T20:49:27.8193270Z [1m[92m  Downloaded[0m generic-array v0.14.7
2026-10-07T20:49:27.8207279Z [1m[92m  Downloaded[0m glob v0.3.3
2026-10-07T20:49:27.8222142Z [1m[92m  Downloaded[0m guppy-workspace-hack v0.1.0
2026-10-07T20:49:27.8228554Z [1m[92m  Downloaded[0m heed-traits v0.20.0
2026-10-07T20:49:27.8235045Z [1m[92m  Downloaded[0m heed-types v0.21.0
2026-10-07T20:49:27.8247258Z [1m[92m  Downloaded[0m hyper-rustls v0.27.9
2026-10-07T20:49:27.8261204Z [1m[92m  Downloaded[0m inotify-sys v0.1.5
2026-10-07T20:49:27.8270539Z [1m[92m  Downloaded[0m lebe v0.5.3
2026-10-07T20:49:27.8282955Z [1m[92m  Downloaded[0m outref v0.5.2
2026-10-07T20:49:27.8295170Z [1m[92m  Downloaded[0m regex v1.12.3
2026-10-07T20:49:27.8347377Z [1m[92m  Downloaded[0m snafu-derive v0.8.9
2026-10-07T20:49:27.8359770Z [1m[92m  Downloaded[0m unicode-normalization v0.1.25
2026-10-07T20:49:27.8393329Z [1m[92m  Downloaded[0m cfg-expr v0.20.9
2026-10-07T20:49:27.8423405Z [1m[92m  Downloaded[0m iana-time-zone v0.1.64
2026-10-07T20:49:27.8450474Z [1m[92m  Downloaded[0m io-lifetimes v3.0.1
2026-10-07T20:49:27.8466750Z [1m[92m  Downloaded[0m libloading v0.8.9
2026-10-07T20:49:27.8490248Z [1m[92m  Downloaded[0m logos v0.16.1
2026-10-07T20:49:27.8508069Z [1m[92m  Downloaded[0m loop9 v0.1.5
2026-10-07T20:49:27.8515614Z [1m[92m  Downloaded[0m lru v0.16.4
2026-10-07T20:49:27.8527147Z [1m[92m  Downloaded[0m mimalloc v0.1.48
2026-10-07T20:49:27.8537842Z [1m[92m  Downloaded[0m minidumper v0.11.0
2026-10-07T20:49:27.8568172Z [1m[92m  Downloaded[0m num v0.4.3
2026-10-07T20:49:27.8569510Z [1m[92m  Downloaded[0m pbjson v0.9.0
2026-10-07T20:49:27.8573679Z [1m[92m  Downloaded[0m cc v1.4.3
2026-10-07T20:49:27.8603305Z [1m[92m  Downloaded[0m chardetng v0.1.17
2026-10-07T20:49:27.8620303Z [1m[92m  Downloaded[0m euclid v0.22.14
2026-10-07T20:49:27.8652595Z [1m[92m  Downloaded[0m memmap2 v0.9.8
2026-10-07T20:49:27.8669991Z [1m[92m  Downloaded[0m option-ext v0.2.0
2026-10-07T20:49:27.8678987Z [1m[92m  Downloaded[0m peg-runtime v0.8.5
2026-10-07T20:49:27.8686729Z [1m[92m  Downloaded[0m libflate v2.3.1
2026-10-07T20:49:27.8710214Z [1m[92m  Downloaded[0m aws-lc-rs v1.17.1
2026-10-07T20:49:27.8817845Z [1m[92m  Downloaded[0m native-tls v0.2.18
2026-10-07T20:49:27.8832085Z [1m[92m  Downloaded[0m optfield v0.4.0
2026-10-07T20:49:27.8852404Z [1m[92m  Downloaded[0m palette v0.7.6
2026-10-07T20:49:27.8964793Z [1m[92m  Downloaded[0m password-hash v0.4.2
2026-10-07T20:49:27.8982166Z [1m[92m  Downloaded[0m pgvector v0.4.1
2026-10-07T20:49:27.9008637Z [1m[92m  Downloaded[0m precomputed-hash v0.1.1
2026-10-07T20:49:27.9015083Z [1m[92m  Downloaded[0m process-reader v0.1.0
2026-10-07T20:49:27.9026368Z [1m[92m  Downloaded[0m ptr_meta v0.1.4
2026-10-07T20:49:27.9034822Z [1m[92m  Downloaded[0m ptr_meta_derive v0.1.4
2026-10-07T20:49:27.9041521Z [1m[92m  Downloaded[0m radium v0.7.0
2026-10-07T20:49:27.9051607Z [1m[92m  Downloaded[0m rand_pcg v0.10.2
2026-10-07T20:49:27.9066183Z [1m[92m  Downloaded[0m secrecy v0.10.3
2026-10-07T20:49:27.9075113Z [1m[92m  Downloaded[0m aws-sdk-bedrockruntime v1.125.0
2026-10-07T20:49:27.9407982Z [1m[92m  Downloaded[0m fraction v0.16.0
2026-10-07T20:49:27.9464709Z [1m[92m  Downloaded[0m gio-sys v0.21.5
2026-10-07T20:49:27.9489721Z [1m[92m  Downloaded[0m is-terminal v0.4.16
2026-10-07T20:49:27.9498824Z [1m[92m  Downloaded[0m nucleo-matcher v0.3.1
2026-10-07T20:49:27.9520476Z [1m[92m  Downloaded[0m paste v1.0.15
2026-10-07T20:49:27.9552705Z [1m[92m  Downloaded[0m pest_derive v2.8.3
2026-10-07T20:49:27.9576609Z [1m[92m  Downloaded[0m pest_generator v2.8.3
2026-10-07T20:49:27.9592096Z [1m[92m  Downloaded[0m pest_meta v2.8.3
2026-10-07T20:49:27.9615221Z [1m[92m  Downloaded[0m postcard v1.1.3
2026-10-07T20:49:27.9638108Z [1m[92m  Downloaded[0m ppv-lite86 v0.2.21
2026-10-07T20:49:27.9650999Z [1m[92m  Downloaded[0m prost-build v0.14.4
2026-10-07T20:49:27.9686980Z [1m[92m  Downloaded[0m sea-bae v0.2.2
2026-10-07T20:49:27.9695507Z [1m[92m  Downloaded[0m winnow v1.0.2
2026-10-07T20:49:27.9791757Z [1m[92m  Downloaded[0m agent-client-protocol v2.2.0
2026-10-07T20:49:27.9886402Z [1m[92m  Downloaded[0m hyper-util v0.1.17
2026-10-07T20:49:27.9943495Z [1m[92m  Downloaded[0m perf-event2 v0.7.4
2026-10-07T20:49:27.9983395Z [1m[92m  Downloaded[0m wgpu v29.0.4
2026-10-07T20:49:28.0129222Z [1m[92m  Downloaded[0m psm v0.1.30
2026-10-07T20:49:28.0160493Z [1m[92m  Downloaded[0m spki v0.7.3
2026-10-07T20:49:28.0178354Z [1m[92m  Downloaded[0m rand_chacha v0.3.1
2026-10-07T20:49:28.0189376Z [1m[92m  Downloaded[0m rand_xorshift v0.4.0
2026-10-07T20:49:28.0200077Z [1m[92m  Downloaded[0m serde_bytes v0.11.19
2026-10-07T20:49:28.0216075Z [1m[92m  Downloaded[0m strsim v0.11.1
2026-10-07T20:49:28.0228887Z [1m[92m  Downloaded[0m ipc-channel v0.19.0
2026-10-07T20:49:28.0274923Z [1m[92m  Downloaded[0m rand v0.3.23
2026-10-07T20:49:28.0286598Z [1m[92m  Downloaded[0m rand_pcg v0.3.1
2026-10-07T20:49:28.0299644Z [1m[92m  Downloaded[0m sea-query-binder v0.7.0
2026-10-07T20:49:28.0310039Z [1m[92m  Downloaded[0m wasmparser v0.201.0
2026-10-07T20:49:28.0370351Z [1m[92m  Downloaded[0m powerfmt v0.2.0
2026-10-07T20:49:28.0381351Z [1m[92m  Downloaded[0m strum_macros v0.27.2
2026-10-07T20:49:28.0405535Z [1m[92m  Downloaded[0m sval_serde v2.15.0
2026-10-07T20:49:28.0415435Z [1m[92m  Downloaded[0m svg_fmt v0.4.5
2026-10-07T20:49:28.0424329Z [1m[92m  Downloaded[0m random_choice v0.3.2
2026-10-07T20:49:28.0434039Z [1m[92m  Downloaded[0m scopeguard v1.2.0
2026-10-07T20:49:28.0446013Z [1m[92m  Downloaded[0m ravif v0.13.0
2026-10-07T20:49:28.0457123Z [1m[92m  Downloaded[0m scroll_derive v0.12.1
2026-10-07T20:49:28.0464905Z [1m[92m  Downloaded[0m strum v0.28.0
2026-10-07T20:49:28.0473281Z [1m[92m  Downloaded[0m strum v0.26.3
2026-10-07T20:49:28.0481253Z [1m[92m  Downloaded[0m toml_write v0.1.2
2026-10-07T20:49:28.0493926Z [1m[92m  Downloaded[0m wasmtime-internal-component-util v48.0.1
2026-10-07T20:49:28.0501095Z [1m[92m  Downloaded[0m dtoa-short v0.3.5
2026-10-07T20:49:28.0508940Z [1m[92m  Downloaded[0m dyn-clone v1.0.20
2026-10-07T20:49:28.0526044Z [1m[92m  Downloaded[0m nested v0.1.1
2026-10-07T20:49:28.0536302Z [1m[92m  Downloaded[0m new_debug_unreachable v1.0.6
2026-10-07T20:49:28.0546893Z [1m[92m  Downloaded[0m proc-macro-crate v3.4.0
2026-10-07T20:49:28.0560183Z [1m[92m  Downloaded[0m range-map v0.2.0
2026-10-07T20:49:28.0569814Z [1m[92m  Downloaded[0m typeid v1.0.3
2026-10-07T20:49:28.0582033Z [1m[92m  Downloaded[0m rand_core v0.10.1
2026-10-07T20:49:28.0598044Z [1m[92m  Downloaded[0m tiny-keccak v2.0.2
2026-10-07T20:49:28.0622656Z [1m[92m  Downloaded[0m xcb v1.6.0
2026-10-07T20:49:28.0704713Z [1m[92m  Downloaded[0m raw-window-handle v0.6.2
2026-10-07T20:49:28.0722415Z [1m[92m  Downloaded[0m stringprep v0.1.5
2026-10-07T20:49:28.0737517Z [1m[92m  Downloaded[0m toml_writer v1.0.4
2026-10-07T20:49:28.0750794Z [1m[92m  Downloaded[0m unicode-bidi-mirroring v0.4.0
2026-10-07T20:49:28.0759626Z [1m[92m  Downloaded[0m hkdf v0.12.4
2026-10-07T20:49:28.0782898Z [1m[92m  Downloaded[0m prost v0.14.4
2026-10-07T20:49:28.0799590Z [1m[92m  Downloaded[0m rand_chacha v0.9.0
2026-10-07T20:49:28.0811327Z [1m[92m  Downloaded[0m self_cell v1.2.2
2026-10-07T20:49:28.0821458Z [1m[92m  Downloaded[0m toml_datetime v0.6.11
2026-10-07T20:49:28.0832203Z [1m[92m  Downloaded[0m toml_datetime v0.7.3
2026-10-07T20:49:28.0844523Z [1m[92m  Downloaded[0m wasmtime-wasi v48.0.1
2026-10-07T20:49:28.0940508Z [1m[92m  Downloaded[0m guppy v0.18.0
2026-10-07T20:49:28.1005272Z [1m[92m  Downloaded[0m minidump-writer v0.13.0
2026-10-07T20:49:28.1090080Z [1m[92m  Downloaded[0m quinn-udp v0.5.14
2026-10-07T20:49:28.1109666Z [1m[92m  Downloaded[0m dasp_sample v0.11.0
2026-10-07T20:49:28.1120589Z [1m[92m  Downloaded[0m hyper v1.11.1
2026-10-07T20:49:28.1202587Z [1m[92m  Downloaded[0m scroll v0.12.0
2026-10-07T20:49:28.1216459Z [1m[92m  Downloaded[0m spki v0.6.0
2026-10-07T20:49:28.1233664Z [1m[92m  Downloaded[0m ash v0.38.0+1.3.281
2026-10-07T20:49:28.1388327Z [1m[92m  Downloaded[0m strum_macros v0.28.0
2026-10-07T20:49:28.1412672Z [1m[92m  Downloaded[0m pest v2.8.3
2026-10-07T20:49:28.1458091Z [1m[92m  Downloaded[0m sdd v4.6.2
2026-10-07T20:49:28.1484647Z [1m[92m  Downloaded[0m sea-orm-macros v1.1.10
2026-10-07T20:49:28.1515221Z [1m[92m  Downloaded[0m toml_parser v1.0.4
2026-10-07T20:49:28.1538059Z [1m[92m  Downloaded[0m goblin v0.9.3
2026-10-07T20:49:28.1600005Z [1m[92m  Downloaded[0m granit-parser v1.0.0
2026-10-07T20:49:28.1669060Z [1m[92m  Downloaded[0m xmlwriter v0.1.0
2026-10-07T20:49:28.1679831Z [1m[92m  Downloaded[0m num-derive v0.4.2
2026-10-07T20:49:28.1698335Z [1m[92m  Downloaded[0m serde_fmt v1.0.3
2026-10-07T20:49:28.1707558Z [1m[92m  Downloaded[0m cranelift-bitset v0.135.1
2026-10-07T20:49:28.1717379Z [1m[92m  Downloaded[0m debugid v0.8.0
2026-10-07T20:49:28.1729522Z [1m[92m  Downloaded[0m dirs v6.0.0
2026-10-07T20:49:28.1742466Z [1m[92m  Downloaded[0m dunce v1.0.5
2026-10-07T20:49:28.1751533Z [1m[92m  Downloaded[0m rustix-openpty v0.2.0
2026-10-07T20:49:28.1762301Z [1m[92m  Downloaded[0m unarray v0.1.4
2026-10-07T20:49:28.1774980Z [1m[92m  Downloaded[0m unicode-bidi v0.3.18
2026-10-07T20:49:28.1799038Z [1m[92m  Downloaded[0m zeroize_derive v1.4.2
2026-10-07T20:49:28.1807881Z [1m[92m  Downloaded[0m tungstenite v0.21.0
2026-10-07T20:49:28.1839975Z [1m[92m  Downloaded[0m fastrand v2.3.0
2026-10-07T20:49:28.1852652Z [1m[92m  Downloaded[0m wasmtime-internal-c-api-macros v48.0.1
2026-10-07T20:49:28.1859494Z [1m[92m  Downloaded[0m equator v0.4.2
2026-10-07T20:49:28.1872787Z [1m[92m  Downloaded[0m uds v0.4.2
2026-10-07T20:49:28.1893442Z [1m[92m  Downloaded[0m darling_macro v0.21.3
2026-10-07T20:49:28.1900135Z [1m[92m  Downloaded[0m pori v0.0.0
2026-10-07T20:49:28.1910350Z [1m[92m  Downloaded[0m foreign-types v0.3.2
2026-10-07T20:49:28.1917651Z [1m[92m  Downloaded[0m home v0.5.11
2026-10-07T20:49:28.1927289Z [1m[92m  Downloaded[0m rangemap v1.7.1
2026-10-07T20:49:28.1949441Z [1m[92m  Downloaded[0m unicase v2.8.1
2026-10-07T20:49:28.1966970Z [1m[92m  Downloaded[0m pin-utils v0.1.0
2026-10-07T20:49:28.1979292Z [1m[92m  Downloaded[0m rustc-hash v1.1.0
2026-10-07T20:49:28.1988012Z [1m[92m  Downloaded[0m selectors v0.37.0
2026-10-07T20:49:28.2011671Z [1m[92m  Downloaded[0m num-conv v0.2.0
2026-10-07T20:49:28.2019850Z [1m[92m  Downloaded[0m phf_shared v0.13.1
2026-10-07T20:49:28.2028995Z [1m[92m  Downloaded[0m pulldown-cmark v0.13.4
2026-10-07T20:49:28.2079125Z [1m[92m  Downloaded[0m toml_edit v0.22.27
2026-10-07T20:49:28.2122020Z [1m[92m  Downloaded[0m toml_edit v0.23.7
2026-10-07T20:49:28.2160447Z [1m[92m  Downloaded[0m tungstenite v0.28.0
2026-10-07T20:49:28.2194522Z [1m[92m  Downloaded[0m unicode-vo v0.1.0
2026-10-07T20:49:28.2203082Z [1m[92m  Downloaded[0m wasmparser v0.254.0
2026-10-07T20:49:28.2284871Z [1m[92m  Downloaded[0m xmlparser v0.13.6
2026-10-07T20:49:28.2307886Z [1m[92m  Downloaded[0m zstd v0.11.2+zstd.1.5.2
2026-10-07T20:49:28.2339354Z [1m[92m  Downloaded[0m beef v0.5.2
2026-10-07T20:49:28.2357490Z [1m[92m  Downloaded[0m bs58 v0.5.1
2026-10-07T20:49:28.2379712Z [1m[92m  Downloaded[0m byteorder v1.5.0
2026-10-07T20:49:28.2395619Z [1m[92m  Downloaded[0m cranelift-control v0.135.1
2026-10-07T20:49:28.2404298Z [1m[92m  Downloaded[0m equator-macro v0.4.2
2026-10-07T20:49:28.2411643Z [1m[92m  Downloaded[0m foreign-types-shared v0.1.1
2026-10-07T20:49:28.2418190Z [1m[92m  Downloaded[0m include-flate-compress v0.3.4
2026-10-07T20:49:28.2424396Z [1m[92m  Downloaded[0m pbjson-build v0.9.0
2026-10-07T20:49:28.2437019Z [1m[92m  Downloaded[0m tokio-tungstenite v0.20.1
2026-10-07T20:49:28.2456826Z [1m[92m  Downloaded[0m tokio-tungstenite v0.21.0
2026-10-07T20:49:28.2476515Z [1m[92m  Downloaded[0m tokio-tungstenite v0.28.0
2026-10-07T20:49:28.2496070Z [1m[92m  Downloaded[0m num_cpus v1.17.0
2026-10-07T20:49:28.2528165Z [1m[92m  Downloaded[0m num_threads v0.1.7
2026-10-07T20:49:28.2538023Z [1m[92m  Downloaded[0m sval_fmt v2.15.0
2026-10-07T20:49:28.2550479Z [1m[92m  Downloaded[0m wgpu-core-deps-windows-linux-android v29.0.4
2026-10-07T20:49:28.2559042Z [1m[92m  Downloaded[0m bit-set v0.8.0
2026-10-07T20:49:28.2572051Z [1m[92m  Downloaded[0m rustc-demangle v0.1.26
2026-10-07T20:49:28.2588822Z [1m[92m  Downloaded[0m sha2 v0.10.9
2026-10-07T20:49:28.2614577Z [1m[92m  Downloaded[0m simd_helpers v0.1.0
2026-10-07T20:49:28.2622162Z [1m[92m  Downloaded[0m tokio-socks v0.5.2
2026-10-07T20:49:28.2651628Z [1m[92m  Downloaded[0m cranelift-native v0.135.1
2026-10-07T20:49:28.2660431Z [1m[92m  Downloaded[0m derive_setters v0.1.9
2026-10-07T20:49:28.2681304Z [1m[92m  Downloaded[0m crossbeam-queue v0.3.12
2026-10-07T20:49:28.2693338Z [1m[92m  Downloaded[0m deranged v0.5.4
2026-10-07T20:49:28.2706483Z [1m[92m  Downloaded[0m email_address v0.2.9
2026-10-07T20:49:28.2723029Z [1m[92m  Downloaded[0m embedded-io v0.4.0
2026-10-07T20:49:28.2740679Z [1m[92m  Downloaded[0m cranelift-assembler-x64 v0.135.1
2026-10-07T20:49:28.2759280Z [1m[92m  Downloaded[0m document-features v0.2.12
2026-10-07T20:49:28.2771301Z [1m[92m  Downloaded[0m fancy-regex v0.19.0
2026-10-07T20:49:28.2834437Z [1m[92m  Downloaded[0m rand v0.10.2
2026-10-07T20:49:28.2872271Z [1m[92m  Downloaded[0m rand_distr v0.5.1
2026-10-07T20:49:28.2907325Z [1m[92m  Downloaded[0m rustversion v1.0.22
2026-10-07T20:49:28.2935586Z [1m[92m  Downloaded[0m aws-sdk-kinesis v1.100.0
2026-10-07T20:49:28.3254627Z [1m[92m  Downloaded[0m cargo_toml v0.21.0
2026-10-07T20:49:28.3268282Z [1m[92m  Downloaded[0m dialoguer v0.12.0
2026-10-07T20:49:28.3303298Z [1m[92m  Downloaded[0m fastrand v1.9.0
2026-10-07T20:49:28.3316132Z [1m[92m  Downloaded[0m hex v0.4.3
2026-10-07T20:49:28.3332451Z [1m[92m  Downloaded[0m rand v0.9.4
2026-10-07T20:49:28.3371645Z [1m[92m  Downloaded[0m ucd-trie v0.1.7
2026-10-07T20:49:28.3386059Z [1m[92m  Downloaded[0m enumn v0.1.14
2026-10-07T20:49:28.3398508Z [1m[92m  Downloaded[0m icu_locale_fallback_data v2.3.0
2026-10-07T20:49:28.3409449Z [1m[92m  Downloaded[0m ordered-float v5.5.0
2026-10-07T20:49:28.3427132Z [1m[92m  Downloaded[0m sval_nested v2.15.0
2026-10-07T20:49:28.3440442Z [1m[92m  Downloaded[0m tungstenite v0.20.1
2026-10-07T20:49:28.3473370Z [1m[92m  Downloaded[0m read-fonts v0.37.0
2026-10-07T20:49:28.3627345Z [1m[92m  Downloaded[0m typenum v1.19.0
2026-10-07T20:49:28.3655703Z [1m[92m  Downloaded[0m zip v0.6.6
2026-10-07T20:49:28.3697306Z [1m[92m  Downloaded[0m cast v0.3.0
2026-10-07T20:49:28.3709531Z [1m[92m  Downloaded[0m include-flate v0.3.4
2026-10-07T20:49:28.3718089Z [1m[92m  Downloaded[0m indenter v0.3.4
2026-10-07T20:49:28.3731192Z [1m[92m  Downloaded[0m zeromq v0.5.0
2026-10-07T20:49:28.3795608Z [1m[92m  Downloaded[0m zstd v0.13.3
2026-10-07T20:49:28.3825676Z [1m[92m  Downloaded[0m bzip2 v0.6.1
2026-10-07T20:49:28.3843806Z [1m[92m  Downloaded[0m cap-std v4.0.3
2026-10-07T20:49:28.3874601Z [1m[92m  Downloaded[0m svgtypes v0.16.1
2026-10-07T20:49:28.3899333Z [1m[92m  Downloaded[0m tokio-rustls v0.26.4
2026-10-07T20:49:28.3920186Z [1m[92m  Downloaded[0m tower v0.5.2
2026-10-07T20:49:28.4024521Z [1m[92m  Downloaded[0m tower-http v0.4.4
2026-10-07T20:49:28.4103419Z [1m[92m  Downloaded[0m dary_heap v0.3.9
2026-10-07T20:49:28.4115428Z [1m[92m  Downloaded[0m erased-serde v0.4.9
2026-10-07T20:49:28.4139256Z [1m[92m  Downloaded[0m fast-srgb8 v1.0.0
2026-10-07T20:49:28.4151715Z [1m[92m  Downloaded[0m fdeflate v0.3.7
2026-10-07T20:49:28.4168435Z [1m[92m  Downloaded[0m fork v0.4.0
2026-10-07T20:49:28.4192023Z [1m[92m  Downloaded[0m khronos-egl v6.0.0
2026-10-07T20:49:28.4211550Z [1m[92m  Downloaded[0m lazy_static v1.5.0
2026-10-07T20:49:28.4229993Z [1m[92m  Downloaded[0m mime_guess v2.0.5
2026-10-07T20:49:28.4247410Z [1m[92m  Downloaded[0m process-backend v0.1.0
2026-10-07T20:49:28.4259624Z [1m[92m  Downloaded[0m protox v0.9.1
2026-10-07T20:49:28.4300161Z [1m[92m  Downloaded[0m read-fonts v0.35.0
2026-10-07T20:49:28.4453873Z [1m[92m  Downloaded[0m spirv v0.4.0+sdk-1.4.341.0
2026-10-07T20:49:28.4466482Z [1m[92m  Downloaded[0m crash-handler v0.8.0
2026-10-07T20:49:28.4496585Z [1m[92m  Downloaded[0m darling v0.21.3
2026-10-07T20:49:28.4551387Z [1m[92m  Downloaded[0m hmac v0.12.1
2026-10-07T20:49:28.4571400Z [1m[92m  Downloaded[0m libmimalloc-sys v0.1.44
2026-10-07T20:49:28.4716380Z [1m[92m  Downloaded[0m roughr-merman v0.12.3
2026-10-07T20:49:28.4737343Z [1m[92m  Downloaded[0m seccompiler v0.5.0
2026-10-07T20:49:28.4774051Z [1m[92m  Downloaded[0m tokio-stream v0.1.17
2026-10-07T20:49:28.4820176Z [1m[92m  Downloaded[0m tower v0.4.13
2026-10-07T20:49:28.4924886Z [1m[92m  Downloaded[0m wgpu-core v29.0.4
2026-10-07T20:49:28.5021001Z [1m[92m  Downloaded[0m av-scenechange v0.14.1
2026-10-07T20:49:28.5130168Z [1m[92m  Downloaded[0m num-iter v0.1.45
2026-10-07T20:49:28.5140572Z [1m[92m  Downloaded[0m schemars_derive v1.0.4
2026-10-07T20:49:28.5160429Z [1m[92m  Downloaded[0m pastey v0.1.1
2026-10-07T20:49:28.5178368Z [1m[92m  Downloaded[0m link-cplusplus v1.0.12
2026-10-07T20:49:28.5190762Z [1m[92m  Downloaded[0m phf_shared v0.11.3
2026-10-07T20:49:28.5200454Z [1m[92m  Downloaded[0m pico-args v0.5.0
2026-10-07T20:49:28.5214705Z [1m[92m  Downloaded[0m protobuf-support v3.7.2
2026-10-07T20:49:28.5230593Z [1m[92m  Downloaded[0m protox-parse v0.9.0
2026-10-07T20:49:28.5252021Z [1m[92m  Downloaded[0m notify v6.1.1
2026-10-07T20:49:28.5270244Z [1m[92m  Downloaded[0m phf_codegen v0.13.1
2026-10-07T20:49:28.5280179Z [1m[92m  Downloaded[0m pulldown-cmark v0.10.3
2026-10-07T20:49:28.5327750Z [1m[92m  Downloaded[0m toml v0.5.11
2026-10-07T20:49:28.5350199Z [1m[92m  Downloaded[0m toml v0.8.23
2026-10-07T20:49:28.5374621Z [1m[92m  Downloaded[0m toml v0.9.8
2026-10-07T20:49:28.5415690Z [1m[92m  Downloaded[0m tree-sitter-diff v0.1.0
2026-10-07T20:49:28.5431468Z [1m[92m  Downloaded[0m wasmtime-wasi-io v48.0.1
2026-10-07T20:49:28.5444752Z [1m[92m  Downloaded[0m xkeysym v0.2.1
2026-10-07T20:49:28.5472243Z [1m[92m  Downloaded[0m cipher v0.4.4
2026-10-07T20:49:28.5487856Z [1m[92m  Downloaded[0m cranelift-assembler-x64-meta v0.135.1
2026-10-07T20:49:28.5526194Z [1m[92m  Downloaded[0m crypto-bigint v0.4.9
2026-10-07T20:49:28.5571996Z [1m[92m  Downloaded[0m ctor v1.0.12
2026-10-07T20:49:28.5597550Z [1m[92m  Downloaded[0m elliptic-curve v0.12.3
2026-10-07T20:49:28.5633697Z [1m[92m  Downloaded[0m fontconfig-parser v0.5.8
2026-10-07T20:49:28.5692600Z [1m[92m  Downloaded[0m handlebars v4.5.0
2026-10-07T20:49:28.5765100Z [1m[92m  Downloaded[0m include-flate-codegen v0.3.4
2026-10-07T20:49:28.5772154Z [1m[92m  Downloaded[0m jobserver v0.1.34
2026-10-07T20:49:28.5793581Z [1m[92m  Downloaded[0m minidump-common v0.26.1
2026-10-07T20:49:28.5815975Z [1m[92m  Downloaded[0m nucleo v0.5.0
2026-10-07T20:49:28.5833937Z [1m[92m  Downloaded[0m num-integer v0.1.46
2026-10-07T20:49:28.5850233Z [1m[92m  Downloaded[0m partial-json-fixer v0.5.3
2026-10-07T20:49:28.5859419Z [1m[92m  Downloaded[0m pbkdf2 v0.11.0
2026-10-07T20:49:28.5884704Z [1m[92m  Downloaded[0m perf-event-open-sys2 v5.0.6
2026-10-07T20:49:28.5928595Z [1m[92m  Downloaded[0m presser v0.3.1
2026-10-07T20:49:28.5958275Z [1m[92m  Downloaded[0m proc-macro2-diagnostics v0.10.1
2026-10-07T20:49:28.5976940Z [1m[92m  Downloaded[0m prost-types v0.14.4
2026-10-07T20:49:28.5995192Z [1m[92m  Downloaded[0m rayon v1.11.0
2026-10-07T20:49:28.6097334Z [1m[92m  Downloaded[0m shlex v2.0.1
2026-10-07T20:49:28.6110413Z [1m[92m  Downloaded[0m sync_wrapper v1.0.2
2026-10-07T20:49:28.6118468Z [1m[92m  Downloaded[0m tempfile v3.27.0
2026-10-07T20:49:28.6144111Z [1m[92m  Downloaded[0m terminal_size v0.4.3
2026-10-07T20:49:28.6157790Z [1m[92m  Downloaded[0m tower-http v0.6.11
2026-10-07T20:49:28.6253322Z [1m[92m  Downloaded[0m xml5ever v0.39.0
2026-10-07T20:49:28.6277406Z [1m[92m  Downloaded[0m base16ct v0.1.1
2026-10-07T20:49:28.6291060Z [1m[92m  Downloaded[0m circular-buffer v1.2.0
2026-10-07T20:49:28.6311588Z [1m[92m  Downloaded[0m linktime-proc-macro v0.2.2
2026-10-07T20:49:28.6325569Z [1m[92m  Downloaded[0m proc-macro-error-attr v1.0.4
2026-10-07T20:49:28.6334909Z [1m[92m  Downloaded[0m prost-derive v0.14.4
2026-10-07T20:49:28.6348111Z [1m[92m  Downloaded[0m pulldown-cmark-escape v0.10.1
2026-10-07T20:49:28.6355384Z [1m[92m  Downloaded[0m qoi v0.4.1
2026-10-07T20:49:28.6385037Z [1m[92m  Downloaded[0m rand v0.4.6
2026-10-07T20:49:28.6418180Z [1m[92m  Downloaded[0m tiny-skia v0.11.4
2026-10-07T20:49:28.6554691Z [1m[92m  Downloaded[0m wasm-encoder v0.201.0
2026-10-07T20:49:28.6584936Z [1m[92m  Downloaded[0m darling_core v0.20.11
2026-10-07T20:49:28.6636890Z [1m[92m  Downloaded[0m ordered-float v4.6.0
2026-10-07T20:49:28.6651384Z [1m[92m  Downloaded[0m fontdb v0.23.0
2026-10-07T20:49:28.6675683Z [1m[92m  Downloaded[0m plotters-backend v0.3.7
2026-10-07T20:49:28.6688171Z [1m[92m  Downloaded[0m plotters-svg v0.3.7
2026-10-07T20:49:28.6696085Z [1m[92m  Downloaded[0m wgpu-naga-bridge v29.0.4
2026-10-07T20:49:28.6703586Z [1m[92m  Downloaded[0m dbus v0.9.9
2026-10-07T20:49:28.6746238Z [1m[92m  Downloaded[0m synchronoise v1.0.1
2026-10-07T20:49:28.6758120Z [1m[92m  Downloaded[0m zvariant_utils v3.3.1
2026-10-07T20:49:28.6772492Z [1m[92m  Downloaded[0m const-random v0.1.18
2026-10-07T20:49:28.6783676Z [1m[92m  Downloaded[0m rustls-pemfile v2.2.0
2026-10-07T20:49:28.6807968Z [1m[92m  Downloaded[0m ttf-parser v0.25.1
2026-10-07T20:49:28.6903121Z [1m[92m  Downloaded[0m minimal-lexical v0.2.1
2026-10-07T20:49:28.6949440Z [1m[92m  Downloaded[0m uuid-simd v0.8.0
2026-10-07T20:49:28.6961210Z [1m[92m  Downloaded[0m thiserror v2.0.17
2026-10-07T20:49:28.7028053Z [1m[92m  Downloaded[0m wasmtime-internal-versioned-export-macros v48.0.1
2026-10-07T20:49:28.7034001Z [1m[92m  Downloaded[0m rand v0.8.6
2026-10-07T20:49:28.7066892Z [1m[92m  Downloaded[0m compression-codecs v0.4.31
2026-10-07T20:49:28.7105356Z [1m[92m  Downloaded[0m proc-macro-error v1.0.4
2026-10-07T20:49:28.7140433Z [1m[92m  Downloaded[0m proc-macro-error3 v3.1.1
2026-10-07T20:49:28.7175354Z [1m[92m  Downloaded[0m utf8parse v0.2.2
2026-10-07T20:49:28.7185585Z [1m[92m  Downloaded[0m rusty-fork v0.3.1
2026-10-07T20:49:28.7199619Z [1m[92m  Downloaded[0m clap v4.5.49
2026-10-07T20:49:28.7297167Z [1m[92m  Downloaded[0m thiserror v1.0.69
2026-10-07T20:49:28.7354101Z [1m[92m  Downloaded[0m miette v7.6.0
2026-10-07T20:49:28.7399188Z [1m[92m  Downloaded[0m shlex v1.3.0
2026-10-07T20:49:28.7411940Z [1m[92m  Downloaded[0m stacker v0.1.25
2026-10-07T20:49:28.7432221Z [1m[92m  Downloaded[0m unicode-segmentation v1.13.3
2026-10-07T20:49:28.7461708Z [1m[92m  Downloaded[0m wasmtime-internal-jit-icache-coherence v48.0.1
2026-10-07T20:49:28.7470553Z [1m[92m  Downloaded[0m clap_complete v4.5.59
2026-10-07T20:49:28.7501056Z [1m[92m  Downloaded[0m cxx-build v1.0.187
2026-10-07T20:49:28.7563655Z [1m[92m  Downloaded[0m derive_more v2.1.1
2026-10-07T20:49:28.7695703Z [1m[92m  Downloaded[0m h2 v0.3.27
2026-10-07T20:49:28.7758182Z [1m[92m  Downloaded[0m signal-hook v0.4.4
2026-10-07T20:49:28.7782639Z [1m[92m  Downloaded[0m value-bag v1.12.0
2026-10-07T20:49:28.7810399Z [1m[92m  Downloaded[0m link-section v0.19.2
2026-10-07T20:49:28.7855877Z [1m[92m  Downloaded[0m ryu v1.0.23
2026-10-07T20:49:28.7888897Z [1m[92m  Downloaded[0m signal-hook-registry v1.4.6
2026-10-07T20:49:28.7899884Z [1m[92m  Downloaded[0m derive_more-impl v2.1.1
2026-10-07T20:49:28.7952709Z [1m[92m  Downloaded[0m compression-core v0.4.29
2026-10-07T20:49:28.7961978Z [1m[92m  Downloaded[0m const-random-macro v0.1.16
2026-10-07T20:49:28.7970350Z [1m[92m  Downloaded[0m serde_urlencoded v0.7.1
2026-10-07T20:49:28.7987364Z [1m[92m  Downloaded[0m const_format_proc_macros v0.2.34
2026-10-07T20:49:28.8010913Z [1m[92m  Downloaded[0m dugong v0.8.0-alpha.5
2026-10-07T20:49:28.8080273Z [1m[92m  Downloaded[0m termcolor v1.4.1
2026-10-07T20:49:28.8093400Z [1m[92m  Downloaded[0m wasmtime-internal-unwinder v48.0.1
2026-10-07T20:49:28.8108651Z [1m[92m  Downloaded[0m handlebars v5.1.2
2026-10-07T20:49:28.8180663Z [1m[92m  Downloaded[0m time v0.3.47
2026-10-07T20:49:28.8311610Z [1m[92m  Downloaded[0m serde_spanned v1.0.3
2026-10-07T20:49:28.8322853Z [1m[92m  Downloaded[0m wax v0.7.0
2026-10-07T20:49:28.8359511Z [1m[92m  Downloaded[0m bigdecimal v0.4.8
2026-10-07T20:49:28.8405895Z [1m[92m  Downloaded[0m gpu-allocator v0.28.0
2026-10-07T20:49:28.8434515Z [1m[92m  Downloaded[0m proptest-derive v0.8.0
2026-10-07T20:49:28.8489845Z [1m[92m  Downloaded[0m command-fds v0.3.2
2026-10-07T20:49:28.8504550Z [1m[92m  Downloaded[0m httpdate v1.0.3
2026-10-07T20:49:28.8516534Z [1m[92m  Downloaded[0m openssl-probe v0.2.1
2026-10-07T20:49:28.8528213Z [1m[92m  Downloaded[0m pulley-macros v48.0.1
2026-10-07T20:49:28.8534795Z [1m[92m  Downloaded[0m which v8.0.5
2026-10-07T20:49:28.8553379Z [1m[92m  Downloaded[0m openssl-macros v0.1.1
2026-10-07T20:49:28.8560950Z [1m[92m  Downloaded[0m tendril v0.5.1
2026-10-07T20:49:28.8580270Z [1m[92m  Downloaded[0m wasmtime-internal-wit-bindgen v48.0.1
2026-10-07T20:49:28.8593039Z [1m[92m  Downloaded[0m http-body v1.0.1
2026-10-07T20:49:28.8603192Z [1m[92m  Downloaded[0m symphonia-codec-pcm v0.5.5
2026-10-07T20:49:28.8610798Z [1m[92m  Downloaded[0m value-bag-serde1 v1.12.0
2026-10-07T20:49:28.8618911Z [1m[92m  Downloaded[0m base64-simd v0.8.0
2026-10-07T20:49:28.8632731Z [1m[92m  Downloaded[0m serde_json_lenient v0.2.4
2026-10-07T20:49:28.8676397Z [1m[92m  Downloaded[0m utf-8 v0.7.6
2026-10-07T20:49:28.8688471Z [1m[92m  Downloaded[0m criterion v0.8.2
2026-10-07T20:49:28.8763361Z [1m[92m  Downloaded[0m utf8-chars v3.0.6
2026-10-07T20:49:28.8773245Z [1m[92m  Downloaded[0m zune-core v0.5.1
2026-10-07T20:49:28.8795994Z [1m[92m  Downloaded[0m zune-inflate v0.2.54
2026-10-07T20:49:28.8812720Z [1m[92m  Downloaded[0m zvariant_derive v5.11.0
2026-10-07T20:49:28.8827580Z [1m[92m  Downloaded[0m cargo-platform v0.1.9
2026-10-07T20:49:28.8839612Z [1m[92m  Downloaded[0m color_quant v1.1.0
2026-10-07T20:49:28.8849933Z [1m[92m  Downloaded[0m gif v0.14.2
2026-10-07T20:49:28.8866577Z [1m[92m  Downloaded[0m heapless v0.9.2
2026-10-07T20:49:28.8917259Z [1m[92m  Downloaded[0m http-body-util v0.1.3
2026-10-07T20:49:28.8935276Z [1m[92m  Downloaded[0m humantime v2.3.0
2026-10-07T20:49:28.8951409Z [1m[92m  Downloaded[0m jupyter-protocol v1.4.0
2026-10-07T20:49:28.8967742Z [1m[92m  Downloaded[0m nu-ansi-term v0.50.3
2026-10-07T20:49:28.8991468Z [1m[92m  Downloaded[0m num-rational v0.4.2
2026-10-07T20:49:28.9004107Z [1m[92m  Downloaded[0m oorandom v11.1.5
2026-10-07T20:49:28.9013683Z [1m[92m  Downloaded[0m opener v0.7.2
2026-10-07T20:49:28.9028108Z [1m[92m  Downloaded[0m pretty_assertions v1.4.1
2026-10-07T20:49:28.9046244Z [1m[92m  Downloaded[0m prometheus v0.14.0
2026-10-07T20:49:28.9096712Z [1m[92m  Downloaded[0m serde_spanned v0.6.9
2026-10-07T20:49:28.9107383Z [1m[92m  Downloaded[0m sqlformat v0.2.6
2026-10-07T20:49:28.9124386Z [1m[92m  Downloaded[0m target-lexicon v0.13.5
2026-10-07T20:49:28.9139413Z [1m[92m  Downloaded[0m target-spec v3.7.0
2026-10-07T20:49:28.9157456Z [1m[92m  Downloaded[0m tracing-attributes v0.1.31
2026-10-07T20:49:28.9184197Z [1m[92m  Downloaded[0m tree-sitter-css v0.23.2
2026-10-07T20:49:28.9206290Z [1m[92m  Downloaded[0m tree-sitter-html v0.23.2
2026-10-07T20:49:28.9223344Z [1m[92m  Downloaded[0m triomphe v0.1.15
2026-10-07T20:49:28.9242682Z [1m[92m  Downloaded[0m uuid v1.18.1
2026-10-07T20:49:28.9272512Z [1m[92m  Downloaded[0m wasm-encoder v0.254.0
2026-10-07T20:49:28.9313163Z [1m[92m  Downloaded[0m wasmtime-internal-component-macro v48.0.1
2026-10-07T20:49:28.9475326Z [1m[92m  Downloaded[0m weezl v0.1.10
2026-10-07T20:49:28.9500721Z [1m[92m  Downloaded[0m cargo-platform v0.3.2
2026-10-07T20:49:28.9512687Z [1m[92m  Downloaded[0m colorchoice v1.0.4
2026-10-07T20:49:28.9522427Z [1m[92m  Downloaded[0m const-oid v0.9.6
2026-10-07T20:49:28.9541537Z [1m[92m  Downloaded[0m glow v0.17.0
2026-10-07T20:49:28.9585906Z [1m[92m  Downloaded[0m indexmap v1.9.3
2026-10-07T20:49:28.9617611Z [1m[92m  Downloaded[0m num-traits v0.2.19
2026-10-07T20:49:28.9643488Z [1m[92m  Downloaded[0m sqlx-sqlite v0.8.6
2026-10-07T20:49:28.9689720Z [1m[92m  Downloaded[0m unicode-width v0.2.2
2026-10-07T20:49:28.9743815Z [1m[92m  Downloaded[0m human_bytes v0.4.3
2026-10-07T20:49:28.9755857Z [1m[92m  Downloaded[0m inout v0.1.4
2026-10-07T20:49:28.9766856Z [1m[92m  Downloaded[0m tracing-core v0.1.35
2026-10-07T20:49:28.9793329Z [1m[92m  Downloaded[0m sys-locale v0.3.2
2026-10-07T20:49:28.9807312Z [1m[92m  Downloaded[0m sea-query v0.32.7
2026-10-07T20:49:28.9917013Z [1m[92m  Downloaded[0m unicode_categories v0.1.1
2026-10-07T20:49:28.9933607Z [1m[92m  Downloaded[0m zvariant v5.11.0
2026-10-07T20:49:29.0003765Z [1m[92m  Downloaded[0m ouroboros v0.18.5
2026-10-07T20:49:29.0012157Z [1m[92m  Downloaded[0m plotters v0.3.7
2026-10-07T20:49:29.0107010Z [1m[92m  Downloaded[0m quick-error v1.2.3
2026-10-07T20:49:29.0119935Z [1m[92m  Downloaded[0m failspot v0.2.0
2026-10-07T20:49:29.0129221Z [1m[92m  Downloaded[0m maplit v1.0.2
2026-10-07T20:49:29.0138671Z [1m[92m  Downloaded[0m num-format v0.4.4
2026-10-07T20:49:29.0173746Z [1m[92m  Downloaded[0m oo7 v0.6.0
2026-10-07T20:49:29.0219826Z [1m[92m  Downloaded[0m zune-jpeg v0.5.15
2026-10-07T20:49:29.0254431Z [1m[92m  Downloaded[0m untrusted v0.9.0
2026-10-07T20:49:29.0271048Z [1m[92m  Downloaded[0m ignore v0.4.24
2026-10-07T20:49:29.0293568Z [1m[92m  Downloaded[0m parse_int v0.9.0
2026-10-07T20:49:29.0302080Z [1m[92m  Downloaded[0m pathdiff v0.2.3
2026-10-07T20:49:29.0311571Z [1m[92m  Downloaded[0m quick-error v2.0.1
2026-10-07T20:49:29.0324258Z [1m[92m  Downloaded[0m jsonschema v0.51.0
2026-10-07T20:49:29.0511246Z [1m[92m  Downloaded[0m pulley-interpreter v48.0.1
2026-10-07T20:49:29.0539080Z [1m[92m  Downloaded[0m x11 v2.21.0
2026-10-07T20:49:29.0571032Z [1m[92m  Downloaded[0m hashlink v0.10.0
2026-10-07T20:49:29.0589594Z [1m[92m  Downloaded[0m wasm-bindgen-macro v0.2.120
2026-10-07T20:49:29.0599192Z [1m[92m  Downloaded[0m wasm-metadata v0.201.0
2026-10-07T20:49:29.0606696Z [1m[92m  Downloaded[0m ciborium-ll v0.2.2
2026-10-07T20:49:29.0617416Z [1m[92m  Downloaded[0m constant_time_eq v0.1.5
2026-10-07T20:49:29.0626735Z [1m[92m  Downloaded[0m num-bigint v0.4.8
2026-10-07T20:49:29.0674559Z [1m[92m  Downloaded[0m phf_generator v0.11.3
2026-10-07T20:49:29.0686115Z [1m[92m  Downloaded[0m prost-reflect v0.16.5
2026-10-07T20:49:29.0847231Z [1m[92m  Downloaded[0m rustc-hash v2.1.1
2026-10-07T20:49:29.0860161Z [1m[92m  Downloaded[0m base64 v0.21.7
2026-10-07T20:49:29.0898214Z [1m[92m  Downloaded[0m tokio-util v0.7.18
2026-10-07T20:49:29.0975408Z [1m[92m  Downloaded[0m hashlink v0.8.4
2026-10-07T20:49:29.0993289Z [1m[92m  Downloaded[0m jupyter-websocket-client v1.1.0
2026-10-07T20:49:29.1004883Z [1m[92m  Downloaded[0m stacksafe v1.0.3
2026-10-07T20:49:29.1021499Z [1m[92m  Downloaded[0m mio v0.8.11
2026-10-07T20:49:29.1080305Z [1m[92m  Downloaded[0m pbkdf2 v0.12.2
2026-10-07T20:49:29.1093766Z [1m[92m  Downloaded[0m serde_repr v0.1.20
2026-10-07T20:49:29.1114734Z [1m[92m  Downloaded[0m wasmtime-environ v48.0.1
2026-10-07T20:49:29.1198428Z [1m[92m  Downloaded[0m const_format v0.2.35
2026-10-07T20:49:29.1246093Z [1m[92m  Downloaded[0m miette-derive v7.6.0
2026-10-07T20:49:29.1260987Z [1m[92m  Downloaded[0m pathfinder_geometry v0.5.1
2026-10-07T20:49:29.1272070Z [1m[92m  Downloaded[0m axum v0.6.20
2026-10-07T20:49:29.1347854Z [1m[92m  Downloaded[0m backtrace v0.3.76
2026-10-07T20:49:29.1398905Z [1m[92m  Downloaded[0m wit-bindgen-rust v0.22.0
2026-10-07T20:49:29.1412993Z [1m[92m  Downloaded[0m wit-component v0.254.0
2026-10-07T20:49:29.2030062Z [1m[92m  Downloaded[0m phf_macros v0.13.1
2026-10-07T20:49:29.2040071Z [1m[92m  Downloaded[0m rustc_version v0.4.1
2026-10-07T20:49:29.2052406Z [1m[92m  Downloaded[0m scoped-tls v1.0.1
2026-10-07T20:49:29.2062351Z [1m[92m  Downloaded[0m stacksafe-macro v1.0.3
2026-10-07T20:49:29.2069126Z [1m[92m  Downloaded[0m sync_wrapper v0.1.2
2026-10-07T20:49:29.2077350Z [1m[92m  Downloaded[0m fs-set-times v0.20.3
2026-10-07T20:49:29.2090979Z [1m[92m  Downloaded[0m write16 v1.0.0
2026-10-07T20:49:29.2100136Z [1m[92m  Downloaded[0m getrandom v0.2.16
2026-10-07T20:49:29.2129205Z [1m[92m  Downloaded[0m peg v0.8.5
2026-10-07T20:49:29.2172755Z [1m[92m  Downloaded[0m wait-timeout v0.2.1
2026-10-07T20:49:29.2188362Z [1m[92m  Downloaded[0m convert_case v0.11.0
2026-10-07T20:49:29.2206531Z [1m[92m  Downloaded[0m font-types v0.11.0
2026-10-07T20:49:29.2223701Z [1m[92m  Downloaded[0m icu_locale_fallback v2.3.0
2026-10-07T20:49:29.2234644Z [1m[92m  Downloaded[0m ordered-stream v0.2.0
2026-10-07T20:49:29.2246415Z [1m[92m  Downloaded[0m phf_generator v0.13.1
2026-10-07T20:49:29.2257409Z [1m[92m  Downloaded[0m pathfinder_simd v0.5.6
2026-10-07T20:49:29.2276370Z [1m[92m  Downloaded[0m chunked_transfer v1.5.0
2026-10-07T20:49:29.2288544Z [1m[92m  Downloaded[0m event-listener-strategy v0.5.4
2026-10-07T20:49:29.2299623Z [1m[92m  Downloaded[0m wasmtime-internal-jit-debug v48.0.1
2026-10-07T20:49:29.2310113Z [1m[92m  Downloaded[0m borrow-or-share v0.2.4
2026-10-07T20:49:29.2319789Z [1m[92m  Downloaded[0m by_address v1.2.1
2026-10-07T20:49:29.2328292Z [1m[92m  Downloaded[0m bytecheck v0.6.12
2026-10-07T20:49:29.2337348Z [1m[92m  Downloaded[0m kv-log-macro v1.0.7
2026-10-07T20:49:29.2355283Z [1m[92m  Downloaded[0m unindent v0.2.4
2026-10-07T20:49:29.2363886Z [1m[92m  Downloaded[0m mime v0.3.17
2026-10-07T20:49:29.2376871Z [1m[92m  Downloaded[0m phf v0.11.3
2026-10-07T20:49:29.2388895Z [1m[92m  Downloaded[0m rustix-linux-procfs v0.1.1
2026-10-07T20:49:29.2400154Z [1m[92m  Downloaded[0m v_frame v0.3.9
2026-10-07T20:49:29.2415872Z [1m[92m  Downloaded[0m waker-fn v1.2.0
2026-10-07T20:49:29.2424596Z [1m[92m  Downloaded[0m wasm-metadata v0.254.0
2026-10-07T20:49:29.2448835Z [1m[92m  Downloaded[0m fnv v1.0.7
2026-10-07T20:49:29.2457815Z [1m[92m  Downloaded[0m same-file v1.0.6
2026-10-07T20:49:29.2470861Z [1m[92m  Downloaded[0m wayland-backend v0.3.15
2026-10-07T20:49:29.2511079Z [1m[92m  Downloaded[0m wgpu-types v29.0.4
2026-10-07T20:49:29.2547994Z [1m[92m  Downloaded[0m yazi v0.2.1
2026-10-07T20:49:29.2561466Z [1m[92m  Downloaded[0m gpu-descriptor v0.3.2
2026-10-07T20:49:29.2570136Z [1m[92m  Downloaded[0m piper v0.2.4
2026-10-07T20:49:29.2585024Z [1m[92m  Downloaded[0m io-extras v0.19.0
2026-10-07T20:49:29.2607020Z [1m[92m  Downloaded[0m nbformat v1.2.0
2026-10-07T20:49:29.2650914Z [1m[92m  Downloaded[0m parking_lot v0.12.5
2026-10-07T20:49:29.2675671Z [1m[92m  Downloaded[0m quick-xml v0.30.0
2026-10-07T20:49:29.2721463Z [1m[92m  Downloaded[0m rustls-native-certs v0.8.3
2026-10-07T20:49:29.2746420Z [1m[92m  Downloaded[0m rustls-pemfile v1.0.4
2026-10-07T20:49:29.2769618Z [1m[92m  Downloaded[0m serde_path_to_error v0.1.20
2026-10-07T20:49:29.2785255Z [1m[92m  Downloaded[0m tree-sitter-regex v0.24.3
2026-10-07T20:49:29.2802191Z [1m[92m  Downloaded[0m logos-codegen v0.16.1
2026-10-07T20:49:29.2853367Z [1m[92m  Downloaded[0m parking v2.2.1
2026-10-07T20:49:29.2864390Z [1m[92m  Downloaded[0m peg-macros v0.8.5
2026-10-07T20:49:29.2878699Z [1m[92m  Downloaded[0m signature v1.6.4
2026-10-07T20:49:29.2892606Z [1m[92m  Downloaded[0m xxhash-rust v0.8.15
2026-10-07T20:49:29.2909784Z [1m[92m  Downloaded[0m noop_proc_macro v0.3.0
2026-10-07T20:49:29.2918711Z [1m[92m  Downloaded[0m rend v0.4.2
2026-10-07T20:49:29.2931323Z [1m[92m  Downloaded[0m renderdoc-sys v1.1.0
2026-10-07T20:49:29.2940660Z [1m[92m  Downloaded[0m globset v0.4.17
2026-10-07T20:49:29.2955332Z [1m[92m  Downloaded[0m pbjson-types v0.9.0
2026-10-07T20:49:29.2972368Z [1m[92m  Downloaded[0m foldhash v0.2.0
2026-10-07T20:49:29.2984983Z [1m[92m  Downloaded[0m pin-project-internal v1.1.10
2026-10-07T20:49:29.3000437Z [1m[92m  Downloaded[0m protobuf v3.7.2
2026-10-07T20:49:29.3110761Z [1m[92m  Downloaded[0m time-core v0.1.8
2026-10-07T20:49:29.3121396Z [1m[92m  Downloaded[0m font-types v0.10.0
2026-10-07T20:49:29.3139126Z [1m[92m  Downloaded[0m saa v5.4.9
2026-10-07T20:49:29.3160995Z [1m[92m  Downloaded[0m want v0.3.1
2026-10-07T20:49:29.3170302Z [1m[92m  Downloaded[0m built v0.8.0
2026-10-07T20:49:29.3188251Z [1m[92m  Downloaded[0m etagere v0.2.15
2026-10-07T20:49:29.3202490Z [1m[92m  Downloaded[0m wayland-cursor v0.31.11
2026-10-07T20:49:29.3211340Z [1m[92m  Downloaded[0m wit-bindgen-rust-macro v0.22.0
2026-10-07T20:49:29.3222390Z [1m[92m  Downloaded[0m pin-project v1.1.10
2026-10-07T20:49:29.3359690Z [1m[92m  Downloaded[0m serde_with_macros v3.22.0
2026-10-07T20:49:29.3378713Z [1m[92m  Downloaded[0m static_assertions v1.1.0
2026-10-07T20:49:29.3393132Z [1m[92m  Downloaded[0m phf v0.13.1
2026-10-07T20:49:29.3405308Z [1m[92m  Downloaded[0m simple_asn1 v0.6.3
2026-10-07T20:49:29.3418393Z [1m[92m  Downloaded[0m zeroize v1.8.2
2026-10-07T20:49:29.3431171Z [1m[92m  Downloaded[0m env_logger v0.11.8
2026-10-07T20:49:29.3456379Z [1m[92m  Downloaded[0m serde_yaml_ng v0.10.0
2026-10-07T20:49:29.3488939Z [1m[92m  Downloaded[0m linebender_resource_handle v0.1.1
2026-10-07T20:49:29.3499633Z [1m[92m  Downloaded[0m tree-sitter-jsdoc v0.23.2
2026-10-07T20:49:29.3516369Z [1m[92m  Downloaded[0m bstr v1.12.1
2026-10-07T20:49:29.3592923Z [1m[92m  Downloaded[0m wasmtime-internal-fiber v48.0.1
2026-10-07T20:49:29.3612879Z [1m[92m  Downloaded[0m cobs v0.3.0
2026-10-07T20:49:29.3627360Z [1m[92m  Downloaded[0m openssl v0.10.81
2026-10-07T20:49:29.3724620Z [1m[92m  Downloaded[0m tower-layer v0.3.3
2026-10-07T20:49:29.3734012Z [1m[92m  Downloaded[0m libbz2-rs-sys v0.2.2
2026-10-07T20:49:29.3752181Z [1m[92m  Downloaded[0m serde_yaml v0.9.34+deprecated
2026-10-07T20:49:29.3785899Z [1m[92m  Downloaded[0m winnow v0.7.13
2026-10-07T20:49:29.3876679Z [1m[92m  Downloaded[0m glib-sys v0.21.5
2026-10-07T20:49:29.3897594Z [1m[92m  Downloaded[0m wayland-protocols-wlr v0.3.9
2026-10-07T20:49:29.3919089Z [1m[92m  Downloaded[0m flume v0.12.0
2026-10-07T20:49:29.3952855Z [1m[92m  Downloaded[0m schemars v0.9.0
2026-10-07T20:49:29.4098061Z [1m[92m  Downloaded[0m vte v0.15.0
2026-10-07T20:49:29.4119101Z [1m[92m  Downloaded[0m crc-fast v1.9.0
2026-10-07T20:49:29.4209851Z [1m[92m  Downloaded[0m http-body v0.4.6
2026-10-07T20:49:29.4227124Z [1m[92m  Downloaded[0m rust-embed-utils v8.11.0
2026-10-07T20:49:29.4235059Z [1m[92m  Downloaded[0m bytemuck v1.24.0
2026-10-07T20:49:29.4266149Z [1m[92m  Downloaded[0m futures v0.1.31
2026-10-07T20:49:29.4372185Z [1m[92m  Downloaded[0m maybe-owned v0.3.4
2026-10-07T20:49:29.4384702Z [1m[92m  Downloaded[0m inventory v0.3.21
2026-10-07T20:49:29.4406006Z [1m[92m  Downloaded[0m tree-sitter-json v0.24.8
2026-10-07T20:49:29.4420388Z [1m[92m  Downloaded[0m cap-fs-ext v4.0.3
2026-10-07T20:49:29.4436299Z [1m[92m  Downloaded[0m glib-macros v0.21.5
2026-10-07T20:49:29.4468223Z [1m[92m  Downloaded[0m manatee v0.8.0-alpha.5
2026-10-07T20:49:29.4501986Z [1m[92m  Downloaded[0m clap_builder v4.5.49
2026-10-07T20:49:29.4564246Z [1m[92m  Downloaded[0m memfd v0.6.5
2026-10-07T20:49:29.4579804Z [1m[92m  Downloaded[0m roxmltree v0.21.1
2026-10-07T20:49:29.4712179Z [1m[92m  Downloaded[0m simplecss v0.2.2
2026-10-07T20:49:29.4730584Z [1m[92m  Downloaded[0m borsh v1.5.7
2026-10-07T20:49:29.4800791Z [1m[92m  Downloaded[0m similar v2.7.0
2026-10-07T20:49:29.4854749Z [1m[92m  Downloaded[0m base64ct v1.8.0
2026-10-07T20:49:29.4879696Z [1m[92m  Downloaded[0m bit-set v0.9.1
2026-10-07T20:49:29.4893758Z [1m[92m  Downloaded[0m gaoya v0.2.0
2026-10-07T20:49:29.4916890Z [1m[92m  Downloaded[0m rkyv_derive v0.7.45
2026-10-07T20:49:29.4931805Z [1m[92m  Downloaded[0m rpassword v7.5.2
2026-10-07T20:49:29.4955313Z [1m[92m  Downloaded[0m urlencoding v2.1.3
2026-10-07T20:49:29.4967077Z [1m[92m  Downloaded[0m proxyvars v0.2.0
2026-10-07T20:49:29.4977271Z [1m[92m  Downloaded[0m servo_arc v0.4.3
2026-10-07T20:49:29.4985525Z [1m[92m  Downloaded[0m sqlx-core v0.8.6
2026-10-07T20:49:29.5065261Z [1m[92m  Downloaded[0m tower-service v0.3.3
2026-10-07T20:49:29.5072929Z [1m[92m  Downloaded[0m tracing-serde v0.2.0
2026-10-07T20:49:29.5081955Z [1m[92m  Downloaded[0m whoami v1.6.1
2026-10-07T20:49:29.5102200Z [1m[92m  Downloaded[0m zeno v0.3.3
2026-10-07T20:49:29.5125101Z [1m[92m  Downloaded[0m zerocopy-derive v0.8.27
2026-10-07T20:49:29.5193792Z [1m[92m  Downloaded[0m zstd-safe v7.3.0
2026-10-07T20:49:29.5207140Z [1m[92m  Downloaded[0m fs2 v0.4.3
2026-10-07T20:49:29.5218287Z [1m[92m  Downloaded[0m imgref v1.12.0
2026-10-07T20:49:29.5234947Z [1m[92m  Downloaded[0m is_terminal_polyfill v1.70.1
2026-10-07T20:49:29.5244269Z [1m[92m  Downloaded[0m matchers v0.2.0
2026-10-07T20:49:29.5254946Z [1m[92m  Downloaded[0m matchit v0.7.3
2026-10-07T20:49:29.5274343Z [1m[92m  Downloaded[0m merge v0.1.0
2026-10-07T20:49:29.5299478Z [1m[92m  Downloaded[0m tracing-log v0.2.0
2026-10-07T20:49:29.5312909Z [1m[92m  Downloaded[0m wasmtime-internal-core v48.0.1
2026-10-07T20:49:29.5343102Z [1m[92m  Downloaded[0m blocking v1.6.2
2026-10-07T20:49:29.5355547Z [1m[92m  Downloaded[0m getrandom v0.4.1
2026-10-07T20:49:29.5393377Z [1m[92m  Downloaded[0m hyper v0.14.32
2026-10-07T20:49:29.5468079Z [1m[92m  Downloaded[0m polycool v0.4.0
2026-10-07T20:49:29.5484493Z [1m[92m  Downloaded[0m rle-decode-fast v1.0.3
2026-10-07T20:49:29.5499333Z [1m[92m  Downloaded[0m schemars v1.0.4
2026-10-07T20:49:29.5662859Z [1m[92m  Downloaded[0m wayland-scanner v0.31.7
2026-10-07T20:49:29.5683899Z [1m[92m  Downloaded[0m zstd-safe v5.0.2+zstd.1.5.2
2026-10-07T20:49:29.5696538Z [1m[92m  Downloaded[0m base64 v0.22.1
2026-10-07T20:49:29.5733986Z [1m[92m  Downloaded[0m openssl-sys v0.9.117
2026-10-07T20:49:29.5790187Z [1m[92m  Downloaded[0m parking_lot_core v0.9.12
2026-10-07T20:49:29.5811035Z [1m[92m  Downloaded[0m shell-words v1.1.0
2026-10-07T20:49:29.5820418Z [1m[92m  Downloaded[0m sqlx-macros v0.8.6
2026-10-07T20:49:29.5828796Z [1m[92m  Downloaded[0m tracing-tracy v0.11.4
2026-10-07T20:49:29.5839894Z [1m[92m  Downloaded[0m tree-sitter-c v0.24.1
2026-10-07T20:49:29.5908137Z [1m[92m  Downloaded[0m wayland-client v0.31.11
2026-10-07T20:49:29.5927468Z [1m[92m  Downloaded[0m wayland-sys v0.31.11
2026-10-07T20:49:29.5939628Z [1m[92m  Downloaded[0m wgpu-hal v29.0.4
2026-10-07T20:49:29.6048803Z [1m[92m  Downloaded[0m y4m v0.8.0
2026-10-07T20:49:29.6061133Z [1m[92m  Downloaded[0m block-buffer v0.10.4
2026-10-07T20:49:29.6071179Z [1m[92m  Downloaded[0m block-padding v0.3.3
2026-10-07T20:49:29.6079472Z [1m[92m  Downloaded[0m cbc v0.1.2
2026-10-07T20:49:29.6094957Z [1m[92m  Downloaded[0m clap_complete_nushell v4.6.0
2026-10-07T20:49:29.6110080Z [1m[92m  Downloaded[0m clap_derive v4.5.49
2026-10-07T20:49:29.6131847Z [1m[92m  Downloaded[0m hashbrown v0.14.5
2026-10-07T20:49:29.6179056Z [1m[92m  Downloaded[0m hashbrown v0.16.1
2026-10-07T20:49:29.6229206Z [1m[92m  Downloaded[0m headers-core v0.2.0
2026-10-07T20:49:29.6236169Z [1m[92m  Downloaded[0m no_std_io2 v0.9.4
2026-10-07T20:49:29.6255464Z [1m[92m  Downloaded[0m rust-embed-impl v8.11.0
2026-10-07T20:49:29.6263595Z [1m[92m  Downloaded[0m scc v3.5.6
2026-10-07T20:49:29.6303923Z [1m[92m  Downloaded[0m simdutf8 v0.1.5
2026-10-07T20:49:29.6327112Z [1m[92m  Downloaded[0m tiff v0.11.3
2026-10-07T20:49:29.6370006Z [1m[92m  Downloaded[0m tracy-client v0.18.3
2026-10-07T20:49:29.6387652Z [1m[92m  Downloaded[0m tree-sitter-go v0.25.0
2026-10-07T20:49:29.6427826Z [1m[92m  Downloaded[0m wasmprinter v0.254.0
2026-10-07T20:49:29.6449821Z [1m[92m  Downloaded[0m ciborium v0.2.2
2026-10-07T20:49:29.6473719Z [1m[92m  Downloaded[0m find-msvc-tools v0.1.11
2026-10-07T20:49:29.6490027Z [1m[92m  Downloaded[0m htmlize v1.1.0
2026-10-07T20:49:29.6520318Z [1m[92m  Downloaded[0m regex-lite v0.1.8
2026-10-07T20:49:29.6547677Z [1m[92m  Downloaded[0m md-5 v0.10.6
2026-10-07T20:49:29.6562622Z [1m[92m  Downloaded[0m markup5ever v0.39.0
2026-10-07T20:49:29.6575003Z [1m[92m  Downloaded[0m time-macros v0.2.27
2026-10-07T20:49:29.6596852Z [1m[92m  Downloaded[0m envy v0.4.2
2026-10-07T20:49:29.6613459Z [1m[92m  Downloaded[0m mio v1.2.0
2026-10-07T20:49:29.6673467Z [1m[92m  Downloaded[0m ouroboros_macro v0.18.5
2026-10-07T20:49:29.6691729Z [1m[92m  Downloaded[0m maybe-rayon v0.1.1
2026-10-07T20:49:29.6699991Z [1m[92m  Downloaded[0m bumpalo v3.20.3
2026-10-07T20:49:29.6725742Z [1m[92m  Downloaded[0m polling v3.11.0
2026-10-07T20:49:29.6755918Z [1m[92m  Downloaded[0m ryu-js v1.0.2
2026-10-07T20:49:29.6798911Z [1m[92m  Downloaded[0m swash v0.2.6
2026-10-07T20:49:29.6874143Z [1m[92m  Downloaded[0m futures-concurrency v7.7.1
2026-10-07T20:49:29.6958085Z [1m[92m  Downloaded[0m futures-intrusive v0.5.0
2026-10-07T20:49:29.7003052Z [1m[92m  Downloaded[0m hash32 v0.3.1
2026-10-07T20:49:29.7017822Z [1m[92m  Downloaded[0m getrandom v0.3.4
2026-10-07T20:49:29.7052424Z [1m[92m  Downloaded[0m hashbrown v0.12.3
2026-10-07T20:49:29.7089864Z [1m[92m  Downloaded[0m symphonia-core v0.5.5
2026-10-07T20:49:29.7123301Z [1m[92m  Downloaded[0m wit-parser v0.201.0
2026-10-07T20:49:29.7402054Z [1m[92m  Downloaded[0m half v2.7.1
2026-10-07T20:49:29.7429367Z [1m[92m  Downloaded[0m string_cache v0.9.0
2026-10-07T20:49:29.7445085Z [1m[92m  Downloaded[0m unicode-width v0.1.14
2026-10-07T20:49:29.7496150Z [1m[92m  Downloaded[0m bytes v0.4.12
2026-10-07T20:49:29.7527092Z [1m[92m  Downloaded[0m codespan-reporting v0.13.0
2026-10-07T20:49:29.7602299Z [1m[92m  Downloaded[0m lock_api v0.4.14
2026-10-07T20:49:29.7615285Z [1m[92m  Downloaded[0m sqlx-macros-core v0.8.6
2026-10-07T20:49:29.7637664Z [1m[92m  Downloaded[0m bon v3.8.2
2026-10-07T20:49:29.7718223Z [1m[92m  Downloaded[0m notify-debouncer-mini v0.4.1
2026-10-07T20:49:29.7726913Z [1m[92m  Downloaded[0m rtoolbox v0.0.3
2026-10-07T20:49:29.7740301Z [1m[92m  Downloaded[0m calloop-wayland-source v0.4.1
2026-10-07T20:49:29.7751953Z [1m[92m  Downloaded[0m kurbo v0.13.1
2026-10-07T20:49:29.7803889Z [1m[92m  Downloaded[0m quinn-proto v0.11.17
2026-10-07T20:49:29.7870393Z [1m[92m  Downloaded[0m rfc6979 v0.3.1
2026-10-07T20:49:29.7880931Z [1m[92m  Downloaded[0m sha-1 v0.10.1
2026-10-07T20:49:29.7895739Z [1m[92m  Downloaded[0m shingles v0.1.1
2026-10-07T20:49:29.7906952Z [1m[92m  Downloaded[0m syn v1.0.109
2026-10-07T20:49:29.7999741Z [1m[92m  Downloaded[0m image-webp v0.2.4
2026-10-07T20:49:29.8021621Z [1m[92m  Downloaded[0m tracing v0.1.43
2026-10-07T20:49:29.8060914Z [1m[92m  Downloaded[0m cap-primitives v4.0.3
2026-10-07T20:49:29.8175838Z [1m[92m  Downloaded[0m tree-sitter-embedded-template v0.23.2
2026-10-07T20:49:29.8191082Z [1m[92m  Downloaded[0m try-lock v0.2.5
2026-10-07T20:49:29.8200072Z [1m[92m  Downloaded[0m convert_case v0.10.0
2026-10-07T20:49:29.8217506Z [1m[92m  Downloaded[0m rgb v0.8.52
2026-10-07T20:49:29.8242091Z [1m[92m  Downloaded[0m rtrb v0.3.2
2026-10-07T20:49:29.8258495Z [1m[92m  Downloaded[0m shellexpand v3.1.1
2026-10-07T20:49:29.8276337Z [1m[92m  Downloaded[0m value-bag-sval2 v1.12.0
2026-10-07T20:49:29.8284366Z [1m[92m  Downloaded[0m cargo_metadata v0.19.2
2026-10-07T20:49:29.8302193Z [1m[92m  Downloaded[0m env_filter v0.1.4
2026-10-07T20:49:29.8316457Z [1m[92m  Downloaded[0m error-graph v0.1.1
2026-10-07T20:49:29.8327730Z [1m[92m  Downloaded[0m exec v0.3.1
2026-10-07T20:49:29.8337519Z [1m[92m  Downloaded[0m fearless_simd v0.4.1
2026-10-07T20:49:29.8403432Z [1m[92m  Downloaded[0m futures-lite v2.6.1
2026-10-07T20:49:29.8420861Z [1m[92m  Downloaded[0m gobject-sys v0.21.5
2026-10-07T20:49:29.8435749Z [1m[92m  Downloaded[0m itertools v0.10.5
2026-10-07T20:49:29.8499029Z [1m[92m  Downloaded[0m lyon v1.0.16
2026-10-07T20:49:29.8506463Z [1m[92m  Downloaded[0m markup5ever_rcdom v0.39.0+unofficial
2026-10-07T20:49:29.8515126Z [1m[92m  Downloaded[0m pciid-parser v0.8.0
2026-10-07T20:49:29.8564345Z [1m[92m  Downloaded[0m quick-xml v0.37.5
2026-10-07T20:49:29.8615957Z [1m[92m  Downloaded[0m rmp v0.8.14
2026-10-07T20:49:29.8654975Z [1m[92m  Downloaded[0m rmpv v1.3.0
2026-10-07T20:49:29.8676035Z [1m[92m  Downloaded[0m runtimelib v1.4.0
2026-10-07T20:49:29.8693881Z [1m[92m  Downloaded[0m sqlx-mysql v0.8.6
2026-10-07T20:49:29.8753644Z [1m[92m  Downloaded[0m sqlx-postgres v0.8.6
2026-10-07T20:49:29.8843225Z [1m[92m  Downloaded[0m thiserror-impl v1.0.69
2026-10-07T20:49:29.8856913Z [1m[92m  Downloaded[0m wayland-protocols-plasma v0.3.9
2026-10-07T20:49:29.8902186Z [1m[92m  Downloaded[0m wyz v0.5.1
2026-10-07T20:49:29.8914521Z [1m[92m  Downloaded[0m io-lifetimes v2.0.4
2026-10-07T20:49:29.8930766Z [1m[92m  Downloaded[0m lyon_algorithms v1.0.16
2026-10-07T20:49:29.8947406Z [1m[92m  Downloaded[0m warp v0.3.7
2026-10-07T20:49:29.9028593Z [1m[92m  Downloaded[0m multimap v0.8.3
2026-10-07T20:49:29.9038745Z [1m[92m  Downloaded[0m sqlx v0.8.6
2026-10-07T20:49:29.9182215Z [1m[92m  Downloaded[0m symphonia v0.5.5
2026-10-07T20:49:29.9193201Z [1m[92m  Downloaded[0m symphonia-metadata v0.5.5
2026-10-07T20:49:29.9207395Z [1m[92m  Downloaded[0m system-deps v7.0.7
2026-10-07T20:49:29.9229373Z [1m[92m  Downloaded[0m tap v1.0.1
2026-10-07T20:49:29.9239098Z [1m[92m  Downloaded[0m wasm-bindgen-shared v0.2.120
2026-10-07T20:49:29.9249348Z [1m[92m  Downloaded[0m fluent-uri v0.4.1
2026-10-07T20:49:29.9277519Z [1m[92m  Downloaded[0m futures-lite v1.13.0
2026-10-07T20:49:29.9292601Z [1m[92m  Downloaded[0m hdrhistogram v7.5.4
2026-10-07T20:49:29.9363928Z [1m[92m  Downloaded[0m headers v0.3.9
2026-10-07T20:49:29.9423053Z [1m[92m  Downloaded[0m logos-codegen v0.15.1
2026-10-07T20:49:29.9476099Z [1m[92m  Downloaded[0m merge_derive v0.1.0
2026-10-07T20:49:29.9483385Z [1m[92m  Downloaded[0m nix v0.30.1
2026-10-07T20:49:29.9598830Z [1m[92m  Downloaded[0m rsa v0.9.10
2026-10-07T20:49:29.9652156Z [1m[92m  Downloaded[0m itertools v0.13.0
2026-10-07T20:49:29.9720563Z [1m[92m  Downloaded[0m enumflags2_derive v0.7.12
2026-10-07T20:49:29.9728750Z [1m[92m  Downloaded[0m object v0.37.3
2026-10-07T20:49:29.9836609Z [1m[92m  Downloaded[0m portable-atomic v1.11.1
2026-10-07T20:49:29.9904628Z [1m[92m  Downloaded[0m roxmltree v0.20.0
2026-10-07T20:49:30.0035177Z [1m[92m  Downloaded[0m rust_decimal v1.39.0
2026-10-07T20:49:30.0097002Z [1m[92m  Downloaded[0m serde_with v3.22.0
2026-10-07T20:49:30.0230679Z [1m[92m  Downloaded[0m sharded-slab v0.1.7
2026-10-07T20:49:30.0263766Z [1m[92m  Downloaded[0m tagptr v0.2.0
2026-10-07T20:49:30.0277347Z [1m[92m  Downloaded[0m tracy-client-sys v0.27.0
2026-10-07T20:49:30.0373085Z [1m[92m  Downloaded[0m unsafe-libyaml v0.2.11
2026-10-07T20:49:30.0405294Z [1m[92m  Downloaded[0m usvg v0.46.0
2026-10-07T20:49:30.0447760Z [1m[92m  Downloaded[0m utf16_iter v1.0.5
2026-10-07T20:49:30.0458032Z [1m[92m  Downloaded[0m vscode_theme v0.2.0
2026-10-07T20:49:30.0469665Z [1m[92m  Downloaded[0m walkdir v2.5.0
2026-10-07T20:49:30.0487426Z [1m[92m  Downloaded[0m x11rb v0.13.2
2026-10-07T20:49:30.0570206Z [1m[92m  Downloaded[0m yaml-rust2 v0.8.1
2026-10-07T20:49:30.0855860Z [1m[92m  Downloaded[0m zbus v5.13.2
2026-10-07T20:49:30.0948423Z [1m[92m  Downloaded[0m bytes v1.11.1
2026-10-07T20:49:30.0990145Z [1m[92m  Downloaded[0m cached v0.56.0
2026-10-07T20:49:30.1026678Z [1m[92m  Downloaded[0m ciborium-io v0.2.2
2026-10-07T20:49:30.1034369Z [1m[92m  Downloaded[0m filedescriptor v0.8.3
2026-10-07T20:49:30.1043693Z [1m[92m  Downloaded[0m filetime v0.2.29
2026-10-07T20:49:30.1060268Z [1m[92m  Downloaded[0m h2 v0.4.19
2026-10-07T20:49:30.1124187Z [1m[92m  Downloaded[0m moxcms v0.8.1
2026-10-07T20:49:30.1226724Z [1m[92m  Downloaded[0m notify-rust v4.18.0
2026-10-07T20:49:30.1258817Z [1m[92m  Downloaded[0m pkcs8 v0.9.0
2026-10-07T20:49:30.1288482Z [1m[92m  Downloaded[0m reqwest v0.11.27
2026-10-07T20:49:30.1360318Z [1m[92m  Downloaded[0m resvg v0.46.0
2026-10-07T20:49:30.1388806Z [1m[92m  Downloaded[0m rustybuzz v0.20.1
2026-10-07T20:49:30.1485033Z [1m[92m  Downloaded[0m slotmap v1.0.7
2026-10-07T20:49:30.1506652Z [1m[92m  Downloaded[0m symphonia-format-riff v0.5.5
2026-10-07T20:49:30.1518777Z [1m[92m  Downloaded[0m tar v0.4.46
2026-10-07T20:49:30.1547382Z [1m[92m  Downloaded[0m tree-sitter-python v0.25.0
2026-10-07T20:49:30.1608287Z [1m[92m  Downloaded[0m untrusted v0.7.1
2026-10-07T20:49:30.1619176Z [1m[92m  Downloaded[0m webpki-roots v0.26.8
2026-10-07T20:49:30.1652947Z [1m[92m  Downloaded[0m wit-component v0.201.0
2026-10-07T20:49:30.2122871Z [1m[92m  Downloaded[0m zerocopy v0.8.27
2026-10-07T20:49:30.2382820Z [1m[92m  Downloaded[0m image v0.25.10
2026-10-07T20:49:30.2475113Z [1m[92m  Downloaded[0m leb128 v0.2.5
2026-10-07T20:49:30.2489143Z [1m[92m  Downloaded[0m lmdb-master-sys v0.2.5
2026-10-07T20:49:30.2538892Z [1m[92m  Downloaded[0m merman-core v0.8.0-alpha.5
2026-10-07T20:49:30.2749379Z [1m[92m  Downloaded[0m regex-automata v0.4.18
2026-10-07T20:49:30.2888895Z [1m[92m  Downloaded[0m rkyv v0.7.45
2026-10-07T20:49:30.2974504Z [1m[92m  Downloaded[0m wasm-bindgen v0.2.120
2026-10-07T20:49:30.3000389Z [1m[92m  Downloaded[0m http v0.2.12
2026-10-07T20:49:30.3045006Z [1m[92m  Downloaded[0m http v1.3.1
2026-10-07T20:49:30.3085675Z [1m[92m  Downloaded[0m nom v7.1.3
2026-10-07T20:49:30.3152857Z [1m[92m  Downloaded[0m nom v8.0.0
2026-10-07T20:49:30.3217239Z [1m[92m  Downloaded[0m object v0.39.1
2026-10-07T20:49:30.3339183Z [1m[92m  Downloaded[0m sysinfo v0.31.4
2026-10-07T20:49:30.3442800Z [1m[92m  Downloaded[0m pollster v0.4.0
2026-10-07T20:49:30.3455895Z [1m[92m  Downloaded[0m quick-xml v0.39.3
2026-10-07T20:49:30.3512309Z [1m[92m  Downloaded[0m sysinfo v0.39.6
2026-10-07T20:49:30.3650095Z [1m[92m  Downloaded[0m tree-sitter-bash v0.25.1
2026-10-07T20:49:30.3788417Z [1m[92m  Downloaded[0m version-compare v0.2.0
2026-10-07T20:49:30.3801349Z [1m[92m  Downloaded[0m quick-xml v0.41.0
2026-10-07T20:49:30.3862132Z [1m[92m  Downloaded[0m strict-num v0.1.1
2026-10-07T20:49:30.3872255Z [1m[92m  Downloaded[0m wit-parser v0.254.0
2026-10-07T20:49:30.4337473Z [1m[92m  Downloaded[0m byteorder-lite v0.1.0
2026-10-07T20:49:30.4347388Z [1m[92m  Downloaded[0m itertools v0.14.0
2026-10-07T20:49:30.4416420Z [1m[92m  Downloaded[0m litrs v1.0.0
2026-10-07T20:49:30.4446058Z [1m[92m  Downloaded[0m tracing-subscriber v0.3.22
2026-10-07T20:49:30.4528830Z [1m[92m  Downloaded[0m rustls v0.23.40
2026-10-07T20:49:30.4645766Z [1m[92m  Downloaded[0m smart-default v0.7.1
2026-10-07T20:49:30.4660172Z [1m[92m  Downloaded[0m webpki-roots v1.0.8
2026-10-07T20:49:30.4689812Z [1m[92m  Downloaded[0m octocrab v0.49.7
2026-10-07T20:49:30.5037950Z [1m[92m  Downloaded[0m smol v2.0.2
2026-10-07T20:49:30.5076217Z [1m[92m  Downloaded[0m tokio v1.52.1
2026-10-07T20:49:30.5521234Z [1m[92m  Downloaded[0m wasmtime-internal-cranelift v48.0.1
2026-10-07T20:49:30.5585020Z [1m[92m  Downloaded[0m bzip2-sys v0.1.13+1.0.8
2026-10-07T20:49:30.5689849Z [1m[92m  Downloaded[0m c-enum v0.2.3
2026-10-07T20:49:30.5703852Z [1m[92m  Downloaded[0m rustix v1.1.4
2026-10-07T20:49:30.5978392Z [1m[92m  Downloaded[0m wasmtime-c-api-impl v48.0.1
2026-10-07T20:49:30.6109333Z [1m[92m  Downloaded[0m naga v29.0.4
2026-10-07T20:49:30.6311769Z [1m[92m  Downloaded[0m petgraph v0.8.3
2026-10-07T20:49:30.6518167Z [1m[92m  Downloaded[0m taffy v0.13.0
2026-10-07T20:49:30.6584852Z [1m[92m  Downloaded[0m gimli v0.32.3
2026-10-07T20:49:30.6653674Z [1m[92m  Downloaded[0m skrifa v0.37.0
2026-10-07T20:49:30.6745794Z [1m[92m  Downloaded[0m wayland-protocols v0.32.9
2026-10-07T20:49:30.6828174Z [1m[92m  Downloaded[0m ff v0.12.1
2026-10-07T20:49:30.6842066Z [1m[92m  Downloaded[0m pollster v0.2.5
2026-10-07T20:49:30.6854404Z [1m[92m  Downloaded[0m version_check v0.9.5
2026-10-07T20:49:30.6867137Z [1m[92m  Downloaded[0m lalrpop-util v0.23.1
2026-10-07T20:49:30.6877921Z [1m[92m  Downloaded[0m postage v0.5.0
2026-10-07T20:49:30.6968992Z [1m[92m  Downloaded[0m thiserror-impl v2.0.17
2026-10-07T20:49:30.6983915Z [1m[92m  Downloaded[0m thread_local v1.1.9
2026-10-07T20:49:30.6998781Z [1m[92m  Downloaded[0m tree-sitter-elixir v0.3.4
2026-10-07T20:49:30.7160111Z [1m[92m  Downloaded[0m tree-sitter-rust v0.24.2
2026-10-07T20:49:30.7260748Z [1m[92m  Downloaded[0m web-time v1.1.0
2026-10-07T20:49:30.7278299Z [1m[92m  Downloaded[0m bit-vec v0.9.1
2026-10-07T20:49:30.7294625Z [1m[92m  Downloaded[0m camino v1.2.6
2026-10-07T20:49:30.7310655Z [1m[92m  Downloaded[0m extended v0.1.0
2026-10-07T20:49:30.7318421Z [1m[92m  Downloaded[0m gimli v0.33.0
2026-10-07T20:49:30.7393076Z [1m[92m  Downloaded[0m harfrust v0.5.0
2026-10-07T20:49:30.7495842Z [1m[92m  Downloaded[0m vcpkg v0.2.15
2026-10-07T20:49:30.8038577Z [1m[92m  Downloaded[0m bit-vec v0.8.0
2026-10-07T20:49:30.8054455Z [1m[92m  Downloaded[0m bitstream-io v4.9.0
2026-10-07T20:49:30.8083517Z [1m[92m  Downloaded[0m bytemuck_derive v1.10.2
2026-10-07T20:49:30.8096801Z [1m[92m  Downloaded[0m bon-macros v3.8.2
2026-10-07T20:49:30.8165148Z [1m[92m  Downloaded[0m flume v0.11.1
2026-10-07T20:49:30.8199257Z [1m[92m  Downloaded[0m quinn v0.11.9
2026-10-07T20:49:30.8231223Z [1m[92m  Downloaded[0m yansi v1.0.1
2026-10-07T20:49:30.8256576Z [1m[92m  Downloaded[0m icu_collator_data v2.3.0
2026-10-07T20:49:30.8330903Z [1m[92m  Downloaded[0m chrono v0.4.42
2026-10-07T20:49:30.8396478Z [1m[92m  Downloaded[0m itertools v0.15.0
2026-10-07T20:49:30.8468937Z [1m[92m  Downloaded[0m wasm-bindgen-macro-support v0.2.120
2026-10-07T20:49:30.8487805Z [1m[92m  Downloaded[0m glib v0.21.5
2026-10-07T20:49:30.8607613Z [1m[92m  Downloaded[0m zstd-sys v2.0.16+zstd.1.5.7
2026-10-07T20:49:30.8767778Z [1m[92m  Downloaded[0m x11rb-protocol v0.13.2
2026-10-07T20:49:30.8889092Z [1m[92m  Downloaded[0m jiff v0.2.15
2026-10-07T20:49:30.9035233Z [1m[92m  Downloaded[0m libc v0.2.186
2026-10-07T20:49:30.9428880Z [1m[92m  Downloaded[0m betlang v0.1.1
2026-10-07T20:49:30.9523596Z [1m[92m  Downloaded[0m bitvec v1.0.1
2026-10-07T20:49:30.9693484Z [1m[92m  Downloaded[0m moka v0.12.11
2026-10-07T20:49:30.9789705Z [1m[92m  Downloaded[0m rust-embed v8.11.0
2026-10-07T20:49:30.9872657Z [1m[92m  Downloaded[0m aws-sdk-s3 v1.123.0
2026-10-07T20:49:31.0903475Z [1m[92m  Downloaded[0m pkcs1 v0.7.5
2026-10-07T20:49:31.0928210Z [1m[92m  Downloaded[0m tree-sitter-ruby v0.23.1
2026-10-07T20:49:31.1116211Z [1m[92m  Downloaded[0m string_cache_codegen v0.6.1
2026-10-07T20:49:31.1123324Z [1m[92m  Downloaded[0m reqwest v0.12.24
2026-10-07T20:49:31.1178644Z [1m[92m  Downloaded[0m rav1e v0.8.1
2026-10-07T20:49:31.1503016Z [1m[92m  Downloaded[0m libdbus-sys v0.2.6
2026-10-07T20:49:31.1808934Z [1m[92m  Downloaded[0m icu_collator v2.3.0
2026-10-07T20:49:31.1962888Z [1m[92m  Downloaded[0m siphasher v1.0.1
2026-10-07T20:49:31.1976447Z [1m[92m  Downloaded[0m lol_html v3.0.1
2026-10-07T20:49:31.2056819Z [1m[92m  Downloaded[0m regex-syntax v0.8.11
2026-10-07T20:49:31.2122417Z [1m[92m  Downloaded[0m errno v0.3.14
2026-10-07T20:49:31.2138197Z [1m[92m  Downloaded[0m ring v0.17.14
2026-10-07T20:49:31.2551978Z [1m[92m  Downloaded[0m yeslogic-fontconfig-sys v6.0.0
2026-10-07T20:49:31.2561031Z [1m[92m  Downloaded[0m is_executable v1.0.5
2026-10-07T20:49:31.2575260Z [1m[92m  Downloaded[0m pkcs8 v0.10.2
2026-10-07T20:49:31.2604920Z [1m[92m  Downloaded[0m yawc v0.4.2
2026-10-07T20:49:31.2638711Z [1m[92m  Downloaded[0m png v0.17.16
2026-10-07T20:49:31.2677612Z [1m[92m  Downloaded[0m pxfm v0.1.25
2026-10-07T20:49:31.2925094Z [1m[92m  Downloaded[0m skrifa v0.40.0
2026-10-07T20:49:31.3015004Z [1m[92m  Downloaded[0m exr v1.74.0
2026-10-07T20:49:31.3105752Z [1m[92m  Downloaded[0m cranelift-codegen v0.135.1
2026-10-07T20:49:31.3400083Z [1m[92m  Downloaded[0m sea-orm v1.1.10
2026-10-07T20:49:31.3768831Z [1m[92m  Downloaded[0m encoding_rs v0.8.35
2026-10-07T20:49:31.3965349Z [1m[92m  Downloaded[0m wasmtime v48.0.1
2026-10-07T20:49:31.4248944Z [1m[92m  Downloaded[0m logos v0.15.1
2026-10-07T20:49:31.4334106Z [1m[92m  Downloaded[0m mdbook v0.4.40
2026-10-07T20:49:31.4549940Z [1m[92m  Downloaded[0m merman-render v0.8.0-alpha.5
2026-10-07T20:49:31.5015350Z [1m[92m  Downloaded[0m freetype-sys v0.20.1
2026-10-07T20:49:31.5965235Z [1m[92m  Downloaded[0m vsimd v0.8.0
2026-10-07T20:49:31.5986541Z [1m[92m  Downloaded[0m event-listener v5.4.1
2026-10-07T20:49:31.6007206Z [1m[92m  Downloaded[0m aws-lc-sys v0.42.0
2026-10-07T20:49:31.8554526Z [1m[92m  Downloaded[0m cosmic-text v0.19.0
2026-10-07T20:49:31.8870678Z [1m[92m  Downloaded[0m linux-raw-sys v0.12.1
2026-10-07T20:49:31.9484215Z [1m[92m  Downloaded[0m libsqlite3-sys v0.30.1
2026-10-07T20:49:32.0060641Z [1m[92m  Downloaded[0m streaming-iterator v0.1.9
2026-10-07T20:49:34.9259978Z [1m[92m   Compiling[0m unicode-ident v1.0.24
2026-10-07T20:49:34.9260879Z [1m[92m   Compiling[0m quote v1.0.47
2026-10-07T20:49:34.9261747Z [1m[92m   Compiling[0m proc-macro2 v1.0.107
2026-10-07T20:49:34.9262588Z [1m[92m   Compiling[0m serde_core v1.0.229
2026-10-07T20:49:35.0030105Z [1m[92m   Compiling[0m libc v0.2.186
2026-10-07T20:49:35.4544630Z [1m[92m   Compiling[0m serde v1.0.229
2026-10-07T20:49:35.7090229Z [1m[92m   Compiling[0m cfg-if v1.0.4
2026-10-07T20:49:35.7544647Z [1m[92m   Compiling[0m memchr v2.8.3
2026-10-07T20:49:36.7884754Z [1m[92m   Compiling[0m syn v2.0.117
2026-10-07T20:49:37.4544662Z [1m[92m   Compiling[0m syn v3.0.3
2026-10-07T20:49:37.5504764Z [1m[92m   Compiling[0m typeid v1.0.3
2026-10-07T20:49:37.7654806Z [1m[92m   Compiling[0m erased-serde v0.4.9
2026-10-07T20:49:38.5960354Z [1m[92m   Compiling[0m equivalent v1.0.2
2026-10-07T20:49:38.6434862Z [1m[92m   Compiling[0m jobserver v0.1.34
2026-10-07T20:49:38.9864762Z [1m[92m   Compiling[0m shlex v2.0.1
2026-10-07T20:49:39.1579497Z [1m[92m   Compiling[0m find-msvc-tools v0.1.11
2026-10-07T20:49:39.1746209Z [1m[92m   Compiling[0m itoa v1.0.18
2026-10-07T20:49:39.3365365Z [1m[92m   Compiling[0m cc v1.4.3
2026-10-07T20:49:39.3864839Z [1m[92m   Compiling[0m allocator-api2 v0.2.21
2026-10-07T20:49:39.7040336Z [1m[92m   Compiling[0m once_cell v1.21.4
2026-10-07T20:49:39.8963278Z [1m[92m   Compiling[0m pin-project-lite v0.2.16
2026-10-07T20:49:39.9495018Z [1m[92m   Compiling[0m autocfg v1.5.0
2026-10-07T20:49:40.3115097Z [1m[92m   Compiling[0m version_check v0.9.5
2026-10-07T20:49:40.6144691Z [1m[92m   Compiling[0m foldhash v0.2.0
2026-10-07T20:49:40.7824520Z [1m[92m   Compiling[0m futures-core v0.3.34
2026-10-07T20:49:40.8729825Z [1m[92m   Compiling[0m libm v0.2.16
2026-10-07T20:49:40.9047196Z [1m[92m   Compiling[0m bitflags v2.13.1
2026-10-07T20:49:41.1094728Z [1m[92m   Compiling[0m hashbrown v0.17.1
2026-10-07T20:49:41.7384669Z [1m[92m   Compiling[0m scopeguard v1.2.0
2026-10-07T20:49:41.8057820Z [1m[92m   Compiling[0m indexmap v2.14.0
2026-10-07T20:49:42.3194756Z [1m[92m   Compiling[0m pkg-config v0.3.32
2026-10-07T20:49:42.5939737Z [1m[92m   Compiling[0m zmij v1.0.23
2026-10-07T20:49:42.7884477Z [1m[92m   Compiling[0m futures-io v0.3.34
2026-10-07T20:49:42.9224485Z [1m[92m   Compiling[0m slab v0.4.11
2026-10-07T20:49:43.0524543Z [1m[92m   Compiling[0m subtle v2.6.1
2026-10-07T20:49:43.1924656Z [1m[92m   Compiling[0m linux-raw-sys v0.12.1
2026-10-07T20:49:43.8034605Z [1m[92m   Compiling[0m lock_api v0.4.14
2026-10-07T20:49:44.1269750Z [1m[92m   Compiling[0m fnv v1.0.7
2026-10-07T20:49:44.1854985Z [1m[92m   Compiling[0m futures-sink v0.3.34
2026-10-07T20:49:44.2628516Z [1m[92m   Compiling[0m typenum v1.19.0
2026-10-07T20:49:44.5514978Z [1m[92m   Compiling[0m generic-array v0.14.7
2026-10-07T20:49:44.6994702Z [1m[92m   Compiling[0m bytes v1.11.1
2026-10-07T20:49:45.7675044Z [1m[92m   Compiling[0m crypto-common v0.1.6
2026-10-07T20:49:45.8434576Z [1m[92m   Compiling[0m anyhow v1.0.104
2026-10-07T20:49:45.9854784Z [1m[92m   Compiling[0m num-traits v0.2.19
2026-10-07T20:49:46.1725314Z [1m[92m   Compiling[0m block-buffer v0.10.4
2026-10-07T20:49:46.4310289Z [1m[92m   Compiling[0m futures-channel v0.3.34
2026-10-07T20:49:46.6294424Z [1m[92m   Compiling[0m futures-task v0.3.34
2026-10-07T20:49:46.7764641Z [1m[92m   Compiling[0m fastrand v2.3.0
2026-10-07T20:49:46.9860814Z [1m[92m   Compiling[0m regex-syntax v0.8.11
2026-10-07T20:49:47.0021119Z [1m[92m   Compiling[0m parking_lot_core v0.9.12
2026-10-07T20:49:47.1974765Z [1m[92m   Compiling[0m crossbeam-utils v0.8.21
2026-10-07T20:49:47.8754642Z [1m[92m   Compiling[0m aho-corasick v1.1.3
2026-10-07T20:49:49.3704513Z [1m[92m   Compiling[0m zerocopy v0.8.27
2026-10-07T20:49:49.6121582Z [1m[92m   Compiling[0m regex-automata v0.4.18
2026-10-07T20:49:49.6674844Z [1m[92m   Compiling[0m synstructure v0.13.2
2026-10-07T20:49:50.3634832Z [1m[92m   Compiling[0m serde_json v1.0.151
2026-10-07T20:49:54.0268536Z [1m[92m   Compiling[0m cpufeatures v0.2.17
2026-10-07T20:49:54.0774668Z [1m[92m   Compiling[0m rustix v1.1.4
2026-10-07T20:49:54.4274705Z [1m[92m   Compiling[0m thiserror v2.0.17
2026-10-07T20:49:55.6364832Z [1m[92m   Compiling[0m const-oid v0.9.6
2026-10-07T20:49:55.7954702Z [1m[92m   Compiling[0m getrandom v0.3.4
2026-10-07T20:49:56.2625916Z [1m[92m   Compiling[0m percent-encoding v2.3.2
2026-10-07T20:49:56.4254610Z [1m[92m   Compiling[0m heck v0.5.0
2026-10-07T20:49:56.6344832Z [1m[92m   Compiling[0m signal-hook-registry v1.4.6
2026-10-07T20:49:56.9234732Z [1m[92m   Compiling[0m digest v0.10.7
2026-10-07T20:49:57.0984696Z [1m[92m   Compiling[0m tracing-core v0.1.35
2026-10-07T20:49:57.6084527Z [1m[92m   Compiling[0m utf8_iter v1.0.4
2026-10-07T20:49:57.7264843Z [1m[92m   Compiling[0m icu_properties_data v2.3.0
2026-10-07T20:49:57.8374641Z [1m[92m   Compiling[0m icu_normalizer_data v2.3.0
2026-10-07T20:49:58.0054777Z [1m[92m   Compiling[0m crc32fast v1.5.0
2026-10-07T20:49:58.3924702Z [1m[92m   Compiling[0m form_urlencoded v1.2.2
2026-10-07T20:49:58.7015176Z [1m[92m   Compiling[0m regex v1.12.3
2026-10-07T20:49:59.2094702Z [1m[92m   Compiling[0m dunce v1.0.5
2026-10-07T20:49:59.3253421Z [1m[92m   Compiling[0m atomic-waker v1.1.2
2026-10-07T20:49:59.4227569Z [1m[92m   Compiling[0m ryu v1.0.23
2026-10-07T20:49:59.6174698Z [1m[92m   Compiling[0m http v1.3.1
2026-10-07T20:50:00.6205272Z [1m[92m   Compiling[0m stable_deref_trait v1.2.1
2026-10-07T20:50:00.6757596Z [1m[92m   Compiling[0m parking v2.2.1
2026-10-07T20:50:00.8154402Z [1m[92m   Compiling[0m sha2 v0.10.9
2026-10-07T20:50:01.1754572Z [1m[92m   Compiling[0m simd-adler32 v0.3.7
2026-10-07T20:50:01.3924724Z [1m[92m   Compiling[0m concurrent-queue v2.5.0
2026-10-07T20:50:01.5522209Z [1m[92m   Compiling[0m adler2 v2.0.1
2026-10-07T20:50:01.6394909Z [1m[92m   Compiling[0m miniz_oxide v0.8.9
2026-10-07T20:50:03.5729634Z [1m[92m   Compiling[0m http-body v1.0.1
2026-10-07T20:50:03.6764644Z [1m[92m   Compiling[0m rustc-hash v2.1.1
2026-10-07T20:50:03.7508257Z [1m[92m   Compiling[0m litemap v0.8.0
2026-10-07T20:50:03.9294595Z [1m[92m   Compiling[0m writeable v0.6.4
2026-10-07T20:50:04.2244730Z [1m[92m   Compiling[0m event-listener v5.4.1
2026-10-07T20:50:04.4594541Z [1m[92m   Compiling[0m flate2 v1.1.8
2026-10-07T20:50:04.7444512Z [1m[92m   Compiling[0m write16 v1.0.0
2026-10-07T20:50:04.8010111Z [1m[92m   Compiling[0m base64 v0.22.1
2026-10-07T20:50:04.8695157Z [1m[92m   Compiling[0m utf16_iter v1.0.5
2026-10-07T20:50:04.9724907Z [1m[92m   Compiling[0m semver v1.0.28
2026-10-07T20:50:05.1494813Z [1m[92m   Compiling[0m futures-lite v2.6.1
2026-10-07T20:50:05.3956188Z [1m[92m   Compiling[0m async-task v4.7.1 (https://github.com/smol-rs/async-task.git?rev=b4486cd71e4e94fbda54ce6302444de14f4d190e#b4486cd7)
2026-10-07T20:50:05.7910567Z [1m[92m   Compiling[0m event-listener-strategy v0.5.4
2026-10-07T20:50:05.8963599Z [1m[92m   Compiling[0m zstd-sys v2.0.16+zstd.1.5.7
2026-10-07T20:50:05.9720237Z [1m[92m   Compiling[0m async-channel v2.5.0
2026-10-07T20:50:06.1644455Z [1m[92m   Compiling[0m hashbrown v0.16.1
2026-10-07T20:50:06.7406970Z [1m[92m   Compiling[0m sha1_smol v1.0.1
2026-10-07T20:50:07.2341422Z [1m[92m   Compiling[0m rand_core v0.9.3
2026-10-07T20:50:07.4214654Z [1m[92m   Compiling[0m async-io v2.6.0
2026-10-07T20:50:07.5394505Z [1m[92m   Compiling[0m getrandom v0.2.16
2026-10-07T20:50:07.6982789Z [1m[92m   Compiling[0m unicode-segmentation v1.13.3
2026-10-07T20:50:08.0891370Z [1m[92m   Compiling[0m unicase v2.8.1
2026-10-07T20:50:08.2509979Z [1m[92m   Compiling[0m same-file v1.0.6
2026-10-07T20:50:08.3668903Z [1m[92m   Compiling[0m walkdir v2.5.0
2026-10-07T20:50:08.6170204Z [1m[92m   Compiling[0m ref-cast v1.0.25
2026-10-07T20:50:08.8349936Z [1m[92m   Compiling[0m piper v0.2.4
2026-10-07T20:50:08.9875941Z [1m[92m   Compiling[0m iana-time-zone v0.1.64
2026-10-07T20:50:09.1667498Z [1m[92m   Compiling[0m cfg_aliases v0.2.1
2026-10-07T20:50:09.2112928Z [1m[92m   Compiling[0m getrandom v0.4.1
2026-10-07T20:50:09.3554679Z [1m[92m   Compiling[0m rand_core v0.10.1
2026-10-07T20:50:09.4844656Z [1m[92m   Compiling[0m polling v3.11.0
2026-10-07T20:50:09.8549237Z [1m[92m   Compiling[0m blocking v1.6.2
2026-10-07T20:50:10.0907637Z [1m[92m   Compiling[0m async-lock v3.4.2
2026-10-07T20:50:10.5736920Z [1m[92m   Compiling[0m zerocopy-derive v0.8.27
2026-10-07T20:50:10.5880101Z [1m[92m   Compiling[0m zerofrom-derive v0.1.6
2026-10-07T20:50:11.3384543Z [1m[92m   Compiling[0m serde_derive v1.0.229
2026-10-07T20:50:11.4664979Z [1m[92m   Compiling[0m futures-macro v0.3.34
2026-10-07T20:50:12.1452257Z [1m[92m   Compiling[0m futures-util v0.3.34
2026-10-07T20:50:13.4198623Z [1m[92m   Compiling[0m yoke-derive v0.8.2
2026-10-07T20:50:14.3145084Z [1m[92m   Compiling[0m thiserror-impl v2.0.17
2026-10-07T20:50:14.5164713Z [1m[92m   Compiling[0m serde_fmt v1.0.3
2026-10-07T20:50:14.6301299Z [1m[92m   Compiling[0m value-bag-serde1 v1.12.0
2026-10-07T20:50:14.6477549Z [1m[92m   Compiling[0m smallvec v1.16.1
2026-10-07T20:50:14.6733696Z [1m[92m   Compiling[0m value-bag v1.12.0
2026-10-07T20:50:14.8514462Z [1m[92m   Compiling[0m either v1.15.0
2026-10-07T20:50:15.0472050Z [1m[92m   Compiling[0m log v0.4.29
2026-10-07T20:50:15.3044539Z [1m[92m   Compiling[0m zerovec-derive v0.11.5
2026-10-07T20:50:15.3869853Z [1m[92m   Compiling[0m displaydoc v0.2.5
2026-10-07T20:50:15.5025378Z [1m[92m   Compiling[0m parking_lot v0.12.5
2026-10-07T20:50:15.8744578Z [1m[92m   Compiling[0m tracing-attributes v0.1.31
2026-10-07T20:50:16.0311327Z [1m[92m   Compiling[0m ppv-lite86 v0.2.21
2026-10-07T20:50:16.3984665Z [1m[92m   Compiling[0m zerofrom v0.1.6
2026-10-07T20:50:16.4253602Z [1m[92m   Compiling[0m futures-executor v0.3.34
2026-10-07T20:50:16.4884824Z [1m[92m   Compiling[0m yoke v0.8.3
2026-10-07T20:50:16.6474809Z [1m[92m   Compiling[0m itertools v0.14.0
2026-10-07T20:50:16.6674836Z [1m[92m   Compiling[0m zerovec v0.11.8
2026-10-07T20:50:17.0634628Z [1m[92m   Compiling[0m tracing v0.1.43
2026-10-07T20:50:17.3165128Z [1m[92m   Compiling[0m zerotrie v0.2.5
2026-10-07T20:50:17.6874881Z [1m[92m   Compiling[0m tinystr v0.8.4
2026-10-07T20:50:17.8548427Z [1m[92m   Compiling[0m icu_locale_core v2.3.0
2026-10-07T20:50:17.8820963Z [1m[92m   Compiling[0m potential_utf v0.1.3
2026-10-07T20:50:17.9854842Z [1m[92m   Compiling[0m icu_collections v2.3.0
2026-10-07T20:50:18.0644881Z [1m[92m   Compiling[0m futures v0.3.34
2026-10-07T20:50:18.1194911Z [1m[92m   Compiling[0m uuid v1.18.1
2026-10-07T20:50:18.4816256Z [1m[92m   Compiling[0m serde_urlencoded v0.7.1
2026-10-07T20:50:18.5324844Z [1m[92m   Compiling[0m rand_chacha v0.9.0
2026-10-07T20:50:18.7094929Z [1m[92m   Compiling[0m rand v0.9.4
2026-10-07T20:50:18.8834933Z [1m[92m   Compiling[0m icu_provider v2.3.0
2026-10-07T20:50:19.2806514Z [1m[92m   Compiling[0m icu_normalizer v2.3.0
2026-10-07T20:50:19.3259981Z [1m[92m   Compiling[0m icu_properties v2.3.0
2026-10-07T20:50:19.3775456Z [1m[92m   Compiling[0m gpui_util v0.1.0 (/home/runner/work/koda/koda/crates/gpui_util)
2026-10-07T20:50:19.5556513Z [1m[92m   Compiling[0m ref-cast-impl v1.0.25
2026-10-07T20:50:19.8721474Z [1m[92m   Compiling[0m chrono v0.4.42
2026-10-07T20:50:20.1044762Z [1m[92m   Compiling[0m pin-project-internal v1.1.10
2026-10-07T20:50:20.5859344Z [1m[92m   Compiling[0m idna_adapter v1.2.1
2026-10-07T20:50:20.6630685Z [1m[92m   Compiling[0m idna v1.1.0
2026-10-07T20:50:21.0408808Z [1m[92m   Compiling[0m url v2.5.7
2026-10-07T20:50:21.2254553Z [1m[92m   Compiling[0m pin-project v1.1.10
2026-10-07T20:50:21.2600347Z [1m[92m   Compiling[0m serde_derive_internals v0.29.1
2026-10-07T20:50:21.2758117Z [1m[92m   Compiling[0m dyn-clone v1.0.20
2026-10-07T20:50:21.3777026Z [1m[92m   Compiling[0m memoffset v0.9.1
2026-10-07T20:50:21.7724691Z [1m[92m   Compiling[0m async-executor v1.13.3
2026-10-07T20:50:22.0906592Z [1m[92m   Compiling[0m tempfile v3.27.0
2026-10-07T20:50:22.1491767Z [1m[92m   Compiling[0m winnow v0.7.13
2026-10-07T20:50:22.2573986Z [1m[92m   Compiling[0m schemars_derive v1.0.4
2026-10-07T20:50:22.4454720Z [1m[92m   Compiling[0m arrayvec v0.7.6
2026-10-07T20:50:22.6144580Z [1m[92m   Compiling[0m collections v0.1.0 (/home/runner/work/koda/koda/crates/collections)
2026-10-07T20:50:22.6934879Z [1m[92m   Compiling[0m byteorder v1.5.0
2026-10-07T20:50:22.8703871Z [1m[92m   Compiling[0m option-ext v0.2.0
2026-10-07T20:50:22.9086770Z [1m[92m   Compiling[0m dirs-sys v0.5.0
2026-10-07T20:50:23.1214499Z [1m[92m   Compiling[0m libbz2-rs-sys v0.2.2
2026-10-07T20:50:23.6504998Z [1m[92m   Compiling[0m siphasher v1.0.1
2026-10-07T20:50:23.7515168Z [1m[92m   Compiling[0m bzip2 v0.6.1
2026-10-07T20:50:23.7643878Z [1m[92m   Compiling[0m dirs v6.0.0
2026-10-07T20:50:23.8081211Z [1m[92m   Compiling[0m async-signal v0.2.13
2026-10-07T20:50:23.8352839Z [1m[92m   Compiling[0m spin v0.9.8
2026-10-07T20:50:23.9114686Z [1m[92m   Compiling[0m no_std_io2 v0.9.4
2026-10-07T20:50:23.9575235Z [1m[92m   Compiling[0m rayon-core v1.13.0
2026-10-07T20:50:23.9889957Z [1m[92m   Compiling[0m rle-decode-fast v1.0.3
2026-10-07T20:50:24.0090242Z [1m[92m   Compiling[0m compression-core v0.4.29
2026-10-07T20:50:24.0497997Z [1m[92m   Compiling[0m deflate64 v0.1.10
2026-10-07T20:50:24.0641229Z [1m[92m   Compiling[0m strsim v0.11.1
2026-10-07T20:50:24.1006623Z [1m[92m   Compiling[0m async-process v2.5.0 (https://github.com/zed-industries/async-process.git?rev=0b6d6713570af61806e1e5cb40e0f757cb93fd9d#0b6d6713)
2026-10-07T20:50:24.2937717Z [1m[92m   Compiling[0m compression-codecs v0.4.31
2026-10-07T20:50:24.3500520Z [1m[92m   Compiling[0m thiserror v1.0.69
2026-10-07T20:50:24.5038138Z [1m[92m   Compiling[0m zstd-safe v7.3.0
2026-10-07T20:50:24.5896374Z [1m[92m   Compiling[0m async-compression v0.4.32
2026-10-07T20:50:24.6010362Z [1m[92m   Compiling[0m perf v0.1.0 (/home/runner/work/koda/koda/tooling/perf)
2026-10-07T20:50:24.6148087Z [1m[92m   Compiling[0m thiserror-impl v1.0.69
2026-10-07T20:50:24.8284005Z [1m[92m   Compiling[0m dary_heap v0.3.9
2026-10-07T20:50:24.9344699Z [1m[92m   Compiling[0m unicode-xid v0.2.6
2026-10-07T20:50:24.9511229Z [1m[92m   Compiling[0m adler32 v1.2.0
2026-10-07T20:50:25.0117568Z [1m[92m   Compiling[0m util_macros v0.1.0 (/home/runner/work/koda/koda/crates/util_macros)
2026-10-07T20:50:25.3735351Z [1m[92m   Compiling[0m which v8.0.5
2026-10-07T20:50:25.6294878Z [1m[92m   Compiling[0m libflate_lz77 v2.3.0
2026-10-07T20:50:25.6464455Z [1m[92m   Compiling[0m zstd v0.13.3
2026-10-07T20:50:25.7959111Z [1m[92m   Compiling[0m pin-utils v0.1.0
2026-10-07T20:50:25.8425134Z [1m[92m   Compiling[0m libflate v2.3.1
2026-10-07T20:50:25.8758903Z [1m[92m   Compiling[0m schemars v1.0.4
2026-10-07T20:50:25.9977738Z [1m[92m   Compiling[0m proc-macro-error-attr3 v3.1.1
2026-10-07T20:50:26.2758363Z [1m[92m   Compiling[0m serde_json_lenient v0.2.4
2026-10-07T20:50:26.4385003Z [1m[92m   Compiling[0m include-flate-compress v0.3.4
2026-10-07T20:50:26.5185858Z [1m[92m   Compiling[0m proc-macro-error3 v3.1.1
2026-10-07T20:50:26.5467170Z [1m[92m   Compiling[0m async-fs v2.2.0
2026-10-07T20:50:26.8324697Z [1m[92m   Compiling[0m rand_core v0.6.4
2026-10-07T20:50:26.9744716Z [1m[92m   Compiling[0m bstr v1.12.1
2026-10-07T20:50:27.0194842Z [1m[92m   Compiling[0m include-flate-codegen v0.3.4
2026-10-07T20:50:27.2834779Z [1m[92m   Compiling[0m convert_case v0.10.0
2026-10-07T20:50:27.4626023Z [1m[92m   Compiling[0m globset v0.4.17
2026-10-07T20:50:27.4871917Z [1m[92m   Compiling[0m anstyle v1.0.13
2026-10-07T20:50:27.5524653Z [1m[92m   Compiling[0m derive_more-impl v2.1.1
2026-10-07T20:50:27.6904903Z [1m[92m   Compiling[0m path v0.1.0 (/home/runner/work/koda/koda/crates/path)
2026-10-07T20:50:28.1214841Z [1m[92m   Compiling[0m rust-embed-utils v8.11.0
2026-10-07T20:50:28.1339833Z [1m[92m   Compiling[0m strum_macros v0.28.0
2026-10-07T20:50:28.9834564Z [1m[92m   Compiling[0m rust-embed-impl v8.11.0
2026-10-07T20:50:29.6744727Z [1m[92m   Compiling[0m lazy_static v1.5.0
2026-10-07T20:50:29.7295636Z [1m[92m   Compiling[0m crossbeam-epoch v0.9.18
2026-10-07T20:50:30.1464664Z [1m[92m   Compiling[0m strum v0.28.0
2026-10-07T20:50:30.3954606Z [1m[92m   Compiling[0m nix v0.30.1
2026-10-07T20:50:30.6684718Z [1m[92m   Compiling[0m clap_lex v0.7.6
2026-10-07T20:50:30.7235754Z [1m[92m   Compiling[0m derive_more v2.1.1
2026-10-07T20:50:30.8253544Z [1m[92m   Compiling[0m crossbeam-deque v0.8.6
2026-10-07T20:50:30.8534753Z [1m[92m   Compiling[0m async-net v2.0.0
2026-10-07T20:50:30.9784820Z [1m[92m   Compiling[0m bytemuck_derive v1.10.2
2026-10-07T20:50:31.3104738Z [1m[92m   Compiling[0m filetime v0.2.29
2026-10-07T20:50:31.4127153Z [1m[92m   Compiling[0m shlex v1.3.0
2026-10-07T20:50:31.4903381Z [1m[92m   Compiling[0m smol v2.0.2
2026-10-07T20:50:31.5878374Z [1m[92m   Compiling[0m async_zip v0.0.18
2026-10-07T20:50:31.7944652Z [1m[92m   Compiling[0m include-flate v0.3.4
2026-10-07T20:50:32.2415115Z [1m[92m   Compiling[0m rust-embed v8.11.0
2026-10-07T20:50:32.2674661Z [1m[92m   Compiling[0m bytemuck v1.24.0
2026-10-07T20:50:32.3504680Z [1m[92m   Compiling[0m toml_parser v1.0.4
2026-10-07T20:50:32.5254641Z [1m[92m   Compiling[0m toml_datetime v0.7.3
2026-10-07T20:50:32.7855035Z [1m[92m   Compiling[0m zeroize_derive v1.4.2
2026-10-07T20:50:32.9594451Z [1m[92m   Compiling[0m syn v1.0.109
2026-10-07T20:50:33.3504578Z [1m[92m   Compiling[0m zeroize v1.8.2
2026-10-07T20:50:33.6604760Z [1m[92m   Compiling[0m command-fds v0.3.2
2026-10-07T20:50:33.8374966Z [1m[92m   Compiling[0m util v0.1.0 (/home/runner/work/koda/koda/crates/util)
2026-10-07T20:50:34.0786826Z [1m[92m   Compiling[0m mio v1.2.0
2026-10-07T20:50:34.1534518Z [1m[92m   Compiling[0m rustc_version v0.4.1
2026-10-07T20:50:34.4221613Z [1m[92m   Compiling[0m utf8parse v0.2.2
2026-10-07T20:50:34.5004870Z [1m[92m   Compiling[0m anstyle-parse v0.2.7
2026-10-07T20:50:34.5574976Z [1m[92m   Compiling[0m is_terminal_polyfill v1.70.1
2026-10-07T20:50:34.6134925Z [1m[92m   Compiling[0m anstyle-query v1.1.4
2026-10-07T20:50:34.6544783Z [1m[92m   Compiling[0m colorchoice v1.0.4
2026-10-07T20:50:34.6855176Z [1m[92m   Compiling[0m rayon v1.11.0
2026-10-07T20:50:34.7305760Z [1m[92m   Compiling[0m anstream v0.6.21
2026-10-07T20:50:35.0044763Z [1m[92m   Compiling[0m terminal_size v0.4.3
2026-10-07T20:50:35.1247138Z [1m[92m   Compiling[0m clap_builder v4.5.49
2026-10-07T20:50:35.5903632Z [1m[92m   Compiling[0m clap_derive v4.5.49
2026-10-07T20:50:36.7554473Z [1m[92m   Compiling[0m half v2.7.1
2026-10-07T20:50:37.2134697Z [1m[92m   Compiling[0m event-listener v2.5.3
2026-10-07T20:50:37.3894624Z [1m[92m   Compiling[0m async-channel v1.9.0
2026-10-07T20:50:37.4158665Z [1m[92m   Compiling[0m clap v4.5.49
2026-10-07T20:50:37.4784851Z [1m[92m   Compiling[0m async-global-executor v2.4.1
2026-10-07T20:50:37.5111624Z [1m[92m   Compiling[0m kv-log-macro v1.0.7
2026-10-07T20:50:37.6124533Z [1m[92m   Compiling[0m smol_str v0.3.6
2026-10-07T20:50:37.8215803Z [1m[92m   Compiling[0m fixedbitset v0.5.7
2026-10-07T20:50:37.9154481Z [1m[92m   Compiling[0m xattr v1.6.1
2026-10-07T20:50:38.1215302Z [1m[92m   Compiling[0m crossbeam-queue v0.3.12
2026-10-07T20:50:38.1875139Z [1m[92m   Compiling[0m bitflags v1.3.2
2026-10-07T20:50:38.2384657Z [1m[92m   Compiling[0m thread_local v1.1.9
2026-10-07T20:50:38.2385387Z [1m[92m   Compiling[0m tinyvec_macros v0.1.1
2026-10-07T20:50:38.2738924Z [1m[92m   Compiling[0m memmap2 v0.9.8
2026-10-07T20:50:38.2974302Z [1m[92m   Compiling[0m tinyvec v1.10.0
2026-10-07T20:50:38.4435079Z [1m[92m   Compiling[0m nu-ansi-term v0.50.3
2026-10-07T20:50:38.4927237Z [1m[92m   Compiling[0m unicode-properties v0.1.3
2026-10-07T20:50:38.6362476Z [1m[92m   Compiling[0m tracing-log v0.2.0
2026-10-07T20:50:38.6656448Z [1m[92m   Compiling[0m serde_spanned v1.0.3
2026-10-07T20:50:38.7541447Z [1m[92m   Compiling[0m static_assertions v1.1.0
2026-10-07T20:50:38.7824745Z [1m[92m   Compiling[0m rustc-demangle v0.1.26
2026-10-07T20:50:38.8094591Z [1m[92m   Compiling[0m unicode-bidi v0.3.18
2026-10-07T20:50:38.8324754Z [1m[92m   Compiling[0m toml_writer v1.0.4
2026-10-07T20:50:39.0114613Z [1m[92m   Compiling[0m core_maths v0.1.1
2026-10-07T20:50:39.0795289Z [1m[92m   Compiling[0m gpui_shared_string v0.1.0 (/home/runner/work/koda/koda/crates/gpui_shared_string)
2026-10-07T20:50:39.1844561Z [1m[92m   Compiling[0m rand_chacha v0.3.1
2026-10-07T20:50:39.2004568Z [1m[92m   Compiling[0m euclid v0.22.14
2026-10-07T20:50:39.3384881Z [1m[92m   Compiling[0m ztracing v0.1.0 (/home/runner/work/koda/koda/crates/ztracing)
2026-10-07T20:50:39.4770982Z [1m[92m   Compiling[0m rand v0.8.6
2026-10-07T20:50:39.5934768Z [1m[92m   Compiling[0m fdeflate v0.3.7
2026-10-07T20:50:39.8995372Z [1m[92m   Compiling[0m object v0.37.3
2026-10-07T20:50:40.0324745Z [1m[92m   Compiling[0m ciborium-io v0.2.2
2026-10-07T20:50:40.0848699Z [1m[92m   Compiling[0m ztracing_macro v0.1.0 (/home/runner/work/koda/koda/crates/ztracing_macro)
2026-10-07T20:50:40.0994422Z [1m[92m   Compiling[0m heapless v0.9.2
2026-10-07T20:50:40.2065380Z [1m[92m   Compiling[0m ciborium-ll v0.2.2
2026-10-07T20:50:40.2366886Z [1m[92m   Compiling[0m hash32 v0.3.1
2026-10-07T20:50:40.3534794Z [1m[92m   Compiling[0m polycool v0.4.0
2026-10-07T20:50:40.3667197Z [1m[92m   Compiling[0m slotmap v1.0.7
2026-10-07T20:50:40.3894305Z [1m[92m   Compiling[0m ciborium v0.2.2
2026-10-07T20:50:40.5434752Z [1m[92m   Compiling[0m kurbo v0.13.1
2026-10-07T20:50:40.9784648Z [1m[92m   Compiling[0m ttf-parser v0.25.1
2026-10-07T20:50:41.9164492Z [1m[92m   Compiling[0m toml v0.9.8
2026-10-07T20:50:43.2112118Z [1m[92m   Compiling[0m convert_case v0.11.0
2026-10-07T20:50:43.4274666Z [1m[92m   Compiling[0m alloca v0.4.0
2026-10-07T20:50:43.4934939Z [1m[92m   Compiling[0m bit-vec v0.8.0
2026-10-07T20:50:43.5709618Z [1m[92m   Compiling[0m quick-error v2.0.1
2026-10-07T20:50:43.6967046Z [1m[92m   Compiling[0m plotters-backend v0.3.7
2026-10-07T20:50:43.7165450Z [1m[92m   Compiling[0m weezl v0.1.10
2026-10-07T20:50:43.9884786Z [1m[92m   Compiling[0m zune-core v0.5.1
2026-10-07T20:50:44.0104589Z [1m[92m   Compiling[0m plotters-svg v0.3.7
2026-10-07T20:50:44.1234697Z [1m[92m   Compiling[0m bit-set v0.8.0
2026-10-07T20:50:44.1844705Z [1m[92m   Compiling[0m zune-jpeg v0.5.15
2026-10-07T20:50:44.2494573Z [1m[92m   Compiling[0m svgtypes v0.16.1
2026-10-07T20:50:44.9448055Z [1m[92m   Compiling[0m perf-event-open-sys2 v5.0.6
2026-10-07T20:50:45.1441342Z [1m[92m   Compiling[0m itertools v0.13.0
2026-10-07T20:50:45.1842424Z [1m[92m   Compiling[0m wait-timeout v0.2.1
2026-10-07T20:50:45.1994312Z [1m[92m   Compiling[0m page_size v0.6.0
2026-10-07T20:50:45.2725054Z [1m[92m   Compiling[0m quick-error v1.2.3
2026-10-07T20:50:45.3354588Z [1m[92m   Compiling[0m c-enum v0.2.3
2026-10-07T20:50:45.3984631Z [1m[92m   Compiling[0m byteorder-lite v0.1.0
2026-10-07T20:50:45.4164238Z [1m[92m   Compiling[0m color_quant v1.1.0
2026-10-07T20:50:45.5665311Z [1m[92m   Compiling[0m roxmltree v0.20.0
2026-10-07T20:50:45.6294659Z [1m[92m   Compiling[0m unicode-script v0.5.8
2026-10-07T20:50:45.9586056Z [1m[92m   Compiling[0m gimli v0.32.3
2026-10-07T20:50:46.1874722Z [1m[92m   Compiling[0m float-cmp v0.9.0
2026-10-07T20:50:46.2824557Z [1m[92m   Compiling[0m cast v0.3.0
2026-10-07T20:50:46.4394816Z [1m[92m   Compiling[0m strict-num v0.1.1
2026-10-07T20:50:46.5497102Z [1m[92m   Compiling[0m criterion-plot v0.8.2
2026-10-07T20:50:46.6112378Z [1m[92m   Compiling[0m fontconfig-parser v0.5.8
2026-10-07T20:50:46.9875188Z [1m[92m   Compiling[0m image-webp v0.2.4
2026-10-07T20:50:47.2664882Z [1m[92m   Compiling[0m gif v0.14.2
2026-10-07T20:50:47.9204827Z [1m[92m   Compiling[0m plotters v0.3.7
2026-10-07T20:50:48.1914867Z [1m[92m   Compiling[0m addr2line v0.25.1
2026-10-07T20:50:48.3174711Z [1m[92m   Compiling[0m fax_derive v0.2.0
2026-10-07T20:50:48.5384762Z [1m[92m   Compiling[0m zune-inflate v0.2.54
2026-10-07T20:50:48.7924071Z [1m[92m   Compiling[0m roxmltree v0.21.1
2026-10-07T20:50:48.8865185Z [1m[92m   Compiling[0m bit_field v0.10.3
2026-10-07T20:50:48.9514766Z [1m[92m   Compiling[0m unicode-ccc v0.4.0
2026-10-07T20:50:49.0165359Z [1m[92m   Compiling[0m raw-window-handle v0.6.2
2026-10-07T20:50:49.0344988Z [1m[92m   Compiling[0m data-url v0.3.2
2026-10-07T20:50:49.2475785Z [1m[92m   Compiling[0m unicode-bidi-mirroring v0.4.0
2026-10-07T20:50:49.3204888Z [1m[92m   Compiling[0m lebe v0.5.3
2026-10-07T20:50:49.3370214Z [1m[92m   Compiling[0m anes v0.1.6
2026-10-07T20:50:49.4734642Z [1m[92m   Compiling[0m arrayref v0.3.9
2026-10-07T20:50:49.4894334Z [1m[92m   Compiling[0m oorandom v11.1.5
2026-10-07T20:50:49.5284788Z [1m[92m   Compiling[0m tiny-skia-path v0.11.4
2026-10-07T20:50:49.5463722Z [1m[92m   Compiling[0m fax v0.2.6
2026-10-07T20:50:49.5691669Z [1m[92m   Compiling[0m fontdb v0.23.0
2026-10-07T20:50:49.8168837Z [1m[92m   Compiling[0m proptest-macro v0.5.0 (https://github.com/proptest-rs/proptest?rev=3dca198a8fef1b32e3a66f1e1897c955b4dc5b5b#3dca198a)
2026-10-07T20:50:50.0534729Z [1m[92m   Compiling[0m lyon_geom v1.0.17
2026-10-07T20:50:50.1894915Z [1m[92m   Compiling[0m profiling-procmacros v1.0.17
2026-10-07T20:50:50.4524740Z [1m[92m   Compiling[0m rand_xorshift v0.4.0
2026-10-07T20:50:50.4820952Z [1m[92m   Compiling[0m pxfm v0.1.25
2026-10-07T20:50:50.5594027Z [1m[92m   Compiling[0m unarray v0.1.4
2026-10-07T20:50:50.5774132Z [1m[92m   Compiling[0m profiling v1.0.17
2026-10-07T20:50:50.6258585Z [1m[92m   Compiling[0m lyon_path v1.0.16
2026-10-07T20:50:50.6420965Z [1m[92m   Compiling[0m tiff v0.11.3
2026-10-07T20:50:51.1194595Z [1m[92m   Compiling[0m qoi v0.4.1
2026-10-07T20:50:51.3054986Z [1m[92m   Compiling[0m simplecss v0.2.2
2026-10-07T20:50:51.6934816Z [1m[92m   Compiling[0m enumn v0.1.14
2026-10-07T20:50:52.0694658Z [1m[92m   Compiling[0m pollster v0.4.0
2026-10-07T20:50:52.1794668Z [1m[92m   Compiling[0m waker-fn v1.2.0
2026-10-07T20:50:52.2354774Z [1m[92m   Compiling[0m imagesize v0.14.0
2026-10-07T20:50:52.2484404Z [1m[92m   Compiling[0m unicode-vo v0.1.0
2026-10-07T20:50:52.3171231Z [1m[92m   Compiling[0m pico-args v0.5.0
2026-10-07T20:50:52.5106732Z [1m[92m   Compiling[0m moxcms v0.8.1
2026-10-07T20:50:52.6174768Z [1m[92m   Compiling[0m xmlwriter v0.1.0
2026-10-07T20:50:52.8034540Z [1m[92m   Compiling[0m accesskit v0.24.1
2026-10-07T20:50:53.0674469Z [1m[92m   Compiling[0m png v0.17.16
2026-10-07T20:50:53.3255182Z [1m[92m   Compiling[0m pollster v0.2.5
2026-10-07T20:50:53.4262285Z [1m[92m   Compiling[0m foldhash v0.1.5
2026-10-07T20:50:53.5671662Z [1m[92m   Compiling[0m atomic v0.5.3
2026-10-07T20:50:53.7015214Z [1m[92m   Compiling[0m hashbrown v0.15.5
2026-10-07T20:50:54.0334994Z [1m[92m   Compiling[0m tiny-skia v0.11.4
2026-10-07T20:50:54.2604823Z [1m[92m   Compiling[0m rgb v0.8.52
2026-10-07T20:50:54.5734754Z [1m[92m   Compiling[0m sharded-slab v0.1.7
2026-10-07T20:50:55.0805700Z [1m[92m   Compiling[0m tracing-serde v0.2.0
2026-10-07T20:50:55.1974712Z [1m[92m   Compiling[0m matchers v0.2.0
2026-10-07T20:50:55.2888664Z [1m[92m   Compiling[0m web-time v1.1.0
2026-10-07T20:50:55.3424546Z [1m[92m   Compiling[0m linktime-proc-macro v0.2.2
2026-10-07T20:50:55.8694662Z [1m[92m   Compiling[0m link-section v0.19.2
2026-10-07T20:50:55.9324412Z [1m[92m   Compiling[0m float_next_after v1.0.0
2026-10-07T20:50:56.0036483Z [1m[92m   Compiling[0m lyon_tessellation v1.0.16
2026-10-07T20:50:56.1334633Z [1m[92m   Compiling[0m ctor v1.0.12
2026-10-07T20:50:56.2444675Z [1m[92m   Compiling[0m tracing-subscriber v0.3.22
2026-10-07T20:50:56.8404843Z [1m[92m   Compiling[0m lyon_extra v1.0.3
2026-10-07T20:50:57.0534871Z [1m[92m   Compiling[0m lyon_algorithms v1.0.16
2026-10-07T20:50:57.5164672Z [1m[92m   Compiling[0m futures-concurrency v7.7.1
2026-10-07T20:50:58.4215507Z [1m[92m   Compiling[0m derive_refineable v0.1.0 (/home/runner/work/koda/koda/crates/refineable/derive_refineable)
2026-10-07T20:51:00.1037405Z [1m[92m   Compiling[0m svg_fmt v0.4.5
2026-10-07T20:51:00.3114736Z [1m[92m   Compiling[0m seahash v4.1.0
2026-10-07T20:51:00.4454552Z [1m[92m   Compiling[0m etagere v0.2.15
2026-10-07T20:51:00.7045588Z [1m[92m   Compiling[0m lyon v1.0.16
2026-10-07T20:51:00.7604602Z [1m[92m   Compiling[0m taffy v0.13.0
2026-10-07T20:51:01.1694733Z [1m[92m   Compiling[0m async-attributes v1.1.2
2026-10-07T20:51:01.5314437Z [1m[92m   Compiling[0m async-std v1.13.2
2026-10-07T20:51:02.0624877Z [1m[92m   Compiling[0m zlog v0.1.0 (/home/runner/work/koda/koda/crates/zlog)
2026-10-07T20:51:02.6415165Z [1m[92m   Compiling[0m hdrhistogram v7.5.4
2026-10-07T20:51:02.8371451Z [1m[92m   Compiling[0m async-tar v0.6.1 (https://github.com/zed-industries/async-tar?rev=bd3ad6f89df9a9da7a8535958756d6bf465936a0#bd3ad6f8)
2026-10-07T20:51:03.4635355Z [1m[92m   Compiling[0m http_client v0.1.0 (/home/runner/work/koda/koda/crates/http_client)
2026-10-07T20:51:03.5916926Z [1m[92m   Compiling[0m gpui_macros v0.1.0 (/home/runner/work/koda/koda/crates/gpui_macros)
2026-10-07T20:51:03.7715079Z [1m[92m   Compiling[0m num_cpus v1.17.0
2026-10-07T20:51:04.0614683Z [1m[92m   Compiling[0m inventory v0.3.21
2026-10-07T20:51:05.0894713Z [1m[92m   Compiling[0m ar_archive_writer v0.5.1
2026-10-07T20:51:05.8841390Z [1m[92m   Compiling[0m psm v0.1.30
2026-10-07T20:51:06.2065198Z [1m[92m   Compiling[0m sum_tree v0.1.0 (/home/runner/work/koda/koda/crates/sum_tree)
2026-10-07T20:51:06.5764627Z [1m[92m   Compiling[0m rusty-fork v0.3.1
2026-10-07T20:51:06.8584566Z [1m[92m   Compiling[0m tinytemplate v1.2.1
2026-10-07T20:51:07.2604779Z [1m[92m   Compiling[0m x11 v2.21.0
2026-10-07T20:51:07.4140537Z [1m[92m   Compiling[0m quick-xml v0.30.0
2026-10-07T20:51:07.7435169Z [1m[92m   Compiling[0m refineable v0.1.0 (/home/runner/work/koda/koda/crates/refineable)
2026-10-07T20:51:07.8589598Z [1m[92m   Compiling[0m criterion v0.8.2
2026-10-07T20:51:08.0900842Z [1m[92m   Compiling[0m xcb v1.6.0
2026-10-07T20:51:09.0824789Z [1m[92m   Compiling[0m backtrace v0.3.76
2026-10-07T20:51:10.2215949Z [1m[92m   Compiling[0m proptest v1.10.0 (https://github.com/proptest-rs/proptest?rev=3dca198a8fef1b32e3a66f1e1897c955b4dc5b5b#3dca198a)
2026-10-07T20:51:11.0114596Z [1m[92m   Compiling[0m perf-event-data v0.1.8
2026-10-07T20:51:12.3494622Z [1m[92m   Compiling[0m spin v0.10.0
2026-10-07T20:51:12.4986739Z [1m[92m   Compiling[0m stacker v0.1.25
2026-10-07T20:51:12.5254497Z [1m[92m   Compiling[0m socket2 v0.6.5
2026-10-07T20:51:12.7270717Z [1m[92m   Compiling[0m perf-event2 v0.7.4
2026-10-07T20:51:13.6500849Z [1m[92m   Compiling[0m rustybuzz v0.20.1
2026-10-07T20:51:13.8074770Z [1m[92m   Compiling[0m embed-resource v3.0.6
2026-10-07T20:51:14.0715258Z [1m[92m   Compiling[0m flume v0.12.0
2026-10-07T20:51:14.3735546Z [1m[92m   Compiling[0m gpui v0.2.2 (/home/runner/work/koda/koda/crates/gpui)
2026-10-07T20:51:14.8015108Z [1m[92m   Compiling[0m postage v0.5.0
2026-10-07T20:51:15.2024734Z [1m[92m   Compiling[0m exr v1.74.0
2026-10-07T20:51:16.3486100Z [1m[92m   Compiling[0m usvg v0.46.0
2026-10-07T20:51:18.3774631Z [1m[92m   Compiling[0m png v0.18.0
2026-10-07T20:51:18.7814606Z [1m[92m   Compiling[0m sysinfo v0.31.4
2026-10-07T20:51:19.2605517Z [1m[92m   Compiling[0m stacksafe-macro v1.0.3
2026-10-07T20:51:19.4675303Z [1m[92m   Compiling[0m zed-scap v0.0.8-zed (https://github.com/zed-industries/scap?rev=4afea48c3b002197176fb19cd0f9b180dd36eaac#4afea48c)
2026-10-07T20:51:19.6034694Z [1m[92m   Compiling[0m stacksafe v1.0.3
2026-10-07T20:51:19.7004721Z [1m[92m   Compiling[0m image v0.25.10
2026-10-07T20:51:19.9864692Z [1m[92m   Compiling[0m resvg v0.46.0
2026-10-07T20:51:20.2074157Z [1m[92m   Compiling[0m scheduler v0.1.0 (/home/runner/work/koda/koda/crates/scheduler)
2026-10-07T20:51:20.9476325Z [1m[92m   Compiling[0m bench_metrics v0.1.0 (/home/runner/work/koda/koda/crates/bench_metrics)
2026-10-07T20:51:21.6897002Z [1m[92m   Compiling[0m encoding_rs v0.8.35
2026-10-07T20:51:23.2054743Z [1m[92m   Compiling[0m tokio-macros v2.7.0
2026-10-07T20:51:23.8594675Z [1m[92m   Compiling[0m tokio v1.52.1
2026-10-07T20:51:27.0904508Z [1m[92m   Compiling[0m cmake v0.1.56
2026-10-07T20:51:27.4584951Z [1m[92m   Compiling[0m fs_extra v1.3.0
2026-10-07T20:51:27.7210474Z [1m[92m   Compiling[0m aws-lc-sys v0.42.0
2026-10-07T20:51:28.8405266Z [1m[92m   Compiling[0m async-trait v0.1.89
2026-10-07T20:51:29.7134692Z [1m[92m   Compiling[0m httparse v1.10.1
2026-10-07T20:51:29.9582706Z [1m[92m   Compiling[0m ring v0.17.14
2026-10-07T20:51:30.2494905Z [1m[92m   Compiling[0m rustls-pki-types v1.12.0
2026-10-07T20:51:30.6135638Z [1m[92m   Compiling[0m untrusted v0.9.0
2026-10-07T20:51:30.6904735Z [1m[92m   Compiling[0m rustls v0.23.40
2026-10-07T20:51:30.7875657Z [1m[92m   Compiling[0m num-integer v0.1.46
2026-10-07T20:51:31.0353857Z [1m[92m   Compiling[0m num-conv v0.2.0
2026-10-07T20:51:31.1023690Z [1m[92m   Compiling[0m time-core v0.1.8
2026-10-07T20:51:31.1920761Z [1m[92m   Compiling[0m powerfmt v0.2.0
2026-10-07T20:51:31.3624576Z [1m[92m   Compiling[0m deranged v0.5.4
2026-10-07T20:51:32.2519827Z [1m[92m   Compiling[0m time-macros v0.2.27
2026-10-07T20:51:33.3020105Z [1m[92m   Compiling[0m num_threads v0.1.7
2026-10-07T20:51:33.4016835Z [1m[92m   Compiling[0m time v0.3.47
2026-10-07T20:51:34.7785676Z [1m[92m   Compiling[0m aws-lc-rs v1.17.1
2026-10-07T20:51:34.9388704Z [1m[92m   Compiling[0m untrusted v0.7.1
2026-10-07T20:51:34.9947723Z [1m[92m   Compiling[0m tower-service v0.3.3
2026-10-07T20:51:35.2064064Z [1m[92m   Compiling[0m ipnet v2.11.0
2026-10-07T20:51:35.5368908Z [1m[92m   Compiling[0m try-lock v0.2.5
2026-10-07T20:51:35.5867631Z [1m[92m   Compiling[0m want v0.3.1
2026-10-07T20:51:35.9896667Z [1m[92m   Compiling[0m http-body-util v0.1.3
2026-10-07T20:51:38.3604962Z [1m[92m   Compiling[0m hex v0.4.3
2026-10-07T20:51:38.5454192Z [1m[92m   Compiling[0m tree-sitter-language v0.1.8 (https://github.com/tree-sitter/tree-sitter?rev=43623ec9bf0eaaf7113285c46e8a09018f181b18#43623ec9)
2026-10-07T20:51:38.7104632Z [1m[92m   Compiling[0m openssl-probe v0.2.1
2026-10-07T20:51:38.8484623Z [1m[92m   Compiling[0m tokio-util v0.7.18
2026-10-07T20:51:39.6024737Z [1m[92m   Compiling[0m rustls-native-certs v0.8.3
2026-10-07T20:51:39.9718313Z [1m[92m   Compiling[0m termcolor v1.4.1
2026-10-07T20:51:40.5341727Z [1m[92m   Compiling[0m imara-diff v0.2.0
2026-10-07T20:51:40.5765265Z [1m[92m   Compiling[0m tower-layer v0.3.3
2026-10-07T20:51:40.7054478Z [1m[92m   Compiling[0m num-iter v0.1.45
2026-10-07T20:51:40.7595817Z [1m[92m   Compiling[0m h2 v0.4.19
2026-10-07T20:51:40.9339149Z [1m[92m   Compiling[0m zeta_prompt v0.1.0 (/home/runner/work/koda/koda/crates/zeta_prompt)
2026-10-07T20:51:42.6696062Z [1m[92m   Compiling[0m cloud_llm_client v0.1.0 (/home/runner/work/koda/koda/crates/cloud_llm_client)
2026-10-07T20:51:43.4093707Z [1m[92m   Compiling[0m phf_shared v0.13.1
2026-10-07T20:51:43.7751883Z [1m[92m   Compiling[0m sync_wrapper v1.0.2
2026-10-07T20:51:43.8359304Z [1m[92m   Compiling[0m phf_generator v0.13.1
2026-10-07T20:51:43.9975612Z [1m[92m   Compiling[0m prettyplease v0.2.37
2026-10-07T20:51:44.1396672Z [1m[92m   Compiling[0m prost-derive v0.14.4
2026-10-07T20:51:44.9524254Z [1m[92m   Compiling[0m hyper v1.11.1
2026-10-07T20:51:45.5642700Z [1m[92m   Compiling[0m wasmtime-internal-core v48.0.1
2026-10-07T20:51:45.6933932Z [1m[92m   Compiling[0m prost v0.14.4
2026-10-07T20:51:46.0077920Z [1m[92m   Compiling[0m hyper-util v0.1.17
2026-10-07T20:51:46.9632971Z [1m[92m   Compiling[0m target-lexicon v0.13.5
2026-10-07T20:51:47.3454734Z [1m[92m   Compiling[0m prost-types v0.14.4
2026-10-07T20:51:47.8897689Z [1m[92m   Compiling[0m cranelift-srcgen v0.135.1
2026-10-07T20:51:48.1355278Z [1m[92m   Compiling[0m cranelift-assembler-x64-meta v0.135.1
2026-10-07T20:51:48.3974608Z [1m[92m   Compiling[0m partial-json-fixer v0.5.3
2026-10-07T20:51:48.6393614Z [1m[92m   Compiling[0m cranelift-bitset v0.135.1
2026-10-07T20:51:48.8207573Z [1m[92m   Compiling[0m pulley-macros v48.0.1
2026-10-07T20:51:48.9795085Z [1m[92m   Compiling[0m leb128fmt v0.1.0
2026-10-07T20:51:49.1533770Z [1m[92m   Compiling[0m language_model_core v0.1.0 (/home/runner/work/koda/koda/crates/language_model_core)
2026-10-07T20:51:49.2417322Z [1m[92m   Compiling[0m cranelift-isle v0.135.1
2026-10-07T20:51:49.4536534Z [1m[92m   Compiling[0m pulley-interpreter v48.0.1
2026-10-07T20:51:50.2679364Z [1m[92m   Compiling[0m cranelift-entity v0.135.1
2026-10-07T20:51:50.5094553Z [1m[92m   Compiling[0m phf_macros v0.13.1
2026-10-07T20:51:50.5861284Z [1m[92m   Compiling[0m petgraph v0.8.3
2026-10-07T20:51:51.1334235Z [1m[92m   Compiling[0m cobs v0.3.0
2026-10-07T20:51:51.2797210Z [1m[92m   Compiling[0m multimap v0.8.3
2026-10-07T20:51:51.3900010Z [1m[92m   Compiling[0m cranelift-codegen-shared v0.135.1
2026-10-07T20:51:51.4624735Z [1m[92m   Compiling[0m postcard v1.1.3
2026-10-07T20:51:51.7994593Z [1m[92m   Compiling[0m prost-build v0.14.4
2026-10-07T20:51:51.8636149Z [1m[92m   Compiling[0m phf v0.13.1
2026-10-07T20:51:51.9840755Z [1m[92m   Compiling[0m cranelift-bforest v0.135.1
2026-10-07T20:51:52.2418996Z [1m[92m   Compiling[0m cranelift-assembler-x64 v0.135.1
2026-10-07T20:51:52.7996696Z [1m[92m   Compiling[0m gimli v0.33.0
2026-10-07T20:51:55.1132142Z [1m[92m   Compiling[0m wasmparser v0.254.0
2026-10-07T20:51:56.3619656Z [1m[92m   Compiling[0m cranelift-codegen-meta v0.135.1
2026-10-07T20:51:56.4507265Z [1m[92m   Compiling[0m logos-codegen v0.15.1
2026-10-07T20:51:56.5984130Z [1m[92m   Compiling[0m wasmtime-internal-versioned-export-macros v48.0.1
2026-10-07T20:51:56.9461961Z [1m[92m   Compiling[0m bumpalo v3.20.3
2026-10-07T20:51:57.1987020Z [1m[92m   Compiling[0m arbitrary v1.4.2
2026-10-07T20:51:58.0364055Z [1m[92m   Compiling[0m object v0.39.1
2026-10-07T20:51:58.1797907Z [1m[92m   Compiling[0m unicode-width v0.2.2
2026-10-07T20:51:58.3311866Z [1m[92m   Compiling[0m cpp_demangle v0.5.1
2026-10-07T20:51:58.6925229Z [1m[92m   Compiling[0m cranelift-control v0.135.1
2026-10-07T20:51:58.7494722Z [1m[92m   Compiling[0m regalloc2 v0.15.2
2026-10-07T20:51:59.1264766Z [1m[92m   Compiling[0m cranelift-codegen v0.135.1
2026-10-07T20:52:11.0074934Z [1m[92m   Compiling[0m wasmtime-internal-component-util v48.0.1
2026-10-07T20:52:11.0714422Z [1m[92m   Compiling[0m beef v0.5.2
2026-10-07T20:52:12.8423499Z [1m[92m   Compiling[0m wasm-encoder v0.254.0
2026-10-07T20:52:14.6561075Z [1m[92m   Compiling[0m wasmprinter v0.254.0
2026-10-07T20:52:19.6464771Z [1m[92m   Compiling[0m miette-derive v7.6.0
2026-10-07T20:52:20.6395189Z [1m[92m   Compiling[0m logos-codegen v0.16.1
2026-10-07T20:52:20.7984124Z [1m[92m   Compiling[0m id-arena v2.3.0
2026-10-07T20:52:20.8974875Z [1m[92m   Compiling[0m unicode-width v0.1.14
2026-10-07T20:52:21.0984723Z [1m[92m   Compiling[0m miette v7.6.0
2026-10-07T20:52:21.7194717Z [1m[92m   Compiling[0m wit-parser v0.254.0
2026-10-07T20:52:22.2615046Z [1m[92m   Compiling[0m logos-derive v0.16.1
2026-10-07T20:52:22.4784784Z [1m[92m   Compiling[0m wasmtime-environ v48.0.1
2026-10-07T20:52:26.8847403Z [1m[92m   Compiling[0m wasm-metadata v0.254.0
2026-10-07T20:52:27.2249293Z [1m[92m   Compiling[0m logos-derive v0.15.1
2026-10-07T20:52:27.4144849Z [1m[92m   Compiling[0m wasmtime-internal-unwinder v48.0.1
2026-10-07T20:52:27.5684781Z [1m[92m   Compiling[0m logos v0.15.1
2026-10-07T20:52:27.6573683Z [1m[92m   Compiling[0m wit-component v0.254.0
2026-10-07T20:52:31.6514632Z [1m[92m   Compiling[0m logos v0.16.1
2026-10-07T20:52:31.7685170Z [1m[92m   Compiling[0m wasmtime-internal-fiber v48.0.1
2026-10-07T20:52:31.9367400Z [1m[92m   Compiling[0m wasmtime-internal-cranelift v48.0.1
2026-10-07T20:52:32.0904748Z [1m[92m   Compiling[0m wasmtime-internal-component-macro v48.0.1
2026-10-07T20:52:32.2164932Z [1m[92m   Compiling[0m mime v0.3.17
2026-10-07T20:52:32.4256679Z [1m[92m   Compiling[0m prost-reflect v0.16.5
2026-10-07T20:52:36.9334759Z [1m[92m   Compiling[0m cranelift-native v0.135.1
2026-10-07T20:52:37.0557705Z [1m[92m   Compiling[0m cranelift-frontend v0.135.1
2026-10-07T20:52:38.0106291Z [1m[92m   Compiling[0m wasmtime-internal-wit-bindgen v48.0.1
2026-10-07T20:52:39.3909864Z [1m[92m   Compiling[0m protox-parse v0.9.0
2026-10-07T20:52:40.6941711Z [1m[92m   Compiling[0m wasmtime v48.0.1
2026-10-07T20:52:41.4694778Z [1m[92m   Compiling[0m protox v0.9.1
2026-10-07T20:53:02.9611987Z [1m[92m   Compiling[0m wasmtime-internal-jit-icache-coherence v48.0.1
2026-10-07T20:53:03.0294766Z [1m[92m   Compiling[0m const_format_proc_macros v0.2.34
2026-10-07T20:53:03.6688001Z [1m[92m   Compiling[0m memfd v0.6.5
2026-10-07T20:53:03.7975808Z [1m[92m   Compiling[0m wasmtime-c-api-impl v48.0.1
2026-10-07T20:53:10.7275239Z [1m[92m   Compiling[0m rustls-webpki v0.103.13
2026-10-07T20:53:17.3744505Z [1m[92m   Compiling[0m tokio-rustls v0.26.4
2026-10-07T20:53:17.5904694Z [1m[92m   Compiling[0m const_format v0.2.35
2026-10-07T20:53:17.8904672Z [1m[92m   Compiling[0m ignore v0.4.24
2026-10-07T20:53:19.0665044Z [1m[92m   Compiling[0m paths v0.1.0 (/home/runner/work/koda/koda/crates/paths)
2026-10-07T20:53:19.2274922Z [1m[92m   Compiling[0m tree-sitter v0.27.0 (https://github.com/tree-sitter/tree-sitter?rev=43623ec9bf0eaaf7113285c46e8a09018f181b18#43623ec9)
2026-10-07T20:53:24.8854765Z [1m[92m   Compiling[0m block-padding v0.3.3
2026-10-07T20:53:24.9724748Z [1m[92m   Compiling[0m serde_path_to_error v0.1.20
2026-10-07T20:53:25.4004866Z [1m[92m   Compiling[0m wasmtime-internal-c-api-macros v48.0.1
2026-10-07T20:53:28.1494672Z [1m[92m   Compiling[0m inout v0.1.4
2026-10-07T20:53:28.4196678Z [1m[92m   Compiling[0m streaming-iterator v0.1.9
2026-10-07T20:53:28.5104486Z [1m[92m   Compiling[0m cipher v0.4.4
2026-10-07T20:53:28.7125172Z [1m[92m   Compiling[0m proto v0.1.0 (/home/runner/work/koda/koda/crates/proto)
2026-10-07T20:53:29.1449889Z [1m[92m   Compiling[0m release_channel v0.1.0 (/home/runner/work/koda/koda/crates/release_channel)
2026-10-07T20:53:29.6505228Z [1m[92m   Compiling[0m rope v0.1.0 (/home/runner/work/koda/koda/crates/rope)
2026-10-07T20:53:30.9129280Z [1m[92m   Compiling[0m urlencoding v2.1.3
2026-10-07T20:53:30.9294318Z [1m[92m   Compiling[0m aes v0.8.4
2026-10-07T20:53:31.0745319Z [1m[92m   Compiling[0m telemetry_events v0.1.0 (/home/runner/work/koda/koda/crates/telemetry_events)
2026-10-07T20:53:31.7470235Z [1m[92m   Compiling[0m net v0.1.0 (/home/runner/work/koda/koda/crates/net)
2026-10-07T20:53:31.8044852Z [1m[92m   Compiling[0m clock v0.1.0 (/home/runner/work/koda/koda/crates/clock)
2026-10-07T20:53:32.0434990Z [1m[92m   Compiling[0m tree-sitter-json v0.24.8
2026-10-07T20:53:32.4664622Z [1m[92m   Compiling[0m inotify-sys v0.1.5
2026-10-07T20:53:32.5954971Z [1m[92m   Compiling[0m text v0.1.0 (/home/runner/work/koda/koda/crates/text)
2026-10-07T20:53:35.2688142Z [1m[92m   Compiling[0m askpass v0.1.0 (/home/runner/work/koda/koda/crates/askpass)
2026-10-07T20:53:35.8374813Z [1m[92m   Compiling[0m webpki-roots v1.0.8
2026-10-07T20:53:35.9254753Z [1m[92m   Compiling[0m rustls-platform-verifier v0.7.0
2026-10-07T20:53:36.1075229Z [1m[92m   Compiling[0m http_client_tls v0.1.0 (/home/runner/work/koda/koda/crates/http_client_tls)
2026-10-07T20:53:36.2506354Z [1m[92m   Compiling[0m settings_json v0.1.0 (/home/runner/work/koda/koda/crates/settings_json)
2026-10-07T20:53:36.7224941Z [1m[92m   Compiling[0m telemetry v0.1.0 (/home/runner/work/koda/koda/crates/telemetry)
2026-10-07T20:53:36.8502600Z [1m[92m   Compiling[0m settings_macros v0.1.0 (/home/runner/work/koda/koda/crates/settings_macros)
2026-10-07T20:53:41.2674825Z [1m[92m   Compiling[0m inotify v0.11.0
2026-10-07T20:53:41.7105353Z [1m[92m   Compiling[0m notify-types v2.1.0 (https://github.com/zed-industries/notify?rev=d842f16b2716bd60f09caf3ae3a894237ab38f54#d842f16b)
2026-10-07T20:53:42.0215247Z [1m[92m   Compiling[0m xxhash-rust v0.8.15
2026-10-07T20:53:42.2791628Z [1m[92m   Compiling[0m notify v9.0.0-rc.4 (https://github.com/zed-industries/notify?rev=d842f16b2716bd60f09caf3ae3a894237ab38f54#d842f16b)
2026-10-07T20:53:43.3105172Z [1m[92m   Compiling[0m settings_content v0.1.0 (/home/runner/work/koda/koda/crates/settings_content)
2026-10-07T20:53:58.9211902Z [1m[92m   Compiling[0m git v0.1.0 (/home/runner/work/koda/koda/crates/git)
2026-10-07T20:54:04.2035707Z [1m[92m   Compiling[0m trash v5.2.5 (https://github.com/zed-industries/trash-rs?rev=41c6c800d884a89351f3b8856d12894cccee261d#41c6c800)
2026-10-07T20:54:04.7844604Z [1m[92m   Compiling[0m rustls-pemfile v2.2.0
2026-10-07T20:54:04.9504670Z [1m[92m   Compiling[0m is_executable v1.0.5
2026-10-07T20:54:05.0345186Z [1m[92m   Compiling[0m fs v0.1.0 (/home/runner/work/koda/koda/crates/fs)
2026-10-07T20:54:11.4414980Z [1m[92m   Compiling[0m zstd-safe v5.0.2+zstd.1.5.2
2026-10-07T20:54:12.0485040Z [1m[92m   Compiling[0m zstd v0.11.2+zstd.1.5.2
2026-10-07T20:54:12.2964492Z [1m[92m   Compiling[0m sha1 v0.10.6
2026-10-07T20:54:12.5014872Z [1m[92m   Compiling[0m by_address v1.2.1
2026-10-07T20:54:12.5693723Z [1m[92m   Compiling[0m palette v0.7.6
2026-10-07T20:54:12.7514740Z [1m[92m   Compiling[0m palette_derive v0.7.6
2026-10-07T20:54:13.6564608Z [1m[92m   Compiling[0m fast-srgb8 v1.0.0
2026-10-07T20:54:13.7284681Z [1m[92m   Compiling[0m unicode-linebreak v0.1.5
2026-10-07T20:54:14.5164902Z [1m[92m   Compiling[0m migrator v0.1.0 (/home/runner/work/koda/koda/crates/migrator)
2026-10-07T20:54:15.7794699Z [1m[92m   Compiling[0m base64ct v1.8.0
2026-10-07T20:54:16.0244999Z [1m[92m   Compiling[0m rustversion v1.0.22
2026-10-07T20:54:16.2764710Z [1m[92m   Compiling[0m ec4rs v1.2.0
2026-10-07T20:54:17.4765660Z [1m[92m   Compiling[0m settings v0.1.0 (/home/runner/work/koda/koda/crates/settings)
2026-10-07T20:54:19.1858081Z [1m[92m   Compiling[0m data-encoding v2.9.0
2026-10-07T20:54:19.8504791Z [1m[92m   Compiling[0m utf-8 v0.7.6
2026-10-07T20:54:20.4952047Z [1m[92m   Compiling[0m syntax_theme v0.1.0 (/home/runner/work/koda/koda/crates/syntax_theme)
2026-10-07T20:54:20.9022132Z [1m[92m   Compiling[0m theme v0.1.0 (/home/runner/work/koda/koda/crates/theme)
2026-10-07T20:54:22.6494468Z [1m[92m   Compiling[0m signature v2.2.0
2026-10-07T20:54:22.7565673Z [1m[92m   Compiling[0m toml_datetime v0.6.11
2026-10-07T20:54:22.9094608Z [1m[92m   Compiling[0m serde_spanned v0.6.9
2026-10-07T20:54:22.9904697Z [1m[92m   Compiling[0m toml_write v0.1.2
2026-10-07T20:54:23.0204679Z [1m[92m   Compiling[0m tungstenite v0.28.0
2026-10-07T20:54:23.1552926Z [1m[92m   Compiling[0m yansi v1.0.1
2026-10-07T20:54:23.4715153Z [1m[92m   Compiling[0m pem-rfc7468 v0.7.0
2026-10-07T20:54:23.7268716Z [1m[92m   Compiling[0m der v0.7.10
2026-10-07T20:54:23.8064658Z [1m[92m   Compiling[0m toml_edit v0.22.27
2026-10-07T20:54:25.0036338Z [1m[92m   Compiling[0m spki v0.7.3
2026-10-07T20:54:25.1944404Z [1m[92m   Compiling[0m arc-swap v1.9.0
2026-10-07T20:54:25.4519201Z [1m[92m   Compiling[0m num-bigint-dig v0.8.6
2026-10-07T20:54:25.6014613Z [1m[92m   Compiling[0m toml v0.8.23
2026-10-07T20:54:26.2404779Z [1m[92m   Compiling[0m pkcs8 v0.10.2
2026-10-07T20:54:26.4814568Z [1m[92m   Compiling[0m pkcs1 v0.7.5
2026-10-07T20:54:26.9514374Z [1m[92m   Compiling[0m async-tungstenite v0.33.0
2026-10-07T20:54:27.5814762Z [1m[92m   Compiling[0m lru v0.16.4
2026-10-07T20:54:27.7214548Z [1m[92m   Compiling[0m shellexpand v3.1.1
2026-10-07T20:54:27.8617410Z [1m[92m   Compiling[0m rsa v0.9.10
2026-10-07T20:54:28.1454618Z [1m[92m   Compiling[0m diff v0.1.13
2026-10-07T20:54:28.3819606Z [1m[92m   Compiling[0m rpc v0.1.0 (/home/runner/work/koda/koda/crates/rpc)
2026-10-07T20:54:28.4864948Z [1m[92m   Compiling[0m pretty_assertions v1.4.1
2026-10-07T20:54:29.4865586Z [1m[92m   Compiling[0m zed_actions v0.1.0 (/home/runner/work/koda/koda/crates/zed_actions)
2026-10-07T20:54:30.4394946Z [1m[92m   Compiling[0m watch v0.1.0 (/home/runner/work/koda/koda/crates/watch)
2026-10-07T20:54:30.5774825Z [1m[92m   Compiling[0m nucleo-matcher v0.3.1
2026-10-07T20:54:32.3439649Z [1m[92m   Compiling[0m task v0.1.0 (/home/runner/work/koda/koda/crates/task)
2026-10-07T20:54:32.3832077Z [1m[92m   Compiling[0m tree-sitter-css v0.23.2
2026-10-07T20:54:32.5273747Z [1m[92m   Compiling[0m tree-sitter-regex v0.24.3
2026-10-07T20:54:32.6810146Z [1m[92m   Compiling[0m tree-sitter-python v0.25.0
2026-10-07T20:54:32.8355786Z [1m[92m   Compiling[0m tree-sitter-gowork v0.0.1 (https://github.com/zed-industries/tree-sitter-go-work?rev=acb0617bf7f4fda02c6217676cc64acb89536dc7#acb0617b)
2026-10-07T20:54:32.9808227Z [1m[92m   Compiling[0m tree-sitter-md v0.3.2 (https://github.com/zed-industries/tree-sitter-markdown?rev=b596e737286780d7bfa9fcddceaeeb754574b352#b596e737)
2026-10-07T20:54:33.1284690Z [1m[92m   Compiling[0m tree-sitter-go v0.25.0
2026-10-07T20:54:33.2755993Z [1m[92m   Compiling[0m tree-sitter-rust v0.24.2
2026-10-07T20:54:33.4126671Z [1m[92m   Compiling[0m tree-sitter-cpp v0.23.4 (https://github.com/tree-sitter/tree-sitter-cpp?rev=5cb9b693cfd7bfacab1d9ff4acac1a4150700609#5cb9b693)
2026-10-07T20:54:33.5606280Z [1m[92m   Compiling[0m tree-sitter-gitcommit v0.0.1 (https://github.com/zed-industries/tree-sitter-git-commit?rev=88309716a69dd13ab83443721ba6e0b491d37ee9#88309716)
2026-10-07T20:54:33.7137891Z [1m[92m   Compiling[0m tree-sitter-yaml v0.6.1 (https://github.com/zed-industries/tree-sitter-yaml?rev=baff0b51c64ef6a1fb1f8390f3ad6015b83ec13a#baff0b51)
2026-10-07T20:54:33.8705811Z [1m[92m   Compiling[0m tree-sitter-typescript v0.23.2 (https://github.com/zed-industries/tree-sitter-typescript?rev=e2c53597d6a5d9cf7bbe8dccde576fe1e46c5899#e2c53597)
2026-10-07T20:54:34.0274680Z [1m[92m   Compiling[0m tree-sitter-diff v0.1.0
2026-10-07T20:54:34.1884837Z [1m[92m   Compiling[0m tree-sitter-jsdoc v0.23.2
2026-10-07T20:54:34.2365709Z [1m[92m   Compiling[0m tree-sitter-gomod v1.1.1 (https://github.com/camdencheek/tree-sitter-go-mod?rev=2e886870578eeba1927a2dc4bd2e2b3f598c5f9a#2e886870)
2026-10-07T20:54:34.3364848Z [1m[92m   Compiling[0m tree-sitter-c v0.24.1
2026-10-07T20:54:34.3964738Z [1m[92m   Compiling[0m tree-sitter-bash v0.25.1
2026-10-07T20:54:34.4934548Z [1m[92m   Compiling[0m httpdate v1.0.3
2026-10-07T20:54:44.2139674Z [1m[92m   Compiling[0m nucleo v0.5.0
2026-10-07T20:54:44.5174876Z [1m[92m   Compiling[0m fuzzy v0.1.0 (/home/runner/work/koda/koda/crates/fuzzy)
2026-10-07T20:54:44.9300333Z [1m[92m   Compiling[0m lsp-types v0.95.1 (https://github.com/zed-industries/lsp-types?rev=f1783e63a7f4eb4397bf51d4148b4895a1f7ab16#f1783e63)
2026-10-07T20:54:44.9777654Z [1m[92m   Compiling[0m async-pipe v0.1.3 (https://github.com/zed-industries/async-pipe-rs?rev=82d00a04211cf4e1236029aa03e6b6ce2a74c553#82d00a04)
2026-10-07T20:54:45.6209377Z [1m[92m   Compiling[0m language_core v0.1.0 (/home/runner/work/koda/koda/crates/language_core)
2026-10-07T20:54:45.6365075Z [1m[92m   Compiling[0m language v0.1.0 (/home/runner/work/koda/koda/crates/language)
2026-10-07T20:54:45.7813896Z [1m[92m   Compiling[0m fuzzy_nucleo v0.1.0 (/home/runner/work/koda/koda/crates/fuzzy_nucleo)
2026-10-07T20:54:46.3084720Z [1m[92m   Compiling[0m chardetng v0.1.17
2026-10-07T20:54:46.6505285Z [1m[92m   Compiling[0m diffy v0.4.2
2026-10-07T20:54:47.4739653Z [1m[92m   Compiling[0m grammars v0.1.0 (/home/runner/work/koda/koda/crates/grammars)
2026-10-07T20:54:47.7615053Z [1m[92m   Compiling[0m hmac v0.12.1
2026-10-07T20:54:47.8565190Z [1m[92m   Compiling[0m credentials_provider v0.1.0 (/home/runner/work/koda/koda/crates/credentials_provider)
2026-10-07T20:54:48.4337616Z [1m[92m   Compiling[0m phf_codegen v0.13.1
2026-10-07T20:54:48.5965518Z [1m[92m   Compiling[0m bzip2-sys v0.1.13+1.0.8
2026-10-07T20:54:48.7865266Z [1m[92m   Compiling[0m chunked_transfer v1.5.0
2026-10-07T20:54:48.8919716Z [1m[92m   Compiling[0m ascii v1.1.0
2026-10-07T20:54:49.2608786Z [1m[92m   Compiling[0m tiny_http v0.12.0
2026-10-07T20:54:50.9574719Z [1m[92m   Compiling[0m tower v0.5.2
2026-10-07T20:54:51.2585616Z [1m[92m   Compiling[0m cloud_api_types v0.1.0 (/home/runner/work/koda/koda/crates/cloud_api_types)
2026-10-07T20:54:51.4336287Z [1m[92m   Compiling[0m gpui_tokio v0.1.0 (/home/runner/work/koda/koda/crates/gpui_tokio)
2026-10-07T20:54:51.9523820Z [1m[92m   Compiling[0m password-hash v0.4.2
2026-10-07T20:54:52.4224694Z [1m[92m   Compiling[0m bzip2 v0.4.4
2026-10-07T20:54:52.6064705Z [1m[92m   Compiling[0m pbkdf2 v0.11.0
2026-10-07T20:54:52.7805036Z [1m[92m   Compiling[0m icons v0.1.0 (/home/runner/work/koda/koda/crates/icons)
2026-10-07T20:54:53.1054950Z [1m[92m   Compiling[0m lsp v0.1.0 (/home/runner/work/koda/koda/crates/lsp)
2026-10-07T20:54:53.2084616Z [1m[92m   Compiling[0m nom v8.0.0
2026-10-07T20:54:53.7514694Z [1m[92m   Compiling[0m constant_time_eq v0.1.5
2026-10-07T20:54:53.8244706Z [1m[92m   Compiling[0m zip v0.6.6
2026-10-07T20:54:54.5809113Z [1m[92m   Compiling[0m fs2 v0.4.3
2026-10-07T20:54:55.0054622Z [1m[92m   Compiling[0m hyper-rustls v0.27.9
2026-10-07T20:54:55.2654935Z [1m[92m   Compiling[0m new_debug_unreachable v1.0.6
2026-10-07T20:54:55.3185178Z [1m[92m   Compiling[0m feature_flags_macros v0.1.0 (/home/runner/work/koda/koda/crates/feature_flags_macros)
2026-10-07T20:54:56.1034587Z [1m[92m   Compiling[0m yawc v0.4.2
2026-10-07T20:54:57.5804502Z [1m[92m   Compiling[0m cloud_api_client v0.1.0 (/home/runner/work/koda/koda/crates/cloud_api_client)
2026-10-07T20:54:57.9210416Z [1m[92m   Compiling[0m precomputed-hash v0.1.1
2026-10-07T20:54:57.9775159Z [1m[92m   Compiling[0m proxy_handshake v0.1.0 (/home/runner/work/koda/koda/crates/proxy_handshake)
2026-10-07T20:54:58.2625026Z [1m[92m   Compiling[0m worktree v0.1.0 (/home/runner/work/koda/koda/crates/worktree)
2026-10-07T20:54:58.4015412Z [1m[92m   Compiling[0m zed_credentials_provider v0.1.0 (/home/runner/work/koda/koda/crates/zed_credentials_provider)
2026-10-07T20:54:58.8464980Z [1m[92m   Compiling[0m itertools v0.15.0
2026-10-07T20:54:59.1695098Z [1m[92m   Compiling[0m feature_flags v0.1.0 (/home/runner/work/koda/koda/crates/feature_flags)
2026-10-07T20:54:59.8004703Z [1m[92m   Compiling[0m arraydeque v0.5.1
2026-10-07T20:54:59.9614523Z [1m[92m   Compiling[0m dtoa v1.0.10
2026-10-07T20:55:00.0771052Z [1m[92m   Compiling[0m ucd-trie v0.1.7
2026-10-07T20:55:00.2785000Z [1m[92m   Compiling[0m dtoa-short v0.3.5
2026-10-07T20:55:00.3495330Z [1m[92m   Compiling[0m node_runtime v0.1.0 (/home/runner/work/koda/koda/crates/node_runtime)
2026-10-07T20:55:00.3814612Z [1m[92m   Compiling[0m optfield v0.4.0
2026-10-07T20:55:00.9406508Z [1m[92m   Compiling[0m client v0.1.0 (/home/runner/work/koda/koda/crates/client)
2026-10-07T20:55:01.5624621Z [1m[92m   Compiling[0m mime_guess v2.0.5
2026-10-07T20:55:01.7974706Z [1m[92m   Compiling[0m minimal-lexical v0.2.1
2026-10-07T20:55:01.8550542Z [1m[92m   Compiling[0m documented-macros v0.10.0
2026-10-07T20:55:02.0534571Z [1m[92m   Compiling[0m nom v7.1.3
2026-10-07T20:55:02.8674726Z [1m[92m   Compiling[0m string_cache_codegen v0.6.1
2026-10-07T20:55:03.2994760Z [1m[92m   Compiling[0m home v0.5.11
2026-10-07T20:55:03.3934207Z [1m[92m   Compiling[0m web_atoms v0.2.6
2026-10-07T20:55:03.7106376Z [1m[92m   Compiling[0m documented v0.10.0
2026-10-07T20:55:03.7922343Z [1m[92m   Compiling[0m tokio-socks v0.5.2
2026-10-07T20:55:04.0123299Z [1m[92m   Compiling[0m ui v0.1.0 (/home/runner/work/koda/koda/crates/ui)
2026-10-07T20:55:04.0812840Z [1m[92m   Compiling[0m tar v0.4.46
2026-10-07T20:55:04.1426199Z [1m[92m   Compiling[0m zed-reqwest v0.12.15-zed (https://github.com/zed-industries/reqwest.git?rev=33bc764aa15ff7b200bf7c93bd96e24878d53e14#33bc764a)
2026-10-07T20:55:04.5314782Z [1m[92m   Compiling[0m string_cache v0.9.0
2026-10-07T20:55:04.7204391Z [1m[92m   Compiling[0m dap-types v0.0.1 (https://github.com/zed-industries/dap-types?rev=1b461b310481d01e02b2603c16d7144b926339f8#1b461b31)
2026-10-07T20:55:04.9497801Z [1m[92m   Compiling[0m num-format v0.4.4
2026-10-07T20:55:05.3230379Z [1m[92m   Compiling[0m ui_macros v0.1.0 (/home/runner/work/koda/koda/crates/ui_macros)
2026-10-07T20:55:05.5414782Z [1m[92m   Compiling[0m ordered-float v5.5.0
2026-10-07T20:55:06.1394722Z [1m[92m   Compiling[0m unicode-general-category v1.1.0
2026-10-07T20:55:07.5485077Z [1m[92m   Compiling[0m tendril v0.5.1
2026-10-07T20:55:07.8884590Z [1m[92m   Compiling[0m selectors v0.37.0
2026-10-07T20:55:08.1725113Z [1m[92m   Compiling[0m component v0.1.0 (/home/runner/work/koda/koda/crates/component)
2026-10-07T20:55:08.3026462Z [1m[92m   Compiling[0m android_tools v0.1.0 (/home/runner/work/koda/koda/crates/android_tools)
2026-10-07T20:55:08.4815019Z [1m[92m   Compiling[0m theme_settings v0.1.0 (/home/runner/work/koda/koda/crates/theme_settings)
2026-10-07T20:55:08.7064764Z [1m[92m   Compiling[0m cssparser-macros v0.6.1
2026-10-07T20:55:09.1040063Z [1m[92m   Compiling[0m icu_locale_fallback_data v2.3.0
2026-10-07T20:55:09.2554450Z [1m[92m   Compiling[0m cssparser v0.36.0
2026-10-07T20:55:09.3676117Z [1m[92m   Compiling[0m dap v0.1.0 (/home/runner/work/koda/koda/crates/dap)
2026-10-07T20:55:09.9594958Z [1m[92m   Compiling[0m markup5ever v0.39.0
2026-10-07T20:55:10.2924352Z [1m[92m   Compiling[0m htmlize v1.1.0
2026-10-07T20:55:10.6695104Z [1m[92m   Compiling[0m menu v0.1.0 (/home/runner/work/koda/koda/crates/menu)
2026-10-07T20:55:10.9714485Z [1m[92m   Compiling[0m servo_arc v0.4.3
2026-10-07T20:55:11.0934538Z [1m[92m   Compiling[0m icu_collator_data v2.3.0
2026-10-07T20:55:11.2194716Z [1m[92m   Compiling[0m lalrpop-util v0.23.1
2026-10-07T20:55:11.6074700Z [1m[92m   Compiling[0m pastey v0.1.1
2026-10-07T20:55:11.9914732Z [1m[92m   Compiling[0m pulldown-cmark v0.13.4
2026-10-07T20:55:12.0924892Z [1m[92m   Compiling[0m vcpkg v0.2.15
2026-10-07T20:55:12.2216102Z [1m[92m   Compiling[0m lol_html v3.0.1
2026-10-07T20:55:12.7171931Z [1m[92m   Compiling[0m icu_locale_fallback v2.3.0
2026-10-07T20:55:13.0705767Z [1m[92m   Compiling[0m html5ever v0.39.0
2026-10-07T20:55:13.8725765Z [1m[92m   Compiling[0m json5 v1.3.1
2026-10-07T20:55:13.8844495Z [1m[92m   Compiling[0m granit-parser v1.0.0
2026-10-07T20:55:14.3809056Z [1m[92m   Compiling[0m dugong-graphlib v0.8.0-alpha.5
2026-10-07T20:55:14.6372226Z [1m[92m   Compiling[0m ryu-js v1.0.2
2026-10-07T20:55:14.8475192Z [1m[92m   Compiling[0m merman-core v0.8.0-alpha.5
2026-10-07T20:55:15.2555334Z [1m[92m   Compiling[0m dugong v0.8.0-alpha.5
2026-10-07T20:55:18.9134602Z [1m[92m   Compiling[0m icu_collator v2.3.0
2026-10-07T20:55:21.9355551Z [1m[92m   Compiling[0m oauth_callback_server v0.1.0 (/home/runner/work/koda/koda/crates/oauth_callback_server)
2026-10-07T20:55:22.2454693Z [1m[92m   Compiling[0m roughr-merman v0.12.3
2026-10-07T20:55:22.7364873Z [1m[92m   Compiling[0m manatee v0.8.0-alpha.5
2026-10-07T20:55:23.6994643Z [1m[92m   Compiling[0m quick-xml v0.41.0
2026-10-07T20:55:24.7215149Z [1m[92m   Compiling[0m indoc v2.0.6
2026-10-07T20:55:24.8544831Z [1m[92m   Compiling[0m extension v0.1.0 (/home/runner/work/koda/koda/crates/extension)
2026-10-07T20:55:25.0214609Z [1m[92m   Compiling[0m sysinfo v0.39.6
2026-10-07T20:55:26.4334615Z [1m[92m   Compiling[0m signal-hook v0.4.4
2026-10-07T20:55:26.5704770Z [1m[92m   Compiling[0m xml5ever v0.39.0
2026-10-07T20:55:26.5884437Z [1m[92m   Compiling[0m cursor-icon v1.2.0
2026-10-07T20:55:26.6644887Z [1m[92m   Compiling[0m vte v0.15.0
2026-10-07T20:55:27.0856321Z [1m[92m   Compiling[0m markup5ever_rcdom v0.39.0+unofficial
2026-10-07T20:55:27.4088121Z [1m[92m   Compiling[0m snippet v0.1.0 (/home/runner/work/koda/koda/crates/snippet)
2026-10-07T20:55:27.5284676Z [1m[92m   Compiling[0m rustix-openpty v0.2.0
2026-10-07T20:55:27.6495728Z [1m[92m   Compiling[0m alacritty_terminal v0.26.1-dev (https://github.com/zed-industries/alacritty?rev=4c129667ce56611becdc82de6e28218c80e2e88f#4c129667)
2026-10-07T20:55:27.6835553Z [1m[92m   Compiling[0m buffer_diff v0.1.0 (/home/runner/work/koda/koda/crates/buffer_diff)
2026-10-07T20:55:29.1715287Z [1m[92m   Compiling[0m merman-render v0.8.0-alpha.5
2026-10-07T20:55:29.4963704Z [1m[92m   Compiling[0m fancy-regex v0.19.0
2026-10-07T20:55:31.0385017Z [1m[92m   Compiling[0m snippet_provider v0.1.0 (/home/runner/work/koda/koda/crates/snippet_provider)
2026-10-07T20:55:32.0674661Z [1m[92m   Compiling[0m pori v0.0.0
2026-10-07T20:55:32.1778320Z [1m[92m   Compiling[0m env_var v0.1.0 (/home/runner/work/koda/koda/crates/env_var)
2026-10-07T20:55:32.2724408Z [1m[92m   Compiling[0m linkify v0.10.0
2026-10-07T20:55:32.4494400Z [1m[92m   Compiling[0m wax v0.7.0
2026-10-07T20:55:39.0617679Z [1m[92m   Compiling[0m terminal v0.1.0 (/home/runner/work/koda/koda/crates/terminal)
2026-10-07T20:55:41.0615105Z [1m[92m   Compiling[0m context_server v0.1.0 (/home/runner/work/koda/koda/crates/context_server)
2026-10-07T20:55:42.2635516Z [1m[92m   Compiling[0m prettier v0.1.0 (/home/runner/work/koda/koda/crates/prettier)
2026-10-07T20:55:42.9415079Z [1m[92m   Compiling[0m remote v0.1.0 (/home/runner/work/koda/koda/crates/remote)
2026-10-07T20:55:44.9724641Z [1m[92m   Compiling[0m git_hosting_providers v0.1.0 (/home/runner/work/koda/koda/crates/git_hosting_providers)
2026-10-07T20:55:46.6305096Z [1m[92m   Compiling[0m circular-buffer v1.2.0
2026-10-07T20:55:46.7805560Z [1m[92m   Compiling[0m libsqlite3-sys v0.30.1
2026-10-07T20:55:48.0737504Z [1m[92m   Compiling[0m language_model v0.1.0 (/home/runner/work/koda/koda/crates/language_model)
2026-10-07T20:55:49.0600778Z [1m[92m   Compiling[0m merman v0.8.0-alpha.5
2026-10-07T20:55:49.3894975Z [1m[92m   Compiling[0m mermaid_render v0.1.0 (/home/runner/work/koda/koda/crates/mermaid_render)
2026-10-07T20:55:50.2385563Z [1m[92m   Compiling[0m markdown v0.1.0 (/home/runner/work/koda/koda/crates/markdown)
2026-10-07T20:55:54.4049968Z [1m[92m   Compiling[0m unicode_categories v0.1.1
2026-10-07T20:55:54.5534562Z [1m[92m   Compiling[0m sqlformat v0.2.6
2026-10-07T20:55:55.0125119Z [1m[92m   Compiling[0m project v0.1.0 (/home/runner/work/koda/koda/crates/project)
2026-10-07T20:55:59.6525150Z [1m[92m   Compiling[0m sqlez v0.1.0 (/home/runner/work/koda/koda/crates/sqlez)
2026-10-07T20:56:00.5445974Z [1m[92m   Compiling[0m zed_env_vars v0.1.0 (/home/runner/work/koda/koda/crates/zed_env_vars)
2026-10-07T20:56:01.3265483Z [1m[92m   Compiling[0m ui_input v0.1.0 (/home/runner/work/koda/koda/crates/ui_input)
2026-10-07T20:56:01.5225156Z [1m[92m   Compiling[0m sqlez_macros v0.1.0 (/home/runner/work/koda/koda/crates/sqlez_macros)
2026-10-07T20:56:01.7194919Z [1m[92m   Compiling[0m async-recursion v1.1.1
2026-10-07T20:56:01.9605368Z [1m[92m   Compiling[0m db v0.1.0 (/home/runner/work/koda/koda/crates/db)
2026-10-07T20:56:02.2384804Z [1m[92m   Compiling[0m any_vec v0.14.0
2026-10-07T20:56:02.5165192Z [1m[92m   Compiling[0m session v0.1.0 (/home/runner/work/koda/koda/crates/session)
2026-10-07T20:56:02.5642513Z [1m[92m   Compiling[0m crunchy v0.2.4
2026-10-07T20:56:02.7664794Z [1m[92m   Compiling[0m tiny-keccak v2.0.2
2026-10-07T20:56:02.9365756Z [1m[92m   Compiling[0m ahash v0.8.12
2026-10-07T20:56:02.9744615Z [1m[92m   Compiling[0m num-bigint v0.4.8
2026-10-07T20:56:03.1149277Z [1m[92m   Compiling[0m toml_edit v0.23.7
2026-10-07T20:56:03.1594939Z [1m[92m   Compiling[0m const-random-macro v0.1.16
2026-10-07T20:56:03.4107521Z [1m[92m   Compiling[0m const-random v0.1.18
2026-10-07T20:56:03.6891953Z [1m[92m   Compiling[0m file_icons v0.1.0 (/home/runner/work/koda/koda/crates/file_icons)
2026-10-07T20:56:04.1267153Z [1m[92m   Compiling[0m proc-macro-crate v3.4.0
2026-10-07T20:56:04.3325122Z [1m[92m   Compiling[0m edit_prediction_types v0.1.0 (/home/runner/work/koda/koda/crates/edit_prediction_types)
2026-10-07T20:56:04.5315225Z [1m[92m   Compiling[0m multi_buffer v0.1.0 (/home/runner/work/koda/koda/crates/multi_buffer)
2026-10-07T20:56:04.9324610Z [1m[92m   Compiling[0m unindent v0.2.4
2026-10-07T20:56:05.2788525Z [1m[92m   Compiling[0m assets v0.1.0 (/home/runner/work/koda/koda/crates/assets)
2026-10-07T20:56:05.3531495Z [1m[92m   Compiling[0m libloading v0.8.9
2026-10-07T20:56:05.5215062Z [1m[92m   Compiling[0m tree-sitter-html v0.23.2
2026-10-07T20:56:05.5544582Z [1m[92m   Compiling[0m fearless_simd v0.4.1
2026-10-07T20:56:06.4603576Z [1m[92m   Compiling[0m vim_mode_setting v0.1.0 (/home/runner/work/koda/koda/crates/vim_mode_setting)
2026-10-07T20:56:07.0224770Z [1m[92m   Compiling[0m emojis v0.9.0
2026-10-07T20:56:08.0524650Z [1m[92m   Compiling[0m hashbrown v0.14.5
2026-10-07T20:56:08.6571801Z [1m[92m   Compiling[0m num-rational v0.4.2
2026-10-07T20:56:09.2812399Z [1m[92m   Compiling[0m winnow v1.0.2
2026-10-07T20:56:09.3200702Z [1m[92m   Compiling[0m betlang v0.1.1
2026-10-07T20:56:10.0002879Z [1m[92m   Compiling[0m language_detection v0.1.0 (/home/runner/work/koda/koda/crates/language_detection)
2026-10-07T20:56:10.1094838Z [1m[92m   Compiling[0m enumflags2_derive v0.7.12
2026-10-07T20:56:10.4824960Z [1m[92m   Compiling[0m zvariant_utils v3.3.1
2026-10-07T20:56:10.6895311Z [1m[92m   Compiling[0m enumflags2 v0.7.12
2026-10-07T20:56:10.8439772Z [1m[92m   Compiling[0m dlib v0.5.3
2026-10-07T20:56:11.0094763Z [1m[92m   Compiling[0m zvariant_derive v5.11.0
2026-10-07T20:56:11.3634607Z [1m[92m   Compiling[0m serde_bytes v0.11.19
2026-10-07T20:56:11.5854777Z [1m[92m   Compiling[0m endi v1.1.0
2026-10-07T20:56:11.9364757Z [1m[92m   Compiling[0m wayland-sys v0.31.11
2026-10-07T20:56:13.1914749Z [1m[92m   Compiling[0m camino v1.2.6
2026-10-07T20:56:13.5255120Z [1m[92m   Compiling[0m zvariant v5.11.0
2026-10-07T20:56:16.2964461Z [1m[92m   Compiling[0m zbus_names v4.3.2
2026-10-07T20:56:17.9031504Z [1m[92m   Compiling[0m scoped-tls v1.0.1
2026-10-07T20:56:17.9732955Z [1m[92m   Compiling[0m quick-xml v0.39.3
2026-10-07T20:56:19.5498869Z [1m[92m   Compiling[0m naga v29.0.4
2026-10-07T20:56:19.7704768Z [1m[92m   Compiling[0m md-5 v0.10.6
2026-10-07T20:56:19.8694769Z [1m[92m   Compiling[0m wayland-backend v0.3.15
2026-10-07T20:56:20.2944680Z [1m[92m   Compiling[0m sys-locale v0.3.2
2026-10-07T20:56:20.4332018Z [1m[92m   Compiling[0m ash v0.38.0+1.3.281
2026-10-07T20:56:20.5434596Z [1m[92m   Compiling[0m bit-vec v0.9.1
2026-10-07T20:56:20.7562394Z [1m[92m   Compiling[0m bit-set v0.9.1
2026-10-07T20:56:20.9004996Z [1m[92m   Compiling[0m zbus_macros v5.13.2
2026-10-07T20:56:21.2154870Z [1m[92m   Compiling[0m codespan-reporting v0.13.0
2026-10-07T20:56:21.6564708Z [1m[92m   Compiling[0m serde_repr v0.1.20
2026-10-07T20:56:22.1076985Z [1m[92m   Compiling[0m async-broadcast v0.7.2
2026-10-07T20:56:22.2955545Z [1m[92m   Compiling[0m spirv v0.4.0+sdk-1.4.341.0
2026-10-07T20:56:23.3911682Z [1m[92m   Compiling[0m ordered-stream v0.2.0
2026-10-07T20:56:23.6604661Z [1m[92m   Compiling[0m quick-xml v0.37.5
2026-10-07T20:56:24.4325217Z [1m[92m   Compiling[0m rustc-hash v1.1.0
2026-10-07T20:56:24.4444619Z [1m[92m   Compiling[0m downcast-rs v1.2.1
2026-10-07T20:56:24.4902164Z [1m[92m   Compiling[0m agent_settings v0.1.0 (/home/runner/work/koda/koda/crates/agent_settings)
2026-10-07T20:56:24.5054620Z [1m[92m   Compiling[0m khronos-egl v6.0.0
2026-10-07T20:56:24.6004940Z [1m[92m   Compiling[0m hexf-parse v0.2.1
2026-10-07T20:56:24.7215221Z [1m[92m   Compiling[0m wayland-client v0.31.11
2026-10-07T20:56:25.9125023Z [1m[92m   Compiling[0m workspace v0.1.0 (/home/runner/work/koda/koda/crates/workspace)
2026-10-07T20:56:37.8299471Z [1m[92m   Compiling[0m breadcrumbs v0.1.0 (/home/runner/work/koda/koda/crates/breadcrumbs)
2026-10-07T20:56:38.4755307Z [1m[92m   Compiling[0m editor v0.1.0 (/home/runner/work/koda/koda/crates/editor)
2026-10-07T20:56:46.5402502Z [1m[92m   Compiling[0m wayland-scanner v0.31.7
2026-10-07T20:56:47.5734440Z [1m[92m   Compiling[0m zbus v5.13.2
2026-10-07T20:56:56.8505479Z [1m[92m   Compiling[0m hkdf v0.12.4
2026-10-07T20:56:56.9494277Z [1m[92m   Compiling[0m wgpu-types v29.0.4
2026-10-07T20:56:59.0760076Z [1m[92m   Compiling[0m wgpu-hal v29.0.4
2026-10-07T20:56:59.3035972Z [1m[92m   Compiling[0m gpu-descriptor-types v0.2.0
2026-10-07T20:56:59.3675347Z [1m[92m   Compiling[0m presser v0.3.1
2026-10-07T20:56:59.4705021Z [1m[92m   Compiling[0m gpu-allocator v0.28.0
2026-10-07T20:56:59.4854413Z [1m[92m   Compiling[0m gpu-descriptor v0.3.2
2026-10-07T20:56:59.7234650Z [1m[92m   Compiling[0m wgpu-naga-bridge v29.0.4
2026-10-07T20:57:00.3710967Z [1m[92m   Compiling[0m zbus_xml v5.1.1
2026-10-07T20:57:01.1784962Z [1m[92m   Compiling[0m pathfinder_simd v0.5.6
2026-10-07T20:57:01.3125579Z [1m[92m   Compiling[0m font-types v0.10.0
2026-10-07T20:57:01.6041412Z [1m[92m   Compiling[0m font-types v0.11.0
2026-10-07T20:57:01.6724901Z [1m[92m   Compiling[0m yeslogic-fontconfig-sys v6.0.0
2026-10-07T20:57:01.7994820Z [1m[92m   Compiling[0m freetype-sys v0.20.1
2026-10-07T20:57:01.9625782Z [1m[92m   Compiling[0m glow v0.17.0
2026-10-07T20:57:01.9892786Z [1m[92m   Compiling[0m renderdoc-sys v1.1.0
2026-10-07T20:57:02.1315788Z [1m[92m   Compiling[0m read-fonts v0.37.0
2026-10-07T20:57:09.4054497Z [1m[92m   Compiling[0m read-fonts v0.35.0
2026-10-07T20:57:09.9353974Z [1m[92m   Compiling[0m zbus-lockstep v0.5.2
2026-10-07T20:57:10.9004764Z [1m[92m   Compiling[0m wgpu-core v29.0.4
2026-10-07T20:57:11.1874554Z [1m[92m   Compiling[0m num-complex v0.4.6
2026-10-07T20:57:11.6484639Z [1m[92m   Compiling[0m litrs v1.0.0
2026-10-07T20:57:12.1474709Z [1m[92m   Compiling[0m document-features v0.2.12
2026-10-07T20:57:12.5524583Z [1m[92m   Compiling[0m num v0.4.3
2026-10-07T20:57:12.8074900Z [1m[92m   Compiling[0m zbus-lockstep-macros v0.5.2
2026-10-07T20:57:13.6366515Z [1m[92m   Compiling[0m wgpu-core-deps-windows-linux-android v29.0.4
2026-10-07T20:57:13.6877905Z [1m[92m   Compiling[0m pathdiff v0.2.3
2026-10-07T20:57:13.7544534Z [1m[92m   Compiling[0m wgpu v29.0.4
2026-10-07T20:57:14.2004758Z [1m[92m   Compiling[0m zed-font-kit v0.14.1-zed (https://github.com/zed-industries/font-kit?rev=94b0f28166665e8fd2f53ff6d268a14955c82269#94b0f281)
2026-10-07T20:57:14.3184633Z [1m[92m   Compiling[0m zeno v0.3.3
2026-10-07T20:57:14.8634417Z [1m[92m   Compiling[0m skrifa v0.37.0
2026-10-07T20:57:15.5734721Z [1m[92m   Compiling[0m yazi v0.2.1
2026-10-07T20:57:17.2277208Z [1m[92m   Compiling[0m swash v0.2.6
2026-10-07T20:57:18.5324561Z [1m[92m   Compiling[0m pathfinder_geometry v0.5.1
2026-10-07T20:57:18.7560959Z [1m[92m   Compiling[0m atspi-common v0.13.0
2026-10-07T20:57:21.2794769Z [1m[92m   Compiling[0m skrifa v0.40.0
2026-10-07T20:57:24.1665166Z [1m[92m   Compiling[0m harfrust v0.5.0
2026-10-07T20:57:25.1215362Z [1m[92m   Compiling[0m wayland-protocols v0.32.9
2026-10-07T20:57:25.3984677Z [1m[92m   Compiling[0m linebender_resource_handle v0.1.1
2026-10-07T20:57:25.4788127Z [1m[92m   Compiling[0m float-ord v0.3.2
2026-10-07T20:57:25.5545366Z [1m[92m   Compiling[0m self_cell v1.2.2
2026-10-07T20:57:25.6274527Z [1m[92m   Compiling[0m rangemap v1.7.1
2026-10-07T20:57:26.6624748Z [1m[92m   Compiling[0m xcursor v0.3.10
2026-10-07T20:57:26.9514591Z [1m[92m   Compiling[0m cosmic-text v0.19.0
2026-10-07T20:57:28.1248177Z [1m[92m   Compiling[0m as-raw-xcb-connection v1.0.1
2026-10-07T20:57:28.1881005Z [1m[92m   Compiling[0m num-bigint-dig v0.9.1
2026-10-07T20:57:28.2985638Z [1m[92m   Compiling[0m xim-parser v0.2.1 (https://github.com/zed-industries/xim-rs.git?rev=16f35a2c881b815a2b6cdfd6687988e84f8447d8#16f35a2c)
2026-10-07T20:57:28.4504777Z [1m[92m   Compiling[0m atspi-proxies v0.13.0
2026-10-07T20:57:29.1914685Z [1m[92m   Compiling[0m accesskit_consumer v0.38.0
2026-10-07T20:57:29.3624660Z [1m[92m   Compiling[0m gethostname v1.1.0
2026-10-07T20:57:29.4535014Z [1m[92m   Compiling[0m is-docker v0.2.0
2026-10-07T20:57:29.5864783Z [1m[92m   Compiling[0m x11rb-protocol v0.13.2
2026-10-07T20:57:29.9684857Z [1m[92m   Compiling[0m ashpd v0.13.5
2026-10-07T20:57:30.1265044Z [1m[92m   Compiling[0m atspi v0.29.0
2026-10-07T20:57:30.1925284Z [1m[92m   Compiling[0m accesskit_atspi_common v0.19.1
2026-10-07T20:57:31.2074861Z [1m[92m   Compiling[0m is-wsl v0.4.0
2026-10-07T20:57:31.3296649Z [1m[92m   Compiling[0m gpui_wgpu v0.1.0 (/home/runner/work/koda/koda/crates/gpui_wgpu)
2026-10-07T20:57:33.1635381Z [1m[92m   Compiling[0m pbkdf2 v0.12.2
2026-10-07T20:57:33.2175065Z [1m[92m   Compiling[0m cbc v0.1.2
2026-10-07T20:57:33.2401787Z [1m[92m   Compiling[0m xim-ctext v0.3.0 (https://github.com/zed-industries/xim-rs.git?rev=16f35a2c881b815a2b6cdfd6687988e84f8447d8#16f35a2c)
2026-10-07T20:57:33.3206583Z [1m[92m   Compiling[0m calloop v0.14.3 (https://github.com/zed-industries/calloop#eb6b4fd1)
2026-10-07T20:57:33.4104488Z [1m[92m   Compiling[0m xkeysym v0.2.1
2026-10-07T20:57:33.8494550Z [1m[92m   Compiling[0m oo7 v0.6.0
2026-10-07T20:57:34.0315030Z [1m[92m   Compiling[0m calloop-wayland-source v0.4.1
2026-10-07T20:57:34.1224658Z [1m[92m   Compiling[0m xkbcommon v0.8.0
2026-10-07T20:57:34.2594912Z [1m[92m   Compiling[0m open v5.3.2
2026-10-07T20:57:34.4001942Z [1m[92m   Compiling[0m accesskit_unix v0.22.1
2026-10-07T20:57:34.4275018Z [1m[92m   Compiling[0m wayland-protocols-wlr v0.3.9
2026-10-07T20:57:35.8544807Z [1m[92m   Compiling[0m wayland-protocols-plasma v0.3.9
2026-10-07T20:57:36.5314837Z [1m[92m   Compiling[0m wayland-cursor v0.31.11
2026-10-07T20:57:36.7684636Z [1m[92m   Compiling[0m notify-rust v4.18.0
2026-10-07T20:57:38.1364803Z [1m[92m   Compiling[0m filedescriptor v0.8.3
2026-10-07T20:57:38.3106543Z [1m[92m   Compiling[0m env_filter v0.1.4
2026-10-07T20:57:38.5694654Z [1m[92m   Compiling[0m jiff v0.2.15
2026-10-07T20:57:39.0915014Z [1m[92m   Compiling[0m picker v0.1.0 (/home/runner/work/koda/koda/crates/picker)
2026-10-07T20:57:39.8474690Z [1m[92m   Compiling[0m x11rb v0.13.2
2026-10-07T20:57:40.6275243Z [1m[92m   Compiling[0m reqwest_client v0.1.0 (/home/runner/work/koda/koda/crates/reqwest_client)
2026-10-07T20:57:41.1000381Z [1m[92m   Compiling[0m glob v0.3.3
2026-10-07T20:57:41.4624709Z [1m[92m   Compiling[0m http v0.2.12
2026-10-07T20:57:41.8025541Z [1m[92m   Compiling[0m zed-xim v0.4.0-zed (https://github.com/zed-industries/xim-rs.git?rev=16f35a2c881b815a2b6cdfd6687988e84f8447d8#16f35a2c)
2026-10-07T20:57:42.0414947Z [1m[92m   Compiling[0m env_logger v0.11.8
2026-10-07T20:57:42.3665075Z [1m[92m   Compiling[0m gpui_linux v0.1.0 (/home/runner/work/koda/koda/crates/gpui_linux)
2026-10-07T20:57:42.4044601Z [1m[92m   Compiling[0m http-body v0.4.6
2026-10-07T20:57:42.6094597Z [1m[92m   Compiling[0m outref v0.5.2
2026-10-07T20:57:42.6730822Z [1m[92m   Compiling[0m vsimd v0.8.0
2026-10-07T20:57:43.0685500Z [1m[92m   Compiling[0m command_palette_hooks v0.1.0 (/home/runner/work/koda/koda/crates/command_palette_hooks)
2026-10-07T20:57:43.2804757Z [1m[92m   Compiling[0m base64-simd v0.8.0
2026-10-07T20:57:43.6714649Z [1m[92m   Compiling[0m bytes-utils v0.1.4
2026-10-07T20:57:43.7632322Z [1m[92m   Compiling[0m pet-fs v0.1.0 (https://github.com/zed-industries/python-environment-tools.git?rev=5aad7164bfc2a58977b103c8ef8fdd7302ed2e9f#5aad7164)
2026-10-07T20:57:43.8561786Z [1m[92m   Compiling[0m aws-smithy-types v1.4.7
2026-10-07T20:57:43.9050647Z [1m[92m   Compiling[0m aws-smithy-async v1.2.14
2026-10-07T20:57:44.0114785Z [1m[92m   Compiling[0m is-terminal v0.4.16
2026-10-07T20:57:44.0764761Z [1m[92m   Compiling[0m ident_case v1.0.1
2026-10-07T20:57:44.1374783Z [1m[92m   Compiling[0m humantime v2.3.0
2026-10-07T20:57:44.1685853Z [1m[92m   Compiling[0m pet-core v0.1.0 (https://github.com/zed-industries/python-environment-tools.git?rev=5aad7164bfc2a58977b103c8ef8fdd7302ed2e9f#5aad7164)
2026-10-07T20:57:44.3934751Z [1m[92m   Compiling[0m env_logger v0.10.2
2026-10-07T20:57:44.8414939Z [1m[92m   Compiling[0m aws-smithy-runtime-api v1.11.4
2026-10-07T20:57:45.0658449Z [1m[92m   Compiling[0m crossbeam-channel v0.5.15
2026-10-07T20:57:45.5224806Z [1m[92m   Compiling[0m der v0.6.1
2026-10-07T20:57:46.1799959Z [1m[92m   Compiling[0m gpui_platform v0.1.0 (/home/runner/work/koda/koda/crates/gpui_platform)
2026-10-07T20:57:46.3985222Z [1m[92m   Compiling[0m io-lifetimes v3.0.1
2026-10-07T20:57:46.4921079Z [1m[92m   Compiling[0m io-lifetimes v2.0.4
2026-10-07T20:57:46.5518556Z [1m[92m   Compiling[0m spki v0.6.0
2026-10-07T20:57:46.6535775Z [1m[92m   Compiling[0m pet-python-utils v0.1.0 (https://github.com/zed-industries/python-environment-tools.git?rev=5aad7164bfc2a58977b103c8ef8fdd7302ed2e9f#5aad7164)
2026-10-07T20:57:46.7334749Z [1m[92m   Compiling[0m io-extras v0.19.0
2026-10-07T20:57:47.0844721Z [1m[92m   Compiling[0m pkcs8 v0.9.0
2026-10-07T20:57:47.2821443Z [1m[92m   Compiling[0m crypto-bigint v0.4.9
2026-10-07T20:57:47.2953239Z [1m[92m   Compiling[0m ff v0.12.1
2026-10-07T20:57:47.3837778Z [1m[92m   Compiling[0m base16ct v0.1.1
2026-10-07T20:57:47.5377621Z [1m[92m   Compiling[0m unsafe-libyaml v0.2.11
2026-10-07T20:57:47.8251232Z [1m[92m   Compiling[0m cap-primitives v4.0.3
2026-10-07T20:57:47.9504679Z [1m[92m   Compiling[0m sec1 v0.3.0
2026-10-07T20:57:48.1636627Z [1m[92m   Compiling[0m group v0.12.1
2026-10-07T20:57:48.3085272Z [1m[92m   Compiling[0m fs-set-times v0.20.3
2026-10-07T20:57:48.3530768Z [1m[92m   Compiling[0m aws-smithy-eventstream v0.60.20
2026-10-07T20:57:48.4484773Z [1m[92m   Compiling[0m tokio-stream v0.1.17
2026-10-07T20:57:48.5706516Z [1m[92m   Compiling[0m rustix-linux-procfs v0.1.1
2026-10-07T20:57:48.7332125Z [1m[92m   Compiling[0m maybe-owned v0.3.4
2026-10-07T20:57:48.8134771Z [1m[92m   Compiling[0m cap-std v4.0.3
2026-10-07T20:57:48.8575094Z [1m[92m   Compiling[0m ambient-authority v0.0.2
2026-10-07T20:57:48.8984931Z [1m[92m   Compiling[0m aws-smithy-http v0.63.4
2026-10-07T20:57:49.1084894Z [1m[92m   Compiling[0m cfg-expr v0.20.9
2026-10-07T20:57:49.3454795Z [1m[92m   Compiling[0m elliptic-curve v0.12.3
2026-10-07T20:57:49.6059054Z [1m[92m   Compiling[0m rfc6979 v0.3.1
2026-10-07T20:57:49.6581906Z [1m[92m   Compiling[0m hashlink v0.8.4
2026-10-07T20:57:49.6914729Z [1m[92m   Compiling[0m signature v1.6.4
2026-10-07T20:57:49.7186660Z [1m[92m   Compiling[0m cap-fs-ext v4.0.3
2026-10-07T20:57:49.7934883Z [1m[92m   Compiling[0m version-compare v0.2.0
2026-10-07T20:57:49.9234169Z [1m[92m   Compiling[0m cpufeatures v0.3.0
2026-10-07T20:57:49.9401519Z [1m[92m   Compiling[0m portable-atomic v1.11.1
2026-10-07T20:57:49.9825100Z [1m[92m   Compiling[0m chacha20 v0.10.1
2026-10-07T20:57:50.0385065Z [1m[92m   Compiling[0m system-deps v7.0.7
2026-10-07T20:57:50.2289452Z [1m[92m   Compiling[0m yaml-rust2 v0.8.1
2026-10-07T20:57:50.3864829Z [1m[92m   Compiling[0m ecdsa v0.14.8
2026-10-07T20:57:50.8295015Z [1m[92m   Compiling[0m aws-credential-types v1.2.12
2026-10-07T20:57:51.0154738Z [1m[92m   Compiling[0m aws-types v1.3.12
2026-10-07T20:57:51.0374324Z [1m[92m   Compiling[0m moka v0.12.11
2026-10-07T20:57:51.2049265Z [1m[92m   Compiling[0m p256 v0.11.1
2026-10-07T20:57:51.2834831Z [1m[92m   Compiling[0m rand v0.10.2
2026-10-07T20:57:51.7224637Z [1m[92m   Compiling[0m aws-smithy-observability v0.2.5
2026-10-07T20:57:51.8293569Z [1m[92m   Compiling[0m aws-smithy-http-client v1.1.10
2026-10-07T20:57:51.9454910Z [1m[92m   Compiling[0m wasmtime-wasi-io v48.0.1
2026-10-07T20:57:51.9591639Z [1m[92m   Compiling[0m crypto-bigint v0.5.5
2026-10-07T20:57:52.7611436Z [1m[92m   Compiling[0m extension_host v0.1.0 (/home/runner/work/koda/koda/crates/extension_host)
2026-10-07T20:57:52.9415911Z [1m[92m   Compiling[0m tagptr v0.2.0
2026-10-07T20:57:53.1297056Z [1m[92m   Compiling[0m aws-smithy-runtime v1.10.1
2026-10-07T20:57:53.1434328Z [1m[92m   Compiling[0m wasmtime-wasi v48.0.1
2026-10-07T20:57:53.8885126Z [1m[92m   Compiling[0m aws-sigv4 v1.4.0
2026-10-07T20:57:55.2049243Z [1m[92m   Compiling[0m pet-virtualenv v0.1.0 (https://github.com/zed-industries/python-environment-tools.git?rev=5aad7164bfc2a58977b103c8ef8fdd7302ed2e9f#5aad7164)
2026-10-07T20:57:55.3286675Z [1m[92m   Compiling[0m aws-smithy-json v0.62.5
2026-10-07T20:57:55.3414511Z [1m[92m   Compiling[0m open_ai v0.1.0 (/home/runner/work/koda/koda/crates/open_ai)
2026-10-07T20:57:55.6826261Z [1m[92m   Compiling[0m phf_shared v0.11.3
2026-10-07T20:57:55.8355044Z [1m[92m   Compiling[0m aws-runtime v1.7.0
2026-10-07T20:57:57.2234931Z [1m[92m   Compiling[0m scratch v1.0.9 (/home/runner/work/koda/koda/tooling/corgi/patches/scratch)
2026-10-07T20:57:57.5844642Z [1m[92m   Compiling[0m regex-lite v0.1.8
2026-10-07T20:57:57.7424841Z [1m[92m   Compiling[0m pest v2.8.3
2026-10-07T20:57:58.4304740Z [1m[92m   Compiling[0m phf_generator v0.11.3
2026-10-07T20:57:58.6124998Z [1m[92m   Compiling[0m darling_core v0.23.0
2026-10-07T20:57:59.0335139Z [1m[92m   Compiling[0m anthropic v0.1.0 (/home/runner/work/koda/koda/crates/anthropic)
2026-10-07T20:58:00.3438509Z [1m[92m   Compiling[0m link-cplusplus v1.0.12
2026-10-07T20:58:00.8524708Z [1m[92m   Compiling[0m pest_meta v2.8.3
2026-10-07T20:58:01.4504690Z [1m[92m   Compiling[0m darling_macro v0.23.0
2026-10-07T20:58:01.6951505Z [1m[92m   Compiling[0m phf_macros v0.11.3
2026-10-07T20:58:02.1734901Z [1m[92m   Compiling[0m glib-sys v0.21.5
2026-10-07T20:58:02.2605244Z [1m[92m   Compiling[0m tower-http v0.6.11
2026-10-07T20:58:02.3323819Z [1m[92m   Compiling[0m pbjson-build v0.9.0
2026-10-07T20:58:02.6169769Z [1m[92m   Compiling[0m bincode v1.3.3
2026-10-07T20:58:02.6417679Z [1m[92m   Compiling[0m cxxbridge-flags v1.0.187
2026-10-07T20:58:02.6923335Z [1m[92m   Compiling[0m cxx v1.0.187
2026-10-07T20:58:02.8964543Z [1m[92m   Compiling[0m reqwest v0.12.24
2026-10-07T20:58:03.0547464Z [1m[92m   Compiling[0m pbjson-types v0.9.0
2026-10-07T20:58:03.0784870Z [1m[92m   Compiling[0m phf v0.11.3
2026-10-07T20:58:03.2046641Z [1m[92m   Compiling[0m darling v0.23.0
2026-10-07T20:58:03.2644961Z [1m[92m   Compiling[0m pest_generator v2.8.3
2026-10-07T20:58:03.6264697Z [1m[92m   Compiling[0m gobject-sys v0.21.5
2026-10-07T20:58:03.7852948Z [1m[92m   Compiling[0m pet-jsonrpc v0.1.0 (https://github.com/zed-industries/python-environment-tools.git?rev=5aad7164bfc2a58977b103c8ef8fdd7302ed2e9f#5aad7164)
2026-10-07T20:58:04.0555331Z [1m[92m   Compiling[0m picker_preview v0.1.0 (/home/runner/work/koda/koda/crates/picker_preview)
2026-10-07T20:58:05.5388702Z [1m[92m   Compiling[0m cxx-build v1.0.187
2026-10-07T20:58:06.8395709Z [1m[92m   Compiling[0m webrtc-sys-build v0.3.13 (https://github.com/zed-industries/livekit-rust-sdks?rev=0a1c519cfce9b365229026b55de9b9dbdb6fed3c#0a1c519c)
2026-10-07T20:58:07.3828035Z [1m[92m   Compiling[0m pest_derive v2.8.3
2026-10-07T20:58:07.6016250Z [1m[92m   Compiling[0m pet-reporter v0.1.0 (https://github.com/zed-industries/python-environment-tools.git?rev=5aad7164bfc2a58977b103c8ef8fdd7302ed2e9f#5aad7164)
2026-10-07T20:58:08.2544547Z [1m[92m   Compiling[0m doxygen-rs v0.4.2
2026-10-07T20:58:08.8909456Z [1m[92m   Compiling[0m gio-sys v0.21.5
2026-10-07T20:58:09.8304856Z [1m[92m   Compiling[0m symphonia-core v0.5.5
2026-10-07T20:58:10.2532443Z [1m[92m   Compiling[0m pbjson v0.9.0
2026-10-07T20:58:10.3264720Z [1m[92m   Compiling[0m alsa-sys v0.3.1
2026-10-07T20:58:11.3835071Z [1m[92m   Compiling[0m lmdb-master-sys v0.2.5
2026-10-07T20:58:11.5535771Z [1m[92m   Compiling[0m webrtc-sys v0.3.23 (https://github.com/zed-industries/livekit-rust-sdks?rev=0a1c519cfce9b365229026b55de9b9dbdb6fed3c#0a1c519c)
2026-10-07T20:58:12.1454941Z [1m[92m   Compiling[0m copilot_chat v0.1.0 (/home/runner/work/koda/koda/crates/copilot_chat)
2026-10-07T20:58:12.3955604Z [1m[92m   Compiling[0m livekit-runtime v0.4.0 (https://github.com/zed-industries/livekit-rust-sdks?rev=0a1c519cfce9b365229026b55de9b9dbdb6fed3c#0a1c519c)
2026-10-07T20:58:12.4725063Z [1m[92m   Compiling[0m channel v0.1.0 (/home/runner/work/koda/koda/crates/channel)
2026-10-07T20:58:12.9028959Z [1m[92m   Compiling[0m cxxbridge-macro v1.0.187
2026-10-07T20:58:14.5354935Z [1m[92m   Compiling[0m xmlparser v0.13.6
2026-10-07T20:58:14.9055041Z [1m[92m   Compiling[0m aws-smithy-xml v0.60.15
2026-10-07T20:58:15.1645779Z [1m[92m   Compiling[0m livekit-protocol v0.7.1 (https://github.com/zed-industries/livekit-rust-sdks?rev=0a1c519cfce9b365229026b55de9b9dbdb6fed3c#0a1c519c)
2026-10-07T20:58:19.8805149Z [1m[92m   Compiling[0m symphonia-metadata v0.5.5
2026-10-07T20:58:20.6345632Z [1m[92m   Compiling[0m pet-conda v0.1.0 (https://github.com/zed-industries/python-environment-tools.git?rev=5aad7164bfc2a58977b103c8ef8fdd7302ed2e9f#5aad7164)
2026-10-07T20:58:22.0927063Z [1m[92m   Compiling[0m serde_yaml_ng v0.10.0
2026-10-07T20:58:23.5614798Z [1m[92m   Compiling[0m glib-macros v0.21.5
2026-10-07T20:58:24.4504471Z [1m[92m   Compiling[0m extended v0.1.0
2026-10-07T20:58:24.5559623Z [1m[92m   Compiling[0m heed-traits v0.20.0
2026-10-07T20:58:24.6144461Z [1m[92m   Compiling[0m heed v0.21.0
2026-10-07T20:58:24.7445022Z [1m[92m   Compiling[0m cpal v0.17.1
2026-10-07T20:58:24.9184721Z [1m[92m   Compiling[0m heed-types v0.21.0
2026-10-07T20:58:25.0704704Z [1m[92m   Compiling[0m symphonia-format-riff v0.5.5
2026-10-07T20:58:25.3375057Z [1m[92m   Compiling[0m alsa v0.10.0
2026-10-07T20:58:26.7434359Z [1m[92m   Compiling[0m copilot v0.1.0 (/home/runner/work/koda/koda/crates/copilot)
2026-10-07T20:58:26.8874923Z [1m[92m   Compiling[0m glib v0.21.5
2026-10-07T20:58:29.8294844Z [1m[92m   Compiling[0m symphonia-codec-pcm v0.5.5
2026-10-07T20:58:30.2047171Z [1m[92m   Compiling[0m aws-smithy-query v0.60.15
2026-10-07T20:58:30.3434676Z [1m[92m   Compiling[0m proxyvars v0.2.0
2026-10-07T20:58:30.5130822Z [1m[92m   Compiling[0m synchronoise v1.0.1
2026-10-07T20:58:30.6734211Z [1m[92m   Compiling[0m dasp_sample v0.11.0
2026-10-07T20:58:30.9304746Z [1m[92m   Compiling[0m shell-words v1.1.0
2026-10-07T20:58:32.8935358Z [1m[92m   Compiling[0m aws-sdk-sts v1.98.0
2026-10-07T20:58:35.0134874Z [1m[92m   Compiling[0m symphonia v0.5.5
2026-10-07T20:58:35.1297216Z [1m[92m   Compiling[0m copilot_ui v0.1.0 (/home/runner/work/koda/koda/crates/copilot_ui)
2026-10-07T20:58:35.1491597Z [1m[92m   Compiling[0m agent_skills v0.1.0 (/home/runner/work/koda/koda/crates/agent_skills)
2026-10-07T20:58:35.8715073Z [1m[92m   Compiling[0m notifications v0.1.0 (/home/runner/work/koda/koda/crates/notifications)
2026-10-07T20:58:36.3391608Z [1m[92m   Compiling[0m handlebars v4.5.0
2026-10-07T20:58:36.7754901Z [1m[92m   Compiling[0m aws-sdk-ssooidc v1.96.0
2026-10-07T20:58:37.2684678Z [1m[92m   Compiling[0m aws-sdk-sso v1.94.0
2026-10-07T20:58:38.9435522Z [1m[92m   Compiling[0m ai_onboarding v0.1.0 (/home/runner/work/koda/koda/crates/ai_onboarding)
2026-10-07T20:58:39.5722330Z [1m[92m   Compiling[0m ollama v0.1.0 (/home/runner/work/koda/koda/crates/ollama)
2026-10-07T20:58:39.8245054Z [1m[92m   Compiling[0m rand_distr v0.5.1
2026-10-07T20:58:40.3665455Z [1m[92m   Compiling[0m hound v3.5.1
2026-10-07T20:58:40.6092236Z [1m[92m   Compiling[0m rtrb v0.3.2
2026-10-07T20:58:40.7796067Z [1m[92m   Compiling[0m rodio v0.21.1 (https://github.com/RustAudio/rodio?rev=e50e726ddd0292f6ef9de0dda6b90af4ed1fb66a#e50e726d)
2026-10-07T20:58:40.8126258Z [1m[92m   Compiling[0m aws-config v1.8.14
2026-10-07T20:58:41.8651119Z [1m[92m   Compiling[0m http_proxy v0.1.0 (/home/runner/work/koda/koda/crates/http_proxy)
2026-10-07T20:58:41.9618714Z [1m[92m   Compiling[0m serde_with_macros v3.22.0
2026-10-07T20:58:42.6205394Z [1m[92m   Compiling[0m auto_update v0.1.0 (/home/runner/work/koda/koda/crates/auto_update)
2026-10-07T20:58:42.9294746Z [1m[92m   Compiling[0m simple_asn1 v0.6.3
2026-10-07T20:58:43.4454519Z [1m[92m   Compiling[0m pem v3.0.6
2026-10-07T20:58:43.7394615Z [1m[92m   Compiling[0m jsonwebtoken v10.3.0
2026-10-07T20:58:44.6621305Z [1m[92m   Compiling[0m serde_with v3.22.0
2026-10-07T20:58:44.9265856Z [1m[92m   Compiling[0m prompt_store v0.1.0 (/home/runner/work/koda/koda/crates/prompt_store)
2026-10-07T20:58:45.2417488Z [1m[92m   Compiling[0m json_schema_store v0.1.0 (/home/runner/work/koda/koda/crates/json_schema_store)
2026-10-07T20:58:46.3016499Z [1m[92m   Compiling[0m google_ai v0.1.0 (/home/runner/work/koda/koda/crates/google_ai)
2026-10-07T20:58:46.5904621Z [1m[92m   Compiling[0m seccompiler v0.5.0
2026-10-07T20:58:46.7495363Z [1m[92m   Compiling[0m pet v0.1.0 (https://github.com/zed-industries/python-environment-tools.git?rev=5aad7164bfc2a58977b103c8ef8fdd7302ed2e9f#5aad7164)
2026-10-07T20:58:46.8905576Z [1m[92m   Compiling[0m agent-client-protocol-schema v1.9.1
2026-10-07T20:58:46.9289756Z [1m[92m   Compiling[0m pet-uv v0.1.0 (https://github.com/zed-industries/python-environment-tools.git?rev=5aad7164bfc2a58977b103c8ef8fdd7302ed2e9f#5aad7164)
2026-10-07T20:58:47.5486327Z [1m[92m   Compiling[0m pet-hatch v0.1.0 (https://github.com/zed-industries/python-environment-tools.git?rev=5aad7164bfc2a58977b103c8ef8fdd7302ed2e9f#5aad7164)
2026-10-07T20:58:47.9827109Z [1m[92m   Compiling[0m pet-pyenv v0.1.0 (https://github.com/zed-industries/python-environment-tools.git?rev=5aad7164bfc2a58977b103c8ef8fdd7302ed2e9f#5aad7164)
2026-10-07T20:58:48.1475544Z [1m[92m   Compiling[0m pet-homebrew v0.1.0 (https://github.com/zed-industries/python-environment-tools.git?rev=5aad7164bfc2a58977b103c8ef8fdd7302ed2e9f#5aad7164)
2026-10-07T20:58:48.2958989Z [1m[92m   Compiling[0m pet-pixi v0.1.0 (https://github.com/zed-industries/python-environment-tools.git?rev=5aad7164bfc2a58977b103c8ef8fdd7302ed2e9f#5aad7164)
2026-10-07T20:58:48.4266543Z [1m[92m   Compiling[0m pet-global-virtualenvs v0.1.0 (https://github.com/zed-industries/python-environment-tools.git?rev=5aad7164bfc2a58977b103c8ef8fdd7302ed2e9f#5aad7164)
2026-10-07T20:58:48.5859316Z [1m[92m   Compiling[0m pet-env-var-path v0.1.0 (https://github.com/zed-industries/python-environment-tools.git?rev=5aad7164bfc2a58977b103c8ef8fdd7302ed2e9f#5aad7164)
2026-10-07T20:58:48.6025637Z [1m[92m   Compiling[0m pet-poetry v0.1.0 (https://github.com/zed-industries/python-environment-tools.git?rev=5aad7164bfc2a58977b103c8ef8fdd7302ed2e9f#5aad7164)
2026-10-07T20:58:48.7833571Z [1m[92m   Compiling[0m pet-pipenv v0.1.0 (https://github.com/zed-industries/python-environment-tools.git?rev=5aad7164bfc2a58977b103c8ef8fdd7302ed2e9f#5aad7164)
2026-10-07T20:58:49.1000649Z [1m[92m   Compiling[0m pet-mac-xcode v0.1.0 (https://github.com/zed-industries/python-environment-tools.git?rev=5aad7164bfc2a58977b103c8ef8fdd7302ed2e9f#5aad7164)
2026-10-07T20:58:49.3011253Z [1m[92m   Compiling[0m pet-linux-global-python v0.1.0 (https://github.com/zed-industries/python-environment-tools.git?rev=5aad7164bfc2a58977b103c8ef8fdd7302ed2e9f#5aad7164)
2026-10-07T20:58:49.3546568Z [1m[92m   Compiling[0m pet-virtualenvwrapper v0.1.0 (https://github.com/zed-industries/python-environment-tools.git?rev=5aad7164bfc2a58977b103c8ef8fdd7302ed2e9f#5aad7164)
2026-10-07T20:58:49.5144975Z [1m[92m   Compiling[0m pet-mac-commandlinetools v0.1.0 (https://github.com/zed-industries/python-environment-tools.git?rev=5aad7164bfc2a58977b103c8ef8fdd7302ed2e9f#5aad7164)
2026-10-07T20:58:49.6095604Z [1m[92m   Compiling[0m pet-venv v0.1.0 (https://github.com/zed-industries/python-environment-tools.git?rev=5aad7164bfc2a58977b103c8ef8fdd7302ed2e9f#5aad7164)
2026-10-07T20:58:49.7429484Z [1m[92m   Compiling[0m pet-mac-python-org v0.1.0 (https://github.com/zed-industries/python-environment-tools.git?rev=5aad7164bfc2a58977b103c8ef8fdd7302ed2e9f#5aad7164)
2026-10-07T20:58:49.7575849Z [1m[92m   Compiling[0m pet-telemetry v0.1.0 (https://github.com/zed-industries/python-environment-tools.git?rev=5aad7164bfc2a58977b103c8ef8fdd7302ed2e9f#5aad7164)
2026-10-07T20:58:49.9102340Z [1m[92m   Compiling[0m agent-client-protocol-derive v2.2.0
2026-10-07T20:58:50.3110494Z [1m[92m   Compiling[0m sandbox v0.1.0 (/home/runner/work/koda/koda/crates/sandbox)
2026-10-07T20:58:50.9935437Z [1m[92m   Compiling[0m action_log v0.1.0 (/home/runner/work/koda/koda/crates/action_log)
2026-10-07T20:58:51.9775499Z [1m[92m   Compiling[0m remote_connection v0.1.0 (/home/runner/work/koda/koda/crates/remote_connection)
2026-10-07T20:58:52.6755097Z [1m[92m   Compiling[0m aws-sdk-bedrockruntime v1.125.0
2026-10-07T20:58:53.4864981Z [1m[92m   Compiling[0m livekit_api v0.1.0 (/home/runner/work/koda/koda/crates/livekit_api)
2026-10-07T20:58:53.9235142Z [1m[92m   Compiling[0m x_ai v0.1.0 (/home/runner/work/koda/koda/crates/x_ai)
2026-10-07T20:58:54.1494294Z [1m[92m   Compiling[0m dotenvy v0.15.7
2026-10-07T20:58:54.5465442Z [1m[92m   Compiling[0m languages v0.1.0 (/home/runner/work/koda/koda/crates/languages)
2026-10-07T20:59:01.4834655Z [1m[92m   Compiling[0m darling_core v0.20.11
2026-10-07T20:59:01.9219152Z [1m[92m   Compiling[0m bedrock v0.1.0 (/home/runner/work/koda/koda/crates/bedrock)
2026-10-07T20:59:02.8285145Z [1m[92m   Compiling[0m x_ai_subscribed v0.1.0 (/home/runner/work/koda/koda/crates/x_ai_subscribed)
2026-10-07T20:59:03.9709743Z [1m[92m   Compiling[0m language_models_cloud v0.1.0 (/home/runner/work/koda/koda/crates/language_models_cloud)
2026-10-07T20:59:04.1845384Z [1m[92m   Compiling[0m darling_macro v0.20.11
2026-10-07T20:59:04.4073899Z [1m[92m   Compiling[0m opencode v0.1.0 (/home/runner/work/koda/koda/crates/opencode)
2026-10-07T20:59:04.5905714Z [1m[92m   Compiling[0m open_router v0.1.0 (/home/runner/work/koda/koda/crates/open_router)
2026-10-07T20:59:04.7875125Z [1m[92m   Compiling[0m openai_subscribed v0.1.0 (/home/runner/work/koda/koda/crates/openai_subscribed)
2026-10-07T20:59:06.0615321Z [1m[92m   Compiling[0m aws_http_client v0.1.0 (/home/runner/work/koda/koda/crates/aws_http_client)
2026-10-07T20:59:06.3205278Z [1m[92m   Compiling[0m llama_cpp v0.1.0 (/home/runner/work/koda/koda/crates/llama_cpp)
2026-10-07T20:59:06.4365300Z [1m[92m   Compiling[0m lmstudio v0.1.0 (/home/runner/work/koda/koda/crates/lmstudio)
2026-10-07T20:59:07.3661212Z [1m[92m   Compiling[0m agent-client-protocol v2.2.0
2026-10-07T20:59:07.6005097Z [1m[92m   Compiling[0m mistral v0.1.0 (/home/runner/work/koda/koda/crates/mistral)
2026-10-07T20:59:09.0165071Z [1m[92m   Compiling[0m deepseek v0.1.0 (/home/runner/work/koda/koda/crates/deepseek)
2026-10-07T20:59:10.0877769Z [1m[92m   Compiling[0m crc-catalog v2.4.0
2026-10-07T20:59:10.1624661Z [1m[92m   Compiling[0m crc v3.3.0
2026-10-07T20:59:10.3684801Z [1m[92m   Compiling[0m darling v0.20.11
2026-10-07T20:59:12.0094500Z [1m[92m   Compiling[0m nanoid v0.4.0
2026-10-07T20:59:12.1494990Z [1m[92m   Compiling[0m peg-runtime v0.8.5
2026-10-07T20:59:12.3884671Z [1m[92m   Compiling[0m peg-macros v0.8.5
2026-10-07T20:59:12.5588929Z [1m[92m   Compiling[0m acp_thread v0.1.0 (/home/runner/work/koda/koda/crates/acp_thread)
2026-10-07T20:59:13.6203791Z [1m[92m   Compiling[0m cached_proc_macro v0.25.0
2026-10-07T20:59:14.3925635Z [1m[92m   Compiling[0m language_models v0.1.0 (/home/runner/work/koda/koda/crates/language_models)
2026-10-07T20:59:18.0215003Z [1m[92m   Compiling[0m git_ui_core v0.1.0 (/home/runner/work/koda/koda/crates/git_ui_core)
2026-10-07T20:59:21.3755414Z [1m[92m   Compiling[0m bon-macros v3.8.2
2026-10-07T20:59:22.4184851Z [1m[92m   Compiling[0m tokio-tungstenite v0.28.0
2026-10-07T20:59:23.2226378Z [1m[92m   Compiling[0m livekit v0.7.32 (https://github.com/zed-industries/livekit-rust-sdks?rev=0a1c519cfce9b365229026b55de9b9dbdb6fed3c#0a1c519c)
2026-10-07T20:59:23.3524851Z [1m[92m   Compiling[0m cached_proc_macro_types v0.1.1
2026-10-07T20:59:23.4181626Z [1m[92m   Compiling[0m cached v0.56.0
2026-10-07T20:59:23.7104755Z [1m[92m   Compiling[0m peg v0.8.5
2026-10-07T20:59:23.9184447Z [1m[92m   Compiling[0m livekit-api v0.4.14 (https://github.com/zed-industries/livekit-rust-sdks?rev=0a1c519cfce9b365229026b55de9b9dbdb6fed3c#0a1c519c)
2026-10-07T20:59:24.6275291Z [1m[92m   Compiling[0m open_path_prompt v0.1.0 (/home/runner/work/koda/koda/crates/open_path_prompt)
2026-10-07T20:59:25.3346024Z [1m[92m   Compiling[0m bon v3.8.2
2026-10-07T20:59:25.4085285Z [1m[92m   Compiling[0m terminal_view v0.1.0 (/home/runner/work/koda/koda/crates/terminal_view)
2026-10-07T20:59:26.2984935Z [1m[92m   Compiling[0m bmrng v0.5.2
2026-10-07T20:59:26.4464935Z [1m[92m   Compiling[0m utf8-chars v3.0.6
2026-10-07T20:59:26.4874725Z [1m[92m   Compiling[0m similar v2.7.0
2026-10-07T20:59:26.5784722Z [1m[92m   Compiling[0m indenter v0.3.4
2026-10-07T20:59:26.6545397Z [1m[92m   Compiling[0m brush-parser v0.3.0
2026-10-07T20:59:27.8615834Z [1m[92m   Compiling[0m platform_title_bar v0.1.0 (/home/runner/work/koda/koda/crates/platform_title_bar)
2026-10-07T20:59:29.2455073Z [1m[92m   Compiling[0m html_to_markdown v0.1.0 (/home/runner/work/koda/koda/crates/html_to_markdown)
2026-10-07T20:59:29.5894770Z [1m[92m   Compiling[0m webpki-roots v0.26.8
2026-10-07T20:59:29.6854769Z [1m[92m   Compiling[0m hashlink v0.10.0
2026-10-07T20:59:29.9525436Z [1m[92m   Compiling[0m edit_prediction_metrics v0.1.0 (/home/runner/work/koda/koda/crates/edit_prediction_metrics)
2026-10-07T20:59:30.1916818Z [1m[92m   Compiling[0m search v0.1.0 (/home/runner/work/koda/koda/crates/search)
2026-10-07T20:59:30.9024910Z [1m[92m   Compiling[0m serde_yaml v0.9.34+deprecated
2026-10-07T20:59:31.5284976Z [1m[92m   Compiling[0m web_search v0.1.0 (/home/runner/work/koda/koda/crates/web_search)
2026-10-07T20:59:31.7409359Z [1m[92m   Compiling[0m scroll_derive v0.12.1
2026-10-07T20:59:32.3565019Z [1m[92m   Compiling[0m bigdecimal v0.4.8
2026-10-07T20:59:32.4425332Z [1m[92m   Compiling[0m rust_decimal v1.39.0
2026-10-07T20:59:32.6905241Z [1m[92m   Compiling[0m scroll v0.12.0
2026-10-07T20:59:32.9525195Z [1m[92m   Compiling[0m shell_command_parser v0.1.0 (/home/runner/work/koda/koda/crates/shell_command_parser)
2026-10-07T20:59:34.1567222Z [1m[92m   Compiling[0m agent_servers v0.1.0 (/home/runner/work/koda/koda/crates/agent_servers)
2026-10-07T20:59:35.3895476Z [1m[92m   Compiling[0m edit_prediction_context v0.1.0 (/home/runner/work/koda/koda/crates/edit_prediction_context)
2026-10-07T20:59:36.6722389Z [1m[92m   Compiling[0m language_extension v0.1.0 (/home/runner/work/koda/koda/crates/language_extension)
2026-10-07T20:59:37.8884680Z [1m[92m   Compiling[0m openssl-sys v0.9.117
2026-10-07T20:59:37.9585418Z [1m[92m   Compiling[0m streaming_diff v0.1.0 (/home/runner/work/koda/koda/crates/streaming_diff)
2026-10-07T20:59:38.2674690Z [1m[92m   Compiling[0m atoi v2.0.0
2026-10-07T20:59:39.4955205Z [1m[92m   Compiling[0m debug_adapter_extension v0.1.0 (/home/runner/work/koda/koda/crates/debug_adapter_extension)
2026-10-07T20:59:39.5399382Z [1m[92m   Compiling[0m futures-intrusive v0.5.0
2026-10-07T20:59:40.1245209Z [1m[92m   Compiling[0m unicode-normalization v0.1.25
2026-10-07T20:59:40.4015339Z [1m[92m   Compiling[0m debugid v0.8.0
2026-10-07T20:59:40.5765104Z [1m[92m   Compiling[0m process-reader v0.1.0
2026-10-07T20:59:40.5984891Z [1m[92m   Compiling[0m smart-default v0.7.1
2026-10-07T20:59:40.9104778Z [1m[92m   Compiling[0m num-derive v0.4.2
2026-10-07T20:59:41.0435008Z [1m[92m   Compiling[0m range-map v0.2.0
2026-10-07T20:59:41.2114795Z [1m[92m   Compiling[0m crash-context v0.8.0
2026-10-07T20:59:41.3023960Z [1m[92m   Compiling[0m minidump-writer v0.13.0
2026-10-07T20:59:41.4425145Z [1m[92m   Compiling[0m plain v0.2.3
2026-10-07T20:59:41.5162709Z [1m[92m   Compiling[0m goblin v0.9.3
2026-10-07T20:59:41.8687102Z [1m[92m   Compiling[0m minidump-common v0.26.1
2026-10-07T20:59:44.0647068Z [1m[92m   Compiling[0m process-backend v0.1.0
2026-10-07T20:59:44.3514675Z [1m[92m   Compiling[0m stringprep v0.1.5
2026-10-07T20:59:44.7065166Z [1m[92m   Compiling[0m sqlx-core v0.8.6
2026-10-07T20:59:46.1125567Z [1m[92m   Compiling[0m agent v0.1.0 (/home/runner/work/koda/koda/crates/agent)
2026-10-07T20:59:46.5195033Z [1m[92m   Compiling[0m edit_prediction v0.1.0 (/home/runner/work/koda/koda/crates/edit_prediction)
2026-10-07T20:59:47.8604455Z [1m[92m   Compiling[0m h2 v0.3.27
2026-10-07T20:59:52.2611270Z [1m[92m   Compiling[0m procfs-core v0.18.0
2026-10-07T20:59:55.1745191Z [1m[92m   Compiling[0m error-graph v0.1.1
2026-10-07T20:59:55.2893452Z [1m[92m   Compiling[0m socket2 v0.5.10
2026-10-07T20:59:55.7334827Z [1m[92m   Compiling[0m pciid-parser v0.8.0
2026-10-07T20:59:56.0905021Z [1m[92m   Compiling[0m human_bytes v0.4.3
2026-10-07T20:59:56.1536690Z [1m[92m   Compiling[0m failspot v0.2.0
2026-10-07T20:59:56.2133801Z [1m[92m   Compiling[0m whoami v1.6.1
2026-10-07T20:59:56.4120299Z [1m[92m   Compiling[0m base64 v0.21.7
2026-10-07T20:59:56.6809394Z [1m[92m   Compiling[0m system_specs v0.1.0 (/home/runner/work/koda/koda/crates/system_specs)
2026-10-07T20:59:57.1072060Z [1m[92m   Compiling[0m hyper v0.14.32
2026-10-07T21:00:00.7232660Z [1m[92m   Compiling[0m dev_container v0.1.0 (/home/runner/work/koda/koda/crates/dev_container)
2026-10-07T21:00:03.1039953Z [1m[92m   Compiling[0m flume v0.11.1
2026-10-07T21:00:04.5636156Z [1m[92m   Compiling[0m uds v0.4.2
2026-10-07T21:00:04.8353924Z [1m[92m   Compiling[0m foreign-types-shared v0.1.1
2026-10-07T21:00:04.8925010Z [1m[92m   Compiling[0m openssl v0.10.81
2026-10-07T21:00:04.9764627Z [1m[92m   Compiling[0m foreign-types v0.3.2
2026-10-07T21:00:05.0367083Z [1m[92m   Compiling[0m minidumper v0.11.0
2026-10-07T21:00:07.8337898Z [1m[92m   Compiling[0m sqlx-postgres v0.8.6
2026-10-07T21:00:08.4104542Z [1m[92m   Compiling[0m sqlx-sqlite v0.8.6
2026-10-07T21:00:12.3162255Z [1m[92m   Compiling[0m cargo_toml v0.21.0
2026-10-07T21:00:15.1355019Z [1m[92m   Compiling[0m crash-handler v0.8.0
2026-10-07T21:00:15.3905367Z [1m[92m   Compiling[0m dap_adapters v0.1.0 (/home/runner/work/koda/koda/crates/dap_adapters)
2026-10-07T21:00:15.4934575Z [1m[92m   Compiling[0m headers-core v0.2.0
2026-10-07T21:00:16.0834626Z [1m[92m   Compiling[0m openssl-macros v0.1.1
2026-10-07T21:00:16.3876337Z [1m[92m   Compiling[0m heck v0.4.1
2026-10-07T21:00:16.6111997Z [1m[92m   Compiling[0m proc-macro2-diagnostics v0.10.1
2026-10-07T21:00:16.7259767Z [1m[92m   Compiling[0m windows_resources v0.1.0 (/home/runner/work/koda/koda/crates/windows_resources)
2026-10-07T21:00:16.7794430Z [1m[92m   Compiling[0m borrow-or-share v0.2.4
2026-10-07T21:00:16.8441385Z [1m[92m   Compiling[0m native-tls v0.2.18
2026-10-07T21:00:17.0134833Z [1m[92m   Compiling[0m fluent-uri v0.4.1
2026-10-07T21:00:18.7385778Z [1m[92m   Compiling[0m headers v0.3.9
2026-10-07T21:00:19.5361845Z [1m[92m   Compiling[0m remote_server v0.1.0 (/home/runner/work/koda/koda/crates/remote_server)
2026-10-07T21:00:19.5524262Z [1m[92m   Compiling[0m sqlx-macros-core v0.8.6
2026-10-07T21:00:19.8105469Z [1m[92m   Compiling[0m recent_projects v0.1.0 (/home/runner/work/koda/koda/crates/recent_projects)
2026-10-07T21:00:21.1798018Z [1m[92m   Compiling[0m fraction v0.16.0
2026-10-07T21:00:23.9142490Z [1m[92m   Compiling[0m bytecount v0.6.9
2026-10-07T21:00:24.0779752Z [1m[92m   Compiling[0m micromap v0.3.0
2026-10-07T21:00:24.4188716Z [1m[92m   Compiling[0m num-cmp v0.1.0
2026-10-07T21:00:24.7195929Z [1m[92m   Compiling[0m jsonschema-value v0.51.0
2026-10-07T21:00:25.1404732Z [1m[92m   Compiling[0m referencing v0.51.0
2026-10-07T21:00:30.4182184Z [1m[92m   Compiling[0m sqlx-macros v0.8.6
2026-10-07T21:00:30.8435089Z [1m[92m   Compiling[0m crashes v0.1.0 (/home/runner/work/koda/koda/crates/crashes)
2026-10-07T21:00:31.7960209Z [1m[92m   Compiling[0m eval_utils v0.1.0 (/home/runner/work/koda/koda/crates/eval_utils)
2026-10-07T21:00:32.0367730Z [1m[92m   Compiling[0m uuid-simd v0.8.0
2026-10-07T21:00:32.2091994Z [1m[92m   Compiling[0m axum-core v0.3.4
2026-10-07T21:00:32.6154687Z [1m[92m   Compiling[0m email_address v0.2.9
2026-10-07T21:00:32.8284542Z [1m[92m   Compiling[0m inherent v1.0.13
2026-10-07T21:00:32.9555458Z [1m[92m   Compiling[0m jsonschema-regex v0.51.0
2026-10-07T21:00:33.2915036Z [1m[92m   Compiling[0m ordered-float v4.6.0
2026-10-07T21:00:33.3054137Z [1m[92m   Compiling[0m cargo-platform v0.3.2
2026-10-07T21:00:33.5921962Z [1m[92m   Compiling[0m protobuf v3.7.2
2026-10-07T21:00:33.8273821Z [1m[92m   Compiling[0m sea-query v0.32.7
2026-10-07T21:00:34.5604665Z [1m[92m   Compiling[0m jsonschema v0.51.0
2026-10-07T21:00:36.7462299Z [1m[92m   Compiling[0m sqlx v0.8.6
2026-10-07T21:00:38.3724836Z [1m[92m   Compiling[0m ouroboros_macro v0.18.5
2026-10-07T21:00:39.7134530Z [1m[92m   Compiling[0m tokio-native-tls v0.3.1
2026-10-07T21:00:40.9375136Z [1m[92m   Compiling[0m sea-bae v0.2.2
2026-10-07T21:00:41.2612801Z [1m[92m   Compiling[0m crc-fast v1.9.0
2026-10-07T21:00:44.5596325Z [1m[92m   Compiling[0m command_palette v0.1.0 (/home/runner/work/koda/koda/crates/command_palette)
2026-10-07T21:00:44.5774664Z [1m[92m   Compiling[0m tungstenite v0.20.1
2026-10-07T21:00:45.4624932Z [1m[92m   Compiling[0m android_ui v0.1.0 (/home/runner/work/koda/koda/crates/android_ui)
2026-10-07T21:00:47.6963520Z [1m[92m   Compiling[0m time_format v0.1.0 (/home/runner/work/koda/koda/crates/time_format)
2026-10-07T21:00:49.2664720Z [1m[92m   Compiling[0m axum v0.6.20
2026-10-07T21:00:49.3199578Z [1m[92m   Compiling[0m protobuf-support v3.7.2
2026-10-07T21:00:49.3765193Z [1m[92m   Compiling[0m async-stream-impl v0.3.6
2026-10-07T21:00:49.7645249Z [1m[92m   Compiling[0m aliasable v0.1.3
2026-10-07T21:00:49.8892018Z [1m[92m   Compiling[0m sync_wrapper v0.1.2
2026-10-07T21:00:49.9154538Z [1m[92m   Compiling[0m prometheus v0.14.0
2026-10-07T21:00:49.9555127Z [1m[92m   Compiling[0m async-stream v0.3.6
2026-10-07T21:00:50.0471707Z [1m[92m   Compiling[0m ouroboros v0.18.5
2026-10-07T21:00:55.4474741Z [1m[92m   Compiling[0m tokio-tungstenite v0.20.1
2026-10-07T21:00:55.7289839Z [1m[92m   Compiling[0m aws-smithy-checksums v0.64.4
2026-10-07T21:00:55.9855027Z [1m[92m   Compiling[0m sea-orm-macros v1.1.10
2026-10-07T21:00:56.2794689Z [1m[92m   Compiling[0m hyper-tls v0.5.0
2026-10-07T21:00:58.3285214Z [1m[92m   Compiling[0m sea-query-binder v0.7.0
2026-10-07T21:00:59.1789945Z [1m[92m   Compiling[0m rustls-pemfile v1.0.4
2026-10-07T21:00:59.3584586Z [1m[92m   Compiling[0m tower v0.4.13
2026-10-07T21:00:59.7558227Z [1m[92m   Compiling[0m clap_complete v4.5.59
2026-10-07T21:01:00.4319037Z [1m[92m   Compiling[0m proc-macro-error-attr v1.0.4
2026-10-07T21:01:00.5361488Z [1m[92m   Compiling[0m rand v0.4.6
2026-10-07T21:01:01.1974743Z [1m[92m   Compiling[0m strum v0.26.3
2026-10-07T21:01:01.2594954Z [1m[92m   Compiling[0m http-range-header v0.3.1
2026-10-07T21:01:01.4398540Z [1m[92m   Compiling[0m fastrand v1.9.0
2026-10-07T21:01:01.6534695Z [1m[92m   Compiling[0m matchit v0.7.3
2026-10-07T21:01:02.2974669Z [1m[92m   Compiling[0m futures-lite v1.13.0
2026-10-07T21:01:03.0635185Z [1m[92m   Compiling[0m tower-http v0.4.4
2026-10-07T21:01:03.7535203Z [1m[92m   Compiling[0m sea-orm v1.1.10
2026-10-07T21:01:06.0444871Z [1m[92m   Compiling[0m rand v0.3.23
2026-10-07T21:01:06.1494663Z [1m[92m   Compiling[0m reqwest v0.11.27
2026-10-07T21:01:09.8425275Z [1m[92m   Compiling[0m aws-sdk-s3 v1.123.0
2026-10-07T21:01:13.4136263Z [1m[92m   Compiling[0m cargo_metadata v0.23.1
2026-10-07T21:01:15.0745134Z [1m[92m   Compiling[0m codestral v0.1.0 (/home/runner/work/koda/koda/crates/codestral)
2026-10-07T21:01:15.2084783Z [1m[92m   Compiling[0m aws-sdk-kinesis v1.100.0
2026-10-07T21:01:16.3990017Z [1m[92m   Compiling[0m tasks_ui v0.1.0 (/home/runner/work/koda/koda/crates/tasks_ui)
2026-10-07T21:01:18.6626668Z [1m[92m   Compiling[0m debugger_tools v0.1.0 (/home/runner/work/koda/koda/crates/debugger_tools)
2026-10-07T21:01:20.6724779Z [1m[92m   Compiling[0m dashmap v6.1.0
2026-10-07T21:01:21.0615298Z [1m[92m   Compiling[0m jupyter-protocol v1.4.0
2026-10-07T21:01:25.0434581Z [1m[92m   Compiling[0m envy v0.4.2
2026-10-07T21:01:25.2034742Z [1m[92m   Compiling[0m parse_int v0.9.0
2026-10-07T21:01:25.2899418Z [1m[92m   Compiling[0m proc-macro-error v1.0.4
2026-10-07T21:01:25.4026263Z [1m[92m   Compiling[0m sdd v4.6.2
2026-10-07T21:01:25.8074812Z [1m[92m   Compiling[0m saa v5.4.9
2026-10-07T21:01:26.1515684Z [1m[92m   Compiling[0m scc v3.5.6
2026-10-07T21:01:26.9724735Z [1m[92m   Compiling[0m octocrab v0.49.7
2026-10-07T21:01:27.3654713Z [1m[92m   Compiling[0m random_choice v0.3.2
2026-10-07T21:01:27.3869313Z [1m[92m   Compiling[0m async-dispatcher v0.1.2
2026-10-07T21:01:27.4238936Z [1m[92m   Compiling[0m cli v0.1.0 (/home/runner/work/koda/koda/crates/cli)
2026-10-07T21:01:27.5760145Z [1m[92m   Compiling[0m darling_core v0.21.3
2026-10-07T21:01:27.6364029Z [1m[92m   Compiling[0m markdown_preview v0.1.0 (/home/runner/work/koda/koda/crates/markdown_preview)
2026-10-07T21:01:30.2215241Z [1m[92m   Compiling[0m console v0.16.3
2026-10-07T21:01:30.4593787Z [1m[92m   Compiling[0m rand_pcg v0.3.1
2026-10-07T21:01:30.5904973Z [1m[92m   Compiling[0m itertools v0.10.5
2026-10-07T21:01:30.7925593Z [1m[92m   Compiling[0m asynchronous-codec v0.7.0
2026-10-07T21:01:31.0106927Z [1m[92m   Compiling[0m triomphe v0.1.15
2026-10-07T21:01:31.2411857Z [1m[92m   Compiling[0m snafu-derive v0.8.9
2026-10-07T21:01:31.7734881Z [1m[92m   Compiling[0m sha-1 v0.10.1
2026-10-07T21:01:31.9821120Z [1m[92m   Compiling[0m errno v0.2.8
2026-10-07T21:01:32.1214736Z [1m[92m   Compiling[0m guppy-workspace-hack v0.1.0
2026-10-07T21:01:32.2232519Z [1m[92m   Compiling[0m siphasher v0.3.11
2026-10-07T21:01:32.4035499Z [1m[92m   Compiling[0m edit_prediction_cli v0.1.0 (/home/runner/work/koda/koda/crates/edit_prediction_cli)
2026-10-07T21:01:32.5835388Z [1m[92m   Compiling[0m shingles v0.1.1
2026-10-07T21:01:32.7531413Z [1m[92m   Compiling[0m collab v0.44.0 (/home/runner/work/koda/koda/crates/collab)
2026-10-07T21:01:33.2274823Z [1m[92m   Compiling[0m snafu v0.8.9
2026-10-07T21:01:33.4188280Z [1m[92m   Compiling[0m gaoya v0.2.0
2026-10-07T21:01:34.3765350Z [1m[92m   Compiling[0m exec v0.3.1
2026-10-07T21:01:34.5395016Z [1m[92m   Compiling[0m zeromq v0.5.0
2026-10-07T21:01:37.2271779Z [1m[92m   Compiling[0m dialoguer v0.12.0
2026-10-07T21:01:37.7099671Z [1m[92m   Compiling[0m darling_macro v0.21.3
2026-10-07T21:01:38.2345315Z [1m[92m   Compiling[0m debugger_ui v0.1.0 (/home/runner/work/koda/koda/crates/debugger_ui)
2026-10-07T21:01:48.3070751Z [1m[92m   Compiling[0m edit_prediction_ui v0.1.0 (/home/runner/work/koda/koda/crates/edit_prediction_ui)
2026-10-07T21:01:50.1344939Z [1m[92m   Compiling[0m clap_complete_nushell v4.6.0
2026-10-07T21:01:50.3524896Z [1m[92m   Compiling[0m file_finder v0.1.0 (/home/runner/work/koda/koda/crates/file_finder)
2026-10-07T21:01:51.2465182Z [1m[92m   Compiling[0m outline v0.1.0 (/home/runner/work/koda/koda/crates/outline)
2026-10-07T21:01:52.9343871Z [1m[92m   Compiling[0m ipc-channel v0.19.0
2026-10-07T21:01:53.0474743Z [1m[92m   Compiling[0m tungstenite v0.21.0
2026-10-07T21:01:53.6744576Z [1m[92m   Compiling[0m inotify v0.9.6
2026-10-07T21:01:53.8535122Z [1m[92m   Compiling[0m hyper-timeout v0.5.2
2026-10-07T21:01:53.9874396Z [1m[92m   Compiling[0m simplelog v0.12.2
2026-10-07T21:01:54.0235029Z [1m[92m   Compiling[0m secrecy v0.10.3
2026-10-07T21:01:54.1438696Z [1m[92m   Compiling[0m mio v0.8.11
2026-10-07T21:01:54.4794790Z [1m[92m   Compiling[0m proptest-derive v0.8.0
2026-10-07T21:01:54.5045885Z [1m[92m   Compiling[0m fork v0.4.0
2026-10-07T21:01:54.6502992Z [1m[92m   Compiling[0m pulldown-cmark v0.10.3
2026-10-07T21:01:54.7573615Z [1m[92m   Compiling[0m target-spec v3.7.0
2026-10-07T21:01:54.9843719Z [1m[92m   Compiling[0m notify v6.1.1
2026-10-07T21:01:55.9584661Z [1m[92m   Compiling[0m tokio-tungstenite v0.21.0
2026-10-07T21:01:58.7787780Z [1m[92m   Compiling[0m merge_derive v0.1.0
2026-10-07T21:01:59.1138272Z [1m[92m   Compiling[0m darling v0.21.3
2026-10-07T21:01:59.1722754Z [1m[92m   Compiling[0m runtimelib v1.4.0
2026-10-07T21:02:00.3112446Z [1m[92m   Compiling[0m jupyter-websocket-client v1.1.0
2026-10-07T21:02:01.2525631Z [1m[92m   Compiling[0m nbformat v1.2.0
2026-10-07T21:02:03.1714846Z [1m[92m   Compiling[0m cssparser v0.37.0
2026-10-07T21:02:04.4096054Z [1m[92m   Compiling[0m extension_suggest v0.1.0 (/home/runner/work/koda/koda/crates/extension_suggest)
2026-10-07T21:02:04.6104740Z [1m[92m   Compiling[0m tree-sitter-ruby v0.23.1
2026-10-07T21:02:04.7120553Z [1m[92m   Compiling[0m tree-sitter-embedded-template v0.23.2
2026-10-07T21:02:04.8406906Z [1m[92m   Compiling[0m tree-sitter-elixir v0.3.4
2026-10-07T21:02:04.9895779Z [1m[92m   Compiling[0m tree-sitter-heex v0.0.1 (https://github.com/zed-industries/tree-sitter-heex?rev=1dd45142fbb05562e35b2040c6129c9bca346592#1dd45142)
2026-10-07T21:02:05.1354824Z [1m[92m   Compiling[0m pulldown-cmark-escape v0.10.1
2026-10-07T21:02:05.2205268Z [1m[92m   Compiling[0m maplit v1.0.2
2026-10-07T21:02:05.2794641Z [1m[92m   Compiling[0m ammonia v4.1.4
2026-10-07T21:02:14.1184129Z [1m[92m   Compiling[0m libwebrtc v0.3.26 (https://github.com/zed-industries/livekit-rust-sdks?rev=0a1c519cfce9b365229026b55de9b9dbdb6fed3c#0a1c519c)
2026-10-07T21:02:14.3542644Z [1m[92m   Compiling[0m derive_setters v0.1.9
2026-10-07T21:02:14.8354793Z [1m[92m   Compiling[0m merge v0.1.0
2026-10-07T21:02:15.4014407Z [1m[92m   Compiling[0m warp v0.3.7
2026-10-07T21:02:16.5174977Z [1m[92m   Compiling[0m audio v0.1.0 (/home/runner/work/koda/koda/crates/audio)
2026-10-07T21:02:18.1327390Z [1m[92m   Compiling[0m agent_ui v0.1.0 (/home/runner/work/koda/koda/crates/agent_ui)
2026-10-07T21:02:18.2588761Z [1m[92m   Compiling[0m settings_ui v0.1.0 (/home/runner/work/koda/koda/crates/settings_ui)
2026-10-07T21:02:19.8894931Z [1m[92m   Compiling[0m notify-debouncer-mini v0.4.1
2026-10-07T21:02:20.4855049Z [1m[92m   Compiling[0m outline_panel v0.1.0 (/home/runner/work/koda/koda/crates/outline_panel)
2026-10-07T21:02:24.6074951Z [1m[92m   Compiling[0m livekit_client v0.1.0 (/home/runner/work/koda/koda/crates/livekit_client)
2026-10-07T21:02:25.9694969Z [1m[92m   Compiling[0m call v0.1.0 (/home/runner/work/koda/koda/crates/call)
2026-10-07T21:02:26.2255173Z [1m[92m   Compiling[0m project_panel v0.1.0 (/home/runner/work/koda/koda/crates/project_panel)
2026-10-07T21:02:29.3385200Z [1m[92m   Compiling[0m title_bar v0.1.0 (/home/runner/work/koda/koda/crates/title_bar)
2026-10-07T21:02:32.4595048Z [1m[92m   Compiling[0m git_ui v0.1.0 (/home/runner/work/koda/koda/crates/git_ui)
2026-10-07T21:02:32.7975520Z [1m[92m   Compiling[0m collab_ui v0.1.0 (/home/runner/work/koda/koda/crates/collab_ui)
2026-10-07T21:02:36.3411611Z [1m[92m   Compiling[0m vim v0.1.0 (/home/runner/work/koda/koda/crates/vim)
2026-10-07T21:02:40.8645121Z [1m[92m   Compiling[0m auto_update_helper v0.1.0 (/home/runner/work/koda/koda/crates/auto_update_helper)
2026-10-07T21:02:40.9745000Z [1m[92m   Compiling[0m zed v1.23.0 (/home/runner/work/koda/koda/crates/zed)
2026-10-07T21:02:44.0235427Z [1m[92m   Compiling[0m component_preview v0.1.0 (/home/runner/work/koda/koda/crates/component_preview)
2026-10-07T21:02:45.8814737Z [1m[92m   Compiling[0m handlebars v5.1.2
2026-10-07T21:02:48.5784883Z [1m[92m   Compiling[0m go_to_line v0.1.0 (/home/runner/work/koda/koda/crates/go_to_line)
2026-10-07T21:02:49.9345405Z [1m[92m   Compiling[0m theme_extension v0.1.0 (/home/runner/work/koda/koda/crates/theme_extension)
2026-10-07T21:02:51.7567498Z [1m[92m   Compiling[0m opener v0.7.2
2026-10-07T21:02:52.0704743Z [1m[92m   Compiling[0m cargo-platform v0.1.9
2026-10-07T21:02:52.3105151Z [1m[92m   Compiling[0m elasticlunr-rs v3.0.2
2026-10-07T21:02:52.3264642Z [1m[92m   Compiling[0m toml v0.5.11
2026-10-07T21:02:52.3347561Z [1m[92m   Compiling[0m strum_macros v0.27.2
2026-10-07T21:02:53.3290069Z [1m[92m   Compiling[0m gh-workflow-macros v0.8.0 (https://github.com/zed-industries/gh-workflow?rev=37f3c0575d379c218a9c455ee67585184e40d43f#37f3c057)
2026-10-07T21:02:53.5966868Z [1m[92m   Compiling[0m debug-ignore v1.0.5
2026-10-07T21:02:53.6644610Z [1m[92m   Compiling[0m nested v0.1.1
2026-10-07T21:02:53.6909688Z [1m[92m   Compiling[0m gpui_apple v0.1.0 (/home/runner/work/koda/koda/crates/gpui_apple)
2026-10-07T21:02:53.8007520Z [1m[92m   Compiling[0m eval_cli v0.1.0 (/home/runner/work/koda/koda/crates/eval_cli)
2026-10-07T21:02:53.8183367Z [1m[92m   Compiling[0m gpui_windows v0.1.0 (/home/runner/work/koda/koda/crates/gpui_windows)
2026-10-07T21:02:53.8185069Z [1m[92m   Compiling[0m topological-sort v0.2.2
2026-10-07T21:02:53.9088664Z [1m[92m   Compiling[0m mdbook v0.4.40
2026-10-07T21:02:53.9926667Z [1m[92m   Compiling[0m guppy v0.18.0
2026-10-07T21:02:54.0208276Z [1m[92m   Compiling[0m cargo_metadata v0.19.2
2026-10-07T21:02:54.4005273Z [1m[92m   Compiling[0m gh-workflow v0.8.0 (https://github.com/zed-industries/gh-workflow?rev=37f3c0575d379c218a9c455ee67585184e40d43f#37f3c057)
2026-10-07T21:02:56.9515096Z [1m[92m   Compiling[0m acp_tools v0.1.0 (/home/runner/work/koda/koda/crates/acp_tools)
2026-10-07T21:02:57.3755137Z [1m[92m   Compiling[0m sidebar v0.1.0 (/home/runner/work/koda/koda/crates/sidebar)
2026-10-07T21:02:58.7628213Z [1m[92m   Compiling[0m compliance v0.1.0 (/home/runner/work/koda/koda/tooling/compliance)
2026-10-07T21:02:59.0945422Z [1m[92m   Compiling[0m extensions_ui v0.1.0 (/home/runner/work/koda/koda/crates/extensions_ui)
2026-10-07T21:03:02.1355282Z [1m[92m   Compiling[0m repl v0.1.0 (/home/runner/work/koda/koda/crates/repl)
2026-10-07T21:03:02.7895729Z [1m[92m   Compiling[0m auto_update_ui v0.1.0 (/home/runner/work/koda/koda/crates/auto_update_ui)
2026-10-07T21:03:03.0155716Z [1m[92m   Compiling[0m keymap_editor v0.1.0 (/home/runner/work/koda/koda/crates/keymap_editor)
2026-10-07T21:03:04.1198753Z [1m[92m   Compiling[0m which_key v0.1.0 (/home/runner/work/koda/koda/crates/which_key)
2026-10-07T21:03:05.6638485Z [1m[92m   Compiling[0m feedback v0.1.0 (/home/runner/work/koda/koda/crates/feedback)
2026-10-07T21:03:06.5999154Z [1m[92m   Compiling[0m language_tools v0.1.0 (/home/runner/work/koda/koda/crates/language_tools)
2026-10-07T21:03:06.6142569Z [1m[92m   Compiling[0m web_search_providers v0.1.0 (/home/runner/work/koda/koda/crates/web_search_providers)
2026-10-07T21:03:06.6861952Z [1m[92m   Compiling[0m snippets_ui v0.1.0 (/home/runner/work/koda/koda/crates/snippets_ui)
2026-10-07T21:03:07.2875142Z [1m[92m   Compiling[0m toolchain_selector v0.1.0 (/home/runner/work/koda/koda/crates/toolchain_selector)
2026-10-07T21:03:08.1335041Z [1m[92m   Compiling[0m language_selector v0.1.0 (/home/runner/work/koda/koda/crates/language_selector)
2026-10-07T21:03:09.6085328Z [1m[92m   Compiling[0m activity_indicator v0.1.0 (/home/runner/work/koda/koda/crates/activity_indicator)
2026-10-07T21:03:09.6469621Z [1m[92m   Compiling[0m onboarding v0.1.0 (/home/runner/work/koda/koda/crates/onboarding)
2026-10-07T21:03:10.5541172Z [1m[92m   Compiling[0m project_symbols v0.1.0 (/home/runner/work/koda/koda/crates/project_symbols)
2026-10-07T21:03:10.9878604Z [1m[92m   Compiling[0m lsp_locations v0.1.0 (/home/runner/work/koda/koda/crates/lsp_locations)
2026-10-07T21:03:11.4721461Z [1m[92m   Compiling[0m miniprofiler_ui v0.1.0 (/home/runner/work/koda/koda/crates/miniprofiler_ui)
2026-10-07T21:03:12.0755323Z [1m[92m   Compiling[0m inspector_ui v0.1.0 (/home/runner/work/koda/koda/crates/inspector_ui)
2026-10-07T21:03:12.7565169Z [1m[92m   Compiling[0m line_ending_selector v0.1.0 (/home/runner/work/koda/koda/crates/line_ending_selector)
2026-10-07T21:03:12.9106065Z [1m[92m   Compiling[0m settings_profile_selector v0.1.0 (/home/runner/work/koda/koda/crates/settings_profile_selector)
2026-10-07T21:03:13.0275273Z [1m[92m   Compiling[0m lsp_command_selector v0.1.0 (/home/runner/work/koda/koda/crates/lsp_command_selector)
2026-10-07T21:03:14.3155379Z [1m[92m   Compiling[0m tab_switcher v0.1.0 (/home/runner/work/koda/koda/crates/tab_switcher)
2026-10-07T21:03:14.5015061Z [1m[92m   Compiling[0m tabular_data_preview v0.1.0 (/home/runner/work/koda/koda/crates/tabular_data_preview)
2026-10-07T21:03:14.8136498Z [1m[92m   Compiling[0m theme_selector v0.1.0 (/home/runner/work/koda/koda/crates/theme_selector)
2026-10-07T21:03:16.3022961Z [1m[92m   Compiling[0m encoding_selector v0.1.0 (/home/runner/work/koda/koda/crates/encoding_selector)
2026-10-07T21:03:16.8665339Z [1m[92m   Compiling[0m call_hierarchy v0.1.0 (/home/runner/work/koda/koda/crates/call_hierarchy)
2026-10-07T21:03:17.6665137Z [1m[92m   Compiling[0m image_viewer v0.1.0 (/home/runner/work/koda/koda/crates/image_viewer)
2026-10-07T21:03:17.8935570Z [1m[92m   Compiling[0m diagnostics v0.1.0 (/home/runner/work/koda/koda/crates/diagnostics)
2026-10-07T21:03:18.2054836Z [1m[92m   Compiling[0m journal v0.1.0 (/home/runner/work/koda/koda/crates/journal)
2026-10-07T21:03:19.0868793Z [1m[92m   Compiling[0m language_onboarding v0.1.0 (/home/runner/work/koda/koda/crates/language_onboarding)
2026-10-07T21:03:19.3495075Z [1m[92m   Compiling[0m svg_preview v0.1.0 (/home/runner/work/koda/koda/crates/svg_preview)
2026-10-07T21:03:19.3905272Z [1m[92m   Compiling[0m install_cli v0.1.0 (/home/runner/work/koda/koda/crates/install_cli)
2026-10-07T21:03:19.9315023Z [1m[92m   Compiling[0m ui_prompt v0.1.0 (/home/runner/work/koda/koda/crates/ui_prompt)
2026-10-07T21:03:20.6885741Z [1m[92m   Compiling[0m zlog_settings v0.1.0 (/home/runner/work/koda/koda/crates/zlog_settings)
2026-10-07T21:03:20.8286213Z [1m[92m   Compiling[0m input_latency_ui v0.1.0 (/home/runner/work/koda/koda/crates/input_latency_ui)
2026-10-07T21:03:20.8484920Z [1m[92m   Compiling[0m hang_telemetry v0.1.0 (/home/runner/work/koda/koda/crates/hang_telemetry)
2026-10-07T21:03:21.1504811Z [1m[92m   Compiling[0m annotate-snippets v0.12.12
2026-10-07T21:03:21.3944560Z [1m[92m   Compiling[0m ctrlc v3.5.0
2026-10-07T21:03:21.5199486Z [1m[92m   Compiling[0m vscode_theme v0.2.0
2026-10-07T21:03:23.1208411Z [1m[92m   Compiling[0m xtask v0.1.0 (/home/runner/work/koda/koda/tooling/xtask)
2026-10-07T21:03:27.6376488Z [1m[92m   Compiling[0m theme_importer v0.1.0 (/home/runner/work/koda/koda/crates/theme_importer)
2026-10-07T21:03:30.0815395Z [1m[92m   Compiling[0m docs_preprocessor v0.1.0 (/home/runner/work/koda/koda/crates/docs_preprocessor)
2026-10-07T21:08:11.2773830Z [1m[92m   Compiling[0m editor_benchmarks v0.1.0 (/home/runner/work/koda/koda/crates/editor_benchmarks)
2026-10-07T21:08:11.2778388Z [1m[92m   Compiling[0m fs_benchmarks v0.1.0 (/home/runner/work/koda/koda/crates/fs_benchmarks)
2026-10-07T21:08:18.8086305Z [1m[92m   Compiling[0m worktree_benchmarks v0.1.0 (/home/runner/work/koda/koda/crates/worktree_benchmarks)
2026-10-07T21:08:20.0426027Z [1m[92m   Compiling[0m extension_cli v0.1.0 (/home/runner/work/koda/koda/crates/extension_cli)
2026-10-07T21:08:39.9306522Z [1m[92m   Compiling[0m schema_generator v0.1.0 (/home/runner/work/koda/koda/crates/schema_generator)
2026-10-07T21:09:37.1056944Z [1m[33mwarning[0m[1m: unused import: `ARCH`[0m
2026-10-07T21:09:37.3074591Z   [1m[94m--> [0mcrates/auto_update/src/auto_update.rs:29:18
2026-10-07T21:09:37.3103705Z    [1m[94m|[0m
2026-10-07T21:09:37.9135586Z [1m[94m29[0m [1m[94m|[0m         consts::{ARCH, OS},
2026-10-07T21:09:37.9169564Z    [1m[94m|[0m                  [1m[33m^^^^[0m
2026-10-07T21:09:37.9173564Z    [1m[94m|[0m
2026-10-07T21:09:37.9177247Z    [1m[94m= [0m[1mnote[0m: `#[warn(unused_imports)]` (part of `#[warn(unused)]`) on by default
2026-10-07T21:09:37.9177926Z 
2026-10-07T21:09:37.9181655Z [1m[33mwarning[0m[1m: unused import: `release_channel::AppCommitSha`[0m
2026-10-07T21:09:37.9182753Z     [1m[94m--> [0mcrates/auto_update/src/auto_update.rs:1461:9
2026-10-07T21:09:37.9187529Z      [1m[94m|[0m
2026-10-07T21:09:37.9194445Z [1m[94m1461[0m [1m[94m|[0m     use release_channel::AppCommitSha;
2026-10-07T21:09:37.9198314Z      [1m[94m|[0m         [1m[33m^^^^^^^^^^^^^^^^^^^^^^^^^^^^^[0m
2026-10-07T21:09:37.9198836Z 
2026-10-07T21:09:41.8208757Z [1m[33mwarning[0m: `auto_update` (lib test) generated 2 warnings (run `cargo fix --lib -p auto_update --tests` to apply 2 suggestions)
2026-10-07T21:11:01.3441763Z [1m[92m   Compiling[0m gpui_macos v0.1.0 (/home/runner/work/koda/koda/crates/gpui_macos)
2026-10-07T21:11:01.9402557Z [1m[92m   Compiling[0m gpui_web v0.1.0 (/home/runner/work/koda/koda/crates/gpui_web)
2026-10-07T21:11:14.2056622Z [1m[92m    Finished[0m `test` profile [unoptimized] target(s) in 21m 41s
2026-10-07T21:11:24.6385526Z ────────────
2026-10-07T21:11:24.6389918Z [32;1m Nextest run[0m ID [1m232e05b3-3ef3-4698-9d29-3ea92178d8be[0m with nextest profile: [1mdefault[0m
2026-10-07T21:11:24.6394944Z [32;1m    Starting[0m [1m10450[0m tests across [1m208[0m binaries ([1m23[0m tests [33;1mskipped[0m)
2026-10-07T21:47:56.2283580Z ────────────
2026-10-07T21:47:56.2292858Z [32;1m     Summary[0m [2191.590s] [1m10450[0m tests run: [1m10450[0m [32;1mpassed[0m, [1m23[0m [33;1mskipped[0m
2026-10-07T21:47:56.6166321Z Workspace tests (build and execution): 3510.6s (exit 0)
2026-10-07T21:47:56.9826415Z ##[group]Run python3 script/ci-run stage 'Linux app build' -- cargo build --locked --keep-going -p zed --bin koda
2026-10-07T21:47:56.9837008Z [36;1mpython3 script/ci-run stage 'Linux app build' -- cargo build --locked --keep-going -p zed --bin koda[0m
2026-10-07T21:47:57.1131048Z shell: /usr/bin/bash --noprofile --norc -e -o pipefail {0}
2026-10-07T21:47:57.1131644Z env:
2026-10-07T21:47:57.1134938Z   CARGO_TERM_COLOR: always
2026-10-07T21:47:57.1138063Z   CARGO_INCREMENTAL: 0
2026-10-07T21:47:57.1141219Z   CARGO_PROFILE_DEV_DEBUG: 0
2026-10-07T21:47:57.1144315Z   CARGO_PROFILE_DEV_BUILD_OVERRIDE_DEBUG: 0
2026-10-07T21:47:57.1144826Z   RUST_BACKTRACE: 1
2026-10-07T21:47:57.1148031Z   CC: clang
2026-10-07T21:47:57.1151084Z   CXX: clang++
2026-10-07T21:47:57.1153610Z   WGPU_BACKEND: vulkan
2026-10-07T21:47:57.1154014Z   CI_TEST_FILTER: 
2026-10-07T21:47:57.1157041Z   CI_TEST_MODE: full
2026-10-07T21:47:57.1160265Z   CARGO_BUILD_JOBS: 4
2026-10-07T21:47:57.1163397Z   CI_TEST_THREADS: 4
2026-10-07T21:47:57.1166712Z   VK_DRIVER_FILES: /usr/share/vulkan/icd.d/lvp_icd.json
2026-10-07T21:47:57.1171655Z ##[endgroup]
2026-10-07T21:47:59.4641191Z [1m[92m   Compiling[0m serde_core v1.0.229
2026-10-07T21:47:59.4765160Z [1m[92m   Compiling[0m hashbrown v0.17.1
2026-10-07T21:47:59.4766077Z [1m[92m   Compiling[0m either v1.15.0
2026-10-07T21:47:59.4914402Z [1m[92m   Compiling[0m serde_json v1.0.151
2026-10-07T21:47:59.6640185Z [1m[92m   Compiling[0m itertools v0.14.0
2026-10-07T21:47:59.7069899Z [1m[92m   Compiling[0m subtle v2.6.1
2026-10-07T21:47:59.8075958Z [1m[92m   Compiling[0m digest v0.10.7
2026-10-07T21:48:00.0194638Z [1m[92m   Compiling[0m sha2 v0.10.9
2026-10-07T21:48:00.2974396Z [1m[92m   Compiling[0m nix v0.30.1
2026-10-07T21:48:00.4644710Z [1m[92m   Compiling[0m fastrand v2.3.0
2026-10-07T21:48:00.6804755Z [1m[92m   Compiling[0m rayon v1.11.0
2026-10-07T21:48:00.6922127Z [1m[92m   Compiling[0m semver v1.0.28
2026-10-07T21:48:01.0234643Z [1m[92m   Compiling[0m rand v0.8.6
2026-10-07T21:48:01.2074300Z [1m[92m   Compiling[0m lyon_path v1.0.16
2026-10-07T21:48:01.7474767Z [1m[92m   Compiling[0m unicode-properties v0.1.3
2026-10-07T21:48:01.8214837Z [1m[92m   Compiling[0m lyon_tessellation v1.0.16
2026-10-07T21:48:01.9164562Z [1m[92m   Compiling[0m lyon_algorithms v1.0.16
2026-10-07T21:48:02.1937860Z [1m[92m   Compiling[0m serde v1.0.229
2026-10-07T21:48:02.3364613Z [1m[92m   Compiling[0m erased-serde v0.4.9
2026-10-07T21:48:02.7204524Z [1m[92m   Compiling[0m bitflags v2.13.1
2026-10-07T21:48:02.8454500Z [1m[92m   Compiling[0m serde_fmt v1.0.3
2026-10-07T21:48:02.9087073Z [1m[92m   Compiling[0m smallvec v1.16.1
2026-10-07T21:48:02.9635175Z [1m[92m   Compiling[0m value-bag-serde1 v1.12.0
2026-10-07T21:48:02.9904749Z [1m[92m   Compiling[0m rustix v1.1.4
2026-10-07T21:48:03.0111168Z [1m[92m   Compiling[0m value-bag v1.12.0
2026-10-07T21:48:03.1148587Z [1m[92m   Compiling[0m indexmap v2.14.0
2026-10-07T21:48:03.4674613Z [1m[92m   Compiling[0m log v0.4.29
2026-10-07T21:48:03.8514599Z [1m[92m   Compiling[0m parking_lot_core v0.9.12
2026-10-07T21:48:03.9034612Z [1m[92m   Compiling[0m tracing v0.1.43
2026-10-07T21:48:04.0984956Z [1m[92m   Compiling[0m parking_lot v0.12.5
2026-10-07T21:48:04.2198170Z [1m[92m   Compiling[0m icu_normalizer v2.3.0
2026-10-07T21:48:04.4897075Z [1m[92m   Compiling[0m uuid v1.18.1
2026-10-07T21:48:04.9714596Z [1m[92m   Compiling[0m idna_adapter v1.2.1
2026-10-07T21:48:05.0345669Z [1m[92m   Compiling[0m gpui_util v0.1.0 (/home/runner/work/koda/koda/crates/gpui_util)
2026-10-07T21:48:05.0735198Z [1m[92m   Compiling[0m idna v1.1.0
2026-10-07T21:48:05.2484777Z [1m[92m   Compiling[0m globset v0.4.17
2026-10-07T21:48:05.7195052Z [1m[92m   Compiling[0m url v2.5.7
2026-10-07T21:48:05.9885829Z [1m[92m   Compiling[0m schemars v1.0.4
2026-10-07T21:48:07.5004648Z [1m[92m   Compiling[0m rust-embed-utils v8.11.0
2026-10-07T21:48:07.7133600Z [1m[92m   Compiling[0m rust-embed-impl v8.11.0
2026-10-07T21:48:08.5155037Z [1m[92m   Compiling[0m polling v3.11.0
2026-10-07T21:48:08.7844719Z [1m[92m   Compiling[0m async-io v2.6.0
2026-10-07T21:48:09.0074896Z [1m[92m   Compiling[0m serde_urlencoded v0.7.1
2026-10-07T21:48:09.2625372Z [1m[92m   Compiling[0m async-signal v0.2.13
2026-10-07T21:48:09.4415601Z [1m[92m   Compiling[0m async-process v2.5.0 (https://github.com/zed-industries/async-process.git?rev=0b6d6713570af61806e1e5cb40e0f757cb93fd9d#0b6d6713)
2026-10-07T21:48:09.4741842Z [1m[92m   Compiling[0m path v0.1.0 (/home/runner/work/koda/koda/crates/path)
2026-10-07T21:48:09.7200947Z [1m[92m   Compiling[0m collections v0.1.0 (/home/runner/work/koda/koda/crates/collections)
2026-10-07T21:48:09.7970278Z [1m[92m   Compiling[0m async-net v2.0.0
2026-10-07T21:48:09.9025005Z [1m[92m   Compiling[0m tempfile v3.27.0
2026-10-07T21:48:10.2754212Z [1m[92m   Compiling[0m smol v2.0.2
2026-10-07T21:48:10.3024727Z [1m[92m   Compiling[0m rust-embed v8.11.0
2026-10-07T21:48:10.3750054Z [1m[92m   Compiling[0m serde_json_lenient v0.2.4
2026-10-07T21:48:10.5025041Z [1m[92m   Compiling[0m chrono v0.4.42
2026-10-07T21:48:10.6214886Z [1m[92m   Compiling[0m async-global-executor v2.4.1
2026-10-07T21:48:11.0984577Z [1m[92m   Compiling[0m kv-log-macro v1.0.7
2026-10-07T21:48:11.2124744Z [1m[92m   Compiling[0m async-std v1.13.2
2026-10-07T21:48:11.8064476Z [1m[92m   Compiling[0m xattr v1.6.1
2026-10-07T21:48:12.1159439Z [1m[92m   Compiling[0m command-fds v0.3.2
2026-10-07T21:48:12.1254246Z [1m[92m   Compiling[0m mio v1.2.0
2026-10-07T21:48:12.3285342Z [1m[92m   Compiling[0m util v0.1.0 (/home/runner/work/koda/koda/crates/util)
2026-10-07T21:48:12.4571441Z [1m[92m   Compiling[0m gpui_shared_string v0.1.0 (/home/runner/work/koda/koda/crates/gpui_shared_string)
2026-10-07T21:48:12.5694821Z [1m[92m   Compiling[0m tracing-log v0.2.0
2026-10-07T21:48:12.6016254Z [1m[92m   Compiling[0m tracing-serde v0.2.0
2026-10-07T21:48:12.7376200Z [1m[92m   Compiling[0m async-tar v0.6.1 (https://github.com/zed-industries/async-tar?rev=bd3ad6f89df9a9da7a8535958756d6bf465936a0#bd3ad6f8)
2026-10-07T21:48:12.7634569Z [1m[92m   Compiling[0m tracing-subscriber v0.3.22
2026-10-07T21:48:13.3224629Z [1m[92m   Compiling[0m kurbo v0.13.1
2026-10-07T21:48:13.5025060Z [1m[92m   Compiling[0m http_client v0.1.0 (/home/runner/work/koda/koda/crates/http_client)
2026-10-07T21:48:14.0464931Z [1m[92m   Compiling[0m zlog v0.1.0 (/home/runner/work/koda/koda/crates/zlog)
2026-10-07T21:48:14.6065324Z [1m[92m   Compiling[0m svgtypes v0.16.1
2026-10-07T21:48:14.8895963Z [1m[92m   Compiling[0m ztracing v0.1.0 (/home/runner/work/koda/koda/crates/ztracing)
2026-10-07T21:48:14.9458942Z [1m[92m   Compiling[0m sum_tree v0.1.0 (/home/runner/work/koda/koda/crates/sum_tree)
2026-10-07T21:48:15.1774690Z [1m[92m   Compiling[0m accesskit v0.24.1
2026-10-07T21:48:15.1984955Z [1m[92m   Compiling[0m fontdb v0.23.0
2026-10-07T21:48:15.3634573Z [1m[92m   Compiling[0m rustybuzz v0.20.1
2026-10-07T21:48:15.7064625Z [1m[92m   Compiling[0m simplecss v0.2.2
2026-10-07T21:48:15.7195054Z [1m[92m   Compiling[0m perf v0.1.0 (/home/runner/work/koda/koda/tooling/perf)
2026-10-07T21:48:15.8764661Z [1m[92m   Compiling[0m postage v0.5.0
2026-10-07T21:48:16.0715230Z [1m[92m   Compiling[0m tiny-skia v0.11.4
2026-10-07T21:48:16.1035195Z [1m[92m   Compiling[0m futures-concurrency v7.7.1
2026-10-07T21:48:16.3504653Z [1m[92m   Compiling[0m exr v1.74.0
2026-10-07T21:48:18.0464692Z [1m[92m   Compiling[0m usvg v0.46.0
2026-10-07T21:48:18.2944656Z [1m[92m   Compiling[0m png v0.18.0
2026-10-07T21:48:19.5454533Z [1m[92m   Compiling[0m sysinfo v0.31.4
2026-10-07T21:48:19.7745073Z [1m[92m   Compiling[0m gpui v0.2.2 (/home/runner/work/koda/koda/crates/gpui)
2026-10-07T21:48:19.9304654Z [1m[92m   Compiling[0m resvg v0.46.0
2026-10-07T21:48:21.0561638Z [1m[92m   Compiling[0m zed-scap v0.0.8-zed (https://github.com/zed-industries/scap?rev=4afea48c3b002197176fb19cd0f9b180dd36eaac#4afea48c)
2026-10-07T21:48:21.0824282Z [1m[92m   Compiling[0m scheduler v0.1.0 (/home/runner/work/koda/koda/crates/scheduler)
2026-10-07T21:48:21.2004866Z [1m[92m   Compiling[0m image v0.25.10
2026-10-07T21:48:21.6467640Z [1m[92m   Compiling[0m util_macros v0.1.0 (/home/runner/work/koda/koda/crates/util_macros)
2026-10-07T21:48:21.9084687Z [1m[92m   Compiling[0m taffy v0.13.0
2026-10-07T21:48:25.0514567Z [1m[92m   Compiling[0m lyon v1.0.16
2026-10-07T21:48:25.1041538Z [1m[92m   Compiling[0m gpui_macros v0.1.0 (/home/runner/work/koda/koda/crates/gpui_macros)
2026-10-07T21:48:28.1434448Z [1m[92m   Compiling[0m tokio v1.52.1
2026-10-07T21:48:29.1684762Z [1m[92m   Compiling[0m linux-raw-sys v0.12.1
2026-10-07T21:48:29.2684845Z [1m[92m   Compiling[0m rustc_version v0.4.1
2026-10-07T21:48:29.5604547Z [1m[92m   Compiling[0m wasmtime-internal-core v48.0.1
2026-10-07T21:48:30.2564627Z [1m[92m   Compiling[0m deranged v0.5.4
2026-10-07T21:48:31.7802832Z [1m[92m   Compiling[0m time v0.3.47
2026-10-07T21:48:34.5144837Z [1m[92m   Compiling[0m cranelift-bitset v0.135.1
2026-10-07T21:48:35.1324817Z [1m[92m   Compiling[0m prost-derive v0.14.4
2026-10-07T21:48:35.2154001Z [1m[92m   Compiling[0m pulley-interpreter v48.0.1
2026-10-07T21:48:35.4704907Z [1m[92m   Compiling[0m zeta_prompt v0.1.0 (/home/runner/work/koda/koda/crates/zeta_prompt)
2026-10-07T21:48:36.7294702Z [1m[92m   Compiling[0m prost v0.14.4
2026-10-07T21:48:37.1375866Z [1m[92m   Compiling[0m cranelift-entity v0.135.1
2026-10-07T21:48:37.1911577Z [1m[92m   Compiling[0m cranelift-codegen-meta v0.135.1
2026-10-07T21:48:37.5164487Z [1m[92m   Compiling[0m cranelift-bforest v0.135.1
2026-10-07T21:48:37.5744344Z [1m[92m   Compiling[0m postcard v1.1.3
2026-10-07T21:48:37.8082294Z [1m[92m   Compiling[0m prost-types v0.14.4
2026-10-07T21:48:37.9314445Z [1m[92m   Compiling[0m gimli v0.33.0
2026-10-07T21:48:39.0165606Z [1m[92m   Compiling[0m cloud_llm_client v0.1.0 (/home/runner/work/koda/koda/crates/cloud_llm_client)
2026-10-07T21:48:39.8594730Z [1m[92m   Compiling[0m wasmparser v0.254.0
2026-10-07T21:48:40.5094754Z [1m[92m   Compiling[0m cranelift-codegen v0.135.1
2026-10-07T21:48:42.0028462Z [1m[92m   Compiling[0m regalloc2 v0.15.2
2026-10-07T21:48:50.8104839Z [1m[92m   Compiling[0m wasm-encoder v0.254.0
2026-10-07T21:48:52.8875916Z [1m[92m   Compiling[0m object v0.39.1
2026-10-07T21:48:57.7175482Z [1m[92m   Compiling[0m wasmprinter v0.254.0
2026-10-07T21:48:59.0794563Z [1m[92m   Compiling[0m hashbrown v0.15.5
2026-10-07T21:48:59.6316211Z [1m[92m   Compiling[0m id-arena v2.3.0
2026-10-07T21:48:59.7224638Z [1m[92m   Compiling[0m wit-parser v0.254.0
2026-10-07T21:49:00.2534661Z [1m[92m   Compiling[0m petgraph v0.8.3
2026-10-07T21:49:01.9144588Z [1m[92m   Compiling[0m wasmtime-environ v48.0.1
2026-10-07T21:49:05.1274201Z [1m[92m   Compiling[0m wasm-metadata v0.254.0
2026-10-07T21:49:05.5196084Z [1m[92m   Compiling[0m language_model_core v0.1.0 (/home/runner/work/koda/koda/crates/language_model_core)
2026-10-07T21:49:07.0324957Z [1m[92m   Compiling[0m prost-build v0.14.4
2026-10-07T21:49:08.2805039Z [1m[92m   Compiling[0m wit-component v0.254.0
2026-10-07T21:49:11.6746752Z [1m[92m   Compiling[0m wasmtime-internal-wit-bindgen v48.0.1
2026-10-07T21:49:12.9272188Z [1m[92m   Compiling[0m logos-codegen v0.15.1
2026-10-07T21:49:13.1575254Z [1m[92m   Compiling[0m wasmtime-internal-component-macro v48.0.1
2026-10-07T21:49:13.2944892Z [1m[92m   Compiling[0m wasmtime-internal-jit-icache-coherence v48.0.1
2026-10-07T21:49:13.3504002Z [1m[92m   Compiling[0m memfd v0.6.5
2026-10-07T21:49:15.2448412Z [1m[92m   Compiling[0m wasmtime-internal-fiber v48.0.1
2026-10-07T21:49:15.2635106Z [1m[92m   Compiling[0m tokio-util v0.7.18
2026-10-07T21:49:15.4747496Z [1m[92m   Compiling[0m logos-derive v0.15.1
2026-10-07T21:49:15.7006013Z [1m[92m   Compiling[0m tree-sitter v0.27.0 (https://github.com/tree-sitter/tree-sitter?rev=43623ec9bf0eaaf7113285c46e8a09018f181b18#43623ec9)
2026-10-07T21:49:15.9595090Z [1m[92m   Compiling[0m logos v0.15.1
2026-10-07T21:49:16.0815001Z [1m[92m   Compiling[0m paths v0.1.0 (/home/runner/work/koda/koda/crates/paths)
2026-10-07T21:49:16.2424642Z [1m[92m   Compiling[0m prost-reflect v0.16.5
2026-10-07T21:49:20.9375194Z [1m[92m   Compiling[0m cranelift-frontend v0.135.1
2026-10-07T21:49:21.9245279Z [1m[92m   Compiling[0m wasmtime-internal-unwinder v48.0.1
2026-10-07T21:49:22.2224749Z [1m[92m   Compiling[0m cranelift-native v0.135.1
2026-10-07T21:49:22.3364878Z [1m[92m   Compiling[0m wasmtime-internal-cranelift v48.0.1
2026-10-07T21:49:25.3905039Z [1m[92m   Compiling[0m protox-parse v0.9.0
2026-10-07T21:49:26.9564658Z [1m[92m   Compiling[0m wasmtime v48.0.1
2026-10-07T21:49:44.9385178Z [1m[92m   Compiling[0m wasmtime-c-api-impl v48.0.1
2026-10-07T21:49:47.8134861Z [1m[92m   Compiling[0m ignore v0.4.24
2026-10-07T21:49:48.9905117Z [1m[92m   Compiling[0m getrandom v0.2.16
2026-10-07T21:49:51.6634467Z [1m[92m   Compiling[0m protox v0.9.1
2026-10-07T21:49:52.2775271Z [1m[92m   Compiling[0m release_channel v0.1.0 (/home/runner/work/koda/koda/crates/release_channel)
2026-10-07T21:49:52.5984831Z [1m[92m   Compiling[0m rustls-webpki v0.103.13
2026-10-07T21:49:53.5361649Z [1m[92m   Compiling[0m rustls v0.23.40
2026-10-07T21:49:59.5775346Z [1m[92m   Compiling[0m proto v0.1.0 (/home/runner/work/koda/koda/crates/proto)
2026-10-07T21:50:00.4445230Z [1m[92m   Compiling[0m telemetry_events v0.1.0 (/home/runner/work/koda/koda/crates/telemetry_events)
2026-10-07T21:50:00.7044956Z [1m[92m   Compiling[0m rope v0.1.0 (/home/runner/work/koda/koda/crates/rope)
2026-10-07T21:50:01.9494749Z [1m[92m   Compiling[0m net v0.1.0 (/home/runner/work/koda/koda/crates/net)
2026-10-07T21:50:02.0065136Z [1m[92m   Compiling[0m askpass v0.1.0 (/home/runner/work/koda/koda/crates/askpass)
2026-10-07T21:50:04.5094847Z [1m[92m   Compiling[0m clock v0.1.0 (/home/runner/work/koda/koda/crates/clock)
2026-10-07T21:50:04.7375019Z [1m[92m   Compiling[0m serde_path_to_error v0.1.20
2026-10-07T21:50:05.0860292Z [1m[92m   Compiling[0m inotify v0.11.0
2026-10-07T21:50:05.4816263Z [1m[92m   Compiling[0m settings_json v0.1.0 (/home/runner/work/koda/koda/crates/settings_json)
2026-10-07T21:50:05.9305033Z [1m[92m   Compiling[0m text v0.1.0 (/home/runner/work/koda/koda/crates/text)
2026-10-07T21:50:08.6905184Z [1m[92m   Compiling[0m telemetry v0.1.0 (/home/runner/work/koda/koda/crates/telemetry)
2026-10-07T21:50:08.8732883Z [1m[92m   Compiling[0m phf_generator v0.13.1
2026-10-07T21:50:09.0665518Z [1m[92m   Compiling[0m notify-types v2.1.0 (https://github.com/zed-industries/notify?rev=d842f16b2716bd60f09caf3ae3a894237ab38f54#d842f16b)
2026-10-07T21:50:09.3774180Z [1m[92m   Compiling[0m notify v9.0.0-rc.4 (https://github.com/zed-industries/notify?rev=d842f16b2716bd60f09caf3ae3a894237ab38f54#d842f16b)
2026-10-07T21:50:10.4695101Z [1m[92m   Compiling[0m settings_content v0.1.0 (/home/runner/work/koda/koda/crates/settings_content)
2026-10-07T21:50:32.3385357Z [1m[92m   Compiling[0m git v0.1.0 (/home/runner/work/koda/koda/crates/git)
2026-10-07T21:50:37.7554730Z [1m[92m   Compiling[0m tokio-rustls v0.26.4
2026-10-07T21:50:37.9885837Z [1m[92m   Compiling[0m trash v5.2.5 (https://github.com/zed-industries/trash-rs?rev=41c6c800d884a89351f3b8856d12894cccee261d#41c6c800)
2026-10-07T21:50:38.5845709Z [1m[92m   Compiling[0m fs v0.1.0 (/home/runner/work/koda/koda/crates/fs)
2026-10-07T21:50:41.7614563Z [1m[92m   Compiling[0m migrator v0.1.0 (/home/runner/work/koda/koda/crates/migrator)
2026-10-07T21:50:42.0948572Z [1m[92m   Compiling[0m tungstenite v0.28.0
2026-10-07T21:50:43.0514099Z [1m[92m   Compiling[0m settings v0.1.0 (/home/runner/work/koda/koda/crates/settings)
2026-10-07T21:50:43.0716553Z [1m[92m   Compiling[0m syntax_theme v0.1.0 (/home/runner/work/koda/koda/crates/syntax_theme)
2026-10-07T21:50:43.2478808Z [1m[92m   Compiling[0m phf_macros v0.13.1
2026-10-07T21:50:43.5075288Z [1m[92m   Compiling[0m theme v0.1.0 (/home/runner/work/koda/koda/crates/theme)
2026-10-07T21:50:43.9614607Z [1m[92m   Compiling[0m futures-util v0.3.34
2026-10-07T21:50:46.3434659Z [1m[92m   Compiling[0m phf v0.13.1
2026-10-07T21:50:46.4685655Z [1m[92m   Compiling[0m toml_datetime v0.6.11
2026-10-07T21:50:46.6945088Z [1m[92m   Compiling[0m serde_spanned v0.6.9
2026-10-07T21:50:46.7058400Z [1m[92m   Compiling[0m rand_core v0.6.4
2026-10-07T21:50:46.7925468Z [1m[92m   Compiling[0m toml_edit v0.22.27
2026-10-07T21:50:46.8539857Z [1m[92m   Compiling[0m h2 v0.4.19
2026-10-07T21:50:49.9855022Z [1m[92m   Compiling[0m toml v0.8.23
2026-10-07T21:50:50.7034757Z [1m[92m   Compiling[0m num-bigint-dig v0.8.6
2026-10-07T21:50:51.6765143Z [1m[92m   Compiling[0m hyper v1.11.1
2026-10-07T21:50:52.0044614Z [1m[92m   Compiling[0m async-tungstenite v0.33.0
2026-10-07T21:50:52.3724682Z [1m[92m   Compiling[0m signature v2.2.0
2026-10-07T21:50:52.4746503Z [1m[92m   Compiling[0m rsa v0.9.10
2026-10-07T21:50:52.7935105Z [1m[92m   Compiling[0m hyper-util v0.1.17
2026-10-07T21:50:53.1572646Z [1m[92m   Compiling[0m zed_actions v0.1.0 (/home/runner/work/koda/koda/crates/zed_actions)
2026-10-07T21:50:53.7322003Z [1m[92m   Compiling[0m language_core v0.1.0 (/home/runner/work/koda/koda/crates/language_core)
2026-10-07T21:50:54.4944752Z [1m[92m   Compiling[0m nucleo v0.5.0
2026-10-07T21:50:55.5925190Z [1m[92m   Compiling[0m task v0.1.0 (/home/runner/work/koda/koda/crates/task)
2026-10-07T21:50:56.0575031Z [1m[92m   Compiling[0m watch v0.1.0 (/home/runner/work/koda/koda/crates/watch)
2026-10-07T21:50:56.1964814Z [1m[92m   Compiling[0m rpc v0.1.0 (/home/runner/work/koda/koda/crates/rpc)
2026-10-07T21:50:56.4364714Z [1m[92m   Compiling[0m phf_codegen v0.13.1
2026-10-07T21:50:56.5225231Z [1m[92m   Compiling[0m fuzzy v0.1.0 (/home/runner/work/koda/koda/crates/fuzzy)
2026-10-07T21:50:57.0296239Z [1m[92m   Compiling[0m lsp-types v0.95.1 (https://github.com/zed-industries/lsp-types?rev=f1783e63a7f4eb4397bf51d4148b4895a1f7ab16#f1783e63)
2026-10-07T21:50:57.3954742Z [1m[92m   Compiling[0m zeroize v1.8.2
2026-10-07T21:50:57.5575611Z [1m[92m   Compiling[0m language v0.1.0 (/home/runner/work/koda/koda/crates/language)
2026-10-07T21:50:57.6984738Z [1m[92m   Compiling[0m rustls-pki-types v1.12.0
2026-10-07T21:50:58.1225303Z [1m[92m   Compiling[0m fuzzy_nucleo v0.1.0 (/home/runner/work/koda/koda/crates/fuzzy_nucleo)
2026-10-07T21:50:58.1604795Z [1m[92m   Compiling[0m tracing-core v0.1.35
2026-10-07T21:50:58.8745234Z [1m[92m   Compiling[0m ring v0.17.14
2026-10-07T21:50:59.2967026Z [1m[92m   Compiling[0m credentials_provider v0.1.0 (/home/runner/work/koda/koda/crates/credentials_provider)
2026-10-07T21:51:01.7464845Z [1m[92m   Compiling[0m rustls-platform-verifier v0.7.0
2026-10-07T21:51:01.9274748Z [1m[92m   Compiling[0m tiny_http v0.12.0
2026-10-07T21:51:02.9485453Z [1m[92m   Compiling[0m http_client_tls v0.1.0 (/home/runner/work/koda/koda/crates/http_client_tls)
2026-10-07T21:51:05.5275473Z [1m[92m   Compiling[0m lsp v0.1.0 (/home/runner/work/koda/koda/crates/lsp)
2026-10-07T21:51:05.6474809Z [1m[92m   Compiling[0m ciborium v0.2.2
2026-10-07T21:51:06.2458592Z [1m[92m   Compiling[0m rustls-native-certs v0.8.3
2026-10-07T21:51:06.6855021Z [1m[92m   Compiling[0m tower v0.5.2
2026-10-07T21:51:08.3905719Z [1m[92m   Compiling[0m gpui_tokio v0.1.0 (/home/runner/work/koda/koda/crates/gpui_tokio)
2026-10-07T21:51:08.6405327Z [1m[92m   Compiling[0m inout v0.1.4
2026-10-07T21:51:08.7408605Z [1m[92m   Compiling[0m password-hash v0.4.2
2026-10-07T21:51:08.9702608Z [1m[92m   Compiling[0m yawc v0.4.2
2026-10-07T21:51:09.0804798Z [1m[92m   Compiling[0m cipher v0.4.4
2026-10-07T21:51:09.2564668Z [1m[92m   Compiling[0m hyper-rustls v0.27.9
2026-10-07T21:51:09.4985441Z [1m[92m   Compiling[0m cloud_api_types v0.1.0 (/home/runner/work/koda/koda/crates/cloud_api_types)
2026-10-07T21:51:10.5565678Z [1m[92m   Compiling[0m hmac v0.12.1
2026-10-07T21:51:10.6538250Z [1m[92m   Compiling[0m pbkdf2 v0.11.0
2026-10-07T21:51:10.8185533Z [1m[92m   Compiling[0m cloud_api_client v0.1.0 (/home/runner/work/koda/koda/crates/cloud_api_client)
2026-10-07T21:51:11.6449894Z [1m[92m   Compiling[0m aes v0.8.4
2026-10-07T21:51:12.1775474Z [1m[92m   Compiling[0m icons v0.1.0 (/home/runner/work/koda/koda/crates/icons)
2026-10-07T21:51:12.1876959Z [1m[92m   Compiling[0m sha1 v0.10.6
2026-10-07T21:51:12.3744800Z [1m[92m   Compiling[0m zip v0.6.6
2026-10-07T21:51:12.6325038Z [1m[92m   Compiling[0m feature_flags v0.1.0 (/home/runner/work/koda/koda/crates/feature_flags)
2026-10-07T21:51:13.0975456Z [1m[92m   Compiling[0m worktree v0.1.0 (/home/runner/work/koda/koda/crates/worktree)
2026-10-07T21:51:13.2905425Z [1m[92m   Compiling[0m zed_credentials_provider v0.1.0 (/home/runner/work/koda/koda/crates/zed_credentials_provider)
2026-10-07T21:51:13.8194860Z [1m[92m   Compiling[0m proxy_handshake v0.1.0 (/home/runner/work/koda/koda/crates/proxy_handshake)
2026-10-07T21:51:14.1102333Z [1m[92m   Compiling[0m string_cache_codegen v0.6.1
2026-10-07T21:51:14.1994981Z [1m[92m   Compiling[0m selectors v0.37.0
2026-10-07T21:51:14.5205272Z [1m[92m   Compiling[0m web_atoms v0.2.6
2026-10-07T21:51:14.5962506Z [1m[92m   Compiling[0m cssparser v0.36.0
2026-10-07T21:51:15.2742786Z [1m[92m   Compiling[0m htmlize v1.1.0
2026-10-07T21:51:15.3100426Z [1m[92m   Compiling[0m string_cache v0.9.0
2026-10-07T21:51:15.4945822Z [1m[92m   Compiling[0m node_runtime v0.1.0 (/home/runner/work/koda/koda/crates/node_runtime)
2026-10-07T21:51:15.7295467Z [1m[92m   Compiling[0m client v0.1.0 (/home/runner/work/koda/koda/crates/client)
2026-10-07T21:51:16.7634516Z [1m[92m   Compiling[0m itertools v0.15.0
2026-10-07T21:51:18.3328809Z [1m[92m   Compiling[0m documented-macros v0.10.0
2026-10-07T21:51:19.4742307Z [1m[92m   Compiling[0m dap-types v0.0.1 (https://github.com/zed-industries/dap-types?rev=1b461b310481d01e02b2603c16d7144b926339f8#1b461b31)
2026-10-07T21:51:20.3634652Z [1m[92m   Compiling[0m markup5ever v0.39.0
2026-10-07T21:51:20.5174655Z [1m[92m   Compiling[0m documented v0.10.0
2026-10-07T21:51:20.6054873Z [1m[92m   Compiling[0m lol_html v3.0.1
2026-10-07T21:51:20.6194260Z [1m[92m   Compiling[0m json5 v1.3.1
2026-10-07T21:51:21.1205095Z [1m[92m   Compiling[0m granit-parser v1.0.0
2026-10-07T21:51:21.9944901Z [1m[92m   Compiling[0m component v0.1.0 (/home/runner/work/koda/koda/crates/component)
2026-10-07T21:51:22.2694836Z [1m[92m   Compiling[0m menu v0.1.0 (/home/runner/work/koda/koda/crates/menu)
2026-10-07T21:51:22.5019916Z [1m[92m   Compiling[0m dugong-graphlib v0.8.0-alpha.5
2026-10-07T21:51:22.6005172Z [1m[92m   Compiling[0m futures-lite v2.6.1
2026-10-07T21:51:23.2555147Z [1m[92m   Compiling[0m dap v0.1.0 (/home/runner/work/koda/koda/crates/dap)
2026-10-07T21:51:23.3365124Z [1m[92m   Compiling[0m merman-core v0.8.0-alpha.5
2026-10-07T21:51:23.3712839Z [1m[92m   Compiling[0m ui v0.1.0 (/home/runner/work/koda/koda/crates/ui)
2026-10-07T21:51:24.8331572Z [1m[92m   Compiling[0m dugong v0.8.0-alpha.5
2026-10-07T21:51:28.5274778Z [1m[92m   Compiling[0m icu_collator v2.3.0
2026-10-07T21:51:30.1324730Z [1m[92m   Compiling[0m pulldown-cmark v0.13.4
2026-10-07T21:51:31.5475210Z [1m[92m   Compiling[0m rustls-pemfile v2.2.0
2026-10-07T21:51:31.7094640Z [1m[92m   Compiling[0m tokio-socks v0.5.2
2026-10-07T21:51:32.1384690Z [1m[92m   Compiling[0m roughr-merman v0.12.3
2026-10-07T21:51:33.0005152Z [1m[92m   Compiling[0m env_var v0.1.0 (/home/runner/work/koda/koda/crates/env_var)
2026-10-07T21:51:33.1054612Z [1m[92m   Compiling[0m manatee v0.8.0-alpha.5
2026-10-07T21:51:34.9114631Z [1m[92m   Compiling[0m tar v0.4.46
2026-10-07T21:51:35.3732845Z [1m[92m   Compiling[0m zed-reqwest v0.12.15-zed (https://github.com/zed-industries/reqwest.git?rev=33bc764aa15ff7b200bf7c93bd96e24878d53e14#33bc764a)
2026-10-07T21:51:35.7434991Z [1m[92m   Compiling[0m extension v0.1.0 (/home/runner/work/koda/koda/crates/extension)
2026-10-07T21:51:37.6891581Z [1m[92m   Compiling[0m xml5ever v0.39.0
2026-10-07T21:51:38.2504506Z [1m[92m   Compiling[0m html5ever v0.39.0
2026-10-07T21:51:39.2244805Z [1m[92m   Compiling[0m merman-render v0.8.0-alpha.5
2026-10-07T21:51:39.5625700Z [1m[92m   Compiling[0m oauth_callback_server v0.1.0 (/home/runner/work/koda/koda/crates/oauth_callback_server)
2026-10-07T21:51:39.8551483Z [1m[92m   Compiling[0m theme_settings v0.1.0 (/home/runner/work/koda/koda/crates/theme_settings)
2026-10-07T21:51:39.9724853Z [1m[92m   Compiling[0m event-listener-strategy v0.5.4
2026-10-07T21:51:40.0590213Z [1m[92m   Compiling[0m bit-vec v0.8.0
2026-10-07T21:51:40.2738848Z [1m[92m   Compiling[0m vte v0.15.0
2026-10-07T21:51:40.8004961Z [1m[92m   Compiling[0m bit-set v0.8.0
2026-10-07T21:51:40.9205070Z [1m[92m   Compiling[0m android_tools v0.1.0 (/home/runner/work/koda/koda/crates/android_tools)
2026-10-07T21:51:41.5534962Z [1m[92m   Compiling[0m markup5ever_rcdom v0.39.0+unofficial
2026-10-07T21:51:41.8831759Z [1m[92m   Compiling[0m rustix-openpty v0.2.0
2026-10-07T21:51:42.0537619Z [1m[92m   Compiling[0m alacritty_terminal v0.26.1-dev (https://github.com/zed-industries/alacritty?rev=4c129667ce56611becdc82de6e28218c80e2e88f#4c129667)
2026-10-07T21:51:43.6054934Z [1m[92m   Compiling[0m fancy-regex v0.19.0
2026-10-07T21:51:45.1476967Z [1m[92m   Compiling[0m buffer_diff v0.1.0 (/home/runner/work/koda/koda/crates/buffer_diff)
2026-10-07T21:51:46.8087660Z [1m[92m   Compiling[0m async-channel v2.5.0
2026-10-07T21:51:47.2176388Z [1m[92m   Compiling[0m snippet v0.1.0 (/home/runner/work/koda/koda/crates/snippet)
2026-10-07T21:51:47.4571931Z [1m[92m   Compiling[0m snippet_provider v0.1.0 (/home/runner/work/koda/koda/crates/snippet_provider)
2026-10-07T21:51:49.2050375Z [1m[92m   Compiling[0m wax v0.7.0
2026-10-07T21:51:49.3317426Z [1m[92m   Compiling[0m terminal v0.1.0 (/home/runner/work/koda/koda/crates/terminal)
2026-10-07T21:51:52.1354884Z [1m[92m   Compiling[0m context_server v0.1.0 (/home/runner/work/koda/koda/crates/context_server)
2026-10-07T21:51:56.1024945Z [1m[92m   Compiling[0m prettier v0.1.0 (/home/runner/work/koda/koda/crates/prettier)
2026-10-07T21:51:56.8134654Z [1m[92m   Compiling[0m remote v0.1.0 (/home/runner/work/koda/koda/crates/remote)
2026-10-07T21:51:58.1215131Z [1m[92m   Compiling[0m git_hosting_providers v0.1.0 (/home/runner/work/koda/koda/crates/git_hosting_providers)
2026-10-07T21:52:00.2684661Z [1m[92m   Compiling[0m merman v0.8.0-alpha.5
2026-10-07T21:52:00.6475205Z [1m[92m   Compiling[0m mermaid_render v0.1.0 (/home/runner/work/koda/koda/crates/mermaid_render)
2026-10-07T21:52:01.3055578Z [1m[92m   Compiling[0m markdown v0.1.0 (/home/runner/work/koda/koda/crates/markdown)
2026-10-07T21:52:01.4874739Z [1m[92m   Compiling[0m piper v0.2.4
2026-10-07T21:52:01.6505167Z [1m[92m   Compiling[0m blocking v1.6.2
2026-10-07T21:52:01.8974589Z [1m[92m   Compiling[0m async-lock v3.4.2
2026-10-07T21:52:02.4275285Z [1m[92m   Compiling[0m language_model v0.1.0 (/home/runner/work/koda/koda/crates/language_model)
2026-10-07T21:52:03.2490730Z [1m[92m   Compiling[0m libsqlite3-sys v0.30.1
2026-10-07T21:52:03.7133757Z [1m[92m   Compiling[0m compression-codecs v0.4.31
2026-10-07T21:52:03.8654527Z [1m[92m   Compiling[0m getrandom v0.3.4
2026-10-07T21:52:04.1124412Z [1m[92m   Compiling[0m async-compression v0.4.32
2026-10-07T21:52:05.3585551Z [1m[92m   Compiling[0m async-fs v2.2.0
2026-10-07T21:52:06.1894783Z [1m[92m   Compiling[0m async-executor v1.13.3
2026-10-07T21:52:06.4924694Z [1m[92m   Compiling[0m futures-executor v0.3.34
2026-10-07T21:52:06.7164614Z [1m[92m   Compiling[0m scopeguard v1.2.0
2026-10-07T21:52:06.7741817Z [1m[92m   Compiling[0m lock_api v0.4.14
2026-10-07T21:52:07.0514566Z [1m[92m   Compiling[0m futures v0.3.34
2026-10-07T21:52:07.3449731Z [1m[92m   Compiling[0m async_zip v0.0.18
2026-10-07T21:52:10.6954839Z [1m[92m   Compiling[0m sqlez v0.1.0 (/home/runner/work/koda/koda/crates/sqlez)
2026-10-07T21:52:12.0055610Z [1m[92m   Compiling[0m zed_env_vars v0.1.0 (/home/runner/work/koda/koda/crates/zed_env_vars)
2026-10-07T21:52:12.0925237Z [1m[92m   Compiling[0m ui_input v0.1.0 (/home/runner/work/koda/koda/crates/ui_input)
2026-10-07T21:52:12.3656785Z [1m[92m   Compiling[0m sqlez_macros v0.1.0 (/home/runner/work/koda/koda/crates/sqlez_macros)
2026-10-07T21:52:12.4562662Z [1m[92m   Compiling[0m edit_prediction_types v0.1.0 (/home/runner/work/koda/koda/crates/edit_prediction_types)
2026-10-07T21:52:12.7845301Z [1m[92m   Compiling[0m db v0.1.0 (/home/runner/work/koda/koda/crates/db)
2026-10-07T21:52:13.0035127Z [1m[92m   Compiling[0m file_icons v0.1.0 (/home/runner/work/koda/koda/crates/file_icons)
2026-10-07T21:52:13.3275283Z [1m[92m   Compiling[0m session v0.1.0 (/home/runner/work/koda/koda/crates/session)
2026-10-07T21:52:13.3364244Z [1m[92m   Compiling[0m multi_buffer v0.1.0 (/home/runner/work/koda/koda/crates/multi_buffer)
2026-10-07T21:52:13.7355125Z [1m[92m   Compiling[0m assets v0.1.0 (/home/runner/work/koda/koda/crates/assets)
2026-10-07T21:52:13.9799274Z [1m[92m   Compiling[0m vim_mode_setting v0.1.0 (/home/runner/work/koda/koda/crates/vim_mode_setting)
2026-10-07T21:52:14.1063738Z [1m[92m   Compiling[0m toml_datetime v0.7.3
2026-10-07T21:52:14.3065296Z [1m[92m   Compiling[0m language_detection v0.1.0 (/home/runner/work/koda/koda/crates/language_detection)
2026-10-07T21:52:14.4115147Z [1m[92m   Compiling[0m emojis v0.9.0
2026-10-07T21:52:14.9269915Z [1m[92m   Compiling[0m toml_edit v0.23.7
2026-10-07T21:52:15.3938322Z [1m[92m   Compiling[0m const-random-macro v0.1.16
2026-10-07T21:52:15.6204792Z [1m[92m   Compiling[0m proc-macro-crate v3.4.0
2026-10-07T21:52:15.9284643Z [1m[92m   Compiling[0m const-random v0.1.18
2026-10-07T21:52:15.9744393Z [1m[92m   Compiling[0m ahash v0.8.12
2026-10-07T21:52:16.0575416Z [1m[92m   Compiling[0m terminal_size v0.4.3
2026-10-07T21:52:16.1727005Z [1m[92m   Compiling[0m clap_builder v4.5.49
2026-10-07T21:52:16.1812296Z [1m[92m   Compiling[0m bytes-utils v0.1.4
2026-10-07T21:52:16.3985080Z [1m[92m   Compiling[0m aws-smithy-types v1.4.7
2026-10-07T21:52:17.5096028Z [1m[92m   Compiling[0m pet-fs v0.1.0 (https://github.com/zed-industries/python-environment-tools.git?rev=5aad7164bfc2a58977b103c8ef8fdd7302ed2e9f#5aad7164)
2026-10-07T21:52:17.6624807Z [1m[92m   Compiling[0m serde_spanned v1.0.3
2026-10-07T21:52:17.7374671Z [1m[92m   Compiling[0m toml v0.9.8
2026-10-07T21:52:17.7455323Z [1m[92m   Compiling[0m env_logger v0.10.2
2026-10-07T21:52:18.1804525Z [1m[92m   Compiling[0m clap v4.5.49
2026-10-07T21:52:18.2162728Z [1m[92m   Compiling[0m cfg-expr v0.20.9
2026-10-07T21:52:18.2424653Z [1m[92m   Compiling[0m pet-core v0.1.0 (https://github.com/zed-industries/python-environment-tools.git?rev=5aad7164bfc2a58977b103c8ef8fdd7302ed2e9f#5aad7164)
2026-10-07T21:52:18.7433968Z [1m[92m   Compiling[0m system-deps v7.0.7
2026-10-07T21:52:19.1564763Z [1m[92m   Compiling[0m zvariant_utils v3.3.1
2026-10-07T21:52:19.2704642Z [1m[92m   Compiling[0m enumflags2 v0.7.12
2026-10-07T21:52:19.4233689Z [1m[92m   Compiling[0m aws-smithy-async v1.2.14
2026-10-07T21:52:19.4600643Z [1m[92m   Compiling[0m pet-python-utils v0.1.0 (https://github.com/zed-industries/python-environment-tools.git?rev=5aad7164bfc2a58977b103c8ef8fdd7302ed2e9f#5aad7164)
2026-10-07T21:52:19.6479123Z [1m[92m   Compiling[0m aws-smithy-runtime-api v1.11.4
2026-10-07T21:52:19.6650120Z [1m[92m   Compiling[0m zvariant_derive v5.11.0
2026-10-07T21:52:20.6805045Z [1m[92m   Compiling[0m hashbrown v0.14.5
2026-10-07T21:52:20.7493226Z [1m[92m   Compiling[0m fs-set-times v0.20.3
2026-10-07T21:52:20.8882954Z [1m[92m   Compiling[0m glib-sys v0.21.5
2026-10-07T21:52:21.0454453Z [1m[92m   Compiling[0m tower-http v0.6.11
2026-10-07T21:52:21.1804623Z [1m[92m   Compiling[0m pbjson-build v0.9.0
2026-10-07T21:52:21.2704807Z [1m[92m   Compiling[0m rustix-linux-procfs v0.1.1
2026-10-07T21:52:21.4336322Z [1m[92m   Compiling[0m cap-primitives v4.0.3
2026-10-07T21:52:21.5245108Z [1m[92m   Compiling[0m reqwest v0.12.24
2026-10-07T21:52:21.9074909Z [1m[92m   Compiling[0m pbjson-types v0.9.0
2026-10-07T21:52:22.2315121Z [1m[92m   Compiling[0m syn v2.0.117
2026-10-07T21:52:22.5645029Z [1m[92m   Compiling[0m wayland-sys v0.31.11
2026-10-07T21:52:22.9004538Z [1m[92m   Compiling[0m zvariant v5.11.0
2026-10-07T21:52:25.5025176Z [1m[92m   Compiling[0m project v0.1.0 (/home/runner/work/koda/koda/crates/project)
2026-10-07T21:52:25.8734698Z [1m[92m   Compiling[0m gobject-sys v0.21.5
2026-10-07T21:52:26.0364879Z [1m[92m   Compiling[0m aws-smithy-eventstream v0.60.20
2026-10-07T21:52:26.9621570Z [1m[92m   Compiling[0m phf_generator v0.11.3
2026-10-07T21:52:27.1564418Z [1m[92m   Compiling[0m cxx-build v1.0.187
2026-10-07T21:52:28.5355523Z [1m[92m   Compiling[0m aws-smithy-http v0.63.4
2026-10-07T21:52:29.5644814Z [1m[92m   Compiling[0m zbus_names v4.3.2
2026-10-07T21:52:30.2635777Z [1m[92m   Compiling[0m webrtc-sys-build v0.3.13 (https://github.com/zed-industries/livekit-rust-sdks?rev=0a1c519cfce9b365229026b55de9b9dbdb6fed3c#0a1c519c)
2026-10-07T21:52:30.7465854Z [1m[92m   Compiling[0m cap-std v4.0.3
2026-10-07T21:52:30.9481103Z [1m[92m   Compiling[0m aws-credential-types v1.2.12
2026-10-07T21:52:31.3635471Z [1m[92m   Compiling[0m gio-sys v0.21.5
2026-10-07T21:52:31.5145826Z [1m[92m   Compiling[0m tokio-stream v0.1.17
2026-10-07T21:52:31.6304674Z [1m[92m   Compiling[0m aws-types v1.3.12
2026-10-07T21:52:31.7884597Z [1m[92m   Compiling[0m symphonia-core v0.5.5
2026-10-07T21:52:31.9684643Z [1m[92m   Compiling[0m pbjson v0.9.0
2026-10-07T21:52:32.0621289Z [1m[92m   Compiling[0m serde_bytes v0.11.19
2026-10-07T21:52:34.9965520Z [1m[92m   Compiling[0m livekit-runtime v0.4.0 (https://github.com/zed-industries/livekit-rust-sdks?rev=0a1c519cfce9b365229026b55de9b9dbdb6fed3c#0a1c519c)
2026-10-07T21:52:35.1314620Z [1m[92m   Compiling[0m cap-fs-ext v4.0.3
2026-10-07T21:52:35.4755598Z [1m[92m   Compiling[0m webrtc-sys v0.3.23 (https://github.com/zed-industries/livekit-rust-sdks?rev=0a1c519cfce9b365229026b55de9b9dbdb6fed3c#0a1c519c)
2026-10-07T21:52:35.5590237Z [1m[92m   Compiling[0m phf_macros v0.11.3
2026-10-07T21:52:36.2084466Z [1m[92m   Compiling[0m hashlink v0.8.4
2026-10-07T21:52:36.2463341Z [1m[92m   Compiling[0m aws-smithy-observability v0.2.5
2026-10-07T21:52:36.4713352Z [1m[92m   Compiling[0m channel v0.1.0 (/home/runner/work/koda/koda/crates/channel)
2026-10-07T21:52:36.4880475Z [1m[92m   Compiling[0m wasmtime-wasi-io v48.0.1
2026-10-07T21:52:37.6755446Z [1m[92m   Compiling[0m open_ai v0.1.0 (/home/runner/work/koda/koda/crates/open_ai)
2026-10-07T21:52:38.4353750Z [1m[92m   Compiling[0m anthropic v0.1.0 (/home/runner/work/koda/koda/crates/anthropic)
2026-10-07T21:52:41.4844699Z [1m[92m   Compiling[0m cxxbridge-macro v1.0.187
2026-10-07T21:52:42.6654522Z [1m[92m   Compiling[0m moka v0.12.11
2026-10-07T21:52:43.5314795Z [1m[92m   Compiling[0m wasmtime-wasi v48.0.1
2026-10-07T21:52:45.3035200Z [1m[92m   Compiling[0m cxx v1.0.187
2026-10-07T21:52:45.9134910Z [1m[92m   Compiling[0m yaml-rust2 v0.8.1
2026-10-07T21:52:46.8325249Z [1m[92m   Compiling[0m aws-smithy-runtime v1.10.1
2026-10-07T21:52:55.1108295Z [1m[92m   Compiling[0m phf v0.11.3
2026-10-07T21:52:56.5255031Z [1m[92m   Compiling[0m agent_settings v0.1.0 (/home/runner/work/koda/koda/crates/agent_settings)
2026-10-07T21:52:57.9615417Z [1m[92m   Compiling[0m workspace v0.1.0 (/home/runner/work/koda/koda/crates/workspace)
2026-10-07T21:53:01.7735680Z [1m[92m   Compiling[0m livekit-protocol v0.7.1 (https://github.com/zed-industries/livekit-rust-sdks?rev=0a1c519cfce9b365229026b55de9b9dbdb6fed3c#0a1c519c)
2026-10-07T21:53:12.2171780Z [1m[92m   Compiling[0m breadcrumbs v0.1.0 (/home/runner/work/koda/koda/crates/breadcrumbs)
2026-10-07T21:53:12.8848989Z [1m[92m   Compiling[0m editor v0.1.0 (/home/runner/work/koda/koda/crates/editor)
2026-10-07T21:53:20.4465660Z [1m[92m   Compiling[0m picker v0.1.0 (/home/runner/work/koda/koda/crates/picker)
2026-10-07T21:53:21.9972576Z [1m[92m   Compiling[0m command_palette_hooks v0.1.0 (/home/runner/work/koda/koda/crates/command_palette_hooks)
2026-10-07T21:53:23.7754888Z [1m[92m   Compiling[0m symphonia-metadata v0.5.5
2026-10-07T21:53:24.2829028Z [1m[92m   Compiling[0m aws-sigv4 v1.4.0
2026-10-07T21:53:25.0796193Z [1m[92m   Compiling[0m pet-virtualenv v0.1.0 (https://github.com/zed-industries/python-environment-tools.git?rev=5aad7164bfc2a58977b103c8ef8fdd7302ed2e9f#5aad7164)
2026-10-07T21:53:25.2294905Z [1m[92m   Compiling[0m glib-macros v0.21.5
2026-10-07T21:53:28.9528774Z [1m[92m   Compiling[0m symphonia-format-riff v0.5.5
2026-10-07T21:53:29.2061970Z [1m[92m   Compiling[0m glib v0.21.5
2026-10-07T21:53:37.4655075Z [1m[92m   Compiling[0m picker_preview v0.1.0 (/home/runner/work/koda/koda/crates/picker_preview)
2026-10-07T21:53:38.5734827Z [1m[92m   Compiling[0m aws-runtime v1.7.0
2026-10-07T21:53:40.4124724Z [1m[92m   Compiling[0m alsa v0.10.0
2026-10-07T21:53:41.7955140Z [1m[92m   Compiling[0m auto_update v0.1.0 (/home/runner/work/koda/koda/crates/auto_update)
2026-10-07T21:53:43.9695144Z [1m[92m   Compiling[0m notifications v0.1.0 (/home/runner/work/koda/koda/crates/notifications)
2026-10-07T21:53:45.4771866Z [1m[92m   Compiling[0m extension_host v0.1.0 (/home/runner/work/koda/koda/crates/extension_host)
2026-10-07T21:53:52.7594652Z [1m[92m   Compiling[0m doxygen-rs v0.4.2
2026-10-07T21:53:53.0577597Z [1m[92m   Compiling[0m copilot_chat v0.1.0 (/home/runner/work/koda/koda/crates/copilot_chat)
2026-10-07T21:53:56.8284812Z [1m[92m   Compiling[0m symphonia-codec-pcm v0.5.5
2026-10-07T21:53:57.2077041Z [1m[92m   Compiling[0m aws-smithy-json v0.62.5
2026-10-07T21:53:57.6314525Z [1m[92m   Compiling[0m quick-xml v0.39.3
2026-10-07T21:53:59.1664635Z [1m[92m   Compiling[0m bincode v1.3.3
2026-10-07T21:53:59.5897689Z [1m[92m   Compiling[0m cpal v0.17.1
2026-10-07T21:53:59.9165893Z [1m[92m   Compiling[0m symphonia v0.5.5
2026-10-07T21:54:00.0084937Z [1m[92m   Compiling[0m copilot v0.1.0 (/home/runner/work/koda/koda/crates/copilot)
2026-10-07T21:54:00.3075169Z [1m[92m   Compiling[0m lmdb-master-sys v0.2.5
2026-10-07T21:54:00.4984675Z [1m[92m   Compiling[0m zbus_macros v5.13.2
2026-10-07T21:54:03.1184876Z [1m[92m   Compiling[0m wayland-backend v0.3.15
2026-10-07T21:54:03.3145571Z [1m[92m   Compiling[0m rodio v0.21.1 (https://github.com/RustAudio/rodio?rev=e50e726ddd0292f6ef9de0dda6b90af4ed1fb66a#e50e726d)
2026-10-07T21:54:04.4171487Z [1m[92m   Compiling[0m zbus v5.13.2
2026-10-07T21:54:04.8396774Z [1m[92m   Compiling[0m copilot_ui v0.1.0 (/home/runner/work/koda/koda/crates/copilot_ui)
2026-10-07T21:54:08.0805877Z [1m[92m   Compiling[0m pet-jsonrpc v0.1.0 (https://github.com/zed-industries/python-environment-tools.git?rev=5aad7164bfc2a58977b103c8ef8fdd7302ed2e9f#5aad7164)
2026-10-07T21:54:08.3466110Z [1m[92m   Compiling[0m ai_onboarding v0.1.0 (/home/runner/work/koda/koda/crates/ai_onboarding)
2026-10-07T21:54:09.5024774Z [1m[92m   Compiling[0m ollama v0.1.0 (/home/runner/work/koda/koda/crates/ollama)
2026-10-07T21:54:10.6249191Z [1m[92m   Compiling[0m heed-types v0.21.0
2026-10-07T21:54:10.7716276Z [1m[92m   Compiling[0m pet-reporter v0.1.0 (https://github.com/zed-industries/python-environment-tools.git?rev=5aad7164bfc2a58977b103c8ef8fdd7302ed2e9f#5aad7164)
2026-10-07T21:54:11.2904752Z [1m[92m   Compiling[0m serde_with v3.22.0
2026-10-07T21:54:13.6036946Z [1m[92m   Compiling[0m wayland-client v0.31.11
2026-10-07T21:54:13.6038159Z [1m[92m   Compiling[0m zbus_xml v5.1.1
2026-10-07T21:54:14.3755180Z [1m[92m   Compiling[0m remote_connection v0.1.0 (/home/runner/work/koda/koda/crates/remote_connection)
2026-10-07T21:54:15.4274744Z [1m[92m   Compiling[0m serde_yaml_ng v0.10.0
2026-10-07T21:54:15.6692922Z [1m[92m   Compiling[0m google_ai v0.1.0 (/home/runner/work/koda/koda/crates/google_ai)
2026-10-07T21:54:16.9347459Z [1m[92m   Compiling[0m spirv v0.4.0+sdk-1.4.341.0
2026-10-07T21:54:17.1338614Z [1m[92m   Compiling[0m heed v0.21.0
2026-10-07T21:54:17.5552839Z [1m[92m   Compiling[0m agent_skills v0.1.0 (/home/runner/work/koda/koda/crates/agent_skills)
2026-10-07T21:54:18.0955001Z [1m[92m   Compiling[0m http_proxy v0.1.0 (/home/runner/work/koda/koda/crates/http_proxy)
2026-10-07T21:54:18.3464647Z [1m[92m   Compiling[0m naga v29.0.4
2026-10-07T21:54:18.8814895Z [1m[92m   Compiling[0m handlebars v4.5.0
2026-10-07T21:54:18.9170435Z [1m[92m   Compiling[0m zbus-lockstep v0.5.2
2026-10-07T21:54:19.0869308Z [1m[92m   Compiling[0m agent-client-protocol-schema v1.9.1
2026-10-07T21:54:22.6695208Z [1m[92m   Compiling[0m open_path_prompt v0.1.0 (/home/runner/work/koda/koda/crates/open_path_prompt)
2026-10-07T21:54:24.4935784Z [1m[92m   Compiling[0m aws-smithy-query v0.60.15
2026-10-07T21:54:24.6208649Z [1m[92m   Compiling[0m wgpu-types v29.0.4
2026-10-07T21:54:26.9074644Z [1m[92m   Compiling[0m gpu-descriptor-types v0.2.0
2026-10-07T21:54:27.1011810Z [1m[92m   Compiling[0m cached v0.56.0
2026-10-07T21:54:27.3598068Z [1m[92m   Compiling[0m gpu-allocator v0.28.0
2026-10-07T21:54:28.0214962Z [1m[92m   Compiling[0m sandbox v0.1.0 (/home/runner/work/koda/koda/crates/sandbox)
2026-10-07T21:54:28.9428184Z [1m[92m   Compiling[0m gpu-descriptor v0.3.2
2026-10-07T21:54:29.1364627Z [1m[92m   Compiling[0m wgpu-naga-bridge v29.0.4
2026-10-07T21:54:29.2239813Z [1m[92m   Compiling[0m aws-sdk-sts v1.98.0
2026-10-07T21:54:33.3468869Z [1m[92m   Compiling[0m prompt_store v0.1.0 (/home/runner/work/koda/koda/crates/prompt_store)
2026-10-07T21:54:35.0585060Z [1m[92m   Compiling[0m zbus-lockstep-macros v0.5.2
2026-10-07T21:54:35.1665245Z [1m[92m   Compiling[0m git_ui_core v0.1.0 (/home/runner/work/koda/koda/crates/git_ui_core)
2026-10-07T21:54:35.4405720Z [1m[92m   Compiling[0m pet-conda v0.1.0 (https://github.com/zed-industries/python-environment-tools.git?rev=5aad7164bfc2a58977b103c8ef8fdd7302ed2e9f#5aad7164)
2026-10-07T21:54:36.9265062Z [1m[92m   Compiling[0m aws-sdk-bedrockruntime v1.125.0
2026-10-07T21:54:39.4176906Z [1m[92m   Compiling[0m agent-client-protocol v2.2.0
2026-10-07T21:54:43.8844021Z [1m[92m   Compiling[0m aws-sdk-ssooidc v1.96.0
2026-10-07T21:54:45.8785001Z [1m[92m   Compiling[0m aws-sdk-sso v1.94.0
2026-10-07T21:54:46.5884427Z [1m[92m   Compiling[0m search v0.1.0 (/home/runner/work/koda/koda/crates/search)
2026-10-07T21:54:48.2095144Z [1m[92m   Compiling[0m action_log v0.1.0 (/home/runner/work/koda/koda/crates/action_log)
2026-10-07T21:54:49.8810095Z [1m[92m   Compiling[0m tokio-tungstenite v0.28.0
2026-10-07T21:54:50.1596519Z [1m[92m   Compiling[0m pathfinder_simd v0.5.6
2026-10-07T21:54:50.2954747Z [1m[92m   Compiling[0m x_ai v0.1.0 (/home/runner/work/koda/koda/crates/x_ai)
2026-10-07T21:54:50.5214615Z [1m[92m   Compiling[0m num-traits v0.2.19
2026-10-07T21:54:50.5959373Z [1m[92m   Compiling[0m wgpu-hal v29.0.4
2026-10-07T21:54:50.7065942Z [1m[92m   Compiling[0m brush-parser v0.3.0
2026-10-07T21:54:52.8345975Z [1m[92m   Compiling[0m x_ai_subscribed v0.1.0 (/home/runner/work/koda/koda/crates/x_ai_subscribed)
2026-10-07T21:54:53.6621867Z [1m[92m   Compiling[0m livekit-api v0.4.14 (https://github.com/zed-industries/livekit-rust-sdks?rev=0a1c519cfce9b365229026b55de9b9dbdb6fed3c#0a1c519c)
2026-10-07T21:54:54.0005654Z [1m[92m   Compiling[0m acp_thread v0.1.0 (/home/runner/work/koda/koda/crates/acp_thread)
2026-10-07T21:54:54.4594585Z [1m[92m   Compiling[0m aws-config v1.8.14
2026-10-07T21:54:56.4573770Z [1m[92m   Compiling[0m bedrock v0.1.0 (/home/runner/work/koda/koda/crates/bedrock)
2026-10-07T21:54:57.2942864Z [1m[92m   Compiling[0m atspi-common v0.13.0
2026-10-07T21:54:58.4304750Z [1m[92m   Compiling[0m opencode v0.1.0 (/home/runner/work/koda/koda/crates/opencode)
2026-10-07T21:54:58.8215489Z [1m[92m   Compiling[0m language_models_cloud v0.1.0 (/home/runner/work/koda/koda/crates/language_models_cloud)
2026-10-07T21:54:59.2969889Z [1m[92m   Compiling[0m wayland-protocols v0.32.9
2026-10-07T21:54:59.5999015Z [1m[92m   Compiling[0m platform_title_bar v0.1.0 (/home/runner/work/koda/koda/crates/platform_title_bar)
2026-10-07T21:55:00.9462014Z [1m[92m   Compiling[0m openai_subscribed v0.1.0 (/home/runner/work/koda/koda/crates/openai_subscribed)
2026-10-07T21:55:02.3075040Z [1m[92m   Compiling[0m open_router v0.1.0 (/home/runner/work/koda/koda/crates/open_router)
2026-10-07T21:55:02.7101704Z [1m[92m   Compiling[0m aws_http_client v0.1.0 (/home/runner/work/koda/koda/crates/aws_http_client)
2026-10-07T21:55:02.9725587Z [1m[92m   Compiling[0m html_to_markdown v0.1.0 (/home/runner/work/koda/koda/crates/html_to_markdown)
2026-10-07T21:55:03.8705089Z [1m[92m   Compiling[0m lmstudio v0.1.0 (/home/runner/work/koda/koda/crates/lmstudio)
2026-10-07T21:55:03.9611736Z [1m[92m   Compiling[0m llama_cpp v0.1.0 (/home/runner/work/koda/koda/crates/llama_cpp)
2026-10-07T21:55:04.8335575Z [1m[92m   Compiling[0m web_search v0.1.0 (/home/runner/work/koda/koda/crates/web_search)
2026-10-07T21:55:05.1495333Z [1m[92m   Compiling[0m bmrng v0.5.2
2026-10-07T21:55:05.1594501Z [1m[92m   Compiling[0m deepseek v0.1.0 (/home/runner/work/koda/koda/crates/deepseek)
2026-10-07T21:55:05.3005098Z [1m[92m   Compiling[0m mistral v0.1.0 (/home/runner/work/koda/koda/crates/mistral)
2026-10-07T21:55:06.2146083Z [1m[92m   Compiling[0m fluent-uri v0.4.1
2026-10-07T21:55:06.2645842Z [1m[92m   Compiling[0m edit_prediction_metrics v0.1.0 (/home/runner/work/koda/koda/crates/edit_prediction_metrics)
2026-10-07T21:55:06.5892932Z [1m[92m   Compiling[0m language_models v0.1.0 (/home/runner/work/koda/koda/crates/language_models)
2026-10-07T21:55:07.0006025Z [1m[92m   Compiling[0m agent_servers v0.1.0 (/home/runner/work/koda/koda/crates/agent_servers)
2026-10-07T21:55:07.8735371Z [1m[92m   Compiling[0m wgpu-core-deps-windows-linux-android v29.0.4
2026-10-07T21:55:08.3251728Z [1m[92m   Compiling[0m shell_command_parser v0.1.0 (/home/runner/work/koda/koda/crates/shell_command_parser)
2026-10-07T21:55:09.5064985Z [1m[92m   Compiling[0m terminal_view v0.1.0 (/home/runner/work/koda/koda/crates/terminal_view)
2026-10-07T21:55:14.4735193Z [1m[92m   Compiling[0m edit_prediction_context v0.1.0 (/home/runner/work/koda/koda/crates/edit_prediction_context)
2026-10-07T21:55:14.9394552Z [1m[92m   Compiling[0m serde_yaml v0.9.34+deprecated
2026-10-07T21:55:16.4580026Z [1m[92m   Compiling[0m streaming_diff v0.1.0 (/home/runner/work/koda/koda/crates/streaming_diff)
2026-10-07T21:55:17.0146479Z [1m[92m   Compiling[0m nanoid v0.4.0
2026-10-07T21:55:17.1491309Z [1m[92m   Compiling[0m half v2.7.1
2026-10-07T21:55:17.1934879Z [1m[92m   Compiling[0m referencing v0.51.0
2026-10-07T21:55:17.5302850Z [1m[92m   Compiling[0m jsonschema-value v0.51.0
2026-10-07T21:55:18.3012446Z [1m[92m   Compiling[0m agent v0.1.0 (/home/runner/work/koda/koda/crates/agent)
2026-10-07T21:55:18.4578367Z [1m[92m   Compiling[0m dev_container v0.1.0 (/home/runner/work/koda/koda/crates/dev_container)
2026-10-07T21:55:19.4145876Z [1m[92m   Compiling[0m edit_prediction v0.1.0 (/home/runner/work/koda/koda/crates/edit_prediction)
2026-10-07T21:55:25.0764761Z [1m[92m   Compiling[0m pxfm v0.1.25
2026-10-07T21:55:25.3835469Z [1m[92m   Compiling[0m pathfinder_geometry v0.5.1
2026-10-07T21:55:25.5324869Z [1m[92m   Compiling[0m wgpu-core v29.0.4
2026-10-07T21:55:27.4014979Z [1m[92m   Compiling[0m atspi-proxies v0.13.0
2026-10-07T21:55:29.0004672Z [1m[92m   Compiling[0m harfrust v0.5.0
2026-10-07T21:55:32.7729302Z [1m[92m   Compiling[0m jupyter-protocol v1.4.0
2026-10-07T21:55:35.0045169Z [1m[92m   Compiling[0m accesskit_consumer v0.38.0
2026-10-07T21:55:35.9107781Z [1m[92m   Compiling[0m gethostname v1.1.0
2026-10-07T21:55:35.9594626Z [1m[92m   Compiling[0m debugid v0.8.0
2026-10-07T21:55:36.0134630Z [1m[92m   Compiling[0m process-reader v0.1.0
2026-10-07T21:55:36.1404749Z [1m[92m   Compiling[0m email_address v0.2.9
2026-10-07T21:55:36.3372313Z [1m[92m   Compiling[0m bytemuck v1.24.0
2026-10-07T21:55:36.3534854Z [1m[92m   Compiling[0m cosmic-text v0.19.0
2026-10-07T21:55:36.5944936Z [1m[92m   Compiling[0m qoi v0.4.1
2026-10-07T21:55:36.7974154Z [1m[92m   Compiling[0m x11rb v0.13.2
2026-10-07T21:55:36.8127211Z [1m[92m   Compiling[0m goblin v0.9.3
2026-10-07T21:55:38.6926728Z [1m[92m   Compiling[0m zed-font-kit v0.14.1-zed (https://github.com/zed-industries/font-kit?rev=94b0f28166665e8fd2f53ff6d268a14955c82269#94b0f281)
2026-10-07T21:55:38.7788615Z [1m[92m   Compiling[0m minidump-common v0.26.1
2026-10-07T21:55:39.5385467Z [1m[92m   Compiling[0m jsonschema v0.51.0
2026-10-07T21:55:40.8586148Z [1m[92m   Compiling[0m process-backend v0.1.0
2026-10-07T21:55:41.1864969Z [1m[92m   Compiling[0m accesskit_atspi_common v0.19.1
2026-10-07T21:55:42.1834989Z [1m[92m   Compiling[0m wgpu v29.0.4
2026-10-07T21:55:42.2315589Z [1m[92m   Compiling[0m atspi v0.29.0
2026-10-07T21:55:42.3007539Z [1m[92m   Compiling[0m moxcms v0.8.1
2026-10-07T21:55:45.3855260Z [1m[92m   Compiling[0m recent_projects v0.1.0 (/home/runner/work/koda/koda/crates/recent_projects)
2026-10-07T21:55:49.3891629Z [1m[92m   Compiling[0m num-bigint-dig v0.9.1
2026-10-07T21:55:50.0886770Z [1m[92m   Compiling[0m xim-parser v0.2.1 (https://github.com/zed-industries/xim-rs.git?rev=16f35a2c881b815a2b6cdfd6687988e84f8447d8#16f35a2c)
2026-10-07T21:55:50.5984637Z [1m[92m   Compiling[0m tiff v0.11.3
2026-10-07T21:55:52.0715828Z [1m[92m   Compiling[0m ashpd v0.13.5
2026-10-07T21:55:53.9522079Z [1m[92m   Compiling[0m command_palette v0.1.0 (/home/runner/work/koda/koda/crates/command_palette)
2026-10-07T21:55:54.1135904Z [1m[92m   Compiling[0m hkdf v0.12.4
2026-10-07T21:55:54.2105635Z [1m[92m   Compiling[0m pbkdf2 v0.12.2
2026-10-07T21:55:54.2815405Z [1m[92m   Compiling[0m procfs-core v0.18.0
2026-10-07T21:55:54.8224678Z [1m[92m   Compiling[0m calloop v0.14.3 (https://github.com/zed-industries/calloop#eb6b4fd1)
2026-10-07T21:55:55.5664703Z [1m[92m   Compiling[0m error-graph v0.1.1
2026-10-07T21:55:55.6734046Z [1m[92m   Compiling[0m pathdiff v0.2.3
2026-10-07T21:55:55.7424693Z [1m[92m   Compiling[0m open v5.3.2
2026-10-07T21:55:55.8815578Z [1m[92m   Compiling[0m system_specs v0.1.0 (/home/runner/work/koda/koda/crates/system_specs)
2026-10-07T21:55:56.3704938Z [1m[92m   Compiling[0m oo7 v0.6.0
2026-10-07T21:55:57.0324543Z [1m[92m   Compiling[0m zeromq v0.5.0
2026-10-07T21:55:59.6881266Z [1m[92m   Compiling[0m calloop-wayland-source v0.4.1
2026-10-07T21:55:59.7865468Z [1m[92m   Compiling[0m zed-xim v0.4.0-zed (https://github.com/zed-industries/xim-rs.git?rev=16f35a2c881b815a2b6cdfd6687988e84f8447d8#16f35a2c)
2026-10-07T21:56:00.0918993Z [1m[92m   Compiling[0m minidump-writer v0.13.0
2026-10-07T21:56:00.4795083Z [1m[92m   Compiling[0m gpui_wgpu v0.1.0 (/home/runner/work/koda/koda/crates/gpui_wgpu)
2026-10-07T21:56:01.6654482Z [1m[92m   Compiling[0m accesskit_unix v0.22.1
2026-10-07T21:56:02.0140761Z [1m[92m   Compiling[0m codestral v0.1.0 (/home/runner/work/koda/koda/crates/codestral)
2026-10-07T21:56:03.1965921Z [1m[92m   Compiling[0m pet-uv v0.1.0 (https://github.com/zed-industries/python-environment-tools.git?rev=5aad7164bfc2a58977b103c8ef8fdd7302ed2e9f#5aad7164)
2026-10-07T21:56:03.7787135Z [1m[92m   Compiling[0m pet-hatch v0.1.0 (https://github.com/zed-industries/python-environment-tools.git?rev=5aad7164bfc2a58977b103c8ef8fdd7302ed2e9f#5aad7164)
2026-10-07T21:56:04.3224691Z [1m[92m   Compiling[0m wayland-cursor v0.31.11
2026-10-07T21:56:04.5749942Z [1m[92m   Compiling[0m wayland-protocols-plasma v0.3.9
2026-10-07T21:56:06.5966337Z [1m[92m   Compiling[0m wayland-protocols-wlr v0.3.9
2026-10-07T21:56:06.9026001Z [1m[92m   Compiling[0m pet-global-virtualenvs v0.1.0 (https://github.com/zed-industries/python-environment-tools.git?rev=5aad7164bfc2a58977b103c8ef8fdd7302ed2e9f#5aad7164)
2026-10-07T21:56:07.0685990Z [1m[92m   Compiling[0m pet-pixi v0.1.0 (https://github.com/zed-industries/python-environment-tools.git?rev=5aad7164bfc2a58977b103c8ef8fdd7302ed2e9f#5aad7164)
2026-10-07T21:56:07.1996385Z [1m[92m   Compiling[0m pet-env-var-path v0.1.0 (https://github.com/zed-industries/python-environment-tools.git?rev=5aad7164bfc2a58977b103c8ef8fdd7302ed2e9f#5aad7164)
2026-10-07T21:56:07.3796903Z [1m[92m   Compiling[0m pet-homebrew v0.1.0 (https://github.com/zed-industries/python-environment-tools.git?rev=5aad7164bfc2a58977b103c8ef8fdd7302ed2e9f#5aad7164)
2026-10-07T21:56:07.5734870Z [1m[92m   Compiling[0m pet-pyenv v0.1.0 (https://github.com/zed-industries/python-environment-tools.git?rev=5aad7164bfc2a58977b103c8ef8fdd7302ed2e9f#5aad7164)
2026-10-07T21:56:07.8006826Z [1m[92m   Compiling[0m pet-poetry v0.1.0 (https://github.com/zed-industries/python-environment-tools.git?rev=5aad7164bfc2a58977b103c8ef8fdd7302ed2e9f#5aad7164)
2026-10-07T21:56:07.8814715Z [1m[92m   Compiling[0m notify-rust v4.18.0
2026-10-07T21:56:08.0105059Z [1m[92m   Compiling[0m markdown_preview v0.1.0 (/home/runner/work/koda/koda/crates/markdown_preview)
2026-10-07T21:56:08.5205162Z [1m[92m   Compiling[0m android_ui v0.1.0 (/home/runner/work/koda/koda/crates/android_ui)
2026-10-07T21:56:09.3179215Z [1m[92m   Compiling[0m pet-mac-xcode v0.1.0 (https://github.com/zed-industries/python-environment-tools.git?rev=5aad7164bfc2a58977b103c8ef8fdd7302ed2e9f#5aad7164)
2026-10-07T21:56:09.5155670Z [1m[92m   Compiling[0m pet-virtualenvwrapper v0.1.0 (https://github.com/zed-industries/python-environment-tools.git?rev=5aad7164bfc2a58977b103c8ef8fdd7302ed2e9f#5aad7164)
2026-10-07T21:56:09.6796144Z [1m[92m   Compiling[0m pet-linux-global-python v0.1.0 (https://github.com/zed-industries/python-environment-tools.git?rev=5aad7164bfc2a58977b103c8ef8fdd7302ed2e9f#5aad7164)
2026-10-07T21:56:09.9546500Z [1m[92m   Compiling[0m pet-mac-commandlinetools v0.1.0 (https://github.com/zed-industries/python-environment-tools.git?rev=5aad7164bfc2a58977b103c8ef8fdd7302ed2e9f#5aad7164)
2026-10-07T21:56:10.1595855Z [1m[92m   Compiling[0m pet-mac-python-org v0.1.0 (https://github.com/zed-industries/python-environment-tools.git?rev=5aad7164bfc2a58977b103c8ef8fdd7302ed2e9f#5aad7164)
2026-10-07T21:56:10.3597208Z [1m[92m   Compiling[0m pet-venv v0.1.0 (https://github.com/zed-industries/python-environment-tools.git?rev=5aad7164bfc2a58977b103c8ef8fdd7302ed2e9f#5aad7164)
2026-10-07T21:56:10.5005971Z [1m[92m   Compiling[0m pet-pipenv v0.1.0 (https://github.com/zed-industries/python-environment-tools.git?rev=5aad7164bfc2a58977b103c8ef8fdd7302ed2e9f#5aad7164)
2026-10-07T21:56:10.5115103Z [1m[92m   Compiling[0m json_schema_store v0.1.0 (/home/runner/work/koda/koda/crates/json_schema_store)
2026-10-07T21:56:10.7975943Z [1m[92m   Compiling[0m pet-telemetry v0.1.0 (https://github.com/zed-industries/python-environment-tools.git?rev=5aad7164bfc2a58977b103c8ef8fdd7302ed2e9f#5aad7164)
2026-10-07T21:56:10.9594818Z [1m[92m   Compiling[0m clap_complete v4.5.59
2026-10-07T21:56:11.5242876Z [1m[92m   Compiling[0m env_filter v0.1.4
2026-10-07T21:56:11.7757606Z [1m[92m   Compiling[0m env_logger v0.11.8
2026-10-07T21:56:11.8001091Z [1m[92m   Compiling[0m minidumper v0.11.0
2026-10-07T21:56:12.1395009Z [1m[92m   Compiling[0m gpui_linux v0.1.0 (/home/runner/work/koda/koda/crates/gpui_linux)
2026-10-07T21:56:18.3058207Z [1m[92m   Compiling[0m clap_complete_nushell v4.6.0
2026-10-07T21:56:18.5055985Z [1m[92m   Compiling[0m pet v0.1.0 (https://github.com/zed-industries/python-environment-tools.git?rev=5aad7164bfc2a58977b103c8ef8fdd7302ed2e9f#5aad7164)
2026-10-07T21:56:18.5605752Z [1m[92m   Compiling[0m zed v1.23.0 (/home/runner/work/koda/koda/crates/zed)
2026-10-07T21:56:19.6485427Z [1m[92m   Compiling[0m edit_prediction_ui v0.1.0 (/home/runner/work/koda/koda/crates/edit_prediction_ui)
2026-10-07T21:56:21.3152524Z [1m[92m   Compiling[0m grammars v0.1.0 (/home/runner/work/koda/koda/crates/grammars)
2026-10-07T21:56:21.6087436Z [1m[92m   Compiling[0m runtimelib v1.4.0
2026-10-07T21:56:22.4377932Z [1m[92m   Compiling[0m crash-handler v0.8.0
2026-10-07T21:56:22.6155054Z [1m[92m   Compiling[0m jupyter-websocket-client v1.1.0
2026-10-07T21:56:22.6495827Z [1m[92m   Compiling[0m nbformat v1.2.0
2026-10-07T21:56:22.7295212Z [1m[92m   Compiling[0m time_format v0.1.0 (/home/runner/work/koda/koda/crates/time_format)
2026-10-07T21:56:22.8874783Z [1m[92m   Compiling[0m ipc-channel v0.19.0
2026-10-07T21:56:23.5875325Z [1m[92m   Compiling[0m outline v0.1.0 (/home/runner/work/koda/koda/crates/outline)
2026-10-07T21:56:23.6335602Z [1m[92m   Compiling[0m debugger_tools v0.1.0 (/home/runner/work/koda/koda/crates/debugger_tools)
2026-10-07T21:56:24.4394919Z [1m[92m   Compiling[0m tasks_ui v0.1.0 (/home/runner/work/koda/koda/crates/tasks_ui)
2026-10-07T21:56:25.3427187Z [1m[92m   Compiling[0m extension_suggest v0.1.0 (/home/runner/work/koda/koda/crates/extension_suggest)
2026-10-07T21:56:25.5225279Z [1m[92m   Compiling[0m dap_adapters v0.1.0 (/home/runner/work/koda/koda/crates/dap_adapters)
2026-10-07T21:56:25.5575075Z [1m[92m   Compiling[0m cli v0.1.0 (/home/runner/work/koda/koda/crates/cli)
2026-10-07T21:56:25.9213786Z [1m[92m   Compiling[0m debugger_ui v0.1.0 (/home/runner/work/koda/koda/crates/debugger_ui)
2026-10-07T21:56:26.6329604Z [1m[92m   Compiling[0m extensions_ui v0.1.0 (/home/runner/work/koda/koda/crates/extensions_ui)
2026-10-07T21:56:28.2795089Z [1m[92m   Compiling[0m outline_panel v0.1.0 (/home/runner/work/koda/koda/crates/outline_panel)
2026-10-07T21:56:30.3109464Z [1m[92m   Compiling[0m repl v0.1.0 (/home/runner/work/koda/koda/crates/repl)
2026-10-07T21:56:32.2531258Z [1m[92m   Compiling[0m crashes v0.1.0 (/home/runner/work/koda/koda/crates/crashes)
2026-10-07T21:56:33.0187572Z [1m[92m   Compiling[0m languages v0.1.0 (/home/runner/work/koda/koda/crates/languages)
2026-10-07T21:56:36.1942413Z [1m[92m   Compiling[0m reqwest_client v0.1.0 (/home/runner/work/koda/koda/crates/reqwest_client)
2026-10-07T21:56:36.6885486Z [1m[92m   Compiling[0m gpui_platform v0.1.0 (/home/runner/work/koda/koda/crates/gpui_platform)
2026-10-07T21:56:36.9634931Z [1m[92m   Compiling[0m vim v0.1.0 (/home/runner/work/koda/koda/crates/vim)
2026-10-07T21:56:38.5489413Z [1m[92m   Compiling[0m keymap_editor v0.1.0 (/home/runner/work/koda/koda/crates/keymap_editor)
2026-10-07T21:56:40.2125248Z [1m[92m   Compiling[0m project_panel v0.1.0 (/home/runner/work/koda/koda/crates/project_panel)
2026-10-07T21:56:41.8983292Z [1m[92m   Compiling[0m auto_update_ui v0.1.0 (/home/runner/work/koda/koda/crates/auto_update_ui)
2026-10-07T21:56:43.1395062Z [1m[92m   Compiling[0m feedback v0.1.0 (/home/runner/work/koda/koda/crates/feedback)
2026-10-07T21:56:44.0824908Z [1m[92m   Compiling[0m which_key v0.1.0 (/home/runner/work/koda/koda/crates/which_key)
2026-10-07T21:56:45.6912382Z [1m[92m   Compiling[0m language_tools v0.1.0 (/home/runner/work/koda/koda/crates/language_tools)
2026-10-07T21:56:46.3854628Z [1m[92m   Compiling[0m web_search_providers v0.1.0 (/home/runner/work/koda/koda/crates/web_search_providers)
2026-10-07T21:56:46.9961907Z [1m[92m   Compiling[0m file_finder v0.1.0 (/home/runner/work/koda/koda/crates/file_finder)
2026-10-07T21:56:49.5315529Z [1m[92m   Compiling[0m libwebrtc v0.3.26 (https://github.com/zed-industries/livekit-rust-sdks?rev=0a1c519cfce9b365229026b55de9b9dbdb6fed3c#0a1c519c)
2026-10-07T21:56:49.7087596Z [1m[92m   Compiling[0m language_selector v0.1.0 (/home/runner/work/koda/koda/crates/language_selector)
2026-10-07T21:56:50.4574891Z [1m[92m   Compiling[0m snippets_ui v0.1.0 (/home/runner/work/koda/koda/crates/snippets_ui)
2026-10-07T21:56:51.1912548Z [1m[92m   Compiling[0m toolchain_selector v0.1.0 (/home/runner/work/koda/koda/crates/toolchain_selector)
2026-10-07T21:56:51.9048706Z [1m[92m   Compiling[0m audio v0.1.0 (/home/runner/work/koda/koda/crates/audio)
2026-10-07T21:56:51.9325748Z [1m[92m   Compiling[0m livekit v0.7.32 (https://github.com/zed-industries/livekit-rust-sdks?rev=0a1c519cfce9b365229026b55de9b9dbdb6fed3c#0a1c519c)
2026-10-07T21:56:52.0222290Z [1m[92m   Compiling[0m activity_indicator v0.1.0 (/home/runner/work/koda/koda/crates/activity_indicator)
2026-10-07T21:56:53.1305348Z [1m[92m   Compiling[0m agent_ui v0.1.0 (/home/runner/work/koda/koda/crates/agent_ui)
2026-10-07T21:56:53.3823738Z [1m[92m   Compiling[0m settings_ui v0.1.0 (/home/runner/work/koda/koda/crates/settings_ui)
2026-10-07T21:56:53.4836666Z [1m[92m   Compiling[0m onboarding v0.1.0 (/home/runner/work/koda/koda/crates/onboarding)
2026-10-07T21:56:57.0134984Z [1m[92m   Compiling[0m livekit_client v0.1.0 (/home/runner/work/koda/koda/crates/livekit_client)
2026-10-07T21:56:59.0436239Z [1m[92m   Compiling[0m call v0.1.0 (/home/runner/work/koda/koda/crates/call)
2026-10-07T21:57:00.2535207Z [1m[92m   Compiling[0m component_preview v0.1.0 (/home/runner/work/koda/koda/crates/component_preview)
2026-10-07T21:57:01.9734803Z [1m[92m   Compiling[0m title_bar v0.1.0 (/home/runner/work/koda/koda/crates/title_bar)
2026-10-07T21:57:04.8425054Z [1m[92m   Compiling[0m collab_ui v0.1.0 (/home/runner/work/koda/koda/crates/collab_ui)
2026-10-07T21:57:05.5015913Z [1m[92m   Compiling[0m git_ui v0.1.0 (/home/runner/work/koda/koda/crates/git_ui)
2026-10-07T21:57:11.1948839Z [1m[92m   Compiling[0m sidebar v0.1.0 (/home/runner/work/koda/koda/crates/sidebar)
2026-10-07T21:57:11.3176786Z [1m[92m   Compiling[0m acp_tools v0.1.0 (/home/runner/work/koda/koda/crates/acp_tools)
2026-10-07T21:57:13.2104621Z [1m[92m   Compiling[0m lsp_locations v0.1.0 (/home/runner/work/koda/koda/crates/lsp_locations)
2026-10-07T21:57:15.2307028Z [1m[92m   Compiling[0m project_symbols v0.1.0 (/home/runner/work/koda/koda/crates/project_symbols)
2026-10-07T21:57:16.8175091Z [1m[92m   Compiling[0m call_hierarchy v0.1.0 (/home/runner/work/koda/koda/crates/call_hierarchy)
2026-10-07T21:57:17.1154776Z [1m[92m   Compiling[0m diagnostics v0.1.0 (/home/runner/work/koda/koda/crates/diagnostics)
2026-10-07T21:57:19.0500901Z [1m[92m   Compiling[0m inspector_ui v0.1.0 (/home/runner/work/koda/koda/crates/inspector_ui)
2026-10-07T21:57:20.0804610Z [1m[92m   Compiling[0m line_ending_selector v0.1.0 (/home/runner/work/koda/koda/crates/line_ending_selector)
2026-10-07T21:57:21.6825078Z [1m[92m   Compiling[0m go_to_line v0.1.0 (/home/runner/work/koda/koda/crates/go_to_line)
2026-10-07T21:57:22.9345411Z [1m[92m   Compiling[0m language_onboarding v0.1.0 (/home/runner/work/koda/koda/crates/language_onboarding)
2026-10-07T21:57:23.6795069Z [1m[92m   Compiling[0m journal v0.1.0 (/home/runner/work/koda/koda/crates/journal)
2026-10-07T21:57:24.7135202Z [1m[92m   Compiling[0m tab_switcher v0.1.0 (/home/runner/work/koda/koda/crates/tab_switcher)
2026-10-07T21:57:25.4376468Z [1m[92m   Compiling[0m image_viewer v0.1.0 (/home/runner/work/koda/koda/crates/image_viewer)
2026-10-07T21:57:26.6555990Z [1m[92m   Compiling[0m encoding_selector v0.1.0 (/home/runner/work/koda/koda/crates/encoding_selector)
2026-10-07T21:57:26.8695081Z [1m[92m   Compiling[0m lsp_command_selector v0.1.0 (/home/runner/work/koda/koda/crates/lsp_command_selector)
2026-10-07T21:57:27.0871231Z [1m[92m   Compiling[0m tabular_data_preview v0.1.0 (/home/runner/work/koda/koda/crates/tabular_data_preview)
2026-10-07T21:57:27.1211025Z [1m[92m   Compiling[0m miniprofiler_ui v0.1.0 (/home/runner/work/koda/koda/crates/miniprofiler_ui)
2026-10-07T21:57:28.2445084Z [1m[92m   Compiling[0m theme_selector v0.1.0 (/home/runner/work/koda/koda/crates/theme_selector)
2026-10-07T21:57:28.3824792Z [1m[92m   Compiling[0m settings_profile_selector v0.1.0 (/home/runner/work/koda/koda/crates/settings_profile_selector)
2026-10-07T21:57:28.6460168Z [1m[92m   Compiling[0m ui_prompt v0.1.0 (/home/runner/work/koda/koda/crates/ui_prompt)
2026-10-07T21:57:29.5490855Z [1m[92m   Compiling[0m install_cli v0.1.0 (/home/runner/work/koda/koda/crates/install_cli)
2026-10-07T21:57:29.8845062Z [1m[92m   Compiling[0m svg_preview v0.1.0 (/home/runner/work/koda/koda/crates/svg_preview)
2026-10-07T21:57:30.1885067Z [1m[92m   Compiling[0m language_extension v0.1.0 (/home/runner/work/koda/koda/crates/language_extension)
2026-10-07T21:57:30.2891850Z [1m[92m   Compiling[0m theme_extension v0.1.0 (/home/runner/work/koda/koda/crates/theme_extension)
2026-10-07T21:57:30.4885259Z [1m[92m   Compiling[0m debug_adapter_extension v0.1.0 (/home/runner/work/koda/koda/crates/debug_adapter_extension)
2026-10-07T21:57:30.8982489Z [1m[92m   Compiling[0m zlog_settings v0.1.0 (/home/runner/work/koda/koda/crates/zlog_settings)
2026-10-07T21:57:31.0845234Z [1m[92m   Compiling[0m input_latency_ui v0.1.0 (/home/runner/work/koda/koda/crates/input_latency_ui)
2026-10-07T21:57:31.1753526Z [1m[92m   Compiling[0m hang_telemetry v0.1.0 (/home/runner/work/koda/koda/crates/hang_telemetry)
2026-10-07T21:57:54.5524441Z [1m[92m    Finished[0m `dev` profile [unoptimized] target(s) in 9m 57s
2026-10-07T21:57:54.7265463Z Linux app build: 597.5s (exit 0)
2026-10-07T21:57:54.7870970Z Post job cleanup.
2026-10-07T21:57:55.1490355Z Post job cleanup.
2026-10-07T21:57:55.2445605Z [command]/usr/bin/git version
2026-10-07T21:57:55.2499351Z git version 2.55.0
2026-10-07T21:57:55.2554862Z Temporarily overriding HOME='/home/runner/work/_temp/05bff0f9-c764-4e60-abb6-727e80fd1e86' before making global git config changes
2026-10-07T21:57:55.2556389Z Adding repository directory to the temporary git global config as a safe directory
2026-10-07T21:57:55.2557877Z [command]/usr/bin/git config --global --add safe.directory /home/runner/work/koda/koda
2026-10-07T21:57:55.2597096Z [command]/usr/bin/git config --local --name-only --get-regexp core\.sshCommand
2026-10-07T21:57:55.2634480Z [command]/usr/bin/git submodule foreach --recursive sh -c "git config --local --name-only --get-regexp 'core\.sshCommand' && git config --local --unset-all 'core.sshCommand' || :"
2026-10-07T21:57:55.3120751Z [command]/usr/bin/git config --local --name-only --get-regexp http\.https\:\/\/github\.com\/\.extraheader
2026-10-07T21:57:55.3158871Z [command]/usr/bin/git submodule foreach --recursive sh -c "git config --local --name-only --get-regexp 'http\.https\:\/\/github\.com\/\.extraheader' && git config --local --unset-all 'http.https://github.com/.extraheader' || :"
2026-10-07T21:57:55.3437955Z [command]/usr/bin/git config --local --name-only --get-regexp ^includeIf\.gitdir:
2026-10-07T21:57:55.3478066Z [command]/usr/bin/git submodule foreach --recursive git config --local --show-origin --name-only --get-regexp remote.origin.url
2026-10-07T21:57:55.3870437Z Print service container logs: 87972700c480447dafafa189967d9ba3_postgres15sha2561b92e7a80c021647bf70f5d3eb66066a998e4f5cf43c07bb9dc9f729782cf88e_31b1e2
2026-10-07T21:57:55.3883348Z ##[command]/usr/bin/docker logs --details 67dd1ac108ac5d9fc090532d86f6150a5dbcdb6826f5222e1ff87679c73f57a3
2026-10-07T21:57:55.5347480Z  ********************************************************************************
2026-10-07T21:57:55.5348522Z  WARNING: POSTGRES_HOST_AUTH_METHOD has been set to "trust". This will allow
2026-10-07T21:57:55.5349342Z           anyone with access to the Postgres port to access your database without
2026-10-07T21:57:55.5349901Z           a password, even if POSTGRES_PASSWORD is set. See PostgreSQL
2026-10-07T21:57:55.5350317Z           documentation about "trust":
2026-10-07T21:57:55.5350709Z           https://www.postgresql.org/docs/current/auth-trust.html
2026-10-07T21:57:55.5351217Z           In Docker's default configuration, this is effectively any other
2026-10-07T21:57:55.5351671Z           container on the same system.
2026-10-07T21:57:55.5351957Z  
2026-10-07T21:57:55.5352277Z           It is not recommended to use POSTGRES_HOST_AUTH_METHOD=trust. Replace
2026-10-07T21:57:55.5352827Z           it with "-e POSTGRES_PASSWORD=password" instead to set a password in
2026-10-07T21:57:55.5353638Z           "docker run".
2026-10-07T21:57:55.5354090Z  ********************************************************************************
2026-10-07T21:57:55.5354839Z  initdb: warning: enabling "trust" authentication for local connections
2026-10-07T21:57:55.5356142Z  initdb: hint: You can change this by editing pg_hba.conf or using the option -A, or --auth-local and --auth-host, the next time you run initdb.
2026-10-07T21:57:55.5357894Z  2026-10-07 20:41:14.464 UTC [1] LOG:  starting PostgreSQL 15.18 (Debian 15.18-1.pgdg13+1) on x86_64-pc-linux-gnu, compiled by gcc (Debian 14.2.0-19) 14.2.0, 64-bit
2026-10-07T21:57:55.5359214Z  2026-10-07 20:41:14.464 UTC [1] LOG:  listening on IPv4 address "0.0.0.0", port 5432
2026-10-07T21:57:55.5359995Z  2026-10-07 20:41:14.465 UTC [1] LOG:  listening on IPv6 address "::", port 5432
2026-10-07T21:57:55.5360861Z  2026-10-07 20:41:14.465 UTC [1] LOG:  listening on Unix socket "/var/run/postgresql/.s.PGSQL.5432"
2026-10-07T21:57:55.5361798Z  2026-10-07 20:41:14.468 UTC [63] LOG:  database system was shut down at 2026-10-07 20:41:14 UTC
2026-10-07T21:57:55.5362672Z  2026-10-07 20:41:14.471 UTC [1] LOG:  database system is ready to accept connections
2026-10-07T21:57:55.5363648Z  2026-10-07 20:46:14.478 UTC [61] LOG:  checkpoint starting: time
2026-10-07T21:57:55.5365312Z  2026-10-07 20:46:18.494 UTC [61] LOG:  checkpoint complete: wrote 43 buffers (0.3%); 0 WAL file(s) added, 0 removed, 0 recycled; write=4.009 s, sync=0.001 s, total=4.017 s; sync files=11, longest=0.001 s, average=0.001 s; distance=252 kB, estimate=252 kB
2026-10-07T21:57:55.5367487Z  2026-10-07 21:15:31.763 UTC [61] LOG:  checkpoint starting: immediate force wait
2026-10-07T21:57:55.5368603Z  2026-10-07 21:15:31.867 UTC [61] LOG:  checkpoint complete: wrote 2140 buffers (13.1%); 0 WAL file(s) added, 0 removed, 1 recycled; write=0.087 s, sync=0.012 s, total=0.106 s; sync files=944, longest=0.002 s, average=0.001 s; distance=20943 kB, estimate=20943 kB
2026-10-07T21:57:55.5369606Z  2026-10-07 21:15:31.869 UTC [61] LOG:  checkpoint starting: immediate force wait
2026-10-07T21:57:55.5370567Z  2026-10-07 21:15:31.875 UTC [61] LOG:  checkpoint complete: wrote 5 buffers (0.0%); 0 WAL file(s) added, 0 removed, 0 recycled; write=0.003 s, sync=0.002 s, total=0.007 s; sync files=5, longest=0.002 s, average=0.001 s; distance=6 kB, estimate=18849 kB
2026-10-07T21:57:55.5371523Z  2026-10-07 21:15:31.901 UTC [61] LOG:  checkpoint starting: immediate force wait
2026-10-07T21:57:55.5372681Z  2026-10-07 21:15:31.908 UTC [61] LOG:  checkpoint complete: wrote 3 buffers (0.0%); 0 WAL file(s) added, 0 removed, 0 recycled; write=0.002 s, sync=0.001 s, total=0.007 s; sync files=3, longest=0.001 s, average=0.001 s; distance=1 kB, estimate=16964 kB
2026-10-07T21:57:55.5373923Z  2026-10-07 21:15:31.956 UTC [61] LOG:  checkpoint starting: immediate force wait
2026-10-07T21:57:55.5374870Z  2026-10-07 21:15:31.968 UTC [61] LOG:  checkpoint complete: wrote 2 buffers (0.0%); 0 WAL file(s) added, 0 removed, 0 recycled; write=0.006 s, sync=0.003 s, total=0.012 s; sync files=2, longest=0.002 s, average=0.002 s; distance=3 kB, estimate=15268 kB
2026-10-07T21:57:55.5375811Z  2026-10-07 21:15:32.898 UTC [61] LOG:  checkpoint starting: immediate force wait
2026-10-07T21:57:55.5376801Z  2026-10-07 21:15:33.034 UTC [61] LOG:  checkpoint complete: wrote 3104 buffers (18.9%); 0 WAL file(s) added, 0 removed, 1 recycled; write=0.114 s, sync=0.019 s, total=0.137 s; sync files=598, longest=0.003 s, average=0.001 s; distance=20566 kB, estimate=20566 kB
2026-10-07T21:57:55.5377811Z  2026-10-07 21:15:33.038 UTC [61] LOG:  checkpoint starting: immediate force wait
2026-10-07T21:57:55.5378796Z  2026-10-07 21:15:33.045 UTC [61] LOG:  checkpoint complete: wrote 78 buffers (0.5%); 0 WAL file(s) added, 0 removed, 0 recycled; write=0.004 s, sync=0.001 s, total=0.009 s; sync files=33, longest=0.001 s, average=0.001 s; distance=524 kB, estimate=18562 kB
2026-10-07T21:57:55.5379764Z  2026-10-07 21:15:33.304 UTC [61] LOG:  checkpoint starting: immediate force wait
2026-10-07T21:57:55.5380760Z  2026-10-07 21:15:33.326 UTC [61] LOG:  checkpoint complete: wrote 929 buffers (5.7%); 0 WAL file(s) added, 0 removed, 1 recycled; write=0.018 s, sync=0.002 s, total=0.022 s; sync files=300, longest=0.001 s, average=0.001 s; distance=4331 kB, estimate=17139 kB
2026-10-07T21:57:55.5381731Z  2026-10-07 21:15:34.040 UTC [61] LOG:  checkpoint starting: immediate force wait
2026-10-07T21:57:55.5382708Z  2026-10-07 21:15:34.154 UTC [61] LOG:  checkpoint complete: wrote 2344 buffers (14.3%); 0 WAL file(s) added, 0 removed, 1 recycled; write=0.092 s, sync=0.021 s, total=0.115 s; sync files=1196, longest=0.003 s, average=0.001 s; distance=16879 kB, estimate=17113 kB
2026-10-07T21:57:55.5383942Z  2026-10-07 21:15:34.310 UTC [61] LOG:  checkpoint starting: immediate force wait
2026-10-07T21:57:55.5384896Z  2026-10-07 21:15:34.318 UTC [61] LOG:  checkpoint complete: wrote 161 buffers (1.0%); 0 WAL file(s) added, 0 removed, 0 recycled; write=0.003 s, sync=0.001 s, total=0.009 s; sync files=75, longest=0.001 s, average=0.001 s; distance=555 kB, estimate=15457 kB
2026-10-07T21:57:55.5385858Z  2026-10-07 21:15:34.715 UTC [61] LOG:  checkpoint starting: immediate force wait
2026-10-07T21:57:55.5386875Z  2026-10-07 21:15:34.765 UTC [61] LOG:  checkpoint complete: wrote 1003 buffers (6.1%); 0 WAL file(s) added, 0 removed, 0 recycled; write=0.041 s, sync=0.007 s, total=0.050 s; sync files=444, longest=0.001 s, average=0.001 s; distance=4838 kB, estimate=14395 kB
2026-10-07T21:57:55.5387849Z  2026-10-07 21:15:34.766 UTC [61] LOG:  checkpoint starting: immediate force wait
2026-10-07T21:57:55.5388965Z  2026-10-07 21:15:34.803 UTC [61] LOG:  checkpoint complete: wrote 138 buffers (0.8%); 0 WAL file(s) added, 0 removed, 0 recycled; write=0.010 s, sync=0.021 s, total=0.037 s; sync files=106, longest=0.004 s, average=0.001 s; distance=230 kB, estimate=12979 kB
2026-10-07T21:57:55.5389939Z  2026-10-07 21:15:35.182 UTC [61] LOG:  checkpoint starting: immediate force wait
2026-10-07T21:57:55.5390898Z  2026-10-07 21:15:35.191 UTC [61] LOG:  checkpoint complete: wrote 159 buffers (1.0%); 0 WAL file(s) added, 0 removed, 0 recycled; write=0.004 s, sync=0.002 s, total=0.009 s; sync files=83, longest=0.001 s, average=0.001 s; distance=5758 kB, estimate=12257 kB
2026-10-07T21:57:55.5391853Z  2026-10-07 21:15:35.236 UTC [61] LOG:  checkpoint starting: immediate force wait
2026-10-07T21:57:55.5392789Z  2026-10-07 21:15:35.241 UTC [61] LOG:  checkpoint complete: wrote 2 buffers (0.0%); 0 WAL file(s) added, 0 removed, 0 recycled; write=0.001 s, sync=0.002 s, total=0.006 s; sync files=2, longest=0.002 s, average=0.001 s; distance=3 kB, estimate=11031 kB
2026-10-07T21:57:55.5394210Z  2026-10-07 21:20:35.341 UTC [61] LOG:  checkpoint starting: time
2026-10-07T21:57:55.5395130Z  2026-10-07 21:20:35.444 UTC [61] LOG:  checkpoint complete: wrote 2 buffers (0.0%); 0 WAL file(s) added, 0 removed, 0 recycled; write=0.101 s, sync=0.002 s, total=0.104 s; sync files=2, longest=0.002 s, average=0.001 s; distance=0 kB, estimate=9928 kB
2026-10-07T21:57:55.5399009Z  The files belonging to this database system will be owned by user "postgres".
2026-10-07T21:57:55.5399442Z  This user must also own the server process.
2026-10-07T21:57:55.5399713Z  
2026-10-07T21:57:55.5399989Z  The database cluster will be initialized with locale "en_US.utf8".
2026-10-07T21:57:55.5400427Z  The default database encoding has accordingly been set to "UTF8".
2026-10-07T21:57:55.5400846Z  The default text search configuration will be set to "english".
2026-10-07T21:57:55.5401165Z  
2026-10-07T21:57:55.5401351Z  Data page checksums are disabled.
2026-10-07T21:57:55.5401604Z  
2026-10-07T21:57:55.5401901Z  fixing permissions on existing directory /var/lib/postgresql/data ... ok
2026-10-07T21:57:55.5402296Z  creating subdirectories ... ok
2026-10-07T21:57:55.5402603Z  selecting dynamic shared memory implementation ... posix
2026-10-07T21:57:55.5403248Z  selecting default max_connections ... 100
2026-10-07T21:57:55.5403576Z  selecting default shared_buffers ... 128MB
2026-10-07T21:57:55.5403869Z  selecting default time zone ... Etc/UTC
2026-10-07T21:57:55.5404153Z  creating configuration files ... ok
2026-10-07T21:57:55.5404417Z  running bootstrap script ... ok
2026-10-07T21:57:55.5404706Z  performing post-bootstrap initialization ... ok
2026-10-07T21:57:55.5405006Z  syncing data to disk ... ok
2026-10-07T21:57:55.5405223Z  
2026-10-07T21:57:55.5405381Z  
2026-10-07T21:57:55.5405600Z  Success. You can now start the database server using:
2026-10-07T21:57:55.5405895Z  
2026-10-07T21:57:55.5406119Z      pg_ctl -D /var/lib/postgresql/data -l logfile start
2026-10-07T21:57:55.5406418Z  
2026-10-07T21:57:55.5407066Z  waiting for server to start....2026-10-07 20:41:14.228 UTC [49] LOG:  starting PostgreSQL 15.18 (Debian 15.18-1.pgdg13+1) on x86_64-pc-linux-gnu, compiled by gcc (Debian 14.2.0-19) 14.2.0, 64-bit
2026-10-07T21:57:55.5407952Z  2026-10-07 20:41:14.228 UTC [49] LOG:  listening on Unix socket "/var/run/postgresql/.s.PGSQL.5432"
2026-10-07T21:57:55.5408520Z  2026-10-07 20:41:14.231 UTC [52] LOG:  database system was shut down at 2026-10-07 20:41:14 UTC
2026-10-07T21:57:55.5409030Z  2026-10-07 20:41:14.234 UTC [49] LOG:  database system is ready to accept connections
2026-10-07T21:57:55.5409395Z   done
2026-10-07T21:57:55.5409570Z  server started
2026-10-07T21:57:55.5409757Z  
2026-10-07T21:57:55.5410062Z  /usr/local/bin/docker-entrypoint.sh: ignoring /docker-entrypoint-initdb.d/*
2026-10-07T21:57:55.5410449Z  
2026-10-07T21:57:55.5410693Z  2026-10-07 20:41:14.345 UTC [49] LOG:  received fast shutdown request
2026-10-07T21:57:55.5411215Z  waiting for server to shut down....2026-10-07 20:41:14.345 UTC [49] LOG:  aborting any active transactions
2026-10-07T21:57:55.5412063Z  2026-10-07 20:41:14.347 UTC [49] LOG:  background worker "logical replication launcher" (PID 55) exited with exit code 1
2026-10-07T21:57:55.5412765Z  2026-10-07 20:41:14.348 UTC [50] LOG:  shutting down
2026-10-07T21:57:55.5413278Z  2026-10-07 20:41:14.348 UTC [50] LOG:  checkpoint starting: shutdown immediate
2026-10-07T21:57:55.5414569Z  2026-10-07 20:41:14.350 UTC [50] LOG:  checkpoint complete: wrote 3 buffers (0.0%); 0 WAL file(s) added, 0 removed, 0 recycled; write=0.001 s, sync=0.001 s, total=0.003 s; sync files=2, longest=0.001 s, average=0.001 s; distance=0 kB, estimate=0 kB
2026-10-07T21:57:55.5415503Z  2026-10-07 20:41:14.354 UTC [49] LOG:  database system is shut down
2026-10-07T21:57:55.5415825Z   done
2026-10-07T21:57:55.5416000Z  server stopped
2026-10-07T21:57:55.5416184Z  
2026-10-07T21:57:55.5416424Z  PostgreSQL init process complete; ready for start up.
2026-10-07T21:57:55.5416724Z  
2026-10-07T21:57:55.5427092Z Stop and remove container: 87972700c480447dafafa189967d9ba3_postgres15sha2561b92e7a80c021647bf70f5d3eb66066a998e4f5cf43c07bb9dc9f729782cf88e_31b1e2
2026-10-07T21:57:55.5432361Z ##[command]/usr/bin/docker rm --force 67dd1ac108ac5d9fc090532d86f6150a5dbcdb6826f5222e1ff87679c73f57a3
2026-10-07T21:57:58.4070831Z 67dd1ac108ac5d9fc090532d86f6150a5dbcdb6826f5222e1ff87679c73f57a3
2026-10-07T21:57:58.4102142Z Remove container network: github_network_23d9e89383624954ad0a2a6c85a5521d
2026-10-07T21:57:58.4106876Z ##[command]/usr/bin/docker network rm github_network_23d9e89383624954ad0a2a6c85a5521d
2026-10-07T21:57:58.5255151Z github_network_23d9e89383624954ad0a2a6c85a5521d
2026-10-07T21:57:58.5356148Z Cleaning up orphan processes
2026-10-07T21:57:58.6235856Z ##[warning]Node.js 20 is deprecated. The following actions target Node.js 20 but are being forced to run on Node.js 24: actions/cache/restore@0057852bfaa89a56745cba8c7296529d2fc39830. For more information see: https://github.blog/changelog/2025-09-19-deprecation-of-node-20-on-github-actions-runners/
