2026-10-07T22:28:38.1947147Z Current runner version: '2.337.0'
2026-10-07T22:28:38.1969149Z ##[group]Runner Image Provisioner
2026-10-07T22:28:38.1969764Z Hosted Compute Agent
2026-10-07T22:28:38.1970210Z Version: 20261002.596
2026-10-07T22:28:38.1970587Z Commit: c3d12f3313a95f25162a1503be624f3b0617f8c0
2026-10-07T22:28:38.1971013Z Build Date: 2026-10-02T22:28:27Z
2026-10-07T22:28:38.1971510Z Worker ID: {7a523875-e1e6-406b-89b1-dd7576f296c1}
2026-10-07T22:28:38.1971927Z Region: centralus
2026-10-07T22:28:38.1972285Z Cloud: Azure
2026-10-07T22:28:38.1972636Z ##[endgroup]
2026-10-07T22:28:38.1973802Z ##[group]Operating System
2026-10-07T22:28:38.1974289Z Ubuntu
2026-10-07T22:28:38.1974609Z 24.04.5
2026-10-07T22:28:38.1974949Z LTS
2026-10-07T22:28:38.1975282Z ##[endgroup]
2026-10-07T22:28:38.1975620Z ##[group]Runner Image
2026-10-07T22:28:38.1976063Z Image: ubuntu-24.04
2026-10-07T22:28:38.1976413Z Version: 20261004.327.1
2026-10-07T22:28:38.1977271Z Included Software: https://github.com/actions/runner-images/blob/ubuntu24/20261004.327/images/ubuntu/Ubuntu2404-Readme.md
2026-10-07T22:28:38.1978177Z Image Release: https://github.com/actions/runner-images/releases/tag/ubuntu24%2F20261004.327
2026-10-07T22:28:38.1978781Z ##[endgroup]
2026-10-07T22:28:38.1979474Z ##[group]GITHUB_TOKEN Permissions
2026-10-07T22:28:38.1980887Z Contents: read
2026-10-07T22:28:38.1981243Z Metadata: read
2026-10-07T22:28:38.1981611Z ##[endgroup]
2026-10-07T22:28:38.1983506Z Secret source: Actions
2026-10-07T22:28:38.1984054Z Cache mode: write
2026-10-07T22:28:38.1984580Z Prepare workflow directory
2026-10-07T22:28:38.2389610Z Prepare all required actions
2026-10-07T22:28:38.2423420Z Getting action download info
2026-10-07T22:28:38.4674175Z Download action repository 'actions/checkout@93cb6efe18208431cddfb8368fd83d5badbf9bfd' (SHA:93cb6efe18208431cddfb8368fd83d5badbf9bfd)
2026-10-07T22:28:38.5785196Z Download action repository 'actions/cache@0057852bfaa89a56745cba8c7296529d2fc39830' (SHA:0057852bfaa89a56745cba8c7296529d2fc39830)
2026-10-07T22:28:38.7010159Z Download action repository 'actions/setup-node@48b55a011bda9f5d6aeb4c2d9c7362e8dae4041e' (SHA:48b55a011bda9f5d6aeb4c2d9c7362e8dae4041e)
2026-10-07T22:28:38.8029146Z Download action repository 'taiki-e/install-action@a6b2e2dcd845ddd7f509ce4f3ed3d922b80cc5d9' (SHA:a6b2e2dcd845ddd7f509ce4f3ed3d922b80cc5d9)
2026-10-07T22:28:39.3811964Z Complete job name: Linux build and workspace tests
2026-10-07T22:28:39.4192132Z ##[group]Checking docker version
2026-10-07T22:28:39.4200156Z ##[command]/usr/bin/docker version --format '{{.Server.APIVersion}}'
2026-10-07T22:28:39.4931367Z '1.48'
2026-10-07T22:28:39.4944997Z Docker daemon API version: '1.48'
2026-10-07T22:28:39.4945421Z ##[command]/usr/bin/docker version --format '{{.Client.APIVersion}}'
2026-10-07T22:28:39.5066903Z '1.48'
2026-10-07T22:28:39.5077247Z Docker client API version: '1.48'
2026-10-07T22:28:39.5081183Z ##[endgroup]
2026-10-07T22:28:39.5083128Z ##[group]Clean up resources from previous jobs
2026-10-07T22:28:39.5086911Z ##[command]/usr/bin/docker ps --all --quiet --no-trunc --filter "label=546c0a"
2026-10-07T22:28:39.5188829Z ##[command]/usr/bin/docker network prune --force --filter "label=546c0a"
2026-10-07T22:28:39.5279256Z ##[endgroup]
2026-10-07T22:28:39.5279523Z ##[group]Create local container network
2026-10-07T22:28:39.5286653Z ##[command]/usr/bin/docker network create --label 546c0a github_network_9ae2e62821184d70ac1f60336429caad
2026-10-07T22:28:39.6161578Z 47241ad9f68cc11b7519b7761cec052ad37573550e6d8e61d05f38304dbe89c8
2026-10-07T22:28:39.6175592Z ##[endgroup]
2026-10-07T22:28:39.6191859Z ##[group]Starting postgres service container
2026-10-07T22:28:39.6205568Z ##[command]/usr/bin/docker pull postgres:15@sha256:1b92e7a80c021647bf70f5d3eb66066a998e4f5cf43c07bb9dc9f729782cf88e
2026-10-07T22:28:40.0054241Z docker.io/library/postgres@sha256:1b92e7a80c021647bf70f5d3eb66066a998e4f5cf43c07bb9dc9f729782cf88e: Pulling from library/postgres
2026-10-07T22:28:40.1577705Z 5b4d6ff92fc4: Pulling fs layer
2026-10-07T22:28:40.1579046Z faac557a4014: Pulling fs layer
2026-10-07T22:28:40.1580380Z 23ae1f680f8f: Pulling fs layer
2026-10-07T22:28:40.1581003Z d85a6fe690f8: Pulling fs layer
2026-10-07T22:28:40.1581626Z a1b56273edfa: Pulling fs layer
2026-10-07T22:28:40.1582233Z 74e78423263b: Pulling fs layer
2026-10-07T22:28:40.1582933Z e64c84d18f15: Pulling fs layer
2026-10-07T22:28:40.1583573Z e15d3b4493f3: Pulling fs layer
2026-10-07T22:28:40.1584231Z 450a0feadfd8: Pulling fs layer
2026-10-07T22:28:40.1584850Z 4f7b5a6f4005: Pulling fs layer
2026-10-07T22:28:40.1585461Z 02dde53e1bfd: Pulling fs layer
2026-10-07T22:28:40.1586071Z ec2378712a6f: Pulling fs layer
2026-10-07T22:28:40.1586697Z 1622e7a6bba6: Pulling fs layer
2026-10-07T22:28:40.1587321Z 3b99619cea16: Pulling fs layer
2026-10-07T22:28:40.1587982Z 74e78423263b: Waiting
2026-10-07T22:28:40.1588511Z e64c84d18f15: Waiting
2026-10-07T22:28:40.1589031Z e15d3b4493f3: Waiting
2026-10-07T22:28:40.1589559Z 450a0feadfd8: Waiting
2026-10-07T22:28:40.1590081Z 4f7b5a6f4005: Waiting
2026-10-07T22:28:40.1590615Z 02dde53e1bfd: Waiting
2026-10-07T22:28:40.1591150Z ec2378712a6f: Waiting
2026-10-07T22:28:40.1591711Z 1622e7a6bba6: Waiting
2026-10-07T22:28:40.1592402Z 3b99619cea16: Waiting
2026-10-07T22:28:40.1593256Z d85a6fe690f8: Waiting
2026-10-07T22:28:40.1593949Z a1b56273edfa: Waiting
2026-10-07T22:28:40.2853490Z faac557a4014: Verifying Checksum
2026-10-07T22:28:40.2854942Z faac557a4014: Download complete
2026-10-07T22:28:40.3942731Z 23ae1f680f8f: Verifying Checksum
2026-10-07T22:28:40.3943596Z 23ae1f680f8f: Download complete
2026-10-07T22:28:40.4422529Z 5b4d6ff92fc4: Verifying Checksum
2026-10-07T22:28:40.4423054Z 5b4d6ff92fc4: Download complete
2026-10-07T22:28:40.4634272Z d85a6fe690f8: Verifying Checksum
2026-10-07T22:28:40.4634682Z d85a6fe690f8: Download complete
2026-10-07T22:28:40.6096882Z e64c84d18f15: Verifying Checksum
2026-10-07T22:28:40.6473589Z e64c84d18f15: Download complete
2026-10-07T22:28:40.6474166Z a1b56273edfa: Verifying Checksum
2026-10-07T22:28:40.6474599Z a1b56273edfa: Download complete
2026-10-07T22:28:40.6486547Z 74e78423263b: Verifying Checksum
2026-10-07T22:28:40.6487032Z 74e78423263b: Download complete
2026-10-07T22:28:40.7314198Z e15d3b4493f3: Download complete
2026-10-07T22:28:40.8336022Z 4f7b5a6f4005: Verifying Checksum
2026-10-07T22:28:40.8338163Z 4f7b5a6f4005: Download complete
2026-10-07T22:28:40.8659047Z 02dde53e1bfd: Verifying Checksum
2026-10-07T22:28:40.8660216Z 02dde53e1bfd: Download complete
2026-10-07T22:28:40.9709765Z ec2378712a6f: Verifying Checksum
2026-10-07T22:28:40.9710449Z ec2378712a6f: Download complete
2026-10-07T22:28:41.0191161Z 1622e7a6bba6: Verifying Checksum
2026-10-07T22:28:41.0191910Z 1622e7a6bba6: Download complete
2026-10-07T22:28:41.0925554Z 5b4d6ff92fc4: Pull complete
2026-10-07T22:28:41.1238150Z 3b99619cea16: Verifying Checksum
2026-10-07T22:28:41.1836325Z 3b99619cea16: Download complete
2026-10-07T22:28:41.1836675Z 450a0feadfd8: Download complete
2026-10-07T22:28:47.4321152Z faac557a4014: Pull complete
2026-10-07T22:28:47.6601356Z 23ae1f680f8f: Pull complete
2026-10-07T22:28:47.7021305Z d85a6fe690f8: Pull complete
2026-10-07T22:28:48.0493665Z a1b56273edfa: Pull complete
2026-10-07T22:28:48.1187531Z 74e78423263b: Pull complete
2026-10-07T22:28:48.1250448Z e64c84d18f15: Pull complete
2026-10-07T22:28:48.1317710Z e15d3b4493f3: Pull complete
2026-10-07T22:28:51.5174334Z 450a0feadfd8: Pull complete
2026-10-07T22:28:51.5276380Z 4f7b5a6f4005: Pull complete
2026-10-07T22:28:51.5357506Z 02dde53e1bfd: Pull complete
2026-10-07T22:28:51.5427886Z ec2378712a6f: Pull complete
2026-10-07T22:28:51.5486592Z 1622e7a6bba6: Pull complete
2026-10-07T22:28:51.5553997Z 3b99619cea16: Pull complete
2026-10-07T22:28:51.5582331Z Digest: sha256:1b92e7a80c021647bf70f5d3eb66066a998e4f5cf43c07bb9dc9f729782cf88e
2026-10-07T22:28:51.5590712Z Status: Downloaded newer image for postgres@sha256:1b92e7a80c021647bf70f5d3eb66066a998e4f5cf43c07bb9dc9f729782cf88e
2026-10-07T22:28:51.5599267Z docker.io/library/postgres:15@sha256:1b92e7a80c021647bf70f5d3eb66066a998e4f5cf43c07bb9dc9f729782cf88e
2026-10-07T22:28:51.5646458Z ##[command]/usr/bin/docker create --name 6f29238afb464bd2ade86bcbadf57271_postgres15sha2561b92e7a80c021647bf70f5d3eb66066a998e4f5cf43c07bb9dc9f729782cf88e_d54d14 --label 546c0a --network github_network_9ae2e62821184d70ac1f60336429caad --network-alias postgres -p 5432:5432 --health-cmd "pg_isready -U postgres" --health-interval 5s --health-timeout 5s --health-retries 10 -e "POSTGRES_HOST_AUTH_METHOD=trust" -e GITHUB_ACTIONS=true -e CI=true postgres:15@sha256:1b92e7a80c021647bf70f5d3eb66066a998e4f5cf43c07bb9dc9f729782cf88e
2026-10-07T22:28:51.5880614Z cd70e5763ced7aa980df84444a50484c164dda4c1f9dc6517805ad8f81fc9163
2026-10-07T22:28:51.5898169Z ##[command]/usr/bin/docker start cd70e5763ced7aa980df84444a50484c164dda4c1f9dc6517805ad8f81fc9163
2026-10-07T22:28:51.7735207Z cd70e5763ced7aa980df84444a50484c164dda4c1f9dc6517805ad8f81fc9163
2026-10-07T22:28:51.7765680Z ##[command]/usr/bin/docker ps --all --filter id=cd70e5763ced7aa980df84444a50484c164dda4c1f9dc6517805ad8f81fc9163 --filter status=running --no-trunc --format "{{.ID}} {{.Status}}"
2026-10-07T22:28:51.7881533Z cd70e5763ced7aa980df84444a50484c164dda4c1f9dc6517805ad8f81fc9163 Up Less than a second (health: starting)
2026-10-07T22:28:51.7890796Z ##[command]/usr/bin/docker port cd70e5763ced7aa980df84444a50484c164dda4c1f9dc6517805ad8f81fc9163
2026-10-07T22:28:51.7998563Z 5432/tcp -> 0.0.0.0:5432
2026-10-07T22:28:51.7998959Z 5432/tcp -> [::]:5432
2026-10-07T22:28:51.8037256Z ##[endgroup]
2026-10-07T22:28:51.8044984Z ##[group]Waiting for all services to be ready
2026-10-07T22:28:51.8058038Z ##[command]/usr/bin/docker inspect --format="{{if .Config.Healthcheck}}{{print .State.Health.Status}}{{end}}" cd70e5763ced7aa980df84444a50484c164dda4c1f9dc6517805ad8f81fc9163
2026-10-07T22:28:51.8169143Z starting
2026-10-07T22:28:51.8187854Z postgres service is starting, waiting 2 seconds before checking again.
2026-10-07T22:28:53.8189963Z ##[command]/usr/bin/docker inspect --format="{{if .Config.Healthcheck}}{{print .State.Health.Status}}{{end}}" cd70e5763ced7aa980df84444a50484c164dda4c1f9dc6517805ad8f81fc9163
2026-10-07T22:28:53.8285886Z starting
2026-10-07T22:28:53.8296384Z postgres service is starting, waiting 3 seconds before checking again.
2026-10-07T22:28:57.7982898Z ##[command]/usr/bin/docker inspect --format="{{if .Config.Healthcheck}}{{print .State.Health.Status}}{{end}}" cd70e5763ced7aa980df84444a50484c164dda4c1f9dc6517805ad8f81fc9163
2026-10-07T22:28:57.8074647Z healthy
2026-10-07T22:28:57.8097232Z postgres service is healthy.
2026-10-07T22:28:57.8097905Z ##[endgroup]
2026-10-07T22:28:57.8258034Z ##[group]Run actions/checkout@93cb6efe18208431cddfb8368fd83d5badbf9bfd
2026-10-07T22:28:57.8258331Z with:
2026-10-07T22:28:57.8258450Z   persist-credentials: false
2026-10-07T22:28:57.8258599Z   ref: 6ce178a20c755cdce04774bc56281c8bf647c7c2
2026-10-07T22:28:57.8258760Z   repository: anilbeesetti/koda
2026-10-07T22:28:57.8260125Z   token: ***
2026-10-07T22:28:57.8260234Z   ssh-strict: true
2026-10-07T22:28:57.8260346Z   ssh-user: git
2026-10-07T22:28:57.8260451Z   clean: true
2026-10-07T22:28:57.8260587Z   sparse-checkout-cone-mode: true
2026-10-07T22:28:57.8260725Z   fetch-depth: 1
2026-10-07T22:28:57.8260831Z   fetch-tags: false
2026-10-07T22:28:57.8260942Z   show-progress: true
2026-10-07T22:28:57.8261052Z   lfs: false
2026-10-07T22:28:57.8261151Z   submodules: false
2026-10-07T22:28:57.8261264Z   set-safe-directory: true
2026-10-07T22:28:57.8261456Z env:
2026-10-07T22:28:57.8261559Z   CARGO_TERM_COLOR: always
2026-10-07T22:28:57.8261678Z   CARGO_INCREMENTAL: 0
2026-10-07T22:28:57.8261823Z   CARGO_PROFILE_DEV_DEBUG: 0
2026-10-07T22:28:57.8261961Z   CARGO_PROFILE_DEV_BUILD_OVERRIDE_DEBUG: 0
2026-10-07T22:28:57.8262106Z   RUST_BACKTRACE: 1
2026-10-07T22:28:57.8262212Z   CC: clang
2026-10-07T22:28:57.8262311Z   CXX: clang++
2026-10-07T22:28:57.8262413Z   WGPU_BACKEND: vulkan
2026-10-07T22:28:57.8262526Z   CI_TEST_FILTER: 
2026-10-07T22:28:57.8262635Z   CI_TEST_MODE: full
2026-10-07T22:28:57.8262745Z ##[endgroup]
2026-10-07T22:28:57.8876478Z Syncing repository: anilbeesetti/koda
2026-10-07T22:28:57.8878023Z ##[group]Getting Git version info
2026-10-07T22:28:57.8878247Z Working directory is '/home/runner/work/koda/koda'
2026-10-07T22:28:57.8878545Z [command]/usr/bin/git version
2026-10-07T22:28:57.8947053Z git version 2.55.0
2026-10-07T22:28:57.8963654Z ##[endgroup]
2026-10-07T22:28:57.8971917Z Temporarily overriding HOME='/home/runner/work/_temp/7fe39f8b-a5fa-4958-be50-1e7cd191901e' before making global git config changes
2026-10-07T22:28:57.8973563Z Adding repository directory to the temporary git global config as a safe directory
2026-10-07T22:28:57.8976450Z [command]/usr/bin/git config --global --add safe.directory /home/runner/work/koda/koda
2026-10-07T22:28:57.9019318Z Deleting the contents of '/home/runner/work/koda/koda'
2026-10-07T22:28:57.9023456Z ##[group]Initializing the repository
2026-10-07T22:28:57.9026134Z [command]/usr/bin/git init /home/runner/work/koda/koda
2026-10-07T22:28:57.9125001Z hint: Using 'master' as the name for the initial branch. This default branch name
2026-10-07T22:28:57.9125526Z hint: will change to "main" in Git 3.0. To configure the initial branch name
2026-10-07T22:28:57.9125927Z hint: to use in all of your new repositories, which will suppress this warning,
2026-10-07T22:28:57.9126235Z hint: call:
2026-10-07T22:28:57.9126424Z hint:
2026-10-07T22:28:57.9126678Z hint: 	git config --global init.defaultBranch <name>
2026-10-07T22:28:57.9126945Z hint:
2026-10-07T22:28:57.9127182Z hint: Names commonly chosen instead of 'master' are 'main', 'trunk' and
2026-10-07T22:28:57.9127586Z hint: 'development'. The just-created branch can be renamed via this command:
2026-10-07T22:28:57.9127887Z hint:
2026-10-07T22:28:57.9128056Z hint: 	git branch -m <name>
2026-10-07T22:28:57.9128245Z hint:
2026-10-07T22:28:57.9128509Z hint: Disable this message with "git config set advice.defaultBranchName false"
2026-10-07T22:28:57.9129075Z Initialized empty Git repository in /home/runner/work/koda/koda/.git/
2026-10-07T22:28:57.9136851Z [command]/usr/bin/git remote add origin https://github.com/anilbeesetti/koda
2026-10-07T22:28:57.9181325Z ##[endgroup]
2026-10-07T22:28:57.9181684Z ##[group]Disabling automatic garbage collection
2026-10-07T22:28:57.9184857Z [command]/usr/bin/git config --local gc.auto 0
2026-10-07T22:28:57.9210914Z ##[endgroup]
2026-10-07T22:28:57.9211288Z ##[group]Setting up auth
2026-10-07T22:28:57.9216945Z [command]/usr/bin/git config --local --name-only --get-regexp core\.sshCommand
2026-10-07T22:28:57.9244524Z [command]/usr/bin/git submodule foreach --recursive sh -c "git config --local --name-only --get-regexp 'core\.sshCommand' && git config --local --unset-all 'core.sshCommand' || :"
2026-10-07T22:28:57.9547567Z [command]/usr/bin/git config --local --name-only --get-regexp http\.https\:\/\/github\.com\/\.extraheader
2026-10-07T22:28:57.9576773Z [command]/usr/bin/git submodule foreach --recursive sh -c "git config --local --name-only --get-regexp 'http\.https\:\/\/github\.com\/\.extraheader' && git config --local --unset-all 'http.https://github.com/.extraheader' || :"
2026-10-07T22:28:57.9741726Z [command]/usr/bin/git config --local --name-only --get-regexp ^includeIf\.gitdir:
2026-10-07T22:28:57.9768948Z [command]/usr/bin/git submodule foreach --recursive git config --local --show-origin --name-only --get-regexp remote.origin.url
2026-10-07T22:28:57.9954348Z [command]/usr/bin/git config --local http.https://github.com/.extraheader AUTHORIZATION: basic ***
2026-10-07T22:28:57.9968796Z ##[endgroup]
2026-10-07T22:28:57.9969020Z ##[group]Fetching the repository
2026-10-07T22:28:57.9974693Z [command]/usr/bin/git -c protocol.version=2 fetch --no-tags --prune --no-recurse-submodules --depth=1 origin 6ce178a20c755cdce04774bc56281c8bf647c7c2
2026-10-07T22:29:02.6964995Z From https://github.com/anilbeesetti/koda
2026-10-07T22:29:02.6965509Z  * branch            6ce178a20c755cdce04774bc56281c8bf647c7c2 -> FETCH_HEAD
2026-10-07T22:29:02.6968655Z ##[endgroup]
2026-10-07T22:29:02.6970491Z ##[group]Determining the checkout info
2026-10-07T22:29:02.6970833Z ##[endgroup]
2026-10-07T22:29:02.6975237Z [command]/usr/bin/git sparse-checkout disable
2026-10-07T22:29:02.7021232Z [command]/usr/bin/git config --local --unset-all extensions.worktreeConfig
2026-10-07T22:29:02.7047628Z ##[group]Checking out the ref
2026-10-07T22:29:02.7063025Z [command]/usr/bin/git checkout --progress --force 6ce178a20c755cdce04774bc56281c8bf647c7c2
2026-10-07T22:29:03.1124907Z Note: switching to '6ce178a20c755cdce04774bc56281c8bf647c7c2'.
2026-10-07T22:29:03.1125187Z 
2026-10-07T22:29:03.1125406Z You are in 'detached HEAD' state. You can look around, make experimental
2026-10-07T22:29:03.1125818Z changes and commit them, and you can discard any commits you make in this
2026-10-07T22:29:03.1126225Z state without impacting any branches by switching back to a branch.
2026-10-07T22:29:03.1126589Z 
2026-10-07T22:29:03.1126750Z If you want to create a new branch to retain commits you create, you may
2026-10-07T22:29:03.1127134Z do so (now or later) by using -c with the switch command. Example:
2026-10-07T22:29:03.1127343Z 
2026-10-07T22:29:03.1127458Z   git switch -c <new-branch-name>
2026-10-07T22:29:03.1127600Z 
2026-10-07T22:29:03.1127691Z Or undo this operation with:
2026-10-07T22:29:03.1127822Z 
2026-10-07T22:29:03.1127898Z   git switch -
2026-10-07T22:29:03.1128019Z 
2026-10-07T22:29:03.1128199Z Turn off this advice by setting config variable advice.detachedHead to false
2026-10-07T22:29:03.1128504Z 
2026-10-07T22:29:03.1128782Z HEAD is now at 6ce178a Merge 905012f11885a86c9e8e18710ead07897d941d40 into ed7040f650a01d31eb32eac68a623ce45b7a77e8
2026-10-07T22:29:03.1151216Z ##[endgroup]
2026-10-07T22:29:03.1193069Z [command]/usr/bin/git log -1 --format=%H
2026-10-07T22:29:03.1217480Z 6ce178a20c755cdce04774bc56281c8bf647c7c2
2026-10-07T22:29:03.1224735Z ##[group]Removing auth
2026-10-07T22:29:03.1227228Z [command]/usr/bin/git config --local --name-only --get-regexp core\.sshCommand
2026-10-07T22:29:03.1255588Z [command]/usr/bin/git submodule foreach --recursive sh -c "git config --local --name-only --get-regexp 'core\.sshCommand' && git config --local --unset-all 'core.sshCommand' || :"
2026-10-07T22:29:03.1445331Z [command]/usr/bin/git config --local --name-only --get-regexp http\.https\:\/\/github\.com\/\.extraheader
2026-10-07T22:29:03.1474639Z http.https://github.com/.extraheader
2026-10-07T22:29:03.1481609Z [command]/usr/bin/git config --local --unset-all http.https://github.com/.extraheader
2026-10-07T22:29:03.1557890Z [command]/usr/bin/git submodule foreach --recursive sh -c "git config --local --name-only --get-regexp 'http\.https\:\/\/github\.com\/\.extraheader' && git config --local --unset-all 'http.https://github.com/.extraheader' || :"
2026-10-07T22:29:03.1761241Z [command]/usr/bin/git config --local --name-only --get-regexp ^includeIf\.gitdir:
2026-10-07T22:29:03.1795864Z [command]/usr/bin/git submodule foreach --recursive git config --local --show-origin --name-only --get-regexp remote.origin.url
2026-10-07T22:29:03.1997724Z ##[endgroup]
2026-10-07T22:29:03.2154656Z ##[group]Run python3 script/ci-run resources --github-env "$GITHUB_ENV"
2026-10-07T22:29:03.2155012Z [36;1mpython3 script/ci-run resources --github-env "$GITHUB_ENV"[0m
2026-10-07T22:29:03.2327627Z shell: /usr/bin/bash --noprofile --norc -e -o pipefail {0}
2026-10-07T22:29:03.2327830Z env:
2026-10-07T22:29:03.2327948Z   CARGO_TERM_COLOR: always
2026-10-07T22:29:03.2328081Z   CARGO_INCREMENTAL: 0
2026-10-07T22:29:03.2328206Z   CARGO_PROFILE_DEV_DEBUG: 0
2026-10-07T22:29:03.2328349Z   CARGO_PROFILE_DEV_BUILD_OVERRIDE_DEBUG: 0
2026-10-07T22:29:03.2328501Z   RUST_BACKTRACE: 1
2026-10-07T22:29:03.2328612Z   CC: clang
2026-10-07T22:29:03.2328718Z   CXX: clang++
2026-10-07T22:29:03.2328825Z   WGPU_BACKEND: vulkan
2026-10-07T22:29:03.2328946Z   CI_TEST_FILTER: 
2026-10-07T22:29:03.2329059Z   CI_TEST_MODE: full
2026-10-07T22:29:03.2329176Z ##[endgroup]
2026-10-07T22:29:03.2614025Z Linux: 4 CPUs, 15.6 GiB RAM; Cargo jobs=4, nextest threads=4
2026-10-07T22:29:03.2679134Z ##[group]Run sudo rm -rf /usr/share/dotnet /usr/local/lib/android /opt/ghc
2026-10-07T22:29:03.2679441Z [36;1msudo rm -rf /usr/share/dotnet /usr/local/lib/android /opt/ghc[0m
2026-10-07T22:29:03.2726970Z shell: /usr/bin/bash --noprofile --norc -e -o pipefail {0}
2026-10-07T22:29:03.2727149Z env:
2026-10-07T22:29:03.2727261Z   CARGO_TERM_COLOR: always
2026-10-07T22:29:03.2727388Z   CARGO_INCREMENTAL: 0
2026-10-07T22:29:03.2727518Z   CARGO_PROFILE_DEV_DEBUG: 0
2026-10-07T22:29:03.2727656Z   CARGO_PROFILE_DEV_BUILD_OVERRIDE_DEBUG: 0
2026-10-07T22:29:03.2727802Z   RUST_BACKTRACE: 1
2026-10-07T22:29:03.2727910Z   CC: clang
2026-10-07T22:29:03.2728009Z   CXX: clang++
2026-10-07T22:29:03.2728113Z   WGPU_BACKEND: vulkan
2026-10-07T22:29:03.2728226Z   CI_TEST_FILTER: 
2026-10-07T22:29:03.2728332Z   CI_TEST_MODE: full
2026-10-07T22:29:03.2728442Z   CARGO_BUILD_JOBS: 4
2026-10-07T22:29:03.2728552Z   CI_TEST_THREADS: 4
2026-10-07T22:29:03.2728665Z ##[endgroup]
2026-10-07T22:29:57.6369454Z ##[group]Run ./script/linux
2026-10-07T22:29:57.6369631Z [36;1m./script/linux[0m
2026-10-07T22:29:57.6423347Z shell: /usr/bin/bash --noprofile --norc -e -o pipefail {0}
2026-10-07T22:29:57.6423547Z env:
2026-10-07T22:29:57.6423666Z   CARGO_TERM_COLOR: always
2026-10-07T22:29:57.6423791Z   CARGO_INCREMENTAL: 0
2026-10-07T22:29:57.6423914Z   CARGO_PROFILE_DEV_DEBUG: 0
2026-10-07T22:29:57.6424056Z   CARGO_PROFILE_DEV_BUILD_OVERRIDE_DEBUG: 0
2026-10-07T22:29:57.6424207Z   RUST_BACKTRACE: 1
2026-10-07T22:29:57.6424316Z   CC: clang
2026-10-07T22:29:57.6424417Z   CXX: clang++
2026-10-07T22:29:57.6424521Z   WGPU_BACKEND: vulkan
2026-10-07T22:29:57.6424635Z   CI_TEST_FILTER: 
2026-10-07T22:29:57.6424745Z   CI_TEST_MODE: full
2026-10-07T22:29:57.6424859Z   CARGO_BUILD_JOBS: 4
2026-10-07T22:29:57.6424971Z   CI_TEST_THREADS: 4
2026-10-07T22:29:57.6425085Z ##[endgroup]
2026-10-07T22:29:57.6514149Z ++ id -u
2026-10-07T22:29:57.6529077Z + '[' 1001 -eq 0 ']'
2026-10-07T22:29:57.6531071Z ++ command -v sudo
2026-10-07T22:29:57.6532978Z + maysudo=/usr/bin/sudo
2026-10-07T22:29:57.6535420Z ++ command -v apt-get
2026-10-07T22:29:57.6537132Z + apt=/usr/bin/apt-get
2026-10-07T22:29:57.6538156Z + [[ -n /usr/bin/apt-get ]]
2026-10-07T22:29:57.6540564Z + deps=(gcc g++ libasound2-dev libfontconfig-dev libgit2-dev libglib2.0-dev libssl-dev libva-dev libvulkan1 libwayland-dev libx11-xcb-dev libxkbcommon-x11-dev libzstd-dev make cmake clang lld llvm jq git curl gettext-base elfutils libsqlite3-dev musl-tools musl-dev build-essential pipewire xdg-desktop-portal)
2026-10-07T22:29:57.6541637Z + grep -qP 'PRETTY_NAME="(Debian|Raspbian).+13' /etc/os-release
2026-10-07T22:29:57.6553854Z + grep -qP 'PRETTY_NAME="(Linux Mint 22|.+24\.(04|10))' /etc/os-release
2026-10-07T22:29:57.6563823Z + deps+=(libstdc++-14-dev)
2026-10-07T22:29:57.6564052Z + /usr/bin/sudo /usr/bin/apt-get update
2026-10-07T22:29:57.7066550Z Get:1 file:/etc/apt/apt-mirrors.txt Mirrorlist [144 B]
2026-10-07T22:29:57.7353800Z Hit:2 http://azure.archive.ubuntu.com/ubuntu noble InRelease
2026-10-07T22:29:57.7368046Z Get:3 http://azure.archive.ubuntu.com/ubuntu noble-updates InRelease [126 kB]
2026-10-07T22:29:57.7432555Z Get:4 http://azure.archive.ubuntu.com/ubuntu noble-backports InRelease [126 kB]
2026-10-07T22:29:57.7451291Z Get:5 http://azure.archive.ubuntu.com/ubuntu noble-security InRelease [126 kB]
2026-10-07T22:29:57.8246055Z Get:6 http://azure.archive.ubuntu.com/ubuntu noble-updates/main amd64 Packages [1375 kB]
2026-10-07T22:29:57.8346975Z Get:7 http://azure.archive.ubuntu.com/ubuntu noble-updates/main Translation-en [306 kB]
2026-10-07T22:29:57.8373507Z Get:8 http://azure.archive.ubuntu.com/ubuntu noble-updates/universe amd64 Packages [1702 kB]
2026-10-07T22:29:57.8443322Z Get:9 http://azure.archive.ubuntu.com/ubuntu noble-updates/universe Translation-en [341 kB]
2026-10-07T22:29:57.8466632Z Get:10 http://azure.archive.ubuntu.com/ubuntu noble-updates/restricted amd64 Packages [1730 kB]
2026-10-07T22:29:57.8551235Z Get:11 http://azure.archive.ubuntu.com/ubuntu noble-updates/restricted Translation-en [396 kB]
2026-10-07T22:29:57.8572657Z Get:12 http://azure.archive.ubuntu.com/ubuntu noble-updates/multiverse Translation-en [13.3 kB]
2026-10-07T22:29:57.9066710Z Get:13 http://azure.archive.ubuntu.com/ubuntu noble-security/main amd64 Packages [1073 kB]
2026-10-07T22:29:57.9104662Z Get:14 http://azure.archive.ubuntu.com/ubuntu noble-security/main Translation-en [223 kB]
2026-10-07T22:29:57.9119040Z Get:15 http://azure.archive.ubuntu.com/ubuntu noble-security/universe amd64 Packages [1218 kB]
2026-10-07T22:29:57.9562139Z Get:18 https://packages.microsoft.com/ubuntu/24.04/prod noble InRelease [3600 B]
2026-10-07T22:29:57.9576759Z Get:16 http://azure.archive.ubuntu.com/ubuntu noble-security/universe Translation-en [245 kB]
2026-10-07T22:29:57.9582706Z Get:17 http://azure.archive.ubuntu.com/ubuntu noble-security/multiverse Translation-en [11.6 kB]
2026-10-07T22:29:57.9942963Z Get:19 https://packages.microsoft.com/ubuntu/24.04/prod noble/main amd64 Packages [519 kB]
2026-10-07T22:29:58.0020736Z Get:20 https://packages.microsoft.com/ubuntu/24.04/prod noble/main arm64 Packages [463 kB]
2026-10-07T22:30:02.6110737Z Fetched 9996 kB in 1s (13.0 MB/s)
2026-10-07T22:30:03.1374065Z Reading package lists...
2026-10-07T22:30:03.1464516Z + /usr/bin/sudo /usr/bin/apt-get install -y gcc g++ libasound2-dev libfontconfig-dev libgit2-dev libglib2.0-dev libssl-dev libva-dev libvulkan1 libwayland-dev libx11-xcb-dev libxkbcommon-x11-dev libzstd-dev make cmake clang lld llvm jq git curl gettext-base elfutils libsqlite3-dev musl-tools musl-dev build-essential pipewire xdg-desktop-portal libstdc++-14-dev
2026-10-07T22:30:03.1613265Z Reading package lists...
2026-10-07T22:30:03.3365214Z Building dependency tree...
2026-10-07T22:30:03.3370496Z Reading state information...
2026-10-07T22:30:03.4564307Z gcc is already the newest version (4:13.2.0-7ubuntu1).
2026-10-07T22:30:03.4564625Z g++ is already the newest version (4:13.2.0-7ubuntu1).
2026-10-07T22:30:03.4564959Z libssl-dev is already the newest version (3.0.13-0ubuntu3.16).
2026-10-07T22:30:03.4565285Z libvulkan1 is already the newest version (1.3.275.0-1build1).
2026-10-07T22:30:03.4565568Z libvulkan1 set to manually installed.
2026-10-07T22:30:03.4565860Z libzstd-dev is already the newest version (1.5.5+dfsg2-2build1.1).
2026-10-07T22:30:03.4566143Z libzstd-dev set to manually installed.
2026-10-07T22:30:03.4566376Z make is already the newest version (4.3-4.1build2).
2026-10-07T22:30:03.4566656Z jq is already the newest version (1.7.1-3ubuntu0.24.04.2).
2026-10-07T22:30:03.4566958Z git is already the newest version (1:2.55.0-0ppa1~ubuntu24.04.2).
2026-10-07T22:30:03.4567241Z git set to manually installed.
2026-10-07T22:30:03.4567483Z curl is already the newest version (8.5.0-2ubuntu10.15).
2026-10-07T22:30:03.4567791Z gettext-base is already the newest version (0.21-14ubuntu2).
2026-10-07T22:30:03.4568076Z gettext-base set to manually installed.
2026-10-07T22:30:03.4568368Z libsqlite3-dev is already the newest version (3.45.1-1ubuntu2.8).
2026-10-07T22:30:03.4568725Z libstdc++-14-dev is already the newest version (14.2.0-4ubuntu2~24.04.1).
2026-10-07T22:30:03.4569040Z libstdc++-14-dev set to manually installed.
2026-10-07T22:30:03.4569317Z The following additional packages will be installed:
2026-10-07T22:30:03.4569666Z   bubblewrap bzip2-doc cmake-data glib-networking glib-networking-common
2026-10-07T22:30:03.4570089Z   glib-networking-services gsettings-desktop-schemas i965-va-driver
2026-10-07T22:30:03.4570482Z   intel-media-va-driver libasm1t64 libasyncns0 libblkid-dev libbrotli-dev
2026-10-07T22:30:03.4570868Z   libbz2-dev libflac12t64 libfreetype-dev libfreetype6 libgirepository-2.0-0
2026-10-07T22:30:03.4571233Z   libgit2-1.7 libglib2.0-dev-bin libhttp-parser-dev libhttp-parser2.9
2026-10-07T22:30:03.4571557Z   libigdgmm12 libjsoncpp25 libmount-dev libmp3lame0 libmpg123-0t64 libopus0
2026-10-07T22:30:03.4571811Z   libpipewire-0.3-0t64 libpipewire-0.3-common libpipewire-0.3-modules
2026-10-07T22:30:03.4572056Z   libpng-dev libpng-tools libproxy1v5 libpthread-stubs0-dev libpulse0
2026-10-07T22:30:03.4572361Z   librhash0 libroc0.3 libselinux1-dev libsepol-dev libset-scalar-perl
2026-10-07T22:30:03.4573192Z   libsnapd-glib-2-1 libsndfile1 libsoup-3.0-0 libsoup-3.0-common
2026-10-07T22:30:03.4573422Z   libspa-0.2-modules libspeexdsp1 libssh2-1-dev libva-drm2 libva-glx2
2026-10-07T22:30:03.4573654Z   libva-wayland2 libva-x11-2 libva2 libvorbisenc2 libwayland-bin
2026-10-07T22:30:03.4573900Z   libwayland-server0 libwebrtc-audio-processing1 libwireplumber-0.4-0
2026-10-07T22:30:03.4574159Z   libx11-dev libxau-dev libxcb-xkb-dev libxcb-xkb1 libxcb1-dev libxdmcp-dev
2026-10-07T22:30:03.4574416Z   libxkbcommon-dev libxkbcommon-x11-0 llvm-runtime mesa-va-drivers musl
2026-10-07T22:30:03.4574677Z   pipewire-bin pipewire-pulse rtkit session-migration uuid-dev va-driver-all
2026-10-07T22:30:03.4574913Z   wireplumber x11proto-dev xorg-sgml-doctools xtrans-dev
2026-10-07T22:30:03.4583418Z Suggested packages:
2026-10-07T22:30:03.4584197Z   cmake-doc cmake-format elpa-cmake-mode ninja-build i965-va-driver-shaders
2026-10-07T22:30:03.4584624Z   libasound2-doc freetype2-doc gir1.2-glib-2.0-dev libglib2.0-doc
2026-10-07T22:30:03.4585141Z   libgdk-pixbuf2.0-bin libxml2-utils opus-tools pulseaudio libwayland-doc
2026-10-07T22:30:03.4585538Z   libx11-doc libxcb-doc libspa-0.2-bluetooth pulseaudio-utils
2026-10-07T22:30:03.4585832Z   libspa-0.2-libcamera wireplumber-doc
2026-10-07T22:30:03.5176610Z The following NEW packages will be installed:
2026-10-07T22:30:03.5177038Z   bubblewrap build-essential bzip2-doc clang cmake cmake-data elfutils
2026-10-07T22:30:03.5177435Z   glib-networking glib-networking-common glib-networking-services
2026-10-07T22:30:03.5177840Z   gsettings-desktop-schemas i965-va-driver intel-media-va-driver libasm1t64
2026-10-07T22:30:03.5178240Z   libasound2-dev libasyncns0 libblkid-dev libbrotli-dev libbz2-dev
2026-10-07T22:30:03.5178631Z   libflac12t64 libfontconfig-dev libfreetype-dev libgirepository-2.0-0
2026-10-07T22:30:03.5179084Z   libgit2-1.7 libgit2-dev libglib2.0-dev libglib2.0-dev-bin libhttp-parser-dev
2026-10-07T22:30:03.5179513Z   libhttp-parser2.9 libigdgmm12 libjsoncpp25 libmount-dev libmp3lame0
2026-10-07T22:30:03.5179910Z   libmpg123-0t64 libopus0 libpipewire-0.3-0t64 libpipewire-0.3-common
2026-10-07T22:30:03.5180272Z   libpipewire-0.3-modules libpng-dev libpng-tools libproxy1v5
2026-10-07T22:30:03.5181092Z   libpthread-stubs0-dev libpulse0 librhash0 libroc0.3 libselinux1-dev
2026-10-07T22:30:03.5181494Z   libsepol-dev libset-scalar-perl libsnapd-glib-2-1 libsndfile1 libsoup-3.0-0
2026-10-07T22:30:03.5181917Z   libsoup-3.0-common libspa-0.2-modules libspeexdsp1 libssh2-1-dev libva-dev
2026-10-07T22:30:03.5182309Z   libva-drm2 libva-glx2 libva-wayland2 libva-x11-2 libva2 libvorbisenc2
2026-10-07T22:30:03.5182712Z   libwayland-bin libwayland-dev libwayland-server0 libwebrtc-audio-processing1
2026-10-07T22:30:03.5183255Z   libwireplumber-0.4-0 libx11-dev libx11-xcb-dev libxau-dev libxcb-xkb-dev
2026-10-07T22:30:03.5183521Z   libxcb-xkb1 libxcb1-dev libxdmcp-dev libxkbcommon-dev libxkbcommon-x11-0
2026-10-07T22:30:03.5183867Z   libxkbcommon-x11-dev lld llvm llvm-runtime mesa-va-drivers musl musl-dev
2026-10-07T22:30:03.5184274Z   musl-tools pipewire pipewire-bin pipewire-pulse rtkit session-migration
2026-10-07T22:30:03.5184662Z   uuid-dev va-driver-all wireplumber x11proto-dev xdg-desktop-portal
2026-10-07T22:30:03.5184971Z   xorg-sgml-doctools xtrans-dev
2026-10-07T22:30:03.5189492Z The following packages will be upgraded:
2026-10-07T22:30:03.5193430Z   libfreetype6
2026-10-07T22:30:03.5343901Z 1 upgraded, 96 newly installed, 0 to remove and 10 not upgraded.
2026-10-07T22:30:03.5344251Z Need to get 33.2 MB of archives.
2026-10-07T22:30:03.5344527Z After this operation, 129 MB of additional disk space will be used.
2026-10-07T22:30:03.5344869Z Get:1 file:/etc/apt/apt-mirrors.txt Mirrorlist [144 B]
2026-10-07T22:30:03.5873867Z Get:2 http://azure.archive.ubuntu.com/ubuntu noble-updates/main amd64 bubblewrap amd64 0.9.0-1ubuntu0.3 [50.4 kB]
2026-10-07T22:30:03.6316454Z Get:3 http://azure.archive.ubuntu.com/ubuntu noble/main amd64 build-essential amd64 12.10ubuntu1 [4928 B]
2026-10-07T22:30:03.6745750Z Get:4 http://azure.archive.ubuntu.com/ubuntu noble-updates/main amd64 bzip2-doc all 1.0.8-5.1ubuntu0.1 [499 kB]
2026-10-07T22:30:03.7117268Z Get:5 http://azure.archive.ubuntu.com/ubuntu noble/universe amd64 clang amd64 1:18.0-59~exp2 [5846 B]
2026-10-07T22:30:03.7471838Z Get:6 http://azure.archive.ubuntu.com/ubuntu noble/main amd64 libjsoncpp25 amd64 1.9.5-6build1 [82.8 kB]
2026-10-07T22:30:03.7831949Z Get:7 http://azure.archive.ubuntu.com/ubuntu noble/main amd64 librhash0 amd64 1.4.3-3build1 [129 kB]
2026-10-07T22:30:03.8188763Z Get:8 http://azure.archive.ubuntu.com/ubuntu noble/main amd64 cmake-data all 3.28.3-1build7 [2155 kB]
2026-10-07T22:30:03.8626567Z Get:9 http://azure.archive.ubuntu.com/ubuntu noble/main amd64 cmake amd64 3.28.3-1build7 [11.2 MB]
2026-10-07T22:30:04.0325340Z Get:10 http://azure.archive.ubuntu.com/ubuntu noble-updates/main amd64 libasm1t64 amd64 0.190-1.1ubuntu0.1 [17.5 kB]
2026-10-07T22:30:04.0604337Z Get:11 http://azure.archive.ubuntu.com/ubuntu noble-updates/main amd64 elfutils amd64 0.190-1.1ubuntu0.1 [525 kB]
2026-10-07T22:30:04.0904282Z Get:12 http://azure.archive.ubuntu.com/ubuntu noble/main amd64 libproxy1v5 amd64 0.5.4-4build1 [26.5 kB]
2026-10-07T22:30:04.1183115Z Get:13 http://azure.archive.ubuntu.com/ubuntu noble/main amd64 glib-networking-common all 2.80.0-1build1 [6702 B]
2026-10-07T22:30:04.1463191Z Get:14 http://azure.archive.ubuntu.com/ubuntu noble/main amd64 glib-networking-services amd64 2.80.0-1build1 [12.8 kB]
2026-10-07T22:30:04.1743904Z Get:15 http://azure.archive.ubuntu.com/ubuntu noble/main amd64 session-migration amd64 0.3.9build1 [9034 B]
2026-10-07T22:30:04.2027345Z Get:16 http://azure.archive.ubuntu.com/ubuntu noble-updates/main amd64 gsettings-desktop-schemas all 46.1-0ubuntu1 [35.6 kB]
2026-10-07T22:30:04.2341506Z Get:17 http://azure.archive.ubuntu.com/ubuntu noble/main amd64 glib-networking amd64 2.80.0-1build1 [64.1 kB]
2026-10-07T22:30:04.2621314Z Get:18 http://azure.archive.ubuntu.com/ubuntu noble-updates/universe amd64 libva2 amd64 2.20.0-2ubuntu0.2 [66.4 kB]
2026-10-07T22:30:04.2901195Z Get:19 http://azure.archive.ubuntu.com/ubuntu noble-updates/universe amd64 libigdgmm12 amd64 22.3.17+ds1-1ubuntu1 [145 kB]
2026-10-07T22:30:04.3612941Z Get:20 http://azure.archive.ubuntu.com/ubuntu noble-updates/universe amd64 intel-media-va-driver amd64 24.1.0+dfsg1-1ubuntu0.2 [3163 kB]
2026-10-07T22:30:04.4198407Z Get:21 http://azure.archive.ubuntu.com/ubuntu noble-updates/main amd64 libasound2-dev amd64 1.2.11-1ubuntu0.3 [115 kB]
2026-10-07T22:30:04.4476801Z Get:22 http://azure.archive.ubuntu.com/ubuntu noble/main amd64 libasyncns0 amd64 0.8-6build4 [11.3 kB]
2026-10-07T22:30:04.4756042Z Get:23 http://azure.archive.ubuntu.com/ubuntu noble/main amd64 libbrotli-dev amd64 1.1.0-2build2 [353 kB]
2026-10-07T22:30:04.5046317Z Get:24 http://azure.archive.ubuntu.com/ubuntu noble-updates/main amd64 libbz2-dev amd64 1.0.8-5.1ubuntu0.1 [33.6 kB]
2026-10-07T22:30:04.5340459Z Get:25 http://azure.archive.ubuntu.com/ubuntu noble/main amd64 libflac12t64 amd64 1.4.3+ds-2.1ubuntu2 [197 kB]
2026-10-07T22:30:04.5687466Z Get:26 http://azure.archive.ubuntu.com/ubuntu noble-updates/main amd64 libfreetype6 amd64 2.13.2+dfsg-1ubuntu0.2 [403 kB]
2026-10-07T22:30:04.6035107Z Get:27 http://azure.archive.ubuntu.com/ubuntu noble-updates/main amd64 libpng-dev amd64 1.6.43-5ubuntu0.6 [265 kB]
2026-10-07T22:30:04.6333295Z Get:28 http://azure.archive.ubuntu.com/ubuntu noble-updates/main amd64 libfreetype-dev amd64 2.13.2+dfsg-1ubuntu0.2 [574 kB]
2026-10-07T22:30:04.6631682Z Get:29 http://azure.archive.ubuntu.com/ubuntu noble-updates/main amd64 uuid-dev amd64 2.39.3-9ubuntu6.6 [33.5 kB]
2026-10-07T22:30:04.6933395Z Get:30 http://azure.archive.ubuntu.com/ubuntu noble/main amd64 libfontconfig-dev amd64 2.15.0-1.1ubuntu2 [161 kB]
2026-10-07T22:30:04.7218610Z Get:31 http://azure.archive.ubuntu.com/ubuntu noble-updates/main amd64 libgirepository-2.0-0 amd64 2.80.0-6ubuntu3.9 [73.5 kB]
2026-10-07T22:30:04.7501127Z Get:32 http://azure.archive.ubuntu.com/ubuntu noble/main amd64 libhttp-parser2.9 amd64 2.9.4-6build1 [22.3 kB]
2026-10-07T22:30:04.7779306Z Get:33 http://azure.archive.ubuntu.com/ubuntu noble-updates/main amd64 libgit2-1.7 amd64 1.7.2+ds-1ubuntu3.2 [529 kB]
2026-10-07T22:30:04.8077179Z Get:34 http://azure.archive.ubuntu.com/ubuntu noble-updates/main amd64 libglib2.0-dev-bin amd64 2.80.0-6ubuntu3.9 [138 kB]
2026-10-07T22:30:04.8366225Z Get:35 http://azure.archive.ubuntu.com/ubuntu noble-updates/main amd64 libblkid-dev amd64 2.39.3-9ubuntu6.6 [205 kB]
2026-10-07T22:30:04.8656593Z Get:36 http://azure.archive.ubuntu.com/ubuntu noble/main amd64 libsepol-dev amd64 3.5-2build1 [384 kB]
2026-10-07T22:30:05.0042965Z Get:37 http://azure.archive.ubuntu.com/ubuntu noble-updates/main amd64 libselinux1-dev amd64 3.5-2ubuntu2.1 [164 kB]
2026-10-07T22:30:05.0327872Z Get:38 http://azure.archive.ubuntu.com/ubuntu noble-updates/main amd64 libmount-dev amd64 2.39.3-9ubuntu6.6 [14.9 kB]
2026-10-07T22:30:05.1053705Z Get:39 http://azure.archive.ubuntu.com/ubuntu noble-updates/main amd64 libglib2.0-dev amd64 2.80.0-6ubuntu3.9 [1860 kB]
2026-10-07T22:30:05.1493193Z Get:40 http://azure.archive.ubuntu.com/ubuntu noble/main amd64 libmp3lame0 amd64 3.100-6build1 [142 kB]
2026-10-07T22:30:05.1834344Z Get:41 http://azure.archive.ubuntu.com/ubuntu noble-updates/main amd64 libmpg123-0t64 amd64 1.32.5-1ubuntu1.1 [169 kB]
2026-10-07T22:30:05.2160364Z Get:42 http://azure.archive.ubuntu.com/ubuntu noble/main amd64 libopus0 amd64 1.4-1build1 [208 kB]
2026-10-07T22:30:05.2483831Z Get:43 http://azure.archive.ubuntu.com/ubuntu noble/main amd64 libwebrtc-audio-processing1 amd64 0.3.1-0ubuntu6 [290 kB]
2026-10-07T22:30:05.2811726Z Get:44 http://azure.archive.ubuntu.com/ubuntu noble-updates/main amd64 libspa-0.2-modules amd64 1.0.5-1ubuntu3.3 [628 kB]
2026-10-07T22:30:05.3159615Z Get:45 http://azure.archive.ubuntu.com/ubuntu noble-updates/main amd64 libpipewire-0.3-0t64 amd64 1.0.5-1ubuntu3.3 [252 kB]
2026-10-07T22:30:05.3487182Z Get:46 http://azure.archive.ubuntu.com/ubuntu noble-updates/main amd64 libpipewire-0.3-common all 1.0.5-1ubuntu3.3 [19.5 kB]
2026-10-07T22:30:05.3807563Z Get:47 http://azure.archive.ubuntu.com/ubuntu noble/main amd64 libvorbisenc2 amd64 1.3.7-1build3 [80.8 kB]
2026-10-07T22:30:05.4128992Z Get:48 http://azure.archive.ubuntu.com/ubuntu noble-updates/main amd64 libsndfile1 amd64 1.2.2-1ubuntu5.24.04.1 [209 kB]
2026-10-07T22:30:05.4454101Z Get:49 http://azure.archive.ubuntu.com/ubuntu noble-updates/main amd64 libpulse0 amd64 1:16.1+dfsg1-2ubuntu10.1 [292 kB]
2026-10-07T22:30:05.4779956Z Get:50 http://azure.archive.ubuntu.com/ubuntu noble/main amd64 libspeexdsp1 amd64 1.2.1-1ubuntu3 [43.1 kB]
2026-10-07T22:30:05.5097240Z Get:51 http://azure.archive.ubuntu.com/ubuntu noble/main amd64 libroc0.3 amd64 0.3.0+dfsg-7ubuntu2 [247 kB]
2026-10-07T22:30:05.5421714Z Get:52 http://azure.archive.ubuntu.com/ubuntu noble-updates/main amd64 libsoup-3.0-common all 3.4.4-5ubuntu0.9 [12.3 kB]
2026-10-07T22:30:05.5739179Z Get:53 http://azure.archive.ubuntu.com/ubuntu noble-updates/main amd64 libsoup-3.0-0 amd64 3.4.4-5ubuntu0.9 [291 kB]
2026-10-07T22:30:05.6101608Z Get:54 http://azure.archive.ubuntu.com/ubuntu noble/main amd64 libsnapd-glib-2-1 amd64 1.64-0ubuntu5 [107 kB]
2026-10-07T22:30:05.6459519Z Get:55 http://azure.archive.ubuntu.com/ubuntu noble-updates/main amd64 libpipewire-0.3-modules amd64 1.0.5-1ubuntu3.3 [815 kB]
2026-10-07T22:30:05.6868659Z Get:56 http://azure.archive.ubuntu.com/ubuntu noble-updates/main amd64 libpng-tools amd64 1.6.43-5ubuntu0.6 [28.5 kB]
2026-10-07T22:30:05.7570657Z Get:57 http://azure.archive.ubuntu.com/ubuntu noble/main amd64 libpthread-stubs0-dev amd64 0.4-1build3 [4746 B]
2026-10-07T22:30:05.7885542Z Get:58 http://azure.archive.ubuntu.com/ubuntu noble-updates/main amd64 libssh2-1-dev amd64 1.11.0-4.1ubuntu0.24.04.4 [260 kB]
2026-10-07T22:30:05.8169915Z Get:59 http://azure.archive.ubuntu.com/ubuntu noble-updates/universe amd64 libva-drm2 amd64 2.20.0-2ubuntu0.2 [7124 B]
2026-10-07T22:30:05.8444582Z Get:60 http://azure.archive.ubuntu.com/ubuntu noble-updates/universe amd64 libva-x11-2 amd64 2.20.0-2ubuntu0.2 [12.0 kB]
2026-10-07T22:30:05.8720327Z Get:61 http://azure.archive.ubuntu.com/ubuntu noble-updates/universe amd64 libva-glx2 amd64 2.20.0-2ubuntu0.2 [11.4 kB]
2026-10-07T22:30:05.8994476Z Get:62 http://azure.archive.ubuntu.com/ubuntu noble-updates/universe amd64 libva-wayland2 amd64 2.20.0-2ubuntu0.2 [10.9 kB]
2026-10-07T22:30:05.9269427Z Get:63 http://azure.archive.ubuntu.com/ubuntu noble/main amd64 libwayland-server0 amd64 1.22.0-2.1build1 [33.9 kB]
2026-10-07T22:30:05.9545195Z Get:64 http://azure.archive.ubuntu.com/ubuntu noble/main amd64 libwayland-bin amd64 1.22.0-2.1build1 [20.6 kB]
2026-10-07T22:30:05.9820088Z Get:65 http://azure.archive.ubuntu.com/ubuntu noble/main amd64 libwayland-dev amd64 1.22.0-2.1build1 [71.3 kB]
2026-10-07T22:30:06.0453544Z Get:66 http://azure.archive.ubuntu.com/ubuntu noble/universe amd64 libset-scalar-perl all 1.29-3 [28.6 kB]
2026-10-07T22:30:06.1166978Z Get:67 http://azure.archive.ubuntu.com/ubuntu noble-updates/universe amd64 libva-dev amd64 2.20.0-2ubuntu0.2 [114 kB]
2026-10-07T22:30:06.2177567Z Get:68 http://azure.archive.ubuntu.com/ubuntu noble-updates/main amd64 libwireplumber-0.4-0 amd64 0.4.17-1ubuntu4.1 [247 kB]
2026-10-07T22:30:06.2972175Z Get:69 http://azure.archive.ubuntu.com/ubuntu noble/main amd64 xorg-sgml-doctools all 1:1.11-1.1 [10.9 kB]
2026-10-07T22:30:06.3288765Z Get:70 http://azure.archive.ubuntu.com/ubuntu noble/main amd64 x11proto-dev all 2023.2-1 [602 kB]
2026-10-07T22:30:06.4086696Z Get:71 http://azure.archive.ubuntu.com/ubuntu noble/main amd64 libxau-dev amd64 1:1.0.9-1build6 [9570 B]
2026-10-07T22:30:06.4404098Z Get:72 http://azure.archive.ubuntu.com/ubuntu noble/main amd64 libxdmcp-dev amd64 1:1.1.3-0ubuntu6 [26.5 kB]
2026-10-07T22:30:06.4723348Z Get:73 http://azure.archive.ubuntu.com/ubuntu noble/main amd64 xtrans-dev all 1.4.0-1 [68.9 kB]
2026-10-07T22:30:06.5051519Z Get:74 http://azure.archive.ubuntu.com/ubuntu noble/main amd64 libxcb1-dev amd64 1.15-1ubuntu2 [85.8 kB]
2026-10-07T22:30:06.5381137Z Get:75 http://azure.archive.ubuntu.com/ubuntu noble/main amd64 libx11-dev amd64 2:1.8.7-1build1 [732 kB]
2026-10-07T22:30:06.6329419Z Get:76 http://azure.archive.ubuntu.com/ubuntu noble/main amd64 libx11-xcb-dev amd64 2:1.8.7-1build1 [9950 B]
2026-10-07T22:30:06.6645018Z Get:77 http://azure.archive.ubuntu.com/ubuntu noble/main amd64 libxcb-xkb1 amd64 1.15-1ubuntu2 [32.3 kB]
2026-10-07T22:30:06.6959974Z Get:78 http://azure.archive.ubuntu.com/ubuntu noble/main amd64 libxcb-xkb-dev amd64 1.15-1ubuntu2 [42.5 kB]
2026-10-07T22:30:06.7279895Z Get:79 http://azure.archive.ubuntu.com/ubuntu noble/main amd64 libxkbcommon-dev amd64 1.6.0-1build1 [56.3 kB]
2026-10-07T22:30:06.7599408Z Get:80 http://azure.archive.ubuntu.com/ubuntu noble/main amd64 libxkbcommon-x11-0 amd64 1.6.0-1build1 [14.5 kB]
2026-10-07T22:30:06.7930788Z Get:81 http://azure.archive.ubuntu.com/ubuntu noble/universe amd64 lld amd64 1:18.0-59~exp2 [5494 B]
2026-10-07T22:30:06.8287112Z Get:82 http://azure.archive.ubuntu.com/ubuntu noble/universe amd64 llvm-runtime amd64 1:18.0-59~exp2 [5496 B]
2026-10-07T22:30:06.8600995Z Get:83 http://azure.archive.ubuntu.com/ubuntu noble/universe amd64 llvm amd64 1:18.0-59~exp2 [4146 B]
2026-10-07T22:30:06.8915073Z Get:84 http://azure.archive.ubuntu.com/ubuntu noble-updates/universe amd64 mesa-va-drivers amd64 25.2.8-0ubuntu0.24.04.4 [6778 B]
2026-10-07T22:30:06.9238933Z Get:85 http://azure.archive.ubuntu.com/ubuntu noble-updates/main amd64 pipewire-bin amd64 1.0.5-1ubuntu3.3 [365 kB]
2026-10-07T22:30:06.9629516Z Get:86 http://azure.archive.ubuntu.com/ubuntu noble-updates/main amd64 pipewire amd64 1.0.5-1ubuntu3.3 [90.1 kB]
2026-10-07T22:30:06.9958943Z Get:87 http://azure.archive.ubuntu.com/ubuntu noble-updates/main amd64 pipewire-pulse amd64 1.0.5-1ubuntu3.3 [8454 B]
2026-10-07T22:30:07.0274180Z Get:88 http://azure.archive.ubuntu.com/ubuntu noble/main amd64 rtkit amd64 0.13-5build1 [34.6 kB]
2026-10-07T22:30:07.0591817Z Get:89 http://azure.archive.ubuntu.com/ubuntu noble-updates/universe amd64 i965-va-driver amd64 2.4.1+dfsg1-1ubuntu0.2 [332 kB]
2026-10-07T22:30:07.0979125Z Get:90 http://azure.archive.ubuntu.com/ubuntu noble-updates/universe amd64 va-driver-all amd64 2.20.0-2ubuntu0.2 [5014 B]
2026-10-07T22:30:07.1292382Z Get:91 http://azure.archive.ubuntu.com/ubuntu noble-updates/main amd64 wireplumber amd64 0.4.17-1ubuntu4.1 [80.0 kB]
2026-10-07T22:30:07.1624532Z Get:92 http://azure.archive.ubuntu.com/ubuntu noble-updates/main amd64 xdg-desktop-portal amd64 1.18.4-1ubuntu2.24.04.3 [307 kB]
2026-10-07T22:30:07.2000155Z Get:93 http://azure.archive.ubuntu.com/ubuntu noble/main amd64 libhttp-parser-dev amd64 2.9.4-6build1 [21.5 kB]
2026-10-07T22:30:07.2729022Z Get:94 http://azure.archive.ubuntu.com/ubuntu noble-updates/main amd64 libgit2-dev amd64 1.7.2+ds-1ubuntu3.2 [814 kB]
2026-10-07T22:30:07.3099921Z Get:95 http://azure.archive.ubuntu.com/ubuntu noble/main amd64 libxkbcommon-x11-dev amd64 1.6.0-1build1 [5586 B]
2026-10-07T22:30:07.3440225Z Get:96 http://azure.archive.ubuntu.com/ubuntu noble/universe amd64 musl amd64 1.2.4-2 [416 kB]
2026-10-07T22:30:07.3812586Z Get:97 http://azure.archive.ubuntu.com/ubuntu noble/universe amd64 musl-dev amd64 1.2.4-2 [616 kB]
2026-10-07T22:30:07.4202669Z Get:98 http://azure.archive.ubuntu.com/ubuntu noble/universe amd64 musl-tools amd64 1.2.4-2 [5540 B]
2026-10-07T22:30:07.6580253Z Fetched 33.2 MB in 4s (8525 kB/s)
2026-10-07T22:30:07.6869163Z Selecting previously unselected package bubblewrap.
2026-10-07T22:30:07.7099810Z (Reading database ... 
2026-10-07T22:30:07.7100043Z (Reading database ... 5%
2026-10-07T22:30:07.7100485Z (Reading database ... 10%
2026-10-07T22:30:07.7100726Z (Reading database ... 15%
2026-10-07T22:30:07.7100920Z (Reading database ... 20%
2026-10-07T22:30:07.7101079Z (Reading database ... 25%
2026-10-07T22:30:07.7101199Z (Reading database ... 30%
2026-10-07T22:30:07.7101321Z (Reading database ... 35%
2026-10-07T22:30:07.7101440Z (Reading database ... 40%
2026-10-07T22:30:07.7101599Z (Reading database ... 45%
2026-10-07T22:30:07.7101715Z (Reading database ... 50%
2026-10-07T22:30:07.7146952Z (Reading database ... 55%
2026-10-07T22:30:07.8079293Z (Reading database ... 60%
2026-10-07T22:30:07.9710983Z (Reading database ... 65%
2026-10-07T22:30:08.1752045Z (Reading database ... 70%
2026-10-07T22:30:08.3222019Z (Reading database ... 75%
2026-10-07T22:30:08.4729073Z (Reading database ... 80%
2026-10-07T22:30:08.5476812Z (Reading database ... 85%
2026-10-07T22:30:08.6330564Z (Reading database ... 90%
2026-10-07T22:30:08.7576455Z (Reading database ... 95%
2026-10-07T22:30:08.7576705Z (Reading database ... 100%
2026-10-07T22:30:08.7576982Z (Reading database ... 203191 files and directories currently installed.)
2026-10-07T22:30:08.7613052Z Preparing to unpack .../00-bubblewrap_0.9.0-1ubuntu0.3_amd64.deb ...
2026-10-07T22:30:08.7629619Z Unpacking bubblewrap (0.9.0-1ubuntu0.3) ...
2026-10-07T22:30:08.7844464Z Selecting previously unselected package build-essential.
2026-10-07T22:30:08.7938388Z Preparing to unpack .../01-build-essential_12.10ubuntu1_amd64.deb ...
2026-10-07T22:30:08.7944215Z Unpacking build-essential (12.10ubuntu1) ...
2026-10-07T22:30:08.8100086Z Selecting previously unselected package bzip2-doc.
2026-10-07T22:30:08.8192855Z Preparing to unpack .../02-bzip2-doc_1.0.8-5.1ubuntu0.1_all.deb ...
2026-10-07T22:30:08.8241062Z Unpacking bzip2-doc (1.0.8-5.1ubuntu0.1) ...
2026-10-07T22:30:08.8395200Z Selecting previously unselected package clang.
2026-10-07T22:30:08.8488421Z Preparing to unpack .../03-clang_1%3a18.0-59~exp2_amd64.deb ...
2026-10-07T22:30:08.8494029Z Unpacking clang (1:18.0-59~exp2) ...
2026-10-07T22:30:08.8660193Z Selecting previously unselected package libjsoncpp25:amd64.
2026-10-07T22:30:08.8751346Z Preparing to unpack .../04-libjsoncpp25_1.9.5-6build1_amd64.deb ...
2026-10-07T22:30:08.8763878Z Unpacking libjsoncpp25:amd64 (1.9.5-6build1) ...
2026-10-07T22:30:08.8925979Z Selecting previously unselected package librhash0:amd64.
2026-10-07T22:30:08.9016928Z Preparing to unpack .../05-librhash0_1.4.3-3build1_amd64.deb ...
2026-10-07T22:30:08.9023960Z Unpacking librhash0:amd64 (1.4.3-3build1) ...
2026-10-07T22:30:08.9381125Z Selecting previously unselected package cmake-data.
2026-10-07T22:30:08.9480634Z Preparing to unpack .../06-cmake-data_3.28.3-1build7_all.deb ...
2026-10-07T22:30:08.9542200Z Unpacking cmake-data (3.28.3-1build7) ...
2026-10-07T22:30:09.3531078Z Selecting previously unselected package cmake.
2026-10-07T22:30:09.3639421Z Preparing to unpack .../07-cmake_3.28.3-1build7_amd64.deb ...
2026-10-07T22:30:09.3645871Z Unpacking cmake (3.28.3-1build7) ...
2026-10-07T22:30:09.6088207Z Selecting previously unselected package libasm1t64:amd64.
2026-10-07T22:30:09.6182891Z Preparing to unpack .../08-libasm1t64_0.190-1.1ubuntu0.1_amd64.deb ...
2026-10-07T22:30:09.6189120Z Unpacking libasm1t64:amd64 (0.190-1.1ubuntu0.1) ...
2026-10-07T22:30:09.6347552Z Selecting previously unselected package elfutils.
2026-10-07T22:30:09.6443478Z Preparing to unpack .../09-elfutils_0.190-1.1ubuntu0.1_amd64.deb ...
2026-10-07T22:30:09.6448555Z Unpacking elfutils (0.190-1.1ubuntu0.1) ...
2026-10-07T22:30:09.6696278Z Selecting previously unselected package libproxy1v5:amd64.
2026-10-07T22:30:09.6792304Z Preparing to unpack .../10-libproxy1v5_0.5.4-4build1_amd64.deb ...
2026-10-07T22:30:09.6797840Z Unpacking libproxy1v5:amd64 (0.5.4-4build1) ...
2026-10-07T22:30:09.6958790Z Selecting previously unselected package glib-networking-common.
2026-10-07T22:30:09.7054462Z Preparing to unpack .../11-glib-networking-common_2.80.0-1build1_all.deb ...
2026-10-07T22:30:09.7060310Z Unpacking glib-networking-common (2.80.0-1build1) ...
2026-10-07T22:30:09.7211472Z Selecting previously unselected package glib-networking-services.
2026-10-07T22:30:09.7307625Z Preparing to unpack .../12-glib-networking-services_2.80.0-1build1_amd64.deb ...
2026-10-07T22:30:09.7313196Z Unpacking glib-networking-services (2.80.0-1build1) ...
2026-10-07T22:30:09.7483311Z Selecting previously unselected package session-migration.
2026-10-07T22:30:09.7582131Z Preparing to unpack .../13-session-migration_0.3.9build1_amd64.deb ...
2026-10-07T22:30:09.7587127Z Unpacking session-migration (0.3.9build1) ...
2026-10-07T22:30:09.7863372Z Selecting previously unselected package gsettings-desktop-schemas.
2026-10-07T22:30:09.7959738Z Preparing to unpack .../14-gsettings-desktop-schemas_46.1-0ubuntu1_all.deb ...
2026-10-07T22:30:09.7965213Z Unpacking gsettings-desktop-schemas (46.1-0ubuntu1) ...
2026-10-07T22:30:09.8241013Z Selecting previously unselected package glib-networking:amd64.
2026-10-07T22:30:09.8337309Z Preparing to unpack .../15-glib-networking_2.80.0-1build1_amd64.deb ...
2026-10-07T22:30:09.8342400Z Unpacking glib-networking:amd64 (2.80.0-1build1) ...
2026-10-07T22:30:09.8511930Z Selecting previously unselected package libva2:amd64.
2026-10-07T22:30:09.8606273Z Preparing to unpack .../16-libva2_2.20.0-2ubuntu0.2_amd64.deb ...
2026-10-07T22:30:09.8611446Z Unpacking libva2:amd64 (2.20.0-2ubuntu0.2) ...
2026-10-07T22:30:09.8770065Z Selecting previously unselected package libigdgmm12:amd64.
2026-10-07T22:30:09.8863517Z Preparing to unpack .../17-libigdgmm12_22.3.17+ds1-1ubuntu1_amd64.deb ...
2026-10-07T22:30:09.8869400Z Unpacking libigdgmm12:amd64 (22.3.17+ds1-1ubuntu1) ...
2026-10-07T22:30:09.9036107Z Selecting previously unselected package intel-media-va-driver:amd64.
2026-10-07T22:30:09.9130973Z Preparing to unpack .../18-intel-media-va-driver_24.1.0+dfsg1-1ubuntu0.2_amd64.deb ...
2026-10-07T22:30:09.9136317Z Unpacking intel-media-va-driver:amd64 (24.1.0+dfsg1-1ubuntu0.2) ...
2026-10-07T22:30:10.0354956Z Selecting previously unselected package libasound2-dev:amd64.
2026-10-07T22:30:10.0449682Z Preparing to unpack .../19-libasound2-dev_1.2.11-1ubuntu0.3_amd64.deb ...
2026-10-07T22:30:10.0475670Z Unpacking libasound2-dev:amd64 (1.2.11-1ubuntu0.3) ...
2026-10-07T22:30:10.0713233Z Selecting previously unselected package libasyncns0:amd64.
2026-10-07T22:30:10.0808100Z Preparing to unpack .../20-libasyncns0_0.8-6build4_amd64.deb ...
2026-10-07T22:30:10.0815000Z Unpacking libasyncns0:amd64 (0.8-6build4) ...
2026-10-07T22:30:10.0967377Z Selecting previously unselected package libbrotli-dev:amd64.
2026-10-07T22:30:10.1061951Z Preparing to unpack .../21-libbrotli-dev_1.1.0-2build2_amd64.deb ...
2026-10-07T22:30:10.1067916Z Unpacking libbrotli-dev:amd64 (1.1.0-2build2) ...
2026-10-07T22:30:10.1255426Z Selecting previously unselected package libbz2-dev:amd64.
2026-10-07T22:30:10.1350313Z Preparing to unpack .../22-libbz2-dev_1.0.8-5.1ubuntu0.1_amd64.deb ...
2026-10-07T22:30:10.1426673Z Unpacking libbz2-dev:amd64 (1.0.8-5.1ubuntu0.1) ...
2026-10-07T22:30:10.1606394Z Selecting previously unselected package libflac12t64:amd64.
2026-10-07T22:30:10.1713622Z Preparing to unpack .../23-libflac12t64_1.4.3+ds-2.1ubuntu2_amd64.deb ...
2026-10-07T22:30:10.1721337Z Unpacking libflac12t64:amd64 (1.4.3+ds-2.1ubuntu2) ...
2026-10-07T22:30:10.2030508Z Preparing to unpack .../24-libfreetype6_2.13.2+dfsg-1ubuntu0.2_amd64.deb ...
2026-10-07T22:30:10.2048817Z Unpacking libfreetype6:amd64 (2.13.2+dfsg-1ubuntu0.2) over (2.13.2+dfsg-1ubuntu0.1) ...
2026-10-07T22:30:10.2268383Z Selecting previously unselected package libpng-dev:amd64.
2026-10-07T22:30:10.2371251Z Preparing to unpack .../25-libpng-dev_1.6.43-5ubuntu0.6_amd64.deb ...
2026-10-07T22:30:10.2377333Z Unpacking libpng-dev:amd64 (1.6.43-5ubuntu0.6) ...
2026-10-07T22:30:10.2599206Z Selecting previously unselected package libfreetype-dev:amd64.
2026-10-07T22:30:10.2694660Z Preparing to unpack .../26-libfreetype-dev_2.13.2+dfsg-1ubuntu0.2_amd64.deb ...
2026-10-07T22:30:10.2700081Z Unpacking libfreetype-dev:amd64 (2.13.2+dfsg-1ubuntu0.2) ...
2026-10-07T22:30:10.2934870Z Selecting previously unselected package uuid-dev:amd64.
2026-10-07T22:30:10.3028697Z Preparing to unpack .../27-uuid-dev_2.39.3-9ubuntu6.6_amd64.deb ...
2026-10-07T22:30:10.3034308Z Unpacking uuid-dev:amd64 (2.39.3-9ubuntu6.6) ...
2026-10-07T22:30:10.3336533Z Selecting previously unselected package libfontconfig-dev:amd64.
2026-10-07T22:30:10.3432079Z Preparing to unpack .../28-libfontconfig-dev_2.15.0-1.1ubuntu2_amd64.deb ...
2026-10-07T22:30:10.3438983Z Unpacking libfontconfig-dev:amd64 (2.15.0-1.1ubuntu2) ...
2026-10-07T22:30:10.3619771Z Selecting previously unselected package libgirepository-2.0-0:amd64.
2026-10-07T22:30:10.3716319Z Preparing to unpack .../29-libgirepository-2.0-0_2.80.0-6ubuntu3.9_amd64.deb ...
2026-10-07T22:30:10.3722129Z Unpacking libgirepository-2.0-0:amd64 (2.80.0-6ubuntu3.9) ...
2026-10-07T22:30:10.3882889Z Selecting previously unselected package libhttp-parser2.9:amd64.
2026-10-07T22:30:10.3978525Z Preparing to unpack .../30-libhttp-parser2.9_2.9.4-6build1_amd64.deb ...
2026-10-07T22:30:10.3984423Z Unpacking libhttp-parser2.9:amd64 (2.9.4-6build1) ...
2026-10-07T22:30:10.4144837Z Selecting previously unselected package libgit2-1.7:amd64.
2026-10-07T22:30:10.4239883Z Preparing to unpack .../31-libgit2-1.7_1.7.2+ds-1ubuntu3.2_amd64.deb ...
2026-10-07T22:30:10.4246105Z Unpacking libgit2-1.7:amd64 (1.7.2+ds-1ubuntu3.2) ...
2026-10-07T22:30:10.4438381Z Selecting previously unselected package libglib2.0-dev-bin.
2026-10-07T22:30:10.4535506Z Preparing to unpack .../32-libglib2.0-dev-bin_2.80.0-6ubuntu3.9_amd64.deb ...
2026-10-07T22:30:10.4541381Z Unpacking libglib2.0-dev-bin (2.80.0-6ubuntu3.9) ...
2026-10-07T22:30:10.4761212Z Selecting previously unselected package libblkid-dev:amd64.
2026-10-07T22:30:10.4856096Z Preparing to unpack .../33-libblkid-dev_2.39.3-9ubuntu6.6_amd64.deb ...
2026-10-07T22:30:10.4860861Z Unpacking libblkid-dev:amd64 (2.39.3-9ubuntu6.6) ...
2026-10-07T22:30:10.5130550Z Selecting previously unselected package libsepol-dev:amd64.
2026-10-07T22:30:10.5225914Z Preparing to unpack .../34-libsepol-dev_3.5-2build1_amd64.deb ...
2026-10-07T22:30:10.5230948Z Unpacking libsepol-dev:amd64 (3.5-2build1) ...
2026-10-07T22:30:10.5455403Z Selecting previously unselected package libselinux1-dev:amd64.
2026-10-07T22:30:10.5550979Z Preparing to unpack .../35-libselinux1-dev_3.5-2ubuntu2.1_amd64.deb ...
2026-10-07T22:30:10.5557099Z Unpacking libselinux1-dev:amd64 (3.5-2ubuntu2.1) ...
2026-10-07T22:30:10.5872176Z Selecting previously unselected package libmount-dev:amd64.
2026-10-07T22:30:10.5968886Z Preparing to unpack .../36-libmount-dev_2.39.3-9ubuntu6.6_amd64.deb ...
2026-10-07T22:30:10.5974107Z Unpacking libmount-dev:amd64 (2.39.3-9ubuntu6.6) ...
2026-10-07T22:30:10.6132299Z Selecting previously unselected package libglib2.0-dev:amd64.
2026-10-07T22:30:10.6228292Z Preparing to unpack .../37-libglib2.0-dev_2.80.0-6ubuntu3.9_amd64.deb ...
2026-10-07T22:30:10.6233237Z Unpacking libglib2.0-dev:amd64 (2.80.0-6ubuntu3.9) ...
2026-10-07T22:30:10.7418780Z Selecting previously unselected package libmp3lame0:amd64.
2026-10-07T22:30:10.7515520Z Preparing to unpack .../38-libmp3lame0_3.100-6build1_amd64.deb ...
2026-10-07T22:30:10.7521873Z Unpacking libmp3lame0:amd64 (3.100-6build1) ...
2026-10-07T22:30:10.7695439Z Selecting previously unselected package libmpg123-0t64:amd64.
2026-10-07T22:30:10.7790255Z Preparing to unpack .../39-libmpg123-0t64_1.32.5-1ubuntu1.1_amd64.deb ...
2026-10-07T22:30:10.7796157Z Unpacking libmpg123-0t64:amd64 (1.32.5-1ubuntu1.1) ...
2026-10-07T22:30:10.7972019Z Selecting previously unselected package libopus0:amd64.
2026-10-07T22:30:10.8067279Z Preparing to unpack .../40-libopus0_1.4-1build1_amd64.deb ...
2026-10-07T22:30:10.8073577Z Unpacking libopus0:amd64 (1.4-1build1) ...
2026-10-07T22:30:10.8242725Z Selecting previously unselected package libwebrtc-audio-processing1:amd64.
2026-10-07T22:30:10.8337257Z Preparing to unpack .../41-libwebrtc-audio-processing1_0.3.1-0ubuntu6_amd64.deb ...
2026-10-07T22:30:10.8342739Z Unpacking libwebrtc-audio-processing1:amd64 (0.3.1-0ubuntu6) ...
2026-10-07T22:30:10.8519640Z Selecting previously unselected package libspa-0.2-modules:amd64.
2026-10-07T22:30:10.8613977Z Preparing to unpack .../42-libspa-0.2-modules_1.0.5-1ubuntu3.3_amd64.deb ...
2026-10-07T22:30:10.8619378Z Unpacking libspa-0.2-modules:amd64 (1.0.5-1ubuntu3.3) ...
2026-10-07T22:30:10.8994938Z Selecting previously unselected package libpipewire-0.3-0t64:amd64.
2026-10-07T22:30:10.9091497Z Preparing to unpack .../43-libpipewire-0.3-0t64_1.0.5-1ubuntu3.3_amd64.deb ...
2026-10-07T22:30:10.9097188Z Unpacking libpipewire-0.3-0t64:amd64 (1.0.5-1ubuntu3.3) ...
2026-10-07T22:30:10.9276145Z Selecting previously unselected package libpipewire-0.3-common.
2026-10-07T22:30:10.9371037Z Preparing to unpack .../44-libpipewire-0.3-common_1.0.5-1ubuntu3.3_all.deb ...
2026-10-07T22:30:10.9376228Z Unpacking libpipewire-0.3-common (1.0.5-1ubuntu3.3) ...
2026-10-07T22:30:10.9533382Z Selecting previously unselected package libvorbisenc2:amd64.
2026-10-07T22:30:10.9628932Z Preparing to unpack .../45-libvorbisenc2_1.3.7-1build3_amd64.deb ...
2026-10-07T22:30:10.9634428Z Unpacking libvorbisenc2:amd64 (1.3.7-1build3) ...
2026-10-07T22:30:10.9807568Z Selecting previously unselected package libsndfile1:amd64.
2026-10-07T22:30:10.9903986Z Preparing to unpack .../46-libsndfile1_1.2.2-1ubuntu5.24.04.1_amd64.deb ...
2026-10-07T22:30:10.9909352Z Unpacking libsndfile1:amd64 (1.2.2-1ubuntu5.24.04.1) ...
2026-10-07T22:30:11.0094660Z Selecting previously unselected package libpulse0:amd64.
2026-10-07T22:30:11.0190425Z Preparing to unpack .../47-libpulse0_1%3a16.1+dfsg1-2ubuntu10.1_amd64.deb ...
2026-10-07T22:30:11.0240134Z Unpacking libpulse0:amd64 (1:16.1+dfsg1-2ubuntu10.1) ...
2026-10-07T22:30:11.0426325Z Selecting previously unselected package libspeexdsp1:amd64.
2026-10-07T22:30:11.0521270Z Preparing to unpack .../48-libspeexdsp1_1.2.1-1ubuntu3_amd64.deb ...
2026-10-07T22:30:11.0527157Z Unpacking libspeexdsp1:amd64 (1.2.1-1ubuntu3) ...
2026-10-07T22:30:11.0807481Z Selecting previously unselected package libroc0.3:amd64.
2026-10-07T22:30:11.0904253Z Preparing to unpack .../49-libroc0.3_0.3.0+dfsg-7ubuntu2_amd64.deb ...
2026-10-07T22:30:11.0910680Z Unpacking libroc0.3:amd64 (0.3.0+dfsg-7ubuntu2) ...
2026-10-07T22:30:11.1100299Z Selecting previously unselected package libsoup-3.0-common.
2026-10-07T22:30:11.1196300Z Preparing to unpack .../50-libsoup-3.0-common_3.4.4-5ubuntu0.9_all.deb ...
2026-10-07T22:30:11.1202108Z Unpacking libsoup-3.0-common (3.4.4-5ubuntu0.9) ...
2026-10-07T22:30:11.1362439Z Selecting previously unselected package libsoup-3.0-0:amd64.
2026-10-07T22:30:11.1459459Z Preparing to unpack .../51-libsoup-3.0-0_3.4.4-5ubuntu0.9_amd64.deb ...
2026-10-07T22:30:11.1465678Z Unpacking libsoup-3.0-0:amd64 (3.4.4-5ubuntu0.9) ...
2026-10-07T22:30:11.1671250Z Selecting previously unselected package libsnapd-glib-2-1:amd64.
2026-10-07T22:30:11.1775739Z Preparing to unpack .../52-libsnapd-glib-2-1_1.64-0ubuntu5_amd64.deb ...
2026-10-07T22:30:11.1783500Z Unpacking libsnapd-glib-2-1:amd64 (1.64-0ubuntu5) ...
2026-10-07T22:30:11.1979696Z Selecting previously unselected package libpipewire-0.3-modules:amd64.
2026-10-07T22:30:11.2085397Z Preparing to unpack .../53-libpipewire-0.3-modules_1.0.5-1ubuntu3.3_amd64.deb ...
2026-10-07T22:30:11.2092469Z Unpacking libpipewire-0.3-modules:amd64 (1.0.5-1ubuntu3.3) ...
2026-10-07T22:30:11.2556894Z Selecting previously unselected package libpng-tools.
2026-10-07T22:30:11.2653839Z Preparing to unpack .../54-libpng-tools_1.6.43-5ubuntu0.6_amd64.deb ...
2026-10-07T22:30:11.2659315Z Unpacking libpng-tools (1.6.43-5ubuntu0.6) ...
2026-10-07T22:30:11.2814600Z Selecting previously unselected package libpthread-stubs0-dev:amd64.
2026-10-07T22:30:11.2909576Z Preparing to unpack .../55-libpthread-stubs0-dev_0.4-1build3_amd64.deb ...
2026-10-07T22:30:11.2914901Z Unpacking libpthread-stubs0-dev:amd64 (0.4-1build3) ...
2026-10-07T22:30:11.3066876Z Selecting previously unselected package libssh2-1-dev:amd64.
2026-10-07T22:30:11.3161691Z Preparing to unpack .../56-libssh2-1-dev_1.11.0-4.1ubuntu0.24.04.4_amd64.deb ...
2026-10-07T22:30:11.3166431Z Unpacking libssh2-1-dev:amd64 (1.11.0-4.1ubuntu0.24.04.4) ...
2026-10-07T22:30:11.3518334Z Selecting previously unselected package libva-drm2:amd64.
2026-10-07T22:30:11.3614104Z Preparing to unpack .../57-libva-drm2_2.20.0-2ubuntu0.2_amd64.deb ...
2026-10-07T22:30:11.3619541Z Unpacking libva-drm2:amd64 (2.20.0-2ubuntu0.2) ...
2026-10-07T22:30:11.3780970Z Selecting previously unselected package libva-x11-2:amd64.
2026-10-07T22:30:11.3878644Z Preparing to unpack .../58-libva-x11-2_2.20.0-2ubuntu0.2_amd64.deb ...
2026-10-07T22:30:11.3884278Z Unpacking libva-x11-2:amd64 (2.20.0-2ubuntu0.2) ...
2026-10-07T22:30:11.4045013Z Selecting previously unselected package libva-glx2:amd64.
2026-10-07T22:30:11.4140378Z Preparing to unpack .../59-libva-glx2_2.20.0-2ubuntu0.2_amd64.deb ...
2026-10-07T22:30:11.4146167Z Unpacking libva-glx2:amd64 (2.20.0-2ubuntu0.2) ...
2026-10-07T22:30:11.4304073Z Selecting previously unselected package libva-wayland2:amd64.
2026-10-07T22:30:11.4400774Z Preparing to unpack .../60-libva-wayland2_2.20.0-2ubuntu0.2_amd64.deb ...
2026-10-07T22:30:11.4406446Z Unpacking libva-wayland2:amd64 (2.20.0-2ubuntu0.2) ...
2026-10-07T22:30:11.4564463Z Selecting previously unselected package libwayland-server0:amd64.
2026-10-07T22:30:11.4659407Z Preparing to unpack .../61-libwayland-server0_1.22.0-2.1build1_amd64.deb ...
2026-10-07T22:30:11.4665713Z Unpacking libwayland-server0:amd64 (1.22.0-2.1build1) ...
2026-10-07T22:30:11.4819561Z Selecting previously unselected package libwayland-bin.
2026-10-07T22:30:11.4914652Z Preparing to unpack .../62-libwayland-bin_1.22.0-2.1build1_amd64.deb ...
2026-10-07T22:30:11.4919313Z Unpacking libwayland-bin (1.22.0-2.1build1) ...
2026-10-07T22:30:11.5073188Z Selecting previously unselected package libwayland-dev:amd64.
2026-10-07T22:30:11.5168640Z Preparing to unpack .../63-libwayland-dev_1.22.0-2.1build1_amd64.deb ...
2026-10-07T22:30:11.5173988Z Unpacking libwayland-dev:amd64 (1.22.0-2.1build1) ...
2026-10-07T22:30:11.5355134Z Selecting previously unselected package libset-scalar-perl.
2026-10-07T22:30:11.5450876Z Preparing to unpack .../64-libset-scalar-perl_1.29-3_all.deb ...
2026-10-07T22:30:11.5456449Z Unpacking libset-scalar-perl (1.29-3) ...
2026-10-07T22:30:11.5622341Z Selecting previously unselected package libva-dev:amd64.
2026-10-07T22:30:11.5719526Z Preparing to unpack .../65-libva-dev_2.20.0-2ubuntu0.2_amd64.deb ...
2026-10-07T22:30:11.5725350Z Unpacking libva-dev:amd64 (2.20.0-2ubuntu0.2) ...
2026-10-07T22:30:11.5948249Z Selecting previously unselected package libwireplumber-0.4-0:amd64.
2026-10-07T22:30:11.6045135Z Preparing to unpack .../66-libwireplumber-0.4-0_0.4.17-1ubuntu4.1_amd64.deb ...
2026-10-07T22:30:11.6050597Z Unpacking libwireplumber-0.4-0:amd64 (0.4.17-1ubuntu4.1) ...
2026-10-07T22:30:11.6238589Z Selecting previously unselected package xorg-sgml-doctools.
2026-10-07T22:30:11.6335340Z Preparing to unpack .../67-xorg-sgml-doctools_1%3a1.11-1.1_all.deb ...
2026-10-07T22:30:11.6340433Z Unpacking xorg-sgml-doctools (1:1.11-1.1) ...
2026-10-07T22:30:11.6560356Z Selecting previously unselected package x11proto-dev.
2026-10-07T22:30:11.6658329Z Preparing to unpack .../68-x11proto-dev_2023.2-1_all.deb ...
2026-10-07T22:30:11.6663795Z Unpacking x11proto-dev (2023.2-1) ...
2026-10-07T22:30:11.7009998Z Selecting previously unselected package libxau-dev:amd64.
2026-10-07T22:30:11.7108156Z Preparing to unpack .../69-libxau-dev_1%3a1.0.9-1build6_amd64.deb ...
2026-10-07T22:30:11.7113425Z Unpacking libxau-dev:amd64 (1:1.0.9-1build6) ...
2026-10-07T22:30:11.7280072Z Selecting previously unselected package libxdmcp-dev:amd64.
2026-10-07T22:30:11.7380465Z Preparing to unpack .../70-libxdmcp-dev_1%3a1.1.3-0ubuntu6_amd64.deb ...
2026-10-07T22:30:11.7386595Z Unpacking libxdmcp-dev:amd64 (1:1.1.3-0ubuntu6) ...
2026-10-07T22:30:11.7545092Z Selecting previously unselected package xtrans-dev.
2026-10-07T22:30:11.7643421Z Preparing to unpack .../71-xtrans-dev_1.4.0-1_all.deb ...
2026-10-07T22:30:11.7648683Z Unpacking xtrans-dev (1.4.0-1) ...
2026-10-07T22:30:11.7834294Z Selecting previously unselected package libxcb1-dev:amd64.
2026-10-07T22:30:11.7932223Z Preparing to unpack .../72-libxcb1-dev_1.15-1ubuntu2_amd64.deb ...
2026-10-07T22:30:11.7937187Z Unpacking libxcb1-dev:amd64 (1.15-1ubuntu2) ...
2026-10-07T22:30:11.8108192Z Selecting previously unselected package libx11-dev:amd64.
2026-10-07T22:30:11.8204633Z Preparing to unpack .../73-libx11-dev_2%3a1.8.7-1build1_amd64.deb ...
2026-10-07T22:30:11.8209727Z Unpacking libx11-dev:amd64 (2:1.8.7-1build1) ...
2026-10-07T22:30:11.8534170Z Selecting previously unselected package libx11-xcb-dev:amd64.
2026-10-07T22:30:11.8630740Z Preparing to unpack .../74-libx11-xcb-dev_2%3a1.8.7-1build1_amd64.deb ...
2026-10-07T22:30:11.8636697Z Unpacking libx11-xcb-dev:amd64 (2:1.8.7-1build1) ...
2026-10-07T22:30:11.8805178Z Selecting previously unselected package libxcb-xkb1:amd64.
2026-10-07T22:30:11.8900538Z Preparing to unpack .../75-libxcb-xkb1_1.15-1ubuntu2_amd64.deb ...
2026-10-07T22:30:11.8906034Z Unpacking libxcb-xkb1:amd64 (1.15-1ubuntu2) ...
2026-10-07T22:30:11.9060975Z Selecting previously unselected package libxcb-xkb-dev:amd64.
2026-10-07T22:30:11.9155466Z Preparing to unpack .../76-libxcb-xkb-dev_1.15-1ubuntu2_amd64.deb ...
2026-10-07T22:30:11.9160601Z Unpacking libxcb-xkb-dev:amd64 (1.15-1ubuntu2) ...
2026-10-07T22:30:11.9489695Z Selecting previously unselected package libxkbcommon-dev:amd64.
2026-10-07T22:30:11.9587517Z Preparing to unpack .../77-libxkbcommon-dev_1.6.0-1build1_amd64.deb ...
2026-10-07T22:30:11.9594396Z Unpacking libxkbcommon-dev:amd64 (1.6.0-1build1) ...
2026-10-07T22:30:11.9775634Z Selecting previously unselected package libxkbcommon-x11-0:amd64.
2026-10-07T22:30:11.9871608Z Preparing to unpack .../78-libxkbcommon-x11-0_1.6.0-1build1_amd64.deb ...
2026-10-07T22:30:11.9877560Z Unpacking libxkbcommon-x11-0:amd64 (1.6.0-1build1) ...
2026-10-07T22:30:12.0034648Z Selecting previously unselected package lld:amd64.
2026-10-07T22:30:12.0131323Z Preparing to unpack .../79-lld_1%3a18.0-59~exp2_amd64.deb ...
2026-10-07T22:30:12.0136765Z Unpacking lld:amd64 (1:18.0-59~exp2) ...
2026-10-07T22:30:12.0676052Z Selecting previously unselected package llvm-runtime:amd64.
2026-10-07T22:30:12.0774394Z Preparing to unpack .../80-llvm-runtime_1%3a18.0-59~exp2_amd64.deb ...
2026-10-07T22:30:12.0779327Z Unpacking llvm-runtime:amd64 (1:18.0-59~exp2) ...
2026-10-07T22:30:12.0933416Z Selecting previously unselected package llvm.
2026-10-07T22:30:12.1030139Z Preparing to unpack .../81-llvm_1%3a18.0-59~exp2_amd64.deb ...
2026-10-07T22:30:12.1054261Z Unpacking llvm (1:18.0-59~exp2) ...
2026-10-07T22:30:12.1270753Z Selecting previously unselected package mesa-va-drivers:amd64.
2026-10-07T22:30:12.1366426Z Preparing to unpack .../82-mesa-va-drivers_25.2.8-0ubuntu0.24.04.4_amd64.deb ...
2026-10-07T22:30:12.1371455Z Unpacking mesa-va-drivers:amd64 (25.2.8-0ubuntu0.24.04.4) ...
2026-10-07T22:30:12.1559880Z Selecting previously unselected package pipewire-bin.
2026-10-07T22:30:12.1665108Z Preparing to unpack .../83-pipewire-bin_1.0.5-1ubuntu3.3_amd64.deb ...
2026-10-07T22:30:12.2058626Z Unpacking pipewire-bin (1.0.5-1ubuntu3.3) ...
2026-10-07T22:30:12.2416984Z Selecting previously unselected package pipewire:amd64.
2026-10-07T22:30:12.2516339Z Preparing to unpack .../84-pipewire_1.0.5-1ubuntu3.3_amd64.deb ...
2026-10-07T22:30:12.2523552Z Unpacking pipewire:amd64 (1.0.5-1ubuntu3.3) ...
2026-10-07T22:30:12.2693414Z Selecting previously unselected package pipewire-pulse.
2026-10-07T22:30:12.2789198Z Preparing to unpack .../85-pipewire-pulse_1.0.5-1ubuntu3.3_amd64.deb ...
2026-10-07T22:30:12.2794431Z Unpacking pipewire-pulse (1.0.5-1ubuntu3.3) ...
2026-10-07T22:30:12.2997748Z Selecting previously unselected package rtkit.
2026-10-07T22:30:12.3093320Z Preparing to unpack .../86-rtkit_0.13-5build1_amd64.deb ...
2026-10-07T22:30:12.3142345Z Unpacking rtkit (0.13-5build1) ...
2026-10-07T22:30:12.3349292Z Selecting previously unselected package i965-va-driver:amd64.
2026-10-07T22:30:12.3447415Z Preparing to unpack .../87-i965-va-driver_2.4.1+dfsg1-1ubuntu0.2_amd64.deb ...
2026-10-07T22:30:12.3453002Z Unpacking i965-va-driver:amd64 (2.4.1+dfsg1-1ubuntu0.2) ...
2026-10-07T22:30:12.4027686Z Selecting previously unselected package va-driver-all:amd64.
2026-10-07T22:30:12.4156750Z Preparing to unpack .../88-va-driver-all_2.20.0-2ubuntu0.2_amd64.deb ...
2026-10-07T22:30:12.4158144Z Unpacking va-driver-all:amd64 (2.20.0-2ubuntu0.2) ...
2026-10-07T22:30:12.4341537Z Selecting previously unselected package wireplumber.
2026-10-07T22:30:12.4434792Z Preparing to unpack .../89-wireplumber_0.4.17-1ubuntu4.1_amd64.deb ...
2026-10-07T22:30:12.4978974Z Unpacking wireplumber (0.4.17-1ubuntu4.1) ...
2026-10-07T22:30:12.5217697Z Selecting previously unselected package xdg-desktop-portal.
2026-10-07T22:30:12.5315961Z Preparing to unpack .../90-xdg-desktop-portal_1.18.4-1ubuntu2.24.04.3_amd64.deb ...
2026-10-07T22:30:12.5320877Z Unpacking xdg-desktop-portal (1.18.4-1ubuntu2.24.04.3) ...
2026-10-07T22:30:12.5515486Z Selecting previously unselected package libhttp-parser-dev:amd64.
2026-10-07T22:30:12.5611595Z Preparing to unpack .../91-libhttp-parser-dev_2.9.4-6build1_amd64.deb ...
2026-10-07T22:30:12.5618763Z Unpacking libhttp-parser-dev:amd64 (2.9.4-6build1) ...
2026-10-07T22:30:12.5776684Z Selecting previously unselected package libgit2-dev:amd64.
2026-10-07T22:30:12.5874096Z Preparing to unpack .../92-libgit2-dev_1.7.2+ds-1ubuntu3.2_amd64.deb ...
2026-10-07T22:30:12.5878692Z Unpacking libgit2-dev:amd64 (1.7.2+ds-1ubuntu3.2) ...
2026-10-07T22:30:12.6341773Z Selecting previously unselected package libxkbcommon-x11-dev:amd64.
2026-10-07T22:30:12.6438279Z Preparing to unpack .../93-libxkbcommon-x11-dev_1.6.0-1build1_amd64.deb ...
2026-10-07T22:30:12.6443427Z Unpacking libxkbcommon-x11-dev:amd64 (1.6.0-1build1) ...
2026-10-07T22:30:12.6601890Z Selecting previously unselected package musl:amd64.
2026-10-07T22:30:12.6697561Z Preparing to unpack .../94-musl_1.2.4-2_amd64.deb ...
2026-10-07T22:30:12.6702542Z Unpacking musl:amd64 (1.2.4-2) ...
2026-10-07T22:30:12.6896015Z Selecting previously unselected package musl-dev:amd64.
2026-10-07T22:30:12.6991446Z Preparing to unpack .../95-musl-dev_1.2.4-2_amd64.deb ...
2026-10-07T22:30:12.6996891Z Unpacking musl-dev:amd64 (1.2.4-2) ...
2026-10-07T22:30:12.7435577Z Selecting previously unselected package musl-tools.
2026-10-07T22:30:12.7534310Z Preparing to unpack .../96-musl-tools_1.2.4-2_amd64.deb ...
2026-10-07T22:30:12.7539264Z Unpacking musl-tools (1.2.4-2) ...
2026-10-07T22:30:12.7894467Z Setting up libpipewire-0.3-common (1.0.5-1ubuntu3.3) ...
2026-10-07T22:30:12.7914109Z Setting up bubblewrap (0.9.0-1ubuntu0.3) ...
2026-10-07T22:30:12.7950352Z Setting up libglib2.0-dev-bin (2.80.0-6ubuntu3.9) ...
2026-10-07T22:30:12.8955401Z Setting up bzip2-doc (1.0.8-5.1ubuntu0.1) ...
2026-10-07T22:30:12.8972403Z Setting up libwayland-server0:amd64 (1.22.0-2.1build1) ...
2026-10-07T22:30:12.8985709Z Setting up session-migration (0.3.9build1) ...
2026-10-07T22:30:12.9797030Z Created symlink /etc/systemd/user/graphical-session-pre.target.wants/session-migration.service → /usr/lib/systemd/user/session-migration.service.
2026-10-07T22:30:12.9797561Z 
2026-10-07T22:30:12.9821574Z Setting up rtkit (0.13-5build1) ...
2026-10-07T22:30:13.1464654Z Setting up libproxy1v5:amd64 (0.5.4-4build1) ...
2026-10-07T22:30:13.1482894Z Setting up libpng-tools (1.6.43-5ubuntu0.6) ...
2026-10-07T22:30:13.1498338Z Setting up libgirepository-2.0-0:amd64 (2.80.0-6ubuntu3.9) ...
2026-10-07T22:30:13.1513157Z Setting up lld:amd64 (1:18.0-59~exp2) ...
2026-10-07T22:30:13.1529078Z Setting up libxkbcommon-dev:amd64 (1.6.0-1build1) ...
2026-10-07T22:30:13.1544185Z Setting up libpng-dev:amd64 (1.6.43-5ubuntu0.6) ...
2026-10-07T22:30:13.1558256Z Setting up libwebrtc-audio-processing1:amd64 (0.3.1-0ubuntu6) ...
2026-10-07T22:30:13.1574252Z Setting up libigdgmm12:amd64 (22.3.17+ds1-1ubuntu1) ...
2026-10-07T22:30:13.1587916Z Setting up libsoup-3.0-common (3.4.4-5ubuntu0.9) ...
2026-10-07T22:30:13.1601511Z Setting up libmpg123-0t64:amd64 (1.32.5-1ubuntu1.1) ...
2026-10-07T22:30:13.1615037Z Setting up libpthread-stubs0-dev:amd64 (0.4-1build3) ...
2026-10-07T22:30:13.1630273Z Setting up libxcb-xkb1:amd64 (1.15-1ubuntu2) ...
2026-10-07T22:30:13.1645423Z Setting up xtrans-dev (1.4.0-1) ...
2026-10-07T22:30:13.1658343Z Setting up libwayland-bin (1.22.0-2.1build1) ...
2026-10-07T22:30:13.1671728Z Setting up libva2:amd64 (2.20.0-2ubuntu0.2) ...
2026-10-07T22:30:13.1685128Z Setting up libfreetype6:amd64 (2.13.2+dfsg-1ubuntu0.2) ...
2026-10-07T22:30:13.1701058Z Setting up libspa-0.2-modules:amd64 (1.0.5-1ubuntu3.3) ...
2026-10-07T22:30:13.1714592Z Setting up uuid-dev:amd64 (2.39.3-9ubuntu6.6) ...
2026-10-07T22:30:13.1730765Z Setting up clang (1:18.0-59~exp2) ...
2026-10-07T22:30:13.1902590Z Setting up llvm-runtime:amd64 (1:18.0-59~exp2) ...
2026-10-07T22:30:13.1918830Z Setting up libasm1t64:amd64 (0.190-1.1ubuntu0.1) ...
2026-10-07T22:30:13.1933519Z Setting up libopus0:amd64 (1.4-1build1) ...
2026-10-07T22:30:13.1948780Z Setting up libxkbcommon-x11-0:amd64 (1.6.0-1build1) ...
2026-10-07T22:30:13.1965437Z Setting up intel-media-va-driver:amd64 (24.1.0+dfsg1-1ubuntu0.2) ...
2026-10-07T22:30:13.1980522Z Setting up libjsoncpp25:amd64 (1.9.5-6build1) ...
2026-10-07T22:30:13.1995686Z Setting up llvm (1:18.0-59~exp2) ...
2026-10-07T22:30:13.2009241Z Setting up libsepol-dev:amd64 (3.5-2build1) ...
2026-10-07T22:30:13.2023832Z Setting up libssh2-1-dev:amd64 (1.11.0-4.1ubuntu0.24.04.4) ...
2026-10-07T22:30:13.2036971Z Setting up libset-scalar-perl (1.29-3) ...
2026-10-07T22:30:13.2052611Z Setting up libva-wayland2:amd64 (2.20.0-2ubuntu0.2) ...
2026-10-07T22:30:13.2066385Z Setting up musl:amd64 (1.2.4-2) ...
2026-10-07T22:30:13.2091020Z Setting up libva-drm2:amd64 (2.20.0-2ubuntu0.2) ...
2026-10-07T22:30:13.2104342Z Setting up libasyncns0:amd64 (0.8-6build4) ...
2026-10-07T22:30:13.2121925Z Setting up librhash0:amd64 (1.4.3-3build1) ...
2026-10-07T22:30:13.2135199Z Setting up libspeexdsp1:amd64 (1.2.1-1ubuntu3) ...
2026-10-07T22:30:13.2148992Z Setting up build-essential (12.10ubuntu1) ...
2026-10-07T22:30:13.2165118Z Setting up xorg-sgml-doctools (1:1.11-1.1) ...
2026-10-07T22:30:13.2178743Z Setting up cmake-data (3.28.3-1build7) ...
2026-10-07T22:30:13.2231074Z Setting up libflac12t64:amd64 (1.4.3+ds-2.1ubuntu2) ...
2026-10-07T22:30:13.2247991Z Setting up mesa-va-drivers:amd64 (25.2.8-0ubuntu0.24.04.4) ...
2026-10-07T22:30:13.2263477Z Setting up glib-networking-common (2.80.0-1build1) ...
2026-10-07T22:30:13.2279692Z Setting up libasound2-dev:amd64 (1.2.11-1ubuntu0.3) ...
2026-10-07T22:30:13.2293761Z Setting up libva-x11-2:amd64 (2.20.0-2ubuntu0.2) ...
2026-10-07T22:30:13.2309298Z Setting up libva-glx2:amd64 (2.20.0-2ubuntu0.2) ...
2026-10-07T22:30:13.2324375Z Setting up libpipewire-0.3-0t64:amd64 (1.0.5-1ubuntu3.3) ...
2026-10-07T22:30:13.2337303Z Setting up libbrotli-dev:amd64 (1.1.0-2build2) ...
2026-10-07T22:30:13.2351169Z Setting up libmp3lame0:amd64 (3.100-6build1) ...
2026-10-07T22:30:13.2367608Z Setting up i965-va-driver:amd64 (2.4.1+dfsg1-1ubuntu0.2) ...
2026-10-07T22:30:13.2386594Z Setting up libhttp-parser2.9:amd64 (2.9.4-6build1) ...
2026-10-07T22:30:13.2399959Z Setting up libvorbisenc2:amd64 (1.3.7-1build3) ...
2026-10-07T22:30:13.2415471Z Setting up libbz2-dev:amd64 (1.0.8-5.1ubuntu0.1) ...
2026-10-07T22:30:13.2428920Z Setting up gsettings-desktop-schemas (46.1-0ubuntu1) ...
2026-10-07T22:30:13.2444515Z Setting up glib-networking-services (2.80.0-1build1) ...
2026-10-07T22:30:13.2458629Z Setting up libblkid-dev:amd64 (2.39.3-9ubuntu6.6) ...
2026-10-07T22:30:13.2472383Z Setting up libhttp-parser-dev:amd64 (2.9.4-6build1) ...
2026-10-07T22:30:13.2489480Z Setting up elfutils (0.190-1.1ubuntu0.1) ...
2026-10-07T22:30:13.2503660Z Setting up xdg-desktop-portal (1.18.4-1ubuntu2.24.04.3) ...
2026-10-07T22:30:13.3129380Z Created symlink /etc/systemd/user/graphical-session-pre.target.wants/xdg-desktop-portal-rewrite-launchers.service → /usr/lib/systemd/user/xdg-desktop-portal-rewrite-launchers.service.
2026-10-07T22:30:13.3129832Z 
2026-10-07T22:30:13.3153144Z Setting up libwireplumber-0.4-0:amd64 (0.4.17-1ubuntu4.1) ...
2026-10-07T22:30:13.3167744Z Setting up libselinux1-dev:amd64 (3.5-2ubuntu2.1) ...
2026-10-07T22:30:13.3183749Z Setting up libroc0.3:amd64 (0.3.0+dfsg-7ubuntu2) ...
2026-10-07T22:30:13.3198693Z Setting up libwayland-dev:amd64 (1.22.0-2.1build1) ...
2026-10-07T22:30:13.3215023Z Setting up libfreetype-dev:amd64 (2.13.2+dfsg-1ubuntu0.2) ...
2026-10-07T22:30:13.3230344Z Setting up libva-dev:amd64 (2.20.0-2ubuntu0.2) ...
2026-10-07T22:30:13.3243848Z Setting up musl-dev:amd64 (1.2.4-2) ...
2026-10-07T22:30:13.3268517Z Setting up va-driver-all:amd64 (2.20.0-2ubuntu0.2) ...
2026-10-07T22:30:13.3281934Z Setting up cmake (3.28.3-1build7) ...
2026-10-07T22:30:13.3297495Z Setting up libgit2-1.7:amd64 (1.7.2+ds-1ubuntu3.2) ...
2026-10-07T22:30:13.3311521Z Setting up libsndfile1:amd64 (1.2.2-1ubuntu5.24.04.1) ...
2026-10-07T22:30:13.3325396Z Setting up libmount-dev:amd64 (2.39.3-9ubuntu6.6) ...
2026-10-07T22:30:13.3343122Z Setting up libgit2-dev:amd64 (1.7.2+ds-1ubuntu3.2) ...
2026-10-07T22:30:13.3356849Z Setting up libpulse0:amd64 (1:16.1+dfsg1-2ubuntu10.1) ...
2026-10-07T22:30:13.3410364Z Setting up libfontconfig-dev:amd64 (2.15.0-1.1ubuntu2) ...
2026-10-07T22:30:13.3424085Z Setting up musl-tools (1.2.4-2) ...
2026-10-07T22:30:13.3437065Z Setting up libglib2.0-dev:amd64 (2.80.0-6ubuntu3.9) ...
2026-10-07T22:30:13.3532362Z Processing triggers for sgml-base (1.31) ...
2026-10-07T22:30:13.3714845Z Processing triggers for install-info (7.1-3build2) ...
2026-10-07T22:30:13.4823550Z Setting up x11proto-dev (2023.2-1) ...
2026-10-07T22:30:13.4839317Z Setting up libxau-dev:amd64 (1:1.0.9-1build6) ...
2026-10-07T22:30:13.4856275Z Processing triggers for libc-bin (2.39-0ubuntu8.9) ...
2026-10-07T22:30:13.6617657Z Processing triggers for man-db (2.12.0-4build2) ...
2026-10-07T22:30:13.6638356Z Not building database; man-db/auto-update is not 'true'.
2026-10-07T22:30:13.6657949Z Setting up libxdmcp-dev:amd64 (1:1.1.3-0ubuntu6) ...
2026-10-07T22:30:13.6678344Z Processing triggers for libglib2.0-0t64:amd64 (2.80.0-6ubuntu3.9) ...
2026-10-07T22:30:13.7289138Z Processing triggers for dbus (1.14.10-4ubuntu4.1) ...
2026-10-07T22:30:13.7396771Z Setting up glib-networking:amd64 (2.80.0-1build1) ...
2026-10-07T22:30:13.7420550Z Setting up libxcb1-dev:amd64 (1.15-1ubuntu2) ...
2026-10-07T22:30:13.7436853Z Setting up libxcb-xkb-dev:amd64 (1.15-1ubuntu2) ...
2026-10-07T22:30:13.7457940Z Setting up libsoup-3.0-0:amd64 (3.4.4-5ubuntu0.9) ...
2026-10-07T22:30:13.7476398Z Setting up libx11-dev:amd64 (2:1.8.7-1build1) ...
2026-10-07T22:30:13.7508275Z Setting up libsnapd-glib-2-1:amd64 (1.64-0ubuntu5) ...
2026-10-07T22:30:13.7532660Z Setting up libxkbcommon-x11-dev:amd64 (1.6.0-1build1) ...
2026-10-07T22:30:13.7548214Z Setting up libx11-xcb-dev:amd64 (2:1.8.7-1build1) ...
2026-10-07T22:30:13.7569222Z Setting up libpipewire-0.3-modules:amd64 (1.0.5-1ubuntu3.3) ...
2026-10-07T22:30:13.7604278Z Setting up pipewire-bin (1.0.5-1ubuntu3.3) ...
2026-10-07T22:30:13.7980217Z Setting up pipewire:amd64 (1.0.5-1ubuntu3.3) ...
2026-10-07T22:30:13.8936692Z Created symlink /etc/systemd/user/default.target.wants/filter-chain.service → /usr/lib/systemd/user/filter-chain.service.
2026-10-07T22:30:13.8937101Z 
2026-10-07T22:30:13.8937441Z Created symlink /etc/systemd/user/sockets.target.wants/pipewire.socket → /usr/lib/systemd/user/pipewire.socket.
2026-10-07T22:30:13.8937776Z 
2026-10-07T22:30:13.9561232Z Created symlink /etc/systemd/user/default.target.wants/pipewire.service → /usr/lib/systemd/user/pipewire.service.
2026-10-07T22:30:13.9561654Z 
2026-10-07T22:30:14.0233174Z Setting up wireplumber (0.4.17-1ubuntu4.1) ...
2026-10-07T22:30:14.0878288Z Created symlink /etc/systemd/user/pipewire.service.wants/wireplumber.service → /usr/lib/systemd/user/wireplumber.service.
2026-10-07T22:30:14.0878750Z 
2026-10-07T22:30:14.1424982Z Setting up pipewire-pulse (1.0.5-1ubuntu3.3) ...
2026-10-07T22:30:14.2109737Z Created symlink /etc/systemd/user/default.target.wants/pipewire-pulse.service → /usr/lib/systemd/user/pipewire-pulse.service.
2026-10-07T22:30:14.2110223Z 
2026-10-07T22:30:14.2110725Z Created symlink /etc/systemd/user/sockets.target.wants/pipewire-pulse.socket → /usr/lib/systemd/user/pipewire-pulse.socket.
2026-10-07T22:30:14.2110973Z 
2026-10-07T22:30:14.2791502Z Processing triggers for libc-bin (2.39-0ubuntu8.9) ...
2026-10-07T22:30:14.7221345Z 
2026-10-07T22:30:14.7221892Z Running kernel seems to be up-to-date.
2026-10-07T22:30:14.7222171Z 
2026-10-07T22:30:14.7222223Z Restarting services...
2026-10-07T22:30:14.7283647Z  systemctl restart php8.3-fpm.service
2026-10-07T22:30:14.8185354Z 
2026-10-07T22:30:14.8186322Z No containers need to be restarted.
2026-10-07T22:30:14.8186608Z 
2026-10-07T22:30:14.8186843Z No user sessions are running outdated binaries.
2026-10-07T22:30:14.8187063Z 
2026-10-07T22:30:14.8187349Z No VM guests are running outdated hypervisor (qemu) binaries on this host.
2026-10-07T22:30:15.5850721Z + finalize
2026-10-07T22:30:15.5850955Z + which rustup
2026-10-07T22:30:15.5859202Z + cat
2026-10-07T22:30:15.5866757Z Finished installing Linux dependencies with script/linux
2026-10-07T22:30:15.5868255Z + exit 0
2026-10-07T22:30:15.5899121Z ##[group]Run sudo apt-get update
2026-10-07T22:30:15.5899314Z [36;1msudo apt-get update[0m
2026-10-07T22:30:15.5899498Z [36;1msudo apt-get install -y libvulkan1 mesa-vulkan-drivers[0m
2026-10-07T22:30:15.5899778Z [36;1mvulkan_icd="$(find /usr/share/vulkan/icd.d -name 'lvp_icd*.json' -print -quit)"[0m
2026-10-07T22:30:15.5900007Z [36;1mtest -n "$vulkan_icd"[0m
2026-10-07T22:30:15.5900168Z [36;1mecho "VK_DRIVER_FILES=$vulkan_icd" >> "$GITHUB_ENV"[0m
2026-10-07T22:30:15.5955710Z shell: /usr/bin/bash --noprofile --norc -e -o pipefail {0}
2026-10-07T22:30:15.5955914Z env:
2026-10-07T22:30:15.5956030Z   CARGO_TERM_COLOR: always
2026-10-07T22:30:15.5956160Z   CARGO_INCREMENTAL: 0
2026-10-07T22:30:15.5956283Z   CARGO_PROFILE_DEV_DEBUG: 0
2026-10-07T22:30:15.5956423Z   CARGO_PROFILE_DEV_BUILD_OVERRIDE_DEBUG: 0
2026-10-07T22:30:15.5956568Z   RUST_BACKTRACE: 1
2026-10-07T22:30:15.5956676Z   CC: clang
2026-10-07T22:30:15.5956774Z   CXX: clang++
2026-10-07T22:30:15.5956922Z   WGPU_BACKEND: vulkan
2026-10-07T22:30:15.5957039Z   CI_TEST_FILTER: 
2026-10-07T22:30:15.5957150Z   CI_TEST_MODE: full
2026-10-07T22:30:15.5957261Z   CARGO_BUILD_JOBS: 4
2026-10-07T22:30:15.5957373Z   CI_TEST_THREADS: 4
2026-10-07T22:30:15.5957487Z ##[endgroup]
2026-10-07T22:30:15.6439009Z Get:1 file:/etc/apt/apt-mirrors.txt Mirrorlist [144 B]
2026-10-07T22:30:15.6845087Z Hit:2 http://azure.archive.ubuntu.com/ubuntu noble InRelease
2026-10-07T22:30:15.6871764Z Hit:3 http://azure.archive.ubuntu.com/ubuntu noble-updates InRelease
2026-10-07T22:30:15.6880095Z Hit:4 http://azure.archive.ubuntu.com/ubuntu noble-backports InRelease
2026-10-07T22:30:15.6888003Z Hit:5 http://azure.archive.ubuntu.com/ubuntu noble-security InRelease
2026-10-07T22:30:15.6994424Z Hit:6 https://packages.microsoft.com/ubuntu/24.04/prod noble InRelease
2026-10-07T22:30:16.5061159Z Reading package lists...
2026-10-07T22:30:16.5294294Z Reading package lists...
2026-10-07T22:30:16.6916663Z Building dependency tree...
2026-10-07T22:30:16.6922376Z Reading state information...
2026-10-07T22:30:16.8269542Z libvulkan1 is already the newest version (1.3.275.0-1build1).
2026-10-07T22:30:16.8269954Z The following NEW packages will be installed:
2026-10-07T22:30:16.8270197Z   mesa-vulkan-drivers
2026-10-07T22:30:16.8394467Z 0 upgraded, 1 newly installed, 0 to remove and 10 not upgraded.
2026-10-07T22:30:16.8394834Z Need to get 17.5 MB of archives.
2026-10-07T22:30:16.8395114Z After this operation, 98.5 MB of additional disk space will be used.
2026-10-07T22:30:16.8395489Z Get:1 file:/etc/apt/apt-mirrors.txt Mirrorlist [144 B]
2026-10-07T22:30:16.8998050Z Get:2 http://azure.archive.ubuntu.com/ubuntu noble-updates/main amd64 mesa-vulkan-drivers amd64 25.2.8-0ubuntu0.24.04.4 [17.5 MB]
2026-10-07T22:30:17.3596903Z Fetched 17.5 MB in 0s (51.5 MB/s)
2026-10-07T22:30:17.3726267Z Selecting previously unselected package mesa-vulkan-drivers:amd64.
2026-10-07T22:30:17.3772241Z (Reading database ... 
2026-10-07T22:30:17.3772654Z (Reading database ... 5%
2026-10-07T22:30:17.3773016Z (Reading database ... 10%
2026-10-07T22:30:17.3773223Z (Reading database ... 15%
2026-10-07T22:30:17.3773553Z (Reading database ... 20%
2026-10-07T22:30:17.3773836Z (Reading database ... 25%
2026-10-07T22:30:17.3774024Z (Reading database ... 30%
2026-10-07T22:30:17.3774259Z (Reading database ... 35%
2026-10-07T22:30:17.3783559Z (Reading database ... 40%
2026-10-07T22:30:17.3783855Z (Reading database ... 45%
2026-10-07T22:30:17.3784125Z (Reading database ... 50%
2026-10-07T22:30:17.3792658Z (Reading database ... 55%
2026-10-07T22:30:17.3855778Z (Reading database ... 60%
2026-10-07T22:30:17.3872917Z (Reading database ... 65%
2026-10-07T22:30:17.3887331Z (Reading database ... 70%
2026-10-07T22:30:17.3913112Z (Reading database ... 75%
2026-10-07T22:30:17.3934759Z (Reading database ... 80%
2026-10-07T22:30:17.4027914Z (Reading database ... 85%
2026-10-07T22:30:17.4179933Z (Reading database ... 90%
2026-10-07T22:30:17.4257711Z (Reading database ... 95%
2026-10-07T22:30:17.4258398Z (Reading database ... 100%
2026-10-07T22:30:17.4258691Z (Reading database ... 209480 files and directories currently installed.)
2026-10-07T22:30:17.4293241Z Preparing to unpack .../mesa-vulkan-drivers_25.2.8-0ubuntu0.24.04.4_amd64.deb ...
2026-10-07T22:30:17.4305482Z Unpacking mesa-vulkan-drivers:amd64 (25.2.8-0ubuntu0.24.04.4) ...
2026-10-07T22:30:17.9826564Z Setting up mesa-vulkan-drivers:amd64 (25.2.8-0ubuntu0.24.04.4) ...
2026-10-07T22:30:17.9843684Z Processing triggers for libc-bin (2.39-0ubuntu8.9) ...
2026-10-07T22:30:18.3752878Z 
2026-10-07T22:30:18.3753397Z Running kernel seems to be up-to-date.
2026-10-07T22:30:18.3753641Z 
2026-10-07T22:30:18.3753733Z No services need to be restarted.
2026-10-07T22:30:18.3753882Z 
2026-10-07T22:30:18.3753977Z No containers need to be restarted.
2026-10-07T22:30:18.3754084Z 
2026-10-07T22:30:18.3754175Z No user sessions are running outdated binaries.
2026-10-07T22:30:18.3754295Z 
2026-10-07T22:30:18.3754403Z No VM guests are running outdated hypervisor (qemu) binaries on this host.
2026-10-07T22:30:19.0518047Z ##[group]Run rustup show active-toolchain
2026-10-07T22:30:19.0518248Z [36;1mrustup show active-toolchain[0m
2026-10-07T22:30:19.0575159Z shell: /usr/bin/bash --noprofile --norc -e -o pipefail {0}
2026-10-07T22:30:19.0575345Z env:
2026-10-07T22:30:19.0575460Z   CARGO_TERM_COLOR: always
2026-10-07T22:30:19.0575619Z   CARGO_INCREMENTAL: 0
2026-10-07T22:30:19.0586519Z   CARGO_PROFILE_DEV_DEBUG: 0
2026-10-07T22:30:19.0586745Z   CARGO_PROFILE_DEV_BUILD_OVERRIDE_DEBUG: 0
2026-10-07T22:30:19.0587118Z   RUST_BACKTRACE: 1
2026-10-07T22:30:19.0587236Z   CC: clang
2026-10-07T22:30:19.0587339Z   CXX: clang++
2026-10-07T22:30:19.0587454Z   WGPU_BACKEND: vulkan
2026-10-07T22:30:19.0587574Z   CI_TEST_FILTER: 
2026-10-07T22:30:19.0587687Z   CI_TEST_MODE: full
2026-10-07T22:30:19.0587806Z   CARGO_BUILD_JOBS: 4
2026-10-07T22:30:19.0587923Z   CI_TEST_THREADS: 4
2026-10-07T22:30:19.0588072Z   VK_DRIVER_FILES: /usr/share/vulkan/icd.d/lvp_icd.json
2026-10-07T22:30:19.0588247Z ##[endgroup]
2026-10-07T22:30:19.1058852Z info: syncing channel updates for 1.98.1-x86_64-unknown-linux-gnu
2026-10-07T22:30:19.2850162Z info: latest update on 2026-09-03 for version 1.98.1 (48a229cea 2026-09-01)
2026-10-07T22:30:19.2852929Z info: downloading 10 components
2026-10-07T22:30:31.0200733Z warn: the missing active toolchain `1.98.1-x86_64-unknown-linux-gnu` has been auto-installed
2026-10-07T22:30:31.0201093Z warn: auto-installation is deprecated for most `rustup` commands
2026-10-07T22:30:31.0201367Z warn: scripts relying on this behavior in `rustup` may stop working in the future
2026-10-07T22:30:31.0201657Z warn: to install the active toolchain, use `rustup install` instead
2026-10-07T22:30:31.0201918Z warn: see <https://github.com/rust-lang/rustup/issues/4836> for more info
2026-10-07T22:30:31.0202234Z 1.98.1-x86_64-unknown-linux-gnu (overridden by '/home/runner/work/koda/koda/rust-toolchain.toml')
2026-10-07T22:30:31.1386965Z ##[group]Run actions/cache/restore@0057852bfaa89a56745cba8c7296529d2fc39830
2026-10-07T22:30:31.1387200Z with:
2026-10-07T22:30:31.1387376Z   path: .ci-cache/cargo-sources/registry
.ci-cache/cargo-sources/git

2026-10-07T22:30:31.1387591Z   enableCrossOsArchive: true
2026-10-07T22:30:31.1388014Z   key: fork-ci-source-v3-shared-eff68d54502d28a838f84354ec306df7a6499991c0c1d8518658bc8ecc2758fa-62433dcec7df1eda715520c2f18b1f29c6d8044897077192799fc2bdd7cd0f98
2026-10-07T22:30:31.1388586Z   restore-keys: fork-ci-source-v3-shared-eff68d54502d28a838f84354ec306df7a6499991c0c1d8518658bc8ecc2758fa-
2026-10-07T22:30:31.1388899Z   fail-on-cache-miss: false
2026-10-07T22:30:31.1389032Z   lookup-only: false
2026-10-07T22:30:31.1389146Z env:
2026-10-07T22:30:31.1389253Z   CARGO_TERM_COLOR: always
2026-10-07T22:30:31.1389385Z   CARGO_INCREMENTAL: 0
2026-10-07T22:30:31.1389511Z   CARGO_PROFILE_DEV_DEBUG: 0
2026-10-07T22:30:31.1389655Z   CARGO_PROFILE_DEV_BUILD_OVERRIDE_DEBUG: 0
2026-10-07T22:30:31.1389845Z   RUST_BACKTRACE: 1
2026-10-07T22:30:31.1389959Z   CC: clang
2026-10-07T22:30:31.1390062Z   CXX: clang++
2026-10-07T22:30:31.1390170Z   WGPU_BACKEND: vulkan
2026-10-07T22:30:31.1390288Z   CI_TEST_FILTER: 
2026-10-07T22:30:31.1390402Z   CI_TEST_MODE: full
2026-10-07T22:30:31.1390540Z   CARGO_BUILD_JOBS: 4
2026-10-07T22:30:31.1390655Z   CI_TEST_THREADS: 4
2026-10-07T22:30:31.1390802Z   VK_DRIVER_FILES: /usr/share/vulkan/icd.d/lvp_icd.json
2026-10-07T22:30:31.1390971Z ##[endgroup]
2026-10-07T22:30:31.2172933Z (node:5269) [DEP0040] DeprecationWarning: The `punycode` module is deprecated. Please use a userland alternative instead.
2026-10-07T22:30:31.2173346Z (Use `node --trace-deprecation ...` to show where the warning was created)
2026-10-07T22:30:31.3601703Z Cache not found for input keys: fork-ci-source-v3-shared-eff68d54502d28a838f84354ec306df7a6499991c0c1d8518658bc8ecc2758fa-62433dcec7df1eda715520c2f18b1f29c6d8044897077192799fc2bdd7cd0f98, fork-ci-source-v3-shared-eff68d54502d28a838f84354ec306df7a6499991c0c1d8518658bc8ecc2758fa-
2026-10-07T22:30:31.4453035Z ##[group]Run actions/cache/restore@0057852bfaa89a56745cba8c7296529d2fc39830
2026-10-07T22:30:31.4453286Z with:
2026-10-07T22:30:31.4453416Z   path: ~/.cargo/registry
~/.cargo/git

2026-10-07T22:30:31.4453866Z   key: fork-ci-source-v2-Linux-X64-eff68d54502d28a838f84354ec306df7a6499991c0c1d8518658bc8ecc2758fa-62433dcec7df1eda715520c2f18b1f29c6d8044897077192799fc2bdd7cd0f98
2026-10-07T22:30:31.4454324Z   restore-keys: fork-ci-source-v2-Linux-X64-
2026-10-07T22:30:31.4454496Z   enableCrossOsArchive: false
2026-10-07T22:30:31.4454646Z   fail-on-cache-miss: false
2026-10-07T22:30:31.4454978Z   lookup-only: false
2026-10-07T22:30:31.4455095Z env:
2026-10-07T22:30:31.4455204Z   CARGO_TERM_COLOR: always
2026-10-07T22:30:31.4455336Z   CARGO_INCREMENTAL: 0
2026-10-07T22:30:31.4455460Z   CARGO_PROFILE_DEV_DEBUG: 0
2026-10-07T22:30:31.4455630Z   CARGO_PROFILE_DEV_BUILD_OVERRIDE_DEBUG: 0
2026-10-07T22:30:31.4455779Z   RUST_BACKTRACE: 1
2026-10-07T22:30:31.4455894Z   CC: clang
2026-10-07T22:30:31.4456029Z   CXX: clang++
2026-10-07T22:30:31.4456139Z   WGPU_BACKEND: vulkan
2026-10-07T22:30:31.4456257Z   CI_TEST_FILTER: 
2026-10-07T22:30:31.4456370Z   CI_TEST_MODE: full
2026-10-07T22:30:31.4456489Z   CARGO_BUILD_JOBS: 4
2026-10-07T22:30:31.4456605Z   CI_TEST_THREADS: 4
2026-10-07T22:30:31.4456752Z   VK_DRIVER_FILES: /usr/share/vulkan/icd.d/lvp_icd.json
2026-10-07T22:30:31.4456922Z ##[endgroup]
2026-10-07T22:30:31.5119836Z (node:5304) [DEP0040] DeprecationWarning: The `punycode` module is deprecated. Please use a userland alternative instead.
2026-10-07T22:30:31.5120443Z (Use `node --trace-deprecation ...` to show where the warning was created)
2026-10-07T22:30:31.6493554Z Cache not found for input keys: fork-ci-source-v2-Linux-X64-eff68d54502d28a838f84354ec306df7a6499991c0c1d8518658bc8ecc2758fa-62433dcec7df1eda715520c2f18b1f29c6d8044897077192799fc2bdd7cd0f98, fork-ci-source-v2-Linux-X64-
2026-10-07T22:30:31.8345909Z ##[group]Run actions/cache/restore@0057852bfaa89a56745cba8c7296529d2fc39830
2026-10-07T22:30:31.8346136Z with:
2026-10-07T22:30:31.8347542Z   path: target/debug/.fingerprint
target/debug/build
target/debug/deps/*.rlib
target/debug/deps/*.rmeta
target/debug/deps/*.so
target/debug/deps/*.a
target/debug/deps/*.d
extensions/test-extension/target/debug/.fingerprint
extensions/test-extension/target/debug/build
extensions/test-extension/target/debug/deps/*.rlib
extensions/test-extension/target/debug/deps/*.rmeta
extensions/test-extension/target/debug/deps/*.so
extensions/test-extension/target/debug/deps/*.a
extensions/test-extension/target/debug/deps/*.d
extensions/test-extension/target/wasm32-wasip2/debug/.fingerprint
extensions/test-extension/target/wasm32-wasip2/debug/build
extensions/test-extension/target/wasm32-wasip2/debug/deps
extensions/test-extension/target/wasm32-wasip2/debug/*.wasm

2026-10-07T22:30:31.8349490Z   key: fork-ci-build-v2-Linux-X64-ubuntu24.04-dev-debug0-eff68d54502d28a838f84354ec306df7a6499991c0c1d8518658bc8ecc2758fa-62433dcec7df1eda715520c2f18b1f29c6d8044897077192799fc2bdd7cd0f98-ed7040f650a01d31eb32eac68a623ce45b7a77e8
2026-10-07T22:30:31.8350702Z   restore-keys: fork-ci-build-v2-Linux-X64-ubuntu24.04-dev-debug0-eff68d54502d28a838f84354ec306df7a6499991c0c1d8518658bc8ecc2758fa-62433dcec7df1eda715520c2f18b1f29c6d8044897077192799fc2bdd7cd0f98-
fork-ci-build-v2-Linux-X64-ubuntu24.04-dev-debug0-eff68d54502d28a838f84354ec306df7a6499991c0c1d8518658bc8ecc2758fa-

2026-10-07T22:30:31.8351474Z   enableCrossOsArchive: false
2026-10-07T22:30:31.8351623Z   fail-on-cache-miss: false
2026-10-07T22:30:31.8351785Z   lookup-only: false
2026-10-07T22:30:31.8351901Z env:
2026-10-07T22:30:31.8352015Z   CARGO_TERM_COLOR: always
2026-10-07T22:30:31.8352143Z   CARGO_INCREMENTAL: 0
2026-10-07T22:30:31.8352268Z   CARGO_PROFILE_DEV_DEBUG: 0
2026-10-07T22:30:31.8352413Z   CARGO_PROFILE_DEV_BUILD_OVERRIDE_DEBUG: 0
2026-10-07T22:30:31.8352568Z   RUST_BACKTRACE: 1
2026-10-07T22:30:31.8352683Z   CC: clang
2026-10-07T22:30:31.8352938Z   CXX: clang++
2026-10-07T22:30:31.8353051Z   WGPU_BACKEND: vulkan
2026-10-07T22:30:31.8353172Z   CI_TEST_FILTER: 
2026-10-07T22:30:31.8353284Z   CI_TEST_MODE: full
2026-10-07T22:30:31.8353423Z   CARGO_BUILD_JOBS: 4
2026-10-07T22:30:31.8353539Z   CI_TEST_THREADS: 4
2026-10-07T22:30:31.8353685Z   VK_DRIVER_FILES: /usr/share/vulkan/icd.d/lvp_icd.json
2026-10-07T22:30:31.8353856Z ##[endgroup]
2026-10-07T22:30:31.9029948Z (node:5372) [DEP0040] DeprecationWarning: The `punycode` module is deprecated. Please use a userland alternative instead.
2026-10-07T22:30:31.9030582Z (Use `node --trace-deprecation ...` to show where the warning was created)
2026-10-07T22:30:32.0411988Z Cache not found for input keys: fork-ci-build-v2-Linux-X64-ubuntu24.04-dev-debug0-eff68d54502d28a838f84354ec306df7a6499991c0c1d8518658bc8ecc2758fa-62433dcec7df1eda715520c2f18b1f29c6d8044897077192799fc2bdd7cd0f98-ed7040f650a01d31eb32eac68a623ce45b7a77e8, fork-ci-build-v2-Linux-X64-ubuntu24.04-dev-debug0-eff68d54502d28a838f84354ec306df7a6499991c0c1d8518658bc8ecc2758fa-62433dcec7df1eda715520c2f18b1f29c6d8044897077192799fc2bdd7cd0f98-, fork-ci-build-v2-Linux-X64-ubuntu24.04-dev-debug0-eff68d54502d28a838f84354ec306df7a6499991c0c1d8518658bc8ecc2758fa-
2026-10-07T22:30:32.0482460Z ##[group]Run printf 'Shared source exact hit: %s; shared key: %s; legacy source key: %s; build exact hit: %s; build key: %s\n' \
2026-10-07T22:30:32.0483069Z [36;1mprintf 'Shared source exact hit: %s; shared key: %s; legacy source key: %s; build exact hit: %s; build key: %s\n' \[0m
2026-10-07T22:30:32.0483407Z [36;1m  "$SOURCE_CACHE_HIT" "$SOURCE_CACHE_KEY" "$LEGACY_SOURCE_CACHE_KEY" \[0m
2026-10-07T22:30:32.0483673Z [36;1m  "$BUILD_CACHE_HIT" "$BUILD_CACHE_KEY" | tee -a "$GITHUB_STEP_SUMMARY"[0m
2026-10-07T22:30:32.0538175Z shell: /usr/bin/bash --noprofile --norc -e -o pipefail {0}
2026-10-07T22:30:32.0538354Z env:
2026-10-07T22:30:32.0538469Z   CARGO_TERM_COLOR: always
2026-10-07T22:30:32.0538598Z   CARGO_INCREMENTAL: 0
2026-10-07T22:30:32.0538724Z   CARGO_PROFILE_DEV_DEBUG: 0
2026-10-07T22:30:32.0538866Z   CARGO_PROFILE_DEV_BUILD_OVERRIDE_DEBUG: 0
2026-10-07T22:30:32.0539017Z   RUST_BACKTRACE: 1
2026-10-07T22:30:32.0539129Z   CC: clang
2026-10-07T22:30:32.0539250Z   CXX: clang++
2026-10-07T22:30:32.0539360Z   WGPU_BACKEND: vulkan
2026-10-07T22:30:32.0539477Z   CI_TEST_FILTER: 
2026-10-07T22:30:32.0539586Z   CI_TEST_MODE: full
2026-10-07T22:30:32.0539700Z   CARGO_BUILD_JOBS: 4
2026-10-07T22:30:32.0539815Z   CI_TEST_THREADS: 4
2026-10-07T22:30:32.0539957Z   VK_DRIVER_FILES: /usr/share/vulkan/icd.d/lvp_icd.json
2026-10-07T22:30:32.0540121Z   SOURCE_CACHE_HIT: 
2026-10-07T22:30:32.0540235Z   SOURCE_CACHE_KEY: 
2026-10-07T22:30:32.0540357Z   LEGACY_SOURCE_CACHE_KEY: 
2026-10-07T22:30:32.0540481Z   BUILD_CACHE_HIT: 
2026-10-07T22:30:32.0540590Z   BUILD_CACHE_KEY: 
2026-10-07T22:30:32.0540704Z ##[endgroup]
2026-10-07T22:30:32.0611252Z Shared source exact hit: ; shared key: ; legacy source key: ; build exact hit: ; build key: 
2026-10-07T22:30:32.0661158Z ##[group]Run actions/setup-node@48b55a011bda9f5d6aeb4c2d9c7362e8dae4041e
2026-10-07T22:30:32.0661368Z with:
2026-10-07T22:30:32.0661478Z   node-version: 24
2026-10-07T22:30:32.0661607Z   package-manager-cache: false
2026-10-07T22:30:32.0661748Z   check-latest: false
2026-10-07T22:30:32.0663420Z   token: ***
2026-10-07T22:30:32.0663529Z env:
2026-10-07T22:30:32.0663635Z   CARGO_TERM_COLOR: always
2026-10-07T22:30:32.0663763Z   CARGO_INCREMENTAL: 0
2026-10-07T22:30:32.0663887Z   CARGO_PROFILE_DEV_DEBUG: 0
2026-10-07T22:30:32.0664030Z   CARGO_PROFILE_DEV_BUILD_OVERRIDE_DEBUG: 0
2026-10-07T22:30:32.0664181Z   RUST_BACKTRACE: 1
2026-10-07T22:30:32.0664292Z   CC: clang
2026-10-07T22:30:32.0664400Z   CXX: clang++
2026-10-07T22:30:32.0664507Z   WGPU_BACKEND: vulkan
2026-10-07T22:30:32.0664625Z   CI_TEST_FILTER: 
2026-10-07T22:30:32.0664733Z   CI_TEST_MODE: full
2026-10-07T22:30:32.0664847Z   CARGO_BUILD_JOBS: 4
2026-10-07T22:30:32.0664961Z   CI_TEST_THREADS: 4
2026-10-07T22:30:32.0665125Z   VK_DRIVER_FILES: /usr/share/vulkan/icd.d/lvp_icd.json
2026-10-07T22:30:32.0665322Z ##[endgroup]
2026-10-07T22:30:32.1636077Z Found in cache @ /opt/hostedtoolcache/node/24.21.0/x64
2026-10-07T22:30:32.1639472Z ##[group]Environment details
2026-10-07T22:30:32.4681512Z node: v24.21.0
2026-10-07T22:30:32.4681694Z npm: 11.19.0
2026-10-07T22:30:32.4681800Z yarn: 1.22.22
2026-10-07T22:30:32.4682137Z ##[endgroup]
2026-10-07T22:30:32.4819659Z ##[group]Run taiki-e/install-action@a6b2e2dcd845ddd7f509ce4f3ed3d922b80cc5d9
2026-10-07T22:30:32.4819889Z with:
2026-10-07T22:30:32.4820012Z   tool: nextest
2026-10-07T22:30:32.4820122Z   checksum: true
2026-10-07T22:30:32.4820235Z   fallback: cargo-binstall
2026-10-07T22:30:32.4820555Z env:
2026-10-07T22:30:32.4820663Z   CARGO_TERM_COLOR: always
2026-10-07T22:30:32.4820789Z   CARGO_INCREMENTAL: 0
2026-10-07T22:30:32.4820910Z   CARGO_PROFILE_DEV_DEBUG: 0
2026-10-07T22:30:32.4821048Z   CARGO_PROFILE_DEV_BUILD_OVERRIDE_DEBUG: 0
2026-10-07T22:30:32.4821195Z   RUST_BACKTRACE: 1
2026-10-07T22:30:32.4821304Z   CC: clang
2026-10-07T22:30:32.4821403Z   CXX: clang++
2026-10-07T22:30:32.4821507Z   WGPU_BACKEND: vulkan
2026-10-07T22:30:32.4821620Z   CI_TEST_FILTER: 
2026-10-07T22:30:32.4821728Z   CI_TEST_MODE: full
2026-10-07T22:30:32.4821839Z   CARGO_BUILD_JOBS: 4
2026-10-07T22:30:32.4821951Z   CI_TEST_THREADS: 4
2026-10-07T22:30:32.4822113Z   VK_DRIVER_FILES: /usr/share/vulkan/icd.d/lvp_icd.json
2026-10-07T22:30:32.4822276Z ##[endgroup]
2026-10-07T22:30:32.4860291Z ##[start-action display=Run bail() {;id=__taiki-e_install-action.__run]
2026-10-07T22:30:32.4877712Z ##[group]Run bail() {
2026-10-07T22:30:32.4877864Z [36;1mbail() {[0m
2026-10-07T22:30:32.4878004Z [36;1m  printf '::error::install-action: %s\n' "$*"[0m
2026-10-07T22:30:32.4878178Z [36;1m  exit 1[0m
2026-10-07T22:30:32.4878281Z [36;1m}[0m
2026-10-07T22:30:32.4878485Z [36;1m# If /bin/sh is dash, environment variable containing % is not imported, but is fine[0m
2026-10-07T22:30:32.4878765Z [36;1m# because it also means that it will not be exposed to subprocess.[0m
2026-10-07T22:30:32.4878987Z [36;1mif /usr/bin/env | grep -Eq '^BASH_FUNC_'; then[0m
2026-10-07T22:30:32.4879265Z [36;1m  bail 'bash function injection via BASH_FUNC_ environment variable is not allowed for security reasons'[0m
2026-10-07T22:30:32.4879513Z [36;1mfi[0m
2026-10-07T22:30:32.4879635Z [36;1mif ! command -v bash >/dev/null; then[0m
2026-10-07T22:30:32.4879820Z [36;1m  if grep -Eq '^ID=alpine' /etc/os-release; then[0m
2026-10-07T22:30:32.4880047Z [36;1m    printf '::group::Install packages required for install-action (bash)\n'[0m
2026-10-07T22:30:32.4880270Z [36;1m    # NB: sync with apk_install in main.sh[0m
2026-10-07T22:30:32.4880435Z [36;1m    if command -v sudo >/dev/null; then[0m
2026-10-07T22:30:32.4880598Z [36;1m      sudo apk --no-cache add bash[0m
2026-10-07T22:30:32.4880759Z [36;1m    elif command -v doas >/dev/null; then[0m
2026-10-07T22:30:32.4880920Z [36;1m      doas apk --no-cache add bash[0m
2026-10-07T22:30:32.4881059Z [36;1m    else[0m
2026-10-07T22:30:32.4881172Z [36;1m      apk --no-cache add bash[0m
2026-10-07T22:30:32.4881303Z [36;1m    fi[0m
2026-10-07T22:30:32.4881414Z [36;1m    printf '::endgroup::\n'[0m
2026-10-07T22:30:32.4881544Z [36;1m  else[0m
2026-10-07T22:30:32.4881661Z [36;1m    bail 'this action requires bash'[0m
2026-10-07T22:30:32.4881803Z [36;1m  fi[0m
2026-10-07T22:30:32.4881904Z [36;1mfi[0m
2026-10-07T22:30:32.4882052Z [36;1mbash --noprofile --norc "${GITHUB_ACTION_PATH:?}/main.sh"[0m
2026-10-07T22:30:32.4882724Z shell: /usr/bin/env -u ENV -u BASH_ENV -u CDPATH -u SHELLOPTS -u BASHOPTS /bin/sh -eu {0}
2026-10-07T22:30:32.4883038Z env:
2026-10-07T22:30:32.4883143Z   CARGO_TERM_COLOR: always
2026-10-07T22:30:32.4883275Z   CARGO_INCREMENTAL: 0
2026-10-07T22:30:32.4883395Z   CARGO_PROFILE_DEV_DEBUG: 0
2026-10-07T22:30:32.4883533Z   CARGO_PROFILE_DEV_BUILD_OVERRIDE_DEBUG: 0
2026-10-07T22:30:32.4883675Z   RUST_BACKTRACE: 1
2026-10-07T22:30:32.4883781Z   CC: clang
2026-10-07T22:30:32.4883877Z   CXX: clang++
2026-10-07T22:30:32.4883979Z   WGPU_BACKEND: vulkan
2026-10-07T22:30:32.4884091Z   CI_TEST_FILTER: 
2026-10-07T22:30:32.4884197Z   CI_TEST_MODE: full
2026-10-07T22:30:32.4884309Z   CARGO_BUILD_JOBS: 4
2026-10-07T22:30:32.4884418Z   CI_TEST_THREADS: 4
2026-10-07T22:30:32.4884552Z   VK_DRIVER_FILES: /usr/share/vulkan/icd.d/lvp_icd.json
2026-10-07T22:30:32.4884710Z   INPUT_TOOL: nextest
2026-10-07T22:30:32.4885043Z   INPUT_CHECKSUM: true
2026-10-07T22:30:32.4885165Z   INPUT_FALLBACK: cargo-binstall
2026-10-07T22:30:32.4886628Z   DEFAULT_GITHUB_TOKEN: ***
2026-10-07T22:30:32.4886937Z   ACTION_USER_AGENT: taiki-e/install-action (a6b2e2dcd845ddd7f509ce4f3ed3d922b80cc5d9)
2026-10-07T22:30:32.4887259Z   RUNNER_OS: Linux
2026-10-07T22:30:32.4887366Z   RUNNER_ARCH: X64
2026-10-07T22:30:32.4887472Z ##[endgroup]
2026-10-07T22:30:32.4993552Z info: host platform: x86_64_linux
2026-10-07T22:30:32.5174551Z info: installing cargo-nextest@latest
2026-10-07T22:30:32.5319351Z info: downloading https://github.com/nextest-rs/nextest/releases/download/cargo-nextest-0.9.140/cargo-nextest-0.9.140-x86_64-unknown-linux-gnu.tar.gz
2026-10-07T22:30:32.9859164Z info: verifying sha256 checksum for cargo-nextest-0.9.140-x86_64-unknown-linux-gnu.tar.gz
2026-10-07T22:30:33.1674947Z info: cargo-nextest installed at /home/runner/.cargo/bin/cargo-nextest
2026-10-07T22:30:33.1676587Z + cargo-nextest nextest --version
2026-10-07T22:30:33.1700152Z cargo-nextest 0.9.140 (a9fef2964 2026-07-05)
2026-10-07T22:30:33.1700606Z release: 0.9.140
2026-10-07T22:30:33.1700915Z commit-hash: a9fef2964e34f64ed4fceeee7c0c3559ce560920
2026-10-07T22:30:33.1701202Z commit-date: 2026-07-05
2026-10-07T22:30:33.1701432Z host: x86_64-unknown-linux-gnu
2026-10-07T22:30:33.1711898Z 
2026-10-07T22:30:33.1723295Z ##[end-action id=__taiki-e_install-action.__run;outcome=success;conclusion=success;duration_ms=686]
2026-10-07T22:30:33.1728165Z ##[start-action display=Run Set-StrictMode -Version Latest;id=__taiki-e_install-action.__run_2]
2026-10-07T22:30:33.1730954Z ##[end-action id=__taiki-e_install-action.__run_2;outcome=skipped;conclusion=skipped;duration_ms=0]
2026-10-07T22:30:33.1756224Z ##[group]Run ./script/download-wasi-sdk
2026-10-07T22:30:33.1756423Z [36;1m./script/download-wasi-sdk[0m
2026-10-07T22:30:33.1818389Z shell: /usr/bin/bash --noprofile --norc -e -o pipefail {0}
2026-10-07T22:30:33.1818590Z env:
2026-10-07T22:30:33.1818713Z   CARGO_TERM_COLOR: always
2026-10-07T22:30:33.1818844Z   CARGO_INCREMENTAL: 0
2026-10-07T22:30:33.1818975Z   CARGO_PROFILE_DEV_DEBUG: 0
2026-10-07T22:30:33.1819115Z   CARGO_PROFILE_DEV_BUILD_OVERRIDE_DEBUG: 0
2026-10-07T22:30:33.1819263Z   RUST_BACKTRACE: 1
2026-10-07T22:30:33.1819373Z   CC: clang
2026-10-07T22:30:33.1819472Z   CXX: clang++
2026-10-07T22:30:33.1819595Z   WGPU_BACKEND: vulkan
2026-10-07T22:30:33.1819712Z   CI_TEST_FILTER: 
2026-10-07T22:30:33.1819820Z   CI_TEST_MODE: full
2026-10-07T22:30:33.1819935Z   CARGO_BUILD_JOBS: 4
2026-10-07T22:30:33.1820050Z   CI_TEST_THREADS: 4
2026-10-07T22:30:33.1820190Z   VK_DRIVER_FILES: /usr/share/vulkan/icd.d/lvp_icd.json
2026-10-07T22:30:33.1820358Z ##[endgroup]
2026-10-07T22:30:33.1910859Z WASI SDK not found, downloading v34...
2026-10-07T22:30:33.1933128Z Downloading from: https://github.com/WebAssembly/wasi-sdk/releases/download/wasi-sdk-34/wasi-sdk-34.0-x86_64-linux.tar.gz
2026-10-07T22:30:33.1992106Z   % Total    % Received % Xferd  Average Speed   Time    Time     Time  Current
2026-10-07T22:30:33.1992546Z                                  Dload  Upload   Total   Spent    Left  Speed
2026-10-07T22:30:33.1992684Z 
2026-10-07T22:30:33.2410849Z   0     0    0     0    0     0      0      0 --:--:-- --:--:-- --:--:--     0
2026-10-07T22:30:33.3772238Z   0     0    0     0    0     0      0      0 --:--:-- --:--:-- --:--:--     0
2026-10-07T22:30:33.3772661Z   0     0    0     0    0     0      0      0 --:--:-- --:--:-- --:--:--     0
2026-10-07T22:30:34.3935660Z 
2026-10-07T22:30:35.3475218Z  21  183M   21 39.9M    0     0  33.4M      0  0:00:05  0:00:01  0:00:04 33.4M
2026-10-07T22:30:36.2791066Z  57  183M   57  106M    0     0  49.4M      0  0:00:03  0:00:02  0:00:01 69.4M
2026-10-07T22:30:36.5986751Z  89  183M   89  163M    0     0  53.0M      0  0:00:03  0:00:03 --:--:-- 65.4M
2026-10-07T22:30:36.5987497Z 100  183M  100  183M    0     0  53.9M      0  0:00:03  0:00:03 --:--:-- 65.1M
2026-10-07T22:30:36.6078487Z WASI SDK v34 installed successfully
2026-10-07T22:30:36.6637163Z ##[group]Run python3 script/ci-run stage 'Test extension build' -- cargo build --locked --manifest-path extensions/test-extension/Cargo.toml --target wasm32-wasip2 --target-dir extensions/test-extension/target
2026-10-07T22:30:36.6638346Z [36;1mpython3 script/ci-run stage 'Test extension build' -- cargo build --locked --manifest-path extensions/test-extension/Cargo.toml --target wasm32-wasip2 --target-dir extensions/test-extension/target[0m
2026-10-07T22:30:36.6693060Z shell: /usr/bin/bash --noprofile --norc -e -o pipefail {0}
2026-10-07T22:30:36.6693240Z env:
2026-10-07T22:30:36.6693352Z   CARGO_TERM_COLOR: always
2026-10-07T22:30:36.6693478Z   CARGO_INCREMENTAL: 0
2026-10-07T22:30:36.6693598Z   CARGO_PROFILE_DEV_DEBUG: 0
2026-10-07T22:30:36.6693735Z   CARGO_PROFILE_DEV_BUILD_OVERRIDE_DEBUG: 0
2026-10-07T22:30:36.6693881Z   RUST_BACKTRACE: 1
2026-10-07T22:30:36.6703101Z   CC: clang
2026-10-07T22:30:36.6703208Z   CXX: clang++
2026-10-07T22:30:36.6703314Z   WGPU_BACKEND: vulkan
2026-10-07T22:30:36.6703464Z   CI_TEST_FILTER: 
2026-10-07T22:30:36.6703574Z   CI_TEST_MODE: full
2026-10-07T22:30:36.6703683Z   CARGO_BUILD_JOBS: 4
2026-10-07T22:30:36.6703792Z   CI_TEST_THREADS: 4
2026-10-07T22:30:36.6703932Z   VK_DRIVER_FILES: /usr/share/vulkan/icd.d/lvp_icd.json
2026-10-07T22:30:36.6704097Z ##[endgroup]
2026-10-07T22:30:36.9765541Z [1m[92m    Updating[0m git repository `https://github.com/zed-industries/async-process.git`
2026-10-07T22:30:37.9183992Z [1m[92m    Updating[0m git repository `https://github.com/smol-rs/async-task.git`
2026-10-07T22:30:38.4833328Z [1m[92m    Updating[0m git repository `https://github.com/zed-industries/calloop`
2026-10-07T22:30:39.6894255Z [1m[92m    Updating[0m git repository `https://github.com/zed-industries/livekit-rust-sdks`
2026-10-07T22:30:41.0313202Z [1m[92m    Updating[0m git submodule `https://github.com/livekit/protocol`
2026-10-07T22:30:42.0504472Z [1m[92m    Updating[0m git submodule `https://github.com/zed-industries/libyuv`
2026-10-07T22:30:44.7783100Z [1m[92m    Updating[0m git repository `https://github.com/zed-industries/notify`
2026-10-07T22:30:45.3665664Z [1m[92m    Updating[0m git repository `https://github.com/tree-sitter/tree-sitter`
2026-10-07T22:30:48.0711232Z [1m[92m    Updating[0m git repository `https://github.com/zed-industries/windows-capture.git`
2026-10-07T22:30:48.6944811Z [1m[92m    Updating[0m crates.io index
2026-10-07T22:30:48.6953118Z [1m[92m    Updating[0m git repository `https://github.com/proptest-rs/proptest`
2026-10-07T22:30:49.4547735Z [1m[92m    Updating[0m git repository `https://github.com/zed-industries/scap`
2026-10-07T22:30:50.2088930Z [1m[92m    Updating[0m git repository `https://github.com/zed-industries/font-kit`
2026-10-07T22:30:50.6858189Z [1m[92m    Updating[0m git repository `https://github.com/zed-industries/async-tar`
2026-10-07T22:30:51.4569690Z [1m[92m    Updating[0m git repository `https://github.com/zed-industries/wasm_thread`
2026-10-07T22:30:51.7203750Z [1m[92m    Updating[0m git repository `https://github.com/zed-industries/xim-rs.git`
2026-10-07T22:30:52.1234467Z [1m[92m    Updating[0m git repository `https://github.com/zed-industries/reqwest.git`
2026-10-07T22:30:53.0508409Z [1m[92m    Updating[0m git repository `https://github.com/zed-industries/tree-sitter-markdown`
2026-10-07T22:30:56.6320984Z [1m[92m    Updating[0m git repository `https://github.com/zed-industries/tree-sitter-typescript`
2026-10-07T22:31:34.6689780Z [1m[92m    Updating[0m git repository `https://github.com/zed-industries/tree-sitter-heex`
2026-10-07T22:31:35.1787694Z [1m[92m    Updating[0m git repository `https://github.com/zed-industries/trash-rs`
2026-10-07T22:31:35.7403383Z [1m[92m    Updating[0m git repository `https://github.com/tree-sitter/tree-sitter-cpp`
2026-10-07T22:33:03.6220270Z [1m[92m    Updating[0m git repository `https://github.com/zed-industries/tree-sitter-git-commit`
2026-10-07T22:33:04.0752623Z [1m[92m    Updating[0m git repository `https://github.com/camdencheek/tree-sitter-go-mod`
2026-10-07T22:33:04.4351812Z [1m[92m    Updating[0m git repository `https://github.com/zed-industries/tree-sitter-go-work`
2026-10-07T22:33:04.9593936Z [1m[92m    Updating[0m git repository `https://github.com/zed-industries/tree-sitter-yaml`
2026-10-07T22:33:05.7034755Z [1m[92m    Updating[0m git submodule `https://github.com/yaml/yaml-test-suite`
2026-10-07T22:33:06.2600836Z [1m[92m    Updating[0m git repository `https://github.com/zed-industries/async-pipe-rs`
2026-10-07T22:33:06.8230159Z [1m[92m    Updating[0m git repository `https://github.com/zed-industries/lsp-types`
2026-10-07T22:33:07.4183180Z [1m[92m    Updating[0m git repository `https://github.com/zed-industries/dap-types`
2026-10-07T22:33:07.7950514Z [1m[92m    Updating[0m git repository `https://github.com/zed-industries/python-environment-tools.git`
2026-10-07T22:33:08.4767077Z [1m[92m    Updating[0m git repository `https://github.com/zed-industries/alacritty`
2026-10-07T22:33:10.8413507Z [1m[92m    Updating[0m git repository `https://github.com/RustAudio/rodio`
2026-10-07T22:33:11.7657585Z [1m[92m    Updating[0m git repository `https://github.com/KillTheMule/nvim-rs`
2026-10-07T22:33:12.2294710Z [1m[92m    Updating[0m git repository `https://github.com/zed-industries/wprcontrol`
2026-10-07T22:33:12.5401622Z [1m[92m    Updating[0m git repository `https://github.com/zed-industries/gh-workflow`
2026-10-07T22:33:14.3280247Z [1m[92m Downloading[0m crates ...
2026-10-07T22:33:14.4133628Z [1m[92m  Downloaded[0m auditable-serde v0.8.0
2026-10-07T22:33:14.4198786Z [1m[92m  Downloaded[0m cfg-if v1.0.4
2026-10-07T22:33:14.4317886Z [1m[92m  Downloaded[0m bitflags v2.13.1
2026-10-07T22:33:14.4352270Z [1m[92m  Downloaded[0m anyhow v1.0.104
2026-10-07T22:33:14.4390281Z [1m[92m  Downloaded[0m adler2 v2.0.1
2026-10-07T22:33:14.4402658Z [1m[92m  Downloaded[0m form_urlencoded v1.2.2
2026-10-07T22:33:14.4442514Z [1m[92m  Downloaded[0m crc32fast v1.5.0
2026-10-07T22:33:14.4459158Z [1m[92m  Downloaded[0m equivalent v1.0.2
2026-10-07T22:33:14.4538059Z [1m[92m  Downloaded[0m futures-io v0.3.34
2026-10-07T22:33:14.4544853Z [1m[92m  Downloaded[0m icu_normalizer_data v2.3.0
2026-10-07T22:33:14.4559963Z [1m[92m  Downloaded[0m futures-macro v0.3.34
2026-10-07T22:33:14.4567362Z [1m[92m  Downloaded[0m heck v0.5.0
2026-10-07T22:33:14.4655195Z [1m[92m  Downloaded[0m displaydoc v0.2.5
2026-10-07T22:33:14.4691783Z [1m[92m  Downloaded[0m futures-core v0.3.34
2026-10-07T22:33:14.4702131Z [1m[92m  Downloaded[0m futures-task v0.3.34
2026-10-07T22:33:14.4711097Z [1m[92m  Downloaded[0m foldhash v0.1.5
2026-10-07T22:33:14.4736348Z [1m[92m  Downloaded[0m futures-channel v0.3.34
2026-10-07T22:33:14.4801676Z [1m[92m  Downloaded[0m futures-sink v0.3.34
2026-10-07T22:33:14.4828446Z [1m[92m  Downloaded[0m idna_adapter v1.2.1
2026-10-07T22:33:14.4835877Z [1m[92m  Downloaded[0m leb128fmt v0.1.0
2026-10-07T22:33:14.4842986Z [1m[92m  Downloaded[0m potential_utf v0.1.3
2026-10-07T22:33:14.4850242Z [1m[92m  Downloaded[0m stable_deref_trait v1.2.1
2026-10-07T22:33:14.4856305Z [1m[92m  Downloaded[0m simd-adler32 v0.3.7
2026-10-07T22:33:14.4961652Z [1m[92m  Downloaded[0m icu_provider v2.3.0
2026-10-07T22:33:14.4982482Z [1m[92m  Downloaded[0m itoa v1.0.18
2026-10-07T22:33:14.4993033Z [1m[92m  Downloaded[0m utf8_iter v1.0.4
2026-10-07T22:33:14.5000065Z [1m[92m  Downloaded[0m topological-sort v0.2.2
2026-10-07T22:33:14.5007772Z [1m[92m  Downloaded[0m wit-bindgen-rt v0.41.0
2026-10-07T22:33:14.5029637Z [1m[92m  Downloaded[0m zerofrom v0.1.6
2026-10-07T22:33:14.5078726Z [1m[92m  Downloaded[0m unicode-xid v0.2.6
2026-10-07T22:33:14.5088787Z [1m[92m  Downloaded[0m percent-encoding v2.3.2
2026-10-07T22:33:14.5095307Z [1m[92m  Downloaded[0m wit-bindgen-rust-macro v0.41.0
2026-10-07T22:33:14.5101125Z [1m[92m  Downloaded[0m zerofrom-derive v0.1.6
2026-10-07T22:33:14.5108682Z [1m[92m  Downloaded[0m yoke-derive v0.8.2
2026-10-07T22:33:14.5118908Z [1m[92m  Downloaded[0m futures-executor v0.3.34
2026-10-07T22:33:14.5129297Z [1m[92m  Downloaded[0m tinystr v0.8.4
2026-10-07T22:33:14.5214178Z [1m[92m  Downloaded[0m pin-project-lite v0.2.16
2026-10-07T22:33:14.5258502Z [1m[92m  Downloaded[0m wit-bindgen v0.41.0
2026-10-07T22:33:14.5268372Z [1m[92m  Downloaded[0m id-arena v2.3.0
2026-10-07T22:33:14.5277260Z [1m[92m  Downloaded[0m writeable v0.6.4
2026-10-07T22:33:14.5291819Z [1m[92m  Downloaded[0m zerovec-derive v0.11.5
2026-10-07T22:33:14.5303680Z [1m[92m  Downloaded[0m smallvec v1.16.1
2026-10-07T22:33:14.5312996Z [1m[92m  Downloaded[0m wit-bindgen-core v0.41.0
2026-10-07T22:33:14.5320491Z [1m[92m  Downloaded[0m slab v0.4.11
2026-10-07T22:33:14.5329131Z [1m[92m  Downloaded[0m synstructure v0.13.2
2026-10-07T22:33:14.5336079Z [1m[92m  Downloaded[0m wasm-metadata v0.227.1
2026-10-07T22:33:14.5351480Z [1m[92m  Downloaded[0m quote v1.0.47
2026-10-07T22:33:14.5371546Z [1m[92m  Downloaded[0m once_cell v1.21.4
2026-10-07T22:33:14.5391736Z [1m[92m  Downloaded[0m zmij v1.0.23
2026-10-07T22:33:14.5404845Z [1m[92m  Downloaded[0m yoke v0.8.3
2026-10-07T22:33:14.5417735Z [1m[92m  Downloaded[0m litemap v0.8.0
2026-10-07T22:33:14.5433285Z [1m[92m  Downloaded[0m semver v1.0.28
2026-10-07T22:33:14.5449310Z [1m[92m  Downloaded[0m futures v0.3.34
2026-10-07T22:33:14.5487595Z [1m[92m  Downloaded[0m serde_derive v1.0.229
2026-10-07T22:33:14.5511449Z [1m[92m  Downloaded[0m icu_collections v2.3.0
2026-10-07T22:33:14.5559938Z [1m[92m  Downloaded[0m icu_locale_core v2.3.0
2026-10-07T22:33:14.5610242Z [1m[92m  Downloaded[0m icu_properties_data v2.3.0
2026-10-07T22:33:14.5687691Z [1m[92m  Downloaded[0m log v0.4.29
2026-10-07T22:33:14.5704776Z [1m[92m  Downloaded[0m serde_core v1.0.229
2026-10-07T22:33:14.5723700Z [1m[92m  Downloaded[0m wit-bindgen-rust v0.41.0
2026-10-07T22:33:14.5735662Z [1m[92m  Downloaded[0m proc-macro2 v1.0.107
2026-10-07T22:33:14.5756023Z [1m[92m  Downloaded[0m unicode-ident v1.0.24
2026-10-07T22:33:14.5775020Z [1m[92m  Downloaded[0m zerotrie v0.2.5
2026-10-07T22:33:14.5802444Z [1m[92m  Downloaded[0m flate2 v1.1.8
2026-10-07T22:33:14.5837448Z [1m[92m  Downloaded[0m wasm-encoder v0.227.1
2026-10-07T22:33:14.5863940Z [1m[92m  Downloaded[0m miniz_oxide v0.8.9
2026-10-07T22:33:14.5880853Z [1m[92m  Downloaded[0m hashbrown v0.17.1
2026-10-07T22:33:14.5917409Z [1m[92m  Downloaded[0m prettyplease v0.2.37
2026-10-07T22:33:14.5941919Z [1m[92m  Downloaded[0m serde v1.0.229
2026-10-07T22:33:14.5966362Z [1m[92m  Downloaded[0m icu_properties v2.3.0
2026-10-07T22:33:14.5988019Z [1m[92m  Downloaded[0m url v2.5.7
2026-10-07T22:33:14.6005928Z [1m[92m  Downloaded[0m memchr v2.8.3
2026-10-07T22:33:14.6044553Z [1m[92m  Downloaded[0m indexmap v2.14.0
2026-10-07T22:33:14.6073722Z [1m[92m  Downloaded[0m zerovec v0.11.8
2026-10-07T22:33:14.6115279Z [1m[92m  Downloaded[0m hashbrown v0.15.5
2026-10-07T22:33:14.6149169Z [1m[92m  Downloaded[0m idna v1.1.0
2026-10-07T22:33:14.6173680Z [1m[92m  Downloaded[0m wit-parser v0.227.1
2026-10-07T22:33:14.6436434Z [1m[92m  Downloaded[0m serde_json v1.0.151
2026-10-07T22:33:14.6488164Z [1m[92m  Downloaded[0m futures-util v0.3.34
2026-10-07T22:33:14.6582715Z [1m[92m  Downloaded[0m wit-component v0.227.1
2026-10-07T22:33:14.6970303Z [1m[92m  Downloaded[0m wasmparser v0.227.1
2026-10-07T22:33:14.7025085Z [1m[92m  Downloaded[0m syn v2.0.117
2026-10-07T22:33:14.7099895Z [1m[92m  Downloaded[0m syn v3.0.3
2026-10-07T22:33:14.7177801Z [1m[92m  Downloaded[0m icu_normalizer v2.3.0
2026-10-07T22:33:14.7244177Z [1m[92m  Downloaded[0m spdx v0.10.9
2026-10-07T22:33:14.8161294Z [1m[92m   Compiling[0m proc-macro2 v1.0.107
2026-10-07T22:33:14.8161599Z [1m[92m   Compiling[0m unicode-ident v1.0.24
2026-10-07T22:33:14.8161805Z [1m[92m   Compiling[0m quote v1.0.47
2026-10-07T22:33:14.8195853Z [1m[92m   Compiling[0m stable_deref_trait v1.2.1
2026-10-07T22:33:14.8649056Z [1m[92m   Compiling[0m serde_core v1.0.229
2026-10-07T22:33:14.8934650Z [1m[92m   Compiling[0m zmij v1.0.23
2026-10-07T22:33:15.0420960Z [1m[92m   Compiling[0m writeable v0.6.4
2026-10-07T22:33:15.1719382Z [1m[92m   Compiling[0m serde_json v1.0.151
2026-10-07T22:33:15.1954620Z [1m[92m   Compiling[0m litemap v0.8.0
2026-10-07T22:33:15.2840904Z [1m[92m   Compiling[0m utf8_iter v1.0.4
2026-10-07T22:33:15.2959518Z [1m[92m   Compiling[0m icu_normalizer_data v2.3.0
2026-10-07T22:33:15.3784747Z [1m[92m   Compiling[0m serde v1.0.229
2026-10-07T22:33:15.3863978Z [1m[92m   Compiling[0m icu_properties_data v2.3.0
2026-10-07T22:33:15.5268523Z [1m[92m   Compiling[0m smallvec v1.16.1
2026-10-07T22:33:15.5674429Z [1m[92m   Compiling[0m equivalent v1.0.2
2026-10-07T22:33:15.6004544Z [1m[92m   Compiling[0m hashbrown v0.17.1
2026-10-07T22:33:16.0154472Z [1m[92m   Compiling[0m syn v3.0.3
2026-10-07T22:33:16.3504752Z [1m[92m   Compiling[0m syn v2.0.117
2026-10-07T22:33:16.5694603Z [1m[92m   Compiling[0m semver v1.0.28
2026-10-07T22:33:16.7731352Z [1m[92m   Compiling[0m foldhash v0.1.5
2026-10-07T22:33:16.8679395Z [1m[92m   Compiling[0m wasmparser v0.227.1
2026-10-07T22:33:17.0204482Z [1m[92m   Compiling[0m hashbrown v0.15.5
2026-10-07T22:33:17.0524462Z [1m[92m   Compiling[0m indexmap v2.14.0
2026-10-07T22:33:17.5993381Z [1m[92m   Compiling[0m memchr v2.8.3
2026-10-07T22:33:17.6094896Z [1m[92m   Compiling[0m bitflags v2.13.1
2026-10-07T22:33:17.7244494Z [1m[92m   Compiling[0m anyhow v1.0.104
2026-10-07T22:33:17.8844512Z [1m[92m   Compiling[0m itoa v1.0.18
2026-10-07T22:33:20.1144484Z [1m[92m   Compiling[0m synstructure v0.13.2
2026-10-07T22:33:20.6134543Z [1m[92m   Compiling[0m crc32fast v1.5.0
2026-10-07T22:33:20.9894943Z [1m[92m   Compiling[0m prettyplease v0.2.37
2026-10-07T22:33:21.0784381Z [1m[92m   Compiling[0m adler2 v2.0.1
2026-10-07T22:33:21.1404985Z [1m[92m   Compiling[0m wasm-encoder v0.227.1
2026-10-07T22:33:21.2874427Z [1m[92m   Compiling[0m percent-encoding v2.3.2
2026-10-07T22:33:21.4104929Z [1m[92m   Compiling[0m simd-adler32 v0.3.7
2026-10-07T22:33:21.5274701Z [1m[92m   Compiling[0m cfg-if v1.0.4
2026-10-07T22:33:21.7004429Z [1m[92m   Compiling[0m miniz_oxide v0.8.9
2026-10-07T22:33:23.0134457Z [1m[92m   Compiling[0m form_urlencoded v1.2.2
2026-10-07T22:33:23.1634703Z [1m[92m   Compiling[0m leb128fmt v0.1.0
2026-10-07T22:33:23.4877278Z [1m[92m   Compiling[0m futures-sink v0.3.34
2026-10-07T22:33:23.5397977Z [1m[92m   Compiling[0m id-arena v2.3.0
2026-10-07T22:33:23.5474434Z [1m[92m   Compiling[0m unicode-xid v0.2.6
2026-10-07T22:33:23.6015351Z [1m[92m   Compiling[0m log v0.4.29
2026-10-07T22:33:23.6094267Z [1m[92m   Compiling[0m topological-sort v0.2.2
2026-10-07T22:33:23.6694523Z [1m[92m   Compiling[0m futures-core v0.3.34
2026-10-07T22:33:23.7614993Z [1m[92m   Compiling[0m futures-channel v0.3.34
2026-10-07T22:33:23.8914448Z [1m[92m   Compiling[0m flate2 v1.1.8
2026-10-07T22:33:24.2085155Z [1m[92m   Compiling[0m spdx v0.10.9
2026-10-07T22:33:24.4774582Z [1m[92m   Compiling[0m futures-task v0.3.34
2026-10-07T22:33:24.5979501Z [1m[92m   Compiling[0m futures-io v0.3.34
2026-10-07T22:33:24.6984450Z [1m[92m   Compiling[0m slab v0.4.11
2026-10-07T22:33:24.7881756Z [1m[92m   Compiling[0m pin-project-lite v0.2.16
2026-10-07T22:33:24.9025054Z [1m[92m   Compiling[0m wit-bindgen-rust v0.41.0
2026-10-07T22:33:24.9790436Z [1m[92m   Compiling[0m heck v0.5.0
2026-10-07T22:33:25.1274531Z [1m[92m   Compiling[0m wit-bindgen-rt v0.41.0
2026-10-07T22:33:25.2764824Z [1m[92m   Compiling[0m wit-bindgen-rust-macro v0.41.0
2026-10-07T22:33:25.8635786Z [1m[92m   Compiling[0m once_cell v1.21.4
2026-10-07T22:33:26.3230027Z [1m[92m   Compiling[0m zed_extension_api v0.8.0 (/home/runner/work/koda/koda/crates/extension_api)
2026-10-07T22:33:31.3561689Z [1m[92m   Compiling[0m zerofrom-derive v0.1.6
2026-10-07T22:33:32.0066150Z [1m[92m   Compiling[0m zerofrom v0.1.6
2026-10-07T22:33:32.0654475Z [1m[92m   Compiling[0m yoke-derive v0.8.2
2026-10-07T22:33:32.6294386Z [1m[92m   Compiling[0m yoke v0.8.3
2026-10-07T22:33:32.7214491Z [1m[92m   Compiling[0m displaydoc v0.2.5
2026-10-07T22:33:33.0729163Z [1m[92m   Compiling[0m zerotrie v0.2.5
2026-10-07T22:33:33.2382188Z [1m[92m   Compiling[0m zerovec-derive v0.11.5
2026-10-07T22:33:33.2382641Z [1m[92m   Compiling[0m serde_derive v1.0.229
2026-10-07T22:33:33.2383407Z [1m[92m   Compiling[0m futures-macro v0.3.34
2026-10-07T22:33:33.6264995Z [1m[92m   Compiling[0m futures-util v0.3.34
2026-10-07T22:33:33.7052414Z [1m[92m   Compiling[0m zerovec v0.11.8
2026-10-07T22:33:33.9920810Z [1m[92m   Compiling[0m tinystr v0.8.4
2026-10-07T22:33:34.0494994Z [1m[92m   Compiling[0m potential_utf v0.1.3
2026-10-07T22:33:34.1344882Z [1m[92m   Compiling[0m icu_locale_core v2.3.0
2026-10-07T22:33:34.1708547Z [1m[92m   Compiling[0m icu_collections v2.3.0
2026-10-07T22:33:34.6775045Z [1m[92m   Compiling[0m icu_provider v2.3.0
2026-10-07T22:33:34.8589759Z [1m[92m   Compiling[0m icu_normalizer v2.3.0
2026-10-07T22:33:34.8663809Z [1m[92m   Compiling[0m icu_properties v2.3.0
2026-10-07T22:33:35.1134483Z [1m[92m   Compiling[0m wit-parser v0.227.1
2026-10-07T22:33:35.1654740Z [1m[92m   Compiling[0m auditable-serde v0.8.0
2026-10-07T22:33:35.2844297Z [1m[92m   Compiling[0m futures-executor v0.3.34
2026-10-07T22:33:35.4100727Z [1m[92m   Compiling[0m futures v0.3.34
2026-10-07T22:33:35.6534253Z [1m[92m   Compiling[0m idna_adapter v1.2.1
2026-10-07T22:33:35.6931782Z [1m[92m   Compiling[0m idna v1.1.0
2026-10-07T22:33:35.8297218Z [1m[92m   Compiling[0m url v2.5.7
2026-10-07T22:33:36.0793256Z [1m[92m   Compiling[0m wasm-metadata v0.227.1
2026-10-07T22:33:36.4124751Z [1m[92m   Compiling[0m wit-component v0.227.1
2026-10-07T22:33:36.4125459Z [1m[92m   Compiling[0m wit-bindgen-core v0.41.0
2026-10-07T22:33:38.2743390Z [1m[92m   Compiling[0m wit-bindgen v0.41.0
2026-10-07T22:33:38.7276461Z [1m[92m   Compiling[0m zed_test_extension v0.1.0 (/home/runner/work/koda/koda/extensions/test-extension)
2026-10-07T22:33:38.8474569Z [1m[92m    Finished[0m `dev` profile [unoptimized] target(s) in 3m 02s
2026-10-07T22:33:39.0207349Z Test extension build: 182.2s (exit 0)
2026-10-07T22:33:39.0275651Z ##[group]Run printf 'Test coverage: %s; filter: %s\n' "$CI_TEST_MODE" "$CI_TEST_FILTER"
2026-10-07T22:33:39.0275988Z [36;1mprintf 'Test coverage: %s; filter: %s\n' "$CI_TEST_MODE" "$CI_TEST_FILTER"[0m
2026-10-07T22:33:39.0276197Z [36;1mfilter_args=()[0m
2026-10-07T22:33:39.0276335Z [36;1mif [[ -n "$CI_TEST_FILTER" ]]; then[0m
2026-10-07T22:33:39.0276496Z [36;1m  filter_args=(-E "$CI_TEST_FILTER")[0m
2026-10-07T22:33:39.0276639Z [36;1mfi[0m
2026-10-07T22:33:39.0276815Z [36;1mpython3 script/ci-run stage 'Workspace tests (build and execution)' -- \[0m
2026-10-07T22:33:39.0277122Z [36;1m  cargo nextest run --locked --workspace "${filter_args[@]}" --no-fail-fast --no-tests=warn \[0m
2026-10-07T22:33:39.0277464Z [36;1m  --test-threads "$CI_TEST_THREADS" --status-level=fail --final-status-level=fail[0m
2026-10-07T22:33:39.0330640Z shell: /usr/bin/bash --noprofile --norc -e -o pipefail {0}
2026-10-07T22:33:39.0330813Z env:
2026-10-07T22:33:39.0331013Z   CARGO_TERM_COLOR: always
2026-10-07T22:33:39.0331137Z   CARGO_INCREMENTAL: 0
2026-10-07T22:33:39.0331256Z   CARGO_PROFILE_DEV_DEBUG: 0
2026-10-07T22:33:39.0331395Z   CARGO_PROFILE_DEV_BUILD_OVERRIDE_DEBUG: 0
2026-10-07T22:33:39.0331535Z   RUST_BACKTRACE: 1
2026-10-07T22:33:39.0331640Z   CC: clang
2026-10-07T22:33:39.0331735Z   CXX: clang++
2026-10-07T22:33:39.0331839Z   WGPU_BACKEND: vulkan
2026-10-07T22:33:39.0331949Z   CI_TEST_FILTER: 
2026-10-07T22:33:39.0332053Z   CI_TEST_MODE: full
2026-10-07T22:33:39.0332162Z   CARGO_BUILD_JOBS: 4
2026-10-07T22:33:39.0332271Z   CI_TEST_THREADS: 4
2026-10-07T22:33:39.0332406Z   VK_DRIVER_FILES: /usr/share/vulkan/icd.d/lvp_icd.json
2026-10-07T22:33:39.0332564Z ##[endgroup]
2026-10-07T22:33:39.0395612Z Test coverage: full; filter: 
2026-10-07T22:33:39.6132132Z [1m[92m Downloading[0m crates ...
2026-10-07T22:33:39.6667963Z [1m[92m  Downloaded[0m addr2line v0.25.1
2026-10-07T22:33:39.6700782Z [1m[92m  Downloaded[0m accesskit v0.24.1
2026-10-07T22:33:39.6780390Z [1m[92m  Downloaded[0m accesskit_atspi_common v0.19.1
2026-10-07T22:33:39.6795976Z [1m[92m  Downloaded[0m accesskit_unix v0.22.1
2026-10-07T22:33:39.6815837Z [1m[92m  Downloaded[0m accesskit_consumer v0.38.0
2026-10-07T22:33:39.6837636Z [1m[92m  Downloaded[0m as-raw-xcb-connection v1.0.1
2026-10-07T22:33:39.6843145Z [1m[92m  Downloaded[0m cranelift-bforest v0.135.1
2026-10-07T22:33:39.6878419Z [1m[92m  Downloaded[0m aws-smithy-http v0.63.4
2026-10-07T22:33:39.6895092Z [1m[92m  Downloaded[0m agent-client-protocol-derive v2.2.0
2026-10-07T22:33:39.6900303Z [1m[92m  Downloaded[0m allocator-api2 v0.2.21
2026-10-07T22:33:39.6919587Z [1m[92m  Downloaded[0m aws-credential-types v1.2.12
2026-10-07T22:33:39.6931870Z [1m[92m  Downloaded[0m alsa v0.10.0
2026-10-07T22:33:39.6961346Z [1m[92m  Downloaded[0m arraydeque v0.5.1
2026-10-07T22:33:39.6972476Z [1m[92m  Downloaded[0m atspi v0.29.0
2026-10-07T22:33:39.6989790Z [1m[92m  Downloaded[0m adler32 v1.2.0
2026-10-07T22:33:39.7010619Z [1m[92m  Downloaded[0m arrayref v0.3.9
2026-10-07T22:33:39.7020083Z [1m[92m  Downloaded[0m ashpd v0.13.5
2026-10-07T22:33:39.7074655Z [1m[92m  Downloaded[0m atomic-waker v1.1.2
2026-10-07T22:33:39.7087405Z [1m[92m  Downloaded[0m aes v0.8.4
2026-10-07T22:33:39.7119373Z [1m[92m  Downloaded[0m axum v0.6.20
2026-10-07T22:33:39.7190229Z [1m[92m  Downloaded[0m cranelift-bitset v0.135.1
2026-10-07T22:33:39.7200403Z [1m[92m  Downloaded[0m async-stream v0.3.6
2026-10-07T22:33:39.7221003Z [1m[92m  Downloaded[0m ascii v1.1.0
2026-10-07T22:33:39.7237826Z [1m[92m  Downloaded[0m arrayvec v0.7.6
2026-10-07T22:33:39.7256551Z [1m[92m  Downloaded[0m aws-smithy-runtime-api v1.11.4
2026-10-07T22:33:39.7290086Z [1m[92m  Downloaded[0m addr2line v0.26.1
2026-10-07T22:33:39.7303775Z [1m[92m  Downloaded[0m aligned-vec v0.6.4
2026-10-07T22:33:39.7311420Z [1m[92m  Downloaded[0m cranelift-assembler-x64 v0.135.1
2026-10-07T22:33:39.7324994Z [1m[92m  Downloaded[0m cranelift-assembler-x64-meta v0.135.1
2026-10-07T22:33:39.7363141Z [1m[92m  Downloaded[0m aligned v0.4.3
2026-10-07T22:33:39.7371372Z [1m[92m  Downloaded[0m ambient-authority v0.0.2
2026-10-07T22:33:39.7381832Z [1m[92m  Downloaded[0m as-slice v0.2.1
2026-10-07T22:33:39.7395577Z [1m[92m  Downloaded[0m atoi v2.0.0
2026-10-07T22:33:39.7399362Z [1m[92m  Downloaded[0m alsa-sys v0.3.1
2026-10-07T22:33:39.7408946Z [1m[92m  Downloaded[0m arg_enum_proc_macro v0.3.4
2026-10-07T22:33:39.7417007Z [1m[92m  Downloaded[0m aws-smithy-observability v0.2.5
2026-10-07T22:33:39.7437865Z [1m[92m  Downloaded[0m crash-context v0.8.0
2026-10-07T22:33:39.7455305Z [1m[92m  Downloaded[0m alloca v0.4.0
2026-10-07T22:33:39.7465096Z [1m[92m  Downloaded[0m autocfg v1.5.0
2026-10-07T22:33:39.7479366Z [1m[92m  Downloaded[0m aliasable v0.1.3
2026-10-07T22:33:39.7486501Z [1m[92m  Downloaded[0m atomic v0.5.3
2026-10-07T22:33:39.7493854Z [1m[92m  Downloaded[0m avif-serialize v0.8.6
2026-10-07T22:33:39.7500431Z [1m[92m  Downloaded[0m async-recursion v1.1.1
2026-10-07T22:33:39.7541120Z [1m[92m  Downloaded[0m cranelift-entity v0.135.1
2026-10-07T22:33:39.7554810Z [1m[92m  Downloaded[0m async-broadcast v0.7.2
2026-10-07T22:33:39.7567083Z [1m[92m  Downloaded[0m atspi-proxies v0.13.0
2026-10-07T22:33:39.7583136Z [1m[92m  Downloaded[0m anstyle-query v1.1.4
2026-10-07T22:33:39.7591318Z [1m[92m  Downloaded[0m async-attributes v1.1.2
2026-10-07T22:33:39.7604153Z [1m[92m  Downloaded[0m async-stream-impl v0.3.6
2026-10-07T22:33:39.7611020Z [1m[92m  Downloaded[0m aws-smithy-query v0.60.15
2026-10-07T22:33:39.7616614Z [1m[92m  Downloaded[0m async-dispatcher v0.1.2
2026-10-07T22:33:39.7624594Z [1m[92m  Downloaded[0m asynchronous-codec v0.7.0
2026-10-07T22:33:39.7646100Z [1m[92m  Downloaded[0m cranelift-control v0.135.1
2026-10-07T22:33:39.7654365Z [1m[92m  Downloaded[0m hexf-parse v0.2.1
2026-10-07T22:33:39.7658883Z [1m[92m  Downloaded[0m async-global-executor v2.4.1
2026-10-07T22:33:39.7671109Z [1m[92m  Downloaded[0m cranelift-codegen-meta v0.135.1
2026-10-07T22:33:39.7707932Z [1m[92m  Downloaded[0m cranelift-isle v0.135.1
2026-10-07T22:33:39.7762332Z [1m[92m  Downloaded[0m cranelift-native v0.135.1
2026-10-07T22:33:39.7774405Z [1m[92m  Downloaded[0m anes v0.1.6
2026-10-07T22:33:39.7811005Z [1m[92m  Downloaded[0m anstyle v1.0.13
2026-10-07T22:33:39.7828186Z [1m[92m  Downloaded[0m approx v0.5.1
2026-10-07T22:33:39.7844246Z [1m[92m  Downloaded[0m async-channel v1.9.0
2026-10-07T22:33:39.7862024Z [1m[92m  Downloaded[0m async-signal v0.2.13
2026-10-07T22:33:39.7877862Z [1m[92m  Downloaded[0m aws-smithy-xml v0.60.15
2026-10-07T22:33:39.7896523Z [1m[92m  Downloaded[0m http-range-header v0.3.1
2026-10-07T22:33:39.7910476Z [1m[92m  Downloaded[0m icu_locale_fallback_data v2.3.0
2026-10-07T22:33:39.7922980Z [1m[92m  Downloaded[0m ident_case v1.0.1
2026-10-07T22:33:39.7933787Z [1m[92m  Downloaded[0m include-flate-codegen v0.3.4
2026-10-07T22:33:39.7943571Z [1m[92m  Downloaded[0m inotify-sys v0.1.5
2026-10-07T22:33:39.7957491Z [1m[92m  Downloaded[0m inout v0.1.4
2026-10-07T22:33:39.7971204Z [1m[92m  Downloaded[0m iovec v0.1.4
2026-10-07T22:33:39.7985106Z [1m[92m  Downloaded[0m is_terminal_polyfill v1.70.1
2026-10-07T22:33:39.7994692Z [1m[92m  Downloaded[0m ahash v0.7.8
2026-10-07T22:33:39.8015486Z [1m[92m  Downloaded[0m anstream v0.6.21
2026-10-07T22:33:39.8031623Z [1m[92m  Downloaded[0m anstyle-parse v0.2.7
2026-10-07T22:33:39.8042331Z [1m[92m  Downloaded[0m async-fs v2.2.0
2026-10-07T22:33:39.8049267Z [1m[92m  Downloaded[0m async-trait v0.1.89
2026-10-07T22:33:39.8078392Z [1m[92m  Downloaded[0m async-tungstenite v0.33.0
2026-10-07T22:33:39.8103165Z [1m[92m  Downloaded[0m aws-smithy-async v1.2.14
2026-10-07T22:33:39.8119424Z [1m[92m  Downloaded[0m aws-smithy-eventstream v0.60.20
2026-10-07T22:33:39.8136465Z [1m[92m  Downloaded[0m crc v3.3.0
2026-10-07T22:33:39.8147945Z [1m[92m  Downloaded[0m async-compat v0.2.5
2026-10-07T22:33:39.8159379Z [1m[92m  Downloaded[0m humantime v2.3.0
2026-10-07T22:33:39.8172221Z [1m[92m  Downloaded[0m aws-smithy-checksums v0.64.4
2026-10-07T22:33:39.8181745Z [1m[92m  Downloaded[0m cranelift-frontend v0.135.1
2026-10-07T22:33:39.8204937Z [1m[92m  Downloaded[0m dirs-sys v0.5.0
2026-10-07T22:33:39.8212681Z [1m[92m  Downloaded[0m async-executor v1.13.3
2026-10-07T22:33:39.8227009Z [1m[92m  Downloaded[0m cranelift-codegen-shared v0.135.1
2026-10-07T22:33:39.8232598Z [1m[92m  Downloaded[0m debugid v0.8.0
2026-10-07T22:33:39.8243349Z [1m[92m  Downloaded[0m indoc v2.0.6
2026-10-07T22:33:39.8265239Z [1m[92m  Downloaded[0m is_executable v1.0.5
2026-10-07T22:33:39.8276264Z [1m[92m  Downloaded[0m ahash v0.8.12
2026-10-07T22:33:39.8295001Z [1m[92m  Downloaded[0m any_vec v0.14.0
2026-10-07T22:33:39.8321759Z [1m[92m  Downloaded[0m arbitrary v1.4.2
2026-10-07T22:33:39.8370323Z [1m[92m  Downloaded[0m async-channel v2.5.0
2026-10-07T22:33:39.8385650Z [1m[92m  Downloaded[0m async-lock v3.4.2
2026-10-07T22:33:39.8411839Z [1m[92m  Downloaded[0m async-net v2.0.0
2026-10-07T22:33:39.8429126Z [1m[92m  Downloaded[0m av1-grain v0.2.4
2026-10-07T22:33:39.8457853Z [1m[92m  Downloaded[0m aws-types v1.3.12
2026-10-07T22:33:39.8493646Z [1m[92m  Downloaded[0m linebender_resource_handle v0.1.1
2026-10-07T22:33:39.8495100Z [1m[92m  Downloaded[0m ammonia v4.1.4
2026-10-07T22:33:39.8522133Z [1m[92m  Downloaded[0m annotate-snippets v0.12.12
2026-10-07T22:33:39.8553293Z [1m[92m  Downloaded[0m dirs v6.0.0
2026-10-07T22:33:39.8563678Z [1m[92m  Downloaded[0m darling_macro v0.20.11
2026-10-07T22:33:39.8569972Z [1m[92m  Downloaded[0m dlib v0.5.3
2026-10-07T22:33:39.8578207Z [1m[92m  Downloaded[0m embedded-io v0.6.1
2026-10-07T22:33:39.8587901Z [1m[92m  Downloaded[0m hound v3.5.1
2026-10-07T22:33:39.8611521Z [1m[92m  Downloaded[0m aws-smithy-json v0.62.5
2026-10-07T22:33:39.8624095Z [1m[92m  Downloaded[0m darling_macro v0.23.0
2026-10-07T22:33:39.8629503Z [1m[92m  Downloaded[0m doxygen-rs v0.4.2
2026-10-07T22:33:39.8641447Z [1m[92m  Downloaded[0m arc-swap v1.9.0
2026-10-07T22:33:39.8679519Z [1m[92m  Downloaded[0m async-io v2.6.0
2026-10-07T22:33:39.8709035Z [1m[92m  Downloaded[0m async_zip v0.0.18
2026-10-07T22:33:39.8796077Z [1m[92m  Downloaded[0m ar_archive_writer v0.5.1
2026-10-07T22:33:39.8820903Z [1m[92m  Downloaded[0m aws-runtime v1.7.0
2026-10-07T22:33:39.8863305Z [1m[92m  Downloaded[0m aws-sdk-sso v1.94.0
2026-10-07T22:33:39.8919822Z [1m[92m  Downloaded[0m aws-smithy-http-client v1.1.10
2026-10-07T22:33:39.8953530Z [1m[92m  Downloaded[0m aws-smithy-types v1.4.7
2026-10-07T22:33:39.9004049Z [1m[92m  Downloaded[0m logos-derive v0.15.1
2026-10-07T22:33:39.9011086Z [1m[92m  Downloaded[0m async-compression v0.4.32
2026-10-07T22:33:39.9068388Z [1m[92m  Downloaded[0m jsonwebtoken v10.3.0
2026-10-07T22:33:39.9109079Z [1m[92m  Downloaded[0m lock_api v0.4.14
2026-10-07T22:33:39.9119431Z [1m[92m  Downloaded[0m lyon_path v1.0.16
2026-10-07T22:33:39.9131682Z [1m[92m  Downloaded[0m crunchy v0.2.4
2026-10-07T22:33:39.9139701Z [1m[92m  Downloaded[0m darling_macro v0.21.3
2026-10-07T22:33:39.9144935Z [1m[92m  Downloaded[0m dasp_sample v0.11.0
2026-10-07T22:33:39.9153868Z [1m[92m  Downloaded[0m embedded-io v0.4.0
2026-10-07T22:33:39.9166434Z [1m[92m  Downloaded[0m maybe-owned v0.3.4
2026-10-07T22:33:39.9176379Z [1m[92m  Downloaded[0m crypto-common v0.1.6
2026-10-07T22:33:39.9183595Z [1m[92m  Downloaded[0m ctrlc v3.5.0
2026-10-07T22:33:39.9201372Z [1m[92m  Downloaded[0m dtoa-short v0.3.5
2026-10-07T22:33:39.9208647Z [1m[92m  Downloaded[0m document-features v0.2.12
2026-10-07T22:33:39.9219678Z [1m[92m  Downloaded[0m documented-macros v0.10.0
2026-10-07T22:33:39.9232675Z [1m[92m  Downloaded[0m crc-catalog v2.4.0
2026-10-07T22:33:39.9242410Z [1m[92m  Downloaded[0m cursor-icon v1.2.0
2026-10-07T22:33:39.9256436Z [1m[92m  Downloaded[0m debug-ignore v1.0.5
2026-10-07T22:33:39.9269608Z [1m[92m  Downloaded[0m aws-sigv4 v1.4.0
2026-10-07T22:33:39.9675745Z [1m[92m  Downloaded[0m endi v1.1.0
2026-10-07T22:33:39.9683649Z [1m[92m  Downloaded[0m atspi-common v0.13.0
2026-10-07T22:33:39.9721414Z [1m[92m  Downloaded[0m http v1.3.1
2026-10-07T22:33:39.9749956Z [1m[92m  Downloaded[0m matchers v0.2.0
2026-10-07T22:33:39.9757980Z [1m[92m  Downloaded[0m matchit v0.7.3
2026-10-07T22:33:39.9772601Z [1m[92m  Downloaded[0m merge v0.1.0
2026-10-07T22:33:39.9792405Z [1m[92m  Downloaded[0m multimap v0.8.3
2026-10-07T22:33:39.9799427Z [1m[92m  Downloaded[0m aws-config v1.8.14
2026-10-07T22:33:39.9851024Z [1m[92m  Downloaded[0m aws-sdk-ssooidc v1.96.0
2026-10-07T22:33:39.9915736Z [1m[92m  Downloaded[0m aws-smithy-runtime v1.10.1
2026-10-07T22:33:39.9963121Z [1m[92m  Downloaded[0m aho-corasick v1.1.3
2026-10-07T22:33:40.0009774Z [1m[92m  Downloaded[0m cpal v0.17.1
2026-10-07T22:33:40.0063254Z [1m[92m  Downloaded[0m crossbeam-queue v0.3.12
2026-10-07T22:33:40.0072558Z [1m[92m  Downloaded[0m merge_derive v0.1.0
2026-10-07T22:33:40.0078374Z [1m[92m  Downloaded[0m cssparser-macros v0.6.1
2026-10-07T22:33:40.0083815Z [1m[92m  Downloaded[0m dyn-clone v1.0.20
2026-10-07T22:33:40.0095943Z [1m[92m  Downloaded[0m enumflags2_derive v0.7.12
2026-10-07T22:33:40.0102604Z [1m[92m  Downloaded[0m enumn v0.1.14
2026-10-07T22:33:40.0110948Z [1m[92m  Downloaded[0m dunce v1.0.5
2026-10-07T22:33:40.0117371Z [1m[92m  Downloaded[0m num-iter v0.1.45
2026-10-07T22:33:40.0124051Z [1m[92m  Downloaded[0m partial-json-fixer v0.5.3
2026-10-07T22:33:40.0129780Z [1m[92m  Downloaded[0m no_std_io2 v0.9.4
2026-10-07T22:33:40.0145142Z [1m[92m  Downloaded[0m agent-client-protocol-schema v1.9.1
2026-10-07T22:33:40.0186986Z [1m[92m  Downloaded[0m oorandom v11.1.5
2026-10-07T22:33:40.0194811Z [1m[92m  Downloaded[0m ordered-stream v0.2.0
2026-10-07T22:33:40.0203405Z [1m[92m  Downloaded[0m pbjson-build v0.9.0
2026-10-07T22:33:40.0212375Z [1m[92m  Downloaded[0m aws-sdk-sts v1.98.0
2026-10-07T22:33:40.0306866Z [1m[92m  Downloaded[0m num-integer v0.1.46
2026-10-07T22:33:40.0318608Z [1m[92m  Downloaded[0m async-std v1.13.2
2026-10-07T22:33:40.0501609Z [1m[92m  Downloaded[0m oo7 v0.6.0
2026-10-07T22:33:40.0537180Z [1m[92m  Downloaded[0m proc-macro2-diagnostics v0.10.1
2026-10-07T22:33:40.0549837Z [1m[92m  Downloaded[0m aws-lc-rs v1.17.1
2026-10-07T22:33:40.0624927Z [1m[92m  Downloaded[0m libm v0.2.16
2026-10-07T22:33:40.0704167Z [1m[92m  Downloaded[0m merman v0.8.0-alpha.5
2026-10-07T22:33:40.0772697Z [1m[92m  Downloaded[0m nom v7.1.3
2026-10-07T22:33:40.0808650Z [1m[92m  Downloaded[0m nom v8.0.0
2026-10-07T22:33:40.0845805Z [1m[92m  Downloaded[0m ouroboros v0.18.5
2026-10-07T22:33:40.0851377Z [1m[92m  Downloaded[0m agent-client-protocol v2.2.0
2026-10-07T22:33:40.0917071Z [1m[92m  Downloaded[0m aws-sdk-bedrockruntime v1.125.0
2026-10-07T22:33:40.1147271Z [1m[92m  Downloaded[0m cranelift-srcgen v0.135.1
2026-10-07T22:33:40.1152322Z [1m[92m  Downloaded[0m criterion-plot v0.8.2
2026-10-07T22:33:40.1165044Z [1m[92m  Downloaded[0m cxxbridge-flags v1.0.187
2026-10-07T22:33:40.1170224Z [1m[92m  Downloaded[0m dary_heap v0.3.9
2026-10-07T22:33:40.1177605Z [1m[92m  Downloaded[0m dashmap v6.1.0
2026-10-07T22:33:40.1194422Z [1m[92m  Downloaded[0m data-encoding v2.9.0
2026-10-07T22:33:40.1200984Z [1m[92m  Downloaded[0m deflate64 v0.1.10
2026-10-07T22:33:40.1210079Z [1m[92m  Downloaded[0m dialoguer v0.12.0
2026-10-07T22:33:40.1234024Z [1m[92m  Downloaded[0m documented v0.10.0
2026-10-07T22:33:40.1239055Z [1m[92m  Downloaded[0m downcast-rs v1.2.1
2026-10-07T22:33:40.1247887Z [1m[92m  Downloaded[0m env_filter v0.1.4
2026-10-07T22:33:40.1257131Z [1m[92m  Downloaded[0m lru-slab v0.1.2
2026-10-07T22:33:40.1262486Z [1m[92m  Downloaded[0m moxcms v0.8.1
2026-10-07T22:33:40.1333575Z [1m[92m  Downloaded[0m num-bigint-dig v0.8.6
2026-10-07T22:33:40.1364327Z [1m[92m  Downloaded[0m num-conv v0.2.0
2026-10-07T22:33:40.1369946Z [1m[92m  Downloaded[0m phf v0.11.3
2026-10-07T22:33:40.1378226Z [1m[92m  Downloaded[0m phf_generator v0.11.3
2026-10-07T22:33:40.1385682Z [1m[92m  Downloaded[0m phf_shared v0.11.3
2026-10-07T22:33:40.1391615Z [1m[92m  Downloaded[0m phf_shared v0.13.1
2026-10-07T22:33:40.1397785Z [1m[92m  Downloaded[0m proc-macro-error-attr3 v3.1.1
2026-10-07T22:33:40.1403965Z [1m[92m  Downloaded[0m proc-macro-error3 v3.1.1
2026-10-07T22:33:40.1427838Z [1m[92m  Downloaded[0m crossbeam-deque v0.8.6
2026-10-07T22:33:40.1437035Z [1m[92m  Downloaded[0m darling v0.21.3
2026-10-07T22:33:40.1474949Z [1m[92m  Downloaded[0m digest v0.10.7
2026-10-07T22:33:40.1487556Z [1m[92m  Downloaded[0m dtoa v1.0.10
2026-10-07T22:33:40.1497841Z [1m[92m  Downloaded[0m ec4rs v1.2.0
2026-10-07T22:33:40.1516416Z [1m[92m  Downloaded[0m either v1.15.0
2026-10-07T22:33:40.1526483Z [1m[92m  Downloaded[0m email_address v0.2.9
2026-10-07T22:33:40.1537857Z [1m[92m  Downloaded[0m enumflags2 v0.7.12
2026-10-07T22:33:40.1547029Z [1m[92m  Downloaded[0m hyper-rustls v0.27.9
2026-10-07T22:33:40.1556676Z [1m[92m  Downloaded[0m phf_codegen v0.13.1
2026-10-07T22:33:40.1562682Z [1m[92m  Downloaded[0m phf_generator v0.13.1
2026-10-07T22:33:40.1570418Z [1m[92m  Downloaded[0m phf_macros v0.13.1
2026-10-07T22:33:40.1577832Z [1m[92m  Downloaded[0m pico-args v0.5.0
2026-10-07T22:33:40.1587343Z [1m[92m  Downloaded[0m proc-macro-error-attr v1.0.4
2026-10-07T22:33:40.1593902Z [1m[92m  Downloaded[0m process-backend v0.1.0
2026-10-07T22:33:40.1601917Z [1m[92m  Downloaded[0m rand_chacha v0.3.1
2026-10-07T22:33:40.1609784Z [1m[92m  Downloaded[0m rand_core v0.10.1
2026-10-07T22:33:40.1621061Z [1m[92m  Downloaded[0m phf_macros v0.11.3
2026-10-07T22:33:40.1627634Z [1m[92m  Downloaded[0m derive_setters v0.1.9
2026-10-07T22:33:40.1641534Z [1m[92m  Downloaded[0m pgvector v0.4.1
2026-10-07T22:33:40.1659581Z [1m[92m  Downloaded[0m phf v0.13.1
2026-10-07T22:33:40.1668052Z [1m[92m  Downloaded[0m pin-project v1.1.10
2026-10-07T22:33:40.1766542Z [1m[92m  Downloaded[0m aws-sdk-kinesis v1.100.0
2026-10-07T22:33:40.1990252Z [1m[92m  Downloaded[0m pest_meta v2.8.3
2026-10-07T22:33:40.2006129Z [1m[92m  Downloaded[0m process-reader v0.1.0
2026-10-07T22:33:40.2014568Z [1m[92m  Downloaded[0m profiling v1.0.17
2026-10-07T22:33:40.2023379Z [1m[92m  Downloaded[0m same-file v1.0.6
2026-10-07T22:33:40.2033214Z [1m[92m  Downloaded[0m ash v0.38.0+1.3.281
2026-10-07T22:33:40.2145435Z [1m[92m  Downloaded[0m av-scenechange v0.14.1
2026-10-07T22:33:40.2223796Z [1m[92m  Downloaded[0m procfs-core v0.18.0
2026-10-07T22:33:40.2248989Z [1m[92m  Downloaded[0m rand_distr v0.5.1
2026-10-07T22:33:40.2273230Z [1m[92m  Downloaded[0m rmpv v1.3.0
2026-10-07T22:33:40.2288382Z [1m[92m  Downloaded[0m rtoolbox v0.0.3
2026-10-07T22:33:40.2297293Z [1m[92m  Downloaded[0m rtrb v0.3.2
2026-10-07T22:33:40.2308366Z [1m[92m  Downloaded[0m runtimelib v1.4.0
2026-10-07T22:33:40.2321125Z [1m[92m  Downloaded[0m saa v5.4.9
2026-10-07T22:33:40.2336717Z [1m[92m  Downloaded[0m deranged v0.5.4
2026-10-07T22:33:40.2345642Z [1m[92m  Downloaded[0m regex-lite v0.1.8
2026-10-07T22:33:40.2364834Z [1m[92m  Downloaded[0m roughr-merman v0.12.3
2026-10-07T22:33:40.2378663Z [1m[92m  Downloaded[0m roxmltree v0.20.0
2026-10-07T22:33:40.2470871Z [1m[92m  Downloaded[0m roxmltree v0.21.1
2026-10-07T22:33:40.2565514Z [1m[92m  Downloaded[0m rpassword v7.5.2
2026-10-07T22:33:40.2581745Z [1m[92m  Downloaded[0m rsa v0.9.10
2026-10-07T22:33:40.2618245Z [1m[92m  Downloaded[0m serde_yaml v0.9.34+deprecated
2026-10-07T22:33:40.2641493Z [1m[92m  Downloaded[0m sha-1 v0.10.1
2026-10-07T22:33:40.2651591Z [1m[92m  Downloaded[0m signature v2.2.0
2026-10-07T22:33:40.2661419Z [1m[92m  Downloaded[0m crossbeam-utils v0.8.21
2026-10-07T22:33:40.2679667Z [1m[92m  Downloaded[0m darling v0.23.0
2026-10-07T22:33:40.2718013Z [1m[92m  Downloaded[0m data-url v0.3.2
2026-10-07T22:33:40.2728224Z [1m[92m  Downloaded[0m diff v0.1.13
2026-10-07T22:33:40.2746331Z [1m[92m  Downloaded[0m dotenvy v0.15.7
2026-10-07T22:33:40.2765445Z [1m[92m  Downloaded[0m ecdsa v0.14.8
2026-10-07T22:33:40.2775817Z [1m[92m  Downloaded[0m embed-resource v3.0.6
2026-10-07T22:33:40.2787525Z [1m[92m  Downloaded[0m env_logger v0.10.2
2026-10-07T22:33:40.2807294Z [1m[92m  Downloaded[0m kv-log-macro v1.0.7
2026-10-07T22:33:40.2819678Z [1m[92m  Downloaded[0m lru v0.16.4
2026-10-07T22:33:40.2827549Z [1m[92m  Downloaded[0m object v0.39.1
2026-10-07T22:33:40.2905889Z [1m[92m  Downloaded[0m password-hash v0.4.2
2026-10-07T22:33:40.2918198Z [1m[92m  Downloaded[0m ref-cast-impl v1.0.25
2026-10-07T22:33:40.2923738Z [1m[92m  Downloaded[0m regex v1.12.3
2026-10-07T22:33:40.2960754Z [1m[92m  Downloaded[0m rend v0.4.2
2026-10-07T22:33:40.2969758Z [1m[92m  Downloaded[0m serde_bytes v0.11.19
2026-10-07T22:33:40.2980557Z [1m[92m  Downloaded[0m shell-words v1.1.0
2026-10-07T22:33:40.2986949Z [1m[92m  Downloaded[0m simd_helpers v0.1.0
2026-10-07T22:33:40.2992225Z [1m[92m  Downloaded[0m simdutf8 v0.1.5
2026-10-07T22:33:40.3008514Z [1m[92m  Downloaded[0m smart-default v0.7.1
2026-10-07T22:33:40.3018282Z [1m[92m  Downloaded[0m stacker v0.1.25
2026-10-07T22:33:40.3032202Z [1m[92m  Downloaded[0m stacksafe v1.0.3
2026-10-07T22:33:40.3044717Z [1m[92m  Downloaded[0m peg v0.8.5
2026-10-07T22:33:40.3075919Z [1m[92m  Downloaded[0m sval_buffer v2.15.0
2026-10-07T22:33:40.3084551Z [1m[92m  Downloaded[0m darling v0.20.11
2026-10-07T22:33:40.3120065Z [1m[92m  Downloaded[0m slotmap v1.0.7
2026-10-07T22:33:40.3134881Z [1m[92m  Downloaded[0m sqlx-sqlite v0.8.6
2026-10-07T22:33:40.3167257Z [1m[92m  Downloaded[0m smol_str v0.3.6
2026-10-07T22:33:40.3178422Z [1m[92m  Downloaded[0m tokio-tungstenite v0.20.1
2026-10-07T22:33:40.3192548Z [1m[92m  Downloaded[0m jiff v0.2.15
2026-10-07T22:33:40.3298259Z [1m[92m  Downloaded[0m octocrab v0.49.7
2026-10-07T22:33:40.3544259Z [1m[92m  Downloaded[0m toml_datetime v0.6.11
2026-10-07T22:33:40.3551613Z [1m[92m  Downloaded[0m toml_datetime v0.7.3
2026-10-07T22:33:40.3559793Z [1m[92m  Downloaded[0m toml_write v0.1.2
2026-10-07T22:33:40.3567867Z [1m[92m  Downloaded[0m tracing-tracy v0.11.4
2026-10-07T22:33:40.3575362Z [1m[92m  Downloaded[0m tracy-client v0.18.3
2026-10-07T22:33:40.3587289Z [1m[92m  Downloaded[0m try-lock v0.2.5
2026-10-07T22:33:40.3593428Z [1m[92m  Downloaded[0m uuid-simd v0.8.0
2026-10-07T22:33:40.3601145Z [1m[92m  Downloaded[0m crash-handler v0.8.0
2026-10-07T22:33:40.3621360Z [1m[92m  Downloaded[0m crypto-bigint v0.4.9
2026-10-07T22:33:40.3653154Z [1m[92m  Downloaded[0m cssparser v0.37.0
2026-10-07T22:33:40.3669451Z [1m[92m  Downloaded[0m ctor v1.0.12
2026-10-07T22:33:40.3685876Z [1m[92m  Downloaded[0m diffy v0.4.2
2026-10-07T22:33:40.3700817Z [1m[92m  Downloaded[0m dugong-graphlib v0.8.0-alpha.5
2026-10-07T22:33:40.3716147Z [1m[92m  Downloaded[0m elliptic-curve v0.12.3
2026-10-07T22:33:40.3740310Z [1m[92m  Downloaded[0m sec1 v0.3.0
2026-10-07T22:33:40.3751132Z [1m[92m  Downloaded[0m self_cell v1.2.2
2026-10-07T22:33:40.3758014Z [1m[92m  Downloaded[0m shlex v1.3.0
2026-10-07T22:33:40.3766450Z [1m[92m  Downloaded[0m skrifa v0.37.0
2026-10-07T22:33:40.3829111Z [1m[92m  Downloaded[0m skrifa v0.40.0
2026-10-07T22:33:40.3892155Z [1m[92m  Downloaded[0m sqlx-postgres v0.8.6
2026-10-07T22:33:40.3954214Z [1m[92m  Downloaded[0m sval_dynamic v2.15.0
2026-10-07T22:33:40.3960539Z [1m[92m  Downloaded[0m sval_fmt v2.15.0
2026-10-07T22:33:40.3968636Z [1m[92m  Downloaded[0m sval_json v2.15.0
2026-10-07T22:33:40.3977114Z [1m[92m  Downloaded[0m toml_edit v0.22.27
2026-10-07T22:33:40.4006753Z [1m[92m  Downloaded[0m toml_edit v0.23.7
2026-10-07T22:33:40.4033017Z [1m[92m  Downloaded[0m toml_parser v1.0.4
2026-10-07T22:33:40.4048111Z [1m[92m  Downloaded[0m typenum v1.19.0
2026-10-07T22:33:40.4067203Z [1m[92m  Downloaded[0m value-bag-sval2 v1.12.0
2026-10-07T22:33:40.4072435Z [1m[92m  Downloaded[0m vscode_theme v0.2.0
2026-10-07T22:33:40.4080531Z [1m[92m  Downloaded[0m walkdir v2.5.0
2026-10-07T22:33:40.4094080Z [1m[92m  Downloaded[0m crossbeam-epoch v0.9.18
2026-10-07T22:33:40.4110423Z [1m[92m  Downloaded[0m cssparser v0.36.0
2026-10-07T22:33:40.4126957Z [1m[92m  Downloaded[0m cxxbridge-macro v1.0.187
2026-10-07T22:33:40.4154242Z [1m[92m  Downloaded[0m darling_core v0.20.11
2026-10-07T22:33:40.4190299Z [1m[92m  Downloaded[0m darling_core v0.23.0
2026-10-07T22:33:40.4228841Z [1m[92m  Downloaded[0m der v0.6.1
2026-10-07T22:33:40.4262945Z [1m[92m  Downloaded[0m perf-event2 v0.7.4
2026-10-07T22:33:40.4290785Z [1m[92m  Downloaded[0m smol v2.0.2
2026-10-07T22:33:40.4316878Z [1m[92m  Downloaded[0m sval_nested v2.15.0
2026-10-07T22:33:40.4325780Z [1m[92m  Downloaded[0m sys-locale v0.3.2
2026-10-07T22:33:40.4334787Z [1m[92m  Downloaded[0m thiserror-impl v2.0.17
2026-10-07T22:33:40.4344574Z [1m[92m  Downloaded[0m thread_local v1.1.9
2026-10-07T22:33:40.4354856Z [1m[92m  Downloaded[0m tinytemplate v1.2.1
2026-10-07T22:33:40.4366503Z [1m[92m  Downloaded[0m ttf-parser v0.25.1
2026-10-07T22:33:40.4433213Z [1m[92m  Downloaded[0m urlencoding v2.1.3
2026-10-07T22:33:40.4440271Z [1m[92m  Downloaded[0m wasmtime-internal-fiber v48.0.1
2026-10-07T22:33:40.4454048Z [1m[92m  Downloaded[0m wayland-sys v0.31.11
2026-10-07T22:33:40.4462238Z [1m[92m  Downloaded[0m crypto-bigint v0.5.5
2026-10-07T22:33:40.4513020Z [1m[92m  Downloaded[0m darling_core v0.21.3
2026-10-07T22:33:40.4551725Z [1m[92m  Downloaded[0m libdbus-sys v0.2.6
2026-10-07T22:33:40.4766945Z [1m[92m  Downloaded[0m petgraph v0.8.3
2026-10-07T22:33:40.4910760Z [1m[92m  Downloaded[0m regex-automata v0.4.18
2026-10-07T22:33:40.5008454Z [1m[92m  Downloaded[0m tracy-client-sys v0.27.0
2026-10-07T22:33:40.5075387Z [1m[92m  Downloaded[0m wasm-bindgen-macro v0.2.120
2026-10-07T22:33:40.5081739Z [1m[92m  Downloaded[0m wasm-bindgen-macro-support v0.2.120
2026-10-07T22:33:40.5094670Z [1m[92m  Downloaded[0m wasm-bindgen-shared v0.2.120
2026-10-07T22:33:40.5101452Z [1m[92m  Downloaded[0m wasmprinter v0.254.0
2026-10-07T22:33:40.5113905Z [1m[92m  Downloaded[0m wayland-cursor v0.31.11
2026-10-07T22:33:40.5119741Z [1m[92m  Downloaded[0m wayland-protocols-plasma v0.3.9
2026-10-07T22:33:40.5151570Z [1m[92m  Downloaded[0m bzip2 v0.6.1
2026-10-07T22:33:40.5163409Z [1m[92m  Downloaded[0m der v0.7.10
2026-10-07T22:33:40.5200273Z [1m[92m  Downloaded[0m derive_more v2.1.1
2026-10-07T22:33:40.5292722Z [1m[92m  Downloaded[0m icu_collator v2.3.0
2026-10-07T22:33:40.5400127Z [1m[92m  Downloaded[0m wasmtime-internal-jit-debug v48.0.1
2026-10-07T22:33:40.5407554Z [1m[92m  Downloaded[0m wasmtime-internal-jit-icache-coherence v48.0.1
2026-10-07T22:33:40.5413597Z [1m[92m  Downloaded[0m wayland-protocols v0.32.9
2026-10-07T22:33:40.5471797Z [1m[92m  Downloaded[0m wayland-protocols-wlr v0.3.9
2026-10-07T22:33:40.5486519Z [1m[92m  Downloaded[0m wit-bindgen v0.22.0
2026-10-07T22:33:40.5495471Z [1m[92m  Downloaded[0m wit-bindgen-core v0.22.0
2026-10-07T22:33:40.5501848Z [1m[92m  Downloaded[0m wit-bindgen-rt v0.22.0
2026-10-07T22:33:40.5507593Z [1m[92m  Downloaded[0m wit-bindgen-rust v0.22.0
2026-10-07T22:33:40.5517006Z [1m[92m  Downloaded[0m wit-bindgen-rust-macro v0.22.0
2026-10-07T22:33:40.5521714Z [1m[92m  Downloaded[0m wit-component v0.201.0
2026-10-07T22:33:40.5853145Z [1m[92m  Downloaded[0m write16 v1.0.0
2026-10-07T22:33:40.5859158Z [1m[92m  Downloaded[0m bytes-utils v0.1.4
2026-10-07T22:33:40.5870237Z [1m[92m  Downloaded[0m bzip2 v0.4.4
2026-10-07T22:33:40.5881869Z [1m[92m  Downloaded[0m extended v0.1.0
2026-10-07T22:33:40.5886909Z [1m[92m  Downloaded[0m float-cmp v0.9.0
2026-10-07T22:33:40.5894618Z [1m[92m  Downloaded[0m c-enum v0.2.3
2026-10-07T22:33:40.5904253Z [1m[92m  Downloaded[0m cached_proc_macro v0.25.0
2026-10-07T22:33:40.5911042Z [1m[92m  Downloaded[0m errno v0.3.14
2026-10-07T22:33:40.5921279Z [1m[92m  Downloaded[0m jsonschema-regex v0.51.0
2026-10-07T22:33:40.5926704Z [1m[92m  Downloaded[0m exec v0.3.1
2026-10-07T22:33:40.5933397Z [1m[92m  Downloaded[0m float_next_after v1.0.0
2026-10-07T22:33:40.5939912Z [1m[92m  Downloaded[0m hash32 v0.3.1
2026-10-07T22:33:40.5949515Z [1m[92m  Downloaded[0m wayland-scanner v0.31.7
2026-10-07T22:33:40.5963568Z [1m[92m  Downloaded[0m failspot v0.2.0
2026-10-07T22:33:40.5969682Z [1m[92m  Downloaded[0m tiny-skia-path v0.11.4
2026-10-07T22:33:40.5983107Z [1m[92m  Downloaded[0m unicode-linebreak v0.1.5
2026-10-07T22:33:40.5989116Z [1m[92m  Downloaded[0m criterion v0.8.2
2026-10-07T22:33:40.6042484Z [1m[92m  Downloaded[0m crossbeam-channel v0.5.15
2026-10-07T22:33:40.6070084Z [1m[92m  Downloaded[0m cxx-build v1.0.187
2026-10-07T22:33:40.6113693Z [1m[92m  Downloaded[0m dbus v0.9.9
2026-10-07T22:33:40.6142487Z [1m[92m  Downloaded[0m derive_more-impl v2.1.1
2026-10-07T22:33:40.6178971Z [1m[92m  Downloaded[0m elasticlunr-rs v3.0.2
2026-10-07T22:33:40.6223064Z [1m[92m  Downloaded[0m emojis v0.9.0
2026-10-07T22:33:40.6248873Z [1m[92m  Downloaded[0m kurbo v0.13.1
2026-10-07T22:33:40.6284127Z [1m[92m  Downloaded[0m mio v0.8.11
2026-10-07T22:33:40.6324063Z [1m[92m  Downloaded[0m rayon-core v1.13.0
2026-10-07T22:33:40.6349611Z [1m[92m  Downloaded[0m selectors v0.37.0
2026-10-07T22:33:40.6365536Z [1m[92m  Downloaded[0m sysinfo v0.31.4
2026-10-07T22:33:40.6434864Z [1m[92m  Downloaded[0m tiny_http v0.12.0
2026-10-07T22:33:40.6461278Z [1m[92m  Downloaded[0m toml v0.5.11
2026-10-07T22:33:40.6476540Z [1m[92m  Downloaded[0m ucd-trie v0.1.7
2026-10-07T22:33:40.6486074Z [1m[92m  Downloaded[0m unicode-general-category v1.1.0
2026-10-07T22:33:40.6496848Z [1m[92m  Downloaded[0m unicode-normalization v0.1.25
2026-10-07T22:33:40.6520682Z [1m[92m  Downloaded[0m unicode-properties v0.1.3
2026-10-07T22:33:40.6533033Z [1m[92m  Downloaded[0m wyz v0.5.1
2026-10-07T22:33:40.6541094Z [1m[92m  Downloaded[0m xattr v1.6.1
2026-10-07T22:33:40.6554290Z [1m[92m  Downloaded[0m xcursor v0.3.10
2026-10-07T22:33:40.6559752Z [1m[92m  Downloaded[0m xkbcommon v0.8.0
2026-10-07T22:33:40.6574462Z [1m[92m  Downloaded[0m xmlparser v0.13.6
2026-10-07T22:33:40.6590673Z [1m[92m  Downloaded[0m xmlwriter v0.1.0
2026-10-07T22:33:40.6597462Z [1m[92m  Downloaded[0m xxhash-rust v0.8.15
2026-10-07T22:33:40.6608948Z [1m[92m  Downloaded[0m cached_proc_macro_types v0.1.1
2026-10-07T22:33:40.6613488Z [1m[92m  Downloaded[0m calloop-wayland-source v0.4.1
2026-10-07T22:33:40.6621291Z [1m[92m  Downloaded[0m cap-fs-ext v4.0.3
2026-10-07T22:33:40.6631914Z [1m[92m  Downloaded[0m cap-std v4.0.3
2026-10-07T22:33:40.6652539Z [1m[92m  Downloaded[0m crc-fast v1.9.0
2026-10-07T22:33:40.6716082Z [1m[92m  Downloaded[0m cxx v1.0.187
2026-10-07T22:33:40.6856798Z [1m[92m  Downloaded[0m dugong v0.8.0-alpha.5
2026-10-07T22:33:40.6904694Z [1m[92m  Downloaded[0m pciid-parser v0.8.0
2026-10-07T22:33:40.6939676Z [1m[92m  Downloaded[0m regex-syntax v0.8.11
2026-10-07T22:33:40.6986225Z [1m[92m  Downloaded[0m sysinfo v0.39.6
2026-10-07T22:33:40.7071597Z [1m[92m  Downloaded[0m x11 v2.21.0
2026-10-07T22:33:40.7093738Z [1m[92m  Downloaded[0m xml5ever v0.39.0
2026-10-07T22:33:40.7110512Z [1m[92m  Downloaded[0m camino v1.2.6
2026-10-07T22:33:40.7121455Z [1m[92m  Downloaded[0m cap-primitives v4.0.3
2026-10-07T22:33:40.7200152Z [1m[92m  Downloaded[0m event-listener v2.5.3
2026-10-07T22:33:40.7208355Z [1m[92m  Downloaded[0m x11rb v0.13.2
2026-10-07T22:33:40.7264691Z [1m[92m  Downloaded[0m xcb v1.6.0
2026-10-07T22:33:40.7320744Z [1m[92m  Downloaded[0m headers-core v0.2.0
2026-10-07T22:33:40.7325331Z [1m[92m  Downloaded[0m x11rb-protocol v0.13.2
2026-10-07T22:33:40.7410680Z [1m[92m  Downloaded[0m cargo-platform v0.1.9
2026-10-07T22:33:40.7418822Z [1m[92m  Downloaded[0m hex v0.4.3
2026-10-07T22:33:40.7429577Z [1m[92m  Downloaded[0m leb128 v0.2.5
2026-10-07T22:33:40.7438663Z [1m[92m  Downloaded[0m lebe v0.5.3
2026-10-07T22:33:40.7446906Z [1m[92m  Downloaded[0m nanoid v0.4.0
2026-10-07T22:33:40.7453390Z [1m[92m  Downloaded[0m num_cpus v1.17.0
2026-10-07T22:33:40.7475767Z [1m[92m  Downloaded[0m cargo-platform v0.3.2
2026-10-07T22:33:40.7483729Z [1m[92m  Downloaded[0m cargo_metadata v0.19.2
2026-10-07T22:33:40.7496352Z [1m[92m  Downloaded[0m cargo_metadata v0.23.1
2026-10-07T22:33:40.7508604Z [1m[92m  Downloaded[0m gethostname v1.1.0
2026-10-07T22:33:40.7515537Z [1m[92m  Downloaded[0m getrandom v0.2.16
2026-10-07T22:33:40.7535508Z [1m[92m  Downloaded[0m headers v0.3.9
2026-10-07T22:33:40.7576761Z [1m[92m  Downloaded[0m heck v0.4.1
2026-10-07T22:33:40.7585465Z [1m[92m  Downloaded[0m heed-traits v0.20.0
2026-10-07T22:33:40.7589467Z [1m[92m  Downloaded[0m heed-types v0.21.0
2026-10-07T22:33:40.7597095Z [1m[92m  Downloaded[0m jupyter-protocol v1.4.0
2026-10-07T22:33:40.7607954Z [1m[92m  Downloaded[0m jupyter-websocket-client v1.1.0
2026-10-07T22:33:40.7615571Z [1m[92m  Downloaded[0m khronos-egl v6.0.0
2026-10-07T22:33:40.7628249Z [1m[92m  Downloaded[0m lalrpop-util v0.23.1
2026-10-07T22:33:40.7635698Z [1m[92m  Downloaded[0m lazy_static v1.5.0
2026-10-07T22:33:40.7647921Z [1m[92m  Downloaded[0m parking_lot_core v0.9.12
2026-10-07T22:33:40.7662169Z [1m[92m  Downloaded[0m pathdiff v0.2.3
2026-10-07T22:33:40.7668469Z [1m[92m  Downloaded[0m cranelift-codegen v0.135.1
2026-10-07T22:33:40.7874977Z [1m[92m  Downloaded[0m float-ord v0.3.2
2026-10-07T22:33:40.7881525Z [1m[92m  Downloaded[0m generic-array v0.14.7
2026-10-07T22:33:40.7890959Z [1m[92m  Downloaded[0m new_debug_unreachable v1.0.6
2026-10-07T22:33:40.7897810Z [1m[92m  Downloaded[0m fixedbitset v0.5.7
2026-10-07T22:33:40.7910798Z [1m[92m  Downloaded[0m pathfinder_geometry v0.5.1
2026-10-07T22:33:40.7918346Z [1m[92m  Downloaded[0m heed v0.21.0
2026-10-07T22:33:40.7938086Z [1m[92m  Downloaded[0m parse_int v0.9.0
2026-10-07T22:33:40.7943726Z [1m[92m  Downloaded[0m paste v1.0.15
2026-10-07T22:33:40.7965891Z [1m[92m  Downloaded[0m pathfinder_simd v0.5.6
2026-10-07T22:33:40.7978760Z [1m[92m  Downloaded[0m xkeysym v0.2.1
2026-10-07T22:33:40.7997894Z [1m[92m  Downloaded[0m heapless v0.9.2
2026-10-07T22:33:40.8032593Z [1m[92m  Downloaded[0m pastey v0.1.1
2026-10-07T22:33:40.8044513Z [1m[92m  Downloaded[0m protobuf-support v3.7.2
2026-10-07T22:33:40.8055301Z [1m[92m  Downloaded[0m ptr_meta v0.1.4
2026-10-07T22:33:40.8060731Z [1m[92m  Downloaded[0m ptr_meta_derive v0.1.4
2026-10-07T22:33:40.8065116Z [1m[92m  Downloaded[0m scoped-tls v1.0.1
2026-10-07T22:33:40.8071624Z [1m[92m  Downloaded[0m scopeguard v1.2.0
2026-10-07T22:33:40.8079800Z [1m[92m  Downloaded[0m scroll_derive v0.12.1
2026-10-07T22:33:40.8084875Z [1m[92m  Downloaded[0m strum v0.26.3
2026-10-07T22:33:40.8090028Z [1m[92m  Downloaded[0m strum v0.28.0
2026-10-07T22:33:40.8095716Z [1m[92m  Downloaded[0m prost-build v0.14.4
2026-10-07T22:33:40.8120190Z [1m[92m  Downloaded[0m prost-derive v0.14.4
2026-10-07T22:33:40.8129097Z [1m[92m  Downloaded[0m protox v0.9.1
2026-10-07T22:33:40.8156632Z [1m[92m  Downloaded[0m proxyvars v0.2.0
2026-10-07T22:33:40.8163637Z [1m[92m  Downloaded[0m psm v0.1.30
2026-10-07T22:33:40.8184976Z [1m[92m  Downloaded[0m scroll v0.12.0
2026-10-07T22:33:40.8194346Z [1m[92m  Downloaded[0m wit-parser v0.201.0
2026-10-07T22:33:40.8391831Z [1m[92m  Downloaded[0m nix v0.30.1
2026-10-07T22:33:40.8472128Z [1m[92m  Downloaded[0m prost-types v0.14.4
2026-10-07T22:33:40.8484091Z [1m[92m  Downloaded[0m protox-parse v0.9.0
2026-10-07T22:33:40.8498669Z [1m[92m  Downloaded[0m sdd v4.6.2
2026-10-07T22:33:40.8516589Z [1m[92m  Downloaded[0m sea-bae v0.2.2
2026-10-07T22:33:40.8522573Z [1m[92m  Downloaded[0m sea-orm-macros v1.1.10
2026-10-07T22:33:40.8543834Z [1m[92m  Downloaded[0m encoding_rs v0.8.35
2026-10-07T22:33:40.8680256Z [1m[92m  Downloaded[0m prost-reflect v0.16.5
2026-10-07T22:33:40.8794631Z [1m[92m  Downloaded[0m protobuf v3.7.2
2026-10-07T22:33:40.8871492Z [1m[92m  Downloaded[0m pulldown-cmark v0.10.3
2026-10-07T22:33:40.8904610Z [1m[92m  Downloaded[0m wasmtime-internal-versioned-export-macros v48.0.1
2026-10-07T22:33:40.8908928Z [1m[92m  Downloaded[0m web_atoms v0.2.6
2026-10-07T22:33:40.8916356Z [1m[92m  Downloaded[0m wgpu-naga-bridge v29.0.4
2026-10-07T22:33:40.8921685Z [1m[92m  Downloaded[0m precomputed-hash v0.1.1
2026-10-07T22:33:40.8925943Z [1m[92m  Downloaded[0m wgpu-core-deps-windows-linux-android v29.0.4
2026-10-07T22:33:40.8931798Z [1m[92m  Downloaded[0m stacksafe-macro v1.0.3
2026-10-07T22:33:40.8936408Z [1m[92m  Downloaded[0m page_size v0.6.0
2026-10-07T22:33:40.8943224Z [1m[92m  Downloaded[0m proc-macro-crate v3.4.0
2026-10-07T22:33:40.8952265Z [1m[92m  Downloaded[0m profiling-procmacros v1.0.17
2026-10-07T22:33:40.8956857Z [1m[92m  Downloaded[0m futures-lite v2.6.1
2026-10-07T22:33:40.8968568Z [1m[92m  Downloaded[0m gaoya v0.2.0
2026-10-07T22:33:40.8984425Z [1m[92m  Downloaded[0m hashlink v0.8.4
2026-10-07T22:33:40.8996353Z [1m[92m  Downloaded[0m hashlink v0.10.0
2026-10-07T22:33:40.9008431Z [1m[92m  Downloaded[0m num-rational v0.4.2
2026-10-07T22:33:40.9017119Z [1m[92m  Downloaded[0m parking v2.2.1
2026-10-07T22:33:40.9024580Z [1m[92m  Downloaded[0m strict-num v0.1.1
2026-10-07T22:33:40.9031232Z [1m[92m  Downloaded[0m string_cache_codegen v0.6.1
2026-10-07T22:33:40.9043514Z [1m[92m  Downloaded[0m tinyvec_macros v0.1.1
2026-10-07T22:33:40.9052631Z [1m[92m  Downloaded[0m tokio-macros v2.7.0
2026-10-07T22:33:40.9060760Z [1m[92m  Downloaded[0m unindent v0.2.4
2026-10-07T22:33:40.9067498Z [1m[92m  Downloaded[0m version-compare v0.2.0
2026-10-07T22:33:40.9077682Z [1m[92m  Downloaded[0m wait-timeout v0.2.1
2026-10-07T22:33:40.9089671Z [1m[92m  Downloaded[0m fluent-uri v0.4.1
2026-10-07T22:33:40.9112241Z [1m[92m  Downloaded[0m jobserver v0.1.34
2026-10-07T22:33:40.9148964Z [1m[92m  Downloaded[0m open v5.3.2
2026-10-07T22:33:40.9345028Z [1m[92m  Downloaded[0m outref v0.5.2
2026-10-07T22:33:40.9353501Z [1m[92m  Downloaded[0m time-core v0.1.8
2026-10-07T22:33:40.9439548Z [1m[92m  Downloaded[0m whoami v1.6.1
2026-10-07T22:33:40.9853396Z [1m[92m  Downloaded[0m y4m v0.8.0
2026-10-07T22:33:40.9856328Z [1m[92m  Downloaded[0m futures-lite v1.13.0
2026-10-07T22:33:40.9870034Z [1m[92m  Downloaded[0m nucleo v0.5.0
2026-10-07T22:33:40.9880831Z [1m[92m  Downloaded[0m num-traits v0.2.19
2026-10-07T22:33:40.9899018Z [1m[92m  Downloaded[0m palette_derive v0.7.6
2026-10-07T22:33:40.9910990Z [1m[92m  Downloaded[0m parking_lot v0.12.5
2026-10-07T22:33:40.9927957Z [1m[92m  Downloaded[0m ppv-lite86 v0.2.21
2026-10-07T22:33:40.9937656Z [1m[92m  Downloaded[0m presser v0.3.1
2026-10-07T22:33:40.9951246Z [1m[92m  Downloaded[0m proc-macro-error v1.0.4
2026-10-07T22:33:40.9975440Z [1m[92m  Downloaded[0m prost v0.14.4
2026-10-07T22:33:40.9987300Z [1m[92m  Downloaded[0m schemars_derive v1.0.4
2026-10-07T22:33:41.0000549Z [1m[92m  Downloaded[0m static_assertions v1.1.0
2026-10-07T22:33:41.0010144Z [1m[92m  Downloaded[0m streaming-iterator v0.1.9
2026-10-07T22:33:41.0018199Z [1m[92m  Downloaded[0m string_cache v0.9.0
2026-10-07T22:33:41.0028547Z [1m[92m  Downloaded[0m stringprep v0.1.5
2026-10-07T22:33:41.0039991Z [1m[92m  Downloaded[0m strsim v0.11.1
2026-10-07T22:33:41.0050243Z [1m[92m  Downloaded[0m time-macros v0.2.27
2026-10-07T22:33:41.0068277Z [1m[92m  Downloaded[0m tiny-keccak v2.0.2
2026-10-07T22:33:41.0084233Z [1m[92m  Downloaded[0m tokio-io v0.1.13
2026-10-07T22:33:41.0104803Z [1m[92m  Downloaded[0m tokio-native-tls v0.3.1
2026-10-07T22:33:41.0116636Z [1m[92m  Downloaded[0m tokio-socks v0.5.2
2026-10-07T22:33:41.0137985Z [1m[92m  Downloaded[0m tokio-stream v0.1.17
2026-10-07T22:33:41.0170870Z [1m[92m  Downloaded[0m tokio-tungstenite v0.21.0
2026-10-07T22:33:41.0185102Z [1m[92m  Downloaded[0m tokio-tungstenite v0.28.0
2026-10-07T22:33:41.0198670Z [1m[92m  Downloaded[0m vte v0.15.0
2026-10-07T22:33:41.0213279Z [1m[92m  Downloaded[0m wasm-metadata v0.254.0
2026-10-07T22:33:41.0230092Z [1m[92m  Downloaded[0m web-time v1.1.0
2026-10-07T22:33:41.0241598Z [1m[92m  Downloaded[0m weezl v0.1.10
2026-10-07T22:33:41.0259047Z [1m[92m  Downloaded[0m which v8.0.5
2026-10-07T22:33:41.0272096Z [1m[92m  Downloaded[0m cached v0.56.0
2026-10-07T22:33:41.0297159Z [1m[92m  Downloaded[0m flume v0.11.1
2026-10-07T22:33:41.0320766Z [1m[92m  Downloaded[0m futures-concurrency v7.7.1
2026-10-07T22:33:41.0380323Z [1m[92m  Downloaded[0m futures-intrusive v0.5.0
2026-10-07T22:33:41.0410890Z [1m[92m  Downloaded[0m json5 v1.3.1
2026-10-07T22:33:41.0428350Z [1m[92m  Downloaded[0m jsonschema-value v0.51.0
2026-10-07T22:33:41.0441333Z [1m[92m  Downloaded[0m nucleo-matcher v0.3.1
2026-10-07T22:33:41.0456533Z [1m[92m  Downloaded[0m p256 v0.11.1
2026-10-07T22:33:41.0477543Z [1m[92m  Downloaded[0m pretty_assertions v1.4.1
2026-10-07T22:33:41.0489478Z [1m[92m  Downloaded[0m proptest-derive v0.8.0
2026-10-07T22:33:41.0527852Z [1m[92m  Downloaded[0m ryu v1.0.23
2026-10-07T22:33:41.0550760Z [1m[92m  Downloaded[0m ryu-js v1.0.2
2026-10-07T22:33:41.0582197Z [1m[92m  Downloaded[0m schemars v0.9.0
2026-10-07T22:33:41.0687247Z [1m[92m  Downloaded[0m schemars v1.0.4
2026-10-07T22:33:41.0805038Z [1m[92m  Downloaded[0m sqlx-mysql v0.8.6
2026-10-07T22:33:41.0846775Z [1m[92m  Downloaded[0m tinyvec v1.10.0
2026-10-07T22:33:41.0864757Z [1m[92m  Downloaded[0m tokio-rustls v0.26.4
2026-10-07T22:33:41.0879159Z [1m[92m  Downloaded[0m unicode_categories v0.1.1
2026-10-07T22:33:41.0890972Z [1m[92m  Downloaded[0m wit-parser v0.254.0
2026-10-07T22:33:41.1185827Z [1m[92m  Downloaded[0m yeslogic-fontconfig-sys v6.0.0
2026-10-07T22:33:41.1191573Z [1m[92m  Downloaded[0m cbc v0.1.2
2026-10-07T22:33:41.1202361Z [1m[92m  Downloaded[0m command-fds v0.3.2
2026-10-07T22:33:41.1212489Z [1m[92m  Downloaded[0m compression-core v0.4.29
2026-10-07T22:33:41.1218873Z [1m[92m  Downloaded[0m const-random v0.1.18
2026-10-07T22:33:41.1226569Z [1m[92m  Downloaded[0m fs-set-times v0.20.3
2026-10-07T22:33:41.1236511Z [1m[92m  Downloaded[0m glib-macros v0.21.5
2026-10-07T22:33:41.1258688Z [1m[92m  Downloaded[0m handlebars v5.1.2
2026-10-07T22:33:41.1308645Z [1m[92m  Downloaded[0m hashbrown v0.12.3
2026-10-07T22:33:41.1335118Z [1m[92m  Downloaded[0m hashbrown v0.16.1
2026-10-07T22:33:41.1370535Z [1m[92m  Downloaded[0m itertools v0.14.0
2026-10-07T22:33:41.1419517Z [1m[92m  Downloaded[0m itertools v0.15.0
2026-10-07T22:33:41.1469975Z [1m[92m  Downloaded[0m markup5ever v0.39.0
2026-10-07T22:33:41.1478456Z [1m[92m  Downloaded[0m prometheus v0.14.0
2026-10-07T22:33:41.1512975Z [1m[92m  Downloaded[0m scc v3.5.6
2026-10-07T22:33:41.1541174Z [1m[92m  Downloaded[0m wasmtime-internal-wit-bindgen v48.0.1
2026-10-07T22:33:41.1551136Z [1m[92m  Downloaded[0m wit-component v0.254.0
2026-10-07T22:33:41.1987077Z [1m[92m  Downloaded[0m yansi v1.0.1
2026-10-07T22:33:41.2003496Z [1m[92m  Downloaded[0m yazi v0.2.1
2026-10-07T22:33:41.2013249Z [1m[92m  Downloaded[0m aws-sdk-s3 v1.123.0
2026-10-07T22:33:41.2735145Z [1m[92m  Downloaded[0m cast v0.3.0
2026-10-07T22:33:41.2743163Z [1m[92m  Downloaded[0m color_quant v1.1.0
2026-10-07T22:33:41.2750059Z [1m[92m  Downloaded[0m colorchoice v1.0.4
2026-10-07T22:33:41.2756982Z [1m[92m  Downloaded[0m const-oid v0.9.6
2026-10-07T22:33:41.2770340Z [1m[92m  Downloaded[0m const-random-macro v0.1.16
2026-10-07T22:33:41.2776407Z [1m[92m  Downloaded[0m exr v1.74.0
2026-10-07T22:33:41.2838913Z [1m[92m  Downloaded[0m glob v0.3.3
2026-10-07T22:33:41.2849401Z [1m[92m  Downloaded[0m globset v0.4.17
2026-10-07T22:33:41.2859482Z [1m[92m  Downloaded[0m hashbrown v0.14.5
2026-10-07T22:33:41.2892203Z [1m[92m  Downloaded[0m maplit v1.0.2
2026-10-07T22:33:41.2899421Z [1m[92m  Downloaded[0m memfd v0.6.5
2026-10-07T22:33:41.2909954Z [1m[92m  Downloaded[0m memmap2 v0.9.8
2026-10-07T22:33:41.2921787Z [1m[92m  Downloaded[0m palette v0.7.6
2026-10-07T22:33:41.3000403Z [1m[92m  Downloaded[0m polycool v0.4.0
2026-10-07T22:33:41.3011890Z [1m[92m  Downloaded[0m rustybuzz v0.20.1
2026-10-07T22:33:41.3079052Z [1m[92m  Downloaded[0m tiny-skia v0.11.4
2026-10-07T22:33:41.3175157Z [1m[92m  Downloaded[0m unicode-width v0.2.2
2026-10-07T22:33:41.3213120Z [1m[92m  Downloaded[0m wasmtime-c-api-impl v48.0.1
2026-10-07T22:33:41.3305711Z [1m[92m  Downloaded[0m wasmtime-environ v48.0.1
2026-10-07T22:33:41.3364403Z [1m[92m  Downloaded[0m zbus-lockstep v0.5.2
2026-10-07T22:33:41.3371338Z [1m[92m  Downloaded[0m zbus-lockstep-macros v0.5.2
2026-10-07T22:33:41.3376845Z [1m[92m  Downloaded[0m zbus_macros v5.13.2
2026-10-07T22:33:41.3387414Z [1m[92m  Downloaded[0m cargo_toml v0.21.0
2026-10-07T22:33:41.3396395Z [1m[92m  Downloaded[0m compression-codecs v0.4.31
2026-10-07T22:33:41.3422924Z [1m[92m  Downloaded[0m font-types v0.10.0
2026-10-07T22:33:41.3435007Z [1m[92m  Downloaded[0m font-types v0.11.0
2026-10-07T22:33:41.3446855Z [1m[92m  Downloaded[0m glib-sys v0.21.5
2026-10-07T22:33:41.3461341Z [1m[92m  Downloaded[0m gobject-sys v0.21.5
2026-10-07T22:33:41.3471302Z [1m[92m  Downloaded[0m gpu-allocator v0.28.0
2026-10-07T22:33:41.3491082Z [1m[92m  Downloaded[0m hdrhistogram v7.5.4
2026-10-07T22:33:41.3540263Z [1m[92m  Downloaded[0m hmac v0.12.1
2026-10-07T22:33:41.3554158Z [1m[92m  Downloaded[0m home v0.5.11
2026-10-07T22:33:41.3560648Z [1m[92m  Downloaded[0m indexmap v1.9.3
2026-10-07T22:33:41.3582545Z [1m[92m  Downloaded[0m inherent v1.0.13
2026-10-07T22:33:41.3596116Z [1m[92m  Downloaded[0m inotify v0.9.6
2026-10-07T22:33:41.3609236Z [1m[92m  Downloaded[0m inotify v0.11.0
2026-10-07T22:33:41.3623059Z [1m[92m  Downloaded[0m inventory v0.3.21
2026-10-07T22:33:41.3638400Z [1m[92m  Downloaded[0m io-extras v0.19.0
2026-10-07T22:33:41.3653862Z [1m[92m  Downloaded[0m io-lifetimes v2.0.4
2026-10-07T22:33:41.3665477Z [1m[92m  Downloaded[0m io-lifetimes v3.0.1
2026-10-07T22:33:41.3676754Z [1m[92m  Downloaded[0m ouroboros_macro v0.18.5
2026-10-07T22:33:41.3689548Z [1m[92m  Downloaded[0m wgpu-types v29.0.4
2026-10-07T22:33:41.3715163Z [1m[92m  Downloaded[0m yaml-rust2 v0.8.1
2026-10-07T22:33:41.3924072Z [1m[92m  Downloaded[0m yawc v0.4.2
2026-10-07T22:33:41.3947159Z [1m[92m  Downloaded[0m concurrent-queue v2.5.0
2026-10-07T22:33:41.3958691Z [1m[92m  Downloaded[0m glib v0.21.5
2026-10-07T22:33:41.4042957Z [1m[92m  Downloaded[0m html5ever v0.39.0
2026-10-07T22:33:41.4067781Z [1m[92m  Downloaded[0m mime v0.3.17
2026-10-07T22:33:41.4076871Z [1m[92m  Downloaded[0m option-ext v0.2.0
2026-10-07T22:33:41.4082412Z [1m[92m  Downloaded[0m cc v1.4.3
2026-10-07T22:33:41.4103888Z [1m[92m  Downloaded[0m openssl-probe v0.2.1
2026-10-07T22:33:41.4111917Z [1m[92m  Downloaded[0m powerfmt v0.2.0
2026-10-07T22:33:41.4119564Z [1m[92m  Downloaded[0m signature v1.6.4
2026-10-07T22:33:41.4129059Z [1m[92m  Downloaded[0m gpu-descriptor v0.3.2
2026-10-07T22:33:41.4134608Z [1m[92m  Downloaded[0m ordered-float v5.5.0
2026-10-07T22:33:41.4146255Z [1m[92m  Downloaded[0m pulley-macros v48.0.1
2026-10-07T22:33:41.4150845Z [1m[92m  Downloaded[0m webpki-roots v1.0.8
2026-10-07T22:33:41.4171693Z [1m[92m  Downloaded[0m wgpu v29.0.4
2026-10-07T22:33:41.4275471Z [1m[92m  Downloaded[0m winnow v0.7.13
2026-10-07T22:33:41.4339001Z [1m[92m  Downloaded[0m winnow v1.0.2
2026-10-07T22:33:41.4406348Z [1m[92m  Downloaded[0m console v0.16.3
2026-10-07T22:33:41.4418047Z [1m[92m  Downloaded[0m flume v0.12.0
2026-10-07T22:33:41.4441369Z [1m[92m  Downloaded[0m futures v0.1.31
2026-10-07T22:33:41.4514670Z [1m[92m  Downloaded[0m native-tls v0.2.18
2026-10-07T22:33:41.4525023Z [1m[92m  Downloaded[0m pori v0.0.0
2026-10-07T22:33:41.4532036Z [1m[92m  Downloaded[0m raw-window-handle v0.6.2
2026-10-07T22:33:41.4544358Z [1m[92m  Downloaded[0m serde_with_macros v3.22.0
2026-10-07T22:33:41.4557219Z [1m[92m  Downloaded[0m serde_yaml_ng v0.10.0
2026-10-07T22:33:41.4579924Z [1m[92m  Downloaded[0m servo_arc v0.4.3
2026-10-07T22:33:41.4585556Z [1m[92m  Downloaded[0m simplecss v0.2.2
2026-10-07T22:33:41.4597698Z [1m[92m  Downloaded[0m tree-sitter-json v0.24.8
2026-10-07T22:33:41.4608043Z [1m[92m  Downloaded[0m glow v0.17.0
2026-10-07T22:33:41.4639716Z [1m[92m  Downloaded[0m goblin v0.9.3
2026-10-07T22:33:41.4682323Z [1m[92m  Downloaded[0m zbus v5.13.2
2026-10-07T22:33:41.4747661Z [1m[92m  Downloaded[0m webpki-roots v0.26.8
2026-10-07T22:33:41.4770847Z [1m[92m  Downloaded[0m svg_fmt v0.4.5
2026-10-07T22:33:41.4776949Z [1m[92m  Downloaded[0m gimli v0.32.3
2026-10-07T22:33:41.4824713Z [1m[92m  Downloaded[0m hkdf v0.12.4
2026-10-07T22:33:41.4840460Z [1m[92m  Downloaded[0m wgpu-core v29.0.4
2026-10-07T22:33:41.4905137Z [1m[92m  Downloaded[0m openssl-macros v0.1.1
2026-10-07T22:33:41.4910735Z [1m[92m  Downloaded[0m pulldown-cmark-escape v0.10.1
2026-10-07T22:33:41.4915190Z [1m[92m  Downloaded[0m wgpu-hal v29.0.4
2026-10-07T22:33:41.4990729Z [1m[92m  Downloaded[0m num-complex v0.4.6
2026-10-07T22:33:41.5000523Z [1m[92m  Downloaded[0m optfield v0.4.0
2026-10-07T22:33:41.5014219Z [1m[92m  Downloaded[0m rustix-linux-procfs v0.1.1
2026-10-07T22:33:41.5021884Z [1m[92m  Downloaded[0m rustversion v1.0.22
2026-10-07T22:33:41.5041190Z [1m[92m  Downloaded[0m symphonia-codec-pcm v0.5.5
2026-10-07T22:33:41.5046274Z [1m[92m  Downloaded[0m ordered-float v4.6.0
2026-10-07T22:33:41.5056112Z [1m[92m  Downloaded[0m pbjson v0.9.0
2026-10-07T22:33:41.5060888Z [1m[92m  Downloaded[0m mime_guess v2.0.5
2026-10-07T22:33:41.5072310Z [1m[92m  Downloaded[0m serde_path_to_error v0.1.20
2026-10-07T22:33:41.5083484Z [1m[92m  Downloaded[0m postcard v1.1.3
2026-10-07T22:33:41.5099328Z [1m[92m  Downloaded[0m pulley-interpreter v48.0.1
2026-10-07T22:33:41.5118519Z [1m[92m  Downloaded[0m siphasher v0.3.11
2026-10-07T22:33:41.5127151Z [1m[92m  Downloaded[0m zbus_names v4.3.2
2026-10-07T22:33:41.5137623Z [1m[92m  Downloaded[0m referencing v0.51.0
2026-10-07T22:33:41.5169075Z [1m[92m  Downloaded[0m rayon v1.11.0
2026-10-07T22:33:41.5234880Z [1m[92m  Downloaded[0m typeid v1.0.3
2026-10-07T22:33:41.5243544Z [1m[92m  Downloaded[0m waker-fn v1.2.0
2026-10-07T22:33:41.5249110Z [1m[92m  Downloaded[0m ref-cast v1.0.25
2026-10-07T22:33:41.5269442Z [1m[92m  Downloaded[0m num-derive v0.4.2
2026-10-07T22:33:41.5281976Z [1m[92m  Downloaded[0m regalloc2 v0.15.2
2026-10-07T22:33:41.5313635Z [1m[92m  Downloaded[0m rav1e v0.8.1
2026-10-07T22:33:41.5543009Z [1m[92m  Downloaded[0m read-fonts v0.35.0
2026-10-07T22:33:41.5649413Z [1m[92m  Downloaded[0m simple_asn1 v0.6.3
2026-10-07T22:33:41.5658443Z [1m[92m  Downloaded[0m strum_macros v0.27.2
2026-10-07T22:33:41.5675171Z [1m[92m  Downloaded[0m symphonia v0.5.5
2026-10-07T22:33:41.5682747Z [1m[92m  Downloaded[0m symphonia-metadata v0.5.5
2026-10-07T22:33:41.5692379Z [1m[92m  Downloaded[0m tree-sitter-embedded-template v0.23.2
2026-10-07T22:33:41.5703118Z [1m[92m  Downloaded[0m tree-sitter-jsdoc v0.23.2
2026-10-07T22:33:41.5713914Z [1m[92m  Downloaded[0m unarray v0.1.4
2026-10-07T22:33:41.5722350Z [1m[92m  Downloaded[0m serde_derive_internals v0.29.1
2026-10-07T22:33:41.5732084Z [1m[92m  Downloaded[0m gpu-descriptor-types v0.2.0
2026-10-07T22:33:41.5736920Z [1m[92m  Downloaded[0m http-body v0.4.6
2026-10-07T22:33:41.5748691Z [1m[92m  Downloaded[0m read-fonts v0.37.0
2026-10-07T22:33:41.5855890Z [1m[92m  Downloaded[0m rustls-webpki v0.103.13
2026-10-07T22:33:41.5877119Z [1m[92m  Downloaded[0m strum_macros v0.28.0
2026-10-07T22:33:41.5894196Z [1m[92m  Downloaded[0m symphonia-format-riff v0.5.5
2026-10-07T22:33:41.5902266Z [1m[92m  Downloaded[0m tree-sitter-diff v0.1.0
2026-10-07T22:33:41.5913096Z [1m[92m  Downloaded[0m tree-sitter-html v0.23.2
2026-10-07T22:33:41.5925457Z [1m[92m  Downloaded[0m unicode-bidi v0.3.18
2026-10-07T22:33:41.5942105Z [1m[92m  Downloaded[0m byteorder-lite v0.1.0
2026-10-07T22:33:41.5949221Z [1m[92m  Downloaded[0m cfg_aliases v0.2.1
2026-10-07T22:33:41.5955704Z [1m[92m  Downloaded[0m ciborium-io v0.2.2
2026-10-07T22:33:41.5960673Z [1m[92m  Downloaded[0m ciborium-ll v0.2.2
2026-10-07T22:33:41.5967850Z [1m[92m  Downloaded[0m memoffset v0.9.1
2026-10-07T22:33:41.5976446Z [1m[92m  Downloaded[0m nbformat v1.2.0
2026-10-07T22:33:41.6006589Z [1m[92m  Downloaded[0m openssl-sys v0.9.117
2026-10-07T22:33:41.6045443Z [1m[92m  Downloaded[0m portable-atomic v1.11.1
2026-10-07T22:33:41.6093367Z [1m[92m  Downloaded[0m pulldown-cmark v0.13.4
2026-10-07T22:33:41.6128077Z [1m[92m  Downloaded[0m simplelog v0.12.2
2026-10-07T22:33:41.6141575Z [1m[92m  Downloaded[0m svgtypes v0.16.1
2026-10-07T22:33:41.6158369Z [1m[92m  Downloaded[0m tree-sitter-css v0.23.2
2026-10-07T22:33:41.6173601Z [1m[92m  Downloaded[0m tree-sitter-regex v0.24.3
2026-10-07T22:33:41.6185482Z [1m[92m  Downloaded[0m triomphe v0.1.15
2026-10-07T22:33:41.6198853Z [1m[92m  Downloaded[0m unicase v2.8.1
2026-10-07T22:33:41.6208470Z [1m[92m  Downloaded[0m unicode-bidi-mirroring v0.4.0
2026-10-07T22:33:41.6214300Z [1m[92m  Downloaded[0m zbus_xml v5.1.1
2026-10-07T22:33:41.6222120Z [1m[92m  Downloaded[0m bytemuck_derive v1.10.2
2026-10-07T22:33:41.6230870Z [1m[92m  Downloaded[0m byteorder v1.5.0
2026-10-07T22:33:41.6241798Z [1m[92m  Downloaded[0m cfg-expr v0.20.9
2026-10-07T22:33:41.6262574Z [1m[92m  Downloaded[0m chunked_transfer v1.5.0
2026-10-07T22:33:41.6271392Z [1m[92m  Downloaded[0m cipher v0.4.4
2026-10-07T22:33:41.6281683Z [1m[92m  Downloaded[0m circular-buffer v1.2.0
2026-10-07T22:33:41.6296216Z [1m[92m  Downloaded[0m clap_derive v4.5.49
2026-10-07T22:33:41.6311551Z [1m[92m  Downloaded[0m fs2 v0.4.3
2026-10-07T22:33:41.6319443Z [1m[92m  Downloaded[0m harfrust v0.5.0
2026-10-07T22:33:41.6391986Z [1m[92m  Downloaded[0m include-flate v0.3.4
2026-10-07T22:33:41.6398175Z [1m[92m  Downloaded[0m include-flate-compress v0.3.4
2026-10-07T22:33:41.6402983Z [1m[92m  Downloaded[0m indenter v0.3.4
2026-10-07T22:33:41.6411709Z [1m[92m  Downloaded[0m is-docker v0.2.0
2026-10-07T22:33:41.6428832Z [1m[92m  Downloaded[0m is-terminal v0.4.16
2026-10-07T22:33:41.6429273Z [1m[92m  Downloaded[0m is-wsl v0.4.0
2026-10-07T22:33:41.6434640Z [1m[92m  Downloaded[0m markup5ever_rcdom v0.39.0+unofficial
2026-10-07T22:33:41.6440734Z [1m[92m  Downloaded[0m naga v29.0.4
2026-10-07T22:33:41.6584530Z [1m[92m  Downloaded[0m plain v0.2.3
2026-10-07T22:33:41.6592270Z [1m[92m  Downloaded[0m plotters-svg v0.3.7
2026-10-07T22:33:41.6597640Z [1m[92m  Downloaded[0m postage v0.5.0
2026-10-07T22:33:41.6663192Z [1m[92m  Downloaded[0m similar v2.7.0
2026-10-07T22:33:41.6701144Z [1m[92m  Downloaded[0m tungstenite v0.20.1
2026-10-07T22:33:41.6723962Z [1m[92m  Downloaded[0m tungstenite v0.21.0
2026-10-07T22:33:41.6746502Z [1m[92m  Downloaded[0m uds v0.4.2
2026-10-07T22:33:41.6760794Z [1m[92m  Downloaded[0m zed_extension_api v0.1.0
2026-10-07T22:33:41.6776967Z [1m[92m  Downloaded[0m bit-set v0.8.0
2026-10-07T22:33:41.6785937Z [1m[92m  Downloaded[0m bytes v0.4.12
2026-10-07T22:33:41.6807641Z [1m[92m  Downloaded[0m bytes v1.11.1
2026-10-07T22:33:41.6836683Z [1m[92m  Downloaded[0m chacha20 v0.10.1
2026-10-07T22:33:41.6853713Z [1m[92m  Downloaded[0m chardetng v0.1.17
2026-10-07T22:33:41.6865632Z [1m[92m  Downloaded[0m ciborium v0.2.2
2026-10-07T22:33:41.6881961Z [1m[92m  Downloaded[0m clap v4.5.49
2026-10-07T22:33:41.6949712Z [1m[92m  Downloaded[0m clap_complete v4.5.59
2026-10-07T22:33:41.6969890Z [1m[92m  Downloaded[0m clap_complete_nushell v4.6.0
2026-10-07T22:33:41.6980259Z [1m[92m  Downloaded[0m const_format_proc_macros v0.2.34
2026-10-07T22:33:41.6996884Z [1m[92m  Downloaded[0m constant_time_eq v0.1.5
2026-10-07T22:33:41.7004214Z [1m[92m  Downloaded[0m htmlize v1.1.0
2026-10-07T22:33:41.7024504Z [1m[92m  Downloaded[0m ipnet v2.11.0
2026-10-07T22:33:41.7035586Z [1m[92m  Downloaded[0m itertools v0.13.0
2026-10-07T22:33:41.7083364Z [1m[92m  Downloaded[0m jsonschema v0.51.0
2026-10-07T22:33:41.7215542Z [1m[92m  Downloaded[0m libflate v2.3.1
2026-10-07T22:33:41.7232364Z [1m[92m  Downloaded[0m libflate_lz77 v2.3.0
2026-10-07T22:33:41.7238043Z [1m[92m  Downloaded[0m libloading v0.8.9
2026-10-07T22:33:41.7254248Z [1m[92m  Downloaded[0m link-cplusplus v1.0.12
2026-10-07T22:33:41.7262399Z [1m[92m  Downloaded[0m link-section v0.19.2
2026-10-07T22:33:41.7293773Z [1m[92m  Downloaded[0m pbjson-types v0.9.0
2026-10-07T22:33:41.7306138Z [1m[92m  Downloaded[0m plotters-backend v0.3.7
2026-10-07T22:33:41.7314571Z [1m[92m  Downloaded[0m polling v3.11.0
2026-10-07T22:33:41.7335141Z [1m[92m  Downloaded[0m pollster v0.2.5
2026-10-07T22:33:41.7343412Z [1m[92m  Downloaded[0m quinn v0.11.9
2026-10-07T22:33:41.7365829Z [1m[92m  Downloaded[0m symphonia-core v0.5.5
2026-10-07T22:33:41.7389238Z [1m[92m  Downloaded[0m tree-sitter-go v0.25.0
2026-10-07T22:33:41.7416965Z [1m[92m  Downloaded[0m tungstenite v0.28.0
2026-10-07T22:33:41.7440501Z [1m[92m  Downloaded[0m bit-set v0.9.1
2026-10-07T22:33:41.7450475Z [1m[92m  Downloaded[0m bit-vec v0.8.0
2026-10-07T22:33:41.7461270Z [1m[92m  Downloaded[0m bit_field v0.10.3
2026-10-07T22:33:41.7469662Z [1m[92m  Downloaded[0m bzip2-sys v0.1.13+1.0.8
2026-10-07T22:33:41.7544371Z [1m[92m  Downloaded[0m const_format v0.2.35
2026-10-07T22:33:41.7577218Z [1m[92m  Downloaded[0m ff v0.12.1
2026-10-07T22:33:41.7586864Z [1m[92m  Downloaded[0m http v0.2.12
2026-10-07T22:33:41.7610970Z [1m[92m  Downloaded[0m http-body v1.0.1
2026-10-07T22:33:41.7617604Z [1m[92m  Downloaded[0m ipc-channel v0.19.0
2026-10-07T22:33:41.7649574Z [1m[92m  Downloaded[0m itertools v0.10.5
2026-10-07T22:33:41.7693494Z [1m[92m  Downloaded[0m libbz2-rs-sys v0.2.2
2026-10-07T22:33:41.7706199Z [1m[92m  Downloaded[0m png v0.17.16
2026-10-07T22:33:41.7732422Z [1m[92m  Downloaded[0m pollster v0.4.0
2026-10-07T22:33:41.7741257Z [1m[92m  Downloaded[0m qoi v0.4.1
2026-10-07T22:33:41.7760792Z [1m[92m  Downloaded[0m quick-error v1.2.3
2026-10-07T22:33:41.7769404Z [1m[92m  Downloaded[0m quick-error v2.0.1
2026-10-07T22:33:41.7777722Z [1m[92m  Downloaded[0m quick-xml v0.37.5
2026-10-07T22:33:41.7813236Z [1m[92m  Downloaded[0m quinn-udp v0.5.14
2026-10-07T22:33:41.7825187Z [1m[92m  Downloaded[0m radium v0.7.0
2026-10-07T22:33:41.7832076Z [1m[92m  Downloaded[0m rand v0.3.23
2026-10-07T22:33:41.7839962Z [1m[92m  Downloaded[0m rand_chacha v0.9.0
2026-10-07T22:33:41.7847897Z [1m[92m  Downloaded[0m tagptr v0.2.0
2026-10-07T22:33:41.7857083Z [1m[92m  Downloaded[0m tap v1.0.1
2026-10-07T22:33:41.7863215Z [1m[92m  Downloaded[0m tempfile v3.27.0
2026-10-07T22:33:41.7880566Z [1m[92m  Downloaded[0m tokio-util v0.7.18
2026-10-07T22:33:41.7934443Z [1m[92m  Downloaded[0m tracing-subscriber v0.3.22
2026-10-07T22:33:41.7991852Z [1m[92m  Downloaded[0m tree-sitter-python v0.25.0
2026-10-07T22:33:41.8035982Z [1m[92m  Downloaded[0m version_check v0.9.5
2026-10-07T22:33:41.8044516Z [1m[92m  Downloaded[0m vsimd v0.8.0
2026-10-07T22:33:41.8058761Z [1m[92m  Downloaded[0m want v0.3.1
2026-10-07T22:33:41.8065015Z [1m[92m  Downloaded[0m wasmparser v0.201.0
2026-10-07T22:33:41.8106852Z [1m[92m  Downloaded[0m wasmtime-wasi-io v48.0.1
2026-10-07T22:33:41.8115648Z [1m[92m  Downloaded[0m bigdecimal v0.4.8
2026-10-07T22:33:41.8147235Z [1m[92m  Downloaded[0m bincode v1.3.3
2026-10-07T22:33:41.8162603Z [1m[92m  Downloaded[0m bit-vec v0.9.1
2026-10-07T22:33:41.8173834Z [1m[92m  Downloaded[0m block-buffer v0.10.4
2026-10-07T22:33:41.8181001Z [1m[92m  Downloaded[0m clap_builder v4.5.49
2026-10-07T22:33:41.8225399Z [1m[92m  Downloaded[0m equator-macro v0.4.2
2026-10-07T22:33:41.8230806Z [1m[92m  Downloaded[0m etagere v0.2.15
2026-10-07T22:33:41.8240348Z [1m[92m  Downloaded[0m fax v0.2.6
2026-10-07T22:33:41.8250226Z [1m[92m  Downloaded[0m num_threads v0.1.7
2026-10-07T22:33:41.8257446Z [1m[92m  Downloaded[0m plotters v0.3.7
2026-10-07T22:33:41.8323001Z [1m[92m  Downloaded[0m png v0.18.0
2026-10-07T22:33:41.8349201Z [1m[92m  Downloaded[0m serde_with v3.22.0
2026-10-07T22:33:41.8441650Z [1m[92m  Downloaded[0m swash v0.2.6
2026-10-07T22:33:41.8493693Z [1m[92m  Downloaded[0m syn v1.0.109
2026-10-07T22:33:41.8560093Z [1m[92m  Downloaded[0m taffy v0.13.0
2026-10-07T22:33:41.8606630Z [1m[92m  Downloaded[0m tree-sitter-c v0.24.1
2026-10-07T22:33:41.8656321Z [1m[92m  Downloaded[0m tree-sitter-rust v0.24.2
2026-10-07T22:33:41.8728818Z [1m[92m  Downloaded[0m vcpkg v0.2.15
2026-10-07T22:33:41.9125993Z [1m[92m  Downloaded[0m chrono v0.4.42
2026-10-07T22:33:41.9171546Z [1m[92m  Downloaded[0m minidump-common v0.26.1
2026-10-07T22:33:41.9186966Z [1m[92m  Downloaded[0m num-format v0.4.4
2026-10-07T22:33:41.9211673Z [1m[92m  Downloaded[0m pkcs8 v0.9.0
2026-10-07T22:33:41.9231521Z [1m[92m  Downloaded[0m rand_core v0.9.3
2026-10-07T22:33:41.9240702Z [1m[92m  Downloaded[0m rand_pcg v0.3.1
2026-10-07T22:33:41.9249427Z [1m[92m  Downloaded[0m rand_pcg v0.10.2
2026-10-07T22:33:41.9259244Z [1m[92m  Downloaded[0m rustc_version v0.4.1
2026-10-07T22:33:41.9272353Z [1m[92m  Downloaded[0m rustls-platform-verifier v0.7.0
2026-10-07T22:33:41.9300026Z [1m[92m  Downloaded[0m rusty-fork v0.3.1
2026-10-07T22:33:42.0226266Z [1m[92m  Downloaded[0m tokio v1.52.1
2026-10-07T22:33:42.0542906Z [1m[92m  Downloaded[0m tree-sitter-bash v0.25.1
2026-10-07T22:33:42.0644516Z [1m[92m  Downloaded[0m tree-sitter-elixir v0.3.4
2026-10-07T22:33:42.0761657Z [1m[92m  Downloaded[0m tree-sitter-ruby v0.23.1
2026-10-07T22:33:42.0899135Z [1m[92m  Downloaded[0m unicode-ccc v0.4.0
2026-10-07T22:33:42.0905534Z [1m[92m  Downloaded[0m wasmtime v48.0.1
2026-10-07T22:33:42.1105188Z [1m[92m  Downloaded[0m bitflags v1.3.2
2026-10-07T22:33:42.1128355Z [1m[92m  Downloaded[0m fnv v1.0.7
2026-10-07T22:33:42.1134596Z [1m[92m  Downloaded[0m foldhash v0.2.0
2026-10-07T22:33:42.1143557Z [1m[92m  Downloaded[0m http-body-util v0.1.3
2026-10-07T22:33:42.1156117Z [1m[92m  Downloaded[0m httpdate v1.0.3
2026-10-07T22:33:42.1164538Z [1m[92m  Downloaded[0m human_bytes v0.4.3
2026-10-07T22:33:42.1172343Z [1m[92m  Downloaded[0m loop9 v0.1.5
2026-10-07T22:33:42.1177348Z [1m[92m  Downloaded[0m maybe-rayon v0.1.1
2026-10-07T22:33:42.1182873Z [1m[92m  Downloaded[0m md-5 v0.10.6
2026-10-07T22:33:42.1193484Z [1m[92m  Downloaded[0m merman-core v0.8.0-alpha.5
2026-10-07T22:33:42.1340897Z [1m[92m  Downloaded[0m pkcs8 v0.10.2
2026-10-07T22:33:42.1361098Z [1m[92m  Downloaded[0m pkg-config v0.3.32
2026-10-07T22:33:42.1372091Z [1m[92m  Downloaded[0m rand v0.10.2
2026-10-07T22:33:42.1397864Z [1m[92m  Downloaded[0m rand_core v0.6.4
2026-10-07T22:33:42.1407329Z [1m[92m  Downloaded[0m rustc-hash v2.1.1
2026-10-07T22:33:42.1416233Z [1m[92m  Downloaded[0m rustls-pki-types v1.12.0
2026-10-07T22:33:42.1448586Z [1m[92m  Downloaded[0m sha2 v0.10.9
2026-10-07T22:33:42.1466117Z [1m[92m  Downloaded[0m sharded-slab v0.1.7
2026-10-07T22:33:42.1489498Z [1m[92m  Downloaded[0m shingles v0.1.1
2026-10-07T22:33:42.1497292Z [1m[92m  Downloaded[0m shlex v2.0.1
2026-10-07T22:33:42.1506374Z [1m[92m  Downloaded[0m signal-hook v0.4.4
2026-10-07T22:33:42.1523602Z [1m[92m  Downloaded[0m siphasher v1.0.1
2026-10-07T22:33:42.1531999Z [1m[92m  Downloaded[0m snafu v0.8.9
2026-10-07T22:33:42.1578881Z [1m[92m  Downloaded[0m snafu-derive v0.8.9
2026-10-07T22:33:42.1587952Z [1m[92m  Downloaded[0m tar v0.4.46
2026-10-07T22:33:42.1608031Z [1m[92m  Downloaded[0m target-lexicon v0.13.5
2026-10-07T22:33:42.1619095Z [1m[92m  Downloaded[0m target-spec v3.7.0
2026-10-07T22:33:42.1631721Z [1m[92m  Downloaded[0m tendril v0.5.1
2026-10-07T22:33:42.1645129Z [1m[92m  Downloaded[0m unicode-segmentation v1.13.3
2026-10-07T22:33:42.1665804Z [1m[92m  Downloaded[0m unicode-vo v0.1.0
2026-10-07T22:33:42.1672234Z [1m[92m  Downloaded[0m wasmtime-internal-c-api-macros v48.0.1
2026-10-07T22:33:42.1677123Z [1m[92m  Downloaded[0m wasmtime-internal-unwinder v48.0.1
2026-10-07T22:33:42.1688124Z [1m[92m  Downloaded[0m wayland-backend v0.3.15
2026-10-07T22:33:42.1716374Z [1m[92m  Downloaded[0m zed_extension_api v0.7.0
2026-10-07T22:33:42.1756339Z [1m[92m  Downloaded[0m zeno v0.3.3
2026-10-07T22:33:42.1773164Z [1m[92m  Downloaded[0m zerocopy-derive v0.8.27
2026-10-07T22:33:42.1822444Z [1m[92m  Downloaded[0m zstd v0.11.2+zstd.1.5.2
2026-10-07T22:33:42.1845390Z [1m[92m  Downloaded[0m zstd v0.13.3
2026-10-07T22:33:42.1866652Z [1m[92m  Downloaded[0m zune-core v0.5.1
2026-10-07T22:33:42.1882349Z [1m[92m  Downloaded[0m bitstream-io v4.9.0
2026-10-07T22:33:42.1902267Z [1m[92m  Downloaded[0m block-padding v0.3.3
2026-10-07T22:33:42.1908438Z [1m[92m  Downloaded[0m clap_lex v0.7.6
2026-10-07T22:33:42.1916155Z [1m[92m  Downloaded[0m fontconfig-parser v0.5.8
2026-10-07T22:33:42.1956910Z [1m[92m  Downloaded[0m getrandom v0.4.1
2026-10-07T22:33:42.1984167Z [1m[92m  Downloaded[0m gif v0.14.2
2026-10-07T22:33:42.1996382Z [1m[92m  Downloaded[0m httparse v1.10.1
2026-10-07T22:33:42.2014371Z [1m[92m  Downloaded[0m linktime-proc-macro v0.2.2
2026-10-07T22:33:42.2023925Z [1m[92m  Downloaded[0m linux-raw-sys v0.12.1
2026-10-07T22:33:42.2458330Z [1m[92m  Downloaded[0m litrs v1.0.0
2026-10-07T22:33:42.2479330Z [1m[92m  Downloaded[0m notify v6.1.1
2026-10-07T22:33:42.2491875Z [1m[92m  Downloaded[0m num v0.4.3
2026-10-07T22:33:42.2499110Z [1m[92m  Downloaded[0m peg-runtime v0.8.5
2026-10-07T22:33:42.2504552Z [1m[92m  Downloaded[0m pem v3.0.6
2026-10-07T22:33:42.2513841Z [1m[92m  Downloaded[0m pest_generator v2.8.3
2026-10-07T22:33:42.2524687Z [1m[92m  Downloaded[0m quick-xml v0.30.0
2026-10-07T22:33:42.2556794Z [1m[92m  Downloaded[0m quick-xml v0.39.3
2026-10-07T22:33:42.2595504Z [1m[92m  Downloaded[0m rand v0.4.6
2026-10-07T22:33:42.2618177Z [1m[92m  Downloaded[0m rand v0.8.6
2026-10-07T22:33:42.2640953Z [1m[92m  Downloaded[0m rand v0.9.4
2026-10-07T22:33:42.2666868Z [1m[92m  Downloaded[0m rand_xorshift v0.4.0
2026-10-07T22:33:42.2674268Z [1m[92m  Downloaded[0m serde_urlencoded v0.7.1
2026-10-07T22:33:42.2685610Z [1m[92m  Downloaded[0m shellexpand v3.1.1
2026-10-07T22:33:42.2697562Z [1m[92m  Downloaded[0m signal-hook-registry v1.4.6
2026-10-07T22:33:42.2704942Z [1m[92m  Downloaded[0m sync_wrapper v0.1.2
2026-10-07T22:33:42.2710383Z [1m[92m  Downloaded[0m unicode-script v0.5.8
2026-10-07T22:33:42.2722142Z [1m[92m  Downloaded[0m untrusted v0.7.1
2026-10-07T22:33:42.2729604Z [1m[92m  Downloaded[0m wasm-metadata v0.201.0
2026-10-07T22:33:42.2734690Z [1m[92m  Downloaded[0m wasmtime-internal-component-util v48.0.1
2026-10-07T22:33:42.2738861Z [1m[92m  Downloaded[0m wasmtime-internal-core v48.0.1
2026-10-07T22:33:42.2759310Z [1m[92m  Downloaded[0m wax v0.7.0
2026-10-07T22:33:42.2784130Z [1m[92m  Downloaded[0m wayland-client v0.31.11
2026-10-07T22:33:42.2798017Z [1m[92m  Downloaded[0m zeroize v1.8.2
2026-10-07T22:33:42.2806795Z [1m[92m  Downloaded[0m zeroize_derive v1.4.2
2026-10-07T22:33:42.2813009Z [1m[92m  Downloaded[0m zeromq v0.5.0
2026-10-07T22:33:42.2857382Z [1m[92m  Downloaded[0m zstd-safe v5.0.2+zstd.1.5.2
2026-10-07T22:33:42.2866526Z [1m[92m  Downloaded[0m cmake v0.1.56
2026-10-07T22:33:42.2875704Z [1m[92m  Downloaded[0m cobs v0.3.0
2026-10-07T22:33:42.2885081Z [1m[92m  Downloaded[0m core2 v0.4.0
2026-10-07T22:33:42.2898194Z [1m[92m  Downloaded[0m fancy-regex v0.19.0
2026-10-07T22:33:42.2941844Z [1m[92m  Downloaded[0m linkify v0.10.0
2026-10-07T22:33:42.2954358Z [1m[92m  Downloaded[0m lol_html v3.0.1
2026-10-07T22:33:42.3009679Z [1m[92m  Downloaded[0m minidump-writer v0.13.0
2026-10-07T22:33:42.3063197Z [1m[92m  Downloaded[0m pbkdf2 v0.11.0
2026-10-07T22:33:42.3080421Z [1m[92m  Downloaded[0m quick-xml v0.41.0
2026-10-07T22:33:42.3120660Z [1m[92m  Downloaded[0m quinn-proto v0.11.17
2026-10-07T22:33:42.3166596Z [1m[92m  Downloaded[0m random_choice v0.3.2
2026-10-07T22:33:42.3173505Z [1m[92m  Downloaded[0m range-map v0.2.0
2026-10-07T22:33:42.3179851Z [1m[92m  Downloaded[0m sea-query-binder v0.7.0
2026-10-07T22:33:42.3187037Z [1m[92m  Downloaded[0m spki v0.6.0
2026-10-07T22:33:42.3199073Z [1m[92m  Downloaded[0m sqlx-macros v0.8.6
2026-10-07T22:33:42.3205072Z [1m[92m  Downloaded[0m zerocopy v0.8.27
2026-10-07T22:33:42.3386133Z [1m[92m  Downloaded[0m zstd-safe v7.3.0
2026-10-07T22:33:42.3395514Z [1m[92m  Downloaded[0m bitvec v1.0.1
2026-10-07T22:33:42.3513025Z [1m[92m  Downloaded[0m convert_case v0.10.0
2026-10-07T22:33:42.3524710Z [1m[92m  Downloaded[0m spin v0.10.0
2026-10-07T22:33:42.3541220Z [1m[92m  Downloaded[0m spirv v0.4.0+sdk-1.4.341.0
2026-10-07T22:33:42.3549695Z [1m[92m  Downloaded[0m convert_case v0.11.0
2026-10-07T22:33:42.3561945Z [1m[92m  Downloaded[0m spin v0.9.8
2026-10-07T22:33:42.3578155Z [1m[92m  Downloaded[0m socket2 v0.5.10
2026-10-07T22:33:42.3590536Z [1m[92m  Downloaded[0m subtle v2.6.1
2026-10-07T22:33:42.3598489Z [1m[92m  Downloaded[0m sha1_smol v1.0.1
2026-10-07T22:33:42.3607440Z [1m[92m  Downloaded[0m socket2 v0.6.5
2026-10-07T22:33:42.3619700Z [1m[92m  Downloaded[0m codespan-reporting v0.13.0
2026-10-07T22:33:42.3673112Z [1m[92m  Downloaded[0m cpufeatures v0.2.17
2026-10-07T22:33:42.3682627Z [1m[92m  Downloaded[0m gimli v0.33.0
2026-10-07T22:33:42.3735118Z [1m[92m  Downloaded[0m sha1 v0.10.6
2026-10-07T22:33:42.3746299Z [1m[92m  Downloaded[0m libmimalloc-sys v0.1.44
2026-10-07T22:33:42.3847251Z [1m[92m  Downloaded[0m untrusted v0.9.0
2026-10-07T22:33:42.3858691Z [1m[92m  Downloaded[0m blocking v1.6.2
2026-10-07T22:33:42.3866783Z [1m[92m  Downloaded[0m renderdoc-sys v1.1.0
2026-10-07T22:33:42.3873033Z [1m[92m  Downloaded[0m sea-query v0.32.7
2026-10-07T22:33:42.3947835Z [1m[92m  Downloaded[0m spki v0.7.3
2026-10-07T22:33:42.3960190Z [1m[92m  Downloaded[0m sqlformat v0.2.6
2026-10-07T22:33:42.3971502Z [1m[92m  Downloaded[0m sqlx-macros-core v0.8.6
2026-10-07T22:33:42.3986374Z [1m[92m  Downloaded[0m sval v2.15.0
2026-10-07T22:33:42.4006869Z [1m[92m  Downloaded[0m toml v0.8.23
2026-10-07T22:33:42.4023299Z [1m[92m  Downloaded[0m unsafe-libyaml v0.2.11
2026-10-07T22:33:42.4045459Z [1m[92m  Downloaded[0m zip v0.6.6
2026-10-07T22:33:42.4074676Z [1m[92m  Downloaded[0m zune-jpeg v0.5.15
2026-10-07T22:33:42.4098600Z [1m[92m  Downloaded[0m zvariant_derive v5.11.0
2026-10-07T22:33:42.4109856Z [1m[92m  Downloaded[0m axum-core v0.3.4
2026-10-07T22:33:42.4124576Z [1m[92m  Downloaded[0m backtrace v0.3.76
2026-10-07T22:33:42.4159779Z [1m[92m  Downloaded[0m bmrng v0.5.2
2026-10-07T22:33:42.4169127Z [1m[92m  Downloaded[0m core_maths v0.1.1
2026-10-07T22:33:42.4174448Z [1m[92m  Downloaded[0m env_logger v0.11.8
2026-10-07T22:33:42.4191113Z [1m[92m  Downloaded[0m hyper v0.14.32
2026-10-07T22:33:42.4242730Z [1m[92m  Downloaded[0m lmdb-master-sys v0.2.5
2026-10-07T22:33:42.4277393Z [1m[92m  Downloaded[0m logos-derive v0.16.1
2026-10-07T22:33:42.4283331Z [1m[92m  Downloaded[0m lyon v1.0.16
2026-10-07T22:33:42.4287981Z [1m[92m  Downloaded[0m ravif v0.13.0
2026-10-07T22:33:42.4295648Z [1m[92m  Downloaded[0m sqlx v0.8.6
2026-10-07T22:33:42.4394498Z [1m[92m  Downloaded[0m sqlx-core v0.8.6
2026-10-07T22:33:42.4449234Z [1m[92m  Downloaded[0m sval_ref v2.15.0
2026-10-07T22:33:42.4455485Z [1m[92m  Downloaded[0m sync_wrapper v1.0.2
2026-10-07T22:33:42.4460813Z [1m[92m  Downloaded[0m terminal_size v0.4.3
2026-10-07T22:33:42.4469737Z [1m[92m  Downloaded[0m tower v0.5.2
2026-10-07T22:33:42.4540991Z [1m[92m  Downloaded[0m tower-http v0.4.4
2026-10-07T22:33:42.4595432Z [1m[92m  Downloaded[0m tower-layer v0.3.3
2026-10-07T22:33:42.4602197Z [1m[92m  Downloaded[0m unicode-width v0.1.14
2026-10-07T22:33:42.4638505Z [1m[92m  Downloaded[0m wasm-encoder v0.254.0
2026-10-07T22:33:42.4666218Z [1m[92m  Downloaded[0m wasmparser v0.254.0
2026-10-07T22:33:42.4723081Z [1m[92m  Downloaded[0m wasmtime-internal-component-macro v48.0.1
2026-10-07T22:33:42.4835649Z [1m[92m  Downloaded[0m wasmtime-internal-cranelift v48.0.1
2026-10-07T22:33:42.4880206Z [1m[92m  Downloaded[0m wasmtime-wasi v48.0.1
2026-10-07T22:33:42.4946438Z [1m[92m  Downloaded[0m zune-inflate v0.2.54
2026-10-07T22:33:42.4958608Z [1m[92m  Downloaded[0m zvariant_utils v3.3.1
2026-10-07T22:33:42.4968186Z [1m[92m  Downloaded[0m bytemuck v1.24.0
2026-10-07T22:33:42.4989871Z [1m[92m  Downloaded[0m error-graph v0.1.1
2026-10-07T22:33:42.4997417Z [1m[92m  Downloaded[0m logos v0.16.1
2026-10-07T22:33:42.5009494Z [1m[92m  Downloaded[0m logos-codegen v0.16.1
2026-10-07T22:33:42.5044911Z [1m[92m  Downloaded[0m object v0.37.3
2026-10-07T22:33:42.5119626Z [1m[92m  Downloaded[0m rangemap v1.7.1
2026-10-07T22:33:42.5134710Z [1m[92m  Downloaded[0m reqwest v0.11.27
2026-10-07T22:33:42.5183877Z [1m[92m  Downloaded[0m seahash v4.1.0
2026-10-07T22:33:42.5194796Z [1m[92m  Downloaded[0m sval_serde v2.15.0
2026-10-07T22:33:42.5201538Z [1m[92m  Downloaded[0m synchronoise v1.0.1
2026-10-07T22:33:42.5209289Z [1m[92m  Downloaded[0m system-deps v7.0.7
2026-10-07T22:33:42.5224881Z [1m[92m  Downloaded[0m termcolor v1.4.1
2026-10-07T22:33:42.5233425Z [1m[92m  Downloaded[0m thiserror v1.0.69
2026-10-07T22:33:42.5272985Z [1m[92m  Downloaded[0m thiserror v2.0.17
2026-10-07T22:33:42.5318288Z [1m[92m  Downloaded[0m thiserror-impl v1.0.69
2026-10-07T22:33:42.5327316Z [1m[92m  Downloaded[0m toml v0.9.8
2026-10-07T22:33:42.5355173Z [1m[92m  Downloaded[0m toml_writer v1.0.4
2026-10-07T22:33:42.5364340Z [1m[92m  Downloaded[0m tower-http v0.6.11
2026-10-07T22:33:42.5428980Z [1m[92m  Downloaded[0m tower-service v0.3.3
2026-10-07T22:33:42.5434511Z [1m[92m  Downloaded[0m tracing-core v0.1.35
2026-10-07T22:33:42.5452475Z [1m[92m  Downloaded[0m usvg v0.46.0
2026-10-07T22:33:42.5481785Z [1m[92m  Downloaded[0m utf8-chars v3.0.6
2026-10-07T22:33:42.5488203Z [1m[92m  Downloaded[0m utf8parse v0.2.2
2026-10-07T22:33:42.5494776Z [1m[92m  Downloaded[0m value-bag-serde1 v1.12.0
2026-10-07T22:33:42.5499965Z [1m[92m  Downloaded[0m zstd-sys v2.0.16+zstd.1.5.7
2026-10-07T22:33:42.5611825Z [1m[92m  Downloaded[0m zvariant v5.11.0
2026-10-07T22:33:42.5659789Z [1m[92m  Downloaded[0m base16ct v0.1.1
2026-10-07T22:33:42.5669406Z [1m[92m  Downloaded[0m base64 v0.21.7
2026-10-07T22:33:42.5695643Z [1m[92m  Downloaded[0m cpp_demangle v0.5.1
2026-10-07T22:33:42.5715044Z [1m[92m  Downloaded[0m cpufeatures v0.3.0
2026-10-07T22:33:42.5725034Z [1m[92m  Downloaded[0m equator v0.4.2
2026-10-07T22:33:42.5734238Z [1m[92m  Downloaded[0m errno v0.2.8
2026-10-07T22:33:42.5742876Z [1m[92m  Downloaded[0m fast-srgb8 v1.0.0
2026-10-07T22:33:42.5751209Z [1m[92m  Downloaded[0m fastrand v1.9.0
2026-10-07T22:33:42.5759342Z [1m[92m  Downloaded[0m logos-codegen v0.15.1
2026-10-07T22:33:42.5795890Z [1m[92m  Downloaded[0m resvg v0.46.0
2026-10-07T22:33:42.5815323Z [1m[92m  Downloaded[0m tracing v0.1.43
2026-10-07T22:33:42.5842221Z [1m[92m  Downloaded[0m tracing-attributes v0.1.31
2026-10-07T22:33:42.5860464Z [1m[92m  Downloaded[0m tracing-serde v0.2.0
2026-10-07T22:33:42.5866410Z [1m[92m  Downloaded[0m value-bag v1.12.0
2026-10-07T22:33:42.5885142Z [1m[92m  Downloaded[0m wasm-bindgen v0.2.120
2026-10-07T22:33:42.5903178Z [1m[92m  Downloaded[0m base64 v0.22.1
2026-10-07T22:33:42.5929136Z [1m[92m  Downloaded[0m base64ct v1.8.0
2026-10-07T22:33:42.5945788Z [1m[92m  Downloaded[0m borrow-or-share v0.2.4
2026-10-07T22:33:42.5952339Z [1m[92m  Downloaded[0m envy v0.4.2
2026-10-07T22:33:42.5963755Z [1m[92m  Downloaded[0m erased-serde v0.4.9
2026-10-07T22:33:42.5979778Z [1m[92m  Downloaded[0m event-listener-strategy v0.5.4
2026-10-07T22:33:42.5987276Z [1m[92m  Downloaded[0m fax_derive v0.2.0
2026-10-07T22:33:42.5991616Z [1m[92m  Downloaded[0m fraction v0.16.0
2026-10-07T22:33:42.6030484Z [1m[92m  Downloaded[0m reqwest v0.12.24
2026-10-07T22:33:42.6067942Z [1m[92m  Downloaded[0m tracing-log v0.2.0
2026-10-07T22:33:42.6076988Z [1m[92m  Downloaded[0m utf-8 v0.7.6
2026-10-07T22:33:42.6085042Z [1m[92m  Downloaded[0m base64-simd v0.8.0
2026-10-07T22:33:42.6094359Z [1m[92m  Downloaded[0m beef v0.5.2
2026-10-07T22:33:42.6106428Z [1m[92m  Downloaded[0m event-listener v5.4.1
2026-10-07T22:33:42.6120101Z [1m[92m  Downloaded[0m fdeflate v0.3.7
2026-10-07T22:33:42.6131303Z [1m[92m  Downloaded[0m filedescriptor v0.8.3
2026-10-07T22:33:42.6137647Z [1m[92m  Downloaded[0m lyon_extra v1.0.3
2026-10-07T22:33:42.6143527Z [1m[92m  Downloaded[0m bon v3.8.2
2026-10-07T22:33:42.6199449Z [1m[92m  Downloaded[0m wasm-encoder v0.201.0
2026-10-07T22:33:42.6220587Z [1m[92m  Downloaded[0m bon-macros v3.8.2
2026-10-07T22:33:42.6267211Z [1m[92m  Downloaded[0m rust-embed-impl v8.11.0
2026-10-07T22:33:42.6272687Z [1m[92m  Downloaded[0m tiff v0.11.3
2026-10-07T22:33:42.6302353Z [1m[92m  Downloaded[0m rustls-pemfile v1.0.4
2026-10-07T22:33:42.6318159Z [1m[92m  Downloaded[0m warp v0.3.7
2026-10-07T22:33:42.6373893Z [1m[92m  Downloaded[0m tower v0.4.13
2026-10-07T22:33:42.6445063Z [1m[92m  Downloaded[0m euclid v0.22.14
2026-10-07T22:33:42.6467162Z [1m[92m  Downloaded[0m libc v0.2.186
2026-10-07T22:33:42.6742370Z [1m[92m  Downloaded[0m utf16_iter v1.0.5
2026-10-07T22:33:42.6749532Z [1m[92m  Downloaded[0m funty v2.0.0
2026-10-07T22:33:42.6754405Z [1m[92m  Downloaded[0m icu_locale_fallback v2.3.0
2026-10-07T22:33:42.6761632Z [1m[92m  Downloaded[0m rust-embed-utils v8.11.0
2026-10-07T22:33:42.6766968Z [1m[92m  Downloaded[0m by_address v1.2.1
2026-10-07T22:33:42.6772538Z [1m[92m  Downloaded[0m bytecheck_derive v0.6.12
2026-10-07T22:33:42.6777226Z [1m[92m  Downloaded[0m bytecount v0.6.9
2026-10-07T22:33:42.6790588Z [1m[92m  Downloaded[0m fastrand v2.3.0
2026-10-07T22:33:42.6799130Z [1m[92m  Downloaded[0m find-msvc-tools v0.1.11
2026-10-07T22:33:42.6810184Z [1m[92m  Downloaded[0m group v0.12.1
2026-10-07T22:33:42.6820555Z [1m[92m  Downloaded[0m hyper-tls v0.5.0
2026-10-07T22:33:42.6828887Z [1m[92m  Downloaded[0m bytecheck v0.6.12
2026-10-07T22:33:42.6835185Z [1m[92m  Downloaded[0m time v0.3.47
2026-10-07T22:33:42.6924371Z [1m[92m  Downloaded[0m fork v0.4.0
2026-10-07T22:33:42.6940341Z [1m[92m  Downloaded[0m fs_extra v1.3.0
2026-10-07T22:33:42.6950968Z [1m[92m  Downloaded[0m guppy-workspace-hack v0.1.0
2026-10-07T22:33:42.6955409Z [1m[92m  Downloaded[0m imagesize v0.14.0
2026-10-07T22:33:42.6973938Z [1m[92m  Downloaded[0m pbkdf2 v0.12.2
2026-10-07T22:33:42.6982743Z [1m[92m  Downloaded[0m rustls-pemfile v2.2.0
2026-10-07T22:33:42.6999504Z [1m[92m  Downloaded[0m serde_repr v0.1.20
2026-10-07T22:33:42.7013303Z [1m[92m  Downloaded[0m filetime v0.2.29
2026-10-07T22:33:42.7024792Z [1m[92m  Downloaded[0m miette-derive v7.6.0
2026-10-07T22:33:42.7055501Z [1m[92m  Downloaded[0m iana-time-zone v0.1.64
2026-10-07T22:33:42.7073606Z [1m[92m  Downloaded[0m pxfm v0.1.25
2026-10-07T22:33:42.7243580Z [1m[92m  Downloaded[0m rustls-native-certs v0.8.3
2026-10-07T22:33:42.7259894Z [1m[92m  Downloaded[0m foreign-types v0.3.2
2026-10-07T22:33:42.7265575Z [1m[92m  Downloaded[0m hyper-timeout v0.5.2
2026-10-07T22:33:42.7275179Z [1m[92m  Downloaded[0m lyon_algorithms v1.0.16
2026-10-07T22:33:42.7286220Z [1m[92m  Downloaded[0m rgb v0.8.52
2026-10-07T22:33:42.7303241Z [1m[92m  Downloaded[0m noop_proc_macro v0.3.0
2026-10-07T22:33:42.7309300Z [1m[92m  Downloaded[0m rfc6979 v0.3.1
2026-10-07T22:33:42.7316103Z [1m[92m  Downloaded[0m v_frame v0.3.9
2026-10-07T22:33:42.7326806Z [1m[92m  Downloaded[0m micromap v0.3.0
2026-10-07T22:33:42.7362060Z [1m[92m  Downloaded[0m mimalloc v0.1.48
2026-10-07T22:33:42.7369506Z [1m[92m  Downloaded[0m getrandom v0.3.4
2026-10-07T22:33:42.7393358Z [1m[92m  Downloaded[0m uuid v1.18.1
2026-10-07T22:33:42.7413497Z [1m[92m  Downloaded[0m nested v0.1.1
2026-10-07T22:33:42.7420363Z [1m[92m  Downloaded[0m peg-macros v0.8.5
2026-10-07T22:33:42.7430190Z [1m[92m  Downloaded[0m ignore v0.4.24
2026-10-07T22:33:42.7445195Z [1m[92m  Downloaded[0m fontdb v0.23.0
2026-10-07T22:33:42.7461156Z [1m[92m  Downloaded[0m nu-ansi-term v0.50.3
2026-10-07T22:33:42.7477573Z [1m[92m  Downloaded[0m opener v0.7.2
2026-10-07T22:33:42.7487310Z [1m[92m  Downloaded[0m hyper v1.11.1
2026-10-07T22:33:42.7535357Z [1m[92m  Downloaded[0m manatee v0.8.0-alpha.5
2026-10-07T22:33:42.7559080Z [1m[92m  Downloaded[0m mio v1.2.0
2026-10-07T22:33:42.7600499Z [1m[92m  Downloaded[0m pest v2.8.3
2026-10-07T22:33:42.7631778Z [1m[92m  Downloaded[0m serde_json_lenient v0.2.4
2026-10-07T22:33:42.7661582Z [1m[92m  Downloaded[0m fearless_simd v0.4.1
2026-10-07T22:33:42.7708247Z [1m[92m  Downloaded[0m minimal-lexical v0.2.1
2026-10-07T22:33:42.7739871Z [1m[92m  Downloaded[0m notify-rust v4.18.0
2026-10-07T22:33:42.7761914Z [1m[92m  Downloaded[0m foreign-types-shared v0.1.1
2026-10-07T22:33:42.7766761Z [1m[92m  Downloaded[0m h2 v0.3.27
2026-10-07T22:33:42.7809515Z [1m[92m  Downloaded[0m notify-debouncer-mini v0.4.1
2026-10-07T22:33:42.7815735Z [1m[92m  Downloaded[0m bs58 v0.5.1
2026-10-07T22:33:42.7830843Z [1m[92m  Downloaded[0m h2 v0.4.19
2026-10-07T22:33:42.7874987Z [1m[92m  Downloaded[0m num-bigint-dig v0.9.1
2026-10-07T22:33:42.7905989Z [1m[92m  Downloaded[0m borsh-derive v1.5.7
2026-10-07T22:33:42.7927550Z [1m[92m  Downloaded[0m built v0.8.0
2026-10-07T22:33:42.7939739Z [1m[92m  Downloaded[0m guppy v0.18.0
2026-10-07T22:33:42.7984448Z [1m[92m  Downloaded[0m bumpalo v3.20.3
2026-10-07T22:33:42.8002411Z [1m[92m  Downloaded[0m rustix v1.1.4
2026-10-07T22:33:42.8192458Z [1m[92m  Downloaded[0m betlang v0.1.1
2026-10-07T22:33:42.8257532Z [1m[92m  Downloaded[0m moka v0.12.11
2026-10-07T22:33:42.8324107Z [1m[92m  Downloaded[0m lyon_geom v1.0.17
2026-10-07T22:33:42.8336147Z [1m[92m  Downloaded[0m openssl v0.10.81
2026-10-07T22:33:42.8403340Z [1m[92m  Downloaded[0m rustls v0.23.40
2026-10-07T22:33:42.8484737Z [1m[92m  Downloaded[0m gio-sys v0.21.5
2026-10-07T22:33:42.8503053Z [1m[92m  Downloaded[0m num-cmp v0.1.0
2026-10-07T22:33:42.8508929Z [1m[92m  Downloaded[0m rmp v0.8.14
2026-10-07T22:33:42.8536191Z [1m[92m  Downloaded[0m icu_collator_data v2.3.0
2026-10-07T22:33:42.8589433Z [1m[92m  Downloaded[0m rle-decode-fast v1.0.3
2026-10-07T22:33:42.8599508Z [1m[92m  Downloaded[0m sea-orm v1.1.10
2026-10-07T22:33:42.8848137Z [1m[92m  Downloaded[0m secrecy v0.10.3
2026-10-07T22:33:42.8854345Z [1m[92m  Downloaded[0m brush-parser v0.3.0
2026-10-07T22:33:42.8896181Z [1m[92m  Downloaded[0m pem-rfc7468 v0.7.0
2026-10-07T22:33:42.8910537Z [1m[92m  Downloaded[0m rustc-demangle v0.1.26
2026-10-07T22:33:42.8921721Z [1m[92m  Downloaded[0m piper v0.2.4
2026-10-07T22:33:42.8931761Z [1m[92m  Downloaded[0m serde_fmt v1.0.3
2026-10-07T22:33:42.8938921Z [1m[92m  Downloaded[0m merman-render v0.8.0-alpha.5
2026-10-07T22:33:42.9260572Z [1m[92m  Downloaded[0m serde_spanned v0.6.9
2026-10-07T22:33:42.9267850Z [1m[92m  Downloaded[0m minidumper v0.11.0
2026-10-07T22:33:42.9280291Z [1m[92m  Downloaded[0m rkyv_derive v0.7.45
2026-10-07T22:33:42.9290500Z [1m[92m  Downloaded[0m borsh v1.5.7
2026-10-07T22:33:42.9339554Z [1m[92m  Downloaded[0m half v2.7.1
2026-10-07T22:33:42.9358069Z [1m[92m  Downloaded[0m hyper-util v0.1.17
2026-10-07T22:33:42.9398045Z [1m[92m  Downloaded[0m perf-event-data v0.1.8
2026-10-07T22:33:42.9421578Z [1m[92m  Downloaded[0m pin-project-internal v1.1.10
2026-10-07T22:33:42.9432184Z [1m[92m  Downloaded[0m rustix-openpty v0.2.0
2026-10-07T22:33:42.9439726Z [1m[92m  Downloaded[0m serde_spanned v1.0.3
2026-10-07T22:33:42.9447470Z [1m[92m  Downloaded[0m image-webp v0.2.4
2026-10-07T22:33:42.9462460Z [1m[92m  Downloaded[0m imgref v1.12.0
2026-10-07T22:33:42.9473834Z [1m[92m  Downloaded[0m pest_derive v2.8.3
2026-10-07T22:33:42.9490096Z [1m[92m  Downloaded[0m pin-utils v0.1.0
2026-10-07T22:33:42.9498440Z [1m[92m  Downloaded[0m rustc-hash v1.1.0
2026-10-07T22:33:42.9504496Z [1m[92m  Downloaded[0m miette v7.6.0
2026-10-07T22:33:42.9535826Z [1m[92m  Downloaded[0m pkcs1 v0.7.5
2026-10-07T22:33:42.9552523Z [1m[92m  Downloaded[0m handlebars v4.5.0
2026-10-07T22:33:42.9603091Z [1m[92m  Downloaded[0m perf-event-open-sys2 v5.0.6
2026-10-07T22:33:42.9616247Z [1m[92m  Downloaded[0m num-bigint v0.4.8
2026-10-07T22:33:42.9649705Z [1m[92m  Downloaded[0m rkyv v0.7.45
2026-10-07T22:33:42.9709791Z [1m[92m  Downloaded[0m granit-parser v1.0.0
2026-10-07T22:33:42.9756657Z [1m[92m  Downloaded[0m aws-lc-sys v0.42.0
2026-10-07T22:33:43.1552271Z [1m[92m  Downloaded[0m seccompiler v0.5.0
2026-10-07T22:33:43.1577143Z [1m[92m  Downloaded[0m rust_decimal v1.39.0
2026-10-07T22:33:43.1621488Z [1m[92m  Downloaded[0m imara-diff v0.2.0
2026-10-07T22:33:43.1651936Z [1m[92m  Downloaded[0m lyon_tessellation v1.0.16
2026-10-07T22:33:43.1678279Z [1m[92m  Downloaded[0m freetype-sys v0.20.1
2026-10-07T22:33:43.2354117Z [1m[92m  Downloaded[0m image v0.25.10
2026-10-07T22:33:43.2418055Z [1m[92m  Downloaded[0m bstr v1.12.1
2026-10-07T22:33:43.2472030Z [1m[92m  Downloaded[0m logos v0.15.1
2026-10-07T22:33:43.2532298Z [1m[92m  Downloaded[0m rust-embed v8.11.0
2026-10-07T22:33:43.2588223Z [1m[92m  Downloaded[0m ring v0.17.14
2026-10-07T22:33:43.2877442Z [1m[92m  Downloaded[0m mdbook v0.4.40
2026-10-07T22:33:43.3026865Z [1m[92m  Downloaded[0m cosmic-text v0.19.0
2026-10-07T22:33:43.3241151Z [1m[92m  Downloaded[0m libsqlite3-sys v0.30.1
2026-10-07T22:33:45.1023906Z [1m[92m   Compiling[0m unicode-ident v1.0.24
2026-10-07T22:33:45.1024211Z [1m[92m   Compiling[0m quote v1.0.47
2026-10-07T22:33:45.1024464Z [1m[92m   Compiling[0m proc-macro2 v1.0.107
2026-10-07T22:33:45.1024679Z [1m[92m   Compiling[0m serde_core v1.0.229
2026-10-07T22:33:45.1737235Z [1m[92m   Compiling[0m libc v0.2.186
2026-10-07T22:33:45.4554100Z [1m[92m   Compiling[0m serde v1.0.229
2026-10-07T22:33:45.6504804Z [1m[92m   Compiling[0m cfg-if v1.0.4
2026-10-07T22:33:45.6922693Z [1m[92m   Compiling[0m memchr v2.8.3
2026-10-07T22:33:46.3724398Z [1m[92m   Compiling[0m syn v2.0.117
2026-10-07T22:33:46.6965749Z [1m[92m   Compiling[0m syn v3.0.3
2026-10-07T22:33:46.8024326Z [1m[92m   Compiling[0m typeid v1.0.3
2026-10-07T22:33:46.9834517Z [1m[92m   Compiling[0m erased-serde v0.4.9
2026-10-07T22:33:47.8072995Z [1m[92m   Compiling[0m equivalent v1.0.2
2026-10-07T22:33:47.8514474Z [1m[92m   Compiling[0m jobserver v0.1.34
2026-10-07T22:33:48.0705948Z [1m[92m   Compiling[0m find-msvc-tools v0.1.11
2026-10-07T22:33:48.0706963Z [1m[92m   Compiling[0m shlex v2.0.1
2026-10-07T22:33:48.2054588Z [1m[92m   Compiling[0m cc v1.4.3
2026-10-07T22:33:48.2438740Z [1m[92m   Compiling[0m itoa v1.0.18
2026-10-07T22:33:48.3564250Z [1m[92m   Compiling[0m allocator-api2 v0.2.21
2026-10-07T22:33:48.5568842Z [1m[92m   Compiling[0m once_cell v1.21.4
2026-10-07T22:33:48.6934446Z [1m[92m   Compiling[0m pin-project-lite v0.2.16
2026-10-07T22:33:48.7409259Z [1m[92m   Compiling[0m autocfg v1.5.0
2026-10-07T22:33:48.9824532Z [1m[92m   Compiling[0m version_check v0.9.5
2026-10-07T22:33:49.1764653Z [1m[92m   Compiling[0m foldhash v0.2.0
2026-10-07T22:33:49.2004730Z [1m[92m   Compiling[0m futures-core v0.3.34
2026-10-07T22:33:49.3174286Z [1m[92m   Compiling[0m libm v0.2.16
2026-10-07T22:33:49.3335246Z [1m[92m   Compiling[0m bitflags v2.13.1
2026-10-07T22:33:49.4864810Z [1m[92m   Compiling[0m hashbrown v0.17.1
2026-10-07T22:33:49.9154223Z [1m[92m   Compiling[0m scopeguard v1.2.0
2026-10-07T22:33:49.9684264Z [1m[92m   Compiling[0m indexmap v2.14.0
2026-10-07T22:33:50.2344414Z [1m[92m   Compiling[0m pkg-config v0.3.32
2026-10-07T22:33:50.5094319Z [1m[92m   Compiling[0m zmij v1.0.23
2026-10-07T22:33:50.5451840Z [1m[92m   Compiling[0m futures-io v0.3.34
2026-10-07T22:33:50.6474992Z [1m[92m   Compiling[0m slab v0.4.11
2026-10-07T22:33:50.7384839Z [1m[92m   Compiling[0m subtle v2.6.1
2026-10-07T22:33:50.8884275Z [1m[92m   Compiling[0m linux-raw-sys v0.12.1
2026-10-07T22:33:51.2674354Z [1m[92m   Compiling[0m fnv v1.0.7
2026-10-07T22:33:51.3174384Z [1m[92m   Compiling[0m lock_api v0.4.14
2026-10-07T22:33:51.4867008Z [1m[92m   Compiling[0m futures-sink v0.3.34
2026-10-07T22:33:51.5474449Z [1m[92m   Compiling[0m typenum v1.19.0
2026-10-07T22:33:51.7384433Z [1m[92m   Compiling[0m generic-array v0.14.7
2026-10-07T22:33:51.8564577Z [1m[92m   Compiling[0m bytes v1.11.1
2026-10-07T22:33:52.4974709Z [1m[92m   Compiling[0m crypto-common v0.1.6
2026-10-07T22:33:52.5664389Z [1m[92m   Compiling[0m anyhow v1.0.104
2026-10-07T22:33:52.6454478Z [1m[92m   Compiling[0m num-traits v0.2.19
2026-10-07T22:33:52.8000442Z [1m[92m   Compiling[0m block-buffer v0.10.4
2026-10-07T22:33:53.0051024Z [1m[92m   Compiling[0m futures-channel v0.3.34
2026-10-07T22:33:53.1374109Z [1m[92m   Compiling[0m fastrand v2.3.0
2026-10-07T22:33:53.2919007Z [1m[92m   Compiling[0m futures-task v0.3.34
2026-10-07T22:33:53.3185255Z [1m[92m   Compiling[0m regex-syntax v0.8.11
2026-10-07T22:33:53.4028623Z [1m[92m   Compiling[0m parking_lot_core v0.9.12
2026-10-07T22:33:53.5594772Z [1m[92m   Compiling[0m crossbeam-utils v0.8.21
2026-10-07T22:33:53.7234486Z [1m[92m   Compiling[0m aho-corasick v1.1.3
2026-10-07T22:33:54.7800388Z [1m[92m   Compiling[0m regex-automata v0.4.18
2026-10-07T22:33:55.1224267Z [1m[92m   Compiling[0m synstructure v0.13.2
2026-10-07T22:33:55.5752191Z [1m[92m   Compiling[0m zerocopy v0.8.27
2026-10-07T22:33:55.7736088Z [1m[92m   Compiling[0m serde_json v1.0.151
2026-10-07T22:33:57.5806095Z [1m[92m   Compiling[0m cpufeatures v0.2.17
2026-10-07T22:33:57.6244324Z [1m[92m   Compiling[0m rustix v1.1.4
2026-10-07T22:33:59.2444126Z [1m[92m   Compiling[0m thiserror v2.0.17
2026-10-07T22:33:59.4869807Z [1m[92m   Compiling[0m getrandom v0.3.4
2026-10-07T22:33:59.6504416Z [1m[92m   Compiling[0m const-oid v0.9.6
2026-10-07T22:33:59.7924974Z [1m[92m   Compiling[0m percent-encoding v2.3.2
2026-10-07T22:34:00.0385152Z [1m[92m   Compiling[0m heck v0.5.0
2026-10-07T22:34:00.1784985Z [1m[92m   Compiling[0m signal-hook-registry v1.4.6
2026-10-07T22:34:00.3636523Z [1m[92m   Compiling[0m tracing-core v0.1.35
2026-10-07T22:34:00.6784434Z [1m[92m   Compiling[0m digest v0.10.7
2026-10-07T22:34:00.8024413Z [1m[92m   Compiling[0m utf8_iter v1.0.4
2026-10-07T22:34:00.8884617Z [1m[92m   Compiling[0m icu_properties_data v2.3.0
2026-10-07T22:34:00.9798424Z [1m[92m   Compiling[0m icu_normalizer_data v2.3.0
2026-10-07T22:34:01.1331156Z [1m[92m   Compiling[0m crc32fast v1.5.0
2026-10-07T22:34:01.3823017Z [1m[92m   Compiling[0m form_urlencoded v1.2.2
2026-10-07T22:34:01.4914756Z [1m[92m   Compiling[0m regex v1.12.3
2026-10-07T22:34:01.5064283Z [1m[92m   Compiling[0m dunce v1.0.5
2026-10-07T22:34:01.5524829Z [1m[92m   Compiling[0m atomic-waker v1.1.2
2026-10-07T22:34:01.6254416Z [1m[92m   Compiling[0m ryu v1.0.23
2026-10-07T22:34:01.7553899Z [1m[92m   Compiling[0m http v1.3.1
2026-10-07T22:34:02.4064465Z [1m[92m   Compiling[0m stable_deref_trait v1.2.1
2026-10-07T22:34:02.4544471Z [1m[92m   Compiling[0m parking v2.2.1
2026-10-07T22:34:02.5564966Z [1m[92m   Compiling[0m simd-adler32 v0.3.7
2026-10-07T22:34:02.6974588Z [1m[92m   Compiling[0m sha2 v0.10.9
2026-10-07T22:34:02.9394828Z [1m[92m   Compiling[0m adler2 v2.0.1
2026-10-07T22:34:03.0087189Z [1m[92m   Compiling[0m miniz_oxide v0.8.9
2026-10-07T22:34:04.3054572Z [1m[92m   Compiling[0m concurrent-queue v2.5.0
2026-10-07T22:34:04.4295857Z [1m[92m   Compiling[0m http-body v1.0.1
2026-10-07T22:34:04.5299785Z [1m[92m   Compiling[0m rustc-hash v2.1.1
2026-10-07T22:34:04.6024608Z [1m[92m   Compiling[0m writeable v0.6.4
2026-10-07T22:34:04.6154282Z [1m[92m   Compiling[0m litemap v0.8.0
2026-10-07T22:34:04.7256676Z [1m[92m   Compiling[0m event-listener v5.4.1
2026-10-07T22:34:04.8004602Z [1m[92m   Compiling[0m flate2 v1.1.8
2026-10-07T22:34:04.8914517Z [1m[92m   Compiling[0m base64 v0.22.1
2026-10-07T22:34:05.0934394Z [1m[92m   Compiling[0m utf16_iter v1.0.5
2026-10-07T22:34:05.1041802Z [1m[92m   Compiling[0m write16 v1.0.0
2026-10-07T22:34:05.1471900Z [1m[92m   Compiling[0m semver v1.0.28
2026-10-07T22:34:05.1795206Z [1m[92m   Compiling[0m futures-lite v2.6.1
2026-10-07T22:34:05.5016705Z [1m[92m   Compiling[0m async-task v4.7.1 (https://github.com/smol-rs/async-task.git?rev=b4486cd71e4e94fbda54ce6302444de14f4d190e#b4486cd7)
2026-10-07T22:34:05.6496610Z [1m[92m   Compiling[0m event-listener-strategy v0.5.4
2026-10-07T22:34:05.6734494Z [1m[92m   Compiling[0m zstd-sys v2.0.16+zstd.1.5.7
2026-10-07T22:34:05.9630588Z [1m[92m   Compiling[0m async-channel v2.5.0
2026-10-07T22:34:06.0676935Z [1m[92m   Compiling[0m hashbrown v0.16.1
2026-10-07T22:34:06.3856358Z [1m[92m   Compiling[0m sha1_smol v1.0.1
2026-10-07T22:34:06.5020039Z [1m[92m   Compiling[0m rand_core v0.9.3
2026-10-07T22:34:06.6236251Z [1m[92m   Compiling[0m unicase v2.8.1
2026-10-07T22:34:06.7343095Z [1m[92m   Compiling[0m async-io v2.6.0
2026-10-07T22:34:06.8141457Z [1m[92m   Compiling[0m getrandom v0.2.16
2026-10-07T22:34:06.9131363Z [1m[92m   Compiling[0m unicode-segmentation v1.13.3
2026-10-07T22:34:07.1450105Z [1m[92m   Compiling[0m iana-time-zone v0.1.64
2026-10-07T22:34:07.3065254Z [1m[92m   Compiling[0m same-file v1.0.6
2026-10-07T22:34:07.3945228Z [1m[92m   Compiling[0m walkdir v2.5.0
2026-10-07T22:34:07.5548508Z [1m[92m   Compiling[0m getrandom v0.4.1
2026-10-07T22:34:07.6384415Z [1m[92m   Compiling[0m rand_core v0.10.1
2026-10-07T22:34:07.7024659Z [1m[92m   Compiling[0m ref-cast v1.0.25
2026-10-07T22:34:07.8438095Z [1m[92m   Compiling[0m piper v0.2.4
2026-10-07T22:34:07.9454184Z [1m[92m   Compiling[0m zerocopy-derive v0.8.27
2026-10-07T22:34:08.0448997Z [1m[92m   Compiling[0m zerofrom-derive v0.1.6
2026-10-07T22:34:08.4144498Z [1m[92m   Compiling[0m serde_derive v1.0.229
2026-10-07T22:34:08.6504597Z [1m[92m   Compiling[0m futures-macro v0.3.34
2026-10-07T22:34:08.9924795Z [1m[92m   Compiling[0m futures-util v0.3.34
2026-10-07T22:34:09.5566010Z [1m[92m   Compiling[0m yoke-derive v0.8.2
2026-10-07T22:34:10.0539787Z [1m[92m   Compiling[0m thiserror-impl v2.0.17
2026-10-07T22:34:10.5209584Z [1m[92m   Compiling[0m serde_fmt v1.0.3
2026-10-07T22:34:10.6025393Z [1m[92m   Compiling[0m value-bag-serde1 v1.12.0
2026-10-07T22:34:10.6131666Z [1m[92m   Compiling[0m smallvec v1.16.1
2026-10-07T22:34:10.6384571Z [1m[92m   Compiling[0m value-bag v1.12.0
2026-10-07T22:34:10.7344401Z [1m[92m   Compiling[0m either v1.15.0
2026-10-07T22:34:10.8704609Z [1m[92m   Compiling[0m log v0.4.29
2026-10-07T22:34:10.8944383Z [1m[92m   Compiling[0m zerovec-derive v0.11.5
2026-10-07T22:34:10.9234452Z [1m[92m   Compiling[0m displaydoc v0.2.5
2026-10-07T22:34:11.1274335Z [1m[92m   Compiling[0m parking_lot v0.12.5
2026-10-07T22:34:11.3424752Z [1m[92m   Compiling[0m tracing-attributes v0.1.31
2026-10-07T22:34:11.4204956Z [1m[92m   Compiling[0m ppv-lite86 v0.2.21
2026-10-07T22:34:11.5844271Z [1m[92m   Compiling[0m zerofrom v0.1.6
2026-10-07T22:34:11.6110311Z [1m[92m   Compiling[0m futures-executor v0.3.34
2026-10-07T22:34:11.6424490Z [1m[92m   Compiling[0m yoke v0.8.3
2026-10-07T22:34:11.7752920Z [1m[92m   Compiling[0m zerovec v0.11.8
2026-10-07T22:34:11.7904610Z [1m[92m   Compiling[0m zerotrie v0.2.5
2026-10-07T22:34:11.9994379Z [1m[92m   Compiling[0m tracing v0.1.43
2026-10-07T22:34:12.1595949Z [1m[92m   Compiling[0m itertools v0.14.0
2026-10-07T22:34:12.1838416Z [1m[92m   Compiling[0m futures v0.3.34
2026-10-07T22:34:12.2368236Z [1m[92m   Compiling[0m serde_urlencoded v0.7.1
2026-10-07T22:34:12.3914334Z [1m[92m   Compiling[0m tinystr v0.8.4
2026-10-07T22:34:12.4084469Z [1m[92m   Compiling[0m potential_utf v0.1.3
2026-10-07T22:34:12.5043246Z [1m[92m   Compiling[0m icu_collections v2.3.0
2026-10-07T22:34:12.5364428Z [1m[92m   Compiling[0m icu_locale_core v2.3.0
2026-10-07T22:34:12.8304326Z [1m[92m   Compiling[0m uuid v1.18.1
2026-10-07T22:34:13.1179002Z [1m[92m   Compiling[0m rand_chacha v0.9.0
2026-10-07T22:34:13.1598768Z [1m[92m   Compiling[0m icu_provider v2.3.0
2026-10-07T22:34:13.6294515Z [1m[92m   Compiling[0m icu_normalizer v2.3.0
2026-10-07T22:34:13.7023190Z [1m[92m   Compiling[0m icu_properties v2.3.0
2026-10-07T22:34:13.7262582Z [1m[92m   Compiling[0m rand v0.9.4
2026-10-07T22:34:14.0542717Z [1m[92m   Compiling[0m gpui_util v0.1.0 (/home/runner/work/koda/koda/crates/gpui_util)
2026-10-07T22:34:14.0963398Z [1m[92m   Compiling[0m chrono v0.4.42
2026-10-07T22:34:14.2114892Z [1m[92m   Compiling[0m ref-cast-impl v1.0.25
2026-10-07T22:34:14.4599904Z [1m[92m   Compiling[0m idna_adapter v1.2.1
2026-10-07T22:34:14.5200837Z [1m[92m   Compiling[0m idna v1.1.0
2026-10-07T22:34:14.5474362Z [1m[92m   Compiling[0m cfg_aliases v0.2.1
2026-10-07T22:34:14.6081345Z [1m[92m   Compiling[0m pin-project-internal v1.1.10
2026-10-07T22:34:14.9434434Z [1m[92m   Compiling[0m url v2.5.7
2026-10-07T22:34:14.9804835Z [1m[92m   Compiling[0m polling v3.11.0
2026-10-07T22:34:15.1454799Z [1m[92m   Compiling[0m blocking v1.6.2
2026-10-07T22:34:15.2284415Z [1m[92m   Compiling[0m pin-project v1.1.10
2026-10-07T22:34:15.2854273Z [1m[92m   Compiling[0m async-lock v3.4.2
2026-10-07T22:34:15.3219929Z [1m[92m   Compiling[0m serde_derive_internals v0.29.1
2026-10-07T22:34:15.4695705Z [1m[92m   Compiling[0m dyn-clone v1.0.20
2026-10-07T22:34:15.5437632Z [1m[92m   Compiling[0m tempfile v3.27.0
2026-10-07T22:34:15.6174607Z [1m[92m   Compiling[0m memoffset v0.9.1
2026-10-07T22:34:15.7745179Z [1m[92m   Compiling[0m async-executor v1.13.3
2026-10-07T22:34:15.9204017Z [1m[92m   Compiling[0m schemars_derive v1.0.4
2026-10-07T22:34:16.0101733Z [1m[92m   Compiling[0m option-ext v0.2.0
2026-10-07T22:34:16.0669000Z [1m[92m   Compiling[0m byteorder v1.5.0
2026-10-07T22:34:16.1095723Z [1m[92m   Compiling[0m arrayvec v0.7.6
2026-10-07T22:34:16.1924755Z [1m[92m   Compiling[0m winnow v0.7.13
2026-10-07T22:34:16.2432086Z [1m[92m   Compiling[0m dirs-sys v0.5.0
2026-10-07T22:34:16.3512350Z [1m[92m   Compiling[0m dirs v6.0.0
2026-10-07T22:34:16.4154612Z [1m[92m   Compiling[0m collections v0.1.0 (/home/runner/work/koda/koda/crates/collections)
2026-10-07T22:34:16.4728916Z [1m[92m   Compiling[0m siphasher v1.0.1
2026-10-07T22:34:16.5913777Z [1m[92m   Compiling[0m libbz2-rs-sys v0.2.2
2026-10-07T22:34:16.7966602Z [1m[92m   Compiling[0m thiserror v1.0.69
2026-10-07T22:34:17.0080196Z [1m[92m   Compiling[0m bzip2 v0.6.1
2026-10-07T22:34:17.0184840Z [1m[92m   Compiling[0m async-signal v0.2.13
2026-10-07T22:34:17.1228996Z [1m[92m   Compiling[0m thiserror-impl v1.0.69
2026-10-07T22:34:17.1474378Z [1m[92m   Compiling[0m spin v0.9.8
2026-10-07T22:34:17.2131583Z [1m[92m   Compiling[0m no_std_io2 v0.9.4
2026-10-07T22:34:17.2539486Z [1m[92m   Compiling[0m rle-decode-fast v1.0.3
2026-10-07T22:34:17.2624668Z [1m[92m   Compiling[0m rayon-core v1.13.0
2026-10-07T22:34:17.2944287Z [1m[92m   Compiling[0m compression-core v0.4.29
2026-10-07T22:34:17.3261921Z [1m[92m   Compiling[0m strsim v0.11.1
2026-10-07T22:34:17.3484866Z [1m[92m   Compiling[0m deflate64 v0.1.10
2026-10-07T22:34:17.5063692Z [1m[92m   Compiling[0m compression-codecs v0.4.31
2026-10-07T22:34:17.5503538Z [1m[92m   Compiling[0m async-process v2.5.0 (https://github.com/zed-industries/async-process.git?rev=0b6d6713570af61806e1e5cb40e0f757cb93fd9d#0b6d6713)
2026-10-07T22:34:17.6444421Z [1m[92m   Compiling[0m which v8.0.5
2026-10-07T22:34:17.8017008Z [1m[92m   Compiling[0m zstd-safe v7.3.0
2026-10-07T22:34:17.8522745Z [1m[92m   Compiling[0m async-compression v0.4.32
2026-10-07T22:34:17.8819707Z [1m[92m   Compiling[0m perf v0.1.0 (/home/runner/work/koda/koda/tooling/perf)
2026-10-07T22:34:17.8888780Z [1m[92m   Compiling[0m adler32 v1.2.0
2026-10-07T22:34:17.9404841Z [1m[92m   Compiling[0m dary_heap v0.3.9
2026-10-07T22:34:18.0214853Z [1m[92m   Compiling[0m unicode-xid v0.2.6
2026-10-07T22:34:18.1204925Z [1m[92m   Compiling[0m util_macros v0.1.0 (/home/runner/work/koda/koda/crates/util_macros)
2026-10-07T22:34:18.1312666Z [1m[92m   Compiling[0m pin-utils v0.1.0
2026-10-07T22:34:18.1704721Z [1m[92m   Compiling[0m schemars v1.0.4
2026-10-07T22:34:18.2904525Z [1m[92m   Compiling[0m zstd v0.13.3
2026-10-07T22:34:18.4724491Z [1m[92m   Compiling[0m libflate_lz77 v2.3.0
2026-10-07T22:34:18.5444882Z [1m[92m   Compiling[0m proc-macro-error-attr3 v3.1.1
2026-10-07T22:34:18.6094880Z [1m[92m   Compiling[0m libflate v2.3.1
2026-10-07T22:34:18.7644336Z [1m[92m   Compiling[0m serde_json_lenient v0.2.4
2026-10-07T22:34:18.8850295Z [1m[92m   Compiling[0m proc-macro-error3 v3.1.1
2026-10-07T22:34:19.0036113Z [1m[92m   Compiling[0m include-flate-compress v0.3.4
2026-10-07T22:34:19.0356744Z [1m[92m   Compiling[0m async-fs v2.2.0
2026-10-07T22:34:19.0816829Z [1m[92m   Compiling[0m rand_core v0.6.4
2026-10-07T22:34:19.0914003Z [1m[92m   Compiling[0m bstr v1.12.1
2026-10-07T22:34:19.2301356Z [1m[92m   Compiling[0m include-flate-codegen v0.3.4
2026-10-07T22:34:19.3125030Z [1m[92m   Compiling[0m convert_case v0.10.0
2026-10-07T22:34:19.4164341Z [1m[92m   Compiling[0m globset v0.4.17
2026-10-07T22:34:19.4994377Z [1m[92m   Compiling[0m anstyle v1.0.13
2026-10-07T22:34:19.5404349Z [1m[92m   Compiling[0m derive_more-impl v2.1.1
2026-10-07T22:34:19.6524297Z [1m[92m   Compiling[0m rust-embed-utils v8.11.0
2026-10-07T22:34:19.8394182Z [1m[92m   Compiling[0m path v0.1.0 (/home/runner/work/koda/koda/crates/path)
2026-10-07T22:34:19.8596405Z [1m[92m   Compiling[0m strum_macros v0.28.0
2026-10-07T22:34:20.5744511Z [1m[92m   Compiling[0m rust-embed-impl v8.11.0
2026-10-07T22:34:21.0065120Z [1m[92m   Compiling[0m lazy_static v1.5.0
2026-10-07T22:34:21.0564562Z [1m[92m   Compiling[0m crossbeam-epoch v0.9.18
2026-10-07T22:34:21.0754196Z [1m[92m   Compiling[0m strum v0.28.0
2026-10-07T22:34:21.1384159Z [1m[92m   Compiling[0m filetime v0.2.29
2026-10-07T22:34:21.4044458Z [1m[92m   Compiling[0m nix v0.30.1
2026-10-07T22:34:21.5872535Z [1m[92m   Compiling[0m derive_more v2.1.1
2026-10-07T22:34:21.6174530Z [1m[92m   Compiling[0m clap_lex v0.7.6
2026-10-07T22:34:21.7018434Z [1m[92m   Compiling[0m crossbeam-deque v0.8.6
2026-10-07T22:34:21.7594760Z [1m[92m   Compiling[0m async-net v2.0.0
2026-10-07T22:34:21.8314517Z [1m[92m   Compiling[0m bytemuck_derive v1.10.2
2026-10-07T22:34:22.0954415Z [1m[92m   Compiling[0m shlex v1.3.0
2026-10-07T22:34:22.2339728Z [1m[92m   Compiling[0m smol v2.0.2
2026-10-07T22:34:22.2954503Z [1m[92m   Compiling[0m async_zip v0.0.18
2026-10-07T22:34:22.4254949Z [1m[92m   Compiling[0m include-flate v0.3.4
2026-10-07T22:34:22.6594845Z [1m[92m   Compiling[0m bytemuck v1.24.0
2026-10-07T22:34:22.7505397Z [1m[92m   Compiling[0m rust-embed v8.11.0
2026-10-07T22:34:22.7925255Z [1m[92m   Compiling[0m zeroize_derive v1.4.2
2026-10-07T22:34:22.8349792Z [1m[92m   Compiling[0m toml_parser v1.0.4
2026-10-07T22:34:23.1824621Z [1m[92m   Compiling[0m zeroize v1.8.2
2026-10-07T22:34:23.2864199Z [1m[92m   Compiling[0m toml_datetime v0.7.3
2026-10-07T22:34:23.3188122Z [1m[92m   Compiling[0m mio v1.2.0
2026-10-07T22:34:23.4787155Z [1m[92m   Compiling[0m syn v1.0.109
2026-10-07T22:34:23.6676630Z [1m[92m   Compiling[0m command-fds v0.3.2
2026-10-07T22:34:23.7975143Z [1m[92m   Compiling[0m util v0.1.0 (/home/runner/work/koda/koda/crates/util)
2026-10-07T22:34:23.9144373Z [1m[92m   Compiling[0m rustc_version v0.4.1
2026-10-07T22:34:24.0641428Z [1m[92m   Compiling[0m utf8parse v0.2.2
2026-10-07T22:34:24.0994891Z [1m[92m   Compiling[0m colorchoice v1.0.4
2026-10-07T22:34:24.1220905Z [1m[92m   Compiling[0m anstyle-parse v0.2.7
2026-10-07T22:34:24.1604740Z [1m[92m   Compiling[0m is_terminal_polyfill v1.70.1
2026-10-07T22:34:24.2234108Z [1m[92m   Compiling[0m anstyle-query v1.1.4
2026-10-07T22:34:24.2982498Z [1m[92m   Compiling[0m rayon v1.11.0
2026-10-07T22:34:24.3485878Z [1m[92m   Compiling[0m anstream v0.6.21
2026-10-07T22:34:24.6071135Z [1m[92m   Compiling[0m terminal_size v0.4.3
2026-10-07T22:34:24.7084700Z [1m[92m   Compiling[0m clap_builder v4.5.49
2026-10-07T22:34:25.2244680Z [1m[92m   Compiling[0m clap_derive v4.5.49
2026-10-07T22:34:25.8571244Z [1m[92m   Compiling[0m half v2.7.1
2026-10-07T22:34:26.1484438Z [1m[92m   Compiling[0m event-listener v2.5.3
2026-10-07T22:34:26.2885548Z [1m[92m   Compiling[0m async-channel v1.9.0
2026-10-07T22:34:26.3654067Z [1m[92m   Compiling[0m clap v4.5.49
2026-10-07T22:34:26.3821825Z [1m[92m   Compiling[0m async-global-executor v2.4.1
2026-10-07T22:34:26.4162316Z [1m[92m   Compiling[0m kv-log-macro v1.0.7
2026-10-07T22:34:26.5035754Z [1m[92m   Compiling[0m fixedbitset v0.5.7
2026-10-07T22:34:26.6744483Z [1m[92m   Compiling[0m smol_str v0.3.6
2026-10-07T22:34:26.7029059Z [1m[92m   Compiling[0m xattr v1.6.1
2026-10-07T22:34:26.8354633Z [1m[92m   Compiling[0m crossbeam-queue v0.3.12
2026-10-07T22:34:26.8584079Z [1m[92m   Compiling[0m bitflags v1.3.2
2026-10-07T22:34:26.8814553Z [1m[92m   Compiling[0m thread_local v1.1.9
2026-10-07T22:34:26.9124546Z [1m[92m   Compiling[0m tinyvec_macros v0.1.1
2026-10-07T22:34:26.9266886Z [1m[92m   Compiling[0m memmap2 v0.9.8
2026-10-07T22:34:26.9583913Z [1m[92m   Compiling[0m tinyvec v1.10.0
2026-10-07T22:34:27.0342342Z [1m[92m   Compiling[0m unicode-properties v0.1.3
2026-10-07T22:34:27.0724730Z [1m[92m   Compiling[0m nu-ansi-term v0.50.3
2026-10-07T22:34:27.1614963Z [1m[92m   Compiling[0m tracing-log v0.2.0
2026-10-07T22:34:27.2326528Z [1m[92m   Compiling[0m serde_spanned v1.0.3
2026-10-07T22:34:27.2804451Z [1m[92m   Compiling[0m toml_writer v1.0.4
2026-10-07T22:34:27.3180384Z [1m[92m   Compiling[0m unicode-bidi v0.3.18
2026-10-07T22:34:27.3304399Z [1m[92m   Compiling[0m static_assertions v1.1.0
2026-10-07T22:34:27.3793657Z [1m[92m   Compiling[0m rustc-demangle v0.1.26
2026-10-07T22:34:27.4084419Z [1m[92m   Compiling[0m core_maths v0.1.1
2026-10-07T22:34:27.4635797Z [1m[92m   Compiling[0m gpui_shared_string v0.1.0 (/home/runner/work/koda/koda/crates/gpui_shared_string)
2026-10-07T22:34:27.5553025Z [1m[92m   Compiling[0m rand_chacha v0.3.1
2026-10-07T22:34:27.6690012Z [1m[92m   Compiling[0m euclid v0.22.14
2026-10-07T22:34:27.7054833Z [1m[92m   Compiling[0m ztracing v0.1.0 (/home/runner/work/koda/koda/crates/ztracing)
2026-10-07T22:34:27.8355640Z [1m[92m   Compiling[0m rand v0.8.6
2026-10-07T22:34:27.8544113Z [1m[92m   Compiling[0m fdeflate v0.3.7
2026-10-07T22:34:28.1224519Z [1m[92m   Compiling[0m object v0.37.3
2026-10-07T22:34:28.1395848Z [1m[92m   Compiling[0m ciborium-io v0.2.2
2026-10-07T22:34:28.1904867Z [1m[92m   Compiling[0m ztracing_macro v0.1.0 (/home/runner/work/koda/koda/crates/ztracing_macro)
2026-10-07T22:34:28.2938482Z [1m[92m   Compiling[0m heapless v0.9.2
2026-10-07T22:34:28.3384412Z [1m[92m   Compiling[0m ciborium-ll v0.2.2
2026-10-07T22:34:28.3639578Z [1m[92m   Compiling[0m polycool v0.4.0
2026-10-07T22:34:28.4694821Z [1m[92m   Compiling[0m hash32 v0.3.1
2026-10-07T22:34:28.4928847Z [1m[92m   Compiling[0m slotmap v1.0.7
2026-10-07T22:34:28.5538654Z [1m[92m   Compiling[0m kurbo v0.13.1
2026-10-07T22:34:28.6115723Z [1m[92m   Compiling[0m ciborium v0.2.2
2026-10-07T22:34:29.0046542Z [1m[92m   Compiling[0m ttf-parser v0.25.1
2026-10-07T22:34:29.4422594Z [1m[92m   Compiling[0m toml v0.9.8
2026-10-07T22:34:30.3251333Z [1m[92m   Compiling[0m convert_case v0.11.0
2026-10-07T22:34:30.5484563Z [1m[92m   Compiling[0m alloca v0.4.0
2026-10-07T22:34:30.6731448Z [1m[92m   Compiling[0m plotters-backend v0.3.7
2026-10-07T22:34:30.7164654Z [1m[92m   Compiling[0m weezl v0.1.10
2026-10-07T22:34:30.8644485Z [1m[92m   Compiling[0m quick-error v2.0.1
2026-10-07T22:34:30.8804203Z [1m[92m   Compiling[0m bit-vec v0.8.0
2026-10-07T22:34:30.9205102Z [1m[92m   Compiling[0m zune-core v0.5.1
2026-10-07T22:34:31.0084608Z [1m[92m   Compiling[0m bit-set v0.8.0
2026-10-07T22:34:31.0363896Z [1m[92m   Compiling[0m plotters-svg v0.3.7
2026-10-07T22:34:31.0994730Z [1m[92m   Compiling[0m zune-jpeg v0.5.15
2026-10-07T22:34:31.2014478Z [1m[92m   Compiling[0m svgtypes v0.16.1
2026-10-07T22:34:31.5794455Z [1m[92m   Compiling[0m perf-event-open-sys2 v5.0.6
2026-10-07T22:34:31.6975756Z [1m[92m   Compiling[0m itertools v0.13.0
2026-10-07T22:34:31.8714538Z [1m[92m   Compiling[0m page_size v0.6.0
2026-10-07T22:34:31.8834396Z [1m[92m   Compiling[0m wait-timeout v0.2.1
2026-10-07T22:34:31.9314960Z [1m[92m   Compiling[0m byteorder-lite v0.1.0
2026-10-07T22:34:32.0254484Z [1m[92m   Compiling[0m roxmltree v0.20.0
2026-10-07T22:34:32.0994395Z [1m[92m   Compiling[0m float-cmp v0.9.0
2026-10-07T22:34:32.1854547Z [1m[92m   Compiling[0m c-enum v0.2.3
2026-10-07T22:34:32.2374658Z [1m[92m   Compiling[0m color_quant v1.1.0
2026-10-07T22:34:32.3644415Z [1m[92m   Compiling[0m cast v0.3.0
2026-10-07T22:34:32.4774823Z [1m[92m   Compiling[0m quick-error v1.2.3
2026-10-07T22:34:32.5068925Z [1m[92m   Compiling[0m unicode-script v0.5.8
2026-10-07T22:34:32.5334355Z [1m[92m   Compiling[0m gimli v0.32.3
2026-10-07T22:34:32.6074673Z [1m[92m   Compiling[0m criterion-plot v0.8.2
2026-10-07T22:34:32.7145009Z [1m[92m   Compiling[0m fontconfig-parser v0.5.8
2026-10-07T22:34:32.9100372Z [1m[92m   Compiling[0m gif v0.14.2
2026-10-07T22:34:33.1314368Z [1m[92m   Compiling[0m strict-num v0.1.1
2026-10-07T22:34:33.2274543Z [1m[92m   Compiling[0m image-webp v0.2.4
2026-10-07T22:34:33.3694321Z [1m[92m   Compiling[0m plotters v0.3.7
2026-10-07T22:34:34.0497432Z [1m[92m   Compiling[0m addr2line v0.25.1
2026-10-07T22:34:34.0704896Z [1m[92m   Compiling[0m fax_derive v0.2.0
2026-10-07T22:34:34.1039602Z [1m[92m   Compiling[0m zune-inflate v0.2.54
2026-10-07T22:34:34.2904286Z [1m[92m   Compiling[0m roxmltree v0.21.1
2026-10-07T22:34:34.3153325Z [1m[92m   Compiling[0m lebe v0.5.3
2026-10-07T22:34:34.4274470Z [1m[92m   Compiling[0m bit_field v0.10.3
2026-10-07T22:34:34.4454548Z [1m[92m   Compiling[0m arrayref v0.3.9
2026-10-07T22:34:34.4904422Z [1m[92m   Compiling[0m oorandom v11.1.5
2026-10-07T22:34:34.5124183Z [1m[92m   Compiling[0m data-url v0.3.2
2026-10-07T22:34:34.5550026Z [1m[92m   Compiling[0m raw-window-handle v0.6.2
2026-10-07T22:34:34.7052342Z [1m[92m   Compiling[0m unicode-bidi-mirroring v0.4.0
2026-10-07T22:34:34.7244377Z [1m[92m   Compiling[0m unicode-ccc v0.4.0
2026-10-07T22:34:34.7600885Z [1m[92m   Compiling[0m anes v0.1.6
2026-10-07T22:34:34.7802912Z [1m[92m   Compiling[0m tiny-skia-path v0.11.4
2026-10-07T22:34:34.7804154Z [1m[92m   Compiling[0m fax v0.2.6
2026-10-07T22:34:34.9335226Z [1m[92m   Compiling[0m fontdb v0.23.0
2026-10-07T22:34:34.9974766Z [1m[92m   Compiling[0m proptest-macro v0.5.0 (https://github.com/proptest-rs/proptest?rev=3dca198a8fef1b32e3a66f1e1897c955b4dc5b5b#3dca198a)
2026-10-07T22:34:35.2633041Z [1m[92m   Compiling[0m lyon_geom v1.0.17
2026-10-07T22:34:35.2758367Z [1m[92m   Compiling[0m profiling-procmacros v1.0.17
2026-10-07T22:34:35.4212593Z [1m[92m   Compiling[0m rand_xorshift v0.4.0
2026-10-07T22:34:35.5154574Z [1m[92m   Compiling[0m pxfm v0.1.25
2026-10-07T22:34:35.5254486Z [1m[92m   Compiling[0m unarray v0.1.4
2026-10-07T22:34:35.5499443Z [1m[92m   Compiling[0m lyon_path v1.0.16
2026-10-07T22:34:35.5814752Z [1m[92m   Compiling[0m profiling v1.0.17
2026-10-07T22:34:35.6284665Z [1m[92m   Compiling[0m tiff v0.11.3
2026-10-07T22:34:35.8924430Z [1m[92m   Compiling[0m qoi v0.4.1
2026-10-07T22:34:36.0371186Z [1m[92m   Compiling[0m simplecss v0.2.2
2026-10-07T22:34:36.3335376Z [1m[92m   Compiling[0m enumn v0.1.14
2026-10-07T22:34:36.5924426Z [1m[92m   Compiling[0m waker-fn v1.2.0
2026-10-07T22:34:36.6418670Z [1m[92m   Compiling[0m xmlwriter v0.1.0
2026-10-07T22:34:36.6554262Z [1m[92m   Compiling[0m imagesize v0.14.0
2026-10-07T22:34:36.7754487Z [1m[92m   Compiling[0m pico-args v0.5.0
2026-10-07T22:34:36.9294342Z [1m[92m   Compiling[0m moxcms v0.8.1
2026-10-07T22:34:36.9384509Z [1m[92m   Compiling[0m pollster v0.4.0
2026-10-07T22:34:37.0261710Z [1m[92m   Compiling[0m unicode-vo v0.1.0
2026-10-07T22:34:37.0914717Z [1m[92m   Compiling[0m accesskit v0.24.1
2026-10-07T22:34:37.2044727Z [1m[92m   Compiling[0m png v0.17.16
2026-10-07T22:34:37.4484684Z [1m[92m   Compiling[0m atomic v0.5.3
2026-10-07T22:34:37.5398769Z [1m[92m   Compiling[0m pollster v0.2.5
2026-10-07T22:34:37.6334426Z [1m[92m   Compiling[0m foldhash v0.1.5
2026-10-07T22:34:37.7595207Z [1m[92m   Compiling[0m hashbrown v0.15.5
2026-10-07T22:34:37.8644366Z [1m[92m   Compiling[0m tiny-skia v0.11.4
2026-10-07T22:34:38.1594562Z [1m[92m   Compiling[0m rgb v0.8.52
2026-10-07T22:34:38.3884228Z [1m[92m   Compiling[0m sharded-slab v0.1.7
2026-10-07T22:34:38.7664468Z [1m[92m   Compiling[0m tracing-serde v0.2.0
2026-10-07T22:34:38.8584395Z [1m[92m   Compiling[0m matchers v0.2.0
2026-10-07T22:34:38.9272196Z [1m[92m   Compiling[0m link-section v0.19.2
2026-10-07T22:34:39.1014806Z [1m[92m   Compiling[0m float_next_after v1.0.0
2026-10-07T22:34:39.1197330Z [1m[92m   Compiling[0m web-time v1.1.0
2026-10-07T22:34:39.1594683Z [1m[92m   Compiling[0m linktime-proc-macro v0.2.2
2026-10-07T22:34:39.1595507Z [1m[92m   Compiling[0m lyon_tessellation v1.0.16
2026-10-07T22:34:39.5834851Z [1m[92m   Compiling[0m ctor v1.0.12
2026-10-07T22:34:39.6665069Z [1m[92m   Compiling[0m tracing-subscriber v0.3.22
2026-10-07T22:34:39.7266382Z [1m[92m   Compiling[0m lyon_extra v1.0.3
2026-10-07T22:34:39.8814614Z [1m[92m   Compiling[0m lyon_algorithms v1.0.16
2026-10-07T22:34:40.2064671Z [1m[92m   Compiling[0m futures-concurrency v7.7.1
2026-10-07T22:34:41.1754829Z [1m[92m   Compiling[0m derive_refineable v0.1.0 (/home/runner/work/koda/koda/crates/refineable/derive_refineable)
2026-10-07T22:34:41.2624459Z [1m[92m   Compiling[0m seahash v4.1.0
2026-10-07T22:34:41.3692326Z [1m[92m   Compiling[0m svg_fmt v0.4.5
2026-10-07T22:34:41.5154218Z [1m[92m   Compiling[0m etagere v0.2.15
2026-10-07T22:34:41.7004719Z [1m[92m   Compiling[0m lyon v1.0.16
2026-10-07T22:34:41.7462505Z [1m[92m   Compiling[0m taffy v0.13.0
2026-10-07T22:34:42.5261971Z [1m[92m   Compiling[0m async-attributes v1.1.2
2026-10-07T22:34:42.7664411Z [1m[92m   Compiling[0m async-std v1.13.2
2026-10-07T22:34:43.4025136Z [1m[92m   Compiling[0m zlog v0.1.0 (/home/runner/work/koda/koda/crates/zlog)
2026-10-07T22:34:43.7481522Z [1m[92m   Compiling[0m async-tar v0.6.1 (https://github.com/zed-industries/async-tar?rev=bd3ad6f89df9a9da7a8535958756d6bf465936a0#bd3ad6f8)
2026-10-07T22:34:43.8264515Z [1m[92m   Compiling[0m hdrhistogram v7.5.4
2026-10-07T22:34:43.9844632Z [1m[92m   Compiling[0m gpui_macros v0.1.0 (/home/runner/work/koda/koda/crates/gpui_macros)
2026-10-07T22:34:44.0424557Z [1m[92m   Compiling[0m num_cpus v1.17.0
2026-10-07T22:34:44.2450566Z [1m[92m   Compiling[0m http_client v0.1.0 (/home/runner/work/koda/koda/crates/http_client)
2026-10-07T22:34:44.2586595Z [1m[92m   Compiling[0m inventory v0.3.21
2026-10-07T22:34:45.0046197Z [1m[92m   Compiling[0m ar_archive_writer v0.5.1
2026-10-07T22:34:45.5764384Z [1m[92m   Compiling[0m socket2 v0.6.5
2026-10-07T22:34:45.7378510Z [1m[92m   Compiling[0m psm v0.1.30
2026-10-07T22:34:46.0044687Z [1m[92m   Compiling[0m sum_tree v0.1.0 (/home/runner/work/koda/koda/crates/sum_tree)
2026-10-07T22:34:46.2794218Z [1m[92m   Compiling[0m rusty-fork v0.3.1
2026-10-07T22:34:46.4874574Z [1m[92m   Compiling[0m tinytemplate v1.2.1
2026-10-07T22:34:46.7761220Z [1m[92m   Compiling[0m x11 v2.21.0
2026-10-07T22:34:46.8845702Z [1m[92m   Compiling[0m quick-xml v0.30.0
2026-10-07T22:34:47.0194677Z [1m[92m   Compiling[0m refineable v0.1.0 (/home/runner/work/koda/koda/crates/refineable)
2026-10-07T22:34:47.1174505Z [1m[92m   Compiling[0m criterion v0.8.2
2026-10-07T22:34:47.3664433Z [1m[92m   Compiling[0m xcb v1.6.0
2026-10-07T22:34:48.1334584Z [1m[92m   Compiling[0m backtrace v0.3.76
2026-10-07T22:34:48.8674745Z [1m[92m   Compiling[0m proptest v1.10.0 (https://github.com/proptest-rs/proptest?rev=3dca198a8fef1b32e3a66f1e1897c955b4dc5b5b#3dca198a)
2026-10-07T22:34:49.3664385Z [1m[92m   Compiling[0m perf-event-data v0.1.8
2026-10-07T22:34:50.0804285Z [1m[92m   Compiling[0m spin v0.10.0
2026-10-07T22:34:50.2607272Z [1m[92m   Compiling[0m stacker v0.1.25
2026-10-07T22:34:50.3908062Z [1m[92m   Compiling[0m perf-event2 v0.7.4
2026-10-07T22:34:50.9874489Z [1m[92m   Compiling[0m rustybuzz v0.20.1
2026-10-07T22:34:51.1654840Z [1m[92m   Compiling[0m embed-resource v3.0.6
2026-10-07T22:34:51.2975118Z [1m[92m   Compiling[0m flume v0.12.0
2026-10-07T22:34:51.3866793Z [1m[92m   Compiling[0m gpui v0.2.2 (/home/runner/work/koda/koda/crates/gpui)
2026-10-07T22:34:51.7144293Z [1m[92m   Compiling[0m postage v0.5.0
2026-10-07T22:34:52.0077916Z [1m[92m   Compiling[0m exr v1.74.0
2026-10-07T22:34:52.8144467Z [1m[92m   Compiling[0m usvg v0.46.0
2026-10-07T22:34:54.0784775Z [1m[92m   Compiling[0m png v0.18.0
2026-10-07T22:34:54.4454353Z [1m[92m   Compiling[0m sysinfo v0.31.4
2026-10-07T22:34:54.7134403Z [1m[92m   Compiling[0m stacksafe-macro v1.0.3
2026-10-07T22:34:54.8566545Z [1m[92m   Compiling[0m image v0.25.10
2026-10-07T22:34:54.9494316Z [1m[92m   Compiling[0m stacksafe v1.0.3
2026-10-07T22:34:55.0304827Z [1m[92m   Compiling[0m zed-scap v0.0.8-zed (https://github.com/zed-industries/scap?rev=4afea48c3b002197176fb19cd0f9b180dd36eaac#4afea48c)
2026-10-07T22:34:55.3794492Z [1m[92m   Compiling[0m resvg v0.46.0
2026-10-07T22:34:55.4314637Z [1m[92m   Compiling[0m scheduler v0.1.0 (/home/runner/work/koda/koda/crates/scheduler)
2026-10-07T22:34:55.9194553Z [1m[92m   Compiling[0m bench_metrics v0.1.0 (/home/runner/work/koda/koda/crates/bench_metrics)
2026-10-07T22:34:56.4244205Z [1m[92m   Compiling[0m encoding_rs v0.8.35
2026-10-07T22:34:57.3204717Z [1m[92m   Compiling[0m cmake v0.1.56
2026-10-07T22:34:57.5584387Z [1m[92m   Compiling[0m fs_extra v1.3.0
2026-10-07T22:34:57.7314270Z [1m[92m   Compiling[0m aws-lc-sys v0.42.0
2026-10-07T22:34:58.4484576Z [1m[92m   Compiling[0m tokio-macros v2.7.0
2026-10-07T22:34:58.8594372Z [1m[92m   Compiling[0m tokio v1.52.1
2026-10-07T22:35:00.9534517Z [1m[92m   Compiling[0m async-trait v0.1.89
2026-10-07T22:35:01.5114479Z [1m[92m   Compiling[0m httparse v1.10.1
2026-10-07T22:35:01.7154922Z [1m[92m   Compiling[0m ring v0.17.14
2026-10-07T22:35:02.7678404Z [1m[92m   Compiling[0m rustls-pki-types v1.12.0
2026-10-07T22:35:02.9885439Z [1m[92m   Compiling[0m untrusted v0.9.0
2026-10-07T22:35:03.0412622Z [1m[92m   Compiling[0m rustls v0.23.40
2026-10-07T22:35:03.1120875Z [1m[92m   Compiling[0m num-integer v0.1.46
2026-10-07T22:35:03.3054337Z [1m[92m   Compiling[0m powerfmt v0.2.0
2026-10-07T22:35:03.4128811Z [1m[92m   Compiling[0m num-conv v0.2.0
2026-10-07T22:35:03.4634200Z [1m[92m   Compiling[0m time-core v0.1.8
2026-10-07T22:35:03.5311121Z [1m[92m   Compiling[0m time-macros v0.2.27
2026-10-07T22:35:04.1494963Z [1m[92m   Compiling[0m deranged v0.5.4
2026-10-07T22:35:04.8038447Z [1m[92m   Compiling[0m num_threads v0.1.7
2026-10-07T22:35:04.8973854Z [1m[92m   Compiling[0m time v0.3.47
2026-10-07T22:35:05.9387369Z [1m[92m   Compiling[0m tower-service v0.3.3
2026-10-07T22:35:05.9879644Z [1m[92m   Compiling[0m aws-lc-rs v1.17.1
2026-10-07T22:35:06.2434323Z [1m[92m   Compiling[0m untrusted v0.7.1
2026-10-07T22:35:06.3044636Z [1m[92m   Compiling[0m ipnet v2.11.0
2026-10-07T22:35:06.5600873Z [1m[92m   Compiling[0m try-lock v0.2.5
2026-10-07T22:35:06.5977746Z [1m[92m   Compiling[0m want v0.3.1
2026-10-07T22:35:06.9064211Z [1m[92m   Compiling[0m http-body-util v0.1.3
2026-10-07T22:35:08.0934423Z [1m[92m   Compiling[0m openssl-probe v0.2.1
2026-10-07T22:35:08.2075075Z [1m[92m   Compiling[0m tree-sitter-language v0.1.8 (https://github.com/tree-sitter/tree-sitter?rev=43623ec9bf0eaaf7113285c46e8a09018f181b18#43623ec9)
2026-10-07T22:35:08.3224313Z [1m[92m   Compiling[0m hex v0.4.3
2026-10-07T22:35:08.4834286Z [1m[92m   Compiling[0m tokio-util v0.7.18
2026-10-07T22:35:09.0234443Z [1m[92m   Compiling[0m rustls-native-certs v0.8.3
2026-10-07T22:35:09.2875462Z [1m[92m   Compiling[0m termcolor v1.4.1
2026-10-07T22:35:09.7131959Z [1m[92m   Compiling[0m imara-diff v0.2.0
2026-10-07T22:35:09.7704724Z [1m[92m   Compiling[0m tower-layer v0.3.3
2026-10-07T22:35:09.8570336Z [1m[92m   Compiling[0m num-iter v0.1.45
2026-10-07T22:35:09.9224572Z [1m[92m   Compiling[0m zeta_prompt v0.1.0 (/home/runner/work/koda/koda/crates/zeta_prompt)
2026-10-07T22:35:09.9861660Z [1m[92m   Compiling[0m h2 v0.4.19
2026-10-07T22:35:11.0524511Z [1m[92m   Compiling[0m cloud_llm_client v0.1.0 (/home/runner/work/koda/koda/crates/cloud_llm_client)
2026-10-07T22:35:11.5237293Z [1m[92m   Compiling[0m sync_wrapper v1.0.2
2026-10-07T22:35:11.5734910Z [1m[92m   Compiling[0m phf_shared v0.13.1
2026-10-07T22:35:11.7576577Z [1m[92m   Compiling[0m phf_generator v0.13.1
2026-10-07T22:35:11.7914233Z [1m[92m   Compiling[0m prettyplease v0.2.37
2026-10-07T22:35:11.8816846Z [1m[92m   Compiling[0m prost-derive v0.14.4
2026-10-07T22:35:11.9144287Z [1m[92m   Compiling[0m wasmtime-internal-core v48.0.1
2026-10-07T22:35:12.5727758Z [1m[92m   Compiling[0m hyper v1.11.1
2026-10-07T22:35:12.7445873Z [1m[92m   Compiling[0m prost v0.14.4
2026-10-07T22:35:12.8074496Z [1m[92m   Compiling[0m target-lexicon v0.13.5
2026-10-07T22:35:12.9697826Z [1m[92m   Compiling[0m prost-types v0.14.4
2026-10-07T22:35:13.3643224Z [1m[92m   Compiling[0m hyper-util v0.1.17
2026-10-07T22:35:13.5435460Z [1m[92m   Compiling[0m cranelift-srcgen v0.135.1
2026-10-07T22:35:13.6848044Z [1m[92m   Compiling[0m cranelift-assembler-x64-meta v0.135.1
2026-10-07T22:35:13.9027658Z [1m[92m   Compiling[0m partial-json-fixer v0.5.3
2026-10-07T22:35:14.3614220Z [1m[92m   Compiling[0m cranelift-bitset v0.135.1
2026-10-07T22:35:14.4324301Z [1m[92m   Compiling[0m pulley-macros v48.0.1
2026-10-07T22:35:14.5014827Z [1m[92m   Compiling[0m leb128fmt v0.1.0
2026-10-07T22:35:14.6411315Z [1m[92m   Compiling[0m language_model_core v0.1.0 (/home/runner/work/koda/koda/crates/language_model_core)
2026-10-07T22:35:14.7094826Z [1m[92m   Compiling[0m cranelift-isle v0.135.1
2026-10-07T22:35:14.8480698Z [1m[92m   Compiling[0m pulley-interpreter v48.0.1
2026-10-07T22:35:14.8962633Z [1m[92m   Compiling[0m cranelift-entity v0.135.1
2026-10-07T22:35:15.1194259Z [1m[92m   Compiling[0m phf_macros v0.13.1
2026-10-07T22:35:15.5910455Z [1m[92m   Compiling[0m petgraph v0.8.3
2026-10-07T22:35:15.6023835Z [1m[92m   Compiling[0m cobs v0.3.0
2026-10-07T22:35:15.7070013Z [1m[92m   Compiling[0m cranelift-codegen-shared v0.135.1
2026-10-07T22:35:15.7694748Z [1m[92m   Compiling[0m multimap v0.8.3
2026-10-07T22:35:15.8521501Z [1m[92m   Compiling[0m postcard v1.1.3
2026-10-07T22:35:16.0739837Z [1m[92m   Compiling[0m phf v0.13.1
2026-10-07T22:35:16.1535274Z [1m[92m   Compiling[0m cranelift-bforest v0.135.1
2026-10-07T22:35:16.3360343Z [1m[92m   Compiling[0m cranelift-assembler-x64 v0.135.1
2026-10-07T22:35:16.4624517Z [1m[92m   Compiling[0m prost-build v0.14.4
2026-10-07T22:35:17.1744851Z [1m[92m   Compiling[0m gimli v0.33.0
2026-10-07T22:35:18.2779100Z [1m[92m   Compiling[0m wasmparser v0.254.0
2026-10-07T22:35:18.9084548Z [1m[92m   Compiling[0m cranelift-codegen-meta v0.135.1
2026-10-07T22:35:19.3366420Z [1m[92m   Compiling[0m logos-codegen v0.15.1
2026-10-07T22:35:19.4375566Z [1m[92m   Compiling[0m wasmtime-internal-versioned-export-macros v48.0.1
2026-10-07T22:35:19.6714349Z [1m[92m   Compiling[0m bumpalo v3.20.3
2026-10-07T22:35:19.8472371Z [1m[92m   Compiling[0m unicode-width v0.2.2
2026-10-07T22:35:19.9974589Z [1m[92m   Compiling[0m arbitrary v1.4.2
2026-10-07T22:35:20.4966868Z [1m[92m   Compiling[0m cpp_demangle v0.5.1
2026-10-07T22:35:20.6673208Z [1m[92m   Compiling[0m cranelift-codegen v0.135.1
2026-10-07T22:35:20.7434402Z [1m[92m   Compiling[0m object v0.39.1
2026-10-07T22:35:20.9294475Z [1m[92m   Compiling[0m cranelift-control v0.135.1
2026-10-07T22:35:20.9763923Z [1m[92m   Compiling[0m regalloc2 v0.15.2
2026-10-07T22:35:27.0867935Z [1m[92m   Compiling[0m wasmtime-internal-component-util v48.0.1
2026-10-07T22:35:27.1400912Z [1m[92m   Compiling[0m beef v0.5.2
2026-10-07T22:35:28.1907939Z [1m[92m   Compiling[0m wasm-encoder v0.254.0
2026-10-07T22:35:30.2541359Z [1m[92m   Compiling[0m wasmprinter v0.254.0
2026-10-07T22:35:32.3105822Z [1m[92m   Compiling[0m miette-derive v7.6.0
2026-10-07T22:35:32.9984068Z [1m[92m   Compiling[0m logos-codegen v0.16.1
2026-10-07T22:35:33.5170672Z [1m[92m   Compiling[0m mime v0.3.17
2026-10-07T22:35:33.6824539Z [1m[92m   Compiling[0m id-arena v2.3.0
2026-10-07T22:35:33.7604879Z [1m[92m   Compiling[0m unicode-width v0.1.14
2026-10-07T22:35:33.8944325Z [1m[92m   Compiling[0m miette v7.6.0
2026-10-07T22:35:33.9704965Z [1m[92m   Compiling[0m logos-derive v0.16.1
2026-10-07T22:35:34.1479362Z [1m[92m   Compiling[0m wit-parser v0.254.0
2026-10-07T22:35:34.2760992Z [1m[92m   Compiling[0m wasmtime-environ v48.0.1
2026-10-07T22:35:37.2542556Z [1m[92m   Compiling[0m wasm-metadata v0.254.0
2026-10-07T22:35:37.4756143Z [1m[92m   Compiling[0m logos-derive v0.15.1
2026-10-07T22:35:37.6224928Z [1m[92m   Compiling[0m wasmtime-internal-unwinder v48.0.1
2026-10-07T22:35:37.7530492Z [1m[92m   Compiling[0m logos v0.15.1
2026-10-07T22:35:37.8130728Z [1m[92m   Compiling[0m wit-component v0.254.0
2026-10-07T22:35:40.0974385Z [1m[92m   Compiling[0m logos v0.16.1
2026-10-07T22:35:40.1826517Z [1m[92m   Compiling[0m wasmtime-internal-fiber v48.0.1
2026-10-07T22:35:40.3140755Z [1m[92m   Compiling[0m wasmtime-internal-component-macro v48.0.1
2026-10-07T22:35:40.4094460Z [1m[92m   Compiling[0m wasmtime-internal-cranelift v48.0.1
2026-10-07T22:35:40.5745420Z [1m[92m   Compiling[0m prost-reflect v0.16.5
2026-10-07T22:35:43.0394324Z [1m[92m   Compiling[0m cranelift-frontend v0.135.1
2026-10-07T22:35:43.8314358Z [1m[92m   Compiling[0m cranelift-native v0.135.1
2026-10-07T22:35:43.9111637Z [1m[92m   Compiling[0m wasmtime-internal-wit-bindgen v48.0.1
2026-10-07T22:35:44.5949517Z [1m[92m   Compiling[0m protox-parse v0.9.0
2026-10-07T22:35:45.3369027Z [1m[92m   Compiling[0m wasmtime v48.0.1
2026-10-07T22:35:45.9154664Z [1m[92m   Compiling[0m protox v0.9.1
2026-10-07T22:36:00.5716849Z [1m[92m   Compiling[0m wasmtime-internal-jit-icache-coherence v48.0.1
2026-10-07T22:36:00.6304850Z [1m[92m   Compiling[0m const_format_proc_macros v0.2.34
2026-10-07T22:36:01.1637982Z [1m[92m   Compiling[0m memfd v0.6.5
2026-10-07T22:36:01.3094422Z [1m[92m   Compiling[0m wasmtime-c-api-impl v48.0.1
2026-10-07T22:36:04.2384317Z [1m[92m   Compiling[0m rustls-webpki v0.103.13
2026-10-07T22:36:08.8454495Z [1m[92m   Compiling[0m tokio-rustls v0.26.4
2026-10-07T22:36:09.0065002Z [1m[92m   Compiling[0m const_format v0.2.35
2026-10-07T22:36:09.2274363Z [1m[92m   Compiling[0m ignore v0.4.24
2026-10-07T22:36:10.0174724Z [1m[92m   Compiling[0m block-padding v0.3.3
2026-10-07T22:36:10.0874687Z [1m[92m   Compiling[0m paths v0.1.0 (/home/runner/work/koda/koda/crates/paths)
2026-10-07T22:36:10.2354173Z [1m[92m   Compiling[0m inout v0.1.4
2026-10-07T22:36:10.3094974Z [1m[92m   Compiling[0m tree-sitter v0.27.0 (https://github.com/tree-sitter/tree-sitter?rev=43623ec9bf0eaaf7113285c46e8a09018f181b18#43623ec9)
2026-10-07T22:36:13.1021473Z [1m[92m   Compiling[0m cipher v0.4.4
2026-10-07T22:36:13.2684936Z [1m[92m   Compiling[0m serde_path_to_error v0.1.20
2026-10-07T22:36:13.5214865Z [1m[92m   Compiling[0m wasmtime-internal-c-api-macros v48.0.1
2026-10-07T22:36:15.5977385Z [1m[92m   Compiling[0m streaming-iterator v0.1.9
2026-10-07T22:36:15.7814859Z [1m[92m   Compiling[0m aes v0.8.4
2026-10-07T22:36:16.1455038Z [1m[92m   Compiling[0m proto v0.1.0 (/home/runner/work/koda/koda/crates/proto)
2026-10-07T22:36:16.5065398Z [1m[92m   Compiling[0m release_channel v0.1.0 (/home/runner/work/koda/koda/crates/release_channel)
2026-10-07T22:36:16.8393132Z [1m[92m   Compiling[0m rope v0.1.0 (/home/runner/work/koda/koda/crates/rope)
2026-10-07T22:36:17.3594248Z [1m[92m   Compiling[0m urlencoding v2.1.3
2026-10-07T22:36:17.4834666Z [1m[92m   Compiling[0m telemetry_events v0.1.0 (/home/runner/work/koda/koda/crates/telemetry_events)
2026-10-07T22:36:17.9124709Z [1m[92m   Compiling[0m net v0.1.0 (/home/runner/work/koda/koda/crates/net)
2026-10-07T22:36:17.9664749Z [1m[92m   Compiling[0m clock v0.1.0 (/home/runner/work/koda/koda/crates/clock)
2026-10-07T22:36:18.1524822Z [1m[92m   Compiling[0m tree-sitter-json v0.24.8
2026-10-07T22:36:18.5475051Z [1m[92m   Compiling[0m inotify-sys v0.1.5
2026-10-07T22:36:18.6584360Z [1m[92m   Compiling[0m text v0.1.0 (/home/runner/work/koda/koda/crates/text)
2026-10-07T22:36:20.3544682Z [1m[92m   Compiling[0m askpass v0.1.0 (/home/runner/work/koda/koda/crates/askpass)
2026-10-07T22:36:20.7474365Z [1m[92m   Compiling[0m webpki-roots v1.0.8
2026-10-07T22:36:20.8103958Z [1m[92m   Compiling[0m rustls-platform-verifier v0.7.0
2026-10-07T22:36:20.9495397Z [1m[92m   Compiling[0m http_client_tls v0.1.0 (/home/runner/work/koda/koda/crates/http_client_tls)
2026-10-07T22:36:21.0654714Z [1m[92m   Compiling[0m settings_json v0.1.0 (/home/runner/work/koda/koda/crates/settings_json)
2026-10-07T22:36:21.4853318Z [1m[92m   Compiling[0m telemetry v0.1.0 (/home/runner/work/koda/koda/crates/telemetry)
2026-10-07T22:36:21.6244910Z [1m[92m   Compiling[0m rustls-pemfile v2.2.0
2026-10-07T22:36:21.7534777Z [1m[92m   Compiling[0m settings_macros v0.1.0 (/home/runner/work/koda/koda/crates/settings_macros)
2026-10-07T22:36:24.5964470Z [1m[92m   Compiling[0m inotify v0.11.0
2026-10-07T22:36:24.8754878Z [1m[92m   Compiling[0m notify-types v2.1.0 (https://github.com/zed-industries/notify?rev=d842f16b2716bd60f09caf3ae3a894237ab38f54#d842f16b)
2026-10-07T22:36:25.0718192Z [1m[92m   Compiling[0m xxhash-rust v0.8.15
2026-10-07T22:36:25.3114369Z [1m[92m   Compiling[0m zstd-safe v5.0.2+zstd.1.5.2
2026-10-07T22:36:25.4434568Z [1m[92m   Compiling[0m notify v9.0.0-rc.4 (https://github.com/zed-industries/notify?rev=d842f16b2716bd60f09caf3ae3a894237ab38f54#d842f16b)
2026-10-07T22:36:26.1524731Z [1m[92m   Compiling[0m settings_content v0.1.0 (/home/runner/work/koda/koda/crates/settings_content)
2026-10-07T22:36:36.1904562Z [1m[92m   Compiling[0m git v0.1.0 (/home/runner/work/koda/koda/crates/git)
2026-10-07T22:36:39.5326783Z [1m[92m   Compiling[0m trash v5.2.5 (https://github.com/zed-industries/trash-rs?rev=41c6c800d884a89351f3b8856d12894cccee261d#41c6c800)
2026-10-07T22:36:39.8944244Z [1m[92m   Compiling[0m is_executable v1.0.5
2026-10-07T22:36:39.9623932Z [1m[92m   Compiling[0m fs v0.1.0 (/home/runner/work/koda/koda/crates/fs)
2026-10-07T22:36:44.3084436Z [1m[92m   Compiling[0m zstd v0.11.2+zstd.1.5.2
2026-10-07T22:36:44.8524651Z [1m[92m   Compiling[0m sha1 v0.10.6
2026-10-07T22:36:44.8675208Z [1m[92m   Compiling[0m by_address v1.2.1
2026-10-07T22:36:44.9224376Z [1m[92m   Compiling[0m palette v0.7.6
2026-10-07T22:36:44.9834428Z [1m[92m   Compiling[0m palette_derive v0.7.6
2026-10-07T22:36:45.0704900Z [1m[92m   Compiling[0m unicode-linebreak v0.1.5
2026-10-07T22:36:45.2275802Z [1m[92m   Compiling[0m fast-srgb8 v1.0.0
2026-10-07T22:36:45.2863391Z [1m[92m   Compiling[0m migrator v0.1.0 (/home/runner/work/koda/koda/crates/migrator)
2026-10-07T22:36:46.1734837Z [1m[92m   Compiling[0m base64ct v1.8.0
2026-10-07T22:36:46.3725356Z [1m[92m   Compiling[0m ec4rs v1.2.0
2026-10-07T22:36:46.8334365Z [1m[92m   Compiling[0m rustversion v1.0.22
2026-10-07T22:36:48.4844543Z [1m[92m   Compiling[0m settings v0.1.0 (/home/runner/work/koda/koda/crates/settings)
2026-10-07T22:36:49.8660898Z [1m[92m   Compiling[0m data-encoding v2.9.0
2026-10-07T22:36:51.5044057Z [1m[92m   Compiling[0m utf-8 v0.7.6
2026-10-07T22:36:51.6224919Z [1m[92m   Compiling[0m syntax_theme v0.1.0 (/home/runner/work/koda/koda/crates/syntax_theme)
2026-10-07T22:36:51.6904473Z [1m[92m   Compiling[0m signature v2.2.0
2026-10-07T22:36:51.9556035Z [1m[92m   Compiling[0m theme v0.1.0 (/home/runner/work/koda/koda/crates/theme)
2026-10-07T22:36:51.9694719Z [1m[92m   Compiling[0m toml_datetime v0.6.11
2026-10-07T22:36:52.1324777Z [1m[92m   Compiling[0m serde_spanned v0.6.9
2026-10-07T22:36:52.2284416Z [1m[92m   Compiling[0m toml_write v0.1.2
2026-10-07T22:36:52.3380400Z [1m[92m   Compiling[0m tungstenite v0.28.0
2026-10-07T22:36:52.9849481Z [1m[92m   Compiling[0m yansi v1.0.1
2026-10-07T22:36:53.1854994Z [1m[92m   Compiling[0m pem-rfc7468 v0.7.0
2026-10-07T22:36:53.3784409Z [1m[92m   Compiling[0m der v0.7.10
2026-10-07T22:36:53.7224850Z [1m[92m   Compiling[0m toml_edit v0.22.27
2026-10-07T22:36:54.2334335Z [1m[92m   Compiling[0m spki v0.7.3
2026-10-07T22:36:54.3663102Z [1m[92m   Compiling[0m arc-swap v1.9.0
2026-10-07T22:36:54.5634330Z [1m[92m   Compiling[0m num-bigint-dig v0.8.6
2026-10-07T22:36:54.8564834Z [1m[92m   Compiling[0m pkcs8 v0.10.2
2026-10-07T22:36:55.0168064Z [1m[92m   Compiling[0m toml v0.8.23
2026-10-07T22:36:55.4194259Z [1m[92m   Compiling[0m pkcs1 v0.7.5
2026-10-07T22:36:55.6627521Z [1m[92m   Compiling[0m async-tungstenite v0.33.0
2026-10-07T22:36:56.4298419Z [1m[92m   Compiling[0m rsa v0.9.10
2026-10-07T22:36:56.8393921Z [1m[92m   Compiling[0m lru v0.16.4
2026-10-07T22:36:56.9026237Z [1m[92m   Compiling[0m shellexpand v3.1.1
2026-10-07T22:36:57.0226253Z [1m[92m   Compiling[0m diff v0.1.13
2026-10-07T22:36:57.1849988Z [1m[92m   Compiling[0m pretty_assertions v1.4.1
2026-10-07T22:36:57.3385238Z [1m[92m   Compiling[0m rpc v0.1.0 (/home/runner/work/koda/koda/crates/rpc)
2026-10-07T22:36:57.5874405Z [1m[92m   Compiling[0m zed_actions v0.1.0 (/home/runner/work/koda/koda/crates/zed_actions)
2026-10-07T22:36:58.7094417Z [1m[92m   Compiling[0m watch v0.1.0 (/home/runner/work/koda/koda/crates/watch)
2026-10-07T22:36:58.8161294Z [1m[92m   Compiling[0m nucleo-matcher v0.3.1
2026-10-07T22:36:59.3074352Z [1m[92m   Compiling[0m task v0.1.0 (/home/runner/work/koda/koda/crates/task)
2026-10-07T22:36:59.4264298Z [1m[92m   Compiling[0m tree-sitter-go v0.25.0
2026-10-07T22:36:59.5504305Z [1m[92m   Compiling[0m tree-sitter-rust v0.24.2
2026-10-07T22:36:59.6744995Z [1m[92m   Compiling[0m tree-sitter-gitcommit v0.0.1 (https://github.com/zed-industries/tree-sitter-git-commit?rev=88309716a69dd13ab83443721ba6e0b491d37ee9#88309716)
2026-10-07T22:36:59.7994508Z [1m[92m   Compiling[0m tree-sitter-diff v0.1.0
2026-10-07T22:36:59.9174937Z [1m[92m   Compiling[0m tree-sitter-gomod v1.1.1 (https://github.com/camdencheek/tree-sitter-go-mod?rev=2e886870578eeba1927a2dc4bd2e2b3f598c5f9a#2e886870)
2026-10-07T22:37:00.0354456Z [1m[92m   Compiling[0m tree-sitter-jsdoc v0.23.2
2026-10-07T22:37:00.1534949Z [1m[92m   Compiling[0m tree-sitter-md v0.3.2 (https://github.com/zed-industries/tree-sitter-markdown?rev=b596e737286780d7bfa9fcddceaeeb754574b352#b596e737)
2026-10-07T22:37:00.2894381Z [1m[92m   Compiling[0m tree-sitter-bash v0.25.1
2026-10-07T22:37:00.4084783Z [1m[92m   Compiling[0m tree-sitter-cpp v0.23.4 (https://github.com/tree-sitter/tree-sitter-cpp?rev=5cb9b693cfd7bfacab1d9ff4acac1a4150700609#5cb9b693)
2026-10-07T22:37:00.5323504Z [1m[92m   Compiling[0m tree-sitter-yaml v0.6.1 (https://github.com/zed-industries/tree-sitter-yaml?rev=baff0b51c64ef6a1fb1f8390f3ad6015b83ec13a#baff0b51)
2026-10-07T22:37:00.5443118Z [1m[92m   Compiling[0m tree-sitter-css v0.23.2
2026-10-07T22:37:00.6522129Z [1m[92m   Compiling[0m tree-sitter-typescript v0.23.2 (https://github.com/zed-industries/tree-sitter-typescript?rev=e2c53597d6a5d9cf7bbe8dccde576fe1e46c5899#e2c53597)
2026-10-07T22:37:00.6644240Z [1m[92m   Compiling[0m tree-sitter-c v0.24.1
2026-10-07T22:37:00.7669090Z [1m[92m   Compiling[0m tree-sitter-gowork v0.0.1 (https://github.com/zed-industries/tree-sitter-go-work?rev=acb0617bf7f4fda02c6217676cc64acb89536dc7#acb0617b)
2026-10-07T22:37:00.7904800Z [1m[92m   Compiling[0m tree-sitter-python v0.25.0
2026-10-07T22:37:00.8929542Z [1m[92m   Compiling[0m tree-sitter-regex v0.24.3
2026-10-07T22:37:00.9084256Z [1m[92m   Compiling[0m httpdate v1.0.3
2026-10-07T22:37:06.3076903Z [1m[92m   Compiling[0m nucleo v0.5.0
2026-10-07T22:37:06.5284500Z [1m[92m   Compiling[0m fuzzy v0.1.0 (/home/runner/work/koda/koda/crates/fuzzy)
2026-10-07T22:37:06.5785315Z [1m[92m   Compiling[0m lsp-types v0.95.1 (https://github.com/zed-industries/lsp-types?rev=f1783e63a7f4eb4397bf51d4148b4895a1f7ab16#f1783e63)
2026-10-07T22:37:06.8987920Z [1m[92m   Compiling[0m async-pipe v0.1.3 (https://github.com/zed-industries/async-pipe-rs?rev=82d00a04211cf4e1236029aa03e6b6ce2a74c553#82d00a04)
2026-10-07T22:37:07.0390652Z [1m[92m   Compiling[0m hmac v0.12.1
2026-10-07T22:37:07.5835286Z [1m[92m   Compiling[0m language_core v0.1.0 (/home/runner/work/koda/koda/crates/language_core)
2026-10-07T22:37:07.6204551Z [1m[92m   Compiling[0m language v0.1.0 (/home/runner/work/koda/koda/crates/language)
2026-10-07T22:37:07.7565058Z [1m[92m   Compiling[0m fuzzy_nucleo v0.1.0 (/home/runner/work/koda/koda/crates/fuzzy_nucleo)
2026-10-07T22:37:08.1464342Z [1m[92m   Compiling[0m chardetng v0.1.17
2026-10-07T22:37:08.3794529Z [1m[92m   Compiling[0m diffy v0.4.2
2026-10-07T22:37:08.8804560Z [1m[92m   Compiling[0m grammars v0.1.0 (/home/runner/work/koda/koda/crates/grammars)
2026-10-07T22:37:09.2304765Z [1m[92m   Compiling[0m credentials_provider v0.1.0 (/home/runner/work/koda/koda/crates/credentials_provider)
2026-10-07T22:37:09.3165818Z [1m[92m   Compiling[0m bzip2-sys v0.1.13+1.0.8
2026-10-07T22:37:10.6424395Z [1m[92m   Compiling[0m tower v0.5.2
2026-10-07T22:37:11.1545388Z [1m[92m   Compiling[0m password-hash v0.4.2
2026-10-07T22:37:11.4692662Z [1m[92m   Compiling[0m phf_codegen v0.13.1
2026-10-07T22:37:11.5404343Z [1m[92m   Compiling[0m chunked_transfer v1.5.0
2026-10-07T22:37:11.6304204Z [1m[92m   Compiling[0m ascii v1.1.0
2026-10-07T22:37:11.8530292Z [1m[92m   Compiling[0m lsp v0.1.0 (/home/runner/work/koda/koda/crates/lsp)
2026-10-07T22:37:11.8894991Z [1m[92m   Compiling[0m tiny_http v0.12.0
2026-10-07T22:37:12.5369436Z [1m[92m   Compiling[0m bzip2 v0.4.4
2026-10-07T22:37:12.5772385Z [1m[92m   Compiling[0m pbkdf2 v0.11.0
2026-10-07T22:37:12.6771399Z [1m[92m   Compiling[0m cloud_api_types v0.1.0 (/home/runner/work/koda/koda/crates/cloud_api_types)
2026-10-07T22:37:12.7054611Z [1m[92m   Compiling[0m gpui_tokio v0.1.0 (/home/runner/work/koda/koda/crates/gpui_tokio)
2026-10-07T22:37:13.4734801Z [1m[92m   Compiling[0m constant_time_eq v0.1.5
2026-10-07T22:37:13.5294430Z [1m[92m   Compiling[0m zip v0.6.6
2026-10-07T22:37:14.0026468Z [1m[92m   Compiling[0m fs2 v0.4.3
2026-10-07T22:37:14.1162013Z [1m[92m   Compiling[0m icons v0.1.0 (/home/runner/work/koda/koda/crates/icons)
2026-10-07T22:37:14.4044274Z [1m[92m   Compiling[0m hyper-rustls v0.27.9
2026-10-07T22:37:14.5348608Z [1m[92m   Compiling[0m nom v8.0.0
2026-10-07T22:37:14.5915931Z [1m[92m   Compiling[0m new_debug_unreachable v1.0.6
2026-10-07T22:37:14.6381408Z [1m[92m   Compiling[0m feature_flags_macros v0.1.0 (/home/runner/work/koda/koda/crates/feature_flags_macros)
2026-10-07T22:37:14.7294108Z [1m[92m   Compiling[0m precomputed-hash v0.1.1
2026-10-07T22:37:14.7789846Z [1m[92m   Compiling[0m proxy_handshake v0.1.0 (/home/runner/work/koda/koda/crates/proxy_handshake)
2026-10-07T22:37:14.9805180Z [1m[92m   Compiling[0m zed_credentials_provider v0.1.0 (/home/runner/work/koda/koda/crates/zed_credentials_provider)
2026-10-07T22:37:15.3174353Z [1m[92m   Compiling[0m itertools v0.15.0
2026-10-07T22:37:16.3164365Z [1m[92m   Compiling[0m yawc v0.4.2
2026-10-07T22:37:16.3674496Z [1m[92m   Compiling[0m worktree v0.1.0 (/home/runner/work/koda/koda/crates/worktree)
2026-10-07T22:37:17.1324671Z [1m[92m   Compiling[0m cloud_api_client v0.1.0 (/home/runner/work/koda/koda/crates/cloud_api_client)
2026-10-07T22:37:17.3794683Z [1m[92m   Compiling[0m feature_flags v0.1.0 (/home/runner/work/koda/koda/crates/feature_flags)
2026-10-07T22:37:17.7137151Z [1m[92m   Compiling[0m mime_guess v2.0.5
2026-10-07T22:37:17.7716520Z [1m[92m   Compiling[0m arraydeque v0.5.1
2026-10-07T22:37:17.8453560Z [1m[92m   Compiling[0m ucd-trie v0.1.7
2026-10-07T22:37:17.9015606Z [1m[92m   Compiling[0m dtoa v1.0.10
2026-10-07T22:37:17.9931081Z [1m[92m   Compiling[0m dtoa-short v0.3.5
2026-10-07T22:37:18.0059469Z [1m[92m   Compiling[0m node_runtime v0.1.0 (/home/runner/work/koda/koda/crates/node_runtime)
2026-10-07T22:37:18.0715543Z [1m[92m   Compiling[0m tokio-socks v0.5.2
2026-10-07T22:37:18.3445280Z [1m[92m   Compiling[0m client v0.1.0 (/home/runner/work/koda/koda/crates/client)
2026-10-07T22:37:18.3676640Z [1m[92m   Compiling[0m optfield v0.4.0
2026-10-07T22:37:18.7376447Z [1m[92m   Compiling[0m minimal-lexical v0.2.1
2026-10-07T22:37:18.8861389Z [1m[92m   Compiling[0m nom v7.1.3
2026-10-07T22:37:18.9170290Z [1m[92m   Compiling[0m documented-macros v0.10.0
2026-10-07T22:37:19.5459039Z [1m[92m   Compiling[0m zed-reqwest v0.12.15-zed (https://github.com/zed-industries/reqwest.git?rev=33bc764aa15ff7b200bf7c93bd96e24878d53e14#33bc764a)
2026-10-07T22:37:19.9044376Z [1m[92m   Compiling[0m tar v0.4.46
2026-10-07T22:37:19.9128959Z [1m[92m   Compiling[0m string_cache_codegen v0.6.1
2026-10-07T22:37:20.2015443Z [1m[92m   Compiling[0m home v0.5.11
2026-10-07T22:37:20.2881469Z [1m[92m   Compiling[0m web_atoms v0.2.6
2026-10-07T22:37:20.4714506Z [1m[92m   Compiling[0m documented v0.10.0
2026-10-07T22:37:20.5497522Z [1m[92m   Compiling[0m ui v0.1.0 (/home/runner/work/koda/koda/crates/ui)
2026-10-07T22:37:20.6624569Z [1m[92m   Compiling[0m string_cache v0.9.0
2026-10-07T22:37:20.7894888Z [1m[92m   Compiling[0m dap-types v0.0.1 (https://github.com/zed-industries/dap-types?rev=1b461b310481d01e02b2603c16d7144b926339f8#1b461b31)
2026-10-07T22:37:20.8014265Z [1m[92m   Compiling[0m num-format v0.4.4
2026-10-07T22:37:21.3624498Z [1m[92m   Compiling[0m ui_macros v0.1.0 (/home/runner/work/koda/koda/crates/ui_macros)
2026-10-07T22:37:21.5454887Z [1m[92m   Compiling[0m ordered-float v5.5.0
2026-10-07T22:37:21.9464540Z [1m[92m   Compiling[0m unicode-general-category v1.1.0
2026-10-07T22:37:22.3594475Z [1m[92m   Compiling[0m android_tools v0.1.0 (/home/runner/work/koda/koda/crates/android_tools)
2026-10-07T22:37:22.9198295Z [1m[92m   Compiling[0m tendril v0.5.1
2026-10-07T22:37:23.1282104Z [1m[92m   Compiling[0m selectors v0.37.0
2026-10-07T22:37:23.3564464Z [1m[92m   Compiling[0m theme_settings v0.1.0 (/home/runner/work/koda/koda/crates/theme_settings)
2026-10-07T22:37:23.4534767Z [1m[92m   Compiling[0m component v0.1.0 (/home/runner/work/koda/koda/crates/component)
2026-10-07T22:37:23.7415513Z [1m[92m   Compiling[0m cssparser-macros v0.6.1
2026-10-07T22:37:23.9948298Z [1m[92m   Compiling[0m icu_locale_fallback_data v2.3.0
2026-10-07T22:37:24.0571109Z [1m[92m   Compiling[0m cssparser v0.36.0
2026-10-07T22:37:24.1660332Z [1m[92m   Compiling[0m dap v0.1.0 (/home/runner/work/koda/koda/crates/dap)
2026-10-07T22:37:24.4491113Z [1m[92m   Compiling[0m markup5ever v0.39.0
2026-10-07T22:37:24.5967512Z [1m[92m   Compiling[0m htmlize v1.1.0
2026-10-07T22:37:24.7884611Z [1m[92m   Compiling[0m menu v0.1.0 (/home/runner/work/koda/koda/crates/menu)
2026-10-07T22:37:24.8834417Z [1m[92m   Compiling[0m servo_arc v0.4.3
2026-10-07T22:37:24.9844702Z [1m[92m   Compiling[0m lalrpop-util v0.23.1
2026-10-07T22:37:25.0294802Z [1m[92m   Compiling[0m icu_collator_data v2.3.0
2026-10-07T22:37:25.3205086Z [1m[92m   Compiling[0m pulldown-cmark v0.13.4
2026-10-07T22:37:25.4154582Z [1m[92m   Compiling[0m pastey v0.1.1
2026-10-07T22:37:25.6986013Z [1m[92m   Compiling[0m vcpkg v0.2.15
2026-10-07T22:37:25.8625427Z [1m[92m   Compiling[0m lol_html v3.0.1
2026-10-07T22:37:26.2094079Z [1m[92m   Compiling[0m icu_locale_fallback v2.3.0
2026-10-07T22:37:26.5381328Z [1m[92m   Compiling[0m html5ever v0.39.0
2026-10-07T22:37:26.8684867Z [1m[92m   Compiling[0m json5 v1.3.1
2026-10-07T22:37:27.1362439Z [1m[92m   Compiling[0m granit-parser v1.0.0
2026-10-07T22:37:27.2013828Z [1m[92m   Compiling[0m dugong-graphlib v0.8.0-alpha.5
2026-10-07T22:37:27.7544922Z [1m[92m   Compiling[0m ryu-js v1.0.2
2026-10-07T22:37:27.7694312Z [1m[92m   Compiling[0m dugong v0.8.0-alpha.5
2026-10-07T22:37:27.9234639Z [1m[92m   Compiling[0m merman-core v0.8.0-alpha.5
2026-10-07T22:37:29.9874448Z [1m[92m   Compiling[0m icu_collator v2.3.0
2026-10-07T22:37:32.0745037Z [1m[92m   Compiling[0m oauth_callback_server v0.1.0 (/home/runner/work/koda/koda/crates/oauth_callback_server)
2026-10-07T22:37:32.3224871Z [1m[92m   Compiling[0m roughr-merman v0.12.3
2026-10-07T22:37:32.8037255Z [1m[92m   Compiling[0m manatee v0.8.0-alpha.5
2026-10-07T22:37:33.1294659Z [1m[92m   Compiling[0m quick-xml v0.41.0
2026-10-07T22:37:33.7894431Z [1m[92m   Compiling[0m indoc v2.0.6
2026-10-07T22:37:34.0065320Z [1m[92m   Compiling[0m extension v0.1.0 (/home/runner/work/koda/koda/crates/extension)
2026-10-07T22:37:34.1121708Z [1m[92m   Compiling[0m sysinfo v0.39.6
2026-10-07T22:37:35.0974819Z [1m[92m   Compiling[0m signal-hook v0.4.4
2026-10-07T22:37:35.1435123Z [1m[92m   Compiling[0m xml5ever v0.39.0
2026-10-07T22:37:35.2197362Z [1m[92m   Compiling[0m cursor-icon v1.2.0
2026-10-07T22:37:35.2864394Z [1m[92m   Compiling[0m vte v0.15.0
2026-10-07T22:37:35.5124470Z [1m[92m   Compiling[0m markup5ever_rcdom v0.39.0+unofficial
2026-10-07T22:37:35.7575061Z [1m[92m   Compiling[0m snippet v0.1.0 (/home/runner/work/koda/koda/crates/snippet)
2026-10-07T22:37:35.8854298Z [1m[92m   Compiling[0m rustix-openpty v0.2.0
2026-10-07T22:37:35.9231676Z [1m[92m   Compiling[0m buffer_diff v0.1.0 (/home/runner/work/koda/koda/crates/buffer_diff)
2026-10-07T22:37:36.0215713Z [1m[92m   Compiling[0m alacritty_terminal v0.26.1-dev (https://github.com/zed-industries/alacritty?rev=4c129667ce56611becdc82de6e28218c80e2e88f#4c129667)
2026-10-07T22:37:37.0036189Z [1m[92m   Compiling[0m fancy-regex v0.19.0
2026-10-07T22:37:37.0181020Z [1m[92m   Compiling[0m snippet_provider v0.1.0 (/home/runner/work/koda/koda/crates/snippet_provider)
2026-10-07T22:37:38.0619732Z [1m[92m   Compiling[0m merman-render v0.8.0-alpha.5
2026-10-07T22:37:38.5134330Z [1m[92m   Compiling[0m pori v0.0.0
2026-10-07T22:37:38.6384646Z [1m[92m   Compiling[0m env_var v0.1.0 (/home/runner/work/koda/koda/crates/env_var)
2026-10-07T22:37:38.7322961Z [1m[92m   Compiling[0m linkify v0.10.0
2026-10-07T22:37:38.8952658Z [1m[92m   Compiling[0m wax v0.7.0
2026-10-07T22:37:43.6724615Z [1m[92m   Compiling[0m terminal v0.1.0 (/home/runner/work/koda/koda/crates/terminal)
2026-10-07T22:37:44.2067389Z [1m[92m   Compiling[0m context_server v0.1.0 (/home/runner/work/koda/koda/crates/context_server)
2026-10-07T22:37:45.5985373Z [1m[92m   Compiling[0m prettier v0.1.0 (/home/runner/work/koda/koda/crates/prettier)
2026-10-07T22:37:46.1384507Z [1m[92m   Compiling[0m remote v0.1.0 (/home/runner/work/koda/koda/crates/remote)
2026-10-07T22:37:47.2094775Z [1m[92m   Compiling[0m git_hosting_providers v0.1.0 (/home/runner/work/koda/koda/crates/git_hosting_providers)
2026-10-07T22:37:48.3924568Z [1m[92m   Compiling[0m circular-buffer v1.2.0
2026-10-07T22:37:48.5564876Z [1m[92m   Compiling[0m libsqlite3-sys v0.30.1
2026-10-07T22:37:49.8074711Z [1m[92m   Compiling[0m language_model v0.1.0 (/home/runner/work/koda/koda/crates/language_model)
2026-10-07T22:37:51.6544548Z [1m[92m   Compiling[0m unicode_categories v0.1.1
2026-10-07T22:37:51.7724504Z [1m[92m   Compiling[0m merman v0.8.0-alpha.5
2026-10-07T22:37:52.0684709Z [1m[92m   Compiling[0m mermaid_render v0.1.0 (/home/runner/work/koda/koda/crates/mermaid_render)
2026-10-07T22:37:52.0904553Z [1m[92m   Compiling[0m sqlformat v0.2.6
2026-10-07T22:37:52.8434528Z [1m[92m   Compiling[0m markdown v0.1.0 (/home/runner/work/koda/koda/crates/markdown)
2026-10-07T22:37:54.5754612Z [1m[92m   Compiling[0m project v0.1.0 (/home/runner/work/koda/koda/crates/project)
2026-10-07T22:37:57.1014692Z [1m[92m   Compiling[0m sqlez v0.1.0 (/home/runner/work/koda/koda/crates/sqlez)
2026-10-07T22:37:57.7876463Z [1m[92m   Compiling[0m zed_env_vars v0.1.0 (/home/runner/work/koda/koda/crates/zed_env_vars)
2026-10-07T22:37:57.8725238Z [1m[92m   Compiling[0m ui_input v0.1.0 (/home/runner/work/koda/koda/crates/ui_input)
2026-10-07T22:37:58.3864530Z [1m[92m   Compiling[0m async-recursion v1.1.1
2026-10-07T22:37:58.7275320Z [1m[92m   Compiling[0m any_vec v0.14.0
2026-10-07T22:37:58.7635528Z [1m[92m   Compiling[0m sqlez_macros v0.1.0 (/home/runner/work/koda/koda/crates/sqlez_macros)
2026-10-07T22:37:58.9174809Z [1m[92m   Compiling[0m crunchy v0.2.4
2026-10-07T22:37:59.0804707Z [1m[92m   Compiling[0m db v0.1.0 (/home/runner/work/koda/koda/crates/db)
2026-10-07T22:37:59.1075246Z [1m[92m   Compiling[0m tiny-keccak v2.0.2
2026-10-07T22:37:59.4434235Z [1m[92m   Compiling[0m session v0.1.0 (/home/runner/work/koda/koda/crates/session)
2026-10-07T22:37:59.5524618Z [1m[92m   Compiling[0m const-random-macro v0.1.16
2026-10-07T22:37:59.7454306Z [1m[92m   Compiling[0m ahash v0.8.12
2026-10-07T22:37:59.7718285Z [1m[92m   Compiling[0m const-random v0.1.18
2026-10-07T22:37:59.8274444Z [1m[92m   Compiling[0m num-bigint v0.4.8
2026-10-07T22:38:00.0454499Z [1m[92m   Compiling[0m toml_edit v0.23.7
2026-10-07T22:38:00.7036968Z [1m[92m   Compiling[0m proc-macro-crate v3.4.0
2026-10-07T22:38:00.7334571Z [1m[92m   Compiling[0m file_icons v0.1.0 (/home/runner/work/koda/koda/crates/file_icons)
2026-10-07T22:38:00.7494762Z [1m[92m   Compiling[0m edit_prediction_types v0.1.0 (/home/runner/work/koda/koda/crates/edit_prediction_types)
2026-10-07T22:38:01.0154647Z [1m[92m   Compiling[0m multi_buffer v0.1.0 (/home/runner/work/koda/koda/crates/multi_buffer)
2026-10-07T22:38:01.2235123Z [1m[92m   Compiling[0m unindent v0.2.4
2026-10-07T22:38:01.5245498Z [1m[92m   Compiling[0m assets v0.1.0 (/home/runner/work/koda/koda/crates/assets)
2026-10-07T22:38:01.5384206Z [1m[92m   Compiling[0m libloading v0.8.9
2026-10-07T22:38:01.6774676Z [1m[92m   Compiling[0m tree-sitter-html v0.23.2
2026-10-07T22:38:01.7524580Z [1m[92m   Compiling[0m fearless_simd v0.4.1
2026-10-07T22:38:02.5054820Z [1m[92m   Compiling[0m vim_mode_setting v0.1.0 (/home/runner/work/koda/koda/crates/vim_mode_setting)
2026-10-07T22:38:02.9714328Z [1m[92m   Compiling[0m emojis v0.9.0
2026-10-07T22:38:03.7074452Z [1m[92m   Compiling[0m hashbrown v0.14.5
2026-10-07T22:38:04.1084622Z [1m[92m   Compiling[0m betlang v0.1.1
2026-10-07T22:38:04.1244393Z [1m[92m   Compiling[0m num-rational v0.4.2
2026-10-07T22:38:04.1524297Z [1m[92m   Compiling[0m winnow v1.0.2
2026-10-07T22:38:04.5405173Z [1m[92m   Compiling[0m language_detection v0.1.0 (/home/runner/work/koda/koda/crates/language_detection)
2026-10-07T22:38:04.9897653Z [1m[92m   Compiling[0m zvariant_utils v3.3.1
2026-10-07T22:38:05.0034660Z [1m[92m   Compiling[0m enumflags2_derive v0.7.12
2026-10-07T22:38:05.3687190Z [1m[92m   Compiling[0m zvariant_derive v5.11.0
2026-10-07T22:38:05.3964240Z [1m[92m   Compiling[0m enumflags2 v0.7.12
2026-10-07T22:38:05.5074327Z [1m[92m   Compiling[0m dlib v0.5.3
2026-10-07T22:38:05.8835016Z [1m[92m   Compiling[0m serde_bytes v0.11.19
2026-10-07T22:38:05.9764518Z [1m[92m   Compiling[0m endi v1.1.0
2026-10-07T22:38:06.0863902Z [1m[92m   Compiling[0m wayland-sys v0.31.11
2026-10-07T22:38:07.0965058Z [1m[92m   Compiling[0m camino v1.2.6
2026-10-07T22:38:07.1324449Z [1m[92m   Compiling[0m zvariant v5.11.0
2026-10-07T22:38:09.2454325Z [1m[92m   Compiling[0m zbus_names v4.3.2
2026-10-07T22:38:10.1087975Z [1m[92m   Compiling[0m scoped-tls v1.0.1
2026-10-07T22:38:10.1765882Z [1m[92m   Compiling[0m naga v29.0.4
2026-10-07T22:38:10.3614455Z [1m[92m   Compiling[0m quick-xml v0.39.3
2026-10-07T22:38:11.4244565Z [1m[92m   Compiling[0m md-5 v0.10.6
2026-10-07T22:38:11.4975846Z [1m[92m   Compiling[0m wayland-backend v0.3.15
2026-10-07T22:38:11.6243736Z [1m[92m   Compiling[0m bit-vec v0.9.1
2026-10-07T22:38:11.8024982Z [1m[92m   Compiling[0m ash v0.38.0+1.3.281
2026-10-07T22:38:11.8544197Z [1m[92m   Compiling[0m sys-locale v0.3.2
2026-10-07T22:38:11.9302183Z [1m[92m   Compiling[0m bit-set v0.9.1
2026-10-07T22:38:12.0458059Z [1m[92m   Compiling[0m zbus_macros v5.13.2
2026-10-07T22:38:13.0104484Z [1m[92m   Compiling[0m codespan-reporting v0.13.0
2026-10-07T22:38:13.3314483Z [1m[92m   Compiling[0m serde_repr v0.1.20
2026-10-07T22:38:13.6350425Z [1m[92m   Compiling[0m async-broadcast v0.7.2
2026-10-07T22:38:13.6484364Z [1m[92m   Compiling[0m spirv v0.4.0+sdk-1.4.341.0
2026-10-07T22:38:13.7672133Z [1m[92m   Compiling[0m ordered-stream v0.2.0
2026-10-07T22:38:13.9504422Z [1m[92m   Compiling[0m quick-xml v0.37.5
2026-10-07T22:38:14.4647729Z [1m[92m   Compiling[0m khronos-egl v6.0.0
2026-10-07T22:38:14.5554578Z [1m[92m   Compiling[0m downcast-rs v1.2.1
2026-10-07T22:38:14.6064418Z [1m[92m   Compiling[0m wayland-client v0.31.11
2026-10-07T22:38:14.6911632Z [1m[92m   Compiling[0m rustc-hash v1.1.0
2026-10-07T22:38:14.7502510Z [1m[92m   Compiling[0m hexf-parse v0.2.1
2026-10-07T22:38:15.7354545Z [1m[92m   Compiling[0m wayland-scanner v0.31.7
2026-10-07T22:38:16.8104799Z [1m[92m   Compiling[0m agent_settings v0.1.0 (/home/runner/work/koda/koda/crates/agent_settings)
2026-10-07T22:38:17.9894702Z [1m[92m   Compiling[0m workspace v0.1.0 (/home/runner/work/koda/koda/crates/workspace)
2026-10-07T22:38:24.1115650Z [1m[92m   Compiling[0m zbus v5.13.2
2026-10-07T22:38:28.2409665Z [1m[92m   Compiling[0m breadcrumbs v0.1.0 (/home/runner/work/koda/koda/crates/breadcrumbs)
2026-10-07T22:38:28.7161971Z [1m[92m   Compiling[0m editor v0.1.0 (/home/runner/work/koda/koda/crates/editor)
2026-10-07T22:38:32.6514410Z [1m[92m   Compiling[0m hkdf v0.12.4
2026-10-07T22:38:32.7264719Z [1m[92m   Compiling[0m wgpu-types v29.0.4
2026-10-07T22:38:34.1999427Z [1m[92m   Compiling[0m wgpu-hal v29.0.4
2026-10-07T22:38:34.3917110Z [1m[92m   Compiling[0m gpu-descriptor-types v0.2.0
2026-10-07T22:38:34.5274782Z [1m[92m   Compiling[0m presser v0.3.1
2026-10-07T22:38:34.6130463Z [1m[92m   Compiling[0m gpu-descriptor v0.3.2
2026-10-07T22:38:34.7894440Z [1m[92m   Compiling[0m wgpu-naga-bridge v29.0.4
2026-10-07T22:38:36.2515457Z [1m[92m   Compiling[0m zbus_xml v5.1.1
2026-10-07T22:38:36.7327747Z [1m[92m   Compiling[0m gpu-allocator v0.28.0
2026-10-07T22:38:37.0362218Z [1m[92m   Compiling[0m pathfinder_simd v0.5.6
2026-10-07T22:38:37.1246270Z [1m[92m   Compiling[0m font-types v0.10.0
2026-10-07T22:38:37.1585257Z [1m[92m   Compiling[0m font-types v0.11.0
2026-10-07T22:38:37.3912578Z [1m[92m   Compiling[0m freetype-sys v0.20.1
2026-10-07T22:38:37.4104815Z [1m[92m   Compiling[0m yeslogic-fontconfig-sys v6.0.0
2026-10-07T22:38:37.5104282Z [1m[92m   Compiling[0m renderdoc-sys v1.1.0
2026-10-07T22:38:37.5414454Z [1m[92m   Compiling[0m glow v0.17.0
2026-10-07T22:38:37.6624323Z [1m[92m   Compiling[0m read-fonts v0.37.0
2026-10-07T22:38:42.4775290Z [1m[92m   Compiling[0m read-fonts v0.35.0
2026-10-07T22:38:42.9430113Z [1m[92m   Compiling[0m zbus-lockstep v0.5.2
2026-10-07T22:38:43.5704296Z [1m[92m   Compiling[0m wgpu-core v29.0.4
2026-10-07T22:38:43.7635285Z [1m[92m   Compiling[0m num-complex v0.4.6
2026-10-07T22:38:44.0654405Z [1m[92m   Compiling[0m litrs v1.0.0
2026-10-07T22:38:44.4264385Z [1m[92m   Compiling[0m document-features v0.2.12
2026-10-07T22:38:44.7674501Z [1m[92m   Compiling[0m num v0.4.3
2026-10-07T22:38:44.9874436Z [1m[92m   Compiling[0m zbus-lockstep-macros v0.5.2
2026-10-07T22:38:45.5695962Z [1m[92m   Compiling[0m wgpu-core-deps-windows-linux-android v29.0.4
2026-10-07T22:38:45.5883320Z [1m[92m   Compiling[0m pathdiff v0.2.3
2026-10-07T22:38:45.6237696Z [1m[92m   Compiling[0m wgpu v29.0.4
2026-10-07T22:38:45.6573160Z [1m[92m   Compiling[0m zeno v0.3.3
2026-10-07T22:38:45.9004378Z [1m[92m   Compiling[0m yazi v0.2.1
2026-10-07T22:38:46.0304679Z [1m[92m   Compiling[0m zed-font-kit v0.14.1-zed (https://github.com/zed-industries/font-kit?rev=94b0f28166665e8fd2f53ff6d268a14955c82269#94b0f281)
2026-10-07T22:38:46.1263183Z [1m[92m   Compiling[0m skrifa v0.37.0
2026-10-07T22:38:47.6366211Z [1m[92m   Compiling[0m swash v0.2.6
2026-10-07T22:38:48.5543918Z [1m[92m   Compiling[0m pathfinder_geometry v0.5.1
2026-10-07T22:38:48.7074627Z [1m[92m   Compiling[0m atspi-common v0.13.0
2026-10-07T22:38:50.2035220Z [1m[92m   Compiling[0m skrifa v0.40.0
2026-10-07T22:38:52.1964827Z [1m[92m   Compiling[0m harfrust v0.5.0
2026-10-07T22:38:52.8234942Z [1m[92m   Compiling[0m wayland-protocols v0.32.9
2026-10-07T22:38:52.9694990Z [1m[92m   Compiling[0m self_cell v1.2.2
2026-10-07T22:38:53.0371976Z [1m[92m   Compiling[0m float-ord v0.3.2
2026-10-07T22:38:53.1084653Z [1m[92m   Compiling[0m linebender_resource_handle v0.1.1
2026-10-07T22:38:53.1834693Z [1m[92m   Compiling[0m rangemap v1.7.1
2026-10-07T22:38:55.0453330Z [1m[92m   Compiling[0m cosmic-text v0.19.0
2026-10-07T22:38:55.9694609Z [1m[92m   Compiling[0m xcursor v0.3.10
2026-10-07T22:38:56.1960502Z [1m[92m   Compiling[0m xim-parser v0.2.1 (https://github.com/zed-industries/xim-rs.git?rev=16f35a2c881b815a2b6cdfd6687988e84f8447d8#16f35a2c)
2026-10-07T22:38:56.2915161Z [1m[92m   Compiling[0m as-raw-xcb-connection v1.0.1
2026-10-07T22:38:56.3504650Z [1m[92m   Compiling[0m num-bigint-dig v0.9.1
2026-10-07T22:38:56.5104210Z [1m[92m   Compiling[0m atspi-proxies v0.13.0
2026-10-07T22:38:56.5714237Z [1m[92m   Compiling[0m accesskit_consumer v0.38.0
2026-10-07T22:38:57.1815003Z [1m[92m   Compiling[0m gethostname v1.1.0
2026-10-07T22:38:57.2681697Z [1m[92m   Compiling[0m is-docker v0.2.0
2026-10-07T22:38:57.3828293Z [1m[92m   Compiling[0m x11rb-protocol v0.13.2
2026-10-07T22:38:57.5834456Z [1m[92m   Compiling[0m atspi v0.29.0
2026-10-07T22:38:57.6295668Z [1m[92m   Compiling[0m is-wsl v0.4.0
2026-10-07T22:38:57.6510067Z [1m[92m   Compiling[0m accesskit_atspi_common v0.19.1
2026-10-07T22:38:58.4304495Z [1m[92m   Compiling[0m ashpd v0.13.5
2026-10-07T22:38:59.1604783Z [1m[92m   Compiling[0m gpui_wgpu v0.1.0 (/home/runner/work/koda/koda/crates/gpui_wgpu)
2026-10-07T22:38:59.6668086Z [1m[92m   Compiling[0m pbkdf2 v0.12.2
2026-10-07T22:38:59.7374492Z [1m[92m   Compiling[0m cbc v0.1.2
2026-10-07T22:38:59.8224907Z [1m[92m   Compiling[0m xim-ctext v0.3.0 (https://github.com/zed-industries/xim-rs.git?rev=16f35a2c881b815a2b6cdfd6687988e84f8447d8#16f35a2c)
2026-10-07T22:38:59.9504425Z [1m[92m   Compiling[0m calloop v0.14.3 (https://github.com/zed-industries/calloop#eb6b4fd1)
2026-10-07T22:39:00.4334684Z [1m[92m   Compiling[0m xkeysym v0.2.1
2026-10-07T22:39:00.4704932Z [1m[92m   Compiling[0m calloop-wayland-source v0.4.1
2026-10-07T22:39:00.5154395Z [1m[92m   Compiling[0m oo7 v0.6.0
2026-10-07T22:39:00.5536086Z [1m[92m   Compiling[0m accesskit_unix v0.22.1
2026-10-07T22:39:00.9655201Z [1m[92m   Compiling[0m xkbcommon v0.8.0
2026-10-07T22:39:01.2154532Z [1m[92m   Compiling[0m open v5.3.2
2026-10-07T22:39:01.3374470Z [1m[92m   Compiling[0m wayland-protocols-wlr v0.3.9
2026-10-07T22:39:02.4604787Z [1m[92m   Compiling[0m wayland-protocols-plasma v0.3.9
2026-10-07T22:39:02.4905003Z [1m[92m   Compiling[0m wayland-cursor v0.31.11
2026-10-07T22:39:02.6814661Z [1m[92m   Compiling[0m notify-rust v4.18.0
2026-10-07T22:39:03.6344402Z [1m[92m   Compiling[0m filedescriptor v0.8.3
2026-10-07T22:39:03.8174459Z [1m[92m   Compiling[0m env_filter v0.1.4
2026-10-07T22:39:04.0374317Z [1m[92m   Compiling[0m jiff v0.2.15
2026-10-07T22:39:04.0584932Z [1m[92m   Compiling[0m picker v0.1.0 (/home/runner/work/koda/koda/crates/picker)
2026-10-07T22:39:04.7335057Z [1m[92m   Compiling[0m reqwest_client v0.1.0 (/home/runner/work/koda/koda/crates/reqwest_client)
2026-10-07T22:39:05.1118030Z [1m[92m   Compiling[0m x11rb v0.13.2
2026-10-07T22:39:05.4455226Z [1m[92m   Compiling[0m glob v0.3.3
2026-10-07T22:39:05.7084417Z [1m[92m   Compiling[0m http v0.2.12
2026-10-07T22:39:06.4125539Z [1m[92m   Compiling[0m zed-xim v0.4.0-zed (https://github.com/zed-industries/xim-rs.git?rev=16f35a2c881b815a2b6cdfd6687988e84f8447d8#16f35a2c)
2026-10-07T22:39:06.5645631Z [1m[92m   Compiling[0m env_logger v0.11.8
2026-10-07T22:39:06.6264684Z [1m[92m   Compiling[0m gpui_linux v0.1.0 (/home/runner/work/koda/koda/crates/gpui_linux)
2026-10-07T22:39:06.8481394Z [1m[92m   Compiling[0m http-body v0.4.6
2026-10-07T22:39:07.0164329Z [1m[92m   Compiling[0m vsimd v0.8.0
2026-10-07T22:39:07.3304338Z [1m[92m   Compiling[0m outref v0.5.2
2026-10-07T22:39:07.3915243Z [1m[92m   Compiling[0m command_palette_hooks v0.1.0 (/home/runner/work/koda/koda/crates/command_palette_hooks)
2026-10-07T22:39:07.4072089Z [1m[92m   Compiling[0m base64-simd v0.8.0
2026-10-07T22:39:07.5627318Z [1m[92m   Compiling[0m bytes-utils v0.1.4
2026-10-07T22:39:07.6795892Z [1m[92m   Compiling[0m pet-fs v0.1.0 (https://github.com/zed-industries/python-environment-tools.git?rev=5aad7164bfc2a58977b103c8ef8fdd7302ed2e9f#5aad7164)
2026-10-07T22:39:07.7675115Z [1m[92m   Compiling[0m aws-smithy-types v1.4.7
2026-10-07T22:39:07.8644361Z [1m[92m   Compiling[0m aws-smithy-async v1.2.14
2026-10-07T22:39:08.0288879Z [1m[92m   Compiling[0m is-terminal v0.4.16
2026-10-07T22:39:08.0419890Z [1m[92m   Compiling[0m humantime v2.3.0
2026-10-07T22:39:08.0904634Z [1m[92m   Compiling[0m ident_case v1.0.1
2026-10-07T22:39:08.1599713Z [1m[92m   Compiling[0m pet-core v0.1.0 (https://github.com/zed-industries/python-environment-tools.git?rev=5aad7164bfc2a58977b103c8ef8fdd7302ed2e9f#5aad7164)
2026-10-07T22:39:08.2464993Z [1m[92m   Compiling[0m env_logger v0.10.2
2026-10-07T22:39:08.5744796Z [1m[92m   Compiling[0m aws-smithy-runtime-api v1.11.4
2026-10-07T22:39:08.8264984Z [1m[92m   Compiling[0m crossbeam-channel v0.5.15
2026-10-07T22:39:09.2084519Z [1m[92m   Compiling[0m der v0.6.1
2026-10-07T22:39:09.5481222Z [1m[92m   Compiling[0m io-lifetimes v2.0.4
2026-10-07T22:39:09.7265361Z [1m[92m   Compiling[0m gpui_platform v0.1.0 (/home/runner/work/koda/koda/crates/gpui_platform)
2026-10-07T22:39:09.8195217Z [1m[92m   Compiling[0m io-lifetimes v3.0.1
2026-10-07T22:39:09.9216951Z [1m[92m   Compiling[0m spki v0.6.0
2026-10-07T22:39:10.0399647Z [1m[92m   Compiling[0m pet-python-utils v0.1.0 (https://github.com/zed-industries/python-environment-tools.git?rev=5aad7164bfc2a58977b103c8ef8fdd7302ed2e9f#5aad7164)
2026-10-07T22:39:10.1104583Z [1m[92m   Compiling[0m io-extras v0.19.0
2026-10-07T22:39:10.4319272Z [1m[92m   Compiling[0m pkcs8 v0.9.0
2026-10-07T22:39:10.5324762Z [1m[92m   Compiling[0m crypto-bigint v0.4.9
2026-10-07T22:39:10.5862174Z [1m[92m   Compiling[0m ff v0.12.1
2026-10-07T22:39:10.6582665Z [1m[92m   Compiling[0m cap-primitives v4.0.3
2026-10-07T22:39:10.8384509Z [1m[92m   Compiling[0m unsafe-libyaml v0.2.11
2026-10-07T22:39:10.9714462Z [1m[92m   Compiling[0m base16ct v0.1.1
2026-10-07T22:39:11.1084293Z [1m[92m   Compiling[0m sec1 v0.3.0
2026-10-07T22:39:11.1502284Z [1m[92m   Compiling[0m group v0.12.1
2026-10-07T22:39:11.2244682Z [1m[92m   Compiling[0m fs-set-times v0.20.3
2026-10-07T22:39:11.4353446Z [1m[92m   Compiling[0m aws-smithy-eventstream v0.60.20
2026-10-07T22:39:11.4462231Z [1m[92m   Compiling[0m tokio-stream v0.1.17
2026-10-07T22:39:11.6092267Z [1m[92m   Compiling[0m rustix-linux-procfs v0.1.1
2026-10-07T22:39:11.7344258Z [1m[92m   Compiling[0m maybe-owned v0.3.4
2026-10-07T22:39:11.7875812Z [1m[92m   Compiling[0m cap-std v4.0.3
2026-10-07T22:39:11.8069304Z [1m[92m   Compiling[0m ambient-authority v0.0.2
2026-10-07T22:39:11.8704823Z [1m[92m   Compiling[0m aws-smithy-http v0.63.4
2026-10-07T22:39:12.0385101Z [1m[92m   Compiling[0m cfg-expr v0.20.9
2026-10-07T22:39:12.2540986Z [1m[92m   Compiling[0m elliptic-curve v0.12.3
2026-10-07T22:39:12.4054416Z [1m[92m   Compiling[0m rfc6979 v0.3.1
2026-10-07T22:39:12.4476616Z [1m[92m   Compiling[0m hashlink v0.8.4
2026-10-07T22:39:12.4834475Z [1m[92m   Compiling[0m signature v1.6.4
2026-10-07T22:39:12.5084452Z [1m[92m   Compiling[0m cap-fs-ext v4.0.3
2026-10-07T22:39:12.5734697Z [1m[92m   Compiling[0m version-compare v0.2.0
2026-10-07T22:39:12.6560891Z [1m[92m   Compiling[0m cpufeatures v0.3.0
2026-10-07T22:39:12.6794980Z [1m[92m   Compiling[0m portable-atomic v1.11.1
2026-10-07T22:39:12.7194621Z [1m[92m   Compiling[0m chacha20 v0.10.1
2026-10-07T22:39:12.7594285Z [1m[92m   Compiling[0m system-deps v7.0.7
2026-10-07T22:39:12.9674725Z [1m[92m   Compiling[0m yaml-rust2 v0.8.1
2026-10-07T22:39:12.9950849Z [1m[92m   Compiling[0m ecdsa v0.14.8
2026-10-07T22:39:13.3277601Z [1m[92m   Compiling[0m aws-credential-types v1.2.12
2026-10-07T22:39:13.4734728Z [1m[92m   Compiling[0m aws-types v1.3.12
2026-10-07T22:39:13.5864544Z [1m[92m   Compiling[0m moka v0.12.11
2026-10-07T22:39:13.6644374Z [1m[92m   Compiling[0m p256 v0.11.1
2026-10-07T22:39:13.7275236Z [1m[92m   Compiling[0m rand v0.10.2
2026-10-07T22:39:13.7604777Z [1m[92m   Compiling[0m aws-smithy-http-client v1.1.10
2026-10-07T22:39:14.0486861Z [1m[92m   Compiling[0m aws-smithy-observability v0.2.5
2026-10-07T22:39:14.1145057Z [1m[92m   Compiling[0m wasmtime-wasi-io v48.0.1
2026-10-07T22:39:14.2641193Z [1m[92m   Compiling[0m crypto-bigint v0.5.5
2026-10-07T22:39:14.2814574Z [1m[92m   Compiling[0m extension_host v0.1.0 (/home/runner/work/koda/koda/crates/extension_host)
2026-10-07T22:39:14.4310620Z [1m[92m   Compiling[0m tagptr v0.2.0
2026-10-07T22:39:15.0124661Z [1m[92m   Compiling[0m wasmtime-wasi v48.0.1
2026-10-07T22:39:15.0434655Z [1m[92m   Compiling[0m aws-sigv4 v1.4.0
2026-10-07T22:39:15.1414391Z [1m[92m   Compiling[0m aws-smithy-runtime v1.10.1
2026-10-07T22:39:16.0775132Z [1m[92m   Compiling[0m pet-virtualenv v0.1.0 (https://github.com/zed-industries/python-environment-tools.git?rev=5aad7164bfc2a58977b103c8ef8fdd7302ed2e9f#5aad7164)
2026-10-07T22:39:16.1714984Z [1m[92m   Compiling[0m aws-smithy-json v0.62.5
2026-10-07T22:39:16.2035808Z [1m[92m   Compiling[0m open_ai v0.1.0 (/home/runner/work/koda/koda/crates/open_ai)
2026-10-07T22:39:16.4534440Z [1m[92m   Compiling[0m phf_shared v0.11.3
2026-10-07T22:39:16.7354728Z [1m[92m   Compiling[0m scratch v1.0.9 (/home/runner/work/koda/koda/tooling/corgi/patches/scratch)
2026-10-07T22:39:16.8895124Z [1m[92m   Compiling[0m regex-lite v0.1.8
2026-10-07T22:39:17.5035099Z [1m[92m   Compiling[0m aws-runtime v1.7.0
2026-10-07T22:39:18.1724748Z [1m[92m   Compiling[0m pest v2.8.3
2026-10-07T22:39:18.9092013Z [1m[92m   Compiling[0m phf_generator v0.11.3
2026-10-07T22:39:19.0244531Z [1m[92m   Compiling[0m darling_core v0.23.0
2026-10-07T22:39:19.0871001Z [1m[92m   Compiling[0m anthropic v0.1.0 (/home/runner/work/koda/koda/crates/anthropic)
2026-10-07T22:39:19.4754487Z [1m[92m   Compiling[0m link-cplusplus v1.0.12
2026-10-07T22:39:19.8945064Z [1m[92m   Compiling[0m phf_macros v0.11.3
2026-10-07T22:39:20.3206629Z [1m[92m   Compiling[0m pest_meta v2.8.3
2026-10-07T22:39:20.9689989Z [1m[92m   Compiling[0m darling_macro v0.23.0
2026-10-07T22:39:21.1735579Z [1m[92m   Compiling[0m glib-sys v0.21.5
2026-10-07T22:39:21.2268124Z [1m[92m   Compiling[0m tower-http v0.6.11
2026-10-07T22:39:21.3264472Z [1m[92m   Compiling[0m pbjson-build v0.9.0
2026-10-07T22:39:21.4524418Z [1m[92m   Compiling[0m bincode v1.3.3
2026-10-07T22:39:21.4890311Z [1m[92m   Compiling[0m cxxbridge-flags v1.0.187
2026-10-07T22:39:21.5394551Z [1m[92m   Compiling[0m cxx v1.0.187
2026-10-07T22:39:21.6968043Z [1m[92m   Compiling[0m reqwest v0.12.24
2026-10-07T22:39:21.7762015Z [1m[92m   Compiling[0m darling v0.23.0
2026-10-07T22:39:21.8034777Z [1m[92m   Compiling[0m pbjson-types v0.9.0
2026-10-07T22:39:21.8384997Z [1m[92m   Compiling[0m pest_generator v2.8.3
2026-10-07T22:39:22.2514265Z [1m[92m   Compiling[0m phf v0.11.3
2026-10-07T22:39:22.3524630Z [1m[92m   Compiling[0m gobject-sys v0.21.5
2026-10-07T22:39:22.4375074Z [1m[92m   Compiling[0m pet-jsonrpc v0.1.0 (https://github.com/zed-industries/python-environment-tools.git?rev=5aad7164bfc2a58977b103c8ef8fdd7302ed2e9f#5aad7164)
2026-10-07T22:39:22.4885754Z [1m[92m   Compiling[0m picker_preview v0.1.0 (/home/runner/work/koda/koda/crates/picker_preview)
2026-10-07T22:39:23.3784918Z [1m[92m   Compiling[0m webrtc-sys-build v0.3.13 (https://github.com/zed-industries/livekit-rust-sdks?rev=0a1c519cfce9b365229026b55de9b9dbdb6fed3c#0a1c519c)
2026-10-07T22:39:23.7280830Z [1m[92m   Compiling[0m cxx-build v1.0.187
2026-10-07T22:39:24.4669184Z [1m[92m   Compiling[0m pet-reporter v0.1.0 (https://github.com/zed-industries/python-environment-tools.git?rev=5aad7164bfc2a58977b103c8ef8fdd7302ed2e9f#5aad7164)
2026-10-07T22:39:24.9200655Z [1m[92m   Compiling[0m pest_derive v2.8.3
2026-10-07T22:39:25.1125552Z [1m[92m   Compiling[0m doxygen-rs v0.4.2
2026-10-07T22:39:25.8754741Z [1m[92m   Compiling[0m gio-sys v0.21.5
2026-10-07T22:39:26.5425191Z [1m[92m   Compiling[0m symphonia-core v0.5.5
2026-10-07T22:39:26.8124580Z [1m[92m   Compiling[0m pbjson v0.9.0
2026-10-07T22:39:26.8993335Z [1m[92m   Compiling[0m alsa-sys v0.3.1
2026-10-07T22:39:27.2845409Z [1m[92m   Compiling[0m webrtc-sys v0.3.23 (https://github.com/zed-industries/livekit-rust-sdks?rev=0a1c519cfce9b365229026b55de9b9dbdb6fed3c#0a1c519c)
2026-10-07T22:39:27.6664400Z [1m[92m   Compiling[0m lmdb-master-sys v0.2.5
2026-10-07T22:39:27.8044652Z [1m[92m   Compiling[0m copilot_chat v0.1.0 (/home/runner/work/koda/koda/crates/copilot_chat)
2026-10-07T22:39:27.9335470Z [1m[92m   Compiling[0m livekit-runtime v0.4.0 (https://github.com/zed-industries/livekit-rust-sdks?rev=0a1c519cfce9b365229026b55de9b9dbdb6fed3c#0a1c519c)
2026-10-07T22:39:27.9971949Z [1m[92m   Compiling[0m channel v0.1.0 (/home/runner/work/koda/koda/crates/channel)
2026-10-07T22:39:28.7774391Z [1m[92m   Compiling[0m cxxbridge-macro v1.0.187
2026-10-07T22:39:29.5066209Z [1m[92m   Compiling[0m xmlparser v0.13.6
2026-10-07T22:39:29.7774182Z [1m[92m   Compiling[0m aws-smithy-xml v0.60.15
2026-10-07T22:39:29.9486545Z [1m[92m   Compiling[0m livekit-protocol v0.7.1 (https://github.com/zed-industries/livekit-rust-sdks?rev=0a1c519cfce9b365229026b55de9b9dbdb6fed3c#0a1c519c)
2026-10-07T22:39:33.1434545Z [1m[92m   Compiling[0m symphonia-metadata v0.5.5
2026-10-07T22:39:34.0845184Z [1m[92m   Compiling[0m pet-conda v0.1.0 (https://github.com/zed-industries/python-environment-tools.git?rev=5aad7164bfc2a58977b103c8ef8fdd7302ed2e9f#5aad7164)
2026-10-07T22:39:35.2309132Z [1m[92m   Compiling[0m serde_yaml_ng v0.10.0
2026-10-07T22:39:36.2655157Z [1m[92m   Compiling[0m glib-macros v0.21.5
2026-10-07T22:39:36.3778942Z [1m[92m   Compiling[0m cpal v0.17.1
2026-10-07T22:39:36.4839467Z [1m[92m   Compiling[0m extended v0.1.0
2026-10-07T22:39:36.5814523Z [1m[92m   Compiling[0m heed-traits v0.20.0
2026-10-07T22:39:36.6484374Z [1m[92m   Compiling[0m heed v0.21.0
2026-10-07T22:39:36.8035006Z [1m[92m   Compiling[0m heed-types v0.21.0
2026-10-07T22:39:36.9232602Z [1m[92m   Compiling[0m symphonia-format-riff v0.5.5
2026-10-07T22:39:37.1674998Z [1m[92m   Compiling[0m alsa v0.10.0
2026-10-07T22:39:38.0944684Z [1m[92m   Compiling[0m copilot v0.1.0 (/home/runner/work/koda/koda/crates/copilot)
2026-10-07T22:39:38.5410964Z [1m[92m   Compiling[0m glib v0.21.5
2026-10-07T22:39:40.3074637Z [1m[92m   Compiling[0m symphonia-codec-pcm v0.5.5
2026-10-07T22:39:40.5864550Z [1m[92m   Compiling[0m aws-smithy-query v0.60.15
2026-10-07T22:39:40.7065829Z [1m[92m   Compiling[0m proxyvars v0.2.0
2026-10-07T22:39:40.8598809Z [1m[92m   Compiling[0m synchronoise v1.0.1
2026-10-07T22:39:40.9887159Z [1m[92m   Compiling[0m dasp_sample v0.11.0
2026-10-07T22:39:41.1239041Z [1m[92m   Compiling[0m shell-words v1.1.0
2026-10-07T22:39:42.6338120Z [1m[92m   Compiling[0m aws-sdk-sts v1.98.0
2026-10-07T22:39:44.2968848Z [1m[92m   Compiling[0m symphonia v0.5.5
2026-10-07T22:39:44.4190939Z [1m[92m   Compiling[0m copilot_ui v0.1.0 (/home/runner/work/koda/koda/crates/copilot_ui)
2026-10-07T22:39:44.4721942Z [1m[92m   Compiling[0m agent_skills v0.1.0 (/home/runner/work/koda/koda/crates/agent_skills)
2026-10-07T22:39:45.2004945Z [1m[92m   Compiling[0m notifications v0.1.0 (/home/runner/work/koda/koda/crates/notifications)
2026-10-07T22:39:45.6495625Z [1m[92m   Compiling[0m handlebars v4.5.0
2026-10-07T22:39:45.7389578Z [1m[92m   Compiling[0m aws-sdk-sso v1.94.0
2026-10-07T22:39:46.4981525Z [1m[92m   Compiling[0m aws-sdk-ssooidc v1.96.0
2026-10-07T22:39:47.5043582Z [1m[92m   Compiling[0m ai_onboarding v0.1.0 (/home/runner/work/koda/koda/crates/ai_onboarding)
2026-10-07T22:39:47.6197529Z [1m[92m   Compiling[0m ollama v0.1.0 (/home/runner/work/koda/koda/crates/ollama)
2026-10-07T22:39:48.5554407Z [1m[92m   Compiling[0m rand_distr v0.5.1
2026-10-07T22:39:48.8124105Z [1m[92m   Compiling[0m rtrb v0.3.2
2026-10-07T22:39:48.9004362Z [1m[92m   Compiling[0m hound v3.5.1
2026-10-07T22:39:48.9924686Z [1m[92m   Compiling[0m aws-config v1.8.14
2026-10-07T22:39:49.1268316Z [1m[92m   Compiling[0m rodio v0.21.1 (https://github.com/RustAudio/rodio?rev=e50e726ddd0292f6ef9de0dda6b90af4ed1fb66a#e50e726d)
2026-10-07T22:39:49.9804777Z [1m[92m   Compiling[0m http_proxy v0.1.0 (/home/runner/work/koda/koda/crates/http_proxy)
2026-10-07T22:39:50.3354582Z [1m[92m   Compiling[0m serde_with_macros v3.22.0
2026-10-07T22:39:50.6094766Z [1m[92m   Compiling[0m auto_update v0.1.0 (/home/runner/work/koda/koda/crates/auto_update)
2026-10-07T22:39:51.0216314Z [1m[92m   Compiling[0m simple_asn1 v0.6.3
2026-10-07T22:39:51.5036871Z [1m[92m   Compiling[0m pem v3.0.6
2026-10-07T22:39:51.7805068Z [1m[92m   Compiling[0m jsonwebtoken v10.3.0
2026-10-07T22:39:52.2465030Z [1m[92m   Compiling[0m serde_with v3.22.0
2026-10-07T22:39:52.3509057Z [1m[92m   Compiling[0m prompt_store v0.1.0 (/home/runner/work/koda/koda/crates/prompt_store)
2026-10-07T22:39:52.7904135Z [1m[92m   Compiling[0m json_schema_store v0.1.0 (/home/runner/work/koda/koda/crates/json_schema_store)
2026-10-07T22:39:53.7744559Z [1m[92m   Compiling[0m google_ai v0.1.0 (/home/runner/work/koda/koda/crates/google_ai)
2026-10-07T22:39:53.8144512Z [1m[92m   Compiling[0m seccompiler v0.5.0
2026-10-07T22:39:53.8475069Z [1m[92m   Compiling[0m pet v0.1.0 (https://github.com/zed-industries/python-environment-tools.git?rev=5aad7164bfc2a58977b103c8ef8fdd7302ed2e9f#5aad7164)
2026-10-07T22:39:54.0144732Z [1m[92m   Compiling[0m agent-client-protocol-schema v1.9.1
2026-10-07T22:39:54.0546578Z [1m[92m   Compiling[0m pet-uv v0.1.0 (https://github.com/zed-industries/python-environment-tools.git?rev=5aad7164bfc2a58977b103c8ef8fdd7302ed2e9f#5aad7164)
2026-10-07T22:39:54.5228511Z [1m[92m   Compiling[0m pet-hatch v0.1.0 (https://github.com/zed-industries/python-environment-tools.git?rev=5aad7164bfc2a58977b103c8ef8fdd7302ed2e9f#5aad7164)
2026-10-07T22:39:54.8855348Z [1m[92m   Compiling[0m pet-homebrew v0.1.0 (https://github.com/zed-industries/python-environment-tools.git?rev=5aad7164bfc2a58977b103c8ef8fdd7302ed2e9f#5aad7164)
2026-10-07T22:39:54.9718417Z [1m[92m   Compiling[0m pet-env-var-path v0.1.0 (https://github.com/zed-industries/python-environment-tools.git?rev=5aad7164bfc2a58977b103c8ef8fdd7302ed2e9f#5aad7164)
2026-10-07T22:39:55.1182413Z [1m[92m   Compiling[0m pet-pyenv v0.1.0 (https://github.com/zed-industries/python-environment-tools.git?rev=5aad7164bfc2a58977b103c8ef8fdd7302ed2e9f#5aad7164)
2026-10-07T22:39:55.1460819Z [1m[92m   Compiling[0m pet-pixi v0.1.0 (https://github.com/zed-industries/python-environment-tools.git?rev=5aad7164bfc2a58977b103c8ef8fdd7302ed2e9f#5aad7164)
2026-10-07T22:39:55.2627520Z [1m[92m   Compiling[0m pet-global-virtualenvs v0.1.0 (https://github.com/zed-industries/python-environment-tools.git?rev=5aad7164bfc2a58977b103c8ef8fdd7302ed2e9f#5aad7164)
2026-10-07T22:39:55.3415051Z [1m[92m   Compiling[0m pet-poetry v0.1.0 (https://github.com/zed-industries/python-environment-tools.git?rev=5aad7164bfc2a58977b103c8ef8fdd7302ed2e9f#5aad7164)
2026-10-07T22:39:55.4266913Z [1m[92m   Compiling[0m pet-virtualenvwrapper v0.1.0 (https://github.com/zed-industries/python-environment-tools.git?rev=5aad7164bfc2a58977b103c8ef8fdd7302ed2e9f#5aad7164)
2026-10-07T22:39:55.5685588Z [1m[92m   Compiling[0m pet-mac-python-org v0.1.0 (https://github.com/zed-industries/python-environment-tools.git?rev=5aad7164bfc2a58977b103c8ef8fdd7302ed2e9f#5aad7164)
2026-10-07T22:39:55.7255337Z [1m[92m   Compiling[0m pet-pipenv v0.1.0 (https://github.com/zed-industries/python-environment-tools.git?rev=5aad7164bfc2a58977b103c8ef8fdd7302ed2e9f#5aad7164)
2026-10-07T22:39:55.9004447Z [1m[92m   Compiling[0m pet-linux-global-python v0.1.0 (https://github.com/zed-industries/python-environment-tools.git?rev=5aad7164bfc2a58977b103c8ef8fdd7302ed2e9f#5aad7164)
2026-10-07T22:39:55.9658190Z [1m[92m   Compiling[0m pet-mac-commandlinetools v0.1.0 (https://github.com/zed-industries/python-environment-tools.git?rev=5aad7164bfc2a58977b103c8ef8fdd7302ed2e9f#5aad7164)
2026-10-07T22:39:56.1323144Z [1m[92m   Compiling[0m pet-mac-xcode v0.1.0 (https://github.com/zed-industries/python-environment-tools.git?rev=5aad7164bfc2a58977b103c8ef8fdd7302ed2e9f#5aad7164)
2026-10-07T22:39:56.1474894Z [1m[92m   Compiling[0m pet-venv v0.1.0 (https://github.com/zed-industries/python-environment-tools.git?rev=5aad7164bfc2a58977b103c8ef8fdd7302ed2e9f#5aad7164)
2026-10-07T22:39:56.2734950Z [1m[92m   Compiling[0m pet-telemetry v0.1.0 (https://github.com/zed-industries/python-environment-tools.git?rev=5aad7164bfc2a58977b103c8ef8fdd7302ed2e9f#5aad7164)
2026-10-07T22:39:56.3194518Z [1m[92m   Compiling[0m agent-client-protocol-derive v2.2.0
2026-10-07T22:39:56.6965184Z [1m[92m   Compiling[0m sandbox v0.1.0 (/home/runner/work/koda/koda/crates/sandbox)
2026-10-07T22:39:57.3454697Z [1m[92m   Compiling[0m action_log v0.1.0 (/home/runner/work/koda/koda/crates/action_log)
2026-10-07T22:39:57.9645483Z [1m[92m   Compiling[0m remote_connection v0.1.0 (/home/runner/work/koda/koda/crates/remote_connection)
2026-10-07T22:39:58.4724409Z [1m[92m   Compiling[0m aws-sdk-bedrockruntime v1.125.0
2026-10-07T22:39:59.2814676Z [1m[92m   Compiling[0m livekit_api v0.1.0 (/home/runner/work/koda/koda/crates/livekit_api)
2026-10-07T22:39:59.6254616Z [1m[92m   Compiling[0m x_ai v0.1.0 (/home/runner/work/koda/koda/crates/x_ai)
2026-10-07T22:39:59.8304472Z [1m[92m   Compiling[0m dotenvy v0.15.7
2026-10-07T22:40:00.1514883Z [1m[92m   Compiling[0m languages v0.1.0 (/home/runner/work/koda/koda/crates/languages)
2026-10-07T22:40:04.8524594Z [1m[92m   Compiling[0m darling_core v0.20.11
2026-10-07T22:40:05.9464577Z [1m[92m   Compiling[0m bedrock v0.1.0 (/home/runner/work/koda/koda/crates/bedrock)
2026-10-07T22:40:06.6309077Z [1m[92m   Compiling[0m x_ai_subscribed v0.1.0 (/home/runner/work/koda/koda/crates/x_ai_subscribed)
2026-10-07T22:40:06.7709492Z [1m[92m   Compiling[0m darling_macro v0.20.11
2026-10-07T22:40:06.9673169Z [1m[92m   Compiling[0m opencode v0.1.0 (/home/runner/work/koda/koda/crates/opencode)
2026-10-07T22:40:07.2935114Z [1m[92m   Compiling[0m language_models_cloud v0.1.0 (/home/runner/work/koda/koda/crates/language_models_cloud)
2026-10-07T22:40:07.4864477Z [1m[92m   Compiling[0m openai_subscribed v0.1.0 (/home/runner/work/koda/koda/crates/openai_subscribed)
2026-10-07T22:40:07.9974611Z [1m[92m   Compiling[0m open_router v0.1.0 (/home/runner/work/koda/koda/crates/open_router)
2026-10-07T22:40:08.7609274Z [1m[92m   Compiling[0m aws_http_client v0.1.0 (/home/runner/work/koda/koda/crates/aws_http_client)
2026-10-07T22:40:08.9785336Z [1m[92m   Compiling[0m llama_cpp v0.1.0 (/home/runner/work/koda/koda/crates/llama_cpp)
2026-10-07T22:40:09.3714436Z [1m[92m   Compiling[0m agent-client-protocol v2.2.0
2026-10-07T22:40:09.8961052Z [1m[92m   Compiling[0m lmstudio v0.1.0 (/home/runner/work/koda/koda/crates/lmstudio)
2026-10-07T22:40:10.6164742Z [1m[92m   Compiling[0m mistral v0.1.0 (/home/runner/work/koda/koda/crates/mistral)
2026-10-07T22:40:11.6215034Z [1m[92m   Compiling[0m deepseek v0.1.0 (/home/runner/work/koda/koda/crates/deepseek)
2026-10-07T22:40:12.3784576Z [1m[92m   Compiling[0m crc-catalog v2.4.0
2026-10-07T22:40:12.4445280Z [1m[92m   Compiling[0m crc v3.3.0
2026-10-07T22:40:12.5265298Z [1m[92m   Compiling[0m darling v0.20.11
2026-10-07T22:40:12.6004498Z [1m[92m   Compiling[0m nanoid v0.4.0
2026-10-07T22:40:12.7244446Z [1m[92m   Compiling[0m peg-runtime v0.8.5
2026-10-07T22:40:12.9154467Z [1m[92m   Compiling[0m peg-macros v0.8.5
2026-10-07T22:40:13.9015297Z [1m[92m   Compiling[0m acp_thread v0.1.0 (/home/runner/work/koda/koda/crates/acp_thread)
2026-10-07T22:40:14.0551126Z [1m[92m   Compiling[0m cached_proc_macro v0.25.0
2026-10-07T22:40:14.7315325Z [1m[92m   Compiling[0m language_models v0.1.0 (/home/runner/work/koda/koda/crates/language_models)
2026-10-07T22:40:17.3590086Z [1m[92m   Compiling[0m git_ui_core v0.1.0 (/home/runner/work/koda/koda/crates/git_ui_core)
2026-10-07T22:40:20.5614835Z [1m[92m   Compiling[0m bon-macros v3.8.2
2026-10-07T22:40:20.6187279Z [1m[92m   Compiling[0m tokio-tungstenite v0.28.0
2026-10-07T22:40:21.1405337Z [1m[92m   Compiling[0m livekit v0.7.32 (https://github.com/zed-industries/livekit-rust-sdks?rev=0a1c519cfce9b365229026b55de9b9dbdb6fed3c#0a1c519c)
2026-10-07T22:40:21.4554649Z [1m[92m   Compiling[0m cached_proc_macro_types v0.1.1
2026-10-07T22:40:21.5174418Z [1m[92m   Compiling[0m cached v0.56.0
2026-10-07T22:40:21.7395004Z [1m[92m   Compiling[0m peg v0.8.5
2026-10-07T22:40:21.9745431Z [1m[92m   Compiling[0m livekit-api v0.4.14 (https://github.com/zed-industries/livekit-rust-sdks?rev=0a1c519cfce9b365229026b55de9b9dbdb6fed3c#0a1c519c)
2026-10-07T22:40:22.5004920Z [1m[92m   Compiling[0m open_path_prompt v0.1.0 (/home/runner/work/koda/koda/crates/open_path_prompt)
2026-10-07T22:40:23.4043445Z [1m[92m   Compiling[0m terminal_view v0.1.0 (/home/runner/work/koda/koda/crates/terminal_view)
2026-10-07T22:40:23.4168153Z [1m[92m   Compiling[0m bon v3.8.2
2026-10-07T22:40:23.4694202Z [1m[92m   Compiling[0m bmrng v0.5.2
2026-10-07T22:40:23.5994559Z [1m[92m   Compiling[0m utf8-chars v3.0.6
2026-10-07T22:40:23.7154449Z [1m[92m   Compiling[0m similar v2.7.0
2026-10-07T22:40:23.9304241Z [1m[92m   Compiling[0m indenter v0.3.4
2026-10-07T22:40:24.0034656Z [1m[92m   Compiling[0m brush-parser v0.3.0
2026-10-07T22:40:24.6017315Z [1m[92m   Compiling[0m platform_title_bar v0.1.0 (/home/runner/work/koda/koda/crates/platform_title_bar)
2026-10-07T22:40:25.7574049Z [1m[92m   Compiling[0m html_to_markdown v0.1.0 (/home/runner/work/koda/koda/crates/html_to_markdown)
2026-10-07T22:40:26.0658066Z [1m[92m   Compiling[0m webpki-roots v0.26.8
2026-10-07T22:40:26.1401738Z [1m[92m   Compiling[0m hashlink v0.10.0
2026-10-07T22:40:26.3585575Z [1m[92m   Compiling[0m edit_prediction_metrics v0.1.0 (/home/runner/work/koda/koda/crates/edit_prediction_metrics)
2026-10-07T22:40:26.3734327Z [1m[92m   Compiling[0m search v0.1.0 (/home/runner/work/koda/koda/crates/search)
2026-10-07T22:40:27.2326541Z [1m[92m   Compiling[0m serde_yaml v0.9.34+deprecated
2026-10-07T22:40:27.3934519Z [1m[92m   Compiling[0m web_search v0.1.0 (/home/runner/work/koda/koda/crates/web_search)
2026-10-07T22:40:27.6591924Z [1m[92m   Compiling[0m scroll_derive v0.12.1
2026-10-07T22:40:28.2958363Z [1m[92m   Compiling[0m bigdecimal v0.4.8
2026-10-07T22:40:28.3264054Z [1m[92m   Compiling[0m rust_decimal v1.39.0
2026-10-07T22:40:28.5394401Z [1m[92m   Compiling[0m scroll v0.12.0
2026-10-07T22:40:28.7140382Z [1m[92m   Compiling[0m shell_command_parser v0.1.0 (/home/runner/work/koda/koda/crates/shell_command_parser)
2026-10-07T22:40:29.3678309Z [1m[92m   Compiling[0m agent_servers v0.1.0 (/home/runner/work/koda/koda/crates/agent_servers)
2026-10-07T22:40:30.3314682Z [1m[92m   Compiling[0m edit_prediction_context v0.1.0 (/home/runner/work/koda/koda/crates/edit_prediction_context)
2026-10-07T22:40:30.7179455Z [1m[92m   Compiling[0m language_extension v0.1.0 (/home/runner/work/koda/koda/crates/language_extension)
2026-10-07T22:40:31.5104675Z [1m[92m   Compiling[0m openssl-sys v0.9.117
2026-10-07T22:40:31.8298235Z [1m[92m   Compiling[0m streaming_diff v0.1.0 (/home/runner/work/koda/koda/crates/streaming_diff)
2026-10-07T22:40:32.0534117Z [1m[92m   Compiling[0m atoi v2.0.0
2026-10-07T22:40:32.9928737Z [1m[92m   Compiling[0m debug_adapter_extension v0.1.0 (/home/runner/work/koda/koda/crates/debug_adapter_extension)
2026-10-07T22:40:33.0297070Z [1m[92m   Compiling[0m futures-intrusive v0.5.0
2026-10-07T22:40:33.5274402Z [1m[92m   Compiling[0m unicode-normalization v0.1.25
2026-10-07T22:40:33.7184538Z [1m[92m   Compiling[0m debugid v0.8.0
2026-10-07T22:40:33.8454699Z [1m[92m   Compiling[0m process-reader v0.1.0
2026-10-07T22:40:33.8784931Z [1m[92m   Compiling[0m smart-default v0.7.1
2026-10-07T22:40:34.0872723Z [1m[92m   Compiling[0m num-derive v0.4.2
2026-10-07T22:40:34.2123569Z [1m[92m   Compiling[0m range-map v0.2.0
2026-10-07T22:40:34.3474809Z [1m[92m   Compiling[0m crash-context v0.8.0
2026-10-07T22:40:34.4254449Z [1m[92m   Compiling[0m plain v0.2.3
2026-10-07T22:40:34.4904391Z [1m[92m   Compiling[0m minidump-writer v0.13.0
2026-10-07T22:40:34.6404485Z [1m[92m   Compiling[0m goblin v0.9.3
2026-10-07T22:40:34.6784440Z [1m[92m   Compiling[0m minidump-common v0.26.1
2026-10-07T22:40:35.7224656Z [1m[92m   Compiling[0m process-backend v0.1.0
2026-10-07T22:40:35.9685240Z [1m[92m   Compiling[0m stringprep v0.1.5
2026-10-07T22:40:36.2854892Z [1m[92m   Compiling[0m sqlx-core v0.8.6
2026-10-07T22:40:37.9075599Z [1m[92m   Compiling[0m agent v0.1.0 (/home/runner/work/koda/koda/crates/agent)
2026-10-07T22:40:38.0059946Z [1m[92m   Compiling[0m edit_prediction v0.1.0 (/home/runner/work/koda/koda/crates/edit_prediction)
2026-10-07T22:40:38.7088124Z [1m[92m   Compiling[0m h2 v0.3.27
2026-10-07T22:40:42.0780371Z [1m[92m   Compiling[0m procfs-core v0.18.0
2026-10-07T22:40:43.5975084Z [1m[92m   Compiling[0m error-graph v0.1.1
2026-10-07T22:40:43.6924068Z [1m[92m   Compiling[0m socket2 v0.5.10
2026-10-07T22:40:43.9980465Z [1m[92m   Compiling[0m whoami v1.6.1
2026-10-07T22:40:44.1604561Z [1m[92m   Compiling[0m pciid-parser v0.8.0
2026-10-07T22:40:44.4188821Z [1m[92m   Compiling[0m base64 v0.21.7
2026-10-07T22:40:44.6684415Z [1m[92m   Compiling[0m failspot v0.2.0
2026-10-07T22:40:44.7281148Z [1m[92m   Compiling[0m human_bytes v0.4.3
2026-10-07T22:40:44.7934710Z [1m[92m   Compiling[0m system_specs v0.1.0 (/home/runner/work/koda/koda/crates/system_specs)
2026-10-07T22:40:45.2031555Z [1m[92m   Compiling[0m hyper v0.14.32
2026-10-07T22:40:48.0404831Z [1m[92m   Compiling[0m dev_container v0.1.0 (/home/runner/work/koda/koda/crates/dev_container)
2026-10-07T22:40:49.3439356Z [1m[92m   Compiling[0m flume v0.11.1
2026-10-07T22:40:50.5403367Z [1m[92m   Compiling[0m uds v0.4.2
2026-10-07T22:40:50.7618671Z [1m[92m   Compiling[0m openssl v0.10.81
2026-10-07T22:40:50.9026235Z [1m[92m   Compiling[0m foreign-types-shared v0.1.1
2026-10-07T22:40:50.9473063Z [1m[92m   Compiling[0m foreign-types v0.3.2
2026-10-07T22:40:50.9634590Z [1m[92m   Compiling[0m minidumper v0.11.0
2026-10-07T22:40:52.9954479Z [1m[92m   Compiling[0m sqlx-postgres v0.8.6
2026-10-07T22:40:53.2471809Z [1m[92m   Compiling[0m sqlx-sqlite v0.8.6
2026-10-07T22:40:55.8154417Z [1m[92m   Compiling[0m cargo_toml v0.21.0
2026-10-07T22:40:57.5174954Z [1m[92m   Compiling[0m crash-handler v0.8.0
2026-10-07T22:40:57.6459232Z [1m[92m   Compiling[0m dap_adapters v0.1.0 (/home/runner/work/koda/koda/crates/dap_adapters)
2026-10-07T22:40:57.6640362Z [1m[92m   Compiling[0m headers-core v0.2.0
2026-10-07T22:40:58.0574549Z [1m[92m   Compiling[0m openssl-macros v0.1.1
2026-10-07T22:40:58.2954453Z [1m[92m   Compiling[0m heck v0.4.1
2026-10-07T22:40:58.4574405Z [1m[92m   Compiling[0m proc-macro2-diagnostics v0.10.1
2026-10-07T22:40:58.5524470Z [1m[92m   Compiling[0m borrow-or-share v0.2.4
2026-10-07T22:40:58.6114765Z [1m[92m   Compiling[0m native-tls v0.2.18
2026-10-07T22:40:58.7262128Z [1m[92m   Compiling[0m windows_resources v0.1.0 (/home/runner/work/koda/koda/crates/windows_resources)
2026-10-07T22:40:58.8097340Z [1m[92m   Compiling[0m fluent-uri v0.4.1
2026-10-07T22:40:59.6004227Z [1m[92m   Compiling[0m headers v0.3.9
2026-10-07T22:41:00.0989346Z [1m[92m   Compiling[0m remote_server v0.1.0 (/home/runner/work/koda/koda/crates/remote_server)
2026-10-07T22:41:00.3364450Z [1m[92m   Compiling[0m sqlx-macros-core v0.8.6
2026-10-07T22:41:00.3519272Z [1m[92m   Compiling[0m recent_projects v0.1.0 (/home/runner/work/koda/koda/crates/recent_projects)
2026-10-07T22:41:01.4430328Z [1m[92m   Compiling[0m fraction v0.16.0
2026-10-07T22:41:03.1874976Z [1m[92m   Compiling[0m bytecount v0.6.9
2026-10-07T22:41:03.3221536Z [1m[92m   Compiling[0m micromap v0.3.0
2026-10-07T22:41:03.5265858Z [1m[92m   Compiling[0m num-cmp v0.1.0
2026-10-07T22:41:03.6820521Z [1m[92m   Compiling[0m jsonschema-value v0.51.0
2026-10-07T22:41:03.9469033Z [1m[92m   Compiling[0m referencing v0.51.0
2026-10-07T22:41:06.9375119Z [1m[92m   Compiling[0m sqlx-macros v0.8.6
2026-10-07T22:41:07.5935304Z [1m[92m   Compiling[0m crashes v0.1.0 (/home/runner/work/koda/koda/crates/crashes)
2026-10-07T22:41:08.2197650Z [1m[92m   Compiling[0m eval_utils v0.1.0 (/home/runner/work/koda/koda/crates/eval_utils)
2026-10-07T22:41:08.3050666Z [1m[92m   Compiling[0m uuid-simd v0.8.0
2026-10-07T22:41:08.5469572Z [1m[92m   Compiling[0m axum-core v0.3.4
2026-10-07T22:41:08.8544649Z [1m[92m   Compiling[0m email_address v0.2.9
2026-10-07T22:41:09.0394450Z [1m[92m   Compiling[0m inherent v1.0.13
2026-10-07T22:41:09.0514576Z [1m[92m   Compiling[0m jsonschema-regex v0.51.0
2026-10-07T22:41:09.3285019Z [1m[92m   Compiling[0m ordered-float v4.6.0
2026-10-07T22:41:09.4084539Z [1m[92m   Compiling[0m cargo-platform v0.3.2
2026-10-07T22:41:09.6033398Z [1m[92m   Compiling[0m protobuf v3.7.2
2026-10-07T22:41:09.8634568Z [1m[92m   Compiling[0m sea-query v0.32.7
2026-10-07T22:41:10.3184471Z [1m[92m   Compiling[0m jsonschema v0.51.0
2026-10-07T22:41:11.9065061Z [1m[92m   Compiling[0m sqlx v0.8.6
2026-10-07T22:41:12.8904297Z [1m[92m   Compiling[0m ouroboros_macro v0.18.5
2026-10-07T22:41:13.7764210Z [1m[92m   Compiling[0m tokio-native-tls v0.3.1
2026-10-07T22:41:14.6598193Z [1m[92m   Compiling[0m sea-bae v0.2.2
2026-10-07T22:41:15.0002672Z [1m[92m   Compiling[0m crc-fast v1.9.0
2026-10-07T22:41:16.7861486Z [1m[92m   Compiling[0m command_palette v0.1.0 (/home/runner/work/koda/koda/crates/command_palette)
2026-10-07T22:41:16.8905584Z [1m[92m   Compiling[0m tungstenite v0.20.1
2026-10-07T22:41:17.4544460Z [1m[92m   Compiling[0m android_ui v0.1.0 (/home/runner/work/koda/koda/crates/android_ui)
2026-10-07T22:41:18.9604694Z [1m[92m   Compiling[0m time_format v0.1.0 (/home/runner/work/koda/koda/crates/time_format)
2026-10-07T22:41:20.0227122Z [1m[92m   Compiling[0m axum v0.6.20
2026-10-07T22:41:20.0230845Z [1m[92m   Compiling[0m protobuf-support v3.7.2
2026-10-07T22:41:20.1284476Z [1m[92m   Compiling[0m async-stream-impl v0.3.6
2026-10-07T22:41:20.3294481Z [1m[92m   Compiling[0m sync_wrapper v0.1.2
2026-10-07T22:41:20.3986999Z [1m[92m   Compiling[0m aliasable v0.1.3
2026-10-07T22:41:20.5244539Z [1m[92m   Compiling[0m prometheus v0.14.0
2026-10-07T22:41:20.5503036Z [1m[92m   Compiling[0m async-stream v0.3.6
2026-10-07T22:41:20.6422242Z [1m[92m   Compiling[0m ouroboros v0.18.5
2026-10-07T22:41:24.3964256Z [1m[92m   Compiling[0m tokio-tungstenite v0.20.1
2026-10-07T22:41:24.5944658Z [1m[92m   Compiling[0m aws-smithy-checksums v0.64.4
2026-10-07T22:41:24.9784509Z [1m[92m   Compiling[0m sea-orm-macros v1.1.10
2026-10-07T22:41:25.1734754Z [1m[92m   Compiling[0m hyper-tls v0.5.0
2026-10-07T22:41:26.7487001Z [1m[92m   Compiling[0m sea-query-binder v0.7.0
2026-10-07T22:41:27.3204617Z [1m[92m   Compiling[0m rustls-pemfile v1.0.4
2026-10-07T22:41:27.4794654Z [1m[92m   Compiling[0m tower v0.4.13
2026-10-07T22:41:27.7654479Z [1m[92m   Compiling[0m clap_complete v4.5.59
2026-10-07T22:41:28.2624567Z [1m[92m   Compiling[0m proc-macro-error-attr v1.0.4
2026-10-07T22:41:28.3698968Z [1m[92m   Compiling[0m rand v0.4.6
2026-10-07T22:41:28.8339815Z [1m[92m   Compiling[0m matchit v0.7.3
2026-10-07T22:41:29.0000167Z [1m[92m   Compiling[0m http-range-header v0.3.1
2026-10-07T22:41:29.1524410Z [1m[92m   Compiling[0m fastrand v1.9.0
2026-10-07T22:41:29.3405962Z [1m[92m   Compiling[0m strum v0.26.3
2026-10-07T22:41:29.4092205Z [1m[92m   Compiling[0m sea-orm v1.1.10
2026-10-07T22:41:29.9364888Z [1m[92m   Compiling[0m futures-lite v1.13.0
2026-10-07T22:41:30.4472188Z [1m[92m   Compiling[0m tower-http v0.4.4
2026-10-07T22:41:33.8004608Z [1m[92m   Compiling[0m rand v0.3.23
2026-10-07T22:41:33.8732339Z [1m[92m   Compiling[0m reqwest v0.11.27
2026-10-07T22:41:34.9905141Z [1m[92m   Compiling[0m aws-sdk-s3 v1.123.0
2026-10-07T22:41:37.3874542Z [1m[92m   Compiling[0m cargo_metadata v0.23.1
2026-10-07T22:41:37.4384883Z [1m[92m   Compiling[0m codestral v0.1.0 (/home/runner/work/koda/koda/crates/codestral)
2026-10-07T22:41:38.5044637Z [1m[92m   Compiling[0m aws-sdk-kinesis v1.100.0
2026-10-07T22:41:38.5191719Z [1m[92m   Compiling[0m tasks_ui v0.1.0 (/home/runner/work/koda/koda/crates/tasks_ui)
2026-10-07T22:41:40.3335152Z [1m[92m   Compiling[0m debugger_tools v0.1.0 (/home/runner/work/koda/koda/crates/debugger_tools)
2026-10-07T22:41:41.9346006Z [1m[92m   Compiling[0m dashmap v6.1.0
2026-10-07T22:41:42.2824657Z [1m[92m   Compiling[0m jupyter-protocol v1.4.0
2026-10-07T22:41:42.7404877Z [1m[92m   Compiling[0m libwebrtc v0.3.26 (https://github.com/zed-industries/livekit-rust-sdks?rev=0a1c519cfce9b365229026b55de9b9dbdb6fed3c#0a1c519c)
2026-10-07T22:41:44.5214800Z [1m[92m   Compiling[0m audio v0.1.0 (/home/runner/work/koda/koda/crates/audio)
2026-10-07T22:41:45.5664467Z [1m[92m   Compiling[0m envy v0.4.2
2026-10-07T22:41:45.6933475Z [1m[92m   Compiling[0m parse_int v0.9.0
2026-10-07T22:41:45.7774400Z [1m[92m   Compiling[0m proc-macro-error v1.0.4
2026-10-07T22:41:45.8903252Z [1m[92m   Compiling[0m saa v5.4.9
2026-10-07T22:41:46.1604431Z [1m[92m   Compiling[0m sdd v4.6.2
2026-10-07T22:41:46.4693097Z [1m[92m   Compiling[0m scc v3.5.6
2026-10-07T22:41:46.9494779Z [1m[92m   Compiling[0m agent_ui v0.1.0 (/home/runner/work/koda/koda/crates/agent_ui)
2026-10-07T22:41:47.4161734Z [1m[92m   Compiling[0m octocrab v0.49.7
2026-10-07T22:41:47.8704851Z [1m[92m   Compiling[0m random_choice v0.3.2
2026-10-07T22:41:47.9355069Z [1m[92m   Compiling[0m livekit_client v0.1.0 (/home/runner/work/koda/koda/crates/livekit_client)
2026-10-07T22:41:49.2205289Z [1m[92m   Compiling[0m call v0.1.0 (/home/runner/work/koda/koda/crates/call)
2026-10-07T22:41:50.7974486Z [1m[92m   Compiling[0m async-dispatcher v0.1.2
2026-10-07T22:41:51.0234644Z [1m[92m   Compiling[0m title_bar v0.1.0 (/home/runner/work/koda/koda/crates/title_bar)
2026-10-07T22:41:51.9305241Z [1m[92m   Compiling[0m git_ui v0.1.0 (/home/runner/work/koda/koda/crates/git_ui)
2026-10-07T22:41:53.8344684Z [1m[92m   Compiling[0m collab v0.44.0 (/home/runner/work/koda/koda/crates/collab)
2026-10-07T22:42:02.5894458Z [1m[92m   Compiling[0m cli v0.1.0 (/home/runner/work/koda/koda/crates/cli)
2026-10-07T22:42:02.7494535Z [1m[92m   Compiling[0m darling_core v0.21.3
2026-10-07T22:42:04.7324787Z [1m[92m   Compiling[0m markdown_preview v0.1.0 (/home/runner/work/koda/koda/crates/markdown_preview)
2026-10-07T22:42:06.6611309Z [1m[92m   Compiling[0m console v0.16.3
2026-10-07T22:42:07.1097531Z [1m[92m   Compiling[0m rand_pcg v0.3.1
2026-10-07T22:42:07.2314893Z [1m[92m   Compiling[0m itertools v0.10.5
2026-10-07T22:42:07.6024713Z [1m[92m   Compiling[0m asynchronous-codec v0.7.0
2026-10-07T22:42:07.8888703Z [1m[92m   Compiling[0m triomphe v0.1.15
2026-10-07T22:42:08.1814669Z [1m[92m   Compiling[0m snafu-derive v0.8.9
2026-10-07T22:42:08.4164429Z [1m[92m   Compiling[0m sha-1 v0.10.1
2026-10-07T22:42:08.5843915Z [1m[92m   Compiling[0m errno v0.2.8
2026-10-07T22:42:08.7030550Z [1m[92m   Compiling[0m siphasher v0.3.11
2026-10-07T22:42:08.8415816Z [1m[92m   Compiling[0m edit_prediction_cli v0.1.0 (/home/runner/work/koda/koda/crates/edit_prediction_cli)
2026-10-07T22:42:08.9876354Z [1m[92m   Compiling[0m guppy-workspace-hack v0.1.0
2026-10-07T22:42:09.0895098Z [1m[92m   Compiling[0m shingles v0.1.1
2026-10-07T22:42:09.2494952Z [1m[92m   Compiling[0m gaoya v0.2.0
2026-10-07T22:42:09.5184756Z [1m[92m   Compiling[0m snafu v0.8.9
2026-10-07T22:42:09.8204368Z [1m[92m   Compiling[0m exec v0.3.1
2026-10-07T22:42:09.9484395Z [1m[92m   Compiling[0m zeromq v0.5.0
2026-10-07T22:42:09.9654468Z [1m[92m   Compiling[0m dialoguer v0.12.0
2026-10-07T22:42:10.3624072Z [1m[92m   Compiling[0m darling_macro v0.21.3
2026-10-07T22:42:10.5979240Z [1m[92m   Compiling[0m collab_ui v0.1.0 (/home/runner/work/koda/koda/crates/collab_ui)
2026-10-07T22:42:11.5507561Z [1m[92m   Compiling[0m debugger_ui v0.1.0 (/home/runner/work/koda/koda/crates/debugger_ui)
2026-10-07T22:42:11.6644599Z [1m[92m   Compiling[0m edit_prediction_ui v0.1.0 (/home/runner/work/koda/koda/crates/edit_prediction_ui)
2026-10-07T22:42:14.0364368Z [1m[92m   Compiling[0m clap_complete_nushell v4.6.0
2026-10-07T22:42:14.1929838Z [1m[92m   Compiling[0m file_finder v0.1.0 (/home/runner/work/koda/koda/crates/file_finder)
2026-10-07T22:42:14.7854517Z [1m[92m   Compiling[0m outline v0.1.0 (/home/runner/work/koda/koda/crates/outline)
2026-10-07T22:42:15.9969371Z [1m[92m   Compiling[0m ipc-channel v0.19.0
2026-10-07T22:42:16.0764532Z [1m[92m   Compiling[0m tungstenite v0.21.0
2026-10-07T22:42:16.5104915Z [1m[92m   Compiling[0m inotify v0.9.6
2026-10-07T22:42:16.6430163Z [1m[92m   Compiling[0m hyper-timeout v0.5.2
2026-10-07T22:42:16.7544288Z [1m[92m   Compiling[0m simplelog v0.12.2
2026-10-07T22:42:16.8003524Z [1m[92m   Compiling[0m secrecy v0.10.3
2026-10-07T22:42:16.9094701Z [1m[92m   Compiling[0m mio v0.8.11
2026-10-07T22:42:17.1644589Z [1m[92m   Compiling[0m proptest-derive v0.8.0
2026-10-07T22:42:17.1825353Z [1m[92m   Compiling[0m fork v0.4.0
2026-10-07T22:42:17.2994295Z [1m[92m   Compiling[0m pulldown-cmark v0.10.3
2026-10-07T22:42:17.3926678Z [1m[92m   Compiling[0m target-spec v3.7.0
2026-10-07T22:42:17.5974372Z [1m[92m   Compiling[0m notify v6.1.1
2026-10-07T22:42:18.2634486Z [1m[92m   Compiling[0m tokio-tungstenite v0.21.0
2026-10-07T22:42:18.7304217Z [1m[92m   Compiling[0m merge_derive v0.1.0
2026-10-07T22:42:19.1725205Z [1m[92m   Compiling[0m runtimelib v1.4.0
2026-10-07T22:42:19.9273899Z [1m[92m   Compiling[0m darling v0.21.3
2026-10-07T22:42:20.0444578Z [1m[92m   Compiling[0m nbformat v1.2.0
2026-10-07T22:42:20.2150366Z [1m[92m   Compiling[0m jupyter-websocket-client v1.1.0
2026-10-07T22:42:20.8296908Z [1m[92m   Compiling[0m cssparser v0.37.0
2026-10-07T22:42:21.2804533Z [1m[92m   Compiling[0m extension_suggest v0.1.0 (/home/runner/work/koda/koda/crates/extension_suggest)
2026-10-07T22:42:21.4374518Z [1m[92m   Compiling[0m tree-sitter-embedded-template v0.23.2
2026-10-07T22:42:21.5707566Z [1m[92m   Compiling[0m tree-sitter-elixir v0.3.4
2026-10-07T22:42:21.6145099Z [1m[92m   Compiling[0m tree-sitter-heex v0.0.1 (https://github.com/zed-industries/tree-sitter-heex?rev=1dd45142fbb05562e35b2040c6129c9bca346592#1dd45142)
2026-10-07T22:42:21.6803540Z [1m[92m   Compiling[0m tree-sitter-ruby v0.23.1
2026-10-07T22:42:21.7184455Z [1m[92m   Compiling[0m pulldown-cmark-escape v0.10.1
2026-10-07T22:42:21.7391958Z [1m[92m   Compiling[0m maplit v1.0.2
2026-10-07T22:42:21.8071992Z [1m[92m   Compiling[0m ammonia v4.1.4
2026-10-07T22:42:23.6374204Z [1m[92m   Compiling[0m derive_setters v0.1.9
2026-10-07T22:42:24.3054482Z [1m[92m   Compiling[0m merge v0.1.0
2026-10-07T22:42:24.3954865Z [1m[92m   Compiling[0m warp v0.3.7
2026-10-07T22:42:24.5070037Z [1m[92m   Compiling[0m notify-debouncer-mini v0.4.1
2026-10-07T22:42:24.8114283Z [1m[92m   Compiling[0m outline_panel v0.1.0 (/home/runner/work/koda/koda/crates/outline_panel)
2026-10-07T22:42:24.8915030Z [1m[92m   Compiling[0m settings_ui v0.1.0 (/home/runner/work/koda/koda/crates/settings_ui)
2026-10-07T22:42:26.5034732Z [1m[92m   Compiling[0m project_panel v0.1.0 (/home/runner/work/koda/koda/crates/project_panel)
2026-10-07T22:42:27.8426267Z [1m[92m   Compiling[0m vim v0.1.0 (/home/runner/work/koda/koda/crates/vim)
2026-10-07T22:42:31.5244371Z [1m[92m   Compiling[0m zed v1.23.0 (/home/runner/work/koda/koda/crates/zed)
2026-10-07T22:42:33.4082638Z [1m[92m   Compiling[0m auto_update_helper v0.1.0 (/home/runner/work/koda/koda/crates/auto_update_helper)
2026-10-07T22:42:33.5024770Z [1m[92m   Compiling[0m component_preview v0.1.0 (/home/runner/work/koda/koda/crates/component_preview)
2026-10-07T22:42:33.7997346Z [1m[92m   Compiling[0m handlebars v5.1.2
2026-10-07T22:42:34.7439646Z [1m[92m   Compiling[0m go_to_line v0.1.0 (/home/runner/work/koda/koda/crates/go_to_line)
2026-10-07T22:42:35.3434657Z [1m[92m   Compiling[0m theme_extension v0.1.0 (/home/runner/work/koda/koda/crates/theme_extension)
2026-10-07T22:42:35.6922404Z [1m[92m   Compiling[0m opener v0.7.2
2026-10-07T22:42:35.8364796Z [1m[92m   Compiling[0m toml v0.5.11
2026-10-07T22:42:36.0684433Z [1m[92m   Compiling[0m cargo-platform v0.1.9
2026-10-07T22:42:36.2414441Z [1m[92m   Compiling[0m elasticlunr-rs v3.0.2
2026-10-07T22:42:36.6489672Z [1m[92m   Compiling[0m gh-workflow-macros v0.8.0 (https://github.com/zed-industries/gh-workflow?rev=37f3c0575d379c218a9c455ee67585184e40d43f#37f3c057)
2026-10-07T22:42:36.6902268Z [1m[92m   Compiling[0m strum_macros v0.27.2
2026-10-07T22:42:36.8609977Z [1m[92m   Compiling[0m gpui_apple v0.1.0 (/home/runner/work/koda/koda/crates/gpui_apple)
2026-10-07T22:42:36.8752194Z [1m[92m   Compiling[0m gpui_windows v0.1.0 (/home/runner/work/koda/koda/crates/gpui_windows)
2026-10-07T22:42:36.9525480Z [1m[92m   Compiling[0m nested v0.1.1
2026-10-07T22:42:36.9694894Z [1m[92m   Compiling[0m topological-sort v0.2.2
2026-10-07T22:42:37.0451729Z [1m[92m   Compiling[0m eval_cli v0.1.0 (/home/runner/work/koda/koda/crates/eval_cli)
2026-10-07T22:42:37.0590573Z [1m[92m   Compiling[0m debug-ignore v1.0.5
2026-10-07T22:42:37.1206367Z [1m[92m   Compiling[0m guppy v0.18.0
2026-10-07T22:42:37.2245077Z [1m[92m   Compiling[0m mdbook v0.4.40
2026-10-07T22:42:37.7464478Z [1m[92m   Compiling[0m cargo_metadata v0.19.2
2026-10-07T22:42:38.0094668Z [1m[92m   Compiling[0m gh-workflow v0.8.0 (https://github.com/zed-industries/gh-workflow?rev=37f3c0575d379c218a9c455ee67585184e40d43f#37f3c057)
2026-10-07T22:42:39.0674704Z [1m[92m   Compiling[0m compliance v0.1.0 (/home/runner/work/koda/koda/tooling/compliance)
2026-10-07T22:42:39.6214688Z [1m[92m   Compiling[0m extensions_ui v0.1.0 (/home/runner/work/koda/koda/crates/extensions_ui)
2026-10-07T22:42:40.6742328Z [1m[92m   Compiling[0m repl v0.1.0 (/home/runner/work/koda/koda/crates/repl)
2026-10-07T22:42:41.2004828Z [1m[92m   Compiling[0m auto_update_ui v0.1.0 (/home/runner/work/koda/koda/crates/auto_update_ui)
2026-10-07T22:42:42.1567706Z [1m[92m   Compiling[0m acp_tools v0.1.0 (/home/runner/work/koda/koda/crates/acp_tools)
2026-10-07T22:42:42.1854604Z [1m[92m   Compiling[0m sidebar v0.1.0 (/home/runner/work/koda/koda/crates/sidebar)
2026-10-07T22:42:43.7189874Z [1m[92m   Compiling[0m keymap_editor v0.1.0 (/home/runner/work/koda/koda/crates/keymap_editor)
2026-10-07T22:42:45.5005781Z [1m[92m   Compiling[0m which_key v0.1.0 (/home/runner/work/koda/koda/crates/which_key)
2026-10-07T22:42:46.1955025Z [1m[92m   Compiling[0m feedback v0.1.0 (/home/runner/work/koda/koda/crates/feedback)
2026-10-07T22:42:46.2126276Z [1m[92m   Compiling[0m language_tools v0.1.0 (/home/runner/work/koda/koda/crates/language_tools)
2026-10-07T22:42:46.5514059Z [1m[92m   Compiling[0m web_search_providers v0.1.0 (/home/runner/work/koda/koda/crates/web_search_providers)
2026-10-07T22:42:46.6875045Z [1m[92m   Compiling[0m toolchain_selector v0.1.0 (/home/runner/work/koda/koda/crates/toolchain_selector)
2026-10-07T22:42:46.9946424Z [1m[92m   Compiling[0m language_selector v0.1.0 (/home/runner/work/koda/koda/crates/language_selector)
2026-10-07T22:42:47.1364533Z [1m[92m   Compiling[0m snippets_ui v0.1.0 (/home/runner/work/koda/koda/crates/snippets_ui)
2026-10-07T22:42:48.1584565Z [1m[92m   Compiling[0m activity_indicator v0.1.0 (/home/runner/work/koda/koda/crates/activity_indicator)
2026-10-07T22:42:48.2242000Z [1m[92m   Compiling[0m onboarding v0.1.0 (/home/runner/work/koda/koda/crates/onboarding)
2026-10-07T22:42:48.3274723Z [1m[92m   Compiling[0m project_symbols v0.1.0 (/home/runner/work/koda/koda/crates/project_symbols)
2026-10-07T22:42:49.2085169Z [1m[92m   Compiling[0m lsp_locations v0.1.0 (/home/runner/work/koda/koda/crates/lsp_locations)
2026-10-07T22:42:49.4272463Z [1m[92m   Compiling[0m inspector_ui v0.1.0 (/home/runner/work/koda/koda/crates/inspector_ui)
2026-10-07T22:42:49.4492267Z [1m[92m   Compiling[0m miniprofiler_ui v0.1.0 (/home/runner/work/koda/koda/crates/miniprofiler_ui)
2026-10-07T22:42:50.4973435Z [1m[92m   Compiling[0m tabular_data_preview v0.1.0 (/home/runner/work/koda/koda/crates/tabular_data_preview)
2026-10-07T22:42:50.5687600Z [1m[92m   Compiling[0m tab_switcher v0.1.0 (/home/runner/work/koda/koda/crates/tab_switcher)
2026-10-07T22:42:50.6289161Z [1m[92m   Compiling[0m encoding_selector v0.1.0 (/home/runner/work/koda/koda/crates/encoding_selector)
2026-10-07T22:42:51.7794598Z [1m[92m   Compiling[0m theme_selector v0.1.0 (/home/runner/work/koda/koda/crates/theme_selector)
2026-10-07T22:42:51.9345116Z [1m[92m   Compiling[0m line_ending_selector v0.1.0 (/home/runner/work/koda/koda/crates/line_ending_selector)
2026-10-07T22:42:52.6494680Z [1m[92m   Compiling[0m settings_profile_selector v0.1.0 (/home/runner/work/koda/koda/crates/settings_profile_selector)
2026-10-07T22:42:53.0032115Z [1m[92m   Compiling[0m lsp_command_selector v0.1.0 (/home/runner/work/koda/koda/crates/lsp_command_selector)
2026-10-07T22:42:53.0469848Z [1m[92m   Compiling[0m call_hierarchy v0.1.0 (/home/runner/work/koda/koda/crates/call_hierarchy)
2026-10-07T22:42:53.1570349Z [1m[92m   Compiling[0m image_viewer v0.1.0 (/home/runner/work/koda/koda/crates/image_viewer)
2026-10-07T22:42:53.7664532Z [1m[92m   Compiling[0m language_onboarding v0.1.0 (/home/runner/work/koda/koda/crates/language_onboarding)
2026-10-07T22:42:54.3304901Z [1m[92m   Compiling[0m diagnostics v0.1.0 (/home/runner/work/koda/koda/crates/diagnostics)
2026-10-07T22:42:54.4045449Z [1m[92m   Compiling[0m journal v0.1.0 (/home/runner/work/koda/koda/crates/journal)
2026-10-07T22:42:54.4294837Z [1m[92m   Compiling[0m ui_prompt v0.1.0 (/home/runner/work/koda/koda/crates/ui_prompt)
2026-10-07T22:42:54.6894465Z [1m[92m   Compiling[0m install_cli v0.1.0 (/home/runner/work/koda/koda/crates/install_cli)
2026-10-07T22:42:55.1221363Z [1m[92m   Compiling[0m svg_preview v0.1.0 (/home/runner/work/koda/koda/crates/svg_preview)
2026-10-07T22:42:55.4604630Z [1m[92m   Compiling[0m zlog_settings v0.1.0 (/home/runner/work/koda/koda/crates/zlog_settings)
2026-10-07T22:42:55.7874553Z [1m[92m   Compiling[0m input_latency_ui v0.1.0 (/home/runner/work/koda/koda/crates/input_latency_ui)
2026-10-07T22:42:56.0955024Z [1m[92m   Compiling[0m hang_telemetry v0.1.0 (/home/runner/work/koda/koda/crates/hang_telemetry)
2026-10-07T22:42:56.1534485Z [1m[92m   Compiling[0m annotate-snippets v0.12.12
2026-10-07T22:42:56.4704408Z [1m[92m   Compiling[0m ctrlc v3.5.0
2026-10-07T22:42:56.5733642Z [1m[92m   Compiling[0m vscode_theme v0.2.0
2026-10-07T22:42:56.9475209Z [1m[92m   Compiling[0m xtask v0.1.0 (/home/runner/work/koda/koda/tooling/xtask)
2026-10-07T22:43:00.3734558Z [1m[92m   Compiling[0m theme_importer v0.1.0 (/home/runner/work/koda/koda/crates/theme_importer)
2026-10-07T22:43:02.3774799Z [1m[92m   Compiling[0m docs_preprocessor v0.1.0 (/home/runner/work/koda/koda/crates/docs_preprocessor)
2026-10-07T22:46:26.8094066Z [1m[92m   Compiling[0m editor_benchmarks v0.1.0 (/home/runner/work/koda/koda/crates/editor_benchmarks)
2026-10-07T22:46:31.9569329Z [1m[92m   Compiling[0m worktree_benchmarks v0.1.0 (/home/runner/work/koda/koda/crates/worktree_benchmarks)
2026-10-07T22:46:36.6044040Z [1m[92m   Compiling[0m extension_cli v0.1.0 (/home/runner/work/koda/koda/crates/extension_cli)
2026-10-07T22:46:56.0101389Z [1m[92m   Compiling[0m fs_benchmarks v0.1.0 (/home/runner/work/koda/koda/crates/fs_benchmarks)
2026-10-07T22:46:58.2358934Z [1m[92m   Compiling[0m schema_generator v0.1.0 (/home/runner/work/koda/koda/crates/schema_generator)
2026-10-07T22:47:43.3839480Z [1m[33mwarning[0m[1m: unused import: `ARCH`[0m
2026-10-07T22:47:43.3845202Z   [1m[94m--> [0mcrates/auto_update/src/auto_update.rs:29:18
2026-10-07T22:47:43.3849677Z    [1m[94m|[0m
2026-10-07T22:47:43.3937264Z [1m[94m29[0m [1m[94m|[0m         consts::{ARCH, OS},
2026-10-07T22:47:43.3956991Z    [1m[94m|[0m                  [1m[33m^^^^[0m
2026-10-07T22:47:43.3959325Z    [1m[94m|[0m
2026-10-07T22:47:43.3964887Z    [1m[94m= [0m[1mnote[0m: `#[warn(unused_imports)]` (part of `#[warn(unused)]`) on by default
2026-10-07T22:47:43.3965248Z 
2026-10-07T22:47:43.3967656Z [1m[33mwarning[0m[1m: unused import: `release_channel::AppCommitSha`[0m
2026-10-07T22:47:43.3969951Z     [1m[94m--> [0mcrates/auto_update/src/auto_update.rs:1461:9
2026-10-07T22:47:43.3972066Z      [1m[94m|[0m
2026-10-07T22:47:43.3974340Z [1m[94m1461[0m [1m[94m|[0m     use release_channel::AppCommitSha;
2026-10-07T22:47:43.3976640Z      [1m[94m|[0m         [1m[33m^^^^^^^^^^^^^^^^^^^^^^^^^^^^^[0m
2026-10-07T22:47:43.3976884Z 
2026-10-07T22:47:47.8661460Z [1m[33mwarning[0m: `auto_update` (lib test) generated 2 warnings (run `cargo fix --lib -p auto_update --tests` to apply 2 suggestions)
2026-10-07T22:48:37.1692521Z [1m[92m   Compiling[0m gpui_macos v0.1.0 (/home/runner/work/koda/koda/crates/gpui_macos)
2026-10-07T22:48:37.6663748Z [1m[92m   Compiling[0m gpui_web v0.1.0 (/home/runner/work/koda/koda/crates/gpui_web)
2026-10-07T22:48:45.8989206Z [1m[92m    Finished[0m `test` profile [unoptimized] target(s) in 15m 02s
2026-10-07T22:48:54.8317910Z ────────────
2026-10-07T22:48:54.8320215Z [32;1m Nextest run[0m ID [1mb761f0bc-9564-4897-8b43-4ea83034347e[0m with nextest profile: [1mdefault[0m
2026-10-07T22:48:54.8322470Z [32;1m    Starting[0m [1m10500[0m tests across [1m210[0m binaries ([1m23[0m tests [33;1mskipped[0m)
2026-10-07T23:07:14.5240017Z ────────────
2026-10-07T23:07:14.5242316Z [32;1m     Summary[0m [1099.690s] [1m10500[0m tests run: [1m10500[0m [32;1mpassed[0m, [1m23[0m [33;1mskipped[0m
2026-10-07T23:07:15.0040054Z Workspace tests (build and execution): 2015.9s (exit 0)
2026-10-07T23:07:15.1828208Z ##[group]Run python3 script/ci-run stage 'Linux app build' -- cargo build --locked --keep-going -p zed --bin koda
2026-10-07T23:07:15.1832660Z [36;1mpython3 script/ci-run stage 'Linux app build' -- cargo build --locked --keep-going -p zed --bin koda[0m
2026-10-07T23:07:15.2807216Z shell: /usr/bin/bash --noprofile --norc -e -o pipefail {0}
2026-10-07T23:07:15.2809282Z env:
2026-10-07T23:07:15.2811261Z   CARGO_TERM_COLOR: always
2026-10-07T23:07:15.2814418Z   CARGO_INCREMENTAL: 0
2026-10-07T23:07:15.2816503Z   CARGO_PROFILE_DEV_DEBUG: 0
2026-10-07T23:07:15.2818756Z   CARGO_PROFILE_DEV_BUILD_OVERRIDE_DEBUG: 0
2026-10-07T23:07:15.2821631Z   RUST_BACKTRACE: 1
2026-10-07T23:07:15.2824837Z   CC: clang
2026-10-07T23:07:15.2828944Z   CXX: clang++
2026-10-07T23:07:15.2830856Z   WGPU_BACKEND: vulkan
2026-10-07T23:07:15.2833020Z   CI_TEST_FILTER: 
2026-10-07T23:07:15.2835343Z   CI_TEST_MODE: full
2026-10-07T23:07:15.2837203Z   CARGO_BUILD_JOBS: 4
2026-10-07T23:07:15.2845358Z   CI_TEST_THREADS: 4
2026-10-07T23:07:15.2847347Z   VK_DRIVER_FILES: /usr/share/vulkan/icd.d/lvp_icd.json
2026-10-07T23:07:15.2847619Z ##[endgroup]
2026-10-07T23:07:16.7918087Z [1m[92m   Compiling[0m serde_core v1.0.229
2026-10-07T23:07:16.8023236Z [1m[92m   Compiling[0m hashbrown v0.17.1
2026-10-07T23:07:16.8060719Z [1m[92m   Compiling[0m either v1.15.0
2026-10-07T23:07:16.8138057Z [1m[92m   Compiling[0m serde_json v1.0.151
2026-10-07T23:07:16.9200292Z [1m[92m   Compiling[0m itertools v0.14.0
2026-10-07T23:07:16.9534679Z [1m[92m   Compiling[0m subtle v2.6.1
2026-10-07T23:07:17.0384395Z [1m[92m   Compiling[0m digest v0.10.7
2026-10-07T23:07:17.1844590Z [1m[92m   Compiling[0m sha2 v0.10.9
2026-10-07T23:07:17.3514307Z [1m[92m   Compiling[0m nix v0.30.1
2026-10-07T23:07:17.4565204Z [1m[92m   Compiling[0m fastrand v2.3.0
2026-10-07T23:07:17.6049841Z [1m[92m   Compiling[0m rayon v1.11.0
2026-10-07T23:07:17.6193654Z [1m[92m   Compiling[0m semver v1.0.28
2026-10-07T23:07:17.8384183Z [1m[92m   Compiling[0m rand v0.8.6
2026-10-07T23:07:17.8524041Z [1m[92m   Compiling[0m lyon_path v1.0.16
2026-10-07T23:07:18.1774806Z [1m[92m   Compiling[0m unicode-properties v0.1.3
2026-10-07T23:07:18.3026489Z [1m[92m   Compiling[0m serde v1.0.229
2026-10-07T23:07:18.3334931Z [1m[92m   Compiling[0m erased-serde v0.4.9
2026-10-07T23:07:18.3584396Z [1m[92m   Compiling[0m bitflags v2.13.1
2026-10-07T23:07:18.6755125Z [1m[92m   Compiling[0m serde_fmt v1.0.3
2026-10-07T23:07:18.7201223Z [1m[92m   Compiling[0m smallvec v1.16.1
2026-10-07T23:07:18.7743823Z [1m[92m   Compiling[0m value-bag-serde1 v1.12.0
2026-10-07T23:07:18.8224399Z [1m[92m   Compiling[0m value-bag v1.12.0
2026-10-07T23:07:18.8678496Z [1m[92m   Compiling[0m rustix v1.1.4
2026-10-07T23:07:18.9844447Z [1m[92m   Compiling[0m indexmap v2.14.0
2026-10-07T23:07:19.0267092Z [1m[92m   Compiling[0m log v0.4.29
2026-10-07T23:07:19.3044420Z [1m[92m   Compiling[0m parking_lot_core v0.9.12
2026-10-07T23:07:19.4714330Z [1m[92m   Compiling[0m parking_lot v0.12.5
2026-10-07T23:07:19.5715060Z [1m[92m   Compiling[0m tracing v0.1.43
2026-10-07T23:07:19.7013068Z [1m[92m   Compiling[0m icu_normalizer v2.3.0
2026-10-07T23:07:19.7604377Z [1m[92m   Compiling[0m uuid v1.18.1
2026-10-07T23:07:20.0404555Z [1m[92m   Compiling[0m idna_adapter v1.2.1
2026-10-07T23:07:20.1189693Z [1m[92m   Compiling[0m idna v1.1.0
2026-10-07T23:07:20.2165372Z [1m[92m   Compiling[0m gpui_util v0.1.0 (/home/runner/work/koda/koda/crates/gpui_util)
2026-10-07T23:07:20.3715914Z [1m[92m   Compiling[0m globset v0.4.17
2026-10-07T23:07:20.5754350Z [1m[92m   Compiling[0m url v2.5.7
2026-10-07T23:07:20.8504134Z [1m[92m   Compiling[0m schemars v1.0.4
2026-10-07T23:07:21.7561597Z [1m[92m   Compiling[0m rust-embed-utils v8.11.0
2026-10-07T23:07:21.9224488Z [1m[92m   Compiling[0m polling v3.11.0
2026-10-07T23:07:22.1084734Z [1m[92m   Compiling[0m async-io v2.6.0
2026-10-07T23:07:22.4745101Z [1m[92m   Compiling[0m async-signal v0.2.13
2026-10-07T23:07:22.5654886Z [1m[92m   Compiling[0m rust-embed-impl v8.11.0
2026-10-07T23:07:22.6139131Z [1m[92m   Compiling[0m async-process v2.5.0 (https://github.com/zed-industries/async-process.git?rev=0b6d6713570af61806e1e5cb40e0f757cb93fd9d#0b6d6713)
2026-10-07T23:07:22.9414466Z [1m[92m   Compiling[0m serde_urlencoded v0.7.1
2026-10-07T23:07:23.0074459Z [1m[92m   Compiling[0m path v0.1.0 (/home/runner/work/koda/koda/crates/path)
2026-10-07T23:07:23.1013626Z [1m[92m   Compiling[0m collections v0.1.0 (/home/runner/work/koda/koda/crates/collections)
2026-10-07T23:07:23.1114974Z [1m[92m   Compiling[0m async-net v2.0.0
2026-10-07T23:07:23.1694425Z [1m[92m   Compiling[0m tempfile v3.27.0
2026-10-07T23:07:23.3184436Z [1m[92m   Compiling[0m smol v2.0.2
2026-10-07T23:07:23.4824630Z [1m[92m   Compiling[0m serde_json_lenient v0.2.4
2026-10-07T23:07:23.5845009Z [1m[92m   Compiling[0m rust-embed v8.11.0
2026-10-07T23:07:23.6516458Z [1m[92m   Compiling[0m chrono v0.4.42
2026-10-07T23:07:23.8423455Z [1m[92m   Compiling[0m async-global-executor v2.4.1
2026-10-07T23:07:24.1584129Z [1m[92m   Compiling[0m kv-log-macro v1.0.7
2026-10-07T23:07:24.2693369Z [1m[92m   Compiling[0m async-std v1.13.2
2026-10-07T23:07:24.3947867Z [1m[92m   Compiling[0m xattr v1.6.1
2026-10-07T23:07:24.5945040Z [1m[92m   Compiling[0m command-fds v0.3.2
2026-10-07T23:07:24.6393322Z [1m[92m   Compiling[0m mio v1.2.0
2026-10-07T23:07:24.7474506Z [1m[92m   Compiling[0m util v0.1.0 (/home/runner/work/koda/koda/crates/util)
2026-10-07T23:07:24.8004989Z [1m[92m   Compiling[0m gpui_shared_string v0.1.0 (/home/runner/work/koda/koda/crates/gpui_shared_string)
2026-10-07T23:07:24.8850054Z [1m[92m   Compiling[0m tracing-log v0.2.0
2026-10-07T23:07:24.9944648Z [1m[92m   Compiling[0m tracing-serde v0.2.0
2026-10-07T23:07:25.0444835Z [1m[92m   Compiling[0m kurbo v0.13.1
2026-10-07T23:07:25.0911150Z [1m[92m   Compiling[0m tracing-subscriber v0.3.22
2026-10-07T23:07:25.6025068Z [1m[92m   Compiling[0m async-tar v0.6.1 (https://github.com/zed-industries/async-tar?rev=bd3ad6f89df9a9da7a8535958756d6bf465936a0#bd3ad6f8)
2026-10-07T23:07:25.9327622Z [1m[92m   Compiling[0m svgtypes v0.16.1
2026-10-07T23:07:25.9739140Z [1m[92m   Compiling[0m zlog v0.1.0 (/home/runner/work/koda/koda/crates/zlog)
2026-10-07T23:07:26.1344521Z [1m[92m   Compiling[0m http_client v0.1.0 (/home/runner/work/koda/koda/crates/http_client)
2026-10-07T23:07:26.3414693Z [1m[92m   Compiling[0m ztracing v0.1.0 (/home/runner/work/koda/koda/crates/ztracing)
2026-10-07T23:07:26.3912921Z [1m[92m   Compiling[0m sum_tree v0.1.0 (/home/runner/work/koda/koda/crates/sum_tree)
2026-10-07T23:07:26.3984958Z [1m[92m   Compiling[0m accesskit v0.24.1
2026-10-07T23:07:26.6225047Z [1m[92m   Compiling[0m fontdb v0.23.0
2026-10-07T23:07:26.6619451Z [1m[92m   Compiling[0m simplecss v0.2.2
2026-10-07T23:07:26.7165242Z [1m[92m   Compiling[0m rustybuzz v0.20.1
2026-10-07T23:07:26.9473962Z [1m[92m   Compiling[0m postage v0.5.0
2026-10-07T23:07:26.9721751Z [1m[92m   Compiling[0m lyon_tessellation v1.0.16
2026-10-07T23:07:27.2674954Z [1m[92m   Compiling[0m tiny-skia v0.11.4
2026-10-07T23:07:27.5274304Z [1m[92m   Compiling[0m perf v0.1.0 (/home/runner/work/koda/koda/tooling/perf)
2026-10-07T23:07:27.5874944Z [1m[92m   Compiling[0m sysinfo v0.31.4
2026-10-07T23:07:27.7784767Z [1m[92m   Compiling[0m exr v1.74.0
2026-10-07T23:07:28.5223765Z [1m[92m   Compiling[0m usvg v0.46.0
2026-10-07T23:07:28.5463365Z [1m[92m   Compiling[0m futures-concurrency v7.7.1
2026-10-07T23:07:28.5579234Z [1m[92m   Compiling[0m png v0.18.0
2026-10-07T23:07:29.3504375Z [1m[92m   Compiling[0m lyon_algorithms v1.0.16
2026-10-07T23:07:29.6434643Z [1m[92m   Compiling[0m gpui v0.2.2 (/home/runner/work/koda/koda/crates/gpui)
2026-10-07T23:07:29.7894535Z [1m[92m   Compiling[0m resvg v0.46.0
2026-10-07T23:07:29.9705239Z [1m[92m   Compiling[0m scheduler v0.1.0 (/home/runner/work/koda/koda/crates/scheduler)
2026-10-07T23:07:30.5723426Z [1m[92m   Compiling[0m image v0.25.10
2026-10-07T23:07:30.6194876Z [1m[92m   Compiling[0m lyon v1.0.16
2026-10-07T23:07:30.6635473Z [1m[92m   Compiling[0m zed-scap v0.0.8-zed (https://github.com/zed-industries/scap?rev=4afea48c3b002197176fb19cd0f9b180dd36eaac#4afea48c)
2026-10-07T23:07:31.0509498Z [1m[92m   Compiling[0m util_macros v0.1.0 (/home/runner/work/koda/koda/crates/util_macros)
2026-10-07T23:07:31.8644786Z [1m[92m   Compiling[0m taffy v0.13.0
2026-10-07T23:07:33.9835165Z [1m[92m   Compiling[0m gpui_macros v0.1.0 (/home/runner/work/koda/koda/crates/gpui_macros)
2026-10-07T23:07:35.2568949Z [1m[92m   Compiling[0m tokio v1.52.1
2026-10-07T23:07:35.6555601Z [1m[92m   Compiling[0m linux-raw-sys v0.12.1
2026-10-07T23:07:35.7936401Z [1m[92m   Compiling[0m rustc_version v0.4.1
2026-10-07T23:07:35.9544500Z [1m[92m   Compiling[0m wasmtime-internal-core v48.0.1
2026-10-07T23:07:36.3894861Z [1m[92m   Compiling[0m deranged v0.5.4
2026-10-07T23:07:37.4004239Z [1m[92m   Compiling[0m time v0.3.47
2026-10-07T23:07:39.5544763Z [1m[92m   Compiling[0m cranelift-bitset v0.135.1
2026-10-07T23:07:39.6714891Z [1m[92m   Compiling[0m prost-derive v0.14.4
2026-10-07T23:07:39.6939526Z [1m[92m   Compiling[0m zeta_prompt v0.1.0 (/home/runner/work/koda/koda/crates/zeta_prompt)
2026-10-07T23:07:40.4403674Z [1m[92m   Compiling[0m cranelift-entity v0.135.1
2026-10-07T23:07:40.7016924Z [1m[92m   Compiling[0m pulley-interpreter v48.0.1
2026-10-07T23:07:40.7114768Z [1m[92m   Compiling[0m prost v0.14.4
2026-10-07T23:07:40.9755181Z [1m[92m   Compiling[0m postcard v1.1.3
2026-10-07T23:07:41.0784624Z [1m[92m   Compiling[0m prost-types v0.14.4
2026-10-07T23:07:41.2344710Z [1m[92m   Compiling[0m cranelift-bforest v0.135.1
2026-10-07T23:07:41.4223712Z [1m[92m   Compiling[0m gimli v0.33.0
2026-10-07T23:07:41.8505071Z [1m[92m   Compiling[0m cloud_llm_client v0.1.0 (/home/runner/work/koda/koda/crates/cloud_llm_client)
2026-10-07T23:07:41.9514586Z [1m[92m   Compiling[0m cranelift-codegen-meta v0.135.1
2026-10-07T23:07:42.4024330Z [1m[92m   Compiling[0m wasmparser v0.254.0
2026-10-07T23:07:44.0284457Z [1m[92m   Compiling[0m regalloc2 v0.15.2
2026-10-07T23:07:44.0374136Z [1m[92m   Compiling[0m cranelift-codegen v0.135.1
2026-10-07T23:07:49.7837382Z [1m[92m   Compiling[0m wasm-encoder v0.254.0
2026-10-07T23:07:51.1594679Z [1m[92m   Compiling[0m object v0.39.1
2026-10-07T23:07:54.0152322Z [1m[92m   Compiling[0m wasmprinter v0.254.0
2026-10-07T23:07:54.5095018Z [1m[92m   Compiling[0m hashbrown v0.15.5
2026-10-07T23:07:54.8984289Z [1m[92m   Compiling[0m id-arena v2.3.0
2026-10-07T23:07:54.9714396Z [1m[92m   Compiling[0m wit-parser v0.254.0
2026-10-07T23:07:55.5544411Z [1m[92m   Compiling[0m wasmtime-environ v48.0.1
2026-10-07T23:07:58.3213396Z [1m[92m   Compiling[0m petgraph v0.8.3
2026-10-07T23:07:59.4335026Z [1m[92m   Compiling[0m wasm-metadata v0.254.0
2026-10-07T23:07:59.6844502Z [1m[92m   Compiling[0m prost-build v0.14.4
2026-10-07T23:08:00.4894534Z [1m[92m   Compiling[0m language_model_core v0.1.0 (/home/runner/work/koda/koda/crates/language_model_core)
2026-10-07T23:08:01.6004387Z [1m[92m   Compiling[0m wit-component v0.254.0
2026-10-07T23:08:02.7307872Z [1m[92m   Compiling[0m logos-codegen v0.15.1
2026-10-07T23:08:03.0268742Z [1m[92m   Compiling[0m wasmtime-internal-jit-icache-coherence v48.0.1
2026-10-07T23:08:03.0834800Z [1m[92m   Compiling[0m memfd v0.6.5
2026-10-07T23:08:03.2334623Z [1m[92m   Compiling[0m wasmtime-internal-wit-bindgen v48.0.1
2026-10-07T23:08:04.1464814Z [1m[92m   Compiling[0m wasmtime-internal-fiber v48.0.1
2026-10-07T23:08:04.5861905Z [1m[92m   Compiling[0m wasmtime-internal-component-macro v48.0.1
2026-10-07T23:08:05.3464334Z [1m[92m   Compiling[0m tokio-util v0.7.18
2026-10-07T23:08:05.7840913Z [1m[92m   Compiling[0m logos-derive v0.15.1
2026-10-07T23:08:05.8474647Z [1m[92m   Compiling[0m tree-sitter v0.27.0 (https://github.com/tree-sitter/tree-sitter?rev=43623ec9bf0eaaf7113285c46e8a09018f181b18#43623ec9)
2026-10-07T23:08:05.9696177Z [1m[92m   Compiling[0m logos v0.15.1
2026-10-07T23:08:06.0644144Z [1m[92m   Compiling[0m paths v0.1.0 (/home/runner/work/koda/koda/crates/paths)
2026-10-07T23:08:06.1845806Z [1m[92m   Compiling[0m prost-reflect v0.16.5
2026-10-07T23:08:08.9274229Z [1m[92m   Compiling[0m cranelift-native v0.135.1
2026-10-07T23:08:09.0214540Z [1m[92m   Compiling[0m cranelift-frontend v0.135.1
2026-10-07T23:08:09.6803270Z [1m[92m   Compiling[0m wasmtime-internal-unwinder v48.0.1
2026-10-07T23:08:09.8944507Z [1m[92m   Compiling[0m wasmtime-internal-cranelift v48.0.1
2026-10-07T23:08:12.1395073Z [1m[92m   Compiling[0m protox-parse v0.9.0
2026-10-07T23:08:13.1140657Z [1m[92m   Compiling[0m wasmtime v48.0.1
2026-10-07T23:08:24.2194794Z [1m[92m   Compiling[0m wasmtime-c-api-impl v48.0.1
2026-10-07T23:08:26.0654399Z [1m[92m   Compiling[0m ignore v0.4.24
2026-10-07T23:08:26.9254531Z [1m[92m   Compiling[0m getrandom v0.2.16
2026-10-07T23:08:28.7604667Z [1m[92m   Compiling[0m protox v0.9.1
2026-10-07T23:08:29.1663172Z [1m[92m   Compiling[0m release_channel v0.1.0 (/home/runner/work/koda/koda/crates/release_channel)
2026-10-07T23:08:29.4223297Z [1m[92m   Compiling[0m rustls-webpki v0.103.13
2026-10-07T23:08:30.3728559Z [1m[92m   Compiling[0m rustls v0.23.40
2026-10-07T23:08:34.3915473Z [1m[92m   Compiling[0m proto v0.1.0 (/home/runner/work/koda/koda/crates/proto)
2026-10-07T23:08:34.9948323Z [1m[92m   Compiling[0m telemetry_events v0.1.0 (/home/runner/work/koda/koda/crates/telemetry_events)
2026-10-07T23:08:35.1664652Z [1m[92m   Compiling[0m rope v0.1.0 (/home/runner/work/koda/koda/crates/rope)
2026-10-07T23:08:35.9352052Z [1m[92m   Compiling[0m net v0.1.0 (/home/runner/work/koda/koda/crates/net)
2026-10-07T23:08:35.9871847Z [1m[92m   Compiling[0m askpass v0.1.0 (/home/runner/work/koda/koda/crates/askpass)
2026-10-07T23:08:37.3455057Z [1m[92m   Compiling[0m clock v0.1.0 (/home/runner/work/koda/koda/crates/clock)
2026-10-07T23:08:37.5144472Z [1m[92m   Compiling[0m serde_path_to_error v0.1.20
2026-10-07T23:08:37.7702441Z [1m[92m   Compiling[0m inotify v0.11.0
2026-10-07T23:08:38.0344692Z [1m[92m   Compiling[0m settings_json v0.1.0 (/home/runner/work/koda/koda/crates/settings_json)
2026-10-07T23:08:38.4164987Z [1m[92m   Compiling[0m text v0.1.0 (/home/runner/work/koda/koda/crates/text)
2026-10-07T23:08:40.1994755Z [1m[92m   Compiling[0m telemetry v0.1.0 (/home/runner/work/koda/koda/crates/telemetry)
2026-10-07T23:08:40.3104418Z [1m[92m   Compiling[0m phf_generator v0.13.1
2026-10-07T23:08:40.4414669Z [1m[92m   Compiling[0m notify-types v2.1.0 (https://github.com/zed-industries/notify?rev=d842f16b2716bd60f09caf3ae3a894237ab38f54#d842f16b)
2026-10-07T23:08:40.6470307Z [1m[92m   Compiling[0m notify v9.0.0-rc.4 (https://github.com/zed-industries/notify?rev=d842f16b2716bd60f09caf3ae3a894237ab38f54#d842f16b)
2026-10-07T23:08:41.3995497Z [1m[92m   Compiling[0m settings_content v0.1.0 (/home/runner/work/koda/koda/crates/settings_content)
2026-10-07T23:08:55.3950794Z [1m[92m   Compiling[0m git v0.1.0 (/home/runner/work/koda/koda/crates/git)
2026-10-07T23:08:58.9654560Z [1m[92m   Compiling[0m tokio-rustls v0.26.4
2026-10-07T23:08:59.1220907Z [1m[92m   Compiling[0m trash v5.2.5 (https://github.com/zed-industries/trash-rs?rev=41c6c800d884a89351f3b8856d12894cccee261d#41c6c800)
2026-10-07T23:08:59.5364448Z [1m[92m   Compiling[0m fs v0.1.0 (/home/runner/work/koda/koda/crates/fs)
2026-10-07T23:09:01.2538949Z [1m[92m   Compiling[0m migrator v0.1.0 (/home/runner/work/koda/koda/crates/migrator)
2026-10-07T23:09:01.8474636Z [1m[92m   Compiling[0m tungstenite v0.28.0
2026-10-07T23:09:02.2217721Z [1m[92m   Compiling[0m settings v0.1.0 (/home/runner/work/koda/koda/crates/settings)
2026-10-07T23:09:02.5834531Z [1m[92m   Compiling[0m syntax_theme v0.1.0 (/home/runner/work/koda/koda/crates/syntax_theme)
2026-10-07T23:09:02.8861111Z [1m[92m   Compiling[0m theme v0.1.0 (/home/runner/work/koda/koda/crates/theme)
2026-10-07T23:09:02.9416652Z [1m[92m   Compiling[0m phf_macros v0.13.1
2026-10-07T23:09:03.4164935Z [1m[92m   Compiling[0m futures-util v0.3.34
2026-10-07T23:09:04.5986180Z [1m[92m   Compiling[0m phf v0.13.1
2026-10-07T23:09:04.7171561Z [1m[92m   Compiling[0m serde_spanned v0.6.9
2026-10-07T23:09:04.7644649Z [1m[92m   Compiling[0m toml_datetime v0.6.11
2026-10-07T23:09:04.7988617Z [1m[92m   Compiling[0m rand_core v0.6.4
2026-10-07T23:09:04.9175035Z [1m[92m   Compiling[0m toml_edit v0.22.27
2026-10-07T23:09:05.3284457Z [1m[92m   Compiling[0m h2 v0.4.19
2026-10-07T23:09:06.8724290Z [1m[92m   Compiling[0m toml v0.8.23
2026-10-07T23:09:07.3944599Z [1m[92m   Compiling[0m num-bigint-dig v0.8.6
2026-10-07T23:09:08.2765529Z [1m[92m   Compiling[0m hyper v1.11.1
2026-10-07T23:09:08.6291097Z [1m[92m   Compiling[0m async-tungstenite v0.33.0
2026-10-07T23:09:08.9214318Z [1m[92m   Compiling[0m signature v2.2.0
2026-10-07T23:09:09.0123323Z [1m[92m   Compiling[0m rsa v0.9.10
2026-10-07T23:09:09.2544550Z [1m[92m   Compiling[0m hyper-util v0.1.17
2026-10-07T23:09:09.4981056Z [1m[92m   Compiling[0m zed_actions v0.1.0 (/home/runner/work/koda/koda/crates/zed_actions)
2026-10-07T23:09:09.7654649Z [1m[92m   Compiling[0m language_core v0.1.0 (/home/runner/work/koda/koda/crates/language_core)
2026-10-07T23:09:10.4684448Z [1m[92m   Compiling[0m nucleo v0.5.0
2026-10-07T23:09:11.2704702Z [1m[92m   Compiling[0m task v0.1.0 (/home/runner/work/koda/koda/crates/task)
2026-10-07T23:09:11.4385104Z [1m[92m   Compiling[0m watch v0.1.0 (/home/runner/work/koda/koda/crates/watch)
2026-10-07T23:09:11.5584561Z [1m[92m   Compiling[0m rpc v0.1.0 (/home/runner/work/koda/koda/crates/rpc)
2026-10-07T23:09:11.5794379Z [1m[92m   Compiling[0m phf_codegen v0.13.1
2026-10-07T23:09:11.6584503Z [1m[92m   Compiling[0m fuzzy v0.1.0 (/home/runner/work/koda/koda/crates/fuzzy)
2026-10-07T23:09:12.0605029Z [1m[92m   Compiling[0m lsp-types v0.95.1 (https://github.com/zed-industries/lsp-types?rev=f1783e63a7f4eb4397bf51d4148b4895a1f7ab16#f1783e63)
2026-10-07T23:09:12.5794417Z [1m[92m   Compiling[0m zeroize v1.8.2
2026-10-07T23:09:12.7060124Z [1m[92m   Compiling[0m language v0.1.0 (/home/runner/work/koda/koda/crates/language)
2026-10-07T23:09:12.8470365Z [1m[92m   Compiling[0m rustls-pki-types v1.12.0
2026-10-07T23:09:12.9294717Z [1m[92m   Compiling[0m fuzzy_nucleo v0.1.0 (/home/runner/work/koda/koda/crates/fuzzy_nucleo)
2026-10-07T23:09:13.1749124Z [1m[92m   Compiling[0m tracing-core v0.1.35
2026-10-07T23:09:13.7036292Z [1m[92m   Compiling[0m ring v0.17.14
2026-10-07T23:09:13.8838958Z [1m[92m   Compiling[0m credentials_provider v0.1.0 (/home/runner/work/koda/koda/crates/credentials_provider)
2026-10-07T23:09:15.6824928Z [1m[92m   Compiling[0m rustls-platform-verifier v0.7.0
2026-10-07T23:09:15.8145937Z [1m[92m   Compiling[0m tiny_http v0.12.0
2026-10-07T23:09:16.4768423Z [1m[92m   Compiling[0m http_client_tls v0.1.0 (/home/runner/work/koda/koda/crates/http_client_tls)
2026-10-07T23:09:18.0835016Z [1m[92m   Compiling[0m lsp v0.1.0 (/home/runner/work/koda/koda/crates/lsp)
2026-10-07T23:09:18.4714411Z [1m[92m   Compiling[0m ciborium v0.2.2
2026-10-07T23:09:20.1834429Z [1m[92m   Compiling[0m rustls-native-certs v0.8.3
2026-10-07T23:09:20.3060468Z [1m[92m   Compiling[0m tower v0.5.2
2026-10-07T23:09:20.3606412Z [1m[92m   Compiling[0m gpui_tokio v0.1.0 (/home/runner/work/koda/koda/crates/gpui_tokio)
2026-10-07T23:09:20.5835040Z [1m[92m   Compiling[0m inout v0.1.4
2026-10-07T23:09:20.6607003Z [1m[92m   Compiling[0m password-hash v0.4.2
2026-10-07T23:09:20.6854499Z [1m[92m   Compiling[0m yawc v0.4.2
2026-10-07T23:09:20.9114443Z [1m[92m   Compiling[0m cipher v0.4.4
2026-10-07T23:09:21.0424345Z [1m[92m   Compiling[0m hyper-rustls v0.27.9
2026-10-07T23:09:21.2294894Z [1m[92m   Compiling[0m cloud_api_types v0.1.0 (/home/runner/work/koda/koda/crates/cloud_api_types)
2026-10-07T23:09:21.9154634Z [1m[92m   Compiling[0m hmac v0.12.1
2026-10-07T23:09:21.9936379Z [1m[92m   Compiling[0m pbkdf2 v0.11.0
2026-10-07T23:09:22.1247140Z [1m[92m   Compiling[0m cloud_api_client v0.1.0 (/home/runner/work/koda/koda/crates/cloud_api_client)
2026-10-07T23:09:22.7327210Z [1m[92m   Compiling[0m aes v0.8.4
2026-10-07T23:09:22.9384637Z [1m[92m   Compiling[0m icons v0.1.0 (/home/runner/work/koda/koda/crates/icons)
2026-10-07T23:09:23.0924513Z [1m[92m   Compiling[0m sha1 v0.10.6
2026-10-07T23:09:23.2427919Z [1m[92m   Compiling[0m zip v0.6.6
2026-10-07T23:09:23.2554839Z [1m[92m   Compiling[0m feature_flags v0.1.0 (/home/runner/work/koda/koda/crates/feature_flags)
2026-10-07T23:09:23.7654519Z [1m[92m   Compiling[0m worktree v0.1.0 (/home/runner/work/koda/koda/crates/worktree)
2026-10-07T23:09:23.7895032Z [1m[92m   Compiling[0m zed_credentials_provider v0.1.0 (/home/runner/work/koda/koda/crates/zed_credentials_provider)
2026-10-07T23:09:23.9064729Z [1m[92m   Compiling[0m proxy_handshake v0.1.0 (/home/runner/work/koda/koda/crates/proxy_handshake)
2026-10-07T23:09:24.1236380Z [1m[92m   Compiling[0m string_cache_codegen v0.6.1
2026-10-07T23:09:24.1354894Z [1m[92m   Compiling[0m selectors v0.37.0
2026-10-07T23:09:24.4314545Z [1m[92m   Compiling[0m web_atoms v0.2.6
2026-10-07T23:09:24.4826165Z [1m[92m   Compiling[0m cssparser v0.36.0
2026-10-07T23:09:24.9814361Z [1m[92m   Compiling[0m htmlize v1.1.0
2026-10-07T23:09:25.0131021Z [1m[92m   Compiling[0m string_cache v0.9.0
2026-10-07T23:09:25.1627609Z [1m[92m   Compiling[0m node_runtime v0.1.0 (/home/runner/work/koda/koda/crates/node_runtime)
2026-10-07T23:09:25.3144653Z [1m[92m   Compiling[0m itertools v0.15.0
2026-10-07T23:09:26.0221123Z [1m[92m   Compiling[0m client v0.1.0 (/home/runner/work/koda/koda/crates/client)
2026-10-07T23:09:26.3364413Z [1m[92m   Compiling[0m documented-macros v0.10.0
2026-10-07T23:09:27.7025759Z [1m[92m   Compiling[0m dap-types v0.0.1 (https://github.com/zed-industries/dap-types?rev=1b461b310481d01e02b2603c16d7144b926339f8#1b461b31)
2026-10-07T23:09:28.1053111Z [1m[92m   Compiling[0m markup5ever v0.39.0
2026-10-07T23:09:28.2931531Z [1m[92m   Compiling[0m lol_html v3.0.1
2026-10-07T23:09:29.0244146Z [1m[92m   Compiling[0m documented v0.10.0
2026-10-07T23:09:29.1012553Z [1m[92m   Compiling[0m json5 v1.3.1
2026-10-07T23:09:29.4261526Z [1m[92m   Compiling[0m granit-parser v1.0.0
2026-10-07T23:09:29.4545071Z [1m[92m   Compiling[0m component v0.1.0 (/home/runner/work/koda/koda/crates/component)
2026-10-07T23:09:29.8374832Z [1m[92m   Compiling[0m menu v0.1.0 (/home/runner/work/koda/koda/crates/menu)
2026-10-07T23:09:30.0543682Z [1m[92m   Compiling[0m dap v0.1.0 (/home/runner/work/koda/koda/crates/dap)
2026-10-07T23:09:30.1026043Z [1m[92m   Compiling[0m dugong-graphlib v0.8.0-alpha.5
2026-10-07T23:09:30.1356525Z [1m[92m   Compiling[0m futures-lite v2.6.1
2026-10-07T23:09:30.6503844Z [1m[92m   Compiling[0m merman-core v0.8.0-alpha.5
2026-10-07T23:09:30.7015005Z [1m[92m   Compiling[0m ui v0.1.0 (/home/runner/work/koda/koda/crates/ui)
2026-10-07T23:09:31.1904567Z [1m[92m   Compiling[0m dugong v0.8.0-alpha.5
2026-10-07T23:09:33.5624923Z [1m[92m   Compiling[0m icu_collator v2.3.0
2026-10-07T23:09:34.5133291Z [1m[92m   Compiling[0m pulldown-cmark v0.13.4
2026-10-07T23:09:35.4314451Z [1m[92m   Compiling[0m rustls-pemfile v2.2.0
2026-10-07T23:09:35.5684804Z [1m[92m   Compiling[0m tokio-socks v0.5.2
2026-10-07T23:09:35.9704411Z [1m[92m   Compiling[0m roughr-merman v0.12.3
2026-10-07T23:09:36.5424237Z [1m[92m   Compiling[0m env_var v0.1.0 (/home/runner/work/koda/koda/crates/env_var)
2026-10-07T23:09:36.6184423Z [1m[92m   Compiling[0m manatee v0.8.0-alpha.5
2026-10-07T23:09:37.5111015Z [1m[92m   Compiling[0m tar v0.4.46
2026-10-07T23:09:38.0544803Z [1m[92m   Compiling[0m zed-reqwest v0.12.15-zed (https://github.com/zed-industries/reqwest.git?rev=33bc764aa15ff7b200bf7c93bd96e24878d53e14#33bc764a)
2026-10-07T23:09:38.0644374Z [1m[92m   Compiling[0m extension v0.1.0 (/home/runner/work/koda/koda/crates/extension)
2026-10-07T23:09:39.3804661Z [1m[92m   Compiling[0m xml5ever v0.39.0
2026-10-07T23:09:39.7464445Z [1m[92m   Compiling[0m html5ever v0.39.0
2026-10-07T23:09:40.3574802Z [1m[92m   Compiling[0m oauth_callback_server v0.1.0 (/home/runner/work/koda/koda/crates/oauth_callback_server)
2026-10-07T23:09:40.5784475Z [1m[92m   Compiling[0m theme_settings v0.1.0 (/home/runner/work/koda/koda/crates/theme_settings)
2026-10-07T23:09:40.7074888Z [1m[92m   Compiling[0m event-listener-strategy v0.5.4
2026-10-07T23:09:40.8170314Z [1m[92m   Compiling[0m bit-vec v0.8.0
2026-10-07T23:09:40.9834393Z [1m[92m   Compiling[0m bit-set v0.8.0
2026-10-07T23:09:41.0744791Z [1m[92m   Compiling[0m merman-render v0.8.0-alpha.5
2026-10-07T23:09:41.5563235Z [1m[92m   Compiling[0m vte v0.15.0
2026-10-07T23:09:41.6050135Z [1m[92m   Compiling[0m android_tools v0.1.0 (/home/runner/work/koda/koda/crates/android_tools)
2026-10-07T23:09:41.9154527Z [1m[92m   Compiling[0m markup5ever_rcdom v0.39.0+unofficial
2026-10-07T23:09:42.1455476Z [1m[92m   Compiling[0m rustix-openpty v0.2.0
2026-10-07T23:09:42.3016107Z [1m[92m   Compiling[0m alacritty_terminal v0.26.1-dev (https://github.com/zed-industries/alacritty?rev=4c129667ce56611becdc82de6e28218c80e2e88f#4c129667)
2026-10-07T23:09:43.2364817Z [1m[92m   Compiling[0m buffer_diff v0.1.0 (/home/runner/work/koda/koda/crates/buffer_diff)
2026-10-07T23:09:44.2326360Z [1m[92m   Compiling[0m fancy-regex v0.19.0
2026-10-07T23:09:45.2435241Z [1m[92m   Compiling[0m async-channel v2.5.0
2026-10-07T23:09:45.5304764Z [1m[92m   Compiling[0m snippet v0.1.0 (/home/runner/work/koda/koda/crates/snippet)
2026-10-07T23:09:45.6945224Z [1m[92m   Compiling[0m snippet_provider v0.1.0 (/home/runner/work/koda/koda/crates/snippet_provider)
2026-10-07T23:09:46.8574808Z [1m[92m   Compiling[0m wax v0.7.0
2026-10-07T23:09:46.9525724Z [1m[92m   Compiling[0m terminal v0.1.0 (/home/runner/work/koda/koda/crates/terminal)
2026-10-07T23:09:48.7394827Z [1m[92m   Compiling[0m context_server v0.1.0 (/home/runner/work/koda/koda/crates/context_server)
2026-10-07T23:09:51.2954891Z [1m[92m   Compiling[0m prettier v0.1.0 (/home/runner/work/koda/koda/crates/prettier)
2026-10-07T23:09:51.8465656Z [1m[92m   Compiling[0m remote v0.1.0 (/home/runner/work/koda/koda/crates/remote)
2026-10-07T23:09:52.4634456Z [1m[92m   Compiling[0m git_hosting_providers v0.1.0 (/home/runner/work/koda/koda/crates/git_hosting_providers)
2026-10-07T23:09:53.8464306Z [1m[92m   Compiling[0m piper v0.2.4
2026-10-07T23:09:53.9779476Z [1m[92m   Compiling[0m blocking v1.6.2
2026-10-07T23:09:54.1694364Z [1m[92m   Compiling[0m async-lock v3.4.2
2026-10-07T23:09:54.5254477Z [1m[92m   Compiling[0m language_model v0.1.0 (/home/runner/work/koda/koda/crates/language_model)
2026-10-07T23:09:54.5737591Z [1m[92m   Compiling[0m libsqlite3-sys v0.30.1
2026-10-07T23:09:54.9144387Z [1m[92m   Compiling[0m compression-codecs v0.4.31
2026-10-07T23:09:55.0212299Z [1m[92m   Compiling[0m getrandom v0.3.4
2026-10-07T23:09:55.0945092Z [1m[92m   Compiling[0m async-compression v0.4.32
2026-10-07T23:09:55.2164518Z [1m[92m   Compiling[0m merman v0.8.0-alpha.5
2026-10-07T23:09:55.4784540Z [1m[92m   Compiling[0m mermaid_render v0.1.0 (/home/runner/work/koda/koda/crates/mermaid_render)
2026-10-07T23:09:56.1129900Z [1m[92m   Compiling[0m markdown v0.1.0 (/home/runner/work/koda/koda/crates/markdown)
2026-10-07T23:09:57.9094481Z [1m[92m   Compiling[0m async-fs v2.2.0
2026-10-07T23:09:58.5904220Z [1m[92m   Compiling[0m async-executor v1.13.3
2026-10-07T23:09:58.6793971Z [1m[92m   Compiling[0m futures-executor v0.3.34
2026-10-07T23:09:58.8158770Z [1m[92m   Compiling[0m scopeguard v1.2.0
2026-10-07T23:09:58.8720124Z [1m[92m   Compiling[0m lock_api v0.4.14
2026-10-07T23:09:58.9089470Z [1m[92m   Compiling[0m futures v0.3.34
2026-10-07T23:09:59.1316189Z [1m[92m   Compiling[0m async_zip v0.0.18
2026-10-07T23:10:00.7614595Z [1m[92m   Compiling[0m sqlez v0.1.0 (/home/runner/work/koda/koda/crates/sqlez)
2026-10-07T23:10:01.4845212Z [1m[92m   Compiling[0m zed_env_vars v0.1.0 (/home/runner/work/koda/koda/crates/zed_env_vars)
2026-10-07T23:10:01.5524317Z [1m[92m   Compiling[0m ui_input v0.1.0 (/home/runner/work/koda/koda/crates/ui_input)
2026-10-07T23:10:01.8073790Z [1m[92m   Compiling[0m edit_prediction_types v0.1.0 (/home/runner/work/koda/koda/crates/edit_prediction_types)
2026-10-07T23:10:01.9414491Z [1m[92m   Compiling[0m sqlez_macros v0.1.0 (/home/runner/work/koda/koda/crates/sqlez_macros)
2026-10-07T23:10:02.2053031Z [1m[92m   Compiling[0m file_icons v0.1.0 (/home/runner/work/koda/koda/crates/file_icons)
2026-10-07T23:10:02.2356842Z [1m[92m   Compiling[0m db v0.1.0 (/home/runner/work/koda/koda/crates/db)
2026-10-07T23:10:02.4674749Z [1m[92m   Compiling[0m multi_buffer v0.1.0 (/home/runner/work/koda/koda/crates/multi_buffer)
2026-10-07T23:10:02.6234533Z [1m[92m   Compiling[0m session v0.1.0 (/home/runner/work/koda/koda/crates/session)
2026-10-07T23:10:02.9054709Z [1m[92m   Compiling[0m assets v0.1.0 (/home/runner/work/koda/koda/crates/assets)
2026-10-07T23:10:03.1126559Z [1m[92m   Compiling[0m vim_mode_setting v0.1.0 (/home/runner/work/koda/koda/crates/vim_mode_setting)
2026-10-07T23:10:03.4845961Z [1m[92m   Compiling[0m toml_datetime v0.7.3
2026-10-07T23:10:03.6466399Z [1m[92m   Compiling[0m language_detection v0.1.0 (/home/runner/work/koda/koda/crates/language_detection)
2026-10-07T23:10:03.6614274Z [1m[92m   Compiling[0m emojis v0.9.0
2026-10-07T23:10:04.1071702Z [1m[92m   Compiling[0m toml_edit v0.23.7
2026-10-07T23:10:04.3754507Z [1m[92m   Compiling[0m const-random-macro v0.1.16
2026-10-07T23:10:04.5614254Z [1m[92m   Compiling[0m proc-macro-crate v3.4.0
2026-10-07T23:10:04.8318132Z [1m[92m   Compiling[0m const-random v0.1.18
2026-10-07T23:10:04.8669610Z [1m[92m   Compiling[0m terminal_size v0.4.3
2026-10-07T23:10:04.8791132Z [1m[92m   Compiling[0m ahash v0.8.12
2026-10-07T23:10:04.9554477Z [1m[92m   Compiling[0m clap_builder v4.5.49
2026-10-07T23:10:05.0366417Z [1m[92m   Compiling[0m bytes-utils v0.1.4
2026-10-07T23:10:05.2104647Z [1m[92m   Compiling[0m aws-smithy-types v1.4.7
2026-10-07T23:10:05.4655131Z [1m[92m   Compiling[0m pet-fs v0.1.0 (https://github.com/zed-industries/python-environment-tools.git?rev=5aad7164bfc2a58977b103c8ef8fdd7302ed2e9f#5aad7164)
2026-10-07T23:10:05.6244537Z [1m[92m   Compiling[0m serde_spanned v1.0.3
2026-10-07T23:10:05.6904913Z [1m[92m   Compiling[0m toml v0.9.8
2026-10-07T23:10:06.0326526Z [1m[92m   Compiling[0m project v0.1.0 (/home/runner/work/koda/koda/crates/project)
2026-10-07T23:10:06.0425765Z [1m[92m   Compiling[0m env_logger v0.10.2
2026-10-07T23:10:06.3784446Z [1m[92m   Compiling[0m clap v4.5.49
2026-10-07T23:10:06.4324894Z [1m[92m   Compiling[0m pet-core v0.1.0 (https://github.com/zed-industries/python-environment-tools.git?rev=5aad7164bfc2a58977b103c8ef8fdd7302ed2e9f#5aad7164)
2026-10-07T23:10:07.0714354Z [1m[92m   Compiling[0m cfg-expr v0.20.9
2026-10-07T23:10:07.0923122Z [1m[92m   Compiling[0m zvariant_utils v3.3.1
2026-10-07T23:10:07.4604872Z [1m[92m   Compiling[0m system-deps v7.0.7
2026-10-07T23:10:07.4702258Z [1m[92m   Compiling[0m enumflags2 v0.7.12
2026-10-07T23:10:07.5834906Z [1m[92m   Compiling[0m zvariant_derive v5.11.0
2026-10-07T23:10:07.9894549Z [1m[92m   Compiling[0m aws-smithy-async v1.2.14
2026-10-07T23:10:08.1764289Z [1m[92m   Compiling[0m aws-smithy-runtime-api v1.11.4
2026-10-07T23:10:08.2095187Z [1m[92m   Compiling[0m pet-python-utils v0.1.0 (https://github.com/zed-industries/python-environment-tools.git?rev=5aad7164bfc2a58977b103c8ef8fdd7302ed2e9f#5aad7164)
2026-10-07T23:10:09.1015380Z [1m[92m   Compiling[0m hashbrown v0.14.5
2026-10-07T23:10:09.1914985Z [1m[92m   Compiling[0m fs-set-times v0.20.3
2026-10-07T23:10:09.2321566Z [1m[92m   Compiling[0m glib-sys v0.21.5
2026-10-07T23:10:09.3454270Z [1m[92m   Compiling[0m tower-http v0.6.11
2026-10-07T23:10:09.4305051Z [1m[92m   Compiling[0m pbjson-build v0.9.0
2026-10-07T23:10:09.5381995Z [1m[92m   Compiling[0m rustix-linux-procfs v0.1.1
2026-10-07T23:10:09.6545691Z [1m[92m   Compiling[0m cap-primitives v4.0.3
2026-10-07T23:10:09.7195272Z [1m[92m   Compiling[0m reqwest v0.12.24
2026-10-07T23:10:09.9104466Z [1m[92m   Compiling[0m pbjson-types v0.9.0
2026-10-07T23:10:10.2028644Z [1m[92m   Compiling[0m syn v2.0.117
2026-10-07T23:10:10.4074402Z [1m[92m   Compiling[0m wayland-sys v0.31.11
2026-10-07T23:10:10.6184291Z [1m[92m   Compiling[0m zvariant v5.11.0
2026-10-07T23:10:12.0654920Z [1m[92m   Compiling[0m gobject-sys v0.21.5
2026-10-07T23:10:12.1874470Z [1m[92m   Compiling[0m aws-smithy-eventstream v0.60.20
2026-10-07T23:10:12.4570625Z [1m[92m   Compiling[0m cxx-build v1.0.187
2026-10-07T23:10:12.6614713Z [1m[92m   Compiling[0m phf_generator v0.11.3
2026-10-07T23:10:13.1434336Z [1m[92m   Compiling[0m aws-smithy-http v0.63.4
2026-10-07T23:10:13.5204920Z [1m[92m   Compiling[0m zbus_names v4.3.2
2026-10-07T23:10:13.9304897Z [1m[92m   Compiling[0m webrtc-sys-build v0.3.13 (https://github.com/zed-industries/livekit-rust-sdks?rev=0a1c519cfce9b365229026b55de9b9dbdb6fed3c#0a1c519c)
2026-10-07T23:10:14.4426722Z [1m[92m   Compiling[0m cap-std v4.0.3
2026-10-07T23:10:14.6286161Z [1m[92m   Compiling[0m aws-credential-types v1.2.12
2026-10-07T23:10:14.6464418Z [1m[92m   Compiling[0m gio-sys v0.21.5
2026-10-07T23:10:14.7582534Z [1m[92m   Compiling[0m tokio-stream v0.1.17
2026-10-07T23:10:14.8874399Z [1m[92m   Compiling[0m aws-types v1.3.12
2026-10-07T23:10:15.0104360Z [1m[92m   Compiling[0m symphonia-core v0.5.5
2026-10-07T23:10:15.0689280Z [1m[92m   Compiling[0m pbjson v0.9.0
2026-10-07T23:10:15.1455701Z [1m[92m   Compiling[0m serde_bytes v0.11.19
2026-10-07T23:10:17.1175294Z [1m[92m   Compiling[0m livekit-runtime v0.4.0 (https://github.com/zed-industries/livekit-rust-sdks?rev=0a1c519cfce9b365229026b55de9b9dbdb6fed3c#0a1c519c)
2026-10-07T23:10:17.2497454Z [1m[92m   Compiling[0m cap-fs-ext v4.0.3
2026-10-07T23:10:17.5234907Z [1m[92m   Compiling[0m webrtc-sys v0.3.23 (https://github.com/zed-industries/livekit-rust-sdks?rev=0a1c519cfce9b365229026b55de9b9dbdb6fed3c#0a1c519c)
2026-10-07T23:10:17.6904388Z [1m[92m   Compiling[0m phf_macros v0.11.3
2026-10-07T23:10:18.0814080Z [1m[92m   Compiling[0m hashlink v0.8.4
2026-10-07T23:10:18.1604605Z [1m[92m   Compiling[0m aws-smithy-observability v0.2.5
2026-10-07T23:10:18.3025026Z [1m[92m   Compiling[0m channel v0.1.0 (/home/runner/work/koda/koda/crates/channel)
2026-10-07T23:10:18.3484434Z [1m[92m   Compiling[0m wasmtime-wasi-io v48.0.1
2026-10-07T23:10:19.2024846Z [1m[92m   Compiling[0m anthropic v0.1.0 (/home/runner/work/koda/koda/crates/anthropic)
2026-10-07T23:10:19.7124652Z [1m[92m   Compiling[0m open_ai v0.1.0 (/home/runner/work/koda/koda/crates/open_ai)
2026-10-07T23:10:21.2074842Z [1m[92m   Compiling[0m cxxbridge-macro v1.0.187
2026-10-07T23:10:22.9562667Z [1m[92m   Compiling[0m moka v0.12.11
2026-10-07T23:10:23.5714518Z [1m[92m   Compiling[0m wasmtime-wasi v48.0.1
2026-10-07T23:10:23.7277731Z [1m[92m   Compiling[0m cxx v1.0.187
2026-10-07T23:10:24.0926150Z [1m[92m   Compiling[0m yaml-rust2 v0.8.1
2026-10-07T23:10:24.6864538Z [1m[92m   Compiling[0m aws-smithy-runtime v1.10.1
2026-10-07T23:10:27.7294735Z [1m[92m   Compiling[0m agent_settings v0.1.0 (/home/runner/work/koda/koda/crates/agent_settings)
2026-10-07T23:10:29.0154679Z [1m[92m   Compiling[0m workspace v0.1.0 (/home/runner/work/koda/koda/crates/workspace)
2026-10-07T23:10:35.4814858Z [1m[92m   Compiling[0m phf v0.11.3
2026-10-07T23:10:35.5795002Z [1m[92m   Compiling[0m livekit-protocol v0.7.1 (https://github.com/zed-industries/livekit-rust-sdks?rev=0a1c519cfce9b365229026b55de9b9dbdb6fed3c#0a1c519c)
2026-10-07T23:10:42.8954798Z [1m[92m   Compiling[0m breadcrumbs v0.1.0 (/home/runner/work/koda/koda/crates/breadcrumbs)
2026-10-07T23:10:43.4495091Z [1m[92m   Compiling[0m editor v0.1.0 (/home/runner/work/koda/koda/crates/editor)
2026-10-07T23:10:44.0884914Z [1m[92m   Compiling[0m picker v0.1.0 (/home/runner/work/koda/koda/crates/picker)
2026-10-07T23:10:45.5324866Z [1m[92m   Compiling[0m command_palette_hooks v0.1.0 (/home/runner/work/koda/koda/crates/command_palette_hooks)
2026-10-07T23:10:47.8275444Z [1m[92m   Compiling[0m symphonia-metadata v0.5.5
2026-10-07T23:10:48.1819427Z [1m[92m   Compiling[0m aws-sigv4 v1.4.0
2026-10-07T23:10:48.7625009Z [1m[92m   Compiling[0m pet-virtualenv v0.1.0 (https://github.com/zed-industries/python-environment-tools.git?rev=5aad7164bfc2a58977b103c8ef8fdd7302ed2e9f#5aad7164)
2026-10-07T23:10:48.8824515Z [1m[92m   Compiling[0m glib-macros v0.21.5
2026-10-07T23:10:51.2923540Z [1m[92m   Compiling[0m symphonia-format-riff v0.5.5
2026-10-07T23:10:51.4956405Z [1m[92m   Compiling[0m glib v0.21.5
2026-10-07T23:10:57.2904671Z [1m[92m   Compiling[0m aws-runtime v1.7.0
2026-10-07T23:10:58.5504691Z [1m[92m   Compiling[0m alsa v0.10.0
2026-10-07T23:10:59.3678555Z [1m[92m   Compiling[0m auto_update v0.1.0 (/home/runner/work/koda/koda/crates/auto_update)
2026-10-07T23:10:59.9684754Z [1m[92m   Compiling[0m picker_preview v0.1.0 (/home/runner/work/koda/koda/crates/picker_preview)
2026-10-07T23:11:00.6807990Z [1m[92m   Compiling[0m notifications v0.1.0 (/home/runner/work/koda/koda/crates/notifications)
2026-10-07T23:11:00.8775688Z [1m[92m   Compiling[0m doxygen-rs v0.4.2
2026-10-07T23:11:01.1150655Z [1m[92m   Compiling[0m extension_host v0.1.0 (/home/runner/work/koda/koda/crates/extension_host)
2026-10-07T23:11:01.6344638Z [1m[92m   Compiling[0m copilot_chat v0.1.0 (/home/runner/work/koda/koda/crates/copilot_chat)
2026-10-07T23:11:03.9242011Z [1m[92m   Compiling[0m symphonia-codec-pcm v0.5.5
2026-10-07T23:11:04.2094664Z [1m[92m   Compiling[0m aws-smithy-json v0.62.5
2026-10-07T23:11:04.4850551Z [1m[92m   Compiling[0m quick-xml v0.39.3
2026-10-07T23:11:05.5444266Z [1m[92m   Compiling[0m bincode v1.3.3
2026-10-07T23:11:05.8128874Z [1m[92m   Compiling[0m cpal v0.17.1
2026-10-07T23:11:06.2604441Z [1m[92m   Compiling[0m symphonia v0.5.5
2026-10-07T23:11:06.3524898Z [1m[92m   Compiling[0m copilot v0.1.0 (/home/runner/work/koda/koda/crates/copilot)
2026-10-07T23:11:08.3094408Z [1m[92m   Compiling[0m lmdb-master-sys v0.2.5
2026-10-07T23:11:08.4454711Z [1m[92m   Compiling[0m zbus_macros v5.13.2
2026-10-07T23:11:10.3670976Z [1m[92m   Compiling[0m wayland-backend v0.3.15
2026-10-07T23:11:11.1869476Z [1m[92m   Compiling[0m rodio v0.21.1 (https://github.com/RustAudio/rodio?rev=e50e726ddd0292f6ef9de0dda6b90af4ed1fb66a#e50e726d)
2026-10-07T23:11:12.2504976Z [1m[92m   Compiling[0m zbus v5.13.2
2026-10-07T23:11:15.4725113Z [1m[92m   Compiling[0m copilot_ui v0.1.0 (/home/runner/work/koda/koda/crates/copilot_ui)
2026-10-07T23:11:16.3184918Z [1m[92m   Compiling[0m pet-jsonrpc v0.1.0 (https://github.com/zed-industries/python-environment-tools.git?rev=5aad7164bfc2a58977b103c8ef8fdd7302ed2e9f#5aad7164)
2026-10-07T23:11:16.4995271Z [1m[92m   Compiling[0m ai_onboarding v0.1.0 (/home/runner/work/koda/koda/crates/ai_onboarding)
2026-10-07T23:11:17.3384474Z [1m[92m   Compiling[0m ollama v0.1.0 (/home/runner/work/koda/koda/crates/ollama)
2026-10-07T23:11:17.8221903Z [1m[92m   Compiling[0m heed-types v0.21.0
2026-10-07T23:11:17.9364872Z [1m[92m   Compiling[0m pet-reporter v0.1.0 (https://github.com/zed-industries/python-environment-tools.git?rev=5aad7164bfc2a58977b103c8ef8fdd7302ed2e9f#5aad7164)
2026-10-07T23:11:18.0693113Z [1m[92m   Compiling[0m serde_with v3.22.0
2026-10-07T23:11:18.3627752Z [1m[92m   Compiling[0m wayland-client v0.31.11
2026-10-07T23:11:19.4464286Z [1m[92m   Compiling[0m zbus_xml v5.1.1
2026-10-07T23:11:19.5085266Z [1m[92m   Compiling[0m remote_connection v0.1.0 (/home/runner/work/koda/koda/crates/remote_connection)
2026-10-07T23:11:19.9384483Z [1m[92m   Compiling[0m serde_yaml_ng v0.10.0
2026-10-07T23:11:20.4481001Z [1m[92m   Compiling[0m google_ai v0.1.0 (/home/runner/work/koda/koda/crates/google_ai)
2026-10-07T23:11:20.9264956Z [1m[92m   Compiling[0m spirv v0.4.0+sdk-1.4.341.0
2026-10-07T23:11:21.4703748Z [1m[92m   Compiling[0m heed v0.21.0
2026-10-07T23:11:21.4973368Z [1m[92m   Compiling[0m agent_skills v0.1.0 (/home/runner/work/koda/koda/crates/agent_skills)
2026-10-07T23:11:22.0224263Z [1m[92m   Compiling[0m naga v29.0.4
2026-10-07T23:11:22.0894704Z [1m[92m   Compiling[0m http_proxy v0.1.0 (/home/runner/work/koda/koda/crates/http_proxy)
2026-10-07T23:11:22.2084664Z [1m[92m   Compiling[0m handlebars v4.5.0
2026-10-07T23:11:22.6159368Z [1m[92m   Compiling[0m zbus-lockstep v0.5.2
2026-10-07T23:11:22.7606433Z [1m[92m   Compiling[0m agent-client-protocol-schema v1.9.1
2026-10-07T23:11:24.2174622Z [1m[92m   Compiling[0m open_path_prompt v0.1.0 (/home/runner/work/koda/koda/crates/open_path_prompt)
2026-10-07T23:11:25.4684251Z [1m[92m   Compiling[0m aws-smithy-query v0.60.15
2026-10-07T23:11:25.5734471Z [1m[92m   Compiling[0m wgpu-types v29.0.4
2026-10-07T23:11:27.0614538Z [1m[92m   Compiling[0m gpu-descriptor-types v0.2.0
2026-10-07T23:11:27.2078875Z [1m[92m   Compiling[0m cached v0.56.0
2026-10-07T23:11:27.3904661Z [1m[92m   Compiling[0m gpu-allocator v0.28.0
2026-10-07T23:11:27.8465075Z [1m[92m   Compiling[0m sandbox v0.1.0 (/home/runner/work/koda/koda/crates/sandbox)
2026-10-07T23:11:28.4724566Z [1m[92m   Compiling[0m wgpu-naga-bridge v29.0.4
2026-10-07T23:11:28.5464475Z [1m[92m   Compiling[0m gpu-descriptor v0.3.2
2026-10-07T23:11:28.6867180Z [1m[92m   Compiling[0m aws-sdk-sts v1.98.0
2026-10-07T23:11:31.2054943Z [1m[92m   Compiling[0m prompt_store v0.1.0 (/home/runner/work/koda/koda/crates/prompt_store)
2026-10-07T23:11:32.4034485Z [1m[92m   Compiling[0m zbus-lockstep-macros v0.5.2
2026-10-07T23:11:32.6828637Z [1m[92m   Compiling[0m git_ui_core v0.1.0 (/home/runner/work/koda/koda/crates/git_ui_core)
2026-10-07T23:11:32.8244788Z [1m[92m   Compiling[0m pet-conda v0.1.0 (https://github.com/zed-industries/python-environment-tools.git?rev=5aad7164bfc2a58977b103c8ef8fdd7302ed2e9f#5aad7164)
2026-10-07T23:11:33.7434888Z [1m[92m   Compiling[0m aws-sdk-ssooidc v1.96.0
2026-10-07T23:11:35.3370016Z [1m[92m   Compiling[0m agent-client-protocol v2.2.0
2026-10-07T23:11:35.3866944Z [1m[92m   Compiling[0m aws-sdk-sso v1.94.0
2026-10-07T23:11:36.8394599Z [1m[92m   Compiling[0m aws-sdk-bedrockruntime v1.125.0
2026-10-07T23:11:38.0329178Z [1m[92m   Compiling[0m search v0.1.0 (/home/runner/work/koda/koda/crates/search)
2026-10-07T23:11:41.8514601Z [1m[92m   Compiling[0m action_log v0.1.0 (/home/runner/work/koda/koda/crates/action_log)
2026-10-07T23:11:42.0034778Z [1m[92m   Compiling[0m tokio-tungstenite v0.28.0
2026-10-07T23:11:42.0756641Z [1m[92m   Compiling[0m pathfinder_simd v0.5.6
2026-10-07T23:11:42.1911292Z [1m[92m   Compiling[0m x_ai v0.1.0 (/home/runner/work/koda/koda/crates/x_ai)
2026-10-07T23:11:42.2088429Z [1m[92m   Compiling[0m num-traits v0.2.19
2026-10-07T23:11:42.3184223Z [1m[92m   Compiling[0m wgpu-hal v29.0.4
2026-10-07T23:11:42.3694895Z [1m[92m   Compiling[0m x_ai_subscribed v0.1.0 (/home/runner/work/koda/koda/crates/x_ai_subscribed)
2026-10-07T23:11:43.0987797Z [1m[92m   Compiling[0m acp_thread v0.1.0 (/home/runner/work/koda/koda/crates/acp_thread)
2026-10-07T23:11:43.1284836Z [1m[92m   Compiling[0m brush-parser v0.3.0
2026-10-07T23:11:45.0724818Z [1m[92m   Compiling[0m livekit-api v0.4.14 (https://github.com/zed-industries/livekit-rust-sdks?rev=0a1c519cfce9b365229026b55de9b9dbdb6fed3c#0a1c519c)
2026-10-07T23:11:45.6215158Z [1m[92m   Compiling[0m bedrock v0.1.0 (/home/runner/work/koda/koda/crates/bedrock)
2026-10-07T23:11:46.0090091Z [1m[92m   Compiling[0m aws-config v1.8.14
2026-10-07T23:11:46.1026059Z [1m[92m   Compiling[0m atspi-common v0.13.0
2026-10-07T23:11:46.3446617Z [1m[92m   Compiling[0m language_models_cloud v0.1.0 (/home/runner/work/koda/koda/crates/language_models_cloud)
2026-10-07T23:11:46.9374588Z [1m[92m   Compiling[0m opencode v0.1.0 (/home/runner/work/koda/koda/crates/opencode)
2026-10-07T23:11:47.1929197Z [1m[92m   Compiling[0m wayland-protocols v0.32.9
2026-10-07T23:11:49.0911719Z [1m[92m   Compiling[0m platform_title_bar v0.1.0 (/home/runner/work/koda/koda/crates/platform_title_bar)
2026-10-07T23:11:49.7204738Z [1m[92m   Compiling[0m openai_subscribed v0.1.0 (/home/runner/work/koda/koda/crates/openai_subscribed)
2026-10-07T23:11:50.0032218Z [1m[92m   Compiling[0m open_router v0.1.0 (/home/runner/work/koda/koda/crates/open_router)
2026-10-07T23:11:50.6883472Z [1m[92m   Compiling[0m aws_http_client v0.1.0 (/home/runner/work/koda/koda/crates/aws_http_client)
2026-10-07T23:11:50.8524717Z [1m[92m   Compiling[0m html_to_markdown v0.1.0 (/home/runner/work/koda/koda/crates/html_to_markdown)
2026-10-07T23:11:50.8811477Z [1m[92m   Compiling[0m lmstudio v0.1.0 (/home/runner/work/koda/koda/crates/lmstudio)
2026-10-07T23:11:51.4214761Z [1m[92m   Compiling[0m llama_cpp v0.1.0 (/home/runner/work/koda/koda/crates/llama_cpp)
2026-10-07T23:11:51.4754483Z [1m[92m   Compiling[0m web_search v0.1.0 (/home/runner/work/koda/koda/crates/web_search)
2026-10-07T23:11:51.6893961Z [1m[92m   Compiling[0m bmrng v0.5.2
2026-10-07T23:11:51.7315305Z [1m[92m   Compiling[0m deepseek v0.1.0 (/home/runner/work/koda/koda/crates/deepseek)
2026-10-07T23:11:51.8204727Z [1m[92m   Compiling[0m mistral v0.1.0 (/home/runner/work/koda/koda/crates/mistral)
2026-10-07T23:11:52.2137132Z [1m[92m   Compiling[0m edit_prediction_metrics v0.1.0 (/home/runner/work/koda/koda/crates/edit_prediction_metrics)
2026-10-07T23:11:52.4555119Z [1m[92m   Compiling[0m language_models v0.1.0 (/home/runner/work/koda/koda/crates/language_models)
2026-10-07T23:11:52.6423217Z [1m[92m   Compiling[0m fluent-uri v0.4.1
2026-10-07T23:11:53.3166296Z [1m[92m   Compiling[0m agent_servers v0.1.0 (/home/runner/work/koda/koda/crates/agent_servers)
2026-10-07T23:11:54.0664666Z [1m[92m   Compiling[0m wgpu-core-deps-windows-linux-android v29.0.4
2026-10-07T23:11:54.1135049Z [1m[92m   Compiling[0m shell_command_parser v0.1.0 (/home/runner/work/koda/koda/crates/shell_command_parser)
2026-10-07T23:11:54.3644535Z [1m[92m   Compiling[0m terminal_view v0.1.0 (/home/runner/work/koda/koda/crates/terminal_view)
2026-10-07T23:11:57.7378676Z [1m[92m   Compiling[0m edit_prediction_context v0.1.0 (/home/runner/work/koda/koda/crates/edit_prediction_context)
2026-10-07T23:11:58.1014394Z [1m[92m   Compiling[0m serde_yaml v0.9.34+deprecated
2026-10-07T23:11:59.1433908Z [1m[92m   Compiling[0m streaming_diff v0.1.0 (/home/runner/work/koda/koda/crates/streaming_diff)
2026-10-07T23:11:59.5196904Z [1m[92m   Compiling[0m nanoid v0.4.0
2026-10-07T23:11:59.5356668Z [1m[92m   Compiling[0m half v2.7.1
2026-10-07T23:11:59.7924497Z [1m[92m   Compiling[0m referencing v0.51.0
2026-10-07T23:12:00.2506681Z [1m[92m   Compiling[0m jsonschema-value v0.51.0
2026-10-07T23:12:00.5335325Z [1m[92m   Compiling[0m agent v0.1.0 (/home/runner/work/koda/koda/crates/agent)
2026-10-07T23:12:00.5474448Z [1m[92m   Compiling[0m dev_container v0.1.0 (/home/runner/work/koda/koda/crates/dev_container)
2026-10-07T23:12:00.6907608Z [1m[92m   Compiling[0m edit_prediction v0.1.0 (/home/runner/work/koda/koda/crates/edit_prediction)
2026-10-07T23:12:04.4134178Z [1m[92m   Compiling[0m wgpu-core v29.0.4
2026-10-07T23:12:05.0514898Z [1m[92m   Compiling[0m pxfm v0.1.25
2026-10-07T23:12:06.7702907Z [1m[92m   Compiling[0m pathfinder_geometry v0.5.1
2026-10-07T23:12:06.9324398Z [1m[92m   Compiling[0m atspi-proxies v0.13.0
2026-10-07T23:12:08.0714534Z [1m[92m   Compiling[0m harfrust v0.5.0
2026-10-07T23:12:10.7907144Z [1m[92m   Compiling[0m jupyter-protocol v1.4.0
2026-10-07T23:12:10.8258886Z [1m[92m   Compiling[0m accesskit_consumer v0.38.0
2026-10-07T23:12:11.4684397Z [1m[92m   Compiling[0m gethostname v1.1.0
2026-10-07T23:12:11.5534788Z [1m[92m   Compiling[0m debugid v0.8.0
2026-10-07T23:12:11.7034490Z [1m[92m   Compiling[0m process-reader v0.1.0
2026-10-07T23:12:11.9317783Z [1m[92m   Compiling[0m email_address v0.2.9
2026-10-07T23:12:12.0992933Z [1m[92m   Compiling[0m bytemuck v1.24.0
2026-10-07T23:12:12.1091005Z [1m[92m   Compiling[0m cosmic-text v0.19.0
2026-10-07T23:12:12.2974647Z [1m[92m   Compiling[0m qoi v0.4.1
2026-10-07T23:12:12.4504440Z [1m[92m   Compiling[0m x11rb v0.13.2
2026-10-07T23:12:13.3933732Z [1m[92m   Compiling[0m goblin v0.9.3
2026-10-07T23:12:13.7739652Z [1m[92m   Compiling[0m zed-font-kit v0.14.1-zed (https://github.com/zed-industries/font-kit?rev=94b0f28166665e8fd2f53ff6d268a14955c82269#94b0f281)
2026-10-07T23:12:13.8914519Z [1m[92m   Compiling[0m minidump-common v0.26.1
2026-10-07T23:12:14.3294768Z [1m[92m   Compiling[0m jsonschema v0.51.0
2026-10-07T23:12:16.2734460Z [1m[92m   Compiling[0m process-backend v0.1.0
2026-10-07T23:12:16.4021966Z [1m[92m   Compiling[0m accesskit_atspi_common v0.19.1
2026-10-07T23:12:16.5074319Z [1m[92m   Compiling[0m wgpu v29.0.4
2026-10-07T23:12:17.0664471Z [1m[92m   Compiling[0m atspi v0.29.0
2026-10-07T23:12:17.1204516Z [1m[92m   Compiling[0m moxcms v0.8.1
2026-10-07T23:12:18.5509542Z [1m[92m   Compiling[0m recent_projects v0.1.0 (/home/runner/work/koda/koda/crates/recent_projects)
2026-10-07T23:12:21.0077183Z [1m[92m   Compiling[0m num-bigint-dig v0.9.1
2026-10-07T23:12:21.3570496Z [1m[92m   Compiling[0m xim-parser v0.2.1 (https://github.com/zed-industries/xim-rs.git?rev=16f35a2c881b815a2b6cdfd6687988e84f8447d8#16f35a2c)
2026-10-07T23:12:21.9984235Z [1m[92m   Compiling[0m tiff v0.11.3
2026-10-07T23:12:23.0506260Z [1m[92m   Compiling[0m ashpd v0.13.5
2026-10-07T23:12:24.0294574Z [1m[92m   Compiling[0m command_palette v0.1.0 (/home/runner/work/koda/koda/crates/command_palette)
2026-10-07T23:12:24.4624469Z [1m[92m   Compiling[0m hkdf v0.12.4
2026-10-07T23:12:24.5378802Z [1m[92m   Compiling[0m pbkdf2 v0.12.2
2026-10-07T23:12:24.5954131Z [1m[92m   Compiling[0m procfs-core v0.18.0
2026-10-07T23:12:24.9479571Z [1m[92m   Compiling[0m calloop v0.14.3 (https://github.com/zed-industries/calloop#eb6b4fd1)
2026-10-07T23:12:25.4054554Z [1m[92m   Compiling[0m error-graph v0.1.1
2026-10-07T23:12:25.4882070Z [1m[92m   Compiling[0m pathdiff v0.2.3
2026-10-07T23:12:25.5426921Z [1m[92m   Compiling[0m system_specs v0.1.0 (/home/runner/work/koda/koda/crates/system_specs)
2026-10-07T23:12:25.9364948Z [1m[92m   Compiling[0m open v5.3.2
2026-10-07T23:12:26.0184580Z [1m[92m   Compiling[0m oo7 v0.6.0
2026-10-07T23:12:26.0584460Z [1m[92m   Compiling[0m zeromq v0.5.0
2026-10-07T23:12:27.7352394Z [1m[92m   Compiling[0m calloop-wayland-source v0.4.1
2026-10-07T23:12:27.8064777Z [1m[92m   Compiling[0m zed-xim v0.4.0-zed (https://github.com/zed-industries/xim-rs.git?rev=16f35a2c881b815a2b6cdfd6687988e84f8447d8#16f35a2c)
2026-10-07T23:12:27.9814612Z [1m[92m   Compiling[0m gpui_wgpu v0.1.0 (/home/runner/work/koda/koda/crates/gpui_wgpu)
2026-10-07T23:12:28.6414900Z [1m[92m   Compiling[0m minidump-writer v0.13.0
2026-10-07T23:12:29.1348610Z [1m[92m   Compiling[0m accesskit_unix v0.22.1
2026-10-07T23:12:29.6286720Z [1m[92m   Compiling[0m codestral v0.1.0 (/home/runner/work/koda/koda/crates/codestral)
2026-10-07T23:12:30.5265007Z [1m[92m   Compiling[0m pet-hatch v0.1.0 (https://github.com/zed-industries/python-environment-tools.git?rev=5aad7164bfc2a58977b103c8ef8fdd7302ed2e9f#5aad7164)
2026-10-07T23:12:30.8864919Z [1m[92m   Compiling[0m pet-uv v0.1.0 (https://github.com/zed-industries/python-environment-tools.git?rev=5aad7164bfc2a58977b103c8ef8fdd7302ed2e9f#5aad7164)
2026-10-07T23:12:31.2372702Z [1m[92m   Compiling[0m wayland-cursor v0.31.11
2026-10-07T23:12:31.4026282Z [1m[92m   Compiling[0m wayland-protocols-plasma v0.3.9
2026-10-07T23:12:32.0734908Z [1m[92m   Compiling[0m wayland-protocols-wlr v0.3.9
2026-10-07T23:12:32.2901481Z [1m[92m   Compiling[0m pet-env-var-path v0.1.0 (https://github.com/zed-industries/python-environment-tools.git?rev=5aad7164bfc2a58977b103c8ef8fdd7302ed2e9f#5aad7164)
2026-10-07T23:12:32.4535548Z [1m[92m   Compiling[0m pet-homebrew v0.1.0 (https://github.com/zed-industries/python-environment-tools.git?rev=5aad7164bfc2a58977b103c8ef8fdd7302ed2e9f#5aad7164)
2026-10-07T23:12:32.7615657Z [1m[92m   Compiling[0m pet-pixi v0.1.0 (https://github.com/zed-industries/python-environment-tools.git?rev=5aad7164bfc2a58977b103c8ef8fdd7302ed2e9f#5aad7164)
2026-10-07T23:12:32.8625030Z [1m[92m   Compiling[0m pet-pyenv v0.1.0 (https://github.com/zed-industries/python-environment-tools.git?rev=5aad7164bfc2a58977b103c8ef8fdd7302ed2e9f#5aad7164)
2026-10-07T23:12:33.0595269Z [1m[92m   Compiling[0m pet-global-virtualenvs v0.1.0 (https://github.com/zed-industries/python-environment-tools.git?rev=5aad7164bfc2a58977b103c8ef8fdd7302ed2e9f#5aad7164)
2026-10-07T23:12:33.1015276Z [1m[92m   Compiling[0m pet-poetry v0.1.0 (https://github.com/zed-industries/python-environment-tools.git?rev=5aad7164bfc2a58977b103c8ef8fdd7302ed2e9f#5aad7164)
2026-10-07T23:12:33.1838525Z [1m[92m   Compiling[0m notify-rust v4.18.0
2026-10-07T23:12:33.3740426Z [1m[92m   Compiling[0m android_ui v0.1.0 (/home/runner/work/koda/koda/crates/android_ui)
2026-10-07T23:12:33.5478842Z [1m[92m   Compiling[0m markdown_preview v0.1.0 (/home/runner/work/koda/koda/crates/markdown_preview)
2026-10-07T23:12:33.9494914Z [1m[92m   Compiling[0m pet-pipenv v0.1.0 (https://github.com/zed-industries/python-environment-tools.git?rev=5aad7164bfc2a58977b103c8ef8fdd7302ed2e9f#5aad7164)
2026-10-07T23:12:34.1575285Z [1m[92m   Compiling[0m pet-virtualenvwrapper v0.1.0 (https://github.com/zed-industries/python-environment-tools.git?rev=5aad7164bfc2a58977b103c8ef8fdd7302ed2e9f#5aad7164)
2026-10-07T23:12:34.2985419Z [1m[92m   Compiling[0m pet-mac-commandlinetools v0.1.0 (https://github.com/zed-industries/python-environment-tools.git?rev=5aad7164bfc2a58977b103c8ef8fdd7302ed2e9f#5aad7164)
2026-10-07T23:12:34.4504906Z [1m[92m   Compiling[0m pet-mac-xcode v0.1.0 (https://github.com/zed-industries/python-environment-tools.git?rev=5aad7164bfc2a58977b103c8ef8fdd7302ed2e9f#5aad7164)
2026-10-07T23:12:34.5985049Z [1m[92m   Compiling[0m pet-venv v0.1.0 (https://github.com/zed-industries/python-environment-tools.git?rev=5aad7164bfc2a58977b103c8ef8fdd7302ed2e9f#5aad7164)
2026-10-07T23:12:34.6967898Z [1m[92m   Compiling[0m pet-mac-python-org v0.1.0 (https://github.com/zed-industries/python-environment-tools.git?rev=5aad7164bfc2a58977b103c8ef8fdd7302ed2e9f#5aad7164)
2026-10-07T23:12:34.8335494Z [1m[92m   Compiling[0m pet-linux-global-python v0.1.0 (https://github.com/zed-industries/python-environment-tools.git?rev=5aad7164bfc2a58977b103c8ef8fdd7302ed2e9f#5aad7164)
2026-10-07T23:12:35.0314919Z [1m[92m   Compiling[0m libwebrtc v0.3.26 (https://github.com/zed-industries/livekit-rust-sdks?rev=0a1c519cfce9b365229026b55de9b9dbdb6fed3c#0a1c519c)
2026-10-07T23:12:35.3124486Z [1m[92m   Compiling[0m json_schema_store v0.1.0 (/home/runner/work/koda/koda/crates/json_schema_store)
2026-10-07T23:12:35.3575413Z [1m[92m   Compiling[0m pet-telemetry v0.1.0 (https://github.com/zed-industries/python-environment-tools.git?rev=5aad7164bfc2a58977b103c8ef8fdd7302ed2e9f#5aad7164)
2026-10-07T23:12:35.4765353Z [1m[92m   Compiling[0m clap_complete v4.5.59
2026-10-07T23:12:36.1639630Z [1m[92m   Compiling[0m env_filter v0.1.4
2026-10-07T23:12:36.1965572Z [1m[92m   Compiling[0m audio v0.1.0 (/home/runner/work/koda/koda/crates/audio)
2026-10-07T23:12:36.3805337Z [1m[92m   Compiling[0m livekit v0.7.32 (https://github.com/zed-industries/livekit-rust-sdks?rev=0a1c519cfce9b365229026b55de9b9dbdb6fed3c#0a1c519c)
2026-10-07T23:12:36.5580109Z [1m[92m   Compiling[0m env_logger v0.11.8
2026-10-07T23:12:36.8154490Z [1m[92m   Compiling[0m agent_ui v0.1.0 (/home/runner/work/koda/koda/crates/agent_ui)
2026-10-07T23:12:37.0559604Z [1m[92m   Compiling[0m minidumper v0.11.0
2026-10-07T23:12:39.0074736Z [1m[92m   Compiling[0m livekit_client v0.1.0 (/home/runner/work/koda/koda/crates/livekit_client)
2026-10-07T23:12:39.8724635Z [1m[92m   Compiling[0m call v0.1.0 (/home/runner/work/koda/koda/crates/call)
2026-10-07T23:12:40.4124509Z [1m[92m   Compiling[0m gpui_linux v0.1.0 (/home/runner/work/koda/koda/crates/gpui_linux)
2026-10-07T23:12:41.5506700Z [1m[92m   Compiling[0m title_bar v0.1.0 (/home/runner/work/koda/koda/crates/title_bar)
2026-10-07T23:12:43.8884316Z [1m[92m   Compiling[0m clap_complete_nushell v4.6.0
2026-10-07T23:12:44.0511993Z [1m[92m   Compiling[0m pet v0.1.0 (https://github.com/zed-industries/python-environment-tools.git?rev=5aad7164bfc2a58977b103c8ef8fdd7302ed2e9f#5aad7164)
2026-10-07T23:12:44.8304446Z [1m[92m   Compiling[0m zed v1.23.0 (/home/runner/work/koda/koda/crates/zed)
2026-10-07T23:12:46.0014469Z [1m[92m   Compiling[0m edit_prediction_ui v0.1.0 (/home/runner/work/koda/koda/crates/edit_prediction_ui)
2026-10-07T23:12:46.5684597Z [1m[92m   Compiling[0m grammars v0.1.0 (/home/runner/work/koda/koda/crates/grammars)
2026-10-07T23:12:46.7854266Z [1m[92m   Compiling[0m runtimelib v1.4.0
2026-10-07T23:12:47.0794325Z [1m[92m   Compiling[0m jupyter-websocket-client v1.1.0
2026-10-07T23:12:47.5344490Z [1m[92m   Compiling[0m nbformat v1.2.0
2026-10-07T23:12:47.7064462Z [1m[92m   Compiling[0m crash-handler v0.8.0
2026-10-07T23:12:47.8724762Z [1m[92m   Compiling[0m time_format v0.1.0 (/home/runner/work/koda/koda/crates/time_format)
2026-10-07T23:12:47.9824431Z [1m[92m   Compiling[0m ipc-channel v0.19.0
2026-10-07T23:12:48.0904715Z [1m[92m   Compiling[0m outline v0.1.0 (/home/runner/work/koda/koda/crates/outline)
2026-10-07T23:12:48.5049172Z [1m[92m   Compiling[0m debugger_tools v0.1.0 (/home/runner/work/koda/koda/crates/debugger_tools)
2026-10-07T23:12:48.7244659Z [1m[92m   Compiling[0m tasks_ui v0.1.0 (/home/runner/work/koda/koda/crates/tasks_ui)
2026-10-07T23:12:49.3374661Z [1m[92m   Compiling[0m extension_suggest v0.1.0 (/home/runner/work/koda/koda/crates/extension_suggest)
2026-10-07T23:12:49.4759535Z [1m[92m   Compiling[0m dap_adapters v0.1.0 (/home/runner/work/koda/koda/crates/dap_adapters)
2026-10-07T23:12:49.9434534Z [1m[92m   Compiling[0m debugger_ui v0.1.0 (/home/runner/work/koda/koda/crates/debugger_ui)
2026-10-07T23:12:50.2724597Z [1m[92m   Compiling[0m cli v0.1.0 (/home/runner/work/koda/koda/crates/cli)
2026-10-07T23:12:50.4744543Z [1m[92m   Compiling[0m extensions_ui v0.1.0 (/home/runner/work/koda/koda/crates/extensions_ui)
2026-10-07T23:12:51.2544545Z [1m[92m   Compiling[0m outline_panel v0.1.0 (/home/runner/work/koda/koda/crates/outline_panel)
2026-10-07T23:12:53.1053755Z [1m[92m   Compiling[0m repl v0.1.0 (/home/runner/work/koda/koda/crates/repl)
2026-10-07T23:12:54.1505950Z [1m[92m   Compiling[0m git_ui v0.1.0 (/home/runner/work/koda/koda/crates/git_ui)
2026-10-07T23:12:56.8604974Z [1m[92m   Compiling[0m crashes v0.1.0 (/home/runner/work/koda/koda/crates/crashes)
2026-10-07T23:12:57.4354954Z [1m[92m   Compiling[0m settings_ui v0.1.0 (/home/runner/work/koda/koda/crates/settings_ui)
2026-10-07T23:12:58.4158807Z [1m[92m   Compiling[0m sidebar v0.1.0 (/home/runner/work/koda/koda/crates/sidebar)
2026-10-07T23:12:58.8974548Z [1m[92m   Compiling[0m acp_tools v0.1.0 (/home/runner/work/koda/koda/crates/acp_tools)
2026-10-07T23:13:00.2885085Z [1m[92m   Compiling[0m languages v0.1.0 (/home/runner/work/koda/koda/crates/languages)
2026-10-07T23:13:02.5034273Z [1m[92m   Compiling[0m reqwest_client v0.1.0 (/home/runner/work/koda/koda/crates/reqwest_client)
2026-10-07T23:13:02.8164512Z [1m[92m   Compiling[0m gpui_platform v0.1.0 (/home/runner/work/koda/koda/crates/gpui_platform)
2026-10-07T23:13:03.0905082Z [1m[92m   Compiling[0m collab_ui v0.1.0 (/home/runner/work/koda/koda/crates/collab_ui)
2026-10-07T23:13:05.3594582Z [1m[92m   Compiling[0m vim v0.1.0 (/home/runner/work/koda/koda/crates/vim)
2026-10-07T23:13:07.2774899Z [1m[92m   Compiling[0m keymap_editor v0.1.0 (/home/runner/work/koda/koda/crates/keymap_editor)
2026-10-07T23:13:07.6014524Z [1m[92m   Compiling[0m auto_update_ui v0.1.0 (/home/runner/work/koda/koda/crates/auto_update_ui)
2026-10-07T23:13:08.2305007Z [1m[92m   Compiling[0m project_panel v0.1.0 (/home/runner/work/koda/koda/crates/project_panel)
2026-10-07T23:13:08.5964721Z [1m[92m   Compiling[0m feedback v0.1.0 (/home/runner/work/koda/koda/crates/feedback)
2026-10-07T23:13:09.3405056Z [1m[92m   Compiling[0m which_key v0.1.0 (/home/runner/work/koda/koda/crates/which_key)
2026-10-07T23:13:09.6645100Z [1m[92m   Compiling[0m language_tools v0.1.0 (/home/runner/work/koda/koda/crates/language_tools)
2026-10-07T23:13:10.4734710Z [1m[92m   Compiling[0m web_search_providers v0.1.0 (/home/runner/work/koda/koda/crates/web_search_providers)
2026-10-07T23:13:10.9444506Z [1m[92m   Compiling[0m language_selector v0.1.0 (/home/runner/work/koda/koda/crates/language_selector)
2026-10-07T23:13:12.0084497Z [1m[92m   Compiling[0m file_finder v0.1.0 (/home/runner/work/koda/koda/crates/file_finder)
2026-10-07T23:13:12.2384676Z [1m[92m   Compiling[0m snippets_ui v0.1.0 (/home/runner/work/koda/koda/crates/snippets_ui)
2026-10-07T23:13:12.8144571Z [1m[92m   Compiling[0m toolchain_selector v0.1.0 (/home/runner/work/koda/koda/crates/toolchain_selector)
2026-10-07T23:13:13.2992742Z [1m[92m   Compiling[0m activity_indicator v0.1.0 (/home/runner/work/koda/koda/crates/activity_indicator)
2026-10-07T23:13:13.8037594Z [1m[92m   Compiling[0m onboarding v0.1.0 (/home/runner/work/koda/koda/crates/onboarding)
2026-10-07T23:13:14.3504720Z [1m[92m   Compiling[0m component_preview v0.1.0 (/home/runner/work/koda/koda/crates/component_preview)
2026-10-07T23:13:14.3951151Z [1m[92m   Compiling[0m lsp_locations v0.1.0 (/home/runner/work/koda/koda/crates/lsp_locations)
2026-10-07T23:13:15.1654709Z [1m[92m   Compiling[0m project_symbols v0.1.0 (/home/runner/work/koda/koda/crates/project_symbols)
2026-10-07T23:13:15.6154582Z [1m[92m   Compiling[0m diagnostics v0.1.0 (/home/runner/work/koda/koda/crates/diagnostics)
2026-10-07T23:13:15.7884999Z [1m[92m   Compiling[0m inspector_ui v0.1.0 (/home/runner/work/koda/koda/crates/inspector_ui)
2026-10-07T23:13:16.2014732Z [1m[92m   Compiling[0m language_onboarding v0.1.0 (/home/runner/work/koda/koda/crates/language_onboarding)
2026-10-07T23:13:16.2784725Z [1m[92m   Compiling[0m tab_switcher v0.1.0 (/home/runner/work/koda/koda/crates/tab_switcher)
2026-10-07T23:13:16.8104763Z [1m[92m   Compiling[0m encoding_selector v0.1.0 (/home/runner/work/koda/koda/crates/encoding_selector)
2026-10-07T23:13:17.5734676Z [1m[92m   Compiling[0m call_hierarchy v0.1.0 (/home/runner/work/koda/koda/crates/call_hierarchy)
2026-10-07T23:13:17.6364754Z [1m[92m   Compiling[0m lsp_command_selector v0.1.0 (/home/runner/work/koda/koda/crates/lsp_command_selector)
2026-10-07T23:13:17.9274751Z [1m[92m   Compiling[0m go_to_line v0.1.0 (/home/runner/work/koda/koda/crates/go_to_line)
2026-10-07T23:13:18.8770847Z [1m[92m   Compiling[0m line_ending_selector v0.1.0 (/home/runner/work/koda/koda/crates/line_ending_selector)
2026-10-07T23:13:18.8914422Z [1m[92m   Compiling[0m image_viewer v0.1.0 (/home/runner/work/koda/koda/crates/image_viewer)
2026-10-07T23:13:19.2485025Z [1m[92m   Compiling[0m journal v0.1.0 (/home/runner/work/koda/koda/crates/journal)
2026-10-07T23:13:19.5364667Z [1m[92m   Compiling[0m tabular_data_preview v0.1.0 (/home/runner/work/koda/koda/crates/tabular_data_preview)
2026-10-07T23:13:19.9315190Z [1m[92m   Compiling[0m miniprofiler_ui v0.1.0 (/home/runner/work/koda/koda/crates/miniprofiler_ui)
2026-10-07T23:13:20.0405095Z [1m[92m   Compiling[0m settings_profile_selector v0.1.0 (/home/runner/work/koda/koda/crates/settings_profile_selector)
2026-10-07T23:13:20.1814747Z [1m[92m   Compiling[0m theme_selector v0.1.0 (/home/runner/work/koda/koda/crates/theme_selector)
2026-10-07T23:13:20.8954931Z [1m[92m   Compiling[0m install_cli v0.1.0 (/home/runner/work/koda/koda/crates/install_cli)
2026-10-07T23:13:21.1501384Z [1m[92m   Compiling[0m svg_preview v0.1.0 (/home/runner/work/koda/koda/crates/svg_preview)
2026-10-07T23:13:21.5414760Z [1m[92m   Compiling[0m ui_prompt v0.1.0 (/home/runner/work/koda/koda/crates/ui_prompt)
2026-10-07T23:13:21.6424644Z [1m[92m   Compiling[0m language_extension v0.1.0 (/home/runner/work/koda/koda/crates/language_extension)
2026-10-07T23:13:21.7065017Z [1m[92m   Compiling[0m theme_extension v0.1.0 (/home/runner/work/koda/koda/crates/theme_extension)
2026-10-07T23:13:22.1757393Z [1m[92m   Compiling[0m debug_adapter_extension v0.1.0 (/home/runner/work/koda/koda/crates/debug_adapter_extension)
2026-10-07T23:13:22.1924881Z [1m[92m   Compiling[0m zlog_settings v0.1.0 (/home/runner/work/koda/koda/crates/zlog_settings)
2026-10-07T23:13:22.3404887Z [1m[92m   Compiling[0m input_latency_ui v0.1.0 (/home/runner/work/koda/koda/crates/input_latency_ui)
2026-10-07T23:13:22.5525213Z [1m[92m   Compiling[0m hang_telemetry v0.1.0 (/home/runner/work/koda/koda/crates/hang_telemetry)
2026-10-07T23:13:43.3961557Z [1m[92m    Finished[0m `dev` profile [unoptimized] target(s) in 6m 28s
2026-10-07T23:13:43.5297762Z Linux app build: 388.2s (exit 0)
2026-10-07T23:13:43.5646525Z Post job cleanup.
2026-10-07T23:13:43.8035381Z Post job cleanup.
2026-10-07T23:13:43.8648919Z [command]/usr/bin/git version
2026-10-07T23:13:43.8688948Z git version 2.55.0
2026-10-07T23:13:43.8716838Z Temporarily overriding HOME='/home/runner/work/_temp/1c6c6f28-8c49-4488-bd88-7ca4629d7dcc' before making global git config changes
2026-10-07T23:13:43.8717657Z Adding repository directory to the temporary git global config as a safe directory
2026-10-07T23:13:43.8718907Z [command]/usr/bin/git config --global --add safe.directory /home/runner/work/koda/koda
2026-10-07T23:13:43.8766742Z [command]/usr/bin/git config --local --name-only --get-regexp core\.sshCommand
2026-10-07T23:13:43.8798606Z [command]/usr/bin/git submodule foreach --recursive sh -c "git config --local --name-only --get-regexp 'core\.sshCommand' && git config --local --unset-all 'core.sshCommand' || :"
2026-10-07T23:13:43.9190490Z [command]/usr/bin/git config --local --name-only --get-regexp http\.https\:\/\/github\.com\/\.extraheader
2026-10-07T23:13:43.9231905Z [command]/usr/bin/git submodule foreach --recursive sh -c "git config --local --name-only --get-regexp 'http\.https\:\/\/github\.com\/\.extraheader' && git config --local --unset-all 'http.https://github.com/.extraheader' || :"
2026-10-07T23:13:43.9420072Z [command]/usr/bin/git config --local --name-only --get-regexp ^includeIf\.gitdir:
2026-10-07T23:13:43.9453777Z [command]/usr/bin/git submodule foreach --recursive git config --local --show-origin --name-only --get-regexp remote.origin.url
2026-10-07T23:13:43.9756357Z Print service container logs: 6f29238afb464bd2ade86bcbadf57271_postgres15sha2561b92e7a80c021647bf70f5d3eb66066a998e4f5cf43c07bb9dc9f729782cf88e_d54d14
2026-10-07T23:13:43.9767721Z ##[command]/usr/bin/docker logs --details cd70e5763ced7aa980df84444a50484c164dda4c1f9dc6517805ad8f81fc9163
2026-10-07T23:13:44.1219814Z  ********************************************************************************
2026-10-07T23:13:44.1220308Z  WARNING: POSTGRES_HOST_AUTH_METHOD has been set to "trust". This will allow
2026-10-07T23:13:44.1220763Z           anyone with access to the Postgres port to access your database without
2026-10-07T23:13:44.1221236Z           a password, even if POSTGRES_PASSWORD is set. See PostgreSQL
2026-10-07T23:13:44.1221564Z           documentation about "trust":
2026-10-07T23:13:44.1221876Z           https://www.postgresql.org/docs/current/auth-trust.html
2026-10-07T23:13:44.1222276Z           In Docker's default configuration, this is effectively any other
2026-10-07T23:13:44.1222644Z           container on the same system.
2026-10-07T23:13:44.1222979Z  
2026-10-07T23:13:44.1223218Z           It is not recommended to use POSTGRES_HOST_AUTH_METHOD=trust. Replace
2026-10-07T23:13:44.1223615Z           it with "-e POSTGRES_PASSWORD=password" instead to set a password in
2026-10-07T23:13:44.1223931Z           "docker run".
2026-10-07T23:13:44.1224163Z  ********************************************************************************
2026-10-07T23:13:44.1226290Z  The files belonging to this database system will be owned by user "postgres".
2026-10-07T23:13:44.1226748Z  initdb: warning: enabling "trust" authentication for local connections
2026-10-07T23:13:44.1227270Z  initdb: hint: You can change this by editing pg_hba.conf or using the option -A, or --auth-local and --auth-host, the next time you run initdb.
2026-10-07T23:13:44.1227783Z  2026-10-07 22:28:52.754 UTC [1] LOG:  starting PostgreSQL 15.18 (Debian 15.18-1.pgdg13+1) on x86_64-pc-linux-gnu, compiled by gcc (Debian 14.2.0-19) 14.2.0, 64-bit
2026-10-07T23:13:44.1228435Z  2026-10-07 22:28:52.754 UTC [1] LOG:  listening on IPv4 address "0.0.0.0", port 5432
2026-10-07T23:13:44.1228697Z  2026-10-07 22:28:52.754 UTC [1] LOG:  listening on IPv6 address "::", port 5432
2026-10-07T23:13:44.1228985Z  2026-10-07 22:28:52.755 UTC [1] LOG:  listening on Unix socket "/var/run/postgresql/.s.PGSQL.5432"
2026-10-07T23:13:44.1229298Z  2026-10-07 22:28:52.757 UTC [63] LOG:  database system was shut down at 2026-10-07 22:28:52 UTC
2026-10-07T23:13:44.1229579Z  2026-10-07 22:28:52.760 UTC [1] LOG:  database system is ready to accept connections
2026-10-07T23:13:44.1229825Z  2026-10-07 22:33:52.856 UTC [61] LOG:  checkpoint starting: time
2026-10-07T23:13:44.1230337Z  2026-10-07 22:33:56.879 UTC [61] LOG:  checkpoint complete: wrote 43 buffers (0.3%); 0 WAL file(s) added, 0 removed, 0 recycled; write=4.011 s, sync=0.001 s, total=4.024 s; sync files=11, longest=0.001 s, average=0.001 s; distance=252 kB, estimate=252 kB
2026-10-07T23:13:44.1230885Z  2026-10-07 22:51:07.479 UTC [61] LOG:  checkpoint starting: immediate force wait
2026-10-07T23:13:44.1231403Z  2026-10-07 22:51:07.634 UTC [61] LOG:  checkpoint complete: wrote 1833 buffers (11.2%); 0 WAL file(s) added, 0 removed, 1 recycled; write=0.145 s, sync=0.006 s, total=0.156 s; sync files=474, longest=0.001 s, average=0.001 s; distance=20938 kB, estimate=20938 kB
2026-10-07T23:13:44.1231919Z  2026-10-07 22:51:07.635 UTC [61] LOG:  checkpoint starting: immediate force wait
2026-10-07T23:13:44.1232427Z  2026-10-07 22:51:07.640 UTC [61] LOG:  checkpoint complete: wrote 14 buffers (0.1%); 0 WAL file(s) added, 0 removed, 0 recycled; write=0.001 s, sync=0.002 s, total=0.006 s; sync files=11, longest=0.002 s, average=0.001 s; distance=20 kB, estimate=18846 kB
2026-10-07T23:13:44.1233286Z  2026-10-07 22:51:07.664 UTC [61] LOG:  checkpoint starting: immediate force wait
2026-10-07T23:13:44.1234134Z  2026-10-07 22:51:07.673 UTC [61] LOG:  checkpoint complete: wrote 2 buffers (0.0%); 0 WAL file(s) added, 0 removed, 0 recycled; write=0.002 s, sync=0.001 s, total=0.010 s; sync files=2, longest=0.001 s, average=0.001 s; distance=1 kB, estimate=16962 kB
2026-10-07T23:13:44.1234653Z  2026-10-07 22:51:08.753 UTC [61] LOG:  checkpoint starting: immediate force wait
2026-10-07T23:13:44.1235177Z  2026-10-07 22:51:09.398 UTC [61] LOG:  checkpoint complete: wrote 898 buffers (5.5%); 0 WAL file(s) added, 0 removed, 1 recycled; write=0.456 s, sync=0.028 s, total=0.645 s; sync files=4, longest=0.018 s, average=0.007 s; distance=20314 kB, estimate=20314 kB
2026-10-07T23:13:44.1235706Z  2026-10-07 22:51:09.401 UTC [61] LOG:  checkpoint starting: immediate force wait
2026-10-07T23:13:44.1236227Z  2026-10-07 22:51:09.718 UTC [61] LOG:  checkpoint complete: wrote 2 buffers (0.0%); 0 WAL file(s) added, 0 removed, 0 recycled; write=0.002 s, sync=0.009 s, total=0.317 s; sync files=2, longest=0.008 s, average=0.005 s; distance=946 kB, estimate=18377 kB
2026-10-07T23:13:44.1237364Z  2026-10-07 22:51:12.337 UTC [61] LOG:  checkpoint starting: immediate force wait
2026-10-07T23:13:44.1237997Z  2026-10-07 22:51:12.941 UTC [61] LOG:  checkpoint complete: wrote 1313 buffers (8.0%); 0 WAL file(s) added, 0 removed, 2 recycled; write=0.549 s, sync=0.009 s, total=0.604 s; sync files=4, longest=0.009 s, average=0.003 s; distance=20925 kB, estimate=20925 kB
2026-10-07T23:13:44.1238524Z  2026-10-07 22:51:12.942 UTC [61] LOG:  checkpoint starting: immediate force wait
2026-10-07T23:13:44.1239021Z  2026-10-07 22:51:12.961 UTC [61] LOG:  checkpoint complete: wrote 2 buffers (0.0%); 0 WAL file(s) added, 0 removed, 0 recycled; write=0.010 s, sync=0.001 s, total=0.019 s; sync files=2, longest=0.001 s, average=0.001 s; distance=77 kB, estimate=18840 kB
2026-10-07T23:13:44.1239510Z  2026-10-07 22:51:14.573 UTC [61] LOG:  checkpoint starting: immediate force wait
2026-10-07T23:13:44.1240020Z  2026-10-07 22:51:14.678 UTC [61] LOG:  checkpoint complete: wrote 1062 buffers (6.5%); 0 WAL file(s) added, 0 removed, 0 recycled; write=0.089 s, sync=0.014 s, total=0.105 s; sync files=474, longest=0.003 s, average=0.001 s; distance=10456 kB, estimate=18002 kB
2026-10-07T23:13:44.1240653Z  2026-10-07 22:51:14.714 UTC [61] LOG:  checkpoint starting: immediate force wait
2026-10-07T23:13:44.1241149Z  2026-10-07 22:51:14.716 UTC [61] LOG:  checkpoint complete: wrote 2 buffers (0.0%); 0 WAL file(s) added, 0 removed, 0 recycled; write=0.001 s, sync=0.001 s, total=0.003 s; sync files=2, longest=0.001 s, average=0.001 s; distance=17 kB, estimate=16203 kB
2026-10-07T23:13:44.1241634Z  2026-10-07 22:56:14.817 UTC [61] LOG:  checkpoint starting: time
2026-10-07T23:13:44.1242111Z  2026-10-07 22:56:14.920 UTC [61] LOG:  checkpoint complete: wrote 2 buffers (0.0%); 0 WAL file(s) added, 0 removed, 0 recycled; write=0.101 s, sync=0.001 s, total=0.104 s; sync files=2, longest=0.001 s, average=0.001 s; distance=0 kB, estimate=14583 kB
2026-10-07T23:13:44.1242574Z  This user must also own the server process.
2026-10-07T23:13:44.1242731Z  
2026-10-07T23:13:44.1243083Z  The database cluster will be initialized with locale "en_US.utf8".
2026-10-07T23:13:44.1243465Z  The default database encoding has accordingly been set to "UTF8".
2026-10-07T23:13:44.1243756Z  The default text search configuration will be set to "english".
2026-10-07T23:13:44.1243941Z  
2026-10-07T23:13:44.1244056Z  Data page checksums are disabled.
2026-10-07T23:13:44.1244194Z  
2026-10-07T23:13:44.1244357Z  fixing permissions on existing directory /var/lib/postgresql/data ... ok
2026-10-07T23:13:44.1244569Z  creating subdirectories ... ok
2026-10-07T23:13:44.1244743Z  selecting dynamic shared memory implementation ... posix
2026-10-07T23:13:44.1244934Z  selecting default max_connections ... 100
2026-10-07T23:13:44.1245102Z  selecting default shared_buffers ... 128MB
2026-10-07T23:13:44.1245263Z  selecting default time zone ... Etc/UTC
2026-10-07T23:13:44.1245421Z  creating configuration files ... ok
2026-10-07T23:13:44.1245578Z  running bootstrap script ... ok
2026-10-07T23:13:44.1245855Z  performing post-bootstrap initialization ... ok
2026-10-07T23:13:44.1246027Z  syncing data to disk ... ok
2026-10-07T23:13:44.1246159Z  
2026-10-07T23:13:44.1246255Z  
2026-10-07T23:13:44.1246383Z  Success. You can now start the database server using:
2026-10-07T23:13:44.1246547Z  
2026-10-07T23:13:44.1246685Z      pg_ctl -D /var/lib/postgresql/data -l logfile start
2026-10-07T23:13:44.1246850Z  
2026-10-07T23:13:44.1247192Z  waiting for server to start....2026-10-07 22:28:52.528 UTC [49] LOG:  starting PostgreSQL 15.18 (Debian 15.18-1.pgdg13+1) on x86_64-pc-linux-gnu, compiled by gcc (Debian 14.2.0-19) 14.2.0, 64-bit
2026-10-07T23:13:44.1247657Z  2026-10-07 22:28:52.529 UTC [49] LOG:  listening on Unix socket "/var/run/postgresql/.s.PGSQL.5432"
2026-10-07T23:13:44.1247959Z  2026-10-07 22:28:52.530 UTC [52] LOG:  database system was shut down at 2026-10-07 22:28:52 UTC
2026-10-07T23:13:44.1248237Z  2026-10-07 22:28:52.534 UTC [49] LOG:  database system is ready to accept connections
2026-10-07T23:13:44.1248440Z   done
2026-10-07T23:13:44.1248553Z  server started
2026-10-07T23:13:44.1248669Z  
2026-10-07T23:13:44.1248839Z  /usr/local/bin/docker-entrypoint.sh: ignoring /docker-entrypoint-initdb.d/*
2026-10-07T23:13:44.1249046Z  
2026-10-07T23:13:44.1249182Z  2026-10-07 22:28:52.638 UTC [49] LOG:  received fast shutdown request
2026-10-07T23:13:44.1249458Z  waiting for server to shut down....2026-10-07 22:28:52.638 UTC [49] LOG:  aborting any active transactions
2026-10-07T23:13:44.1249819Z  2026-10-07 22:28:52.639 UTC [49] LOG:  background worker "logical replication launcher" (PID 55) exited with exit code 1
2026-10-07T23:13:44.1250102Z  2026-10-07 22:28:52.639 UTC [50] LOG:  shutting down
2026-10-07T23:13:44.1250310Z  2026-10-07 22:28:52.640 UTC [50] LOG:  checkpoint starting: shutdown immediate
2026-10-07T23:13:44.1250796Z  2026-10-07 22:28:52.643 UTC [50] LOG:  checkpoint complete: wrote 3 buffers (0.0%); 0 WAL file(s) added, 0 removed, 0 recycled; write=0.001 s, sync=0.001 s, total=0.004 s; sync files=2, longest=0.001 s, average=0.001 s; distance=0 kB, estimate=0 kB
2026-10-07T23:13:44.1251378Z  2026-10-07 22:28:52.646 UTC [49] LOG:  database system is shut down
2026-10-07T23:13:44.1251552Z   done
2026-10-07T23:13:44.1251655Z  server stopped
2026-10-07T23:13:44.1251759Z  
2026-10-07T23:13:44.1251886Z  PostgreSQL init process complete; ready for start up.
2026-10-07T23:13:44.1252044Z  
2026-10-07T23:13:44.1259880Z Stop and remove container: 6f29238afb464bd2ade86bcbadf57271_postgres15sha2561b92e7a80c021647bf70f5d3eb66066a998e4f5cf43c07bb9dc9f729782cf88e_d54d14
2026-10-07T23:13:44.1263898Z ##[command]/usr/bin/docker rm --force cd70e5763ced7aa980df84444a50484c164dda4c1f9dc6517805ad8f81fc9163
2026-10-07T23:13:49.6328223Z cd70e5763ced7aa980df84444a50484c164dda4c1f9dc6517805ad8f81fc9163
2026-10-07T23:13:49.6355878Z Remove container network: github_network_9ae2e62821184d70ac1f60336429caad
2026-10-07T23:13:49.6358541Z ##[command]/usr/bin/docker network rm github_network_9ae2e62821184d70ac1f60336429caad
2026-10-07T23:13:49.7431197Z github_network_9ae2e62821184d70ac1f60336429caad
2026-10-07T23:13:49.7515987Z Cleaning up orphan processes
2026-10-07T23:13:49.7797176Z ##[warning]Node.js 20 is deprecated. The following actions target Node.js 20 but are being forced to run on Node.js 24: actions/cache/restore@0057852bfaa89a56745cba8c7296529d2fc39830. For more information see: https://github.blog/changelog/2025-09-19-deprecation-of-node-20-on-github-actions-runners/
