2026-10-07T22:19:23.9065755Z Current runner version: '2.337.0'
2026-10-07T22:19:23.9095077Z ##[group]Runner Image Provisioner
2026-10-07T22:19:23.9096017Z Hosted Compute Agent
2026-10-07T22:19:23.9096630Z Version: 20261002.596
2026-10-07T22:19:23.9097354Z Commit: c3d12f3313a95f25162a1503be624f3b0617f8c0
2026-10-07T22:19:23.9098119Z Build Date: 2026-10-02T22:28:27Z
2026-10-07T22:19:23.9098932Z Worker ID: {a8a4321d-1ff1-4142-b02f-b42deba35462}
2026-10-07T22:19:23.9099691Z Region: westus
2026-10-07T22:19:23.9100248Z Cloud: Azure
2026-10-07T22:19:23.9100846Z ##[endgroup]
2026-10-07T22:19:23.9102352Z ##[group]Operating System
2026-10-07T22:19:23.9103028Z Ubuntu
2026-10-07T22:19:23.9103913Z 24.04.5
2026-10-07T22:19:23.9104450Z LTS
2026-10-07T22:19:23.9105013Z ##[endgroup]
2026-10-07T22:19:23.9105606Z ##[group]Runner Image
2026-10-07T22:19:23.9106292Z Image: ubuntu-24.04
2026-10-07T22:19:23.9106957Z Version: 20261004.327.1
2026-10-07T22:19:23.9108297Z Included Software: https://github.com/actions/runner-images/blob/ubuntu24/20261004.327/images/ubuntu/Ubuntu2404-Readme.md
2026-10-07T22:19:23.9110017Z Image Release: https://github.com/actions/runner-images/releases/tag/ubuntu24%2F20261004.327
2026-10-07T22:19:23.9111080Z ##[endgroup]
2026-10-07T22:19:23.9112272Z ##[group]GITHUB_TOKEN Permissions
2026-10-07T22:19:23.9114593Z Contents: read
2026-10-07T22:19:23.9115433Z Metadata: read
2026-10-07T22:19:23.9116057Z ##[endgroup]
2026-10-07T22:19:23.9118392Z Secret source: Actions
2026-10-07T22:19:23.9119418Z Cache mode: write
2026-10-07T22:19:23.9120195Z Prepare workflow directory
2026-10-07T22:19:23.9738482Z Prepare all required actions
2026-10-07T22:19:23.9790884Z Getting action download info
2026-10-07T22:19:24.3559442Z Download action repository 'actions/checkout@93cb6efe18208431cddfb8368fd83d5badbf9bfd' (SHA:93cb6efe18208431cddfb8368fd83d5badbf9bfd)
2026-10-07T22:19:24.4906277Z Download action repository 'actions/cache@0057852bfaa89a56745cba8c7296529d2fc39830' (SHA:0057852bfaa89a56745cba8c7296529d2fc39830)
2026-10-07T22:19:24.5906004Z Download action repository 'actions/setup-node@48b55a011bda9f5d6aeb4c2d9c7362e8dae4041e' (SHA:48b55a011bda9f5d6aeb4c2d9c7362e8dae4041e)
2026-10-07T22:19:24.8296522Z Download action repository 'taiki-e/install-action@a6b2e2dcd845ddd7f509ce4f3ed3d922b80cc5d9' (SHA:a6b2e2dcd845ddd7f509ce4f3ed3d922b80cc5d9)
2026-10-07T22:19:25.4157079Z Complete job name: Linux build and workspace tests
2026-10-07T22:19:25.4864176Z ##[group]Checking docker version
2026-10-07T22:19:25.4877950Z ##[command]/usr/bin/docker version --format '{{.Server.APIVersion}}'
2026-10-07T22:19:25.5808588Z '1.48'
2026-10-07T22:19:25.5825227Z Docker daemon API version: '1.48'
2026-10-07T22:19:25.5826326Z ##[command]/usr/bin/docker version --format '{{.Client.APIVersion}}'
2026-10-07T22:19:25.6003314Z '1.48'
2026-10-07T22:19:25.6018808Z Docker client API version: '1.48'
2026-10-07T22:19:25.6025764Z ##[endgroup]
2026-10-07T22:19:25.6028978Z ##[group]Clean up resources from previous jobs
2026-10-07T22:19:25.6035566Z ##[command]/usr/bin/docker ps --all --quiet --no-trunc --filter "label=383ae8"
2026-10-07T22:19:25.6189271Z ##[command]/usr/bin/docker network prune --force --filter "label=383ae8"
2026-10-07T22:19:25.6335160Z ##[endgroup]
2026-10-07T22:19:25.6336199Z ##[group]Create local container network
2026-10-07T22:19:25.6348133Z ##[command]/usr/bin/docker network create --label 383ae8 github_network_79d4edd03f524b06a790d5dd9b08dcda
2026-10-07T22:19:25.6905768Z cd64616940dfbb0afc9719cfc05ff317f4bcdfa2c8ed2da8661841368bb4ab80
2026-10-07T22:19:25.6923937Z ##[endgroup]
2026-10-07T22:19:25.6950896Z ##[group]Starting postgres service container
2026-10-07T22:19:25.6975279Z ##[command]/usr/bin/docker pull postgres:15@sha256:1b92e7a80c021647bf70f5d3eb66066a998e4f5cf43c07bb9dc9f729782cf88e
2026-10-07T22:19:26.3168739Z docker.io/library/postgres@sha256:1b92e7a80c021647bf70f5d3eb66066a998e4f5cf43c07bb9dc9f729782cf88e: Pulling from library/postgres
2026-10-07T22:19:26.5848672Z 5b4d6ff92fc4: Pulling fs layer
2026-10-07T22:19:26.5850276Z faac557a4014: Pulling fs layer
2026-10-07T22:19:26.5852026Z 23ae1f680f8f: Pulling fs layer
2026-10-07T22:19:26.5853394Z d85a6fe690f8: Pulling fs layer
2026-10-07T22:19:26.5854941Z a1b56273edfa: Pulling fs layer
2026-10-07T22:19:26.5855959Z 74e78423263b: Pulling fs layer
2026-10-07T22:19:26.5856762Z e64c84d18f15: Pulling fs layer
2026-10-07T22:19:26.5857538Z e15d3b4493f3: Pulling fs layer
2026-10-07T22:19:26.5858353Z 450a0feadfd8: Pulling fs layer
2026-10-07T22:19:26.5859146Z 4f7b5a6f4005: Pulling fs layer
2026-10-07T22:19:26.5859958Z 02dde53e1bfd: Pulling fs layer
2026-10-07T22:19:26.5860741Z ec2378712a6f: Pulling fs layer
2026-10-07T22:19:26.5861510Z 1622e7a6bba6: Pulling fs layer
2026-10-07T22:19:26.5862292Z 3b99619cea16: Pulling fs layer
2026-10-07T22:19:26.5863039Z d85a6fe690f8: Waiting
2026-10-07T22:19:26.5863893Z a1b56273edfa: Waiting
2026-10-07T22:19:26.5864589Z 74e78423263b: Waiting
2026-10-07T22:19:26.5865274Z e64c84d18f15: Waiting
2026-10-07T22:19:26.5866035Z e15d3b4493f3: Waiting
2026-10-07T22:19:26.5866866Z 450a0feadfd8: Waiting
2026-10-07T22:19:26.5867723Z 4f7b5a6f4005: Waiting
2026-10-07T22:19:26.5868567Z 02dde53e1bfd: Waiting
2026-10-07T22:19:26.5869402Z ec2378712a6f: Waiting
2026-10-07T22:19:26.5870237Z 1622e7a6bba6: Waiting
2026-10-07T22:19:26.5871069Z 3b99619cea16: Waiting
2026-10-07T22:19:26.8101284Z faac557a4014: Verifying Checksum
2026-10-07T22:19:26.8104940Z faac557a4014: Download complete
2026-10-07T22:19:26.8370319Z 23ae1f680f8f: Download complete
2026-10-07T22:19:26.9135011Z 5b4d6ff92fc4: Verifying Checksum
2026-10-07T22:19:26.9136245Z 5b4d6ff92fc4: Download complete
2026-10-07T22:19:27.0356019Z d85a6fe690f8: Verifying Checksum
2026-10-07T22:19:27.0357461Z d85a6fe690f8: Download complete
2026-10-07T22:19:27.1572432Z 74e78423263b: Verifying Checksum
2026-10-07T22:19:27.1574219Z 74e78423263b: Download complete
2026-10-07T22:19:27.1909478Z a1b56273edfa: Verifying Checksum
2026-10-07T22:19:27.1917070Z a1b56273edfa: Download complete
2026-10-07T22:19:27.2458591Z e64c84d18f15: Verifying Checksum
2026-10-07T22:19:27.2461854Z e64c84d18f15: Download complete
2026-10-07T22:19:27.3853434Z e15d3b4493f3: Verifying Checksum
2026-10-07T22:19:27.3855502Z e15d3b4493f3: Download complete
2026-10-07T22:19:27.4715151Z 4f7b5a6f4005: Verifying Checksum
2026-10-07T22:19:27.4716839Z 4f7b5a6f4005: Download complete
2026-10-07T22:19:27.6175666Z 02dde53e1bfd: Verifying Checksum
2026-10-07T22:19:27.6177921Z 02dde53e1bfd: Download complete
2026-10-07T22:19:27.6835907Z ec2378712a6f: Verifying Checksum
2026-10-07T22:19:27.6837682Z ec2378712a6f: Download complete
2026-10-07T22:19:27.8370371Z 1622e7a6bba6: Verifying Checksum
2026-10-07T22:19:27.8372114Z 1622e7a6bba6: Download complete
2026-10-07T22:19:27.8450077Z 450a0feadfd8: Verifying Checksum
2026-10-07T22:19:27.8451116Z 450a0feadfd8: Download complete
2026-10-07T22:19:27.9069008Z 3b99619cea16: Verifying Checksum
2026-10-07T22:19:27.9069803Z 3b99619cea16: Download complete
2026-10-07T22:19:28.1591168Z 5b4d6ff92fc4: Pull complete
2026-10-07T22:19:31.0756110Z faac557a4014: Pull complete
2026-10-07T22:19:31.2714652Z 23ae1f680f8f: Pull complete
2026-10-07T22:19:31.3196210Z d85a6fe690f8: Pull complete
2026-10-07T22:19:31.6317831Z a1b56273edfa: Pull complete
2026-10-07T22:19:31.7131744Z 74e78423263b: Pull complete
2026-10-07T22:19:31.7235144Z e64c84d18f15: Pull complete
2026-10-07T22:19:31.7348528Z e15d3b4493f3: Pull complete
2026-10-07T22:19:34.6868375Z 450a0feadfd8: Pull complete
2026-10-07T22:19:34.7006071Z 4f7b5a6f4005: Pull complete
2026-10-07T22:19:34.7103483Z 02dde53e1bfd: Pull complete
2026-10-07T22:19:34.7215626Z ec2378712a6f: Pull complete
2026-10-07T22:19:34.7326487Z 1622e7a6bba6: Pull complete
2026-10-07T22:19:34.7422382Z 3b99619cea16: Pull complete
2026-10-07T22:19:34.7460896Z Digest: sha256:1b92e7a80c021647bf70f5d3eb66066a998e4f5cf43c07bb9dc9f729782cf88e
2026-10-07T22:19:34.7467808Z Status: Downloaded newer image for postgres@sha256:1b92e7a80c021647bf70f5d3eb66066a998e4f5cf43c07bb9dc9f729782cf88e
2026-10-07T22:19:34.7478191Z docker.io/library/postgres:15@sha256:1b92e7a80c021647bf70f5d3eb66066a998e4f5cf43c07bb9dc9f729782cf88e
2026-10-07T22:19:34.7550965Z ##[command]/usr/bin/docker create --name 4eb0e712f6b6495286679552128931c5_postgres15sha2561b92e7a80c021647bf70f5d3eb66066a998e4f5cf43c07bb9dc9f729782cf88e_1c460e --label 383ae8 --network github_network_79d4edd03f524b06a790d5dd9b08dcda --network-alias postgres -p 5432:5432 --health-cmd "pg_isready -U postgres" --health-interval 5s --health-timeout 5s --health-retries 10 -e "POSTGRES_HOST_AUTH_METHOD=trust" -e GITHUB_ACTIONS=true -e CI=true postgres:15@sha256:1b92e7a80c021647bf70f5d3eb66066a998e4f5cf43c07bb9dc9f729782cf88e
2026-10-07T22:19:34.7820004Z e1b40a14f221c90e5919ce6ffca8638793c75e0e65607a67fbf5e2cbaa06036c
2026-10-07T22:19:34.7845781Z ##[command]/usr/bin/docker start e1b40a14f221c90e5919ce6ffca8638793c75e0e65607a67fbf5e2cbaa06036c
2026-10-07T22:19:35.0519367Z e1b40a14f221c90e5919ce6ffca8638793c75e0e65607a67fbf5e2cbaa06036c
2026-10-07T22:19:35.0571696Z ##[command]/usr/bin/docker ps --all --filter id=e1b40a14f221c90e5919ce6ffca8638793c75e0e65607a67fbf5e2cbaa06036c --filter status=running --no-trunc --format "{{.ID}} {{.Status}}"
2026-10-07T22:19:35.0728665Z e1b40a14f221c90e5919ce6ffca8638793c75e0e65607a67fbf5e2cbaa06036c Up Less than a second (health: starting)
2026-10-07T22:19:35.0768385Z ##[command]/usr/bin/docker port e1b40a14f221c90e5919ce6ffca8638793c75e0e65607a67fbf5e2cbaa06036c
2026-10-07T22:19:35.0948581Z 5432/tcp -> 0.0.0.0:5432
2026-10-07T22:19:35.0949424Z 5432/tcp -> [::]:5432
2026-10-07T22:19:35.1000812Z ##[endgroup]
2026-10-07T22:19:35.1009899Z ##[group]Waiting for all services to be ready
2026-10-07T22:19:35.1024904Z ##[command]/usr/bin/docker inspect --format="{{if .Config.Healthcheck}}{{print .State.Health.Status}}{{end}}" e1b40a14f221c90e5919ce6ffca8638793c75e0e65607a67fbf5e2cbaa06036c
2026-10-07T22:19:35.1181761Z starting
2026-10-07T22:19:35.1211843Z postgres service is starting, waiting 2 seconds before checking again.
2026-10-07T22:19:37.1210596Z ##[command]/usr/bin/docker inspect --format="{{if .Config.Healthcheck}}{{print .State.Health.Status}}{{end}}" e1b40a14f221c90e5919ce6ffca8638793c75e0e65607a67fbf5e2cbaa06036c
2026-10-07T22:19:37.1348668Z starting
2026-10-07T22:19:37.1363044Z postgres service is starting, waiting 4 seconds before checking again.
2026-10-07T22:19:41.2302722Z ##[command]/usr/bin/docker inspect --format="{{if .Config.Healthcheck}}{{print .State.Health.Status}}{{end}}" e1b40a14f221c90e5919ce6ffca8638793c75e0e65607a67fbf5e2cbaa06036c
2026-10-07T22:19:41.2437429Z healthy
2026-10-07T22:19:41.2458232Z postgres service is healthy.
2026-10-07T22:19:41.2459064Z ##[endgroup]
2026-10-07T22:19:41.2752863Z ##[group]Run actions/checkout@93cb6efe18208431cddfb8368fd83d5badbf9bfd
2026-10-07T22:19:41.2753805Z with:
2026-10-07T22:19:41.2754024Z   persist-credentials: false
2026-10-07T22:19:41.2754301Z   ref: d34988bd9c8535f4499a99164c2130d47c2c66b4
2026-10-07T22:19:41.2754599Z   repository: anilbeesetti/koda
2026-10-07T22:19:41.2756902Z   token: ***
2026-10-07T22:19:41.2757113Z   ssh-strict: true
2026-10-07T22:19:41.2757317Z   ssh-user: git
2026-10-07T22:19:41.2757524Z   clean: true
2026-10-07T22:19:41.2757727Z   sparse-checkout-cone-mode: true
2026-10-07T22:19:41.2757985Z   fetch-depth: 1
2026-10-07T22:19:41.2758173Z   fetch-tags: false
2026-10-07T22:19:41.2758371Z   show-progress: true
2026-10-07T22:19:41.2758570Z   lfs: false
2026-10-07T22:19:41.2758755Z   submodules: false
2026-10-07T22:19:41.2758968Z   set-safe-directory: true
2026-10-07T22:19:41.2759381Z env:
2026-10-07T22:19:41.2759576Z   CARGO_TERM_COLOR: always
2026-10-07T22:19:41.2759814Z   CARGO_INCREMENTAL: 0
2026-10-07T22:19:41.2760071Z   CARGO_PROFILE_DEV_DEBUG: 0
2026-10-07T22:19:41.2760325Z   CARGO_PROFILE_DEV_BUILD_OVERRIDE_DEBUG: 0
2026-10-07T22:19:41.2760592Z   RUST_BACKTRACE: 1
2026-10-07T22:19:41.2760787Z   CC: clang
2026-10-07T22:19:41.2760955Z   CXX: clang++
2026-10-07T22:19:41.2761137Z   WGPU_BACKEND: vulkan
2026-10-07T22:19:41.2761337Z   CI_TEST_FILTER: 
2026-10-07T22:19:41.2761526Z   CI_TEST_MODE: full
2026-10-07T22:19:41.2761721Z ##[endgroup]
2026-10-07T22:19:41.3862382Z Syncing repository: anilbeesetti/koda
2026-10-07T22:19:41.3865000Z ##[group]Getting Git version info
2026-10-07T22:19:41.3865576Z Working directory is '/home/runner/work/koda/koda'
2026-10-07T22:19:41.3866405Z [command]/usr/bin/git version
2026-10-07T22:19:41.3947980Z git version 2.55.0
2026-10-07T22:19:41.3973974Z ##[endgroup]
2026-10-07T22:19:41.3992563Z Temporarily overriding HOME='/home/runner/work/_temp/634712cc-f270-469b-803f-b60c850a330c' before making global git config changes
2026-10-07T22:19:41.3994462Z Adding repository directory to the temporary git global config as a safe directory
2026-10-07T22:19:41.4000519Z [command]/usr/bin/git config --global --add safe.directory /home/runner/work/koda/koda
2026-10-07T22:19:41.4057013Z Deleting the contents of '/home/runner/work/koda/koda'
2026-10-07T22:19:41.4060813Z ##[group]Initializing the repository
2026-10-07T22:19:41.4066906Z [command]/usr/bin/git init /home/runner/work/koda/koda
2026-10-07T22:19:41.4219597Z hint: Using 'master' as the name for the initial branch. This default branch name
2026-10-07T22:19:41.4221467Z hint: will change to "main" in Git 3.0. To configure the initial branch name
2026-10-07T22:19:41.4225017Z hint: to use in all of your new repositories, which will suppress this warning,
2026-10-07T22:19:41.4226062Z hint: call:
2026-10-07T22:19:41.4228012Z hint:
2026-10-07T22:19:41.4228754Z hint: 	git config --global init.defaultBranch <name>
2026-10-07T22:19:41.4229392Z hint:
2026-10-07T22:19:41.4229944Z hint: Names commonly chosen instead of 'master' are 'main', 'trunk' and
2026-10-07T22:19:41.4230617Z hint: 'development'. The just-created branch can be renamed via this command:
2026-10-07T22:19:41.4231116Z hint:
2026-10-07T22:19:41.4231372Z hint: 	git branch -m <name>
2026-10-07T22:19:41.4231668Z hint:
2026-10-07T22:19:41.4232078Z hint: Disable this message with "git config set advice.defaultBranchName false"
2026-10-07T22:19:41.4232745Z Initialized empty Git repository in /home/runner/work/koda/koda/.git/
2026-10-07T22:19:41.4235246Z [command]/usr/bin/git remote add origin https://github.com/anilbeesetti/koda
2026-10-07T22:19:41.4309069Z ##[endgroup]
2026-10-07T22:19:41.4309969Z ##[group]Disabling automatic garbage collection
2026-10-07T22:19:41.4310673Z [command]/usr/bin/git config --local gc.auto 0
2026-10-07T22:19:41.4346175Z ##[endgroup]
2026-10-07T22:19:41.4346755Z ##[group]Setting up auth
2026-10-07T22:19:41.4356303Z [command]/usr/bin/git config --local --name-only --get-regexp core\.sshCommand
2026-10-07T22:19:41.4412454Z [command]/usr/bin/git submodule foreach --recursive sh -c "git config --local --name-only --get-regexp 'core\.sshCommand' && git config --local --unset-all 'core.sshCommand' || :"
2026-10-07T22:19:41.4904459Z [command]/usr/bin/git config --local --name-only --get-regexp http\.https\:\/\/github\.com\/\.extraheader
2026-10-07T22:19:41.4946586Z [command]/usr/bin/git submodule foreach --recursive sh -c "git config --local --name-only --get-regexp 'http\.https\:\/\/github\.com\/\.extraheader' && git config --local --unset-all 'http.https://github.com/.extraheader' || :"
2026-10-07T22:19:41.5189308Z [command]/usr/bin/git config --local --name-only --get-regexp ^includeIf\.gitdir:
2026-10-07T22:19:41.5246046Z [command]/usr/bin/git submodule foreach --recursive git config --local --show-origin --name-only --get-regexp remote.origin.url
2026-10-07T22:19:41.5491827Z [command]/usr/bin/git config --local http.https://github.com/.extraheader AUTHORIZATION: basic ***
2026-10-07T22:19:41.5538677Z ##[endgroup]
2026-10-07T22:19:41.5539307Z ##[group]Fetching the repository
2026-10-07T22:19:41.5551297Z [command]/usr/bin/git -c protocol.version=2 fetch --no-tags --prune --no-recurse-submodules --depth=1 origin d34988bd9c8535f4499a99164c2130d47c2c66b4
2026-10-07T22:19:45.5167365Z From https://github.com/anilbeesetti/koda
2026-10-07T22:19:45.5168247Z  * branch            d34988bd9c8535f4499a99164c2130d47c2c66b4 -> FETCH_HEAD
2026-10-07T22:19:45.5174011Z ##[endgroup]
2026-10-07T22:19:45.5174676Z ##[group]Determining the checkout info
2026-10-07T22:19:45.5178128Z ##[endgroup]
2026-10-07T22:19:45.5185999Z [command]/usr/bin/git sparse-checkout disable
2026-10-07T22:19:45.5254788Z [command]/usr/bin/git config --local --unset-all extensions.worktreeConfig
2026-10-07T22:19:45.5290771Z ##[group]Checking out the ref
2026-10-07T22:19:45.5296185Z [command]/usr/bin/git checkout --progress --force d34988bd9c8535f4499a99164c2130d47c2c66b4
2026-10-07T22:19:46.1030967Z Note: switching to 'd34988bd9c8535f4499a99164c2130d47c2c66b4'.
2026-10-07T22:19:46.1031557Z 
2026-10-07T22:19:46.1031867Z You are in 'detached HEAD' state. You can look around, make experimental
2026-10-07T22:19:46.1032511Z changes and commit them, and you can discard any commits you make in this
2026-10-07T22:19:46.1033623Z state without impacting any branches by switching back to a branch.
2026-10-07T22:19:46.1034004Z 
2026-10-07T22:19:46.1034507Z If you want to create a new branch to retain commits you create, you may
2026-10-07T22:19:46.1035167Z do so (now or later) by using -c with the switch command. Example:
2026-10-07T22:19:46.1035604Z 
2026-10-07T22:19:46.1035768Z   git switch -c <new-branch-name>
2026-10-07T22:19:46.1036039Z 
2026-10-07T22:19:46.1036208Z Or undo this operation with:
2026-10-07T22:19:46.1036448Z 
2026-10-07T22:19:46.1036599Z   git switch -
2026-10-07T22:19:46.1036827Z 
2026-10-07T22:19:46.1037171Z Turn off this advice by setting config variable advice.detachedHead to false
2026-10-07T22:19:46.1037651Z 
2026-10-07T22:19:46.1038212Z HEAD is now at d34988b Merge 9b9cbbc78e2ee035fe3f48f447f0072bd3aa17e2 into ed7040f650a01d31eb32eac68a623ce45b7a77e8
2026-10-07T22:19:46.1057994Z ##[endgroup]
2026-10-07T22:19:46.1110107Z [command]/usr/bin/git log -1 --format=%H
2026-10-07T22:19:46.1139965Z d34988bd9c8535f4499a99164c2130d47c2c66b4
2026-10-07T22:19:46.1151157Z ##[group]Removing auth
2026-10-07T22:19:46.1155608Z [command]/usr/bin/git config --local --name-only --get-regexp core\.sshCommand
2026-10-07T22:19:46.1192458Z [command]/usr/bin/git submodule foreach --recursive sh -c "git config --local --name-only --get-regexp 'core\.sshCommand' && git config --local --unset-all 'core.sshCommand' || :"
2026-10-07T22:19:46.1435430Z [command]/usr/bin/git config --local --name-only --get-regexp http\.https\:\/\/github\.com\/\.extraheader
2026-10-07T22:19:46.1466062Z http.https://github.com/.extraheader
2026-10-07T22:19:46.1475278Z [command]/usr/bin/git config --local --unset-all http.https://github.com/.extraheader
2026-10-07T22:19:46.1514001Z [command]/usr/bin/git submodule foreach --recursive sh -c "git config --local --name-only --get-regexp 'http\.https\:\/\/github\.com\/\.extraheader' && git config --local --unset-all 'http.https://github.com/.extraheader' || :"
2026-10-07T22:19:46.1755208Z [command]/usr/bin/git config --local --name-only --get-regexp ^includeIf\.gitdir:
2026-10-07T22:19:46.1795266Z [command]/usr/bin/git submodule foreach --recursive git config --local --show-origin --name-only --get-regexp remote.origin.url
2026-10-07T22:19:46.2042428Z ##[endgroup]
2026-10-07T22:19:46.2250737Z ##[group]Run python3 script/ci-run resources --github-env "$GITHUB_ENV"
2026-10-07T22:19:46.2251361Z [36;1mpython3 script/ci-run resources --github-env "$GITHUB_ENV"[0m
2026-10-07T22:19:46.2450417Z shell: /usr/bin/bash --noprofile --norc -e -o pipefail {0}
2026-10-07T22:19:46.2450915Z env:
2026-10-07T22:19:46.2451187Z   CARGO_TERM_COLOR: always
2026-10-07T22:19:46.2451514Z   CARGO_INCREMENTAL: 0
2026-10-07T22:19:46.2451822Z   CARGO_PROFILE_DEV_DEBUG: 0
2026-10-07T22:19:46.2452184Z   CARGO_PROFILE_DEV_BUILD_OVERRIDE_DEBUG: 0
2026-10-07T22:19:46.2452570Z   RUST_BACKTRACE: 1
2026-10-07T22:19:46.2452849Z   CC: clang
2026-10-07T22:19:46.2453320Z   CXX: clang++
2026-10-07T22:19:46.2453577Z   WGPU_BACKEND: vulkan
2026-10-07T22:19:46.2453848Z   CI_TEST_FILTER: 
2026-10-07T22:19:46.2454097Z   CI_TEST_MODE: full
2026-10-07T22:19:46.2454357Z ##[endgroup]
2026-10-07T22:19:46.2896208Z Linux: 4 CPUs, 15.6 GiB RAM; Cargo jobs=4, nextest threads=4
2026-10-07T22:19:46.3004483Z ##[group]Run sudo rm -rf /usr/share/dotnet /usr/local/lib/android /opt/ghc
2026-10-07T22:19:46.3005259Z [36;1msudo rm -rf /usr/share/dotnet /usr/local/lib/android /opt/ghc[0m
2026-10-07T22:19:46.3073439Z shell: /usr/bin/bash --noprofile --norc -e -o pipefail {0}
2026-10-07T22:19:46.3073854Z env:
2026-10-07T22:19:46.3074088Z   CARGO_TERM_COLOR: always
2026-10-07T22:19:46.3074369Z   CARGO_INCREMENTAL: 0
2026-10-07T22:19:46.3074630Z   CARGO_PROFILE_DEV_DEBUG: 0
2026-10-07T22:19:46.3074952Z   CARGO_PROFILE_DEV_BUILD_OVERRIDE_DEBUG: 0
2026-10-07T22:19:46.3075282Z   RUST_BACKTRACE: 1
2026-10-07T22:19:46.3075522Z   CC: clang
2026-10-07T22:19:46.3075731Z   CXX: clang++
2026-10-07T22:19:46.3075960Z   WGPU_BACKEND: vulkan
2026-10-07T22:19:46.3076209Z   CI_TEST_FILTER: 
2026-10-07T22:19:46.3076440Z   CI_TEST_MODE: full
2026-10-07T22:19:46.3076681Z   CARGO_BUILD_JOBS: 4
2026-10-07T22:19:46.3076919Z   CI_TEST_THREADS: 4
2026-10-07T22:19:46.3077156Z ##[endgroup]
2026-10-07T22:21:47.1161274Z ##[group]Run ./script/linux
2026-10-07T22:21:47.1161597Z [36;1m./script/linux[0m
2026-10-07T22:21:47.1225274Z shell: /usr/bin/bash --noprofile --norc -e -o pipefail {0}
2026-10-07T22:21:47.1225700Z env:
2026-10-07T22:21:47.1225937Z   CARGO_TERM_COLOR: always
2026-10-07T22:21:47.1226233Z   CARGO_INCREMENTAL: 0
2026-10-07T22:21:47.1226511Z   CARGO_PROFILE_DEV_DEBUG: 0
2026-10-07T22:21:47.1226831Z   CARGO_PROFILE_DEV_BUILD_OVERRIDE_DEBUG: 0
2026-10-07T22:21:47.1227177Z   RUST_BACKTRACE: 1
2026-10-07T22:21:47.1227428Z   CC: clang
2026-10-07T22:21:47.1227661Z   CXX: clang++
2026-10-07T22:21:47.1227901Z   WGPU_BACKEND: vulkan
2026-10-07T22:21:47.1228164Z   CI_TEST_FILTER: 
2026-10-07T22:21:47.1228415Z   CI_TEST_MODE: full
2026-10-07T22:21:47.1228672Z   CARGO_BUILD_JOBS: 4
2026-10-07T22:21:47.1228931Z   CI_TEST_THREADS: 4
2026-10-07T22:21:47.1229182Z ##[endgroup]
2026-10-07T22:21:47.1333026Z ++ id -u
2026-10-07T22:21:47.1353452Z + '[' 1001 -eq 0 ']'
2026-10-07T22:21:47.1356238Z ++ command -v sudo
2026-10-07T22:21:47.1358724Z + maysudo=/usr/bin/sudo
2026-10-07T22:21:47.1362002Z ++ command -v apt-get
2026-10-07T22:21:47.1364896Z + apt=/usr/bin/apt-get
2026-10-07T22:21:47.1366349Z + [[ -n /usr/bin/apt-get ]]
2026-10-07T22:21:47.1371611Z + deps=(gcc g++ libasound2-dev libfontconfig-dev libgit2-dev libglib2.0-dev libssl-dev libva-dev libvulkan1 libwayland-dev libx11-xcb-dev libxkbcommon-x11-dev libzstd-dev make cmake clang lld llvm jq git curl gettext-base elfutils libsqlite3-dev musl-tools musl-dev build-essential pipewire xdg-desktop-portal)
2026-10-07T22:21:47.1374590Z + grep -qP 'PRETTY_NAME="(Debian|Raspbian).+13' /etc/os-release
2026-10-07T22:21:47.1387166Z + grep -qP 'PRETTY_NAME="(Linux Mint 22|.+24\.(04|10))' /etc/os-release
2026-10-07T22:21:47.1400156Z + deps+=(libstdc++-14-dev)
2026-10-07T22:21:47.1400965Z + /usr/bin/sudo /usr/bin/apt-get update
2026-10-07T22:21:47.2115670Z Get:1 file:/etc/apt/apt-mirrors.txt Mirrorlist [144 B]
2026-10-07T22:21:47.2327238Z Get:6 https://packages.microsoft.com/ubuntu/24.04/prod noble InRelease [3600 B]
2026-10-07T22:21:47.2419595Z Hit:2 http://azure.archive.ubuntu.com/ubuntu noble InRelease
2026-10-07T22:21:47.2432386Z Get:3 http://azure.archive.ubuntu.com/ubuntu noble-updates InRelease [126 kB]
2026-10-07T22:21:47.2478923Z Get:4 http://azure.archive.ubuntu.com/ubuntu noble-backports InRelease [126 kB]
2026-10-07T22:21:47.2501252Z Get:5 http://azure.archive.ubuntu.com/ubuntu noble-security InRelease [126 kB]
2026-10-07T22:21:47.3120941Z Get:7 https://packages.microsoft.com/ubuntu/24.04/prod noble/main amd64 Packages [519 kB]
2026-10-07T22:21:47.3274150Z Get:8 https://packages.microsoft.com/ubuntu/24.04/prod noble/main arm64 Packages [463 kB]
2026-10-07T22:21:47.4308960Z Get:9 http://azure.archive.ubuntu.com/ubuntu noble-updates/main amd64 Packages [1375 kB]
2026-10-07T22:21:47.4389087Z Get:10 http://azure.archive.ubuntu.com/ubuntu noble-updates/main Translation-en [306 kB]
2026-10-07T22:21:47.4405779Z Get:11 http://azure.archive.ubuntu.com/ubuntu noble-updates/universe amd64 Packages [1702 kB]
2026-10-07T22:21:47.4502008Z Get:12 http://azure.archive.ubuntu.com/ubuntu noble-updates/universe Translation-en [341 kB]
2026-10-07T22:21:47.4534317Z Get:13 http://azure.archive.ubuntu.com/ubuntu noble-updates/restricted amd64 Packages [1730 kB]
2026-10-07T22:21:47.4644540Z Get:14 http://azure.archive.ubuntu.com/ubuntu noble-updates/restricted Translation-en [396 kB]
2026-10-07T22:21:47.4655824Z Get:15 http://azure.archive.ubuntu.com/ubuntu noble-updates/multiverse Translation-en [13.3 kB]
2026-10-07T22:21:47.5364158Z Get:16 http://azure.archive.ubuntu.com/ubuntu noble-security/main amd64 Packages [1073 kB]
2026-10-07T22:21:47.5415159Z Get:17 http://azure.archive.ubuntu.com/ubuntu noble-security/main Translation-en [223 kB]
2026-10-07T22:21:47.5430193Z Get:18 http://azure.archive.ubuntu.com/ubuntu noble-security/universe amd64 Packages [1218 kB]
2026-10-07T22:21:47.5942946Z Get:19 http://azure.archive.ubuntu.com/ubuntu noble-security/universe Translation-en [245 kB]
2026-10-07T22:21:47.5959605Z Get:20 http://azure.archive.ubuntu.com/ubuntu noble-security/multiverse Translation-en [11.6 kB]
2026-10-07T22:21:50.1338811Z Fetched 9996 kB in 1s (9553 kB/s)
2026-10-07T22:21:50.9452145Z Reading package lists...
2026-10-07T22:21:50.9566322Z + /usr/bin/sudo /usr/bin/apt-get install -y gcc g++ libasound2-dev libfontconfig-dev libgit2-dev libglib2.0-dev libssl-dev libva-dev libvulkan1 libwayland-dev libx11-xcb-dev libxkbcommon-x11-dev libzstd-dev make cmake clang lld llvm jq git curl gettext-base elfutils libsqlite3-dev musl-tools musl-dev build-essential pipewire xdg-desktop-portal libstdc++-14-dev
2026-10-07T22:21:50.9765845Z Reading package lists...
2026-10-07T22:21:51.1488195Z Building dependency tree...
2026-10-07T22:21:51.1495497Z Reading state information...
2026-10-07T22:21:51.2851933Z gcc is already the newest version (4:13.2.0-7ubuntu1).
2026-10-07T22:21:51.2853002Z g++ is already the newest version (4:13.2.0-7ubuntu1).
2026-10-07T22:21:51.2854333Z libssl-dev is already the newest version (3.0.13-0ubuntu3.16).
2026-10-07T22:21:51.2855356Z libvulkan1 is already the newest version (1.3.275.0-1build1).
2026-10-07T22:21:51.2856312Z libvulkan1 set to manually installed.
2026-10-07T22:21:51.2857281Z libzstd-dev is already the newest version (1.5.5+dfsg2-2build1.1).
2026-10-07T22:21:51.2858306Z libzstd-dev set to manually installed.
2026-10-07T22:21:51.2859030Z make is already the newest version (4.3-4.1build2).
2026-10-07T22:21:51.2859850Z jq is already the newest version (1.7.1-3ubuntu0.24.04.2).
2026-10-07T22:21:51.2860940Z git is already the newest version (1:2.55.0-0ppa1~ubuntu24.04.2).
2026-10-07T22:21:51.2861784Z git set to manually installed.
2026-10-07T22:21:51.2862455Z curl is already the newest version (8.5.0-2ubuntu10.15).
2026-10-07T22:21:51.2863541Z gettext-base is already the newest version (0.21-14ubuntu2).
2026-10-07T22:21:51.2864206Z gettext-base set to manually installed.
2026-10-07T22:21:51.2864707Z libsqlite3-dev is already the newest version (3.45.1-1ubuntu2.8).
2026-10-07T22:21:51.2865655Z libstdc++-14-dev is already the newest version (14.2.0-4ubuntu2~24.04.1).
2026-10-07T22:21:51.2866442Z libstdc++-14-dev set to manually installed.
2026-10-07T22:21:51.2866904Z The following additional packages will be installed:
2026-10-07T22:21:51.2867501Z   bubblewrap bzip2-doc cmake-data glib-networking glib-networking-common
2026-10-07T22:21:51.2868408Z   glib-networking-services gsettings-desktop-schemas i965-va-driver
2026-10-07T22:21:51.2869098Z   intel-media-va-driver libasm1t64 libasyncns0 libblkid-dev libbrotli-dev
2026-10-07T22:21:51.2869839Z   libbz2-dev libflac12t64 libfreetype-dev libfreetype6 libgirepository-2.0-0
2026-10-07T22:21:51.2870562Z   libgit2-1.7 libglib2.0-dev-bin libhttp-parser-dev libhttp-parser2.9
2026-10-07T22:21:51.2871354Z   libigdgmm12 libjsoncpp25 libmount-dev libmp3lame0 libmpg123-0t64 libopus0
2026-10-07T22:21:51.2871888Z   libpipewire-0.3-0t64 libpipewire-0.3-common libpipewire-0.3-modules
2026-10-07T22:21:51.2872452Z   libpng-dev libpng-tools libproxy1v5 libpthread-stubs0-dev libpulse0
2026-10-07T22:21:51.2872922Z   librhash0 libroc0.3 libselinux1-dev libsepol-dev libset-scalar-perl
2026-10-07T22:21:51.2873917Z   libsnapd-glib-2-1 libsndfile1 libsoup-3.0-0 libsoup-3.0-common
2026-10-07T22:21:51.2874373Z   libspa-0.2-modules libspeexdsp1 libssh2-1-dev libva-drm2 libva-glx2
2026-10-07T22:21:51.2874810Z   libva-wayland2 libva-x11-2 libva2 libvorbisenc2 libwayland-bin
2026-10-07T22:21:51.2875259Z   libwayland-server0 libwebrtc-audio-processing1 libwireplumber-0.4-0
2026-10-07T22:21:51.2875751Z   libx11-dev libxau-dev libxcb-xkb-dev libxcb-xkb1 libxcb1-dev libxdmcp-dev
2026-10-07T22:21:51.2876238Z   libxkbcommon-dev libxkbcommon-x11-0 llvm-runtime mesa-va-drivers musl
2026-10-07T22:21:51.2876724Z   pipewire-bin pipewire-pulse rtkit session-migration uuid-dev va-driver-all
2026-10-07T22:21:51.2877278Z   wireplumber x11proto-dev xorg-sgml-doctools xtrans-dev
2026-10-07T22:21:51.2877591Z Suggested packages:
2026-10-07T22:21:51.2878099Z   cmake-doc cmake-format elpa-cmake-mode ninja-build i965-va-driver-shaders
2026-10-07T22:21:51.2878569Z   libasound2-doc freetype2-doc gir1.2-glib-2.0-dev libglib2.0-doc
2026-10-07T22:21:51.2879026Z   libgdk-pixbuf2.0-bin libxml2-utils opus-tools pulseaudio libwayland-doc
2026-10-07T22:21:51.2879473Z   libx11-doc libxcb-doc libspa-0.2-bluetooth pulseaudio-utils
2026-10-07T22:21:51.2879909Z   libspa-0.2-libcamera wireplumber-doc
2026-10-07T22:21:51.3599714Z The following NEW packages will be installed:
2026-10-07T22:21:51.3601060Z   bubblewrap build-essential bzip2-doc clang cmake cmake-data elfutils
2026-10-07T22:21:51.3602563Z   glib-networking glib-networking-common glib-networking-services
2026-10-07T22:21:51.3603965Z   gsettings-desktop-schemas i965-va-driver intel-media-va-driver libasm1t64
2026-10-07T22:21:51.3605078Z   libasound2-dev libasyncns0 libblkid-dev libbrotli-dev libbz2-dev
2026-10-07T22:21:51.3606146Z   libflac12t64 libfontconfig-dev libfreetype-dev libgirepository-2.0-0
2026-10-07T22:21:51.3607348Z   libgit2-1.7 libgit2-dev libglib2.0-dev libglib2.0-dev-bin libhttp-parser-dev
2026-10-07T22:21:51.3608490Z   libhttp-parser2.9 libigdgmm12 libjsoncpp25 libmount-dev libmp3lame0
2026-10-07T22:21:51.3609575Z   libmpg123-0t64 libopus0 libpipewire-0.3-0t64 libpipewire-0.3-common
2026-10-07T22:21:51.3610587Z   libpipewire-0.3-modules libpng-dev libpng-tools libproxy1v5
2026-10-07T22:21:51.3611601Z   libpthread-stubs0-dev libpulse0 librhash0 libroc0.3 libselinux1-dev
2026-10-07T22:21:51.3612669Z   libsepol-dev libset-scalar-perl libsnapd-glib-2-1 libsndfile1 libsoup-3.0-0
2026-10-07T22:21:51.3613523Z   libsoup-3.0-common libspa-0.2-modules libspeexdsp1 libssh2-1-dev libva-dev
2026-10-07T22:21:51.3614067Z   libva-drm2 libva-glx2 libva-wayland2 libva-x11-2 libva2 libvorbisenc2
2026-10-07T22:21:51.3614599Z   libwayland-bin libwayland-dev libwayland-server0 libwebrtc-audio-processing1
2026-10-07T22:21:51.3615155Z   libwireplumber-0.4-0 libx11-dev libx11-xcb-dev libxau-dev libxcb-xkb-dev
2026-10-07T22:21:51.3615776Z   libxcb-xkb1 libxcb1-dev libxdmcp-dev libxkbcommon-dev libxkbcommon-x11-0
2026-10-07T22:21:51.3616623Z   libxkbcommon-x11-dev lld llvm llvm-runtime mesa-va-drivers musl musl-dev
2026-10-07T22:21:51.3617270Z   musl-tools pipewire pipewire-bin pipewire-pulse rtkit session-migration
2026-10-07T22:21:51.3617793Z   uuid-dev va-driver-all wireplumber x11proto-dev xdg-desktop-portal
2026-10-07T22:21:51.3618187Z   xorg-sgml-doctools xtrans-dev
2026-10-07T22:21:51.3618480Z The following packages will be upgraded:
2026-10-07T22:21:51.3618797Z   libfreetype6
2026-10-07T22:21:51.3808552Z 1 upgraded, 96 newly installed, 0 to remove and 10 not upgraded.
2026-10-07T22:21:51.3809197Z Need to get 33.2 MB of archives.
2026-10-07T22:21:51.3809602Z After this operation, 129 MB of additional disk space will be used.
2026-10-07T22:21:51.3810053Z Get:1 file:/etc/apt/apt-mirrors.txt Mirrorlist [144 B]
2026-10-07T22:21:53.3815091Z Get:2 http://azure.archive.ubuntu.com/ubuntu noble-updates/main amd64 bubblewrap amd64 0.9.0-1ubuntu0.3 [50.4 kB]
2026-10-07T22:21:53.8082885Z Get:3 http://azure.archive.ubuntu.com/ubuntu noble/main amd64 build-essential amd64 12.10ubuntu1 [4928 B]
2026-10-07T22:21:53.9516303Z Get:4 http://azure.archive.ubuntu.com/ubuntu noble-updates/main amd64 bzip2-doc all 1.0.8-5.1ubuntu0.1 [499 kB]
2026-10-07T22:21:54.5564026Z Get:5 http://azure.archive.ubuntu.com/ubuntu noble/universe amd64 clang amd64 1:18.0-59~exp2 [5846 B]
2026-10-07T22:21:54.6948773Z Get:6 http://azure.archive.ubuntu.com/ubuntu noble/main amd64 libjsoncpp25 amd64 1.9.5-6build1 [82.8 kB]
2026-10-07T22:21:54.8503558Z Get:7 http://azure.archive.ubuntu.com/ubuntu noble/main amd64 librhash0 amd64 1.4.3-3build1 [129 kB]
2026-10-07T22:21:55.0123035Z Get:8 http://azure.archive.ubuntu.com/ubuntu noble/main amd64 cmake-data all 3.28.3-1build7 [2155 kB]
2026-10-07T22:21:55.4710314Z Get:9 http://azure.archive.ubuntu.com/ubuntu noble/main amd64 cmake amd64 3.28.3-1build7 [11.2 MB]
2026-10-07T22:21:56.1184966Z Get:10 http://azure.archive.ubuntu.com/ubuntu noble-updates/main amd64 libasm1t64 amd64 0.190-1.1ubuntu0.1 [17.5 kB]
2026-10-07T22:21:56.2569695Z Get:11 http://azure.archive.ubuntu.com/ubuntu noble-updates/main amd64 elfutils amd64 0.190-1.1ubuntu0.1 [525 kB]
2026-10-07T22:21:56.4025793Z Get:12 http://azure.archive.ubuntu.com/ubuntu noble/main amd64 libproxy1v5 amd64 0.5.4-4build1 [26.5 kB]
2026-10-07T22:21:56.5411200Z Get:13 http://azure.archive.ubuntu.com/ubuntu noble/main amd64 glib-networking-common all 2.80.0-1build1 [6702 B]
2026-10-07T22:21:56.6795698Z Get:14 http://azure.archive.ubuntu.com/ubuntu noble/main amd64 glib-networking-services amd64 2.80.0-1build1 [12.8 kB]
2026-10-07T22:21:56.8178744Z Get:15 http://azure.archive.ubuntu.com/ubuntu noble/main amd64 session-migration amd64 0.3.9build1 [9034 B]
2026-10-07T22:21:56.9561761Z Get:16 http://azure.archive.ubuntu.com/ubuntu noble-updates/main amd64 gsettings-desktop-schemas all 46.1-0ubuntu1 [35.6 kB]
2026-10-07T22:21:57.0947382Z Get:17 http://azure.archive.ubuntu.com/ubuntu noble/main amd64 glib-networking amd64 2.80.0-1build1 [64.1 kB]
2026-10-07T22:21:57.2352617Z Get:18 http://azure.archive.ubuntu.com/ubuntu noble-updates/universe amd64 libva2 amd64 2.20.0-2ubuntu0.2 [66.4 kB]
2026-10-07T22:21:57.3742210Z Get:19 http://azure.archive.ubuntu.com/ubuntu noble-updates/universe amd64 libigdgmm12 amd64 22.3.17+ds1-1ubuntu1 [145 kB]
2026-10-07T22:21:57.5138271Z Get:20 http://azure.archive.ubuntu.com/ubuntu noble-updates/universe amd64 intel-media-va-driver amd64 24.1.0+dfsg1-1ubuntu0.2 [3163 kB]
2026-10-07T22:21:57.7911962Z Get:21 http://azure.archive.ubuntu.com/ubuntu noble-updates/main amd64 libasound2-dev amd64 1.2.11-1ubuntu0.3 [115 kB]
2026-10-07T22:21:57.9324222Z Get:22 http://azure.archive.ubuntu.com/ubuntu noble/main amd64 libasyncns0 amd64 0.8-6build4 [11.3 kB]
2026-10-07T22:21:58.0702711Z Get:23 http://azure.archive.ubuntu.com/ubuntu noble/main amd64 libbrotli-dev amd64 1.1.0-2build2 [353 kB]
2026-10-07T22:21:58.2239587Z Get:24 http://azure.archive.ubuntu.com/ubuntu noble-updates/main amd64 libbz2-dev amd64 1.0.8-5.1ubuntu0.1 [33.6 kB]
2026-10-07T22:21:58.3620202Z Get:25 http://azure.archive.ubuntu.com/ubuntu noble/main amd64 libflac12t64 amd64 1.4.3+ds-2.1ubuntu2 [197 kB]
2026-10-07T22:21:58.5072424Z Get:26 http://azure.archive.ubuntu.com/ubuntu noble-updates/main amd64 libfreetype6 amd64 2.13.2+dfsg-1ubuntu0.2 [403 kB]
2026-10-07T22:21:58.6602452Z Get:27 http://azure.archive.ubuntu.com/ubuntu noble-updates/main amd64 libpng-dev amd64 1.6.43-5ubuntu0.6 [265 kB]
2026-10-07T22:21:58.8079501Z Get:28 http://azure.archive.ubuntu.com/ubuntu noble-updates/main amd64 libfreetype-dev amd64 2.13.2+dfsg-1ubuntu0.2 [574 kB]
2026-10-07T22:21:58.9687092Z Get:29 http://azure.archive.ubuntu.com/ubuntu noble-updates/main amd64 uuid-dev amd64 2.39.3-9ubuntu6.6 [33.5 kB]
2026-10-07T22:21:59.1065535Z Get:30 http://azure.archive.ubuntu.com/ubuntu noble/main amd64 libfontconfig-dev amd64 2.15.0-1.1ubuntu2 [161 kB]
2026-10-07T22:21:59.2501445Z Get:31 http://azure.archive.ubuntu.com/ubuntu noble-updates/main amd64 libgirepository-2.0-0 amd64 2.80.0-6ubuntu3.9 [73.5 kB]
2026-10-07T22:21:59.3898050Z Get:32 http://azure.archive.ubuntu.com/ubuntu noble/main amd64 libhttp-parser2.9 amd64 2.9.4-6build1 [22.3 kB]
2026-10-07T22:21:59.5335288Z Get:33 http://azure.archive.ubuntu.com/ubuntu noble-updates/main amd64 libgit2-1.7 amd64 1.7.2+ds-1ubuntu3.2 [529 kB]
2026-10-07T22:21:59.6883053Z Get:34 http://azure.archive.ubuntu.com/ubuntu noble-updates/main amd64 libglib2.0-dev-bin amd64 2.80.0-6ubuntu3.9 [138 kB]
2026-10-07T22:21:59.8319812Z Get:35 http://azure.archive.ubuntu.com/ubuntu noble-updates/main amd64 libblkid-dev amd64 2.39.3-9ubuntu6.6 [205 kB]
2026-10-07T22:21:59.9819448Z Get:36 http://azure.archive.ubuntu.com/ubuntu noble/main amd64 libsepol-dev amd64 3.5-2build1 [384 kB]
2026-10-07T22:22:00.1351382Z Get:37 http://azure.archive.ubuntu.com/ubuntu noble-updates/main amd64 libselinux1-dev amd64 3.5-2ubuntu2.1 [164 kB]
2026-10-07T22:22:00.2790124Z Get:38 http://azure.archive.ubuntu.com/ubuntu noble-updates/main amd64 libmount-dev amd64 2.39.3-9ubuntu6.6 [14.9 kB]
2026-10-07T22:22:00.4177405Z Get:39 http://azure.archive.ubuntu.com/ubuntu noble-updates/main amd64 libglib2.0-dev amd64 2.80.0-6ubuntu3.9 [1860 kB]
2026-10-07T22:22:00.6329803Z Get:40 http://azure.archive.ubuntu.com/ubuntu noble/main amd64 libmp3lame0 amd64 3.100-6build1 [142 kB]
2026-10-07T22:22:00.7784160Z Get:41 http://azure.archive.ubuntu.com/ubuntu noble-updates/main amd64 libmpg123-0t64 amd64 1.32.5-1ubuntu1.1 [169 kB]
2026-10-07T22:22:00.9222198Z Get:42 http://azure.archive.ubuntu.com/ubuntu noble/main amd64 libopus0 amd64 1.4-1build1 [208 kB]
2026-10-07T22:22:01.0679084Z Get:43 http://azure.archive.ubuntu.com/ubuntu noble/main amd64 libwebrtc-audio-processing1 amd64 0.3.1-0ubuntu6 [290 kB]
2026-10-07T22:22:01.2199514Z Get:44 http://azure.archive.ubuntu.com/ubuntu noble-updates/main amd64 libspa-0.2-modules amd64 1.0.5-1ubuntu3.3 [628 kB]
2026-10-07T22:22:01.3836660Z Get:45 http://azure.archive.ubuntu.com/ubuntu noble-updates/main amd64 libpipewire-0.3-0t64 amd64 1.0.5-1ubuntu3.3 [252 kB]
2026-10-07T22:22:01.5314645Z Get:46 http://azure.archive.ubuntu.com/ubuntu noble-updates/main amd64 libpipewire-0.3-common all 1.0.5-1ubuntu3.3 [19.5 kB]
2026-10-07T22:22:01.6691966Z Get:47 http://azure.archive.ubuntu.com/ubuntu noble/main amd64 libvorbisenc2 amd64 1.3.7-1build3 [80.8 kB]
2026-10-07T22:22:01.8086610Z Get:48 http://azure.archive.ubuntu.com/ubuntu noble-updates/main amd64 libsndfile1 amd64 1.2.2-1ubuntu5.24.04.1 [209 kB]
2026-10-07T22:22:01.9551207Z Get:49 http://azure.archive.ubuntu.com/ubuntu noble-updates/main amd64 libpulse0 amd64 1:16.1+dfsg1-2ubuntu10.1 [292 kB]
2026-10-07T22:22:02.1057779Z Get:50 http://azure.archive.ubuntu.com/ubuntu noble/main amd64 libspeexdsp1 amd64 1.2.1-1ubuntu3 [43.1 kB]
2026-10-07T22:22:02.2447933Z Get:51 http://azure.archive.ubuntu.com/ubuntu noble/main amd64 libroc0.3 amd64 0.3.0+dfsg-7ubuntu2 [247 kB]
2026-10-07T22:22:02.3952565Z Get:52 http://azure.archive.ubuntu.com/ubuntu noble-updates/main amd64 libsoup-3.0-common all 3.4.4-5ubuntu0.9 [12.3 kB]
2026-10-07T22:22:02.5337046Z Get:53 http://azure.archive.ubuntu.com/ubuntu noble-updates/main amd64 libsoup-3.0-0 amd64 3.4.4-5ubuntu0.9 [291 kB]
2026-10-07T22:22:02.6821828Z Get:54 http://azure.archive.ubuntu.com/ubuntu noble/main amd64 libsnapd-glib-2-1 amd64 1.64-0ubuntu5 [107 kB]
2026-10-07T22:22:02.8229489Z Get:55 http://azure.archive.ubuntu.com/ubuntu noble-updates/main amd64 libpipewire-0.3-modules amd64 1.0.5-1ubuntu3.3 [815 kB]
2026-10-07T22:22:02.9937391Z Get:56 http://azure.archive.ubuntu.com/ubuntu noble-updates/main amd64 libpng-tools amd64 1.6.43-5ubuntu0.6 [28.5 kB]
2026-10-07T22:22:03.1319414Z Get:57 http://azure.archive.ubuntu.com/ubuntu noble/main amd64 libpthread-stubs0-dev amd64 0.4-1build3 [4746 B]
2026-10-07T22:22:03.2714076Z Get:58 http://azure.archive.ubuntu.com/ubuntu noble-updates/main amd64 libssh2-1-dev amd64 1.11.0-4.1ubuntu0.24.04.4 [260 kB]
2026-10-07T22:22:03.4187725Z Get:59 http://azure.archive.ubuntu.com/ubuntu noble-updates/universe amd64 libva-drm2 amd64 2.20.0-2ubuntu0.2 [7124 B]
2026-10-07T22:22:03.5572004Z Get:60 http://azure.archive.ubuntu.com/ubuntu noble-updates/universe amd64 libva-x11-2 amd64 2.20.0-2ubuntu0.2 [12.0 kB]
2026-10-07T22:22:03.6942573Z Get:61 http://azure.archive.ubuntu.com/ubuntu noble-updates/universe amd64 libva-glx2 amd64 2.20.0-2ubuntu0.2 [11.4 kB]
2026-10-07T22:22:03.8316911Z Get:62 http://azure.archive.ubuntu.com/ubuntu noble-updates/universe amd64 libva-wayland2 amd64 2.20.0-2ubuntu0.2 [10.9 kB]
2026-10-07T22:22:03.9707633Z Get:63 http://azure.archive.ubuntu.com/ubuntu noble/main amd64 libwayland-server0 amd64 1.22.0-2.1build1 [33.9 kB]
2026-10-07T22:22:04.1083939Z Get:64 http://azure.archive.ubuntu.com/ubuntu noble/main amd64 libwayland-bin amd64 1.22.0-2.1build1 [20.6 kB]
2026-10-07T22:22:04.2459743Z Get:65 http://azure.archive.ubuntu.com/ubuntu noble/main amd64 libwayland-dev amd64 1.22.0-2.1build1 [71.3 kB]
2026-10-07T22:22:04.3859120Z Get:66 http://azure.archive.ubuntu.com/ubuntu noble/universe amd64 libset-scalar-perl all 1.29-3 [28.6 kB]
2026-10-07T22:22:04.5233918Z Get:67 http://azure.archive.ubuntu.com/ubuntu noble-updates/universe amd64 libva-dev amd64 2.20.0-2ubuntu0.2 [114 kB]
2026-10-07T22:22:04.6646848Z Get:68 http://azure.archive.ubuntu.com/ubuntu noble-updates/main amd64 libwireplumber-0.4-0 amd64 0.4.17-1ubuntu4.1 [247 kB]
2026-10-07T22:22:04.8116198Z Get:69 http://azure.archive.ubuntu.com/ubuntu noble/main amd64 xorg-sgml-doctools all 1:1.11-1.1 [10.9 kB]
2026-10-07T22:22:04.9529557Z Get:70 http://azure.archive.ubuntu.com/ubuntu noble/main amd64 x11proto-dev all 2023.2-1 [602 kB]
2026-10-07T22:22:05.1139109Z Get:71 http://azure.archive.ubuntu.com/ubuntu noble/main amd64 libxau-dev amd64 1:1.0.9-1build6 [9570 B]
2026-10-07T22:22:05.2510672Z Get:72 http://azure.archive.ubuntu.com/ubuntu noble/main amd64 libxdmcp-dev amd64 1:1.1.3-0ubuntu6 [26.5 kB]
2026-10-07T22:22:05.3893592Z Get:73 http://azure.archive.ubuntu.com/ubuntu noble/main amd64 xtrans-dev all 1.4.0-1 [68.9 kB]
2026-10-07T22:22:05.5287001Z Get:74 http://azure.archive.ubuntu.com/ubuntu noble/main amd64 libxcb1-dev amd64 1.15-1ubuntu2 [85.8 kB]
2026-10-07T22:22:05.6709534Z Get:75 http://azure.archive.ubuntu.com/ubuntu noble/main amd64 libx11-dev amd64 2:1.8.7-1build1 [732 kB]
2026-10-07T22:22:05.8393540Z Get:76 http://azure.archive.ubuntu.com/ubuntu noble/main amd64 libx11-xcb-dev amd64 2:1.8.7-1build1 [9950 B]
2026-10-07T22:22:05.9764621Z Get:77 http://azure.archive.ubuntu.com/ubuntu noble/main amd64 libxcb-xkb1 amd64 1.15-1ubuntu2 [32.3 kB]
2026-10-07T22:22:06.1147209Z Get:78 http://azure.archive.ubuntu.com/ubuntu noble/main amd64 libxcb-xkb-dev amd64 1.15-1ubuntu2 [42.5 kB]
2026-10-07T22:22:06.2530789Z Get:79 http://azure.archive.ubuntu.com/ubuntu noble/main amd64 libxkbcommon-dev amd64 1.6.0-1build1 [56.3 kB]
2026-10-07T22:22:06.3921721Z Get:80 http://azure.archive.ubuntu.com/ubuntu noble/main amd64 libxkbcommon-x11-0 amd64 1.6.0-1build1 [14.5 kB]
2026-10-07T22:22:06.5298517Z Get:81 http://azure.archive.ubuntu.com/ubuntu noble/universe amd64 lld amd64 1:18.0-59~exp2 [5494 B]
2026-10-07T22:22:06.6668425Z Get:82 http://azure.archive.ubuntu.com/ubuntu noble/universe amd64 llvm-runtime amd64 1:18.0-59~exp2 [5496 B]
2026-10-07T22:22:06.8041599Z Get:83 http://azure.archive.ubuntu.com/ubuntu noble/universe amd64 llvm amd64 1:18.0-59~exp2 [4146 B]
2026-10-07T22:22:06.9418013Z Get:84 http://azure.archive.ubuntu.com/ubuntu noble-updates/universe amd64 mesa-va-drivers amd64 25.2.8-0ubuntu0.24.04.4 [6778 B]
2026-10-07T22:22:07.0790166Z Get:85 http://azure.archive.ubuntu.com/ubuntu noble-updates/main amd64 pipewire-bin amd64 1.0.5-1ubuntu3.3 [365 kB]
2026-10-07T22:22:07.2372923Z Get:86 http://azure.archive.ubuntu.com/ubuntu noble-updates/main amd64 pipewire amd64 1.0.5-1ubuntu3.3 [90.1 kB]
2026-10-07T22:22:07.3711747Z Get:87 http://azure.archive.ubuntu.com/ubuntu noble-updates/main amd64 pipewire-pulse amd64 1.0.5-1ubuntu3.3 [8454 B]
2026-10-07T22:22:07.5088363Z Get:88 http://azure.archive.ubuntu.com/ubuntu noble/main amd64 rtkit amd64 0.13-5build1 [34.6 kB]
2026-10-07T22:22:07.6493329Z Get:89 http://azure.archive.ubuntu.com/ubuntu noble-updates/universe amd64 i965-va-driver amd64 2.4.1+dfsg1-1ubuntu0.2 [332 kB]
2026-10-07T22:22:07.8025824Z Get:90 http://azure.archive.ubuntu.com/ubuntu noble-updates/universe amd64 va-driver-all amd64 2.20.0-2ubuntu0.2 [5014 B]
2026-10-07T22:22:07.9419873Z Get:91 http://azure.archive.ubuntu.com/ubuntu noble-updates/main amd64 wireplumber amd64 0.4.17-1ubuntu4.1 [80.0 kB]
2026-10-07T22:22:08.0837599Z Get:92 http://azure.archive.ubuntu.com/ubuntu noble-updates/main amd64 xdg-desktop-portal amd64 1.18.4-1ubuntu2.24.04.3 [307 kB]
2026-10-07T22:22:08.2355000Z Get:93 http://azure.archive.ubuntu.com/ubuntu noble/main amd64 libhttp-parser-dev amd64 2.9.4-6build1 [21.5 kB]
2026-10-07T22:22:08.3758253Z Get:94 http://azure.archive.ubuntu.com/ubuntu noble-updates/main amd64 libgit2-dev amd64 1.7.2+ds-1ubuntu3.2 [814 kB]
2026-10-07T22:22:08.5502119Z Get:95 http://azure.archive.ubuntu.com/ubuntu noble/main amd64 libxkbcommon-x11-dev amd64 1.6.0-1build1 [5586 B]
2026-10-07T22:22:08.6897420Z Get:96 http://azure.archive.ubuntu.com/ubuntu noble/universe amd64 musl amd64 1.2.4-2 [416 kB]
2026-10-07T22:22:08.8465100Z Get:97 http://azure.archive.ubuntu.com/ubuntu noble/universe amd64 musl-dev amd64 1.2.4-2 [616 kB]
2026-10-07T22:22:09.0122235Z Get:98 http://azure.archive.ubuntu.com/ubuntu noble/universe amd64 musl-tools amd64 1.2.4-2 [5540 B]
2026-10-07T22:22:09.3384264Z Fetched 33.2 MB in 18s (1882 kB/s)
2026-10-07T22:22:09.3615543Z Selecting previously unselected package bubblewrap.
2026-10-07T22:22:09.3888948Z (Reading database ... 
2026-10-07T22:22:09.3889501Z (Reading database ... 5%
2026-10-07T22:22:09.3889929Z (Reading database ... 10%
2026-10-07T22:22:09.3890226Z (Reading database ... 15%
2026-10-07T22:22:09.3890526Z (Reading database ... 20%
2026-10-07T22:22:09.3890809Z (Reading database ... 25%
2026-10-07T22:22:09.3891099Z (Reading database ... 30%
2026-10-07T22:22:09.3891535Z (Reading database ... 35%
2026-10-07T22:22:09.3891935Z (Reading database ... 40%
2026-10-07T22:22:09.3892309Z (Reading database ... 45%
2026-10-07T22:22:09.3892600Z (Reading database ... 50%
2026-10-07T22:22:09.3941708Z (Reading database ... 55%
2026-10-07T22:22:09.5113313Z (Reading database ... 60%
2026-10-07T22:22:09.7166778Z (Reading database ... 65%
2026-10-07T22:22:09.9205334Z (Reading database ... 70%
2026-10-07T22:22:10.0693884Z (Reading database ... 75%
2026-10-07T22:22:10.2201591Z (Reading database ... 80%
2026-10-07T22:22:10.3177237Z (Reading database ... 85%
2026-10-07T22:22:10.4200418Z (Reading database ... 90%
2026-10-07T22:22:10.5780103Z (Reading database ... 95%
2026-10-07T22:22:10.5780839Z (Reading database ... 100%
2026-10-07T22:22:10.5781808Z (Reading database ... 203191 files and directories currently installed.)
2026-10-07T22:22:10.5823465Z Preparing to unpack .../00-bubblewrap_0.9.0-1ubuntu0.3_amd64.deb ...
2026-10-07T22:22:10.5848079Z Unpacking bubblewrap (0.9.0-1ubuntu0.3) ...
2026-10-07T22:22:10.6106580Z Selecting previously unselected package build-essential.
2026-10-07T22:22:10.6234331Z Preparing to unpack .../01-build-essential_12.10ubuntu1_amd64.deb ...
2026-10-07T22:22:10.6242791Z Unpacking build-essential (12.10ubuntu1) ...
2026-10-07T22:22:10.6429549Z Selecting previously unselected package bzip2-doc.
2026-10-07T22:22:10.6554481Z Preparing to unpack .../02-bzip2-doc_1.0.8-5.1ubuntu0.1_all.deb ...
2026-10-07T22:22:10.6561399Z Unpacking bzip2-doc (1.0.8-5.1ubuntu0.1) ...
2026-10-07T22:22:10.6794910Z Selecting previously unselected package clang.
2026-10-07T22:22:10.6916620Z Preparing to unpack .../03-clang_1%3a18.0-59~exp2_amd64.deb ...
2026-10-07T22:22:10.6923369Z Unpacking clang (1:18.0-59~exp2) ...
2026-10-07T22:22:10.7125252Z Selecting previously unselected package libjsoncpp25:amd64.
2026-10-07T22:22:10.7246339Z Preparing to unpack .../04-libjsoncpp25_1.9.5-6build1_amd64.deb ...
2026-10-07T22:22:10.7289810Z Unpacking libjsoncpp25:amd64 (1.9.5-6build1) ...
2026-10-07T22:22:10.7490460Z Selecting previously unselected package librhash0:amd64.
2026-10-07T22:22:10.7613385Z Preparing to unpack .../05-librhash0_1.4.3-3build1_amd64.deb ...
2026-10-07T22:22:10.7619879Z Unpacking librhash0:amd64 (1.4.3-3build1) ...
2026-10-07T22:22:10.7831460Z Selecting previously unselected package cmake-data.
2026-10-07T22:22:10.7956200Z Preparing to unpack .../06-cmake-data_3.28.3-1build7_all.deb ...
2026-10-07T22:22:10.8020610Z Unpacking cmake-data (3.28.3-1build7) ...
2026-10-07T22:22:11.2893848Z Selecting previously unselected package cmake.
2026-10-07T22:22:11.3038287Z Preparing to unpack .../07-cmake_3.28.3-1build7_amd64.deb ...
2026-10-07T22:22:11.3044899Z Unpacking cmake (3.28.3-1build7) ...
2026-10-07T22:22:11.4533002Z Selecting previously unselected package libasm1t64:amd64.
2026-10-07T22:22:11.4665694Z Preparing to unpack .../08-libasm1t64_0.190-1.1ubuntu0.1_amd64.deb ...
2026-10-07T22:22:11.4672029Z Unpacking libasm1t64:amd64 (0.190-1.1ubuntu0.1) ...
2026-10-07T22:22:11.4854924Z Selecting previously unselected package elfutils.
2026-10-07T22:22:11.4985889Z Preparing to unpack .../09-elfutils_0.190-1.1ubuntu0.1_amd64.deb ...
2026-10-07T22:22:11.4991914Z Unpacking elfutils (0.190-1.1ubuntu0.1) ...
2026-10-07T22:22:11.5314436Z Selecting previously unselected package libproxy1v5:amd64.
2026-10-07T22:22:11.5442804Z Preparing to unpack .../10-libproxy1v5_0.5.4-4build1_amd64.deb ...
2026-10-07T22:22:11.5449593Z Unpacking libproxy1v5:amd64 (0.5.4-4build1) ...
2026-10-07T22:22:11.5643026Z Selecting previously unselected package glib-networking-common.
2026-10-07T22:22:11.5768228Z Preparing to unpack .../11-glib-networking-common_2.80.0-1build1_all.deb ...
2026-10-07T22:22:11.5775050Z Unpacking glib-networking-common (2.80.0-1build1) ...
2026-10-07T22:22:11.5955148Z Selecting previously unselected package glib-networking-services.
2026-10-07T22:22:11.6079321Z Preparing to unpack .../12-glib-networking-services_2.80.0-1build1_amd64.deb ...
2026-10-07T22:22:11.6099624Z Unpacking glib-networking-services (2.80.0-1build1) ...
2026-10-07T22:22:11.6297847Z Selecting previously unselected package session-migration.
2026-10-07T22:22:11.6428033Z Preparing to unpack .../13-session-migration_0.3.9build1_amd64.deb ...
2026-10-07T22:22:11.6435280Z Unpacking session-migration (0.3.9build1) ...
2026-10-07T22:22:11.6648240Z Selecting previously unselected package gsettings-desktop-schemas.
2026-10-07T22:22:11.6774895Z Preparing to unpack .../14-gsettings-desktop-schemas_46.1-0ubuntu1_all.deb ...
2026-10-07T22:22:11.6780945Z Unpacking gsettings-desktop-schemas (46.1-0ubuntu1) ...
2026-10-07T22:22:11.7558861Z Selecting previously unselected package glib-networking:amd64.
2026-10-07T22:22:11.7688749Z Preparing to unpack .../15-glib-networking_2.80.0-1build1_amd64.deb ...
2026-10-07T22:22:11.7695247Z Unpacking glib-networking:amd64 (2.80.0-1build1) ...
2026-10-07T22:22:11.7903645Z Selecting previously unselected package libva2:amd64.
2026-10-07T22:22:11.8033010Z Preparing to unpack .../16-libva2_2.20.0-2ubuntu0.2_amd64.deb ...
2026-10-07T22:22:11.8039765Z Unpacking libva2:amd64 (2.20.0-2ubuntu0.2) ...
2026-10-07T22:22:11.8236282Z Selecting previously unselected package libigdgmm12:amd64.
2026-10-07T22:22:11.8364751Z Preparing to unpack .../17-libigdgmm12_22.3.17+ds1-1ubuntu1_amd64.deb ...
2026-10-07T22:22:11.8371471Z Unpacking libigdgmm12:amd64 (22.3.17+ds1-1ubuntu1) ...
2026-10-07T22:22:11.8577049Z Selecting previously unselected package intel-media-va-driver:amd64.
2026-10-07T22:22:11.8702493Z Preparing to unpack .../18-intel-media-va-driver_24.1.0+dfsg1-1ubuntu0.2_amd64.deb ...
2026-10-07T22:22:11.8708272Z Unpacking intel-media-va-driver:amd64 (24.1.0+dfsg1-1ubuntu0.2) ...
2026-10-07T22:22:11.9355261Z Selecting previously unselected package libasound2-dev:amd64.
2026-10-07T22:22:11.9487194Z Preparing to unpack .../19-libasound2-dev_1.2.11-1ubuntu0.3_amd64.deb ...
2026-10-07T22:22:11.9516165Z Unpacking libasound2-dev:amd64 (1.2.11-1ubuntu0.3) ...
2026-10-07T22:22:11.9846583Z Selecting previously unselected package libasyncns0:amd64.
2026-10-07T22:22:11.9977541Z Preparing to unpack .../20-libasyncns0_0.8-6build4_amd64.deb ...
2026-10-07T22:22:11.9984248Z Unpacking libasyncns0:amd64 (0.8-6build4) ...
2026-10-07T22:22:12.0166275Z Selecting previously unselected package libbrotli-dev:amd64.
2026-10-07T22:22:12.0294304Z Preparing to unpack .../21-libbrotli-dev_1.1.0-2build2_amd64.deb ...
2026-10-07T22:22:12.0300883Z Unpacking libbrotli-dev:amd64 (1.1.0-2build2) ...
2026-10-07T22:22:12.0591166Z Selecting previously unselected package libbz2-dev:amd64.
2026-10-07T22:22:12.0755026Z Preparing to unpack .../22-libbz2-dev_1.0.8-5.1ubuntu0.1_amd64.deb ...
2026-10-07T22:22:12.0759323Z Unpacking libbz2-dev:amd64 (1.0.8-5.1ubuntu0.1) ...
2026-10-07T22:22:12.0981423Z Selecting previously unselected package libflac12t64:amd64.
2026-10-07T22:22:12.1124942Z Preparing to unpack .../23-libflac12t64_1.4.3+ds-2.1ubuntu2_amd64.deb ...
2026-10-07T22:22:12.1132637Z Unpacking libflac12t64:amd64 (1.4.3+ds-2.1ubuntu2) ...
2026-10-07T22:22:12.1478443Z Preparing to unpack .../24-libfreetype6_2.13.2+dfsg-1ubuntu0.2_amd64.deb ...
2026-10-07T22:22:12.1498584Z Unpacking libfreetype6:amd64 (2.13.2+dfsg-1ubuntu0.2) over (2.13.2+dfsg-1ubuntu0.1) ...
2026-10-07T22:22:12.1761733Z Selecting previously unselected package libpng-dev:amd64.
2026-10-07T22:22:12.1891376Z Preparing to unpack .../25-libpng-dev_1.6.43-5ubuntu0.6_amd64.deb ...
2026-10-07T22:22:12.1897901Z Unpacking libpng-dev:amd64 (1.6.43-5ubuntu0.6) ...
2026-10-07T22:22:12.2175242Z Selecting previously unselected package libfreetype-dev:amd64.
2026-10-07T22:22:12.2302881Z Preparing to unpack .../26-libfreetype-dev_2.13.2+dfsg-1ubuntu0.2_amd64.deb ...
2026-10-07T22:22:12.2309087Z Unpacking libfreetype-dev:amd64 (2.13.2+dfsg-1ubuntu0.2) ...
2026-10-07T22:22:12.2635263Z Selecting previously unselected package uuid-dev:amd64.
2026-10-07T22:22:12.2768248Z Preparing to unpack .../27-uuid-dev_2.39.3-9ubuntu6.6_amd64.deb ...
2026-10-07T22:22:12.2775051Z Unpacking uuid-dev:amd64 (2.39.3-9ubuntu6.6) ...
2026-10-07T22:22:12.3007794Z Selecting previously unselected package libfontconfig-dev:amd64.
2026-10-07T22:22:12.3137591Z Preparing to unpack .../28-libfontconfig-dev_2.15.0-1.1ubuntu2_amd64.deb ...
2026-10-07T22:22:12.3143608Z Unpacking libfontconfig-dev:amd64 (2.15.0-1.1ubuntu2) ...
2026-10-07T22:22:12.3373034Z Selecting previously unselected package libgirepository-2.0-0:amd64.
2026-10-07T22:22:12.3501449Z Preparing to unpack .../29-libgirepository-2.0-0_2.80.0-6ubuntu3.9_amd64.deb ...
2026-10-07T22:22:12.3508566Z Unpacking libgirepository-2.0-0:amd64 (2.80.0-6ubuntu3.9) ...
2026-10-07T22:22:12.3705457Z Selecting previously unselected package libhttp-parser2.9:amd64.
2026-10-07T22:22:12.3836927Z Preparing to unpack .../30-libhttp-parser2.9_2.9.4-6build1_amd64.deb ...
2026-10-07T22:22:12.3845684Z Unpacking libhttp-parser2.9:amd64 (2.9.4-6build1) ...
2026-10-07T22:22:12.4040783Z Selecting previously unselected package libgit2-1.7:amd64.
2026-10-07T22:22:12.4166511Z Preparing to unpack .../31-libgit2-1.7_1.7.2+ds-1ubuntu3.2_amd64.deb ...
2026-10-07T22:22:12.4173313Z Unpacking libgit2-1.7:amd64 (1.7.2+ds-1ubuntu3.2) ...
2026-10-07T22:22:12.4408451Z Selecting previously unselected package libglib2.0-dev-bin.
2026-10-07T22:22:12.4533017Z Preparing to unpack .../32-libglib2.0-dev-bin_2.80.0-6ubuntu3.9_amd64.deb ...
2026-10-07T22:22:12.4539216Z Unpacking libglib2.0-dev-bin (2.80.0-6ubuntu3.9) ...
2026-10-07T22:22:12.4826471Z Selecting previously unselected package libblkid-dev:amd64.
2026-10-07T22:22:12.4954508Z Preparing to unpack .../33-libblkid-dev_2.39.3-9ubuntu6.6_amd64.deb ...
2026-10-07T22:22:12.4962055Z Unpacking libblkid-dev:amd64 (2.39.3-9ubuntu6.6) ...
2026-10-07T22:22:12.5180762Z Selecting previously unselected package libsepol-dev:amd64.
2026-10-07T22:22:12.5305345Z Preparing to unpack .../34-libsepol-dev_3.5-2build1_amd64.deb ...
2026-10-07T22:22:12.5311886Z Unpacking libsepol-dev:amd64 (3.5-2build1) ...
2026-10-07T22:22:12.5612840Z Selecting previously unselected package libselinux1-dev:amd64.
2026-10-07T22:22:12.5739477Z Preparing to unpack .../35-libselinux1-dev_3.5-2ubuntu2.1_amd64.deb ...
2026-10-07T22:22:12.5745333Z Unpacking libselinux1-dev:amd64 (3.5-2ubuntu2.1) ...
2026-10-07T22:22:12.6159501Z Selecting previously unselected package libmount-dev:amd64.
2026-10-07T22:22:12.6288760Z Preparing to unpack .../36-libmount-dev_2.39.3-9ubuntu6.6_amd64.deb ...
2026-10-07T22:22:12.6294974Z Unpacking libmount-dev:amd64 (2.39.3-9ubuntu6.6) ...
2026-10-07T22:22:12.6485127Z Selecting previously unselected package libglib2.0-dev:amd64.
2026-10-07T22:22:12.6609469Z Preparing to unpack .../37-libglib2.0-dev_2.80.0-6ubuntu3.9_amd64.deb ...
2026-10-07T22:22:12.6615689Z Unpacking libglib2.0-dev:amd64 (2.80.0-6ubuntu3.9) ...
2026-10-07T22:22:12.7591591Z Selecting previously unselected package libmp3lame0:amd64.
2026-10-07T22:22:12.7722421Z Preparing to unpack .../38-libmp3lame0_3.100-6build1_amd64.deb ...
2026-10-07T22:22:12.7734370Z Unpacking libmp3lame0:amd64 (3.100-6build1) ...
2026-10-07T22:22:12.7939496Z Selecting previously unselected package libmpg123-0t64:amd64.
2026-10-07T22:22:12.8069548Z Preparing to unpack .../39-libmpg123-0t64_1.32.5-1ubuntu1.1_amd64.deb ...
2026-10-07T22:22:12.8075704Z Unpacking libmpg123-0t64:amd64 (1.32.5-1ubuntu1.1) ...
2026-10-07T22:22:12.8299893Z Selecting previously unselected package libopus0:amd64.
2026-10-07T22:22:12.8428589Z Preparing to unpack .../40-libopus0_1.4-1build1_amd64.deb ...
2026-10-07T22:22:12.8435341Z Unpacking libopus0:amd64 (1.4-1build1) ...
2026-10-07T22:22:12.8647871Z Selecting previously unselected package libwebrtc-audio-processing1:amd64.
2026-10-07T22:22:12.8780658Z Preparing to unpack .../41-libwebrtc-audio-processing1_0.3.1-0ubuntu6_amd64.deb ...
2026-10-07T22:22:12.8787403Z Unpacking libwebrtc-audio-processing1:amd64 (0.3.1-0ubuntu6) ...
2026-10-07T22:22:12.8999814Z Selecting previously unselected package libspa-0.2-modules:amd64.
2026-10-07T22:22:12.9130265Z Preparing to unpack .../42-libspa-0.2-modules_1.0.5-1ubuntu3.3_amd64.deb ...
2026-10-07T22:22:12.9136591Z Unpacking libspa-0.2-modules:amd64 (1.0.5-1ubuntu3.3) ...
2026-10-07T22:22:12.9458038Z Selecting previously unselected package libpipewire-0.3-0t64:amd64.
2026-10-07T22:22:12.9588884Z Preparing to unpack .../43-libpipewire-0.3-0t64_1.0.5-1ubuntu3.3_amd64.deb ...
2026-10-07T22:22:12.9596635Z Unpacking libpipewire-0.3-0t64:amd64 (1.0.5-1ubuntu3.3) ...
2026-10-07T22:22:12.9825156Z Selecting previously unselected package libpipewire-0.3-common.
2026-10-07T22:22:12.9957896Z Preparing to unpack .../44-libpipewire-0.3-common_1.0.5-1ubuntu3.3_all.deb ...
2026-10-07T22:22:12.9964065Z Unpacking libpipewire-0.3-common (1.0.5-1ubuntu3.3) ...
2026-10-07T22:22:13.0150882Z Selecting previously unselected package libvorbisenc2:amd64.
2026-10-07T22:22:13.0281240Z Preparing to unpack .../45-libvorbisenc2_1.3.7-1build3_amd64.deb ...
2026-10-07T22:22:13.0288265Z Unpacking libvorbisenc2:amd64 (1.3.7-1build3) ...
2026-10-07T22:22:13.0507240Z Selecting previously unselected package libsndfile1:amd64.
2026-10-07T22:22:13.0636500Z Preparing to unpack .../46-libsndfile1_1.2.2-1ubuntu5.24.04.1_amd64.deb ...
2026-10-07T22:22:13.0643739Z Unpacking libsndfile1:amd64 (1.2.2-1ubuntu5.24.04.1) ...
2026-10-07T22:22:13.0876102Z Selecting previously unselected package libpulse0:amd64.
2026-10-07T22:22:13.1005927Z Preparing to unpack .../47-libpulse0_1%3a16.1+dfsg1-2ubuntu10.1_amd64.deb ...
2026-10-07T22:22:13.1069085Z Unpacking libpulse0:amd64 (1:16.1+dfsg1-2ubuntu10.1) ...
2026-10-07T22:22:13.1309876Z Selecting previously unselected package libspeexdsp1:amd64.
2026-10-07T22:22:13.1443019Z Preparing to unpack .../48-libspeexdsp1_1.2.1-1ubuntu3_amd64.deb ...
2026-10-07T22:22:13.1449861Z Unpacking libspeexdsp1:amd64 (1.2.1-1ubuntu3) ...
2026-10-07T22:22:13.1656525Z Selecting previously unselected package libroc0.3:amd64.
2026-10-07T22:22:13.1787349Z Preparing to unpack .../49-libroc0.3_0.3.0+dfsg-7ubuntu2_amd64.deb ...
2026-10-07T22:22:13.1794816Z Unpacking libroc0.3:amd64 (0.3.0+dfsg-7ubuntu2) ...
2026-10-07T22:22:13.2024120Z Selecting previously unselected package libsoup-3.0-common.
2026-10-07T22:22:13.2152087Z Preparing to unpack .../50-libsoup-3.0-common_3.4.4-5ubuntu0.9_all.deb ...
2026-10-07T22:22:13.2158501Z Unpacking libsoup-3.0-common (3.4.4-5ubuntu0.9) ...
2026-10-07T22:22:13.2346611Z Selecting previously unselected package libsoup-3.0-0:amd64.
2026-10-07T22:22:13.2474394Z Preparing to unpack .../51-libsoup-3.0-0_3.4.4-5ubuntu0.9_amd64.deb ...
2026-10-07T22:22:13.2481225Z Unpacking libsoup-3.0-0:amd64 (3.4.4-5ubuntu0.9) ...
2026-10-07T22:22:13.2719356Z Selecting previously unselected package libsnapd-glib-2-1:amd64.
2026-10-07T22:22:13.2846358Z Preparing to unpack .../52-libsnapd-glib-2-1_1.64-0ubuntu5_amd64.deb ...
2026-10-07T22:22:13.2853487Z Unpacking libsnapd-glib-2-1:amd64 (1.64-0ubuntu5) ...
2026-10-07T22:22:13.3051116Z Selecting previously unselected package libpipewire-0.3-modules:amd64.
2026-10-07T22:22:13.3180240Z Preparing to unpack .../53-libpipewire-0.3-modules_1.0.5-1ubuntu3.3_amd64.deb ...
2026-10-07T22:22:13.3187015Z Unpacking libpipewire-0.3-modules:amd64 (1.0.5-1ubuntu3.3) ...
2026-10-07T22:22:13.3657028Z Selecting previously unselected package libpng-tools.
2026-10-07T22:22:13.3788590Z Preparing to unpack .../54-libpng-tools_1.6.43-5ubuntu0.6_amd64.deb ...
2026-10-07T22:22:13.3795529Z Unpacking libpng-tools (1.6.43-5ubuntu0.6) ...
2026-10-07T22:22:13.3981271Z Selecting previously unselected package libpthread-stubs0-dev:amd64.
2026-10-07T22:22:13.4106245Z Preparing to unpack .../55-libpthread-stubs0-dev_0.4-1build3_amd64.deb ...
2026-10-07T22:22:13.4822326Z Unpacking libpthread-stubs0-dev:amd64 (0.4-1build3) ...
2026-10-07T22:22:13.5005285Z Selecting previously unselected package libssh2-1-dev:amd64.
2026-10-07T22:22:13.5133019Z Preparing to unpack .../56-libssh2-1-dev_1.11.0-4.1ubuntu0.24.04.4_amd64.deb ...
2026-10-07T22:22:13.5140138Z Unpacking libssh2-1-dev:amd64 (1.11.0-4.1ubuntu0.24.04.4) ...
2026-10-07T22:22:13.5680598Z Selecting previously unselected package libva-drm2:amd64.
2026-10-07T22:22:13.5810927Z Preparing to unpack .../57-libva-drm2_2.20.0-2ubuntu0.2_amd64.deb ...
2026-10-07T22:22:13.5817583Z Unpacking libva-drm2:amd64 (2.20.0-2ubuntu0.2) ...
2026-10-07T22:22:13.6017495Z Selecting previously unselected package libva-x11-2:amd64.
2026-10-07T22:22:13.6145624Z Preparing to unpack .../58-libva-x11-2_2.20.0-2ubuntu0.2_amd64.deb ...
2026-10-07T22:22:13.6152105Z Unpacking libva-x11-2:amd64 (2.20.0-2ubuntu0.2) ...
2026-10-07T22:22:13.6343500Z Selecting previously unselected package libva-glx2:amd64.
2026-10-07T22:22:13.6472299Z Preparing to unpack .../59-libva-glx2_2.20.0-2ubuntu0.2_amd64.deb ...
2026-10-07T22:22:13.6479542Z Unpacking libva-glx2:amd64 (2.20.0-2ubuntu0.2) ...
2026-10-07T22:22:13.6670050Z Selecting previously unselected package libva-wayland2:amd64.
2026-10-07T22:22:13.6797202Z Preparing to unpack .../60-libva-wayland2_2.20.0-2ubuntu0.2_amd64.deb ...
2026-10-07T22:22:13.6803469Z Unpacking libva-wayland2:amd64 (2.20.0-2ubuntu0.2) ...
2026-10-07T22:22:13.6994158Z Selecting previously unselected package libwayland-server0:amd64.
2026-10-07T22:22:13.7122728Z Preparing to unpack .../61-libwayland-server0_1.22.0-2.1build1_amd64.deb ...
2026-10-07T22:22:13.7131093Z Unpacking libwayland-server0:amd64 (1.22.0-2.1build1) ...
2026-10-07T22:22:13.7324010Z Selecting previously unselected package libwayland-bin.
2026-10-07T22:22:13.7447657Z Preparing to unpack .../62-libwayland-bin_1.22.0-2.1build1_amd64.deb ...
2026-10-07T22:22:13.7455566Z Unpacking libwayland-bin (1.22.0-2.1build1) ...
2026-10-07T22:22:13.7654319Z Selecting previously unselected package libwayland-dev:amd64.
2026-10-07T22:22:13.7782221Z Preparing to unpack .../63-libwayland-dev_1.22.0-2.1build1_amd64.deb ...
2026-10-07T22:22:13.7789248Z Unpacking libwayland-dev:amd64 (1.22.0-2.1build1) ...
2026-10-07T22:22:13.8016310Z Selecting previously unselected package libset-scalar-perl.
2026-10-07T22:22:13.8142829Z Preparing to unpack .../64-libset-scalar-perl_1.29-3_all.deb ...
2026-10-07T22:22:13.8148818Z Unpacking libset-scalar-perl (1.29-3) ...
2026-10-07T22:22:13.8358640Z Selecting previously unselected package libva-dev:amd64.
2026-10-07T22:22:13.8486718Z Preparing to unpack .../65-libva-dev_2.20.0-2ubuntu0.2_amd64.deb ...
2026-10-07T22:22:13.8493458Z Unpacking libva-dev:amd64 (2.20.0-2ubuntu0.2) ...
2026-10-07T22:22:13.8780993Z Selecting previously unselected package libwireplumber-0.4-0:amd64.
2026-10-07T22:22:13.8909496Z Preparing to unpack .../66-libwireplumber-0.4-0_0.4.17-1ubuntu4.1_amd64.deb ...
2026-10-07T22:22:13.8915648Z Unpacking libwireplumber-0.4-0:amd64 (0.4.17-1ubuntu4.1) ...
2026-10-07T22:22:13.9154808Z Selecting previously unselected package xorg-sgml-doctools.
2026-10-07T22:22:13.9284675Z Preparing to unpack .../67-xorg-sgml-doctools_1%3a1.11-1.1_all.deb ...
2026-10-07T22:22:13.9292047Z Unpacking xorg-sgml-doctools (1:1.11-1.1) ...
2026-10-07T22:22:13.9714433Z Selecting previously unselected package x11proto-dev.
2026-10-07T22:22:13.9841727Z Preparing to unpack .../68-x11proto-dev_2023.2-1_all.deb ...
2026-10-07T22:22:13.9849169Z Unpacking x11proto-dev (2023.2-1) ...
2026-10-07T22:22:14.0396507Z Selecting previously unselected package libxau-dev:amd64.
2026-10-07T22:22:14.0527833Z Preparing to unpack .../69-libxau-dev_1%3a1.0.9-1build6_amd64.deb ...
2026-10-07T22:22:14.0535935Z Unpacking libxau-dev:amd64 (1:1.0.9-1build6) ...
2026-10-07T22:22:14.0745626Z Selecting previously unselected package libxdmcp-dev:amd64.
2026-10-07T22:22:14.0876330Z Preparing to unpack .../70-libxdmcp-dev_1%3a1.1.3-0ubuntu6_amd64.deb ...
2026-10-07T22:22:14.0886506Z Unpacking libxdmcp-dev:amd64 (1:1.1.3-0ubuntu6) ...
2026-10-07T22:22:14.1081945Z Selecting previously unselected package xtrans-dev.
2026-10-07T22:22:14.1210208Z Preparing to unpack .../71-xtrans-dev_1.4.0-1_all.deb ...
2026-10-07T22:22:14.1217062Z Unpacking xtrans-dev (1.4.0-1) ...
2026-10-07T22:22:14.1449045Z Selecting previously unselected package libxcb1-dev:amd64.
2026-10-07T22:22:14.1579698Z Preparing to unpack .../72-libxcb1-dev_1.15-1ubuntu2_amd64.deb ...
2026-10-07T22:22:14.1587896Z Unpacking libxcb1-dev:amd64 (1.15-1ubuntu2) ...
2026-10-07T22:22:14.1816097Z Selecting previously unselected package libx11-dev:amd64.
2026-10-07T22:22:14.1947293Z Preparing to unpack .../73-libx11-dev_2%3a1.8.7-1build1_amd64.deb ...
2026-10-07T22:22:14.1954308Z Unpacking libx11-dev:amd64 (2:1.8.7-1build1) ...
2026-10-07T22:22:14.2253335Z Selecting previously unselected package libx11-xcb-dev:amd64.
2026-10-07T22:22:14.2386202Z Preparing to unpack .../74-libx11-xcb-dev_2%3a1.8.7-1build1_amd64.deb ...
2026-10-07T22:22:14.2393867Z Unpacking libx11-xcb-dev:amd64 (2:1.8.7-1build1) ...
2026-10-07T22:22:14.2601381Z Selecting previously unselected package libxcb-xkb1:amd64.
2026-10-07T22:22:14.2731609Z Preparing to unpack .../75-libxcb-xkb1_1.15-1ubuntu2_amd64.deb ...
2026-10-07T22:22:14.2739659Z Unpacking libxcb-xkb1:amd64 (1.15-1ubuntu2) ...
2026-10-07T22:22:14.2940561Z Selecting previously unselected package libxcb-xkb-dev:amd64.
2026-10-07T22:22:14.3072500Z Preparing to unpack .../76-libxcb-xkb-dev_1.15-1ubuntu2_amd64.deb ...
2026-10-07T22:22:14.3079432Z Unpacking libxcb-xkb-dev:amd64 (1.15-1ubuntu2) ...
2026-10-07T22:22:14.3303981Z Selecting previously unselected package libxkbcommon-dev:amd64.
2026-10-07T22:22:14.3436878Z Preparing to unpack .../77-libxkbcommon-dev_1.6.0-1build1_amd64.deb ...
2026-10-07T22:22:14.3442850Z Unpacking libxkbcommon-dev:amd64 (1.6.0-1build1) ...
2026-10-07T22:22:14.3682638Z Selecting previously unselected package libxkbcommon-x11-0:amd64.
2026-10-07T22:22:14.3812492Z Preparing to unpack .../78-libxkbcommon-x11-0_1.6.0-1build1_amd64.deb ...
2026-10-07T22:22:14.3821915Z Unpacking libxkbcommon-x11-0:amd64 (1.6.0-1build1) ...
2026-10-07T22:22:14.4009911Z Selecting previously unselected package lld:amd64.
2026-10-07T22:22:14.4134992Z Preparing to unpack .../79-lld_1%3a18.0-59~exp2_amd64.deb ...
2026-10-07T22:22:14.4167274Z Unpacking lld:amd64 (1:18.0-59~exp2) ...
2026-10-07T22:22:14.4629926Z Selecting previously unselected package llvm-runtime:amd64.
2026-10-07T22:22:14.4758092Z Preparing to unpack .../80-llvm-runtime_1%3a18.0-59~exp2_amd64.deb ...
2026-10-07T22:22:14.4777241Z Unpacking llvm-runtime:amd64 (1:18.0-59~exp2) ...
2026-10-07T22:22:14.4992145Z Selecting previously unselected package llvm.
2026-10-07T22:22:14.5115599Z Preparing to unpack .../81-llvm_1%3a18.0-59~exp2_amd64.deb ...
2026-10-07T22:22:14.5145813Z Unpacking llvm (1:18.0-59~exp2) ...
2026-10-07T22:22:14.5427703Z Selecting previously unselected package mesa-va-drivers:amd64.
2026-10-07T22:22:14.5554366Z Preparing to unpack .../82-mesa-va-drivers_25.2.8-0ubuntu0.24.04.4_amd64.deb ...
2026-10-07T22:22:14.5561807Z Unpacking mesa-va-drivers:amd64 (25.2.8-0ubuntu0.24.04.4) ...
2026-10-07T22:22:14.5768602Z Selecting previously unselected package pipewire-bin.
2026-10-07T22:22:14.5898166Z Preparing to unpack .../83-pipewire-bin_1.0.5-1ubuntu3.3_amd64.deb ...
2026-10-07T22:22:14.6382015Z Unpacking pipewire-bin (1.0.5-1ubuntu3.3) ...
2026-10-07T22:22:14.6863520Z Selecting previously unselected package pipewire:amd64.
2026-10-07T22:22:14.7001989Z Preparing to unpack .../84-pipewire_1.0.5-1ubuntu3.3_amd64.deb ...
2026-10-07T22:22:14.7009055Z Unpacking pipewire:amd64 (1.0.5-1ubuntu3.3) ...
2026-10-07T22:22:14.7220403Z Selecting previously unselected package pipewire-pulse.
2026-10-07T22:22:14.7348888Z Preparing to unpack .../85-pipewire-pulse_1.0.5-1ubuntu3.3_amd64.deb ...
2026-10-07T22:22:14.7357468Z Unpacking pipewire-pulse (1.0.5-1ubuntu3.3) ...
2026-10-07T22:22:14.7554907Z Selecting previously unselected package rtkit.
2026-10-07T22:22:14.7680794Z Preparing to unpack .../86-rtkit_0.13-5build1_amd64.deb ...
2026-10-07T22:22:14.7743385Z Unpacking rtkit (0.13-5build1) ...
2026-10-07T22:22:14.7984936Z Selecting previously unselected package i965-va-driver:amd64.
2026-10-07T22:22:14.8117697Z Preparing to unpack .../87-i965-va-driver_2.4.1+dfsg1-1ubuntu0.2_amd64.deb ...
2026-10-07T22:22:14.8126021Z Unpacking i965-va-driver:amd64 (2.4.1+dfsg1-1ubuntu0.2) ...
2026-10-07T22:22:14.8380057Z Selecting previously unselected package va-driver-all:amd64.
2026-10-07T22:22:14.8511245Z Preparing to unpack .../88-va-driver-all_2.20.0-2ubuntu0.2_amd64.deb ...
2026-10-07T22:22:14.8516993Z Unpacking va-driver-all:amd64 (2.20.0-2ubuntu0.2) ...
2026-10-07T22:22:14.8716448Z Selecting previously unselected package wireplumber.
2026-10-07T22:22:14.8850134Z Preparing to unpack .../89-wireplumber_0.4.17-1ubuntu4.1_amd64.deb ...
2026-10-07T22:22:14.9584715Z Unpacking wireplumber (0.4.17-1ubuntu4.1) ...
2026-10-07T22:22:14.9909845Z Selecting previously unselected package xdg-desktop-portal.
2026-10-07T22:22:15.0040356Z Preparing to unpack .../90-xdg-desktop-portal_1.18.4-1ubuntu2.24.04.3_amd64.deb ...
2026-10-07T22:22:15.0047021Z Unpacking xdg-desktop-portal (1.18.4-1ubuntu2.24.04.3) ...
2026-10-07T22:22:15.0298297Z Selecting previously unselected package libhttp-parser-dev:amd64.
2026-10-07T22:22:15.0430240Z Preparing to unpack .../91-libhttp-parser-dev_2.9.4-6build1_amd64.deb ...
2026-10-07T22:22:15.0437377Z Unpacking libhttp-parser-dev:amd64 (2.9.4-6build1) ...
2026-10-07T22:22:15.0630298Z Selecting previously unselected package libgit2-dev:amd64.
2026-10-07T22:22:15.0759543Z Preparing to unpack .../92-libgit2-dev_1.7.2+ds-1ubuntu3.2_amd64.deb ...
2026-10-07T22:22:15.0765731Z Unpacking libgit2-dev:amd64 (1.7.2+ds-1ubuntu3.2) ...
2026-10-07T22:22:15.1232625Z Selecting previously unselected package libxkbcommon-x11-dev:amd64.
2026-10-07T22:22:15.1363797Z Preparing to unpack .../93-libxkbcommon-x11-dev_1.6.0-1build1_amd64.deb ...
2026-10-07T22:22:15.1393512Z Unpacking libxkbcommon-x11-dev:amd64 (1.6.0-1build1) ...
2026-10-07T22:22:15.1591131Z Selecting previously unselected package musl:amd64.
2026-10-07T22:22:15.1722646Z Preparing to unpack .../94-musl_1.2.4-2_amd64.deb ...
2026-10-07T22:22:15.1729411Z Unpacking musl:amd64 (1.2.4-2) ...
2026-10-07T22:22:15.1977692Z Selecting previously unselected package musl-dev:amd64.
2026-10-07T22:22:15.2110169Z Preparing to unpack .../95-musl-dev_1.2.4-2_amd64.deb ...
2026-10-07T22:22:15.2117615Z Unpacking musl-dev:amd64 (1.2.4-2) ...
2026-10-07T22:22:15.2713687Z Selecting previously unselected package musl-tools.
2026-10-07T22:22:15.2845627Z Preparing to unpack .../96-musl-tools_1.2.4-2_amd64.deb ...
2026-10-07T22:22:15.2852528Z Unpacking musl-tools (1.2.4-2) ...
2026-10-07T22:22:15.3269350Z Setting up libpipewire-0.3-common (1.0.5-1ubuntu3.3) ...
2026-10-07T22:22:15.3290669Z Setting up bubblewrap (0.9.0-1ubuntu0.3) ...
2026-10-07T22:22:15.3330830Z Setting up libglib2.0-dev-bin (2.80.0-6ubuntu3.9) ...
2026-10-07T22:22:15.4849675Z Setting up bzip2-doc (1.0.8-5.1ubuntu0.1) ...
2026-10-07T22:22:15.4868402Z Setting up libwayland-server0:amd64 (1.22.0-2.1build1) ...
2026-10-07T22:22:15.4888239Z Setting up session-migration (0.3.9build1) ...
2026-10-07T22:22:15.6630294Z Created symlink /etc/systemd/user/graphical-session-pre.target.wants/session-migration.service → /usr/lib/systemd/user/session-migration.service.
2026-10-07T22:22:15.6630947Z 
2026-10-07T22:22:15.6659742Z Setting up rtkit (0.13-5build1) ...
2026-10-07T22:22:15.9780067Z Setting up libproxy1v5:amd64 (0.5.4-4build1) ...
2026-10-07T22:22:15.9796260Z Setting up libpng-tools (1.6.43-5ubuntu0.6) ...
2026-10-07T22:22:15.9814475Z Setting up libgirepository-2.0-0:amd64 (2.80.0-6ubuntu3.9) ...
2026-10-07T22:22:15.9836011Z Setting up lld:amd64 (1:18.0-59~exp2) ...
2026-10-07T22:22:15.9853261Z Setting up libxkbcommon-dev:amd64 (1.6.0-1build1) ...
2026-10-07T22:22:15.9873001Z Setting up libpng-dev:amd64 (1.6.43-5ubuntu0.6) ...
2026-10-07T22:22:15.9888870Z Setting up libwebrtc-audio-processing1:amd64 (0.3.1-0ubuntu6) ...
2026-10-07T22:22:15.9917028Z Setting up libigdgmm12:amd64 (22.3.17+ds1-1ubuntu1) ...
2026-10-07T22:22:15.9935543Z Setting up libsoup-3.0-common (3.4.4-5ubuntu0.9) ...
2026-10-07T22:22:15.9951815Z Setting up libmpg123-0t64:amd64 (1.32.5-1ubuntu1.1) ...
2026-10-07T22:22:15.9969079Z Setting up libpthread-stubs0-dev:amd64 (0.4-1build3) ...
2026-10-07T22:22:15.9984364Z Setting up libxcb-xkb1:amd64 (1.15-1ubuntu2) ...
2026-10-07T22:22:16.0002999Z Setting up xtrans-dev (1.4.0-1) ...
2026-10-07T22:22:16.0022440Z Setting up libwayland-bin (1.22.0-2.1build1) ...
2026-10-07T22:22:16.0040216Z Setting up libva2:amd64 (2.20.0-2ubuntu0.2) ...
2026-10-07T22:22:16.0063050Z Setting up libfreetype6:amd64 (2.13.2+dfsg-1ubuntu0.2) ...
2026-10-07T22:22:16.0080813Z Setting up libspa-0.2-modules:amd64 (1.0.5-1ubuntu3.3) ...
2026-10-07T22:22:16.0098961Z Setting up uuid-dev:amd64 (2.39.3-9ubuntu6.6) ...
2026-10-07T22:22:16.0116492Z Setting up clang (1:18.0-59~exp2) ...
2026-10-07T22:22:16.0343479Z Setting up llvm-runtime:amd64 (1:18.0-59~exp2) ...
2026-10-07T22:22:16.0359755Z Setting up libasm1t64:amd64 (0.190-1.1ubuntu0.1) ...
2026-10-07T22:22:16.0382497Z Setting up libopus0:amd64 (1.4-1build1) ...
2026-10-07T22:22:16.0401557Z Setting up libxkbcommon-x11-0:amd64 (1.6.0-1build1) ...
2026-10-07T22:22:16.0421086Z Setting up intel-media-va-driver:amd64 (24.1.0+dfsg1-1ubuntu0.2) ...
2026-10-07T22:22:16.0438509Z Setting up libjsoncpp25:amd64 (1.9.5-6build1) ...
2026-10-07T22:22:16.0463582Z Setting up llvm (1:18.0-59~exp2) ...
2026-10-07T22:22:16.0480418Z Setting up libsepol-dev:amd64 (3.5-2build1) ...
2026-10-07T22:22:16.0496319Z Setting up libssh2-1-dev:amd64 (1.11.0-4.1ubuntu0.24.04.4) ...
2026-10-07T22:22:16.0513502Z Setting up libset-scalar-perl (1.29-3) ...
2026-10-07T22:22:16.0542598Z Setting up libva-wayland2:amd64 (2.20.0-2ubuntu0.2) ...
2026-10-07T22:22:16.0565177Z Setting up musl:amd64 (1.2.4-2) ...
2026-10-07T22:22:16.0594776Z Setting up libva-drm2:amd64 (2.20.0-2ubuntu0.2) ...
2026-10-07T22:22:16.0612527Z Setting up libasyncns0:amd64 (0.8-6build4) ...
2026-10-07T22:22:16.0629810Z Setting up librhash0:amd64 (1.4.3-3build1) ...
2026-10-07T22:22:16.0649166Z Setting up libspeexdsp1:amd64 (1.2.1-1ubuntu3) ...
2026-10-07T22:22:16.0665594Z Setting up build-essential (12.10ubuntu1) ...
2026-10-07T22:22:16.0682704Z Setting up xorg-sgml-doctools (1:1.11-1.1) ...
2026-10-07T22:22:16.0701060Z Setting up cmake-data (3.28.3-1build7) ...
2026-10-07T22:22:16.0765188Z Setting up libflac12t64:amd64 (1.4.3+ds-2.1ubuntu2) ...
2026-10-07T22:22:16.0788433Z Setting up mesa-va-drivers:amd64 (25.2.8-0ubuntu0.24.04.4) ...
2026-10-07T22:22:16.0805483Z Setting up glib-networking-common (2.80.0-1build1) ...
2026-10-07T22:22:16.0822206Z Setting up libasound2-dev:amd64 (1.2.11-1ubuntu0.3) ...
2026-10-07T22:22:16.0841375Z Setting up libva-x11-2:amd64 (2.20.0-2ubuntu0.2) ...
2026-10-07T22:22:16.0858913Z Setting up libva-glx2:amd64 (2.20.0-2ubuntu0.2) ...
2026-10-07T22:22:16.0877327Z Setting up libpipewire-0.3-0t64:amd64 (1.0.5-1ubuntu3.3) ...
2026-10-07T22:22:16.0897497Z Setting up libbrotli-dev:amd64 (1.1.0-2build2) ...
2026-10-07T22:22:16.0915031Z Setting up libmp3lame0:amd64 (3.100-6build1) ...
2026-10-07T22:22:16.0935759Z Setting up i965-va-driver:amd64 (2.4.1+dfsg1-1ubuntu0.2) ...
2026-10-07T22:22:16.0954517Z Setting up libhttp-parser2.9:amd64 (2.9.4-6build1) ...
2026-10-07T22:22:16.0971886Z Setting up libvorbisenc2:amd64 (1.3.7-1build3) ...
2026-10-07T22:22:16.0989703Z Setting up libbz2-dev:amd64 (1.0.8-5.1ubuntu0.1) ...
2026-10-07T22:22:16.1011080Z Setting up gsettings-desktop-schemas (46.1-0ubuntu1) ...
2026-10-07T22:22:16.1032152Z Setting up glib-networking-services (2.80.0-1build1) ...
2026-10-07T22:22:16.1050947Z Setting up libblkid-dev:amd64 (2.39.3-9ubuntu6.6) ...
2026-10-07T22:22:16.1078760Z Setting up libhttp-parser-dev:amd64 (2.9.4-6build1) ...
2026-10-07T22:22:16.1096749Z Setting up elfutils (0.190-1.1ubuntu0.1) ...
2026-10-07T22:22:16.1115749Z Setting up xdg-desktop-portal (1.18.4-1ubuntu2.24.04.3) ...
2026-10-07T22:22:16.2185623Z Created symlink /etc/systemd/user/graphical-session-pre.target.wants/xdg-desktop-portal-rewrite-launchers.service → /usr/lib/systemd/user/xdg-desktop-portal-rewrite-launchers.service.
2026-10-07T22:22:16.2187023Z 
2026-10-07T22:22:16.2211594Z Setting up libwireplumber-0.4-0:amd64 (0.4.17-1ubuntu4.1) ...
2026-10-07T22:22:16.2232910Z Setting up libselinux1-dev:amd64 (3.5-2ubuntu2.1) ...
2026-10-07T22:22:16.2250514Z Setting up libroc0.3:amd64 (0.3.0+dfsg-7ubuntu2) ...
2026-10-07T22:22:16.2271984Z Setting up libwayland-dev:amd64 (1.22.0-2.1build1) ...
2026-10-07T22:22:16.2290998Z Setting up libfreetype-dev:amd64 (2.13.2+dfsg-1ubuntu0.2) ...
2026-10-07T22:22:16.2308656Z Setting up libva-dev:amd64 (2.20.0-2ubuntu0.2) ...
2026-10-07T22:22:16.2328380Z Setting up musl-dev:amd64 (1.2.4-2) ...
2026-10-07T22:22:16.2359288Z Setting up va-driver-all:amd64 (2.20.0-2ubuntu0.2) ...
2026-10-07T22:22:16.2379391Z Setting up cmake (3.28.3-1build7) ...
2026-10-07T22:22:16.2398235Z Setting up libgit2-1.7:amd64 (1.7.2+ds-1ubuntu3.2) ...
2026-10-07T22:22:16.2416943Z Setting up libsndfile1:amd64 (1.2.2-1ubuntu5.24.04.1) ...
2026-10-07T22:22:16.2460694Z Setting up libmount-dev:amd64 (2.39.3-9ubuntu6.6) ...
2026-10-07T22:22:16.2478635Z Setting up libgit2-dev:amd64 (1.7.2+ds-1ubuntu3.2) ...
2026-10-07T22:22:16.2499515Z Setting up libpulse0:amd64 (1:16.1+dfsg1-2ubuntu10.1) ...
2026-10-07T22:22:16.2570412Z Setting up libfontconfig-dev:amd64 (2.15.0-1.1ubuntu2) ...
2026-10-07T22:22:16.2591099Z Setting up musl-tools (1.2.4-2) ...
2026-10-07T22:22:16.2608582Z Setting up libglib2.0-dev:amd64 (2.80.0-6ubuntu3.9) ...
2026-10-07T22:22:16.2771092Z Processing triggers for sgml-base (1.31) ...
2026-10-07T22:22:16.3262103Z Processing triggers for install-info (7.1-3build2) ...
2026-10-07T22:22:16.7087510Z Setting up x11proto-dev (2023.2-1) ...
2026-10-07T22:22:16.7108636Z Setting up libxau-dev:amd64 (1:1.0.9-1build6) ...
2026-10-07T22:22:16.7129888Z Processing triggers for libc-bin (2.39-0ubuntu8.9) ...
2026-10-07T22:22:16.7491736Z Processing triggers for man-db (2.12.0-4build2) ...
2026-10-07T22:22:16.7512042Z Not building database; man-db/auto-update is not 'true'.
2026-10-07T22:22:16.7533975Z Setting up libxdmcp-dev:amd64 (1:1.1.3-0ubuntu6) ...
2026-10-07T22:22:16.7552610Z Processing triggers for libglib2.0-0t64:amd64 (2.80.0-6ubuntu3.9) ...
2026-10-07T22:22:16.8068905Z Processing triggers for dbus (1.14.10-4ubuntu4.1) ...
2026-10-07T22:22:16.8293548Z Setting up glib-networking:amd64 (2.80.0-1build1) ...
2026-10-07T22:22:16.8325923Z Setting up libxcb1-dev:amd64 (1.15-1ubuntu2) ...
2026-10-07T22:22:16.8345311Z Setting up libxcb-xkb-dev:amd64 (1.15-1ubuntu2) ...
2026-10-07T22:22:16.8369687Z Setting up libsoup-3.0-0:amd64 (3.4.4-5ubuntu0.9) ...
2026-10-07T22:22:16.8391986Z Setting up libx11-dev:amd64 (2:1.8.7-1build1) ...
2026-10-07T22:22:16.8440464Z Setting up libsnapd-glib-2-1:amd64 (1.64-0ubuntu5) ...
2026-10-07T22:22:16.8477526Z Setting up libxkbcommon-x11-dev:amd64 (1.6.0-1build1) ...
2026-10-07T22:22:16.8496767Z Setting up libx11-xcb-dev:amd64 (2:1.8.7-1build1) ...
2026-10-07T22:22:16.8526326Z Setting up libpipewire-0.3-modules:amd64 (1.0.5-1ubuntu3.3) ...
2026-10-07T22:22:16.8571964Z Setting up pipewire-bin (1.0.5-1ubuntu3.3) ...
2026-10-07T22:22:16.9147163Z Setting up pipewire:amd64 (1.0.5-1ubuntu3.3) ...
2026-10-07T22:22:17.0704955Z Created symlink /etc/systemd/user/default.target.wants/filter-chain.service → /usr/lib/systemd/user/filter-chain.service.
2026-10-07T22:22:17.0705773Z 
2026-10-07T22:22:17.0706550Z Created symlink /etc/systemd/user/sockets.target.wants/pipewire.socket → /usr/lib/systemd/user/pipewire.socket.
2026-10-07T22:22:17.0707310Z 
2026-10-07T22:22:17.1897511Z Created symlink /etc/systemd/user/default.target.wants/pipewire.service → /usr/lib/systemd/user/pipewire.service.
2026-10-07T22:22:17.1898101Z 
2026-10-07T22:22:17.2982292Z Setting up wireplumber (0.4.17-1ubuntu4.1) ...
2026-10-07T22:22:17.4037327Z Created symlink /etc/systemd/user/pipewire.service.wants/wireplumber.service → /usr/lib/systemd/user/wireplumber.service.
2026-10-07T22:22:17.4038060Z 
2026-10-07T22:22:17.4791061Z Setting up pipewire-pulse (1.0.5-1ubuntu3.3) ...
2026-10-07T22:22:17.5849776Z Created symlink /etc/systemd/user/default.target.wants/pipewire-pulse.service → /usr/lib/systemd/user/pipewire-pulse.service.
2026-10-07T22:22:17.5850494Z 
2026-10-07T22:22:17.5851350Z Created symlink /etc/systemd/user/sockets.target.wants/pipewire-pulse.socket → /usr/lib/systemd/user/pipewire-pulse.socket.
2026-10-07T22:22:17.5852309Z 
2026-10-07T22:22:17.6937178Z Processing triggers for libc-bin (2.39-0ubuntu8.9) ...
2026-10-07T22:22:18.3561460Z 
2026-10-07T22:22:18.3562154Z Running kernel seems to be up-to-date.
2026-10-07T22:22:18.3562635Z 
2026-10-07T22:22:18.3562816Z Restarting services...
2026-10-07T22:22:18.3643492Z  systemctl restart php8.3-fpm.service
2026-10-07T22:22:18.4703841Z 
2026-10-07T22:22:18.4704969Z No containers need to be restarted.
2026-10-07T22:22:18.4705570Z 
2026-10-07T22:22:18.4705892Z No user sessions are running outdated binaries.
2026-10-07T22:22:18.4706384Z 
2026-10-07T22:22:18.4706872Z No VM guests are running outdated hypervisor (qemu) binaries on this host.
2026-10-07T22:22:19.3533517Z + finalize
2026-10-07T22:22:19.3533864Z + which rustup
2026-10-07T22:22:19.3544726Z + cat
2026-10-07T22:22:19.3554678Z Finished installing Linux dependencies with script/linux
2026-10-07T22:22:19.3556209Z + exit 0
2026-10-07T22:22:19.3610216Z ##[group]Run sudo apt-get update
2026-10-07T22:22:19.3610727Z [36;1msudo apt-get update[0m
2026-10-07T22:22:19.3611283Z [36;1msudo apt-get install -y libvulkan1 mesa-vulkan-drivers[0m
2026-10-07T22:22:19.3612150Z [36;1mvulkan_icd="$(find /usr/share/vulkan/icd.d -name 'lvp_icd*.json' -print -quit)"[0m
2026-10-07T22:22:19.3612898Z [36;1mtest -n "$vulkan_icd"[0m
2026-10-07T22:22:19.3613914Z [36;1mecho "VK_DRIVER_FILES=$vulkan_icd" >> "$GITHUB_ENV"[0m
2026-10-07T22:22:19.3712239Z shell: /usr/bin/bash --noprofile --norc -e -o pipefail {0}
2026-10-07T22:22:19.3712825Z env:
2026-10-07T22:22:19.3713472Z   CARGO_TERM_COLOR: always
2026-10-07T22:22:19.3713903Z   CARGO_INCREMENTAL: 0
2026-10-07T22:22:19.3714301Z   CARGO_PROFILE_DEV_DEBUG: 0
2026-10-07T22:22:19.3714757Z   CARGO_PROFILE_DEV_BUILD_OVERRIDE_DEBUG: 0
2026-10-07T22:22:19.3715249Z   RUST_BACKTRACE: 1
2026-10-07T22:22:19.3715612Z   CC: clang
2026-10-07T22:22:19.3715929Z   CXX: clang++
2026-10-07T22:22:19.3716330Z   WGPU_BACKEND: vulkan
2026-10-07T22:22:19.3716704Z   CI_TEST_FILTER: 
2026-10-07T22:22:19.3717047Z   CI_TEST_MODE: full
2026-10-07T22:22:19.3717401Z   CARGO_BUILD_JOBS: 4
2026-10-07T22:22:19.3717766Z   CI_TEST_THREADS: 4
2026-10-07T22:22:19.3718118Z ##[endgroup]
2026-10-07T22:22:19.4432325Z Get:1 file:/etc/apt/apt-mirrors.txt Mirrorlist [144 B]
2026-10-07T22:22:19.4751954Z Hit:6 https://packages.microsoft.com/ubuntu/24.04/prod noble InRelease
2026-10-07T22:22:19.6072022Z Hit:2 http://azure.archive.ubuntu.com/ubuntu noble InRelease
2026-10-07T22:22:19.6077902Z Hit:3 http://azure.archive.ubuntu.com/ubuntu noble-updates InRelease
2026-10-07T22:22:19.6082149Z Hit:4 http://azure.archive.ubuntu.com/ubuntu noble-backports InRelease
2026-10-07T22:22:19.6088784Z Hit:5 http://azure.archive.ubuntu.com/ubuntu noble-security InRelease
2026-10-07T22:22:20.7634413Z Reading package lists...
2026-10-07T22:22:20.7922004Z Reading package lists...
2026-10-07T22:22:20.9724427Z Building dependency tree...
2026-10-07T22:22:20.9732925Z Reading state information...
2026-10-07T22:22:21.1221320Z libvulkan1 is already the newest version (1.3.275.0-1build1).
2026-10-07T22:22:21.1221825Z The following NEW packages will be installed:
2026-10-07T22:22:21.1222572Z   mesa-vulkan-drivers
2026-10-07T22:22:21.1382716Z 0 upgraded, 1 newly installed, 0 to remove and 10 not upgraded.
2026-10-07T22:22:21.1383517Z Need to get 17.5 MB of archives.
2026-10-07T22:22:21.1383941Z After this operation, 98.5 MB of additional disk space will be used.
2026-10-07T22:22:21.1384432Z Get:1 file:/etc/apt/apt-mirrors.txt Mirrorlist [144 B]
2026-10-07T22:22:21.2890648Z Get:2 http://azure.archive.ubuntu.com/ubuntu noble-updates/main amd64 mesa-vulkan-drivers amd64 25.2.8-0ubuntu0.24.04.4 [17.5 MB]
2026-10-07T22:22:22.3377481Z Fetched 17.5 MB in 1s (18.4 MB/s)
2026-10-07T22:22:22.3568176Z Selecting previously unselected package mesa-vulkan-drivers:amd64.
2026-10-07T22:22:22.3628559Z (Reading database ... 
2026-10-07T22:22:22.3629237Z (Reading database ... 5%
2026-10-07T22:22:22.3629798Z (Reading database ... 10%
2026-10-07T22:22:22.3630322Z (Reading database ... 15%
2026-10-07T22:22:22.3630788Z (Reading database ... 20%
2026-10-07T22:22:22.3631334Z (Reading database ... 25%
2026-10-07T22:22:22.3631849Z (Reading database ... 30%
2026-10-07T22:22:22.3632339Z (Reading database ... 35%
2026-10-07T22:22:22.3632646Z (Reading database ... 40%
2026-10-07T22:22:22.3632952Z (Reading database ... 45%
2026-10-07T22:22:22.3633629Z (Reading database ... 50%
2026-10-07T22:22:22.3649081Z (Reading database ... 55%
2026-10-07T22:22:22.3759406Z (Reading database ... 60%
2026-10-07T22:22:22.3785916Z (Reading database ... 65%
2026-10-07T22:22:22.3808202Z (Reading database ... 70%
2026-10-07T22:22:22.3846956Z (Reading database ... 75%
2026-10-07T22:22:22.3876716Z (Reading database ... 80%
2026-10-07T22:22:22.4017282Z (Reading database ... 85%
2026-10-07T22:22:22.4227652Z (Reading database ... 90%
2026-10-07T22:22:22.4316818Z (Reading database ... 95%
2026-10-07T22:22:22.4317926Z (Reading database ... 100%
2026-10-07T22:22:22.4318517Z (Reading database ... 209480 files and directories currently installed.)
2026-10-07T22:22:22.4369568Z Preparing to unpack .../mesa-vulkan-drivers_25.2.8-0ubuntu0.24.04.4_amd64.deb ...
2026-10-07T22:22:22.4405717Z Unpacking mesa-vulkan-drivers:amd64 (25.2.8-0ubuntu0.24.04.4) ...
2026-10-07T22:22:22.7637811Z Setting up mesa-vulkan-drivers:amd64 (25.2.8-0ubuntu0.24.04.4) ...
2026-10-07T22:22:22.7657284Z Processing triggers for libc-bin (2.39-0ubuntu8.9) ...
2026-10-07T22:22:23.3301573Z 
2026-10-07T22:22:23.3302205Z Running kernel seems to be up-to-date.
2026-10-07T22:22:23.3302805Z 
2026-10-07T22:22:23.3302992Z No services need to be restarted.
2026-10-07T22:22:23.3303564Z 
2026-10-07T22:22:23.3303737Z No containers need to be restarted.
2026-10-07T22:22:23.3304032Z 
2026-10-07T22:22:23.3304293Z No user sessions are running outdated binaries.
2026-10-07T22:22:23.3304655Z 
2026-10-07T22:22:23.3305022Z No VM guests are running outdated hypervisor (qemu) binaries on this host.
2026-10-07T22:22:24.1850441Z ##[group]Run rustup show active-toolchain
2026-10-07T22:22:24.1851018Z [36;1mrustup show active-toolchain[0m
2026-10-07T22:22:24.1948397Z shell: /usr/bin/bash --noprofile --norc -e -o pipefail {0}
2026-10-07T22:22:24.1948987Z env:
2026-10-07T22:22:24.1949330Z   CARGO_TERM_COLOR: always
2026-10-07T22:22:24.1949749Z   CARGO_INCREMENTAL: 0
2026-10-07T22:22:24.1950145Z   CARGO_PROFILE_DEV_DEBUG: 0
2026-10-07T22:22:24.1950912Z   CARGO_PROFILE_DEV_BUILD_OVERRIDE_DEBUG: 0
2026-10-07T22:22:24.1951416Z   RUST_BACKTRACE: 1
2026-10-07T22:22:24.1951774Z   CC: clang
2026-10-07T22:22:24.1952087Z   CXX: clang++
2026-10-07T22:22:24.1952434Z   WGPU_BACKEND: vulkan
2026-10-07T22:22:24.1952809Z   CI_TEST_FILTER: 
2026-10-07T22:22:24.1953493Z   CI_TEST_MODE: full
2026-10-07T22:22:24.1953879Z   CARGO_BUILD_JOBS: 4
2026-10-07T22:22:24.1954259Z   CI_TEST_THREADS: 4
2026-10-07T22:22:24.1954728Z   VK_DRIVER_FILES: /usr/share/vulkan/icd.d/lvp_icd.json
2026-10-07T22:22:24.1955268Z ##[endgroup]
2026-10-07T22:22:24.3497111Z info: syncing channel updates for 1.98.1-x86_64-unknown-linux-gnu
2026-10-07T22:22:24.4640401Z info: latest update on 2026-09-03 for version 1.98.1 (48a229cea 2026-09-01)
2026-10-07T22:22:24.4643163Z info: downloading 10 components
2026-10-07T22:22:39.0329489Z warn: the missing active toolchain `1.98.1-x86_64-unknown-linux-gnu` has been auto-installed
2026-10-07T22:22:39.0330428Z warn: auto-installation is deprecated for most `rustup` commands
2026-10-07T22:22:39.0331264Z warn: scripts relying on this behavior in `rustup` may stop working in the future
2026-10-07T22:22:39.0332048Z warn: to install the active toolchain, use `rustup install` instead
2026-10-07T22:22:39.0332824Z warn: see <https://github.com/rust-lang/rustup/issues/4836> for more info
2026-10-07T22:22:39.0333998Z 1.98.1-x86_64-unknown-linux-gnu (overridden by '/home/runner/work/koda/koda/rust-toolchain.toml')
2026-10-07T22:22:39.2150567Z ##[group]Run actions/cache/restore@0057852bfaa89a56745cba8c7296529d2fc39830
2026-10-07T22:22:39.2151004Z with:
2026-10-07T22:22:39.2151309Z   path: .ci-cache/cargo-sources/registry
.ci-cache/cargo-sources/git

2026-10-07T22:22:39.2151708Z   enableCrossOsArchive: true
2026-10-07T22:22:39.2152516Z   key: fork-ci-source-v3-shared-eff68d54502d28a838f84354ec306df7a6499991c0c1d8518658bc8ecc2758fa-62433dcec7df1eda715520c2f18b1f29c6d8044897077192799fc2bdd7cd0f98
2026-10-07T22:22:39.2153996Z   restore-keys: fork-ci-source-v3-shared-eff68d54502d28a838f84354ec306df7a6499991c0c1d8518658bc8ecc2758fa-
2026-10-07T22:22:39.2154584Z   fail-on-cache-miss: false
2026-10-07T22:22:39.2154827Z   lookup-only: false
2026-10-07T22:22:39.2155035Z env:
2026-10-07T22:22:39.2155220Z   CARGO_TERM_COLOR: always
2026-10-07T22:22:39.2155450Z   CARGO_INCREMENTAL: 0
2026-10-07T22:22:39.2155671Z   CARGO_PROFILE_DEV_DEBUG: 0
2026-10-07T22:22:39.2155933Z   CARGO_PROFILE_DEV_BUILD_OVERRIDE_DEBUG: 0
2026-10-07T22:22:39.2156249Z   RUST_BACKTRACE: 1
2026-10-07T22:22:39.2156457Z   CC: clang
2026-10-07T22:22:39.2156638Z   CXX: clang++
2026-10-07T22:22:39.2156830Z   WGPU_BACKEND: vulkan
2026-10-07T22:22:39.2157046Z   CI_TEST_FILTER: 
2026-10-07T22:22:39.2157245Z   CI_TEST_MODE: full
2026-10-07T22:22:39.2157450Z   CARGO_BUILD_JOBS: 4
2026-10-07T22:22:39.2157668Z   CI_TEST_THREADS: 4
2026-10-07T22:22:39.2157933Z   VK_DRIVER_FILES: /usr/share/vulkan/icd.d/lvp_icd.json
2026-10-07T22:22:39.2158242Z ##[endgroup]
2026-10-07T22:22:39.3237283Z (node:5857) [DEP0040] DeprecationWarning: The `punycode` module is deprecated. Please use a userland alternative instead.
2026-10-07T22:22:39.3238327Z (Use `node --trace-deprecation ...` to show where the warning was created)
2026-10-07T22:22:39.5855808Z Cache not found for input keys: fork-ci-source-v3-shared-eff68d54502d28a838f84354ec306df7a6499991c0c1d8518658bc8ecc2758fa-62433dcec7df1eda715520c2f18b1f29c6d8044897077192799fc2bdd7cd0f98, fork-ci-source-v3-shared-eff68d54502d28a838f84354ec306df7a6499991c0c1d8518658bc8ecc2758fa-
2026-10-07T22:22:39.7143872Z ##[group]Run actions/cache/restore@0057852bfaa89a56745cba8c7296529d2fc39830
2026-10-07T22:22:39.7144462Z with:
2026-10-07T22:22:39.7144752Z   path: ~/.cargo/registry
~/.cargo/git

2026-10-07T22:22:39.7145929Z   key: fork-ci-source-v2-Linux-X64-eff68d54502d28a838f84354ec306df7a6499991c0c1d8518658bc8ecc2758fa-62433dcec7df1eda715520c2f18b1f29c6d8044897077192799fc2bdd7cd0f98
2026-10-07T22:22:39.7147141Z   restore-keys: fork-ci-source-v2-Linux-X64-
2026-10-07T22:22:39.7147556Z   enableCrossOsArchive: false
2026-10-07T22:22:39.7148132Z   fail-on-cache-miss: false
2026-10-07T22:22:39.7148453Z   lookup-only: false
2026-10-07T22:22:39.7148737Z env:
2026-10-07T22:22:39.7148988Z   CARGO_TERM_COLOR: always
2026-10-07T22:22:39.7149300Z   CARGO_INCREMENTAL: 0
2026-10-07T22:22:39.7149606Z   CARGO_PROFILE_DEV_DEBUG: 0
2026-10-07T22:22:39.7149970Z   CARGO_PROFILE_DEV_BUILD_OVERRIDE_DEBUG: 0
2026-10-07T22:22:39.7150359Z   RUST_BACKTRACE: 1
2026-10-07T22:22:39.7150629Z   CC: clang
2026-10-07T22:22:39.7150914Z   CXX: clang++
2026-10-07T22:22:39.7151179Z   WGPU_BACKEND: vulkan
2026-10-07T22:22:39.7151464Z   CI_TEST_FILTER: 
2026-10-07T22:22:39.7151686Z   CI_TEST_MODE: full
2026-10-07T22:22:39.7151912Z   CARGO_BUILD_JOBS: 4
2026-10-07T22:22:39.7152134Z   CI_TEST_THREADS: 4
2026-10-07T22:22:39.7152413Z   VK_DRIVER_FILES: /usr/share/vulkan/icd.d/lvp_icd.json
2026-10-07T22:22:39.7152753Z ##[endgroup]
2026-10-07T22:22:39.8254172Z (node:5892) [DEP0040] DeprecationWarning: The `punycode` module is deprecated. Please use a userland alternative instead.
2026-10-07T22:22:39.8255102Z (Use `node --trace-deprecation ...` to show where the warning was created)
2026-10-07T22:22:40.0716470Z Cache not found for input keys: fork-ci-source-v2-Linux-X64-eff68d54502d28a838f84354ec306df7a6499991c0c1d8518658bc8ecc2758fa-62433dcec7df1eda715520c2f18b1f29c6d8044897077192799fc2bdd7cd0f98, fork-ci-source-v2-Linux-X64-
2026-10-07T22:22:40.3742510Z ##[group]Run actions/cache/restore@0057852bfaa89a56745cba8c7296529d2fc39830
2026-10-07T22:22:40.3743402Z with:
2026-10-07T22:22:40.3746717Z   path: target/debug/.fingerprint
target/debug/build
target/debug/deps/*.rlib
target/debug/deps/*.rmeta
target/debug/deps/*.so
target/debug/deps/*.a
target/debug/deps/*.d
extensions/test-extension/target/debug/.fingerprint
extensions/test-extension/target/debug/build
extensions/test-extension/target/debug/deps/*.rlib
extensions/test-extension/target/debug/deps/*.rmeta
extensions/test-extension/target/debug/deps/*.so
extensions/test-extension/target/debug/deps/*.a
extensions/test-extension/target/debug/deps/*.d
extensions/test-extension/target/wasm32-wasip2/debug/.fingerprint
extensions/test-extension/target/wasm32-wasip2/debug/build
extensions/test-extension/target/wasm32-wasip2/debug/deps
extensions/test-extension/target/wasm32-wasip2/debug/*.wasm

2026-10-07T22:22:40.3751220Z   key: fork-ci-build-v2-Linux-X64-ubuntu24.04-dev-debug0-eff68d54502d28a838f84354ec306df7a6499991c0c1d8518658bc8ecc2758fa-62433dcec7df1eda715520c2f18b1f29c6d8044897077192799fc2bdd7cd0f98-ed7040f650a01d31eb32eac68a623ce45b7a77e8
2026-10-07T22:22:40.3754082Z   restore-keys: fork-ci-build-v2-Linux-X64-ubuntu24.04-dev-debug0-eff68d54502d28a838f84354ec306df7a6499991c0c1d8518658bc8ecc2758fa-62433dcec7df1eda715520c2f18b1f29c6d8044897077192799fc2bdd7cd0f98-
fork-ci-build-v2-Linux-X64-ubuntu24.04-dev-debug0-eff68d54502d28a838f84354ec306df7a6499991c0c1d8518658bc8ecc2758fa-

2026-10-07T22:22:40.3755609Z   enableCrossOsArchive: false
2026-10-07T22:22:40.3755874Z   fail-on-cache-miss: false
2026-10-07T22:22:40.3756120Z   lookup-only: false
2026-10-07T22:22:40.3756323Z env:
2026-10-07T22:22:40.3756510Z   CARGO_TERM_COLOR: always
2026-10-07T22:22:40.3756740Z   CARGO_INCREMENTAL: 0
2026-10-07T22:22:40.3756967Z   CARGO_PROFILE_DEV_DEBUG: 0
2026-10-07T22:22:40.3757225Z   CARGO_PROFILE_DEV_BUILD_OVERRIDE_DEBUG: 0
2026-10-07T22:22:40.3757503Z   RUST_BACKTRACE: 1
2026-10-07T22:22:40.3757707Z   CC: clang
2026-10-07T22:22:40.3757888Z   CXX: clang++
2026-10-07T22:22:40.3758081Z   WGPU_BACKEND: vulkan
2026-10-07T22:22:40.3758292Z   CI_TEST_FILTER: 
2026-10-07T22:22:40.3758494Z   CI_TEST_MODE: full
2026-10-07T22:22:40.3758701Z   CARGO_BUILD_JOBS: 4
2026-10-07T22:22:40.3758907Z   CI_TEST_THREADS: 4
2026-10-07T22:22:40.3759163Z   VK_DRIVER_FILES: /usr/share/vulkan/icd.d/lvp_icd.json
2026-10-07T22:22:40.3759482Z ##[endgroup]
2026-10-07T22:22:40.4816274Z (node:5961) [DEP0040] DeprecationWarning: The `punycode` module is deprecated. Please use a userland alternative instead.
2026-10-07T22:22:40.4817649Z (Use `node --trace-deprecation ...` to show where the warning was created)
2026-10-07T22:22:40.7373724Z Cache not found for input keys: fork-ci-build-v2-Linux-X64-ubuntu24.04-dev-debug0-eff68d54502d28a838f84354ec306df7a6499991c0c1d8518658bc8ecc2758fa-62433dcec7df1eda715520c2f18b1f29c6d8044897077192799fc2bdd7cd0f98-ed7040f650a01d31eb32eac68a623ce45b7a77e8, fork-ci-build-v2-Linux-X64-ubuntu24.04-dev-debug0-eff68d54502d28a838f84354ec306df7a6499991c0c1d8518658bc8ecc2758fa-62433dcec7df1eda715520c2f18b1f29c6d8044897077192799fc2bdd7cd0f98-, fork-ci-build-v2-Linux-X64-ubuntu24.04-dev-debug0-eff68d54502d28a838f84354ec306df7a6499991c0c1d8518658bc8ecc2758fa-
2026-10-07T22:22:40.7468786Z ##[group]Run printf 'Shared source exact hit: %s; shared key: %s; legacy source key: %s; build exact hit: %s; build key: %s\n' \
2026-10-07T22:22:40.7469654Z [36;1mprintf 'Shared source exact hit: %s; shared key: %s; legacy source key: %s; build exact hit: %s; build key: %s\n' \[0m
2026-10-07T22:22:40.7470353Z [36;1m  "$SOURCE_CACHE_HIT" "$SOURCE_CACHE_KEY" "$LEGACY_SOURCE_CACHE_KEY" \[0m
2026-10-07T22:22:40.7470902Z [36;1m  "$BUILD_CACHE_HIT" "$BUILD_CACHE_KEY" | tee -a "$GITHUB_STEP_SUMMARY"[0m
2026-10-07T22:22:40.7537394Z shell: /usr/bin/bash --noprofile --norc -e -o pipefail {0}
2026-10-07T22:22:40.7537813Z env:
2026-10-07T22:22:40.7538050Z   CARGO_TERM_COLOR: always
2026-10-07T22:22:40.7538343Z   CARGO_INCREMENTAL: 0
2026-10-07T22:22:40.7538626Z   CARGO_PROFILE_DEV_DEBUG: 0
2026-10-07T22:22:40.7538961Z   CARGO_PROFILE_DEV_BUILD_OVERRIDE_DEBUG: 0
2026-10-07T22:22:40.7539316Z   RUST_BACKTRACE: 1
2026-10-07T22:22:40.7539572Z   CC: clang
2026-10-07T22:22:40.7539828Z   CXX: clang++
2026-10-07T22:22:40.7540080Z   WGPU_BACKEND: vulkan
2026-10-07T22:22:40.7540345Z   CI_TEST_FILTER: 
2026-10-07T22:22:40.7540591Z   CI_TEST_MODE: full
2026-10-07T22:22:40.7540849Z   CARGO_BUILD_JOBS: 4
2026-10-07T22:22:40.7541108Z   CI_TEST_THREADS: 4
2026-10-07T22:22:40.7541428Z   VK_DRIVER_FILES: /usr/share/vulkan/icd.d/lvp_icd.json
2026-10-07T22:22:40.7541813Z   SOURCE_CACHE_HIT: 
2026-10-07T22:22:40.7542117Z   SOURCE_CACHE_KEY: 
2026-10-07T22:22:40.7542377Z   LEGACY_SOURCE_CACHE_KEY: 
2026-10-07T22:22:40.7542660Z   BUILD_CACHE_HIT: 
2026-10-07T22:22:40.7542907Z   BUILD_CACHE_KEY: 
2026-10-07T22:22:40.7543434Z ##[endgroup]
2026-10-07T22:22:40.7636602Z Shared source exact hit: ; shared key: ; legacy source key: ; build exact hit: ; build key: 
2026-10-07T22:22:40.7699708Z ##[group]Run actions/setup-node@48b55a011bda9f5d6aeb4c2d9c7362e8dae4041e
2026-10-07T22:22:40.7700098Z with:
2026-10-07T22:22:40.7700283Z   node-version: 24
2026-10-07T22:22:40.7700509Z   package-manager-cache: false
2026-10-07T22:22:40.7700750Z   check-latest: false
2026-10-07T22:22:40.7702890Z   token: ***
2026-10-07T22:22:40.7703076Z env:
2026-10-07T22:22:40.7703475Z   CARGO_TERM_COLOR: always
2026-10-07T22:22:40.7703701Z   CARGO_INCREMENTAL: 0
2026-10-07T22:22:40.7703922Z   CARGO_PROFILE_DEV_DEBUG: 0
2026-10-07T22:22:40.7704171Z   CARGO_PROFILE_DEV_BUILD_OVERRIDE_DEBUG: 0
2026-10-07T22:22:40.7704441Z   RUST_BACKTRACE: 1
2026-10-07T22:22:40.7704643Z   CC: clang
2026-10-07T22:22:40.7704813Z   CXX: clang++
2026-10-07T22:22:40.7705000Z   WGPU_BACKEND: vulkan
2026-10-07T22:22:40.7705202Z   CI_TEST_FILTER: 
2026-10-07T22:22:40.7705393Z   CI_TEST_MODE: full
2026-10-07T22:22:40.7705589Z   CARGO_BUILD_JOBS: 4
2026-10-07T22:22:40.7705797Z   CI_TEST_THREADS: 4
2026-10-07T22:22:40.7706073Z   VK_DRIVER_FILES: /usr/share/vulkan/icd.d/lvp_icd.json
2026-10-07T22:22:40.7706368Z ##[endgroup]
2026-10-07T22:22:40.9320941Z Found in cache @ /opt/hostedtoolcache/node/24.21.0/x64
2026-10-07T22:22:40.9332768Z ##[group]Environment details
2026-10-07T22:22:41.3186565Z node: v24.21.0
2026-10-07T22:22:41.3186994Z npm: 11.19.0
2026-10-07T22:22:41.3187208Z yarn: 1.22.22
2026-10-07T22:22:41.3187694Z ##[endgroup]
2026-10-07T22:22:41.3401768Z ##[group]Run taiki-e/install-action@a6b2e2dcd845ddd7f509ce4f3ed3d922b80cc5d9
2026-10-07T22:22:41.3402187Z with:
2026-10-07T22:22:41.3402384Z   tool: nextest
2026-10-07T22:22:41.3402578Z   checksum: true
2026-10-07T22:22:41.3402976Z   fallback: cargo-binstall
2026-10-07T22:22:41.3403536Z env:
2026-10-07T22:22:41.3403728Z   CARGO_TERM_COLOR: always
2026-10-07T22:22:41.3403963Z   CARGO_INCREMENTAL: 0
2026-10-07T22:22:41.3404176Z   CARGO_PROFILE_DEV_DEBUG: 0
2026-10-07T22:22:41.3404423Z   CARGO_PROFILE_DEV_BUILD_OVERRIDE_DEBUG: 0
2026-10-07T22:22:41.3404690Z   RUST_BACKTRACE: 1
2026-10-07T22:22:41.3404882Z   CC: clang
2026-10-07T22:22:41.3405056Z   CXX: clang++
2026-10-07T22:22:41.3405241Z   WGPU_BACKEND: vulkan
2026-10-07T22:22:41.3405441Z   CI_TEST_FILTER: 
2026-10-07T22:22:41.3405631Z   CI_TEST_MODE: full
2026-10-07T22:22:41.3405829Z   CARGO_BUILD_JOBS: 4
2026-10-07T22:22:41.3406026Z   CI_TEST_THREADS: 4
2026-10-07T22:22:41.3406304Z   VK_DRIVER_FILES: /usr/share/vulkan/icd.d/lvp_icd.json
2026-10-07T22:22:41.3406601Z ##[endgroup]
2026-10-07T22:22:41.3464621Z ##[start-action display=Run bail() {;id=__taiki-e_install-action.__run]
2026-10-07T22:22:41.3490343Z ##[group]Run bail() {
2026-10-07T22:22:41.3490595Z [36;1mbail() {[0m
2026-10-07T22:22:41.3490858Z [36;1m  printf '::error::install-action: %s\n' "$*"[0m
2026-10-07T22:22:41.3491155Z [36;1m  exit 1[0m
2026-10-07T22:22:41.3491347Z [36;1m}[0m
2026-10-07T22:22:41.3491697Z [36;1m# If /bin/sh is dash, environment variable containing % is not imported, but is fine[0m
2026-10-07T22:22:41.3492231Z [36;1m# because it also means that it will not be exposed to subprocess.[0m
2026-10-07T22:22:41.3492654Z [36;1mif /usr/bin/env | grep -Eq '^BASH_FUNC_'; then[0m
2026-10-07T22:22:41.3493516Z [36;1m  bail 'bash function injection via BASH_FUNC_ environment variable is not allowed for security reasons'[0m
2026-10-07T22:22:41.3494030Z [36;1mfi[0m
2026-10-07T22:22:41.3494254Z [36;1mif ! command -v bash >/dev/null; then[0m
2026-10-07T22:22:41.3494599Z [36;1m  if grep -Eq '^ID=alpine' /etc/os-release; then[0m
2026-10-07T22:22:41.3495031Z [36;1m    printf '::group::Install packages required for install-action (bash)\n'[0m
2026-10-07T22:22:41.3495480Z [36;1m    # NB: sync with apk_install in main.sh[0m
2026-10-07T22:22:41.3495801Z [36;1m    if command -v sudo >/dev/null; then[0m
2026-10-07T22:22:41.3496106Z [36;1m      sudo apk --no-cache add bash[0m
2026-10-07T22:22:41.3496410Z [36;1m    elif command -v doas >/dev/null; then[0m
2026-10-07T22:22:41.3496716Z [36;1m      doas apk --no-cache add bash[0m
2026-10-07T22:22:41.3496976Z [36;1m    else[0m
2026-10-07T22:22:41.3497180Z [36;1m      apk --no-cache add bash[0m
2026-10-07T22:22:41.3497424Z [36;1m    fi[0m
2026-10-07T22:22:41.3497624Z [36;1m    printf '::endgroup::\n'[0m
2026-10-07T22:22:41.3497862Z [36;1m  else[0m
2026-10-07T22:22:41.3498080Z [36;1m    bail 'this action requires bash'[0m
2026-10-07T22:22:41.3498381Z [36;1m  fi[0m
2026-10-07T22:22:41.3498563Z [36;1mfi[0m
2026-10-07T22:22:41.3498830Z [36;1mbash --noprofile --norc "${GITHUB_ACTION_PATH:?}/main.sh"[0m
2026-10-07T22:22:41.3499928Z shell: /usr/bin/env -u ENV -u BASH_ENV -u CDPATH -u SHELLOPTS -u BASHOPTS /bin/sh -eu {0}
2026-10-07T22:22:41.3500347Z env:
2026-10-07T22:22:41.3500532Z   CARGO_TERM_COLOR: always
2026-10-07T22:22:41.3500755Z   CARGO_INCREMENTAL: 0
2026-10-07T22:22:41.3500977Z   CARGO_PROFILE_DEV_DEBUG: 0
2026-10-07T22:22:41.3501225Z   CARGO_PROFILE_DEV_BUILD_OVERRIDE_DEBUG: 0
2026-10-07T22:22:41.3501492Z   RUST_BACKTRACE: 1
2026-10-07T22:22:41.3501682Z   CC: clang
2026-10-07T22:22:41.3501852Z   CXX: clang++
2026-10-07T22:22:41.3502037Z   WGPU_BACKEND: vulkan
2026-10-07T22:22:41.3502238Z   CI_TEST_FILTER: 
2026-10-07T22:22:41.3502426Z   CI_TEST_MODE: full
2026-10-07T22:22:41.3502625Z   CARGO_BUILD_JOBS: 4
2026-10-07T22:22:41.3502821Z   CI_TEST_THREADS: 4
2026-10-07T22:22:41.3503291Z   VK_DRIVER_FILES: /usr/share/vulkan/icd.d/lvp_icd.json
2026-10-07T22:22:41.3503621Z   INPUT_TOOL: nextest
2026-10-07T22:22:41.3504010Z   INPUT_CHECKSUM: true
2026-10-07T22:22:41.3504242Z   INPUT_FALLBACK: cargo-binstall
2026-10-07T22:22:41.3506511Z   DEFAULT_GITHUB_TOKEN: ***
2026-10-07T22:22:41.3506911Z   ACTION_USER_AGENT: taiki-e/install-action (a6b2e2dcd845ddd7f509ce4f3ed3d922b80cc5d9)
2026-10-07T22:22:41.3507458Z   RUNNER_OS: Linux
2026-10-07T22:22:41.3507657Z   RUNNER_ARCH: X64
2026-10-07T22:22:41.3507850Z ##[endgroup]
2026-10-07T22:22:41.3646613Z info: host platform: x86_64_linux
2026-10-07T22:22:41.3902485Z info: installing cargo-nextest@latest
2026-10-07T22:22:41.4105784Z info: downloading https://github.com/nextest-rs/nextest/releases/download/cargo-nextest-0.9.140/cargo-nextest-0.9.140-x86_64-unknown-linux-gnu.tar.gz
2026-10-07T22:22:41.7304063Z info: verifying sha256 checksum for cargo-nextest-0.9.140-x86_64-unknown-linux-gnu.tar.gz
2026-10-07T22:22:41.9860409Z info: cargo-nextest installed at /home/runner/.cargo/bin/cargo-nextest
2026-10-07T22:22:41.9864190Z + cargo-nextest nextest --version
2026-10-07T22:22:41.9895635Z cargo-nextest 0.9.140 (a9fef2964 2026-07-05)
2026-10-07T22:22:41.9896573Z release: 0.9.140
2026-10-07T22:22:41.9897436Z commit-hash: a9fef2964e34f64ed4fceeee7c0c3559ce560920
2026-10-07T22:22:41.9898278Z commit-date: 2026-07-05
2026-10-07T22:22:41.9898944Z host: x86_64-unknown-linux-gnu
2026-10-07T22:22:41.9899807Z 
2026-10-07T22:22:41.9921662Z ##[end-action id=__taiki-e_install-action.__run;outcome=success;conclusion=success;duration_ms=645]
2026-10-07T22:22:41.9927707Z ##[start-action display=Run Set-StrictMode -Version Latest;id=__taiki-e_install-action.__run_2]
2026-10-07T22:22:41.9932054Z ##[end-action id=__taiki-e_install-action.__run_2;outcome=skipped;conclusion=skipped;duration_ms=0]
2026-10-07T22:22:41.9966948Z ##[group]Run ./script/download-wasi-sdk
2026-10-07T22:22:41.9967299Z [36;1m./script/download-wasi-sdk[0m
2026-10-07T22:22:42.0040866Z shell: /usr/bin/bash --noprofile --norc -e -o pipefail {0}
2026-10-07T22:22:42.0041238Z env:
2026-10-07T22:22:42.0041442Z   CARGO_TERM_COLOR: always
2026-10-07T22:22:42.0041693Z   CARGO_INCREMENTAL: 0
2026-10-07T22:22:42.0041934Z   CARGO_PROFILE_DEV_DEBUG: 0
2026-10-07T22:22:42.0042219Z   CARGO_PROFILE_DEV_BUILD_OVERRIDE_DEBUG: 0
2026-10-07T22:22:42.0042528Z   RUST_BACKTRACE: 1
2026-10-07T22:22:42.0042757Z   CC: clang
2026-10-07T22:22:42.0042947Z   CXX: clang++
2026-10-07T22:22:42.0043423Z   WGPU_BACKEND: vulkan
2026-10-07T22:22:42.0043660Z   CI_TEST_FILTER: 
2026-10-07T22:22:42.0043876Z   CI_TEST_MODE: full
2026-10-07T22:22:42.0044098Z   CARGO_BUILD_JOBS: 4
2026-10-07T22:22:42.0044335Z   CI_TEST_THREADS: 4
2026-10-07T22:22:42.0044618Z   VK_DRIVER_FILES: /usr/share/vulkan/icd.d/lvp_icd.json
2026-10-07T22:22:42.0044965Z ##[endgroup]
2026-10-07T22:22:42.0142339Z WASI SDK not found, downloading v34...
2026-10-07T22:22:42.0172070Z Downloading from: https://github.com/WebAssembly/wasi-sdk/releases/download/wasi-sdk-34/wasi-sdk-34.0-x86_64-linux.tar.gz
2026-10-07T22:22:42.0244371Z   % Total    % Received % Xferd  Average Speed   Time    Time     Time  Current
2026-10-07T22:22:42.0245535Z                                  Dload  Upload   Total   Spent    Left  Speed
2026-10-07T22:22:42.0246132Z 
2026-10-07T22:22:42.2301902Z   0     0    0     0    0     0      0      0 --:--:-- --:--:-- --:--:--     0
2026-10-07T22:22:42.2303009Z   0     0    0     0    0     0      0      0 --:--:-- --:--:-- --:--:--     0
2026-10-07T22:22:42.2508329Z 
2026-10-07T22:22:43.5525315Z   0     0    0     0    0     0      0      0 --:--:-- --:--:-- --:--:--     0
2026-10-07T22:22:44.3422802Z  21  183M   21 39.8M    0     0  26.0M      0  0:00:07  0:00:01  0:00:06 30.6M
2026-10-07T22:22:45.3515838Z  43  183M   43 79.0M    0     0  34.0M      0  0:00:05  0:00:02  0:00:03 37.7M
2026-10-07T22:22:46.2740051Z  69  183M   69  127M    0     0  38.3M      0  0:00:04  0:00:03  0:00:01 41.1M
2026-10-07T22:22:46.6625977Z  90  183M   90  166M    0     0  39.2M      0  0:00:04  0:00:04 --:--:-- 41.4M
2026-10-07T22:22:46.6627346Z 100  183M  100  183M    0     0  39.5M      0  0:00:04  0:00:04 --:--:-- 41.5M
2026-10-07T22:22:46.6765402Z WASI SDK v34 installed successfully
2026-10-07T22:22:46.6816262Z ##[group]Run python3 script/ci-run stage 'Test extension build' -- cargo build --locked --manifest-path extensions/test-extension/Cargo.toml --target wasm32-wasip2 --target-dir extensions/test-extension/target
2026-10-07T22:22:46.6819070Z [36;1mpython3 script/ci-run stage 'Test extension build' -- cargo build --locked --manifest-path extensions/test-extension/Cargo.toml --target wasm32-wasip2 --target-dir extensions/test-extension/target[0m
2026-10-07T22:22:46.6916235Z shell: /usr/bin/bash --noprofile --norc -e -o pipefail {0}
2026-10-07T22:22:46.6916588Z env:
2026-10-07T22:22:46.6916785Z   CARGO_TERM_COLOR: always
2026-10-07T22:22:46.6917028Z   CARGO_INCREMENTAL: 0
2026-10-07T22:22:46.6917260Z   CARGO_PROFILE_DEV_DEBUG: 0
2026-10-07T22:22:46.6917511Z   CARGO_PROFILE_DEV_BUILD_OVERRIDE_DEBUG: 0
2026-10-07T22:22:46.6917786Z   RUST_BACKTRACE: 1
2026-10-07T22:22:46.6917977Z   CC: clang
2026-10-07T22:22:46.6918148Z   CXX: clang++
2026-10-07T22:22:46.6918332Z   WGPU_BACKEND: vulkan
2026-10-07T22:22:46.6918718Z   CI_TEST_FILTER: 
2026-10-07T22:22:46.6919100Z   CI_TEST_MODE: full
2026-10-07T22:22:46.6919471Z   CARGO_BUILD_JOBS: 4
2026-10-07T22:22:46.6919856Z   CI_TEST_THREADS: 4
2026-10-07T22:22:46.6920309Z   VK_DRIVER_FILES: /usr/share/vulkan/icd.d/lvp_icd.json
2026-10-07T22:22:46.6920854Z ##[endgroup]
2026-10-07T22:22:46.9781988Z [1m[92m    Updating[0m git repository `https://github.com/zed-industries/async-process.git`
2026-10-07T22:22:47.6595313Z [1m[92m    Updating[0m git repository `https://github.com/smol-rs/async-task.git`
2026-10-07T22:22:48.1316436Z [1m[92m    Updating[0m git repository `https://github.com/zed-industries/calloop`
2026-10-07T22:22:48.9279121Z [1m[92m    Updating[0m git repository `https://github.com/zed-industries/livekit-rust-sdks`
2026-10-07T22:22:50.4997188Z [1m[92m    Updating[0m git submodule `https://github.com/livekit/protocol`
2026-10-07T22:22:51.8749207Z [1m[92m    Updating[0m git submodule `https://github.com/zed-industries/libyuv`
2026-10-07T22:22:55.7425958Z [1m[92m    Updating[0m git repository `https://github.com/zed-industries/notify`
2026-10-07T22:22:56.4264724Z [1m[92m    Updating[0m git repository `https://github.com/tree-sitter/tree-sitter`
2026-10-07T22:23:00.6464281Z [1m[92m    Updating[0m git repository `https://github.com/zed-industries/windows-capture.git`
2026-10-07T22:23:01.2741641Z [1m[92m    Updating[0m crates.io index
2026-10-07T22:23:01.2756739Z [1m[92m    Updating[0m git repository `https://github.com/proptest-rs/proptest`
2026-10-07T22:23:02.2531104Z [1m[92m    Updating[0m git repository `https://github.com/zed-industries/scap`
2026-10-07T22:23:03.5001960Z [1m[92m    Updating[0m git repository `https://github.com/zed-industries/font-kit`
2026-10-07T22:23:04.1083385Z [1m[92m    Updating[0m git repository `https://github.com/zed-industries/async-tar`
2026-10-07T22:23:05.6557842Z [1m[92m    Updating[0m git repository `https://github.com/zed-industries/wasm_thread`
2026-10-07T22:23:06.0703031Z [1m[92m    Updating[0m git repository `https://github.com/zed-industries/xim-rs.git`
2026-10-07T22:23:06.7825868Z [1m[92m    Updating[0m git repository `https://github.com/zed-industries/reqwest.git`
2026-10-07T22:23:07.5387081Z [1m[92m    Updating[0m git repository `https://github.com/zed-industries/tree-sitter-markdown`
2026-10-07T22:23:12.8084947Z [1m[92m    Updating[0m git repository `https://github.com/zed-industries/tree-sitter-typescript`
2026-10-07T22:23:58.5240453Z [1m[92m    Updating[0m git repository `https://github.com/zed-industries/tree-sitter-heex`
2026-10-07T22:23:58.9120862Z [1m[92m    Updating[0m git repository `https://github.com/zed-industries/trash-rs`
2026-10-07T22:23:59.6660419Z [1m[92m    Updating[0m git repository `https://github.com/tree-sitter/tree-sitter-cpp`
2026-10-07T22:25:34.6963914Z [1m[92m    Updating[0m git repository `https://github.com/zed-industries/tree-sitter-git-commit`
2026-10-07T22:25:35.1812335Z [1m[92m    Updating[0m git repository `https://github.com/camdencheek/tree-sitter-go-mod`
2026-10-07T22:25:35.5634840Z [1m[92m    Updating[0m git repository `https://github.com/zed-industries/tree-sitter-go-work`
2026-10-07T22:25:35.9813785Z [1m[92m    Updating[0m git repository `https://github.com/zed-industries/tree-sitter-yaml`
2026-10-07T22:25:36.6160145Z [1m[92m    Updating[0m git submodule `https://github.com/yaml/yaml-test-suite`
2026-10-07T22:25:37.2352998Z [1m[92m    Updating[0m git repository `https://github.com/zed-industries/async-pipe-rs`
2026-10-07T22:25:37.8085746Z [1m[92m    Updating[0m git repository `https://github.com/zed-industries/lsp-types`
2026-10-07T22:25:38.4417605Z [1m[92m    Updating[0m git repository `https://github.com/zed-industries/dap-types`
2026-10-07T22:25:38.8584434Z [1m[92m    Updating[0m git repository `https://github.com/zed-industries/python-environment-tools.git`
2026-10-07T22:25:39.6404980Z [1m[92m    Updating[0m git repository `https://github.com/zed-industries/alacritty`
2026-10-07T22:25:43.3440015Z [1m[92m    Updating[0m git repository `https://github.com/RustAudio/rodio`
2026-10-07T22:25:44.5562372Z [1m[92m    Updating[0m git repository `https://github.com/KillTheMule/nvim-rs`
2026-10-07T22:25:45.0252474Z [1m[92m    Updating[0m git repository `https://github.com/zed-industries/wprcontrol`
2026-10-07T22:25:45.3326154Z [1m[92m    Updating[0m git repository `https://github.com/zed-industries/gh-workflow`
2026-10-07T22:25:47.3795306Z [1m[92m Downloading[0m crates ...
2026-10-07T22:25:47.4126052Z [1m[92m  Downloaded[0m futures-sink v0.3.34
2026-10-07T22:25:47.4147294Z [1m[92m  Downloaded[0m cfg-if v1.0.4
2026-10-07T22:25:47.4161900Z [1m[92m  Downloaded[0m futures-channel v0.3.34
2026-10-07T22:25:47.4186334Z [1m[92m  Downloaded[0m futures-executor v0.3.34
2026-10-07T22:25:47.4209410Z [1m[92m  Downloaded[0m foldhash v0.1.5
2026-10-07T22:25:47.4234335Z [1m[92m  Downloaded[0m futures-io v0.3.34
2026-10-07T22:25:47.4244617Z [1m[92m  Downloaded[0m anyhow v1.0.104
2026-10-07T22:25:47.4297824Z [1m[92m  Downloaded[0m leb128fmt v0.1.0
2026-10-07T22:25:47.4310436Z [1m[92m  Downloaded[0m percent-encoding v2.3.2
2026-10-07T22:25:47.4320367Z [1m[92m  Downloaded[0m unicode-xid v0.2.6
2026-10-07T22:25:47.4339808Z [1m[92m  Downloaded[0m displaydoc v0.2.5
2026-10-07T22:25:47.4381116Z [1m[92m  Downloaded[0m idna_adapter v1.2.1
2026-10-07T22:25:47.4394979Z [1m[92m  Downloaded[0m quote v1.0.47
2026-10-07T22:25:47.4438504Z [1m[92m  Downloaded[0m tinystr v0.8.4
2026-10-07T22:25:47.4465931Z [1m[92m  Downloaded[0m yoke v0.8.3
2026-10-07T22:25:47.4496913Z [1m[92m  Downloaded[0m zerofrom-derive v0.1.6
2026-10-07T22:25:47.4513487Z [1m[92m  Downloaded[0m icu_locale_core v2.3.0
2026-10-07T22:25:47.4604538Z [1m[92m  Downloaded[0m icu_normalizer_data v2.3.0
2026-10-07T22:25:47.4625575Z [1m[92m  Downloaded[0m prettyplease v0.2.37
2026-10-07T22:25:47.4661636Z [1m[92m  Downloaded[0m zerovec-derive v0.11.5
2026-10-07T22:25:47.4679010Z [1m[92m  Downloaded[0m hashbrown v0.17.1
2026-10-07T22:25:47.4732364Z [1m[92m  Downloaded[0m serde_json v1.0.151
2026-10-07T22:25:47.4808161Z [1m[92m  Downloaded[0m wit-component v0.227.1
2026-10-07T22:25:47.5354131Z [1m[92m  Downloaded[0m syn v2.0.117
2026-10-07T22:25:47.5463764Z [1m[92m  Downloaded[0m auditable-serde v0.8.0
2026-10-07T22:25:47.5471978Z [1m[92m  Downloaded[0m wasm-encoder v0.227.1
2026-10-07T22:25:47.5510731Z [1m[92m  Downloaded[0m smallvec v1.16.1
2026-10-07T22:25:47.5524785Z [1m[92m  Downloaded[0m wit-bindgen-core v0.41.0
2026-10-07T22:25:47.5536074Z [1m[92m  Downloaded[0m futures-task v0.3.34
2026-10-07T22:25:47.5548344Z [1m[92m  Downloaded[0m wit-bindgen-rust v0.41.0
2026-10-07T22:25:47.5566154Z [1m[92m  Downloaded[0m wit-parser v0.227.1
2026-10-07T22:25:47.5937960Z [1m[92m  Downloaded[0m serde_derive v1.0.229
2026-10-07T22:25:47.5969749Z [1m[92m  Downloaded[0m serde_core v1.0.229
2026-10-07T22:25:47.5998968Z [1m[92m  Downloaded[0m writeable v0.6.4
2026-10-07T22:25:47.6021884Z [1m[92m  Downloaded[0m unicode-ident v1.0.24
2026-10-07T22:25:47.6050551Z [1m[92m  Downloaded[0m adler2 v2.0.1
2026-10-07T22:25:47.6063444Z [1m[92m  Downloaded[0m zerofrom v0.1.6
2026-10-07T22:25:47.6073008Z [1m[92m  Downloaded[0m itoa v1.0.18
2026-10-07T22:25:47.6088379Z [1m[92m  Downloaded[0m futures-macro v0.3.34
2026-10-07T22:25:47.6099771Z [1m[92m  Downloaded[0m crc32fast v1.5.0
2026-10-07T22:25:47.6119162Z [1m[92m  Downloaded[0m simd-adler32 v0.3.7
2026-10-07T22:25:47.6137659Z [1m[92m  Downloaded[0m zerotrie v0.2.5
2026-10-07T22:25:47.6179028Z [1m[92m  Downloaded[0m icu_provider v2.3.0
2026-10-07T22:25:47.6206646Z [1m[92m  Downloaded[0m once_cell v1.21.4
2026-10-07T22:25:47.6232964Z [1m[92m  Downloaded[0m slab v0.4.11
2026-10-07T22:25:47.6246698Z [1m[92m  Downloaded[0m stable_deref_trait v1.2.1
2026-10-07T22:25:47.6255912Z [1m[92m  Downloaded[0m bitflags v2.13.1
2026-10-07T22:25:47.6302729Z [1m[92m  Downloaded[0m equivalent v1.0.2
2026-10-07T22:25:47.6313642Z [1m[92m  Downloaded[0m form_urlencoded v1.2.2
2026-10-07T22:25:47.6322380Z [1m[92m  Downloaded[0m futures-core v0.3.34
2026-10-07T22:25:47.6337046Z [1m[92m  Downloaded[0m syn v3.0.3
2026-10-07T22:25:47.6446536Z [1m[92m  Downloaded[0m url v2.5.7
2026-10-07T22:25:47.6472826Z [1m[92m  Downloaded[0m futures v0.3.34
2026-10-07T22:25:47.6525712Z [1m[92m  Downloaded[0m id-arena v2.3.0
2026-10-07T22:25:47.6539331Z [1m[92m  Downloaded[0m wasm-metadata v0.227.1
2026-10-07T22:25:47.6562043Z [1m[92m  Downloaded[0m wit-bindgen v0.41.0
2026-10-07T22:25:47.6576029Z [1m[92m  Downloaded[0m memchr v2.8.3
2026-10-07T22:25:47.6633427Z [1m[92m  Downloaded[0m topological-sort v0.2.2
2026-10-07T22:25:47.6644579Z [1m[92m  Downloaded[0m yoke-derive v0.8.2
2026-10-07T22:25:47.6656308Z [1m[92m  Downloaded[0m zerovec v0.11.8
2026-10-07T22:25:47.6718745Z [1m[92m  Downloaded[0m zmij v1.0.23
2026-10-07T22:25:47.6736472Z [1m[92m  Downloaded[0m potential_utf v0.1.3
2026-10-07T22:25:47.6746525Z [1m[92m  Downloaded[0m serde v1.0.229
2026-10-07T22:25:47.6780925Z [1m[92m  Downloaded[0m flate2 v1.1.8
2026-10-07T22:25:47.6831568Z [1m[92m  Downloaded[0m hashbrown v0.15.5
2026-10-07T22:25:47.6880792Z [1m[92m  Downloaded[0m heck v0.5.0
2026-10-07T22:25:47.6893516Z [1m[92m  Downloaded[0m log v0.4.29
2026-10-07T22:25:47.6918568Z [1m[92m  Downloaded[0m synstructure v0.13.2
2026-10-07T22:25:47.6928644Z [1m[92m  Downloaded[0m icu_properties_data v2.3.0
2026-10-07T22:25:47.7039068Z [1m[92m  Downloaded[0m futures-util v0.3.34
2026-10-07T22:25:47.7177838Z [1m[92m  Downloaded[0m indexmap v2.14.0
2026-10-07T22:25:47.7220735Z [1m[92m  Downloaded[0m proc-macro2 v1.0.107
2026-10-07T22:25:47.7251430Z [1m[92m  Downloaded[0m icu_properties v2.3.0
2026-10-07T22:25:47.7283055Z [1m[92m  Downloaded[0m pin-project-lite v0.2.16
2026-10-07T22:25:47.7342445Z [1m[92m  Downloaded[0m idna v1.1.0
2026-10-07T22:25:47.7378285Z [1m[92m  Downloaded[0m miniz_oxide v0.8.9
2026-10-07T22:25:47.7402972Z [1m[92m  Downloaded[0m spdx v0.10.9
2026-10-07T22:25:47.8033790Z [1m[92m  Downloaded[0m wit-bindgen-rust-macro v0.41.0
2026-10-07T22:25:47.8041375Z [1m[92m  Downloaded[0m litemap v0.8.0
2026-10-07T22:25:47.8064235Z [1m[92m  Downloaded[0m semver v1.0.28
2026-10-07T22:25:47.8087837Z [1m[92m  Downloaded[0m icu_collections v2.3.0
2026-10-07T22:25:47.8152034Z [1m[92m  Downloaded[0m icu_normalizer v2.3.0
2026-10-07T22:25:47.8247550Z [1m[92m  Downloaded[0m utf8_iter v1.0.4
2026-10-07T22:25:47.8257838Z [1m[92m  Downloaded[0m wasmparser v0.227.1
2026-10-07T22:25:47.8336349Z [1m[92m  Downloaded[0m wit-bindgen-rt v0.41.0
2026-10-07T22:25:47.8916600Z [1m[92m   Compiling[0m proc-macro2 v1.0.107
2026-10-07T22:25:47.8917915Z [1m[92m   Compiling[0m quote v1.0.47
2026-10-07T22:25:47.8918700Z [1m[92m   Compiling[0m unicode-ident v1.0.24
2026-10-07T22:25:47.8919762Z [1m[92m   Compiling[0m stable_deref_trait v1.2.1
2026-10-07T22:25:47.9334999Z [1m[92m   Compiling[0m serde_core v1.0.229
2026-10-07T22:25:47.9845560Z [1m[92m   Compiling[0m zmij v1.0.23
2026-10-07T22:25:48.1822785Z [1m[92m   Compiling[0m serde_json v1.0.151
2026-10-07T22:25:48.3304834Z [1m[92m   Compiling[0m writeable v0.6.4
2026-10-07T22:25:48.3958578Z [1m[92m   Compiling[0m litemap v0.8.0
2026-10-07T22:25:48.5494963Z [1m[92m   Compiling[0m icu_properties_data v2.3.0
2026-10-07T22:25:48.5584630Z [1m[92m   Compiling[0m utf8_iter v1.0.4
2026-10-07T22:25:48.6585930Z [1m[92m   Compiling[0m serde v1.0.229
2026-10-07T22:25:48.6749961Z [1m[92m   Compiling[0m icu_normalizer_data v2.3.0
2026-10-07T22:25:48.8755324Z [1m[92m   Compiling[0m foldhash v0.1.5
2026-10-07T22:25:48.9015647Z [1m[92m   Compiling[0m wasmparser v0.227.1
2026-10-07T22:25:49.0372650Z [1m[92m   Compiling[0m equivalent v1.0.2
2026-10-07T22:25:49.0851648Z [1m[92m   Compiling[0m hashbrown v0.17.1
2026-10-07T22:25:49.1035484Z [1m[92m   Compiling[0m smallvec v1.16.1
2026-10-07T22:25:49.7186162Z [1m[92m   Compiling[0m syn v3.0.3
2026-10-07T22:25:50.4181552Z [1m[92m   Compiling[0m syn v2.0.117
2026-10-07T22:25:50.6944975Z [1m[92m   Compiling[0m semver v1.0.28
2026-10-07T22:25:51.0044968Z [1m[92m   Compiling[0m indexmap v2.14.0
2026-10-07T22:25:51.4141751Z [1m[92m   Compiling[0m hashbrown v0.15.5
2026-10-07T22:25:52.1615026Z [1m[92m   Compiling[0m bitflags v2.13.1
2026-10-07T22:25:52.1704479Z [1m[92m   Compiling[0m itoa v1.0.18
2026-10-07T22:25:52.3304650Z [1m[92m   Compiling[0m memchr v2.8.3
2026-10-07T22:25:52.3384710Z [1m[92m   Compiling[0m anyhow v1.0.104
2026-10-07T22:25:56.2745009Z [1m[92m   Compiling[0m synstructure v0.13.2
2026-10-07T22:25:57.0445089Z [1m[92m   Compiling[0m crc32fast v1.5.0
2026-10-07T22:25:57.5927883Z [1m[92m   Compiling[0m percent-encoding v2.3.2
2026-10-07T22:25:57.7497477Z [1m[92m   Compiling[0m wasm-encoder v0.227.1
2026-10-07T22:25:57.9414953Z [1m[92m   Compiling[0m adler2 v2.0.1
2026-10-07T22:25:58.0295207Z [1m[92m   Compiling[0m simd-adler32 v0.3.7
2026-10-07T22:25:58.2264896Z [1m[92m   Compiling[0m prettyplease v0.2.37
2026-10-07T22:25:58.3434707Z [1m[92m   Compiling[0m cfg-if v1.0.4
2026-10-07T22:25:58.5784741Z [1m[92m   Compiling[0m miniz_oxide v0.8.9
2026-10-07T22:26:00.6675284Z [1m[92m   Compiling[0m form_urlencoded v1.2.2
2026-10-07T22:26:00.8155244Z [1m[92m   Compiling[0m futures-core v0.3.34
2026-10-07T22:26:00.9395567Z [1m[92m   Compiling[0m unicode-xid v0.2.6
2026-10-07T22:26:01.0231471Z [1m[92m   Compiling[0m futures-sink v0.3.34
2026-10-07T22:26:01.1025043Z [1m[92m   Compiling[0m id-arena v2.3.0
2026-10-07T22:26:01.1967161Z [1m[92m   Compiling[0m topological-sort v0.2.2
2026-10-07T22:26:01.6384970Z [1m[92m   Compiling[0m leb128fmt v0.1.0
2026-10-07T22:26:01.7664905Z [1m[92m   Compiling[0m log v0.4.29
2026-10-07T22:26:01.9514915Z [1m[92m   Compiling[0m futures-channel v0.3.34
2026-10-07T22:26:02.1515219Z [1m[92m   Compiling[0m flate2 v1.1.8
2026-10-07T22:26:02.6015337Z [1m[92m   Compiling[0m spdx v0.10.9
2026-10-07T22:26:03.0215039Z [1m[92m   Compiling[0m pin-project-lite v0.2.16
2026-10-07T22:26:03.0804893Z [1m[92m   Compiling[0m futures-io v0.3.34
2026-10-07T22:26:03.2255578Z [1m[92m   Compiling[0m futures-task v0.3.34
2026-10-07T22:26:03.3854784Z [1m[92m   Compiling[0m slab v0.4.11
2026-10-07T22:26:03.6472398Z [1m[92m   Compiling[0m heck v0.5.0
2026-10-07T22:26:03.7365078Z [1m[92m   Compiling[0m wit-bindgen-rust v0.41.0
2026-10-07T22:26:03.8989040Z [1m[92m   Compiling[0m wit-bindgen-rt v0.41.0
2026-10-07T22:26:04.0875216Z [1m[92m   Compiling[0m wit-bindgen-rust-macro v0.41.0
2026-10-07T22:26:05.1393155Z [1m[92m   Compiling[0m once_cell v1.21.4
2026-10-07T22:26:06.1305561Z [1m[92m   Compiling[0m zed_extension_api v0.8.0 (/home/runner/work/koda/koda/crates/extension_api)
2026-10-07T22:26:15.5602648Z [1m[92m   Compiling[0m zerovec-derive v0.11.5
2026-10-07T22:26:16.3817981Z [1m[92m   Compiling[0m serde_derive v1.0.229
2026-10-07T22:26:16.5553649Z [1m[92m   Compiling[0m futures-macro v0.3.34
2026-10-07T22:26:16.6444924Z [1m[92m   Compiling[0m zerofrom-derive v0.1.6
2026-10-07T22:26:16.6446321Z [1m[92m   Compiling[0m yoke-derive v0.8.2
2026-10-07T22:26:17.3465659Z [1m[92m   Compiling[0m displaydoc v0.2.5
2026-10-07T22:26:17.5914984Z [1m[92m   Compiling[0m futures-util v0.3.34
2026-10-07T22:26:17.7453470Z [1m[92m   Compiling[0m zerofrom v0.1.6
2026-10-07T22:26:17.8396411Z [1m[92m   Compiling[0m yoke v0.8.3
2026-10-07T22:26:18.0084730Z [1m[92m   Compiling[0m zerovec v0.11.8
2026-10-07T22:26:18.1052149Z [1m[92m   Compiling[0m zerotrie v0.2.5
2026-10-07T22:26:18.6274694Z [1m[92m   Compiling[0m tinystr v0.8.4
2026-10-07T22:26:18.7565181Z [1m[92m   Compiling[0m potential_utf v0.1.3
2026-10-07T22:26:18.8095365Z [1m[92m   Compiling[0m icu_locale_core v2.3.0
2026-10-07T22:26:18.8845286Z [1m[92m   Compiling[0m icu_collections v2.3.0
2026-10-07T22:26:19.8176013Z [1m[92m   Compiling[0m icu_provider v2.3.0
2026-10-07T22:26:20.0314903Z [1m[92m   Compiling[0m auditable-serde v0.8.0
2026-10-07T22:26:20.0745047Z [1m[92m   Compiling[0m icu_normalizer v2.3.0
2026-10-07T22:26:20.1274979Z [1m[92m   Compiling[0m icu_properties v2.3.0
2026-10-07T22:26:20.3675928Z [1m[92m   Compiling[0m wit-parser v0.227.1
2026-10-07T22:26:20.4304638Z [1m[92m   Compiling[0m futures-executor v0.3.34
2026-10-07T22:26:20.6735066Z [1m[92m   Compiling[0m futures v0.3.34
2026-10-07T22:26:21.1608899Z [1m[92m   Compiling[0m idna_adapter v1.2.1
2026-10-07T22:26:21.2400334Z [1m[92m   Compiling[0m idna v1.1.0
2026-10-07T22:26:21.4422094Z [1m[92m   Compiling[0m url v2.5.7
2026-10-07T22:26:21.8422363Z [1m[92m   Compiling[0m wasm-metadata v0.227.1
2026-10-07T22:26:22.3417220Z [1m[92m   Compiling[0m wit-component v0.227.1
2026-10-07T22:26:22.3418530Z [1m[92m   Compiling[0m wit-bindgen-core v0.41.0
2026-10-07T22:26:25.4250132Z [1m[92m   Compiling[0m wit-bindgen v0.41.0
2026-10-07T22:26:26.1782038Z [1m[92m   Compiling[0m zed_test_extension v0.1.0 (/home/runner/work/koda/koda/extensions/test-extension)
2026-10-07T22:26:26.3619176Z [1m[92m    Finished[0m `dev` profile [unoptimized] target(s) in 3m 39s
2026-10-07T22:26:26.5880512Z Test extension build: 219.9s (exit 0)
2026-10-07T22:26:26.5979218Z ##[group]Run printf 'Test coverage: %s; filter: %s\n' "$CI_TEST_MODE" "$CI_TEST_FILTER"
2026-10-07T22:26:26.5979847Z [36;1mprintf 'Test coverage: %s; filter: %s\n' "$CI_TEST_MODE" "$CI_TEST_FILTER"[0m
2026-10-07T22:26:26.5980257Z [36;1mfilter_args=()[0m
2026-10-07T22:26:26.5980509Z [36;1mif [[ -n "$CI_TEST_FILTER" ]]; then[0m
2026-10-07T22:26:26.5980807Z [36;1m  filter_args=(-E "$CI_TEST_FILTER")[0m
2026-10-07T22:26:26.5981077Z [36;1mfi[0m
2026-10-07T22:26:26.5981408Z [36;1mpython3 script/ci-run stage 'Workspace tests (build and execution)' -- \[0m
2026-10-07T22:26:26.5982005Z [36;1m  cargo nextest run --locked --workspace "${filter_args[@]}" --no-fail-fast --no-tests=warn \[0m
2026-10-07T22:26:26.5982623Z [36;1m  --test-threads "$CI_TEST_THREADS" --status-level=fail --final-status-level=fail[0m
2026-10-07T22:26:26.6049576Z shell: /usr/bin/bash --noprofile --norc -e -o pipefail {0}
2026-10-07T22:26:26.6049951Z env:
2026-10-07T22:26:26.6050198Z   CARGO_TERM_COLOR: always
2026-10-07T22:26:26.6050453Z   CARGO_INCREMENTAL: 0
2026-10-07T22:26:26.6050695Z   CARGO_PROFILE_DEV_DEBUG: 0
2026-10-07T22:26:26.6050976Z   CARGO_PROFILE_DEV_BUILD_OVERRIDE_DEBUG: 0
2026-10-07T22:26:26.6051279Z   RUST_BACKTRACE: 1
2026-10-07T22:26:26.6051499Z   CC: clang
2026-10-07T22:26:26.6051693Z   CXX: clang++
2026-10-07T22:26:26.6051904Z   WGPU_BACKEND: vulkan
2026-10-07T22:26:26.6052132Z   CI_TEST_FILTER: 
2026-10-07T22:26:26.6052354Z   CI_TEST_MODE: full
2026-10-07T22:26:26.6052579Z   CARGO_BUILD_JOBS: 4
2026-10-07T22:26:26.6052804Z   CI_TEST_THREADS: 4
2026-10-07T22:26:26.6053367Z   VK_DRIVER_FILES: /usr/share/vulkan/icd.d/lvp_icd.json
2026-10-07T22:26:26.6053729Z ##[endgroup]
2026-10-07T22:26:26.6140017Z Test coverage: full; filter: 
2026-10-07T22:26:27.5401503Z [1m[92m Downloading[0m crates ...
2026-10-07T22:26:27.5985318Z [1m[92m  Downloaded[0m alloca v0.4.0
2026-10-07T22:26:27.6000706Z [1m[92m  Downloaded[0m anstyle-query v1.1.4
2026-10-07T22:26:27.6019678Z [1m[92m  Downloaded[0m async-channel v1.9.0
2026-10-07T22:26:27.6050178Z [1m[92m  Downloaded[0m arg_enum_proc_macro v0.3.4
2026-10-07T22:26:27.6071859Z [1m[92m  Downloaded[0m cpufeatures v0.2.17
2026-10-07T22:26:27.6087820Z [1m[92m  Downloaded[0m aliasable v0.1.3
2026-10-07T22:26:27.6099477Z [1m[92m  Downloaded[0m alsa-sys v0.3.1
2026-10-07T22:26:27.6112895Z [1m[92m  Downloaded[0m arrayvec v0.7.6
2026-10-07T22:26:27.6135563Z [1m[92m  Downloaded[0m async-signal v0.2.13
2026-10-07T22:26:27.6151619Z [1m[92m  Downloaded[0m avif-serialize v0.8.6
2026-10-07T22:26:27.6163413Z [1m[92m  Downloaded[0m async-fs v2.2.0
2026-10-07T22:26:27.6175282Z [1m[92m  Downloaded[0m cpufeatures v0.3.0
2026-10-07T22:26:27.6190709Z [1m[92m  Downloaded[0m anstream v0.6.21
2026-10-07T22:26:27.6211443Z [1m[92m  Downloaded[0m ascii v1.1.0
2026-10-07T22:26:27.6231856Z [1m[92m  Downloaded[0m async-lock v3.4.2
2026-10-07T22:26:27.6257956Z [1m[92m  Downloaded[0m async-stream v0.3.6
2026-10-07T22:26:27.6285231Z [1m[92m  Downloaded[0m accesskit v0.24.1
2026-10-07T22:26:27.6301870Z [1m[92m  Downloaded[0m ahash v0.7.8
2026-10-07T22:26:27.6329691Z [1m[92m  Downloaded[0m ammonia v4.1.4
2026-10-07T22:26:27.6359684Z [1m[92m  Downloaded[0m atspi v0.29.0
2026-10-07T22:26:27.6374746Z [1m[92m  Downloaded[0m aws-smithy-checksums v0.64.4
2026-10-07T22:26:27.6391556Z [1m[92m  Downloaded[0m aws-smithy-query v0.60.15
2026-10-07T22:26:27.6402714Z [1m[92m  Downloaded[0m accesskit_consumer v0.38.0
2026-10-07T22:26:27.6424484Z [1m[92m  Downloaded[0m aws-types v1.3.12
2026-10-07T22:26:27.6443899Z [1m[92m  Downloaded[0m async-tungstenite v0.33.0
2026-10-07T22:26:27.6478915Z [1m[92m  Downloaded[0m elasticlunr-rs v3.0.2
2026-10-07T22:26:27.6559421Z [1m[92m  Downloaded[0m documented v0.10.0
2026-10-07T22:26:27.6568507Z [1m[92m  Downloaded[0m async-compression v0.4.32
2026-10-07T22:26:27.6637945Z [1m[92m  Downloaded[0m cranelift-assembler-x64 v0.135.1
2026-10-07T22:26:27.6659102Z [1m[92m  Downloaded[0m darling_macro v0.20.11
2026-10-07T22:26:27.6667191Z [1m[92m  Downloaded[0m crc-catalog v2.4.0
2026-10-07T22:26:27.6680883Z [1m[92m  Downloaded[0m cssparser v0.36.0
2026-10-07T22:26:27.6707830Z [1m[92m  Downloaded[0m autocfg v1.5.0
2026-10-07T22:26:27.6729080Z [1m[92m  Downloaded[0m crossbeam-channel v0.5.15
2026-10-07T22:26:27.6772968Z [1m[92m  Downloaded[0m darling v0.21.3
2026-10-07T22:26:27.6835237Z [1m[92m  Downloaded[0m aws-smithy-types v1.4.7
2026-10-07T22:26:27.6892725Z [1m[92m  Downloaded[0m cpp_demangle v0.5.1
2026-10-07T22:26:27.6925886Z [1m[92m  Downloaded[0m cssparser v0.37.0
2026-10-07T22:26:27.6952241Z [1m[92m  Downloaded[0m cxx-build v1.0.187
2026-10-07T22:26:27.7022027Z [1m[92m  Downloaded[0m hound v3.5.1
2026-10-07T22:26:27.7056255Z [1m[92m  Downloaded[0m inotify-sys v0.1.5
2026-10-07T22:26:27.7086902Z [1m[92m  Downloaded[0m aws-smithy-http-client v1.1.10
2026-10-07T22:26:27.7121138Z [1m[92m  Downloaded[0m cranelift-codegen-meta v0.135.1
2026-10-07T22:26:27.7170037Z [1m[92m  Downloaded[0m email_address v0.2.9
2026-10-07T22:26:27.7193762Z [1m[92m  Downloaded[0m humantime v2.3.0
2026-10-07T22:26:27.7213451Z [1m[92m  Downloaded[0m jobserver v0.1.34
2026-10-07T22:26:27.7236414Z [1m[92m  Downloaded[0m ashpd v0.13.5
2026-10-07T22:26:27.7313432Z [1m[92m  Downloaded[0m aws-sdk-sts v1.98.0
2026-10-07T22:26:27.7449240Z [1m[92m  Downloaded[0m cranelift-entity v0.135.1
2026-10-07T22:26:27.7466133Z [1m[92m  Downloaded[0m heed v0.21.0
2026-10-07T22:26:27.7498655Z [1m[92m  Downloaded[0m crash-handler v0.8.0
2026-10-07T22:26:27.7533495Z [1m[92m  Downloaded[0m data-url v0.3.2
2026-10-07T22:26:27.7550433Z [1m[92m  Downloaded[0m doxygen-rs v0.4.2
2026-10-07T22:26:27.7567357Z [1m[92m  Downloaded[0m hyper-rustls v0.27.9
2026-10-07T22:26:27.7582840Z [1m[92m  Downloaded[0m inventory v0.3.21
2026-10-07T22:26:27.7607767Z [1m[92m  Downloaded[0m jsonschema-regex v0.51.0
2026-10-07T22:26:27.7618815Z [1m[92m  Downloaded[0m agent-client-protocol v2.2.0
2026-10-07T22:26:27.7725623Z [1m[92m  Downloaded[0m aws-lc-rs v1.17.1
2026-10-07T22:26:27.7848262Z [1m[92m  Downloaded[0m aws-runtime v1.7.0
2026-10-07T22:26:27.7901345Z [1m[92m  Downloaded[0m axum v0.6.20
2026-10-07T22:26:27.7987278Z [1m[92m  Downloaded[0m cranelift-control v0.135.1
2026-10-07T22:26:27.7998074Z [1m[92m  Downloaded[0m cranelift-frontend v0.135.1
2026-10-07T22:26:27.8018496Z [1m[92m  Downloaded[0m cranelift-native v0.135.1
2026-10-07T22:26:27.8028559Z [1m[92m  Downloaded[0m derive_more-impl v2.1.1
2026-10-07T22:26:27.8088496Z [1m[92m  Downloaded[0m ecdsa v0.14.8
2026-10-07T22:26:27.8106132Z [1m[92m  Downloaded[0m crypto-bigint v0.5.5
2026-10-07T22:26:27.8190852Z [1m[92m  Downloaded[0m cranelift-assembler-x64-meta v0.135.1
2026-10-07T22:26:27.8245949Z [1m[92m  Downloaded[0m cranelift-srcgen v0.135.1
2026-10-07T22:26:27.8255125Z [1m[92m  Downloaded[0m darling v0.20.11
2026-10-07T22:26:27.8316036Z [1m[92m  Downloaded[0m dotenvy v0.15.7
2026-10-07T22:26:27.8346355Z [1m[92m  Downloaded[0m criterion v0.8.2
2026-10-07T22:26:27.8434839Z [1m[92m  Downloaded[0m crossbeam-utils v0.8.21
2026-10-07T22:26:27.8463193Z [1m[92m  Downloaded[0m dashmap v6.1.0
2026-10-07T22:26:27.8490954Z [1m[92m  Downloaded[0m http-range-header v0.3.1
2026-10-07T22:26:27.8503175Z [1m[92m  Downloaded[0m crossbeam-epoch v0.9.18
2026-10-07T22:26:27.8530625Z [1m[92m  Downloaded[0m cranelift-bitset v0.135.1
2026-10-07T22:26:27.8541220Z [1m[92m  Downloaded[0m criterion-plot v0.8.2
2026-10-07T22:26:27.8561942Z [1m[92m  Downloaded[0m cxx v1.0.187
2026-10-07T22:26:27.8792976Z [1m[92m  Downloaded[0m deflate64 v0.1.10
2026-10-07T22:26:27.8809422Z [1m[92m  Downloaded[0m embedded-io v0.4.0
2026-10-07T22:26:27.8830603Z [1m[92m  Downloaded[0m deranged v0.5.4
2026-10-07T22:26:27.8845531Z [1m[92m  Downloaded[0m memmap2 v0.9.8
2026-10-07T22:26:27.8866412Z [1m[92m  Downloaded[0m pbkdf2 v0.11.0
2026-10-07T22:26:27.8892798Z [1m[92m  Downloaded[0m cursor-icon v1.2.0
2026-10-07T22:26:27.8905972Z [1m[92m  Downloaded[0m dasp_sample v0.11.0
2026-10-07T22:26:27.8916836Z [1m[92m  Downloaded[0m dbus v0.9.9
2026-10-07T22:26:27.8962248Z [1m[92m  Downloaded[0m dtoa v1.0.10
2026-10-07T22:26:27.8978723Z [1m[92m  Downloaded[0m dunce v1.0.5
2026-10-07T22:26:27.8987879Z [1m[92m  Downloaded[0m enumflags2 v0.7.12
2026-10-07T22:26:27.9007402Z [1m[92m  Downloaded[0m num_cpus v1.17.0
2026-10-07T22:26:27.9042625Z [1m[92m  Downloaded[0m cranelift-codegen-shared v0.135.1
2026-10-07T22:26:27.9052900Z [1m[92m  Downloaded[0m crunchy v0.2.4
2026-10-07T22:26:27.9061638Z [1m[92m  Downloaded[0m cssparser-macros v0.6.1
2026-10-07T22:26:27.9070564Z [1m[92m  Downloaded[0m ctrlc v3.5.0
2026-10-07T22:26:27.9093053Z [1m[92m  Downloaded[0m darling_macro v0.23.0
2026-10-07T22:26:27.9100711Z [1m[92m  Downloaded[0m data-encoding v2.9.0
2026-10-07T22:26:27.9111608Z [1m[92m  Downloaded[0m derive_more v2.1.1
2026-10-07T22:26:27.9258036Z [1m[92m  Downloaded[0m dlib v0.5.3
2026-10-07T22:26:27.9268546Z [1m[92m  Downloaded[0m downcast-rs v1.2.1
2026-10-07T22:26:27.9285420Z [1m[92m  Downloaded[0m ec4rs v1.2.0
2026-10-07T22:26:27.9316664Z [1m[92m  Downloaded[0m elliptic-curve v0.12.3
2026-10-07T22:26:27.9351969Z [1m[92m  Downloaded[0m endi v1.1.0
2026-10-07T22:26:27.9363043Z [1m[92m  Downloaded[0m maybe-rayon v0.1.1
2026-10-07T22:26:27.9374715Z [1m[92m  Downloaded[0m crossbeam-deque v0.8.6
2026-10-07T22:26:27.9389804Z [1m[92m  Downloaded[0m mimalloc v0.1.48
2026-10-07T22:26:27.9400690Z [1m[92m  Downloaded[0m naga v29.0.4
2026-10-07T22:26:27.9629966Z [1m[92m  Downloaded[0m aws-sdk-s3 v1.123.0
2026-10-07T22:26:28.0805112Z [1m[92m  Downloaded[0m crc v3.3.0
2026-10-07T22:26:28.0824857Z [1m[92m  Downloaded[0m crypto-common v0.1.6
2026-10-07T22:26:28.0844254Z [1m[92m  Downloaded[0m cxxbridge-macro v1.0.187
2026-10-07T22:26:28.0876930Z [1m[92m  Downloaded[0m rand v0.3.23
2026-10-07T22:26:28.0889205Z [1m[92m  Downloaded[0m cranelift-bforest v0.135.1
2026-10-07T22:26:28.0903538Z [1m[92m  Downloaded[0m logos-derive v0.15.1
2026-10-07T22:26:28.0912591Z [1m[92m  Downloaded[0m ordered-stream v0.2.0
2026-10-07T22:26:28.0926815Z [1m[92m  Downloaded[0m rangemap v1.7.1
2026-10-07T22:26:28.0951663Z [1m[92m  Downloaded[0m accesskit_atspi_common v0.19.1
2026-10-07T22:26:28.0972723Z [1m[92m  Downloaded[0m mime v0.3.17
2026-10-07T22:26:28.0988962Z [1m[92m  Downloaded[0m darling_macro v0.21.3
2026-10-07T22:26:28.0997721Z [1m[92m  Downloaded[0m dirs-sys v0.5.0
2026-10-07T22:26:28.1011859Z [1m[92m  Downloaded[0m documented-macros v0.10.0
2026-10-07T22:26:28.1027328Z [1m[92m  Downloaded[0m anstyle-parse v0.2.7
2026-10-07T22:26:28.1047767Z [1m[92m  Downloaded[0m ar_archive_writer v0.5.1
2026-10-07T22:26:28.1090265Z [1m[92m  Downloaded[0m arraydeque v0.5.1
2026-10-07T22:26:28.1106021Z [1m[92m  Downloaded[0m serde_json_lenient v0.2.4
2026-10-07T22:26:28.1153979Z [1m[92m  Downloaded[0m cxxbridge-flags v1.0.187
2026-10-07T22:26:28.1165440Z [1m[92m  Downloaded[0m darling_core v0.20.11
2026-10-07T22:26:28.1241710Z [1m[92m  Downloaded[0m debug-ignore v1.0.5
2026-10-07T22:26:28.1263740Z [1m[92m  Downloaded[0m embedded-io v0.6.1
2026-10-07T22:26:28.1279523Z [1m[92m  Downloaded[0m lru-slab v0.1.2
2026-10-07T22:26:28.1290254Z [1m[92m  Downloaded[0m crossbeam-queue v0.3.12
2026-10-07T22:26:28.1307745Z [1m[92m  Downloaded[0m diff v0.1.13
2026-10-07T22:26:28.1340409Z [1m[92m  Downloaded[0m dirs v6.0.0
2026-10-07T22:26:28.1356574Z [1m[92m  Downloaded[0m dyn-clone v1.0.20
2026-10-07T22:26:28.1375807Z [1m[92m  Downloaded[0m memoffset v0.9.1
2026-10-07T22:26:28.1390916Z [1m[92m  Downloaded[0m crash-context v0.8.0
2026-10-07T22:26:28.1416728Z [1m[92m  Downloaded[0m dugong-graphlib v0.8.0-alpha.5
2026-10-07T22:26:28.1444243Z [1m[92m  Downloaded[0m diffy v0.4.2
2026-10-07T22:26:28.1471220Z [1m[92m  Downloaded[0m pori v0.0.0
2026-10-07T22:26:28.1484112Z [1m[92m  Downloaded[0m spin v0.9.8
2026-10-07T22:26:28.1513300Z [1m[92m  Downloaded[0m page_size v0.6.0
2026-10-07T22:26:28.1526330Z [1m[92m  Downloaded[0m document-features v0.2.12
2026-10-07T22:26:28.1541315Z [1m[92m  Downloaded[0m dtoa-short v0.3.5
2026-10-07T22:26:28.1550277Z [1m[92m  Downloaded[0m darling_core v0.23.0
2026-10-07T22:26:28.1622761Z [1m[92m  Downloaded[0m mime_guess v2.0.5
2026-10-07T22:26:28.1642954Z [1m[92m  Downloaded[0m outref v0.5.2
2026-10-07T22:26:28.1655922Z [1m[92m  Downloaded[0m as-raw-xcb-connection v1.0.1
2026-10-07T22:26:28.1664078Z [1m[92m  Downloaded[0m ctor v1.0.12
2026-10-07T22:26:28.1693373Z [1m[92m  Downloaded[0m debugid v0.8.0
2026-10-07T22:26:28.1706699Z [1m[92m  Downloaded[0m derive_setters v0.1.9
2026-10-07T22:26:28.1728241Z [1m[92m  Downloaded[0m dialoguer v0.12.0
2026-10-07T22:26:28.1776936Z [1m[92m  Downloaded[0m digest v0.10.7
2026-10-07T22:26:28.1797301Z [1m[92m  Downloaded[0m indoc v2.0.6
2026-10-07T22:26:28.1831462Z [1m[92m  Downloaded[0m native-tls v0.2.18
2026-10-07T22:26:28.1847913Z [1m[92m  Downloaded[0m peg v0.8.5
2026-10-07T22:26:28.1896321Z [1m[92m  Downloaded[0m async-std v1.13.2
2026-10-07T22:26:28.2241315Z [1m[92m  Downloaded[0m crypto-bigint v0.4.9
2026-10-07T22:26:28.2296232Z [1m[92m  Downloaded[0m darling v0.23.0
2026-10-07T22:26:28.2359578Z [1m[92m  Downloaded[0m der v0.6.1
2026-10-07T22:26:28.2414905Z [1m[92m  Downloaded[0m either v1.15.0
2026-10-07T22:26:28.2432885Z [1m[92m  Downloaded[0m lyon_path v1.0.16
2026-10-07T22:26:28.2451954Z [1m[92m  Downloaded[0m nucleo v0.5.0
2026-10-07T22:26:28.2471848Z [1m[92m  Downloaded[0m pem v3.0.6
2026-10-07T22:26:28.2486299Z [1m[92m  Downloaded[0m dary_heap v0.3.9
2026-10-07T22:26:28.2499007Z [1m[92m  Downloaded[0m der v0.7.10
2026-10-07T22:26:28.2556784Z [1m[92m  Downloaded[0m embed-resource v3.0.6
2026-10-07T22:26:28.2576456Z [1m[92m  Downloaded[0m peg-runtime v0.8.5
2026-10-07T22:26:28.2586562Z [1m[92m  Downloaded[0m perf-event-data v0.1.8
2026-10-07T22:26:28.2623736Z [1m[92m  Downloaded[0m cranelift-isle v0.135.1
2026-10-07T22:26:28.2683471Z [1m[92m  Downloaded[0m darling_core v0.21.3
2026-10-07T22:26:28.2745352Z [1m[92m  Downloaded[0m nucleo-matcher v0.3.1
2026-10-07T22:26:28.2768693Z [1m[92m  Downloaded[0m protox v0.9.1
2026-10-07T22:26:28.2811182Z [1m[92m  Downloaded[0m psm v0.1.30
2026-10-07T22:26:28.2845074Z [1m[92m  Downloaded[0m arc-swap v1.9.0
2026-10-07T22:26:28.2889305Z [1m[92m  Downloaded[0m async-net v2.0.0
2026-10-07T22:26:28.2904339Z [1m[92m  Downloaded[0m p256 v0.11.1
2026-10-07T22:26:28.2939159Z [1m[92m  Downloaded[0m stringprep v0.1.5
2026-10-07T22:26:28.2958973Z [1m[92m  Downloaded[0m markup5ever_rcdom v0.39.0+unofficial
2026-10-07T22:26:28.2970037Z [1m[92m  Downloaded[0m rand v0.4.6
2026-10-07T22:26:28.3012624Z [1m[92m  Downloaded[0m merge v0.1.0
2026-10-07T22:26:28.3040301Z [1m[92m  Downloaded[0m pulldown-cmark-escape v0.10.1
2026-10-07T22:26:28.3047944Z [1m[92m  Downloaded[0m sha1_smol v1.0.1
2026-10-07T22:26:28.3062322Z [1m[92m  Downloaded[0m streaming-iterator v0.1.9
2026-10-07T22:26:28.3081403Z [1m[92m  Downloaded[0m addr2line v0.26.1
2026-10-07T22:26:28.3099879Z [1m[92m  Downloaded[0m rgb v0.8.52
2026-10-07T22:26:28.3125049Z [1m[92m  Downloaded[0m rkyv_derive v0.7.45
2026-10-07T22:26:28.3139626Z [1m[92m  Downloaded[0m simplecss v0.2.2
2026-10-07T22:26:28.3157692Z [1m[92m  Downloaded[0m sha2 v0.10.9
2026-10-07T22:26:28.3183264Z [1m[92m  Downloaded[0m simple_asn1 v0.6.3
2026-10-07T22:26:28.3196742Z [1m[92m  Downloaded[0m emojis v0.9.0
2026-10-07T22:26:28.3233903Z [1m[92m  Downloaded[0m self_cell v1.2.2
2026-10-07T22:26:28.3244354Z [1m[92m  Downloaded[0m async-channel v2.5.0
2026-10-07T22:26:28.3256385Z [1m[92m  Downloaded[0m atoi v2.0.0
2026-10-07T22:26:28.3269815Z [1m[92m  Downloaded[0m cpal v0.17.1
2026-10-07T22:26:28.3339074Z [1m[92m  Downloaded[0m crc-fast v1.9.0
2026-10-07T22:26:28.3431324Z [1m[92m  Downloaded[0m pkcs8 v0.10.2
2026-10-07T22:26:28.3460615Z [1m[92m  Downloaded[0m roxmltree v0.20.0
2026-10-07T22:26:28.3593157Z [1m[92m  Downloaded[0m spin v0.10.0
2026-10-07T22:26:28.3617141Z [1m[92m  Downloaded[0m sqlx-macros-core v0.8.6
2026-10-07T22:26:28.3639046Z [1m[92m  Downloaded[0m dugong v0.8.0-alpha.5
2026-10-07T22:26:28.3708076Z [1m[92m  Downloaded[0m sqlx-mysql v0.8.6
2026-10-07T22:26:28.3767429Z [1m[92m  Downloaded[0m termcolor v1.4.1
2026-10-07T22:26:28.3779762Z [1m[92m  Downloaded[0m rkyv v0.7.45
2026-10-07T22:26:28.3867145Z [1m[92m  Downloaded[0m terminal_size v0.4.3
2026-10-07T22:26:28.3882234Z [1m[92m  Downloaded[0m pulley-macros v48.0.1
2026-10-07T22:26:28.3889367Z [1m[92m  Downloaded[0m wgpu-hal v29.0.4
2026-10-07T22:26:28.3999736Z [1m[92m  Downloaded[0m raw-window-handle v0.6.2
2026-10-07T22:26:28.4018065Z [1m[92m  Downloaded[0m wyz v0.5.1
2026-10-07T22:26:28.4029959Z [1m[92m  Downloaded[0m pulldown-cmark v0.13.4
2026-10-07T22:26:28.4080083Z [1m[92m  Downloaded[0m tower-http v0.4.4
2026-10-07T22:26:28.4158993Z [1m[92m  Downloaded[0m tree-sitter-jsdoc v0.23.2
2026-10-07T22:26:28.4174869Z [1m[92m  Downloaded[0m rayon v1.11.0
2026-10-07T22:26:28.4270464Z [1m[92m  Downloaded[0m profiling-procmacros v1.0.17
2026-10-07T22:26:28.4277698Z [1m[92m  Downloaded[0m wayland-cursor v0.31.11
2026-10-07T22:26:28.4286460Z [1m[92m  Downloaded[0m postcard v1.1.3
2026-10-07T22:26:28.4309719Z [1m[92m  Downloaded[0m peg-macros v0.8.5
2026-10-07T22:26:28.4324208Z [1m[92m  Downloaded[0m pem-rfc7468 v0.7.0
2026-10-07T22:26:28.4343810Z [1m[92m  Downloaded[0m xattr v1.6.1
2026-10-07T22:26:28.4363051Z [1m[92m  Downloaded[0m tree-sitter-html v0.23.2
2026-10-07T22:26:28.4380952Z [1m[92m  Downloaded[0m arrayref v0.3.9
2026-10-07T22:26:28.4394187Z [1m[92m  Downloaded[0m xxhash-rust v0.8.15
2026-10-07T22:26:28.4411133Z [1m[92m  Downloaded[0m wasm-encoder v0.201.0
2026-10-07T22:26:28.4441954Z [1m[92m  Downloaded[0m portable-atomic v1.11.1
2026-10-07T22:26:28.4510822Z [1m[92m  Downloaded[0m rayon-core v1.13.0
2026-10-07T22:26:28.4548970Z [1m[92m  Downloaded[0m rmpv v1.3.0
2026-10-07T22:26:28.4570742Z [1m[92m  Downloaded[0m rpassword v7.5.2
2026-10-07T22:26:28.4595524Z [1m[92m  Downloaded[0m async-io v2.6.0
2026-10-07T22:26:28.4624412Z [1m[92m  Downloaded[0m unindent v0.2.4
2026-10-07T22:26:28.4633100Z [1m[92m  Downloaded[0m wasm-bindgen-macro v0.2.120
2026-10-07T22:26:28.4642251Z [1m[92m  Downloaded[0m betlang v0.1.1
2026-10-07T22:26:28.4738068Z [1m[92m  Downloaded[0m roxmltree v0.21.1
2026-10-07T22:26:28.4873009Z [1m[92m  Downloaded[0m tree-sitter-embedded-template v0.23.2
2026-10-07T22:26:28.4888729Z [1m[92m  Downloaded[0m bmrng v0.5.2
2026-10-07T22:26:28.4902628Z [1m[92m  Downloaded[0m tokio-stream v0.1.17
2026-10-07T22:26:28.4949806Z [1m[92m  Downloaded[0m wayland-client v0.31.11
2026-10-07T22:26:28.4969502Z [1m[92m  Downloaded[0m roughr-merman v0.12.3
2026-10-07T22:26:28.4989871Z [1m[92m  Downloaded[0m tokio-tungstenite v0.20.1
2026-10-07T22:26:28.5010549Z [1m[92m  Downloaded[0m async-executor v1.13.3
2026-10-07T22:26:28.5029469Z [1m[92m  Downloaded[0m clap_derive v4.5.49
2026-10-07T22:26:28.5051193Z [1m[92m  Downloaded[0m fax v0.2.6
2026-10-07T22:26:28.5066149Z [1m[92m  Downloaded[0m c-enum v0.2.3
2026-10-07T22:26:28.5080623Z [1m[92m  Downloaded[0m object v0.39.1
2026-10-07T22:26:28.5194046Z [1m[92m  Downloaded[0m procfs-core v0.18.0
2026-10-07T22:26:28.5229248Z [1m[92m  Downloaded[0m profiling v1.0.17
2026-10-07T22:26:28.5241409Z [1m[92m  Downloaded[0m sha1 v0.10.6
2026-10-07T22:26:28.5258513Z [1m[92m  Downloaded[0m target-spec v3.7.0
2026-10-07T22:26:28.5277058Z [1m[92m  Downloaded[0m tiny-skia-path v0.11.4
2026-10-07T22:26:28.5295876Z [1m[92m  Downloaded[0m zstd-safe v5.0.2+zstd.1.5.2
2026-10-07T22:26:28.5308611Z [1m[92m  Downloaded[0m toml_write v0.1.2
2026-10-07T22:26:28.5321273Z [1m[92m  Downloaded[0m tree-sitter-python v0.25.0
2026-10-07T22:26:28.5384009Z [1m[92m  Downloaded[0m rle-decode-fast v1.0.3
2026-10-07T22:26:28.5399275Z [1m[92m  Downloaded[0m errno v0.3.14
2026-10-07T22:26:28.5414554Z [1m[92m  Downloaded[0m tracing-log v0.2.0
2026-10-07T22:26:28.5428064Z [1m[92m  Downloaded[0m unicode_categories v0.1.1
2026-10-07T22:26:28.5445190Z [1m[92m  Downloaded[0m tree-sitter-regex v0.24.3
2026-10-07T22:26:28.5462138Z [1m[92m  Downloaded[0m yansi v1.0.1
2026-10-07T22:26:28.5485812Z [1m[92m  Downloaded[0m unsafe-libyaml v0.2.11
2026-10-07T22:26:28.5517760Z [1m[92m  Downloaded[0m color_quant v1.1.0
2026-10-07T22:26:28.5528479Z [1m[92m  Downloaded[0m envy v0.4.2
2026-10-07T22:26:28.5545197Z [1m[92m  Downloaded[0m rsa v0.9.10
2026-10-07T22:26:28.5598245Z [1m[92m  Downloaded[0m zstd-safe v7.3.0
2026-10-07T22:26:28.5611733Z [1m[92m  Downloaded[0m wayland-protocols-plasma v0.3.9
2026-10-07T22:26:28.5657620Z [1m[92m  Downloaded[0m y4m v0.8.0
2026-10-07T22:26:28.5669673Z [1m[92m  Downloaded[0m approx v0.5.1
2026-10-07T22:26:28.5687456Z [1m[92m  Downloaded[0m aws-smithy-runtime-api v1.11.4
2026-10-07T22:26:28.5728690Z [1m[92m  Downloaded[0m const_format_proc_macros v0.2.34
2026-10-07T22:26:28.5752093Z [1m[92m  Downloaded[0m ravif v0.13.0
2026-10-07T22:26:28.5763495Z [1m[92m  Downloaded[0m any_vec v0.14.0
2026-10-07T22:26:28.5802157Z [1m[92m  Downloaded[0m as-slice v0.2.1
2026-10-07T22:26:28.5811596Z [1m[92m  Downloaded[0m asynchronous-codec v0.7.0
2026-10-07T22:26:28.5835367Z [1m[92m  Downloaded[0m wayland-protocols v0.32.9
2026-10-07T22:26:28.5919206Z [1m[92m  Downloaded[0m zvariant_utils v3.3.1
2026-10-07T22:26:28.5933675Z [1m[92m  Downloaded[0m agent-client-protocol-derive v2.2.0
2026-10-07T22:26:28.5941087Z [1m[92m  Downloaded[0m async-attributes v1.1.2
2026-10-07T22:26:28.5953429Z [1m[92m  Downloaded[0m anes v0.1.6
2026-10-07T22:26:28.5982861Z [1m[92m  Downloaded[0m postage v0.5.0
2026-10-07T22:26:28.6074876Z [1m[92m  Downloaded[0m atspi-proxies v0.13.0
2026-10-07T22:26:28.6098223Z [1m[92m  Downloaded[0m symphonia-codec-pcm v0.5.5
2026-10-07T22:26:28.6105761Z [1m[92m  Downloaded[0m tree-sitter-json v0.24.8
2026-10-07T22:26:28.6120469Z [1m[92m  Downloaded[0m wasm-encoder v0.254.0
2026-10-07T22:26:28.6160738Z [1m[92m  Downloaded[0m xcb v1.6.0
2026-10-07T22:26:28.6242029Z [1m[92m  Downloaded[0m aes v0.8.4
2026-10-07T22:26:28.6276928Z [1m[92m  Downloaded[0m av-scenechange v0.14.1
2026-10-07T22:26:28.6387853Z [1m[92m  Downloaded[0m aws-smithy-xml v0.60.15
2026-10-07T22:26:28.6401542Z [1m[92m  Downloaded[0m hashbrown v0.16.1
2026-10-07T22:26:28.6452428Z [1m[92m  Downloaded[0m async-recursion v1.1.1
2026-10-07T22:26:28.6491277Z [1m[92m  Downloaded[0m wasm-bindgen-shared v0.2.120
2026-10-07T22:26:28.6501798Z [1m[92m  Downloaded[0m blocking v1.6.2
2026-10-07T22:26:28.6513844Z [1m[92m  Downloaded[0m cached_proc_macro v0.25.0
2026-10-07T22:26:28.6524457Z [1m[92m  Downloaded[0m generic-array v0.14.7
2026-10-07T22:26:28.6538487Z [1m[92m  Downloaded[0m async-stream-impl v0.3.6
2026-10-07T22:26:28.6545471Z [1m[92m  Downloaded[0m miette v7.6.0
2026-10-07T22:26:28.6590570Z [1m[92m  Downloaded[0m async-dispatcher v0.1.2
2026-10-07T22:26:28.6600117Z [1m[92m  Downloaded[0m bigdecimal v0.4.8
2026-10-07T22:26:28.6646040Z [1m[92m  Downloaded[0m cargo_metadata v0.23.1
2026-10-07T22:26:28.6664235Z [1m[92m  Downloaded[0m clap v4.5.49
2026-10-07T22:26:28.6760860Z [1m[92m  Downloaded[0m fixedbitset v0.5.7
2026-10-07T22:26:28.6780423Z [1m[92m  Downloaded[0m http v1.3.1
2026-10-07T22:26:28.6815974Z [1m[92m  Downloaded[0m lru v0.16.4
2026-10-07T22:26:28.6827649Z [1m[92m  Downloaded[0m svgtypes v0.16.1
2026-10-07T22:26:28.6853001Z [1m[92m  Downloaded[0m symphonia-core v0.5.5
2026-10-07T22:26:28.6887312Z [1m[92m  Downloaded[0m tiny-skia v0.11.4
2026-10-07T22:26:28.7025861Z [1m[92m  Downloaded[0m tracing-serde v0.2.0
2026-10-07T22:26:28.7034875Z [1m[92m  Downloaded[0m unicode-vo v0.1.0
2026-10-07T22:26:28.7044261Z [1m[92m  Downloaded[0m untrusted v0.7.1
2026-10-07T22:26:28.7054779Z [1m[92m  Downloaded[0m wit-component v0.254.0
2026-10-07T22:26:28.7674636Z [1m[92m  Downloaded[0m ash v0.38.0+1.3.281
2026-10-07T22:26:28.7830802Z [1m[92m  Downloaded[0m av1-grain v0.2.4
2026-10-07T22:26:28.7853308Z [1m[92m  Downloaded[0m aws-credential-types v1.2.12
2026-10-07T22:26:28.7869974Z [1m[92m  Downloaded[0m aws-smithy-async v1.2.14
2026-10-07T22:26:28.7890728Z [1m[92m  Downloaded[0m async-global-executor v2.4.1
2026-10-07T22:26:28.7908168Z [1m[92m  Downloaded[0m new_debug_unreachable v1.0.6
2026-10-07T22:26:28.7918847Z [1m[92m  Downloaded[0m swash v0.2.6
2026-10-07T22:26:28.7994025Z [1m[92m  Downloaded[0m unicode-width v0.2.2
2026-10-07T22:26:28.8048888Z [1m[92m  Downloaded[0m linktime-proc-macro v0.2.2
2026-10-07T22:26:28.8062316Z [1m[92m  Downloaded[0m phf_generator v0.11.3
2026-10-07T22:26:28.8073910Z [1m[92m  Downloaded[0m pulley-interpreter v48.0.1
2026-10-07T22:26:28.8101671Z [1m[92m  Downloaded[0m tracing-core v0.1.35
2026-10-07T22:26:28.8128661Z [1m[92m  Downloaded[0m axum-core v0.3.4
2026-10-07T22:26:28.8149281Z [1m[92m  Downloaded[0m human_bytes v0.4.3
2026-10-07T22:26:28.8161001Z [1m[92m  Downloaded[0m colorchoice v1.0.4
2026-10-07T22:26:28.8170567Z [1m[92m  Downloaded[0m core2 v0.4.0
2026-10-07T22:26:28.8189863Z [1m[92m  Downloaded[0m httparse v1.10.1
2026-10-07T22:26:28.8214978Z [1m[92m  Downloaded[0m strsim v0.11.1
2026-10-07T22:26:28.8227757Z [1m[92m  Downloaded[0m alsa v0.10.0
2026-10-07T22:26:28.8253645Z [1m[92m  Downloaded[0m bon v3.8.2
2026-10-07T22:26:28.8334331Z [1m[92m  Downloaded[0m borsh v1.5.7
2026-10-07T22:26:28.8405720Z [1m[92m  Downloaded[0m fluent-uri v0.4.1
2026-10-07T22:26:28.8434733Z [1m[92m  Downloaded[0m io-extras v0.19.0
2026-10-07T22:26:28.8457049Z [1m[92m  Downloaded[0m nanoid v0.4.0
2026-10-07T22:26:28.8466872Z [1m[92m  Downloaded[0m notify-rust v4.18.0
2026-10-07T22:26:28.8499585Z [1m[92m  Downloaded[0m openssl-sys v0.9.117
2026-10-07T22:26:28.8556365Z [1m[92m  Downloaded[0m prost-build v0.14.4
2026-10-07T22:26:28.8592151Z [1m[92m  Downloaded[0m yaml-rust2 v0.8.1
2026-10-07T22:26:28.8883904Z [1m[92m  Downloaded[0m annotate-snippets v0.12.12
2026-10-07T22:26:28.8917619Z [1m[92m  Downloaded[0m jsonschema-value v0.51.0
2026-10-07T22:26:28.8937345Z [1m[92m  Downloaded[0m flume v0.11.1
2026-10-07T22:26:28.8972023Z [1m[92m  Downloaded[0m flume v0.12.0
2026-10-07T22:26:28.9006422Z [1m[92m  Downloaded[0m maybe-owned v0.3.4
2026-10-07T22:26:28.9018965Z [1m[92m  Downloaded[0m plain v0.2.3
2026-10-07T22:26:28.9029552Z [1m[92m  Downloaded[0m prost-reflect v0.16.5
2026-10-07T22:26:28.9193863Z [1m[92m  Downloaded[0m imgref v1.12.0
2026-10-07T22:26:28.9209950Z [1m[92m  Downloaded[0m merge_derive v0.1.0
2026-10-07T22:26:28.9217999Z [1m[92m  Downloaded[0m futures-concurrency v7.7.1
2026-10-07T22:26:28.9302936Z [1m[92m  Downloaded[0m wayland-protocols-wlr v0.3.9
2026-10-07T22:26:28.9324596Z [1m[92m  Downloaded[0m bon-macros v3.8.2
2026-10-07T22:26:28.9393018Z [1m[92m  Downloaded[0m core_maths v0.1.1
2026-10-07T22:26:28.9401069Z [1m[92m  Downloaded[0m read-fonts v0.35.0
2026-10-07T22:26:28.9555470Z [1m[92m  Downloaded[0m serde_repr v0.1.20
2026-10-07T22:26:28.9576152Z [1m[92m  Downloaded[0m adler32 v1.2.0
2026-10-07T22:26:28.9586387Z [1m[92m  Downloaded[0m codespan-reporting v0.13.0
2026-10-07T22:26:28.9663612Z [1m[92m  Downloaded[0m http-body-util v0.1.3
2026-10-07T22:26:28.9681338Z [1m[92m  Downloaded[0m httpdate v1.0.3
2026-10-07T22:26:28.9693350Z [1m[92m  Downloaded[0m kv-log-macro v1.0.7
2026-10-07T22:26:28.9711863Z [1m[92m  Downloaded[0m rand_chacha v0.9.0
2026-10-07T22:26:28.9723638Z [1m[92m  Downloaded[0m aligned-vec v0.6.4
2026-10-07T22:26:28.9733355Z [1m[92m  Downloaded[0m async-trait v0.1.89
2026-10-07T22:26:28.9771321Z [1m[92m  Downloaded[0m htmlize v1.1.0
2026-10-07T22:26:28.9801756Z [1m[92m  Downloaded[0m aws-config v1.8.14
2026-10-07T22:26:28.9868318Z [1m[92m  Downloaded[0m aws-smithy-json v0.62.5
2026-10-07T22:26:28.9885121Z [1m[92m  Downloaded[0m fearless_simd v0.4.1
2026-10-07T22:26:28.9952053Z [1m[92m  Downloaded[0m http-body v1.0.1
2026-10-07T22:26:28.9961707Z [1m[92m  Downloaded[0m is-wsl v0.4.0
2026-10-07T22:26:28.9972609Z [1m[92m  Downloaded[0m itertools v0.14.0
2026-10-07T22:26:29.0043031Z [1m[92m  Downloaded[0m libflate_lz77 v2.3.0
2026-10-07T22:26:29.0053434Z [1m[92m  Downloaded[0m aho-corasick v1.1.3
2026-10-07T22:26:29.0105163Z [1m[92m  Downloaded[0m string_cache_codegen v0.6.1
2026-10-07T22:26:29.0112231Z [1m[92m  Downloaded[0m cranelift-codegen v0.135.1
2026-10-07T22:26:29.0410332Z [1m[92m  Downloaded[0m chrono v0.4.42
2026-10-07T22:26:29.0475934Z [1m[92m  Downloaded[0m fancy-regex v0.19.0
2026-10-07T22:26:29.0540240Z [1m[92m  Downloaded[0m inout v0.1.4
2026-10-07T22:26:29.0552071Z [1m[92m  Downloaded[0m num-derive v0.4.2
2026-10-07T22:26:29.0570988Z [1m[92m  Downloaded[0m stacksafe-macro v1.0.3
2026-10-07T22:26:29.0578313Z [1m[92m  Downloaded[0m thread_local v1.1.9
2026-10-07T22:26:29.0593874Z [1m[92m  Downloaded[0m atomic-waker v1.1.2
2026-10-07T22:26:29.0606291Z [1m[92m  Downloaded[0m aws-smithy-eventstream v0.60.20
2026-10-07T22:26:29.0630713Z [1m[92m  Downloaded[0m beef v0.5.2
2026-10-07T22:26:29.0648910Z [1m[92m  Downloaded[0m exec v0.3.1
2026-10-07T22:26:29.0659169Z [1m[92m  Downloaded[0m handlebars v5.1.2
2026-10-07T22:26:29.0731250Z [1m[92m  Downloaded[0m libloading v0.8.9
2026-10-07T22:26:29.0755231Z [1m[92m  Downloaded[0m lock_api v0.4.14
2026-10-07T22:26:29.0768338Z [1m[92m  Downloaded[0m lyon_algorithms v1.0.16
2026-10-07T22:26:29.0785117Z [1m[92m  Downloaded[0m minimal-lexical v0.2.1
2026-10-07T22:26:29.0831580Z [1m[92m  Downloaded[0m polling v3.11.0
2026-10-07T22:26:29.0862015Z [1m[92m  Downloaded[0m rand_core v0.9.3
2026-10-07T22:26:29.0876453Z [1m[92m  Downloaded[0m rand_core v0.10.1
2026-10-07T22:26:29.0893265Z [1m[92m  Downloaded[0m sqlx-sqlite v0.8.6
2026-10-07T22:26:29.0940379Z [1m[92m  Downloaded[0m tracing-attributes v0.1.31
2026-10-07T22:26:29.0967592Z [1m[92m  Downloaded[0m tree-sitter-ruby v0.23.1
2026-10-07T22:26:29.1160734Z [1m[92m  Downloaded[0m value-bag v1.12.0
2026-10-07T22:26:29.1189209Z [1m[92m  Downloaded[0m addr2line v0.25.1
2026-10-07T22:26:29.1207825Z [1m[92m  Downloaded[0m aws-smithy-runtime v1.10.1
2026-10-07T22:26:29.1268222Z [1m[92m  Downloaded[0m gio-sys v0.21.5
2026-10-07T22:26:29.1294270Z [1m[92m  Downloaded[0m h2 v0.3.27
2026-10-07T22:26:29.1359640Z [1m[92m  Downloaded[0m imara-diff v0.2.0
2026-10-07T22:26:29.1402444Z [1m[92m  Downloaded[0m ipc-channel v0.19.0
2026-10-07T22:26:29.1449104Z [1m[92m  Downloaded[0m libc v0.2.186
2026-10-07T22:26:29.1848859Z [1m[92m  Downloaded[0m litrs v1.0.0
2026-10-07T22:26:29.1879190Z [1m[92m  Downloaded[0m lmdb-master-sys v0.2.5
2026-10-07T22:26:29.1929670Z [1m[92m  Downloaded[0m nu-ansi-term v0.50.3
2026-10-07T22:26:29.1954657Z [1m[92m  Downloaded[0m pathdiff v0.2.3
2026-10-07T22:26:29.1963427Z [1m[92m  Downloaded[0m pathfinder_geometry v0.5.1
2026-10-07T22:26:29.1975432Z [1m[92m  Downloaded[0m protobuf-support v3.7.2
2026-10-07T22:26:29.1991230Z [1m[92m  Downloaded[0m pxfm v0.1.25
2026-10-07T22:26:29.2240662Z [1m[92m  Downloaded[0m rand_core v0.6.4
2026-10-07T22:26:29.2254247Z [1m[92m  Downloaded[0m schemars_derive v1.0.4
2026-10-07T22:26:29.2273810Z [1m[92m  Downloaded[0m scoped-tls v1.0.1
2026-10-07T22:26:29.2283263Z [1m[92m  Downloaded[0m sec1 v0.3.0
2026-10-07T22:26:29.2299727Z [1m[92m  Downloaded[0m serde_spanned v0.6.9
2026-10-07T22:26:29.2310425Z [1m[92m  Downloaded[0m symphonia-metadata v0.5.5
2026-10-07T22:26:29.2324269Z [1m[92m  Downloaded[0m tree-sitter-elixir v0.3.4
2026-10-07T22:26:29.2489510Z [1m[92m  Downloaded[0m goblin v0.9.3
2026-10-07T22:26:29.2551753Z [1m[92m  Downloaded[0m is_executable v1.0.5
2026-10-07T22:26:29.2565585Z [1m[92m  Downloaded[0m jsonschema v0.51.0
2026-10-07T22:26:29.2755195Z [1m[92m  Downloaded[0m nix v0.30.1
2026-10-07T22:26:29.2870943Z [1m[92m  Downloaded[0m prost-types v0.14.4
2026-10-07T22:26:29.2888339Z [1m[92m  Downloaded[0m random_choice v0.3.2
2026-10-07T22:26:29.2898146Z [1m[92m  Downloaded[0m aws-sdk-ssooidc v1.96.0
2026-10-07T22:26:29.2979492Z [1m[92m  Downloaded[0m unicode-ccc v0.4.0
2026-10-07T22:26:29.2988967Z [1m[92m  Downloaded[0m link-cplusplus v1.0.12
2026-10-07T22:26:29.3000824Z [1m[92m  Downloaded[0m pbkdf2 v0.12.2
2026-10-07T22:26:29.3014585Z [1m[92m  Downloaded[0m hashlink v0.10.0
2026-10-07T22:26:29.3032123Z [1m[92m  Downloaded[0m time-core v0.1.8
2026-10-07T22:26:29.3042979Z [1m[92m  Downloaded[0m zbus-lockstep-macros v0.5.2
2026-10-07T22:26:29.3051339Z [1m[92m  Downloaded[0m async-compat v0.2.5
2026-10-07T22:26:29.3065683Z [1m[92m  Downloaded[0m itertools v0.15.0
2026-10-07T22:26:29.3138599Z [1m[92m  Downloaded[0m simdutf8 v0.1.5
2026-10-07T22:26:29.3161880Z [1m[92m  Downloaded[0m phf_generator v0.13.1
2026-10-07T22:26:29.3173250Z [1m[92m  Downloaded[0m serde_spanned v1.0.3
2026-10-07T22:26:29.3184568Z [1m[92m  Downloaded[0m zbus v5.13.2
2026-10-07T22:26:29.3277147Z [1m[92m  Downloaded[0m circular-buffer v1.2.0
2026-10-07T22:26:29.3298349Z [1m[92m  Downloaded[0m lalrpop-util v0.23.1
2026-10-07T22:26:29.3309673Z [1m[92m  Downloaded[0m clap_complete v4.5.59
2026-10-07T22:26:29.3339205Z [1m[92m  Downloaded[0m paste v1.0.15
2026-10-07T22:26:29.3372370Z [1m[92m  Downloaded[0m pastey v0.1.1
2026-10-07T22:26:29.3389851Z [1m[92m  Downloaded[0m value-bag-serde1 v1.12.0
2026-10-07T22:26:29.3398154Z [1m[92m  Downloaded[0m wasm-metadata v0.201.0
2026-10-07T22:26:29.3405594Z [1m[92m  Downloaded[0m simplelog v0.12.2
2026-10-07T22:26:29.3425098Z [1m[92m  Downloaded[0m smol_str v0.3.6
2026-10-07T22:26:29.3440912Z [1m[92m  Downloaded[0m unicode-general-category v1.1.0
2026-10-07T22:26:29.3456789Z [1m[92m  Downloaded[0m toml_edit v0.23.7
2026-10-07T22:26:29.3495464Z [1m[92m  Downloaded[0m strict-num v0.1.1
2026-10-07T22:26:29.3505542Z [1m[92m  Downloaded[0m aws-smithy-observability v0.2.5
2026-10-07T22:26:29.3519069Z [1m[92m  Downloaded[0m fraction v0.16.0
2026-10-07T22:26:29.3576058Z [1m[92m  Downloaded[0m protox-parse v0.9.0
2026-10-07T22:26:29.3597394Z [1m[92m  Downloaded[0m gpu-allocator v0.28.0
2026-10-07T22:26:29.3626404Z [1m[92m  Downloaded[0m nested v0.1.1
2026-10-07T22:26:29.3637334Z [1m[92m  Downloaded[0m png v0.18.0
2026-10-07T22:26:29.3675979Z [1m[92m  Downloaded[0m pollster v0.2.5
2026-10-07T22:26:29.3688279Z [1m[92m  Downloaded[0m triomphe v0.1.15
2026-10-07T22:26:29.3708757Z [1m[92m  Downloaded[0m backtrace v0.3.76
2026-10-07T22:26:29.3759935Z [1m[92m  Downloaded[0m fs_extra v1.3.0
2026-10-07T22:26:29.3776456Z [1m[92m  Downloaded[0m getrandom v0.4.1
2026-10-07T22:26:29.3815828Z [1m[92m  Downloaded[0m rand_distr v0.5.1
2026-10-07T22:26:29.3850887Z [1m[92m  Downloaded[0m snafu-derive v0.8.9
2026-10-07T22:26:29.3864508Z [1m[92m  Downloaded[0m wasm-metadata v0.254.0
2026-10-07T22:26:29.3889498Z [1m[92m  Downloaded[0m wasmprinter v0.254.0
2026-10-07T22:26:29.3917902Z [1m[92m  Downloaded[0m wit-bindgen-rust v0.22.0
2026-10-07T22:26:29.3946953Z [1m[92m  Downloaded[0m ahash v0.8.12
2026-10-07T22:26:29.3993159Z [1m[92m  Downloaded[0m signal-hook v0.4.4
2026-10-07T22:26:29.4029321Z [1m[92m  Downloaded[0m write16 v1.0.0
2026-10-07T22:26:29.4039920Z [1m[92m  Downloaded[0m tiff v0.11.3
2026-10-07T22:26:29.4089264Z [1m[92m  Downloaded[0m zeroize v1.8.2
2026-10-07T22:26:29.4102714Z [1m[92m  Downloaded[0m inherent v1.0.13
2026-10-07T22:26:29.4122409Z [1m[92m  Downloaded[0m ouroboros v0.18.5
2026-10-07T22:26:29.4130882Z [1m[92m  Downloaded[0m rand_pcg v0.3.1
2026-10-07T22:26:29.4144934Z [1m[92m  Downloaded[0m async-broadcast v0.7.2
2026-10-07T22:26:29.4161915Z [1m[92m  Downloaded[0m hyper v1.11.1
2026-10-07T22:26:29.4233160Z [1m[92m  Downloaded[0m static_assertions v1.1.0
2026-10-07T22:26:29.4247872Z [1m[92m  Downloaded[0m aws-sdk-sso v1.94.0
2026-10-07T22:26:29.4314978Z [1m[92m  Downloaded[0m aws-smithy-http v0.63.4
2026-10-07T22:26:29.4336976Z [1m[92m  Downloaded[0m compression-core v0.4.29
2026-10-07T22:26:29.4345776Z [1m[92m  Downloaded[0m micromap v0.3.0
2026-10-07T22:26:29.4398030Z [1m[92m  Downloaded[0m num-complex v0.4.6
2026-10-07T22:26:29.4412364Z [1m[92m  Downloaded[0m num-conv v0.2.0
2026-10-07T22:26:29.4421078Z [1m[92m  Downloaded[0m rand v0.9.4
2026-10-07T22:26:29.4459663Z [1m[92m  Downloaded[0m rustversion v1.0.22
2026-10-07T22:26:29.4488633Z [1m[92m  Downloaded[0m thiserror-impl v2.0.17
2026-10-07T22:26:29.4503466Z [1m[92m  Downloaded[0m unicode-linebreak v0.1.5
2026-10-07T22:26:29.4512946Z [1m[92m  Downloaded[0m unicode-normalization v0.1.25
2026-10-07T22:26:29.4547814Z [1m[92m  Downloaded[0m v_frame v0.3.9
2026-10-07T22:26:29.4563998Z [1m[92m  Downloaded[0m zstd v0.11.2+zstd.1.5.2
2026-10-07T22:26:29.4596841Z [1m[92m  Downloaded[0m clap_lex v0.7.6
2026-10-07T22:26:29.4608212Z [1m[92m  Downloaded[0m hexf-parse v0.2.1
2026-10-07T22:26:29.4614542Z [1m[92m  Downloaded[0m nbformat v1.2.0
2026-10-07T22:26:29.4658859Z [1m[92m  Downloaded[0m tower v0.4.13
2026-10-07T22:26:29.4763916Z [1m[92m  Downloaded[0m hashbrown v0.14.5
2026-10-07T22:26:29.4811486Z [1m[92m  Downloaded[0m tokio-tungstenite v0.21.0
2026-10-07T22:26:29.4831832Z [1m[92m  Downloaded[0m object v0.37.3
2026-10-07T22:26:29.4941036Z [1m[92m  Downloaded[0m zip v0.6.6
2026-10-07T22:26:29.4985057Z [1m[92m  Downloaded[0m pathfinder_simd v0.5.6
2026-10-07T22:26:29.5004069Z [1m[92m  Downloaded[0m zbus_xml v5.1.1
2026-10-07T22:26:29.5016506Z [1m[92m  Downloaded[0m zed_extension_api v0.1.0
2026-10-07T22:26:29.5040148Z [1m[92m  Downloaded[0m aligned v0.4.3
2026-10-07T22:26:29.5051903Z [1m[92m  Downloaded[0m arbitrary v1.4.2
2026-10-07T22:26:29.5102323Z [1m[92m  Downloaded[0m atomic v0.5.3
2026-10-07T22:26:29.5112991Z [1m[92m  Downloaded[0m aws-sigv4 v1.4.0
2026-10-07T22:26:29.5635153Z [1m[92m  Downloaded[0m concurrent-queue v2.5.0
2026-10-07T22:26:29.5651684Z [1m[92m  Downloaded[0m gpu-descriptor v0.3.2
2026-10-07T22:26:29.5660566Z [1m[92m  Downloaded[0m phf_codegen v0.13.1
2026-10-07T22:26:29.5669771Z [1m[92m  Downloaded[0m rustc_version v0.4.1
2026-10-07T22:26:29.5682268Z [1m[92m  Downloaded[0m rustls-pemfile v2.2.0
2026-10-07T22:26:29.5706993Z [1m[92m  Downloaded[0m smart-default v0.7.1
2026-10-07T22:26:29.5721354Z [1m[92m  Downloaded[0m target-lexicon v0.13.5
2026-10-07T22:26:29.5736926Z [1m[92m  Downloaded[0m tracing v0.1.43
2026-10-07T22:26:29.5777239Z [1m[92m  Downloaded[0m tracing-subscriber v0.3.22
2026-10-07T22:26:29.5862306Z [1m[92m  Downloaded[0m winnow v1.0.2
2026-10-07T22:26:29.5961408Z [1m[92m  Downloaded[0m wit-parser v0.201.0
2026-10-07T22:26:29.6246778Z [1m[92m  Downloaded[0m zerocopy-derive v0.8.27
2026-10-07T22:26:29.6316987Z [1m[92m  Downloaded[0m anstyle v1.0.13
2026-10-07T22:26:29.6331732Z [1m[92m  Downloaded[0m cobs v0.3.0
2026-10-07T22:26:29.6346498Z [1m[92m  Downloaded[0m const_format v0.2.35
2026-10-07T22:26:29.6395123Z [1m[92m  Downloaded[0m constant_time_eq v0.1.5
2026-10-07T22:26:29.6404562Z [1m[92m  Downloaded[0m palette v0.7.6
2026-10-07T22:26:29.6520010Z [1m[92m  Downloaded[0m pest_derive v2.8.3
2026-10-07T22:26:29.6544023Z [1m[92m  Downloaded[0m protobuf v3.7.2
2026-10-07T22:26:29.6655553Z [1m[92m  Downloaded[0m smol v2.0.2
2026-10-07T22:26:29.6694842Z [1m[92m  Downloaded[0m syn v1.0.109
2026-10-07T22:26:29.6789973Z [1m[92m  Downloaded[0m wit-parser v0.254.0
2026-10-07T22:26:29.7204274Z [1m[92m  Downloaded[0m aws-sdk-kinesis v1.100.0
2026-10-07T22:26:29.7524068Z [1m[92m  Downloaded[0m rustls-platform-verifier v0.7.0
2026-10-07T22:26:29.7564157Z [1m[92m  Downloaded[0m clap_complete_nushell v4.6.0
2026-10-07T22:26:29.7580838Z [1m[92m  Downloaded[0m const-random-macro v0.1.16
2026-10-07T22:26:29.7588786Z [1m[92m  Downloaded[0m pretty_assertions v1.4.1
2026-10-07T22:26:29.7606334Z [1m[92m  Downloaded[0m sha-1 v0.10.1
2026-10-07T22:26:29.7621433Z [1m[92m  Downloaded[0m agent-client-protocol-schema v1.9.1
2026-10-07T22:26:29.7674415Z [1m[92m  Downloaded[0m warp v0.3.7
2026-10-07T22:26:29.7756549Z [1m[92m  Downloaded[0m wasmparser v0.254.0
2026-10-07T22:26:29.7839191Z [1m[92m  Downloaded[0m serde_yaml v0.9.34+deprecated
2026-10-07T22:26:29.7873422Z [1m[92m  Downloaded[0m thiserror-impl v1.0.69
2026-10-07T22:26:29.7887087Z [1m[92m  Downloaded[0m ambient-authority v0.0.2
2026-10-07T22:26:29.7899648Z [1m[92m  Downloaded[0m regalloc2 v0.15.2
2026-10-07T22:26:29.7946263Z [1m[92m  Downloaded[0m command-fds v0.3.2
2026-10-07T22:26:29.7961892Z [1m[92m  Downloaded[0m hyper-timeout v0.5.2
2026-10-07T22:26:29.7977155Z [1m[92m  Downloaded[0m is-terminal v0.4.16
2026-10-07T22:26:29.7986478Z [1m[92m  Downloaded[0m matchers v0.2.0
2026-10-07T22:26:29.7997693Z [1m[92m  Downloaded[0m option-ext v0.2.0
2026-10-07T22:26:29.8006154Z [1m[92m  Downloaded[0m accesskit_unix v0.22.1
2026-10-07T22:26:29.8027810Z [1m[92m  Downloaded[0m encoding_rs v0.8.35
2026-10-07T22:26:29.8226300Z [1m[92m  Downloaded[0m tokio-tungstenite v0.28.0
2026-10-07T22:26:29.8247721Z [1m[92m  Downloaded[0m include-flate-codegen v0.3.4
2026-10-07T22:26:29.8255328Z [1m[92m  Downloaded[0m inotify v0.9.6
2026-10-07T22:26:29.8274998Z [1m[92m  Downloaded[0m lyon_geom v1.0.17
2026-10-07T22:26:29.8292256Z [1m[92m  Downloaded[0m zed_extension_api v0.7.0
2026-10-07T22:26:29.8349313Z [1m[92m  Downloaded[0m zstd v0.13.3
2026-10-07T22:26:29.8379459Z [1m[92m  Downloaded[0m clap_builder v4.5.49
2026-10-07T22:26:29.8442813Z [1m[92m  Downloaded[0m imagesize v0.14.0
2026-10-07T22:26:29.8470280Z [1m[92m  Downloaded[0m pgvector v0.4.1
2026-10-07T22:26:29.8496558Z [1m[92m  Downloaded[0m cmake v0.1.56
2026-10-07T22:26:29.8510464Z [1m[92m  Downloaded[0m compression-codecs v0.4.31
2026-10-07T22:26:29.8548638Z [1m[92m  Downloaded[0m convert_case v0.10.0
2026-10-07T22:26:29.8566240Z [1m[92m  Downloaded[0m svg_fmt v0.4.5
2026-10-07T22:26:29.8575628Z [1m[92m  Downloaded[0m zeromq v0.5.0
2026-10-07T22:26:29.8640616Z [1m[92m  Downloaded[0m no_std_io2 v0.9.4
2026-10-07T22:26:29.8659998Z [1m[92m  Downloaded[0m wasmparser v0.201.0
2026-10-07T22:26:29.8721859Z [1m[92m  Downloaded[0m glib v0.21.5
2026-10-07T22:26:29.8844323Z [1m[92m  Downloaded[0m seahash v4.1.0
2026-10-07T22:26:29.8860093Z [1m[92m  Downloaded[0m shingles v0.1.1
2026-10-07T22:26:29.8871340Z [1m[92m  Downloaded[0m bytes v1.11.1
2026-10-07T22:26:29.8913378Z [1m[92m  Downloaded[0m equator v0.4.2
2026-10-07T22:26:29.8927622Z [1m[92m  Downloaded[0m shell-words v1.1.0
2026-10-07T22:26:29.8936845Z [1m[92m  Downloaded[0m time v0.3.47
2026-10-07T22:26:29.9067603Z [1m[92m  Downloaded[0m libflate v2.3.1
2026-10-07T22:26:29.9092014Z [1m[92m  Downloaded[0m num-rational v0.4.2
2026-10-07T22:26:29.9104339Z [1m[92m  Downloaded[0m presser v0.3.1
2026-10-07T22:26:29.9121727Z [1m[92m  Downloaded[0m atspi-common v0.13.0
2026-10-07T22:26:29.9171355Z [1m[92m  Downloaded[0m const-random v0.1.18
2026-10-07T22:26:29.9182884Z [1m[92m  Downloaded[0m foreign-types v0.3.2
2026-10-07T22:26:29.9190201Z [1m[92m  Downloaded[0m precomputed-hash v0.1.1
2026-10-07T22:26:29.9196558Z [1m[92m  Downloaded[0m ryu v1.0.23
2026-10-07T22:26:29.9229754Z [1m[92m  Downloaded[0m stacksafe v1.0.3
2026-10-07T22:26:29.9246824Z [1m[92m  Downloaded[0m fnv v1.0.7
2026-10-07T22:26:29.9255946Z [1m[92m  Downloaded[0m rand v0.10.2
2026-10-07T22:26:29.9293652Z [1m[92m  Downloaded[0m matchit v0.7.3
2026-10-07T22:26:29.9313345Z [1m[92m  Downloaded[0m rtoolbox v0.0.3
2026-10-07T22:26:29.9326924Z [1m[92m  Downloaded[0m borsh-derive v1.5.7
2026-10-07T22:26:29.9358163Z [1m[92m  Downloaded[0m icu_collator_data v2.3.0
2026-10-07T22:26:29.9433161Z [1m[92m  Downloaded[0m md-5 v0.10.6
2026-10-07T22:26:29.9449107Z [1m[92m  Downloaded[0m open v5.3.2
2026-10-07T22:26:29.9464075Z [1m[92m  Downloaded[0m similar v2.7.0
2026-10-07T22:26:29.9518613Z [1m[92m  Downloaded[0m tempfile v3.27.0
2026-10-07T22:26:29.9544264Z [1m[92m  Downloaded[0m tungstenite v0.28.0
2026-10-07T22:26:29.9579358Z [1m[92m  Downloaded[0m wait-timeout v0.2.1
2026-10-07T22:26:29.9594583Z [1m[92m  Downloaded[0m walkdir v2.5.0
2026-10-07T22:26:29.9612536Z [1m[92m  Downloaded[0m group v0.12.1
2026-10-07T22:26:29.9628421Z [1m[92m  Downloaded[0m itertools v0.13.0
2026-10-07T22:26:29.9700246Z [1m[92m  Downloaded[0m libdbus-sys v0.2.6
2026-10-07T22:26:30.0012850Z [1m[92m  Downloaded[0m toml_datetime v0.7.3
2026-10-07T22:26:30.0026168Z [1m[92m  Downloaded[0m zerocopy v0.8.27
2026-10-07T22:26:30.0291106Z [1m[92m  Downloaded[0m aws-sdk-bedrockruntime v1.125.0
2026-10-07T22:26:30.0627735Z [1m[92m  Downloaded[0m bs58 v0.5.1
2026-10-07T22:26:30.0650222Z [1m[92m  Downloaded[0m granit-parser v1.0.0
2026-10-07T22:26:30.0720677Z [1m[92m  Downloaded[0m guppy v0.18.0
2026-10-07T22:26:30.0786411Z [1m[92m  Downloaded[0m nom v8.0.0
2026-10-07T22:26:30.0840792Z [1m[92m  Downloaded[0m quinn v0.11.9
2026-10-07T22:26:30.0873855Z [1m[92m  Downloaded[0m rustls-pemfile v1.0.4
2026-10-07T22:26:30.0897266Z [1m[92m  Downloaded[0m nom v7.1.3
2026-10-07T22:26:30.0949376Z [1m[92m  Downloaded[0m proc-macro-error-attr v1.0.4
2026-10-07T22:26:30.0959455Z [1m[92m  Downloaded[0m rustls-webpki v0.103.13
2026-10-07T22:26:30.0990307Z [1m[92m  Downloaded[0m tokio-native-tls v0.3.1
2026-10-07T22:26:30.1008266Z [1m[92m  Downloaded[0m vcpkg v0.2.15
2026-10-07T22:26:30.1566414Z [1m[92m  Downloaded[0m allocator-api2 v0.2.21
2026-10-07T22:26:30.1591507Z [1m[92m  Downloaded[0m serde_with v3.22.0
2026-10-07T22:26:30.1726355Z [1m[92m  Downloaded[0m regex v1.12.3
2026-10-07T22:26:30.1779193Z [1m[92m  Downloaded[0m wayland-scanner v0.31.7
2026-10-07T22:26:30.1800301Z [1m[92m  Downloaded[0m wit-bindgen-rust-macro v0.22.0
2026-10-07T22:26:30.1807421Z [1m[92m  Downloaded[0m parking_lot v0.12.5
2026-10-07T22:26:30.1832146Z [1m[92m  Downloaded[0m ouroboros_macro v0.18.5
2026-10-07T22:26:30.1851409Z [1m[92m  Downloaded[0m pest_meta v2.8.3
2026-10-07T22:26:30.1874256Z [1m[92m  Downloaded[0m num_threads v0.1.7
2026-10-07T22:26:30.1885191Z [1m[92m  Downloaded[0m pin-project v1.1.10
2026-10-07T22:26:30.2026408Z [1m[92m  Downloaded[0m rav1e v0.8.1
2026-10-07T22:26:30.2358471Z [1m[92m  Downloaded[0m error-graph v0.1.1
2026-10-07T22:26:30.2369800Z [1m[92m  Downloaded[0m snafu v0.8.9
2026-10-07T22:26:30.2436833Z [1m[92m  Downloaded[0m libm v0.2.16
2026-10-07T22:26:30.2547989Z [1m[92m  Downloaded[0m prost v0.14.4
2026-10-07T22:26:30.2564718Z [1m[92m  Downloaded[0m env_filter v0.1.4
2026-10-07T22:26:30.2578355Z [1m[92m  Downloaded[0m pciid-parser v0.8.0
2026-10-07T22:26:30.2627652Z [1m[92m  Downloaded[0m pest_generator v2.8.3
2026-10-07T22:26:30.2643609Z [1m[92m  Downloaded[0m shellexpand v3.1.1
2026-10-07T22:26:30.2661386Z [1m[92m  Downloaded[0m vscode_theme v0.2.0
2026-10-07T22:26:30.2673312Z [1m[92m  Downloaded[0m string_cache v0.9.0
2026-10-07T22:26:30.2688937Z [1m[92m  Downloaded[0m synchronoise v1.0.1
2026-10-07T22:26:30.2701128Z [1m[92m  Downloaded[0m tracy-client v0.18.3
2026-10-07T22:26:30.2718657Z [1m[92m  Downloaded[0m system-deps v7.0.7
2026-10-07T22:26:30.2742094Z [1m[92m  Downloaded[0m time-macros v0.2.27
2026-10-07T22:26:30.2765535Z [1m[92m  Downloaded[0m toml_datetime v0.6.11
2026-10-07T22:26:30.2777324Z [1m[92m  Downloaded[0m want v0.3.1
2026-10-07T22:26:30.2787191Z [1m[92m  Downloaded[0m json5 v1.3.1
2026-10-07T22:26:30.2812086Z [1m[92m  Downloaded[0m tokio-socks v0.5.2
2026-10-07T22:26:30.2842117Z [1m[92m  Downloaded[0m toml_edit v0.22.27
2026-10-07T22:26:30.2886663Z [1m[92m  Downloaded[0m vsimd v0.8.0
2026-10-07T22:26:30.2908432Z [1m[92m  Downloaded[0m wgpu-naga-bridge v29.0.4
2026-10-07T22:26:30.2917011Z [1m[92m  Downloaded[0m notify-debouncer-mini v0.4.1
2026-10-07T22:26:30.2926046Z [1m[92m  Downloaded[0m phf v0.13.1
2026-10-07T22:26:30.2938862Z [1m[92m  Downloaded[0m tokio-macros v2.7.0
2026-10-07T22:26:30.2950354Z [1m[92m  Downloaded[0m async_zip v0.0.18
2026-10-07T22:26:30.3025274Z [1m[92m  Downloaded[0m brush-parser v0.3.0
2026-10-07T22:26:30.3086164Z [1m[92m  Downloaded[0m cc v1.4.3
2026-10-07T22:26:30.3117238Z [1m[92m  Downloaded[0m include-flate-compress v0.3.4
2026-10-07T22:26:30.3124099Z [1m[92m  Downloaded[0m ryu-js v1.0.2
2026-10-07T22:26:30.3173932Z [1m[92m  Downloaded[0m unicode-bidi-mirroring v0.4.0
2026-10-07T22:26:30.3183559Z [1m[92m  Downloaded[0m vte v0.15.0
2026-10-07T22:26:30.3205164Z [1m[92m  Downloaded[0m handlebars v4.5.0
2026-10-07T22:26:30.3277858Z [1m[92m  Downloaded[0m prost-derive v0.14.4
2026-10-07T22:26:30.3291699Z [1m[92m  Downloaded[0m rand_xorshift v0.4.0
2026-10-07T22:26:30.3302947Z [1m[92m  Downloaded[0m symphonia v0.5.5
2026-10-07T22:26:30.3315170Z [1m[92m  Downloaded[0m wasm-bindgen-macro-support v0.2.120
2026-10-07T22:26:30.3334166Z [1m[92m  Downloaded[0m wasmtime-c-api-impl v48.0.1
2026-10-07T22:26:30.3467396Z [1m[92m  Downloaded[0m sea-query-binder v0.7.0
2026-10-07T22:26:30.3478830Z [1m[92m  Downloaded[0m utf8parse v0.2.2
2026-10-07T22:26:30.3489374Z [1m[92m  Downloaded[0m tracing-tracy v0.11.4
2026-10-07T22:26:30.3500864Z [1m[92m  Downloaded[0m unicode-script v0.5.8
2026-10-07T22:26:30.3518732Z [1m[92m  Downloaded[0m waker-fn v1.2.0
2026-10-07T22:26:30.3527669Z [1m[92m  Downloaded[0m float-cmp v0.9.0
2026-10-07T22:26:30.3539422Z [1m[92m  Downloaded[0m hyper v0.14.32
2026-10-07T22:26:30.3615442Z [1m[92m  Downloaded[0m polycool v0.4.0
2026-10-07T22:26:30.3632059Z [1m[92m  Downloaded[0m tendril v0.5.1
2026-10-07T22:26:30.3651510Z [1m[92m  Downloaded[0m hashlink v0.8.4
2026-10-07T22:26:30.3669215Z [1m[92m  Downloaded[0m jsonwebtoken v10.3.0
2026-10-07T22:26:30.3721239Z [1m[92m  Downloaded[0m x11 v2.21.0
2026-10-07T22:26:30.3753448Z [1m[92m  Downloaded[0m erased-serde v0.4.9
2026-10-07T22:26:30.3778011Z [1m[92m  Downloaded[0m pin-project-internal v1.1.10
2026-10-07T22:26:30.3794305Z [1m[92m  Downloaded[0m tower v0.5.2
2026-10-07T22:26:30.3899445Z [1m[92m  Downloaded[0m guppy-workspace-hack v0.1.0
2026-10-07T22:26:30.3906006Z [1m[92m  Downloaded[0m wasmtime-internal-jit-icache-coherence v48.0.1
2026-10-07T22:26:30.3915199Z [1m[92m  Downloaded[0m ipnet v2.11.0
2026-10-07T22:26:30.3931370Z [1m[92m  Downloaded[0m cargo_metadata v0.19.2
2026-10-07T22:26:30.3950030Z [1m[92m  Downloaded[0m chunked_transfer v1.5.0
2026-10-07T22:26:30.3963155Z [1m[92m  Downloaded[0m quinn-proto v0.11.17
2026-10-07T22:26:30.4030377Z [1m[92m  Downloaded[0m stacker v0.1.25
2026-10-07T22:26:30.4051365Z [1m[92m  Downloaded[0m version_check v0.9.5
2026-10-07T22:26:30.4064446Z [1m[92m  Downloaded[0m rmp v0.8.14
2026-10-07T22:26:30.4104392Z [1m[92m  Downloaded[0m unicode-segmentation v1.13.3
2026-10-07T22:26:30.4133038Z [1m[92m  Downloaded[0m fork v0.4.0
2026-10-07T22:26:30.4157115Z [1m[92m  Downloaded[0m gpu-descriptor-types v0.2.0
2026-10-07T22:26:30.4164363Z [1m[92m  Downloaded[0m logos-derive v0.16.1
2026-10-07T22:26:30.4173465Z [1m[92m  Downloaded[0m cargo_toml v0.21.0
2026-10-07T22:26:30.4187276Z [1m[92m  Downloaded[0m include-flate v0.3.4
2026-10-07T22:26:30.4195775Z [1m[92m  Downloaded[0m rusty-fork v0.3.1
2026-10-07T22:26:30.4210853Z [1m[92m  Downloaded[0m serde_fmt v1.0.3
2026-10-07T22:26:30.4220372Z [1m[92m  Downloaded[0m chardetng v0.1.17
2026-10-07T22:26:30.4237608Z [1m[92m  Downloaded[0m cipher v0.4.4
2026-10-07T22:26:30.4252695Z [1m[92m  Downloaded[0m palette_derive v0.7.6
2026-10-07T22:26:30.4270955Z [1m[92m  Downloaded[0m exr v1.74.0
2026-10-07T22:26:30.4361591Z [1m[92m  Downloaded[0m link-section v0.19.2
2026-10-07T22:26:30.4407379Z [1m[92m  Downloaded[0m zeroize_derive v1.4.2
2026-10-07T22:26:30.4416980Z [1m[92m  Downloaded[0m http v0.2.12
2026-10-07T22:26:30.4451955Z [1m[92m  Downloaded[0m ptr_meta_derive v0.1.4
2026-10-07T22:26:30.4459050Z [1m[92m  Downloaded[0m block-buffer v0.10.4
2026-10-07T22:26:30.4470243Z [1m[92m  Downloaded[0m libbz2-rs-sys v0.2.2
2026-10-07T22:26:30.4488548Z [1m[92m  Downloaded[0m half v2.7.1
2026-10-07T22:26:30.4515705Z [1m[92m  Downloaded[0m phf_macros v0.13.1
2026-10-07T22:26:30.4525745Z [1m[92m  Downloaded[0m proxyvars v0.2.0
2026-10-07T22:26:30.4536343Z [1m[92m  Downloaded[0m ptr_meta v0.1.4
2026-10-07T22:26:30.4544887Z [1m[92m  Downloaded[0m hex v0.4.3
2026-10-07T22:26:30.4560954Z [1m[92m  Downloaded[0m khronos-egl v6.0.0
2026-10-07T22:26:30.4580660Z [1m[92m  Downloaded[0m equator-macro v0.4.2
2026-10-07T22:26:30.4589109Z [1m[92m  Downloaded[0m miette-derive v7.6.0
2026-10-07T22:26:30.4604529Z [1m[92m  Downloaded[0m rustls-pki-types v1.12.0
2026-10-07T22:26:30.4651709Z [1m[92m  Downloaded[0m borrow-or-share v0.2.4
2026-10-07T22:26:30.4661722Z [1m[92m  Downloaded[0m console v0.16.3
2026-10-07T22:26:30.4679008Z [1m[92m  Downloaded[0m html5ever v0.39.0
2026-10-07T22:26:30.4715001Z [1m[92m  Downloaded[0m logos-codegen v0.15.1
2026-10-07T22:26:30.4768374Z [1m[92m  Downloaded[0m rustix-linux-procfs v0.1.1
2026-10-07T22:26:30.4780020Z [1m[92m  Downloaded[0m cached v0.56.0
2026-10-07T22:26:30.4817093Z [1m[92m  Downloaded[0m image-webp v0.2.4
2026-10-07T22:26:30.4839678Z [1m[92m  Downloaded[0m rand_pcg v0.10.2
2026-10-07T22:26:30.4854237Z [1m[92m  Downloaded[0m ring v0.17.14
2026-10-07T22:26:30.5275698Z [1m[92m  Downloaded[0m signature v2.2.0
2026-10-07T22:26:30.5290337Z [1m[92m  Downloaded[0m quick-xml v0.41.0
2026-10-07T22:26:30.5348599Z [1m[92m  Downloaded[0m sea-bae v0.2.2
2026-10-07T22:26:30.5357916Z [1m[92m  Downloaded[0m serde_yaml_ng v0.10.0
2026-10-07T22:26:30.5390978Z [1m[92m  Downloaded[0m tree-sitter-go v0.25.0
2026-10-07T22:26:30.5430242Z [1m[92m  Downloaded[0m errno v0.2.8
2026-10-07T22:26:30.5443514Z [1m[92m  Downloaded[0m minidump-common v0.26.1
2026-10-07T22:26:30.5465746Z [1m[92m  Downloaded[0m h2 v0.4.19
2026-10-07T22:26:30.5530282Z [1m[92m  Downloaded[0m lyon v1.0.16
2026-10-07T22:26:30.5537942Z [1m[92m  Downloaded[0m png v0.17.16
2026-10-07T22:26:30.5576431Z [1m[92m  Downloaded[0m sync_wrapper v0.1.2
2026-10-07T22:26:30.5585881Z [1m[92m  Downloaded[0m linebender_resource_handle v0.1.1
2026-10-07T22:26:30.5597174Z [1m[92m  Downloaded[0m pin-utils v0.1.0
2026-10-07T22:26:30.5610784Z [1m[92m  Downloaded[0m regex-automata v0.4.18
2026-10-07T22:26:30.5751304Z [1m[92m  Downloaded[0m rustc-hash v1.1.0
2026-10-07T22:26:30.5760635Z [1m[92m  Downloaded[0m toml v0.8.23
2026-10-07T22:26:30.5785371Z [1m[92m  Downloaded[0m wasmtime-internal-c-api-macros v48.0.1
2026-10-07T22:26:30.5792231Z [1m[92m  Downloaded[0m bincode v1.3.3
2026-10-07T22:26:30.5815283Z [1m[92m  Downloaded[0m minidump-writer v0.13.0
2026-10-07T22:26:30.5893179Z [1m[92m  Downloaded[0m pulldown-cmark v0.10.3
2026-10-07T22:26:30.5941303Z [1m[92m  Downloaded[0m rustybuzz v0.20.1
2026-10-07T22:26:30.6082482Z [1m[92m  Downloaded[0m sea-query v0.32.7
2026-10-07T22:26:30.6231759Z [1m[92m  Downloaded[0m servo_arc v0.4.3
2026-10-07T22:26:30.6242402Z [1m[92m  Downloaded[0m sysinfo v0.39.6
2026-10-07T22:26:30.6400618Z [1m[92m  Downloaded[0m ucd-trie v0.1.7
2026-10-07T22:26:30.6416615Z [1m[92m  Downloaded[0m unicode-width v0.1.14
2026-10-07T22:26:30.6470459Z [1m[92m  Downloaded[0m wasm-bindgen v0.2.120
2026-10-07T22:26:30.6498674Z [1m[92m  Downloaded[0m wayland-backend v0.3.15
2026-10-07T22:26:30.6540599Z [1m[92m  Downloaded[0m x11rb v0.13.2
2026-10-07T22:26:30.6629696Z [1m[92m  Downloaded[0m zstd-sys v2.0.16+zstd.1.5.7
2026-10-07T22:26:30.6799877Z [1m[92m  Downloaded[0m futures v0.1.31
2026-10-07T22:26:30.6908171Z [1m[92m  Downloaded[0m petgraph v0.8.3
2026-10-07T22:26:30.7119173Z [1m[92m  Downloaded[0m thiserror v2.0.17
2026-10-07T22:26:30.7186741Z [1m[92m  Downloaded[0m jiff v0.2.15
2026-10-07T22:26:30.7336304Z [1m[92m  Downloaded[0m fs-set-times v0.20.3
2026-10-07T22:26:30.7350297Z [1m[92m  Downloaded[0m prometheus v0.14.0
2026-10-07T22:26:30.7401042Z [1m[92m  Downloaded[0m phf_shared v0.11.3
2026-10-07T22:26:30.7410601Z [1m[92m  Downloaded[0m rust-embed v8.11.0
2026-10-07T22:26:30.7494737Z [1m[92m  Downloaded[0m openssl-probe v0.2.1
2026-10-07T22:26:30.7506094Z [1m[92m  Downloaded[0m xkbcommon v0.8.0
2026-10-07T22:26:30.7527597Z [1m[92m  Downloaded[0m const-oid v0.9.6
2026-10-07T22:26:30.7546159Z [1m[92m  Downloaded[0m strum v0.26.3
2026-10-07T22:26:30.7554273Z [1m[92m  Downloaded[0m getrandom v0.3.4
2026-10-07T22:26:30.7589410Z [1m[92m  Downloaded[0m qoi v0.4.1
2026-10-07T22:26:30.7618499Z [1m[92m  Downloaded[0m slotmap v1.0.7
2026-10-07T22:26:30.7640397Z [1m[92m  Downloaded[0m zeno v0.3.3
2026-10-07T22:26:30.7662936Z [1m[92m  Downloaded[0m base16ct v0.1.1
2026-10-07T22:26:30.7676906Z [1m[92m  Downloaded[0m bzip2-sys v0.1.13+1.0.8
2026-10-07T22:26:30.7787233Z [1m[92m  Downloaded[0m harfrust v0.5.0
2026-10-07T22:26:30.7891149Z [1m[92m  Downloaded[0m num-bigint-dig v0.8.6
2026-10-07T22:26:30.7936120Z [1m[92m  Downloaded[0m octocrab v0.49.7
2026-10-07T22:26:30.8286674Z [1m[92m  Downloaded[0m rustix-openpty v0.2.0
2026-10-07T22:26:30.8297552Z [1m[92m  Downloaded[0m rustls-native-certs v0.8.3
2026-10-07T22:26:30.8321617Z [1m[92m  Downloaded[0m scc v3.5.6
2026-10-07T22:26:30.8362171Z [1m[92m  Downloaded[0m rustls v0.23.40
2026-10-07T22:26:30.8480891Z [1m[92m  Downloaded[0m yeslogic-fontconfig-sys v6.0.0
2026-10-07T22:26:30.8489200Z [1m[92m  Downloaded[0m io-lifetimes v3.0.1
2026-10-07T22:26:30.8505781Z [1m[92m  Downloaded[0m jupyter-protocol v1.4.0
2026-10-07T22:26:30.8522069Z [1m[92m  Downloaded[0m piper v0.2.4
2026-10-07T22:26:30.8537377Z [1m[92m  Downloaded[0m iovec v0.1.4
2026-10-07T22:26:30.8551371Z [1m[92m  Downloaded[0m renderdoc-sys v1.1.0
2026-10-07T22:26:30.8560637Z [1m[92m  Downloaded[0m rustc-demangle v0.1.26
2026-10-07T22:26:30.8577453Z [1m[92m  Downloaded[0m logos-codegen v0.16.1
2026-10-07T22:26:30.8629923Z [1m[92m  Downloaded[0m tagptr v0.2.0
2026-10-07T22:26:30.8643510Z [1m[92m  Downloaded[0m tree-sitter-c v0.24.1
2026-10-07T22:26:30.8711704Z [1m[92m  Downloaded[0m xmlwriter v0.1.0
2026-10-07T22:26:30.8722141Z [1m[92m  Downloaded[0m cast v0.3.0
2026-10-07T22:26:30.8733759Z [1m[92m  Downloaded[0m socket2 v0.5.10
2026-10-07T22:26:30.8751435Z [1m[92m  Downloaded[0m skrifa v0.40.0
2026-10-07T22:26:30.8842746Z [1m[92m  Downloaded[0m linkify v0.10.0
2026-10-07T22:26:30.8861450Z [1m[92m  Downloaded[0m num-bigint v0.4.8
2026-10-07T22:26:30.8909306Z [1m[92m  Downloaded[0m socket2 v0.6.5
2026-10-07T22:26:30.8927557Z [1m[92m  Downloaded[0m usvg v0.46.0
2026-10-07T22:26:30.8970614Z [1m[92m  Downloaded[0m wgpu v29.0.4
2026-10-07T22:26:30.9119047Z [1m[92m  Downloaded[0m bitvec v1.0.1
2026-10-07T22:26:30.9290759Z [1m[92m  Downloaded[0m foldhash v0.2.0
2026-10-07T22:26:30.9303716Z [1m[92m  Downloaded[0m wasmtime-internal-unwinder v48.0.1
2026-10-07T22:26:30.9319122Z [1m[92m  Downloaded[0m proc-macro-error v1.0.4
2026-10-07T22:26:30.9354661Z [1m[92m  Downloaded[0m zbus_macros v5.13.2
2026-10-07T22:26:30.9370568Z [1m[92m  Downloaded[0m globset v0.4.17
2026-10-07T22:26:30.9385744Z [1m[92m  Downloaded[0m glib-sys v0.21.5
2026-10-07T22:26:30.9407167Z [1m[92m  Downloaded[0m glob v0.3.3
2026-10-07T22:26:30.9422290Z [1m[92m  Downloaded[0m cbc v0.1.2
2026-10-07T22:26:30.9437822Z [1m[92m  Downloaded[0m sharded-slab v0.1.7
2026-10-07T22:26:30.9472006Z [1m[92m  Downloaded[0m failspot v0.2.0
2026-10-07T22:26:30.9482012Z [1m[92m  Downloaded[0m icu_locale_fallback v2.3.0
2026-10-07T22:26:30.9493036Z [1m[92m  Downloaded[0m strum_macros v0.27.2
2026-10-07T22:26:30.9517789Z [1m[92m  Downloaded[0m fax_derive v0.2.0
2026-10-07T22:26:30.9524054Z [1m[92m  Downloaded[0m proc-macro-error-attr3 v3.1.1
2026-10-07T22:26:30.9533333Z [1m[92m  Downloaded[0m spki v0.6.0
2026-10-07T22:26:30.9551151Z [1m[92m  Downloaded[0m pollster v0.4.0
2026-10-07T22:26:30.9563866Z [1m[92m  Downloaded[0m rand_chacha v0.3.1
2026-10-07T22:26:30.9575065Z [1m[92m  Downloaded[0m cargo-platform v0.3.2
2026-10-07T22:26:30.9587345Z [1m[92m  Downloaded[0m tokio-io v0.1.13
2026-10-07T22:26:30.9617618Z [1m[92m  Downloaded[0m ppv-lite86 v0.2.21
2026-10-07T22:26:30.9630182Z [1m[92m  Downloaded[0m manatee v0.8.0-alpha.5
2026-10-07T22:26:30.9664066Z [1m[92m  Downloaded[0m siphasher v1.0.1
2026-10-07T22:26:30.9676343Z [1m[92m  Downloaded[0m foreign-types-shared v0.1.1
2026-10-07T22:26:30.9682711Z [1m[92m  Downloaded[0m num-cmp v0.1.0
2026-10-07T22:26:30.9691011Z [1m[92m  Downloaded[0m rustc-hash v2.1.1
2026-10-07T22:26:30.9703864Z [1m[92m  Downloaded[0m hkdf v0.12.4
2026-10-07T22:26:30.9727902Z [1m[92m  Downloaded[0m parking v2.2.1
2026-10-07T22:26:30.9738944Z [1m[92m  Downloaded[0m scroll_derive v0.12.1
2026-10-07T22:26:30.9746743Z [1m[92m  Downloaded[0m web_atoms v0.2.6
2026-10-07T22:26:30.9762782Z [1m[92m  Downloaded[0m logos v0.16.1
2026-10-07T22:26:30.9781446Z [1m[92m  Downloaded[0m symphonia-format-riff v0.5.5
2026-10-07T22:26:30.9793732Z [1m[92m  Downloaded[0m parse_int v0.9.0
2026-10-07T22:26:30.9802168Z [1m[92m  Downloaded[0m spki v0.7.3
2026-10-07T22:26:30.9820538Z [1m[92m  Downloaded[0m strum_macros v0.28.0
2026-10-07T22:26:30.9845056Z [1m[92m  Downloaded[0m toml v0.5.11
2026-10-07T22:26:30.9867375Z [1m[92m  Downloaded[0m xml5ever v0.39.0
2026-10-07T22:26:30.9892412Z [1m[92m  Downloaded[0m zune-inflate v0.2.54
2026-10-07T22:26:30.9909470Z [1m[92m  Downloaded[0m bzip2 v0.4.4
2026-10-07T22:26:30.9926648Z [1m[92m  Downloaded[0m quinn-udp v0.5.14
2026-10-07T22:26:30.9944107Z [1m[92m  Downloaded[0m runtimelib v1.4.0
2026-10-07T22:26:30.9962559Z [1m[92m  Downloaded[0m bumpalo v3.20.3
2026-10-07T22:26:30.9989213Z [1m[92m  Downloaded[0m byteorder-lite v0.1.0
2026-10-07T22:26:30.9999546Z [1m[92m  Downloaded[0m gif v0.14.2
2026-10-07T22:26:31.0016905Z [1m[92m  Downloaded[0m num-traits v0.2.19
2026-10-07T22:26:31.0043005Z [1m[92m  Downloaded[0m tower-layer v0.3.3
2026-10-07T22:26:31.0053639Z [1m[92m  Downloaded[0m wasmtime-internal-jit-debug v48.0.1
2026-10-07T22:26:31.0064113Z [1m[92m  Downloaded[0m cargo-platform v0.1.9
2026-10-07T22:26:31.0076442Z [1m[92m  Downloaded[0m simd_helpers v0.1.0
2026-10-07T22:26:31.0084560Z [1m[92m  Downloaded[0m hash32 v0.3.1
2026-10-07T22:26:31.0098997Z [1m[92m  Downloaded[0m linux-raw-sys v0.12.1
2026-10-07T22:26:31.0719820Z [1m[92m  Downloaded[0m sval_ref v2.15.0
2026-10-07T22:26:31.0729218Z [1m[92m  Downloaded[0m wax v0.7.0
2026-10-07T22:26:31.0766164Z [1m[92m  Downloaded[0m yawc v0.4.2
2026-10-07T22:26:31.0799865Z [1m[92m  Downloaded[0m cap-std v4.0.3
2026-10-07T22:26:31.0831455Z [1m[92m  Downloaded[0m is_terminal_polyfill v1.70.1
2026-10-07T22:26:31.0840858Z [1m[92m  Downloaded[0m itertools v0.10.5
2026-10-07T22:26:31.0905990Z [1m[92m  Downloaded[0m perf-event2 v0.7.4
2026-10-07T22:26:31.0947329Z [1m[92m  Downloaded[0m serde_with_macros v3.22.0
2026-10-07T22:26:31.0966887Z [1m[92m  Downloaded[0m zune-core v0.5.1
2026-10-07T22:26:31.0990131Z [1m[92m  Downloaded[0m jupyter-websocket-client v1.1.0
2026-10-07T22:26:31.1001898Z [1m[92m  Downloaded[0m kurbo v0.13.1
2026-10-07T22:26:31.1054804Z [1m[92m  Downloaded[0m saa v5.4.9
2026-10-07T22:26:31.1077741Z [1m[92m  Downloaded[0m zbus-lockstep v0.5.2
2026-10-07T22:26:31.1087965Z [1m[92m  Downloaded[0m tree-sitter-rust v0.24.2
2026-10-07T22:26:31.1190417Z [1m[92m  Downloaded[0m wgpu-core v29.0.4
2026-10-07T22:26:31.1286210Z [1m[92m  Downloaded[0m bytes v0.4.12
2026-10-07T22:26:31.1318239Z [1m[92m  Downloaded[0m gaoya v0.2.0
2026-10-07T22:26:31.1342612Z [1m[92m  Downloaded[0m is-docker v0.2.0
2026-10-07T22:26:31.1353159Z [1m[92m  Downloaded[0m mdbook v0.4.40
2026-10-07T22:26:31.1573495Z [1m[92m  Downloaded[0m memfd v0.6.5
2026-10-07T22:26:31.1588986Z [1m[92m  Downloaded[0m pest v2.8.3
2026-10-07T22:26:31.1634225Z [1m[92m  Downloaded[0m phf_macros v0.11.3
2026-10-07T22:26:31.1643672Z [1m[92m  Downloaded[0m pkcs1 v0.7.5
2026-10-07T22:26:31.1668426Z [1m[92m  Downloaded[0m bit_field v0.10.3
2026-10-07T22:26:31.1680829Z [1m[92m  Downloaded[0m minidumper v0.11.0
2026-10-07T22:26:31.1699904Z [1m[92m  Downloaded[0m sval_nested v2.15.0
2026-10-07T22:26:31.1712633Z [1m[92m  Downloaded[0m toml_parser v1.0.4
2026-10-07T22:26:31.1735857Z [1m[92m  Downloaded[0m utf8-chars v3.0.6
2026-10-07T22:26:31.1745945Z [1m[92m  Downloaded[0m glow v0.17.0
2026-10-07T22:26:31.1791750Z [1m[92m  Downloaded[0m heapless v0.9.2
2026-10-07T22:26:31.1842903Z [1m[92m  Downloaded[0m quick-xml v0.37.5
2026-10-07T22:26:31.1894768Z [1m[92m  Downloaded[0m cfg_aliases v0.2.1
2026-10-07T22:26:31.1904857Z [1m[92m  Downloaded[0m extended v0.1.0
2026-10-07T22:26:31.1912241Z [1m[92m  Downloaded[0m secrecy v0.10.3
2026-10-07T22:26:31.1921310Z [1m[92m  Downloaded[0m strum v0.28.0
2026-10-07T22:26:31.1930374Z [1m[92m  Downloaded[0m wit-component v0.201.0
2026-10-07T22:26:31.2402036Z [1m[92m  Downloaded[0m yazi v0.2.1
2026-10-07T22:26:31.2416098Z [1m[92m  Downloaded[0m zbus_names v4.3.2
2026-10-07T22:26:31.2431823Z [1m[92m  Downloaded[0m env_logger v0.10.2
2026-10-07T22:26:31.2462083Z [1m[92m  Downloaded[0m maplit v1.0.2
2026-10-07T22:26:31.2474299Z [1m[92m  Downloaded[0m num-integer v0.1.46
2026-10-07T22:26:31.2491367Z [1m[92m  Downloaded[0m pbjson-types v0.9.0
2026-10-07T22:26:31.2509417Z [1m[92m  Downloaded[0m proc-macro-crate v3.4.0
2026-10-07T22:26:31.2523551Z [1m[92m  Downloaded[0m serde_path_to_error v0.1.20
2026-10-07T22:26:31.2540567Z [1m[92m  Downloaded[0m tap v1.0.1
2026-10-07T22:26:31.2550555Z [1m[92m  Downloaded[0m tree-sitter-bash v0.25.1
2026-10-07T22:26:31.2689538Z [1m[92m  Downloaded[0m winnow v0.7.13
2026-10-07T22:26:31.2784503Z [1m[92m  Downloaded[0m by_address v1.2.1
2026-10-07T22:26:31.2793373Z [1m[92m  Downloaded[0m gimli v0.33.0
2026-10-07T22:26:31.2868315Z [1m[92m  Downloaded[0m gobject-sys v0.21.5
2026-10-07T22:26:31.2883027Z [1m[92m  Downloaded[0m libmimalloc-sys v0.1.44
2026-10-07T22:26:31.3028510Z [1m[92m  Downloaded[0m referencing v0.51.0
2026-10-07T22:26:31.3075021Z [1m[92m  Downloaded[0m rust_decimal v1.39.0
2026-10-07T22:26:31.3137890Z [1m[92m  Downloaded[0m scroll v0.12.0
2026-10-07T22:26:31.3152397Z [1m[92m  Downloaded[0m tinyvec v1.10.0
2026-10-07T22:26:31.3179267Z [1m[92m  Downloaded[0m filetime v0.2.29
2026-10-07T22:26:31.3196254Z [1m[92m  Downloaded[0m uds v0.4.2
2026-10-07T22:26:31.3217411Z [1m[92m  Downloaded[0m regex-lite v0.1.8
2026-10-07T22:26:31.3245616Z [1m[92m  Downloaded[0m loop9 v0.1.5
2026-10-07T22:26:31.3253248Z [1m[92m  Downloaded[0m value-bag-sval2 v1.12.0
2026-10-07T22:26:31.3261763Z [1m[92m  Downloaded[0m oorandom v11.1.5
2026-10-07T22:26:31.3272126Z [1m[92m  Downloaded[0m powerfmt v0.2.0
2026-10-07T22:26:31.3284050Z [1m[92m  Downloaded[0m sqlx-macros v0.8.6
2026-10-07T22:26:31.3293047Z [1m[92m  Downloaded[0m wayland-sys v0.31.11
2026-10-07T22:26:31.3306113Z [1m[92m  Downloaded[0m zvariant v5.11.0
2026-10-07T22:26:31.3377376Z [1m[92m  Downloaded[0m chacha20 v0.10.1
2026-10-07T22:26:31.3401661Z [1m[92m  Downloaded[0m enumn v0.1.14
2026-10-07T22:26:31.3413965Z [1m[92m  Downloaded[0m event-listener v2.5.3
2026-10-07T22:26:31.3426437Z [1m[92m  Downloaded[0m gimli v0.32.3
2026-10-07T22:26:31.3494933Z [1m[92m  Downloaded[0m num-format v0.4.4
2026-10-07T22:26:31.3532470Z [1m[92m  Downloaded[0m partial-json-fixer v0.5.3
2026-10-07T22:26:31.3541581Z [1m[92m  Downloaded[0m phf v0.11.3
2026-10-07T22:26:31.3554491Z [1m[92m  Downloaded[0m rtrb v0.3.2
2026-10-07T22:26:31.3571036Z [1m[92m  Downloaded[0m sval_dynamic v2.15.0
2026-10-07T22:26:31.3581216Z [1m[92m  Downloaded[0m unicase v2.8.1
2026-10-07T22:26:31.3595369Z [1m[92m  Downloaded[0m utf-8 v0.7.6
2026-10-07T22:26:31.3607681Z [1m[92m  Downloaded[0m wasmtime v48.0.1
2026-10-07T22:26:31.3901531Z [1m[92m  Downloaded[0m wit-bindgen v0.22.0
2026-10-07T22:26:31.3916278Z [1m[92m  Downloaded[0m fast-srgb8 v1.0.0
2026-10-07T22:26:31.3929009Z [1m[92m  Downloaded[0m markup5ever v0.39.0
2026-10-07T22:26:31.3941563Z [1m[92m  Downloaded[0m opener v0.7.2
2026-10-07T22:26:31.3957612Z [1m[92m  Downloaded[0m serde_urlencoded v0.7.1
2026-10-07T22:26:31.3976043Z [1m[92m  Downloaded[0m xkeysym v0.2.1
2026-10-07T22:26:31.4005412Z [1m[92m  Downloaded[0m bit-set v0.8.0
2026-10-07T22:26:31.4019659Z [1m[92m  Downloaded[0m bitstream-io v4.9.0
2026-10-07T22:26:31.4050265Z [1m[92m  Downloaded[0m heck v0.4.1
2026-10-07T22:26:31.4064898Z [1m[92m  Downloaded[0m icu_collator v2.3.0
2026-10-07T22:26:31.4229284Z [1m[92m  Downloaded[0m rustix v1.1.4
2026-10-07T22:26:31.4592788Z [1m[92m  Downloaded[0m sdd v4.6.2
2026-10-07T22:26:31.4621879Z [1m[92m  Downloaded[0m sea-orm-macros v1.1.10
2026-10-07T22:26:31.4663779Z [1m[92m  Downloaded[0m wasmtime-internal-core v48.0.1
2026-10-07T22:26:31.4705384Z [1m[92m  Downloaded[0m built v0.8.0
2026-10-07T22:26:31.4730255Z [1m[92m  Downloaded[0m bzip2 v0.6.1
2026-10-07T22:26:31.4753696Z [1m[92m  Downloaded[0m password-hash v0.4.2
2026-10-07T22:26:31.4778046Z [1m[92m  Downloaded[0m range-map v0.2.0
2026-10-07T22:26:31.4789935Z [1m[92m  Downloaded[0m notify v6.1.1
2026-10-07T22:26:31.4809054Z [1m[92m  Downloaded[0m getrandom v0.2.16
2026-10-07T22:26:31.4839774Z [1m[92m  Downloaded[0m unicode-properties v0.1.3
2026-10-07T22:26:31.4857795Z [1m[92m  Downloaded[0m fastrand v2.3.0
2026-10-07T22:26:31.4870948Z [1m[92m  Downloaded[0m heed-traits v0.20.0
2026-10-07T22:26:31.4877548Z [1m[92m  Downloaded[0m fs2 v0.4.3
2026-10-07T22:26:31.4888471Z [1m[92m  Downloaded[0m sysinfo v0.31.4
2026-10-07T22:26:31.4990397Z [1m[92m  Downloaded[0m wasmtime-wasi v48.0.1
2026-10-07T22:26:31.5087310Z [1m[92m  Downloaded[0m funty v2.0.0
2026-10-07T22:26:31.5095202Z [1m[92m  Downloaded[0m iana-time-zone v0.1.64
2026-10-07T22:26:31.5122050Z [1m[92m  Downloaded[0m indenter v0.3.4
2026-10-07T22:26:31.5135435Z [1m[92m  Downloaded[0m pbjson v0.9.0
2026-10-07T22:26:31.5142240Z [1m[92m  Downloaded[0m toml v0.9.8
2026-10-07T22:26:31.5184384Z [1m[92m  Downloaded[0m version-compare v0.2.0
2026-10-07T22:26:31.5197619Z [1m[92m  Downloaded[0m event-listener v5.4.1
2026-10-07T22:26:31.5217812Z [1m[92m  Downloaded[0m futures-lite v1.13.0
2026-10-07T22:26:31.5233084Z [1m[92m  Downloaded[0m noop_proc_macro v0.3.0
2026-10-07T22:26:31.5242380Z [1m[92m  Downloaded[0m pbjson-build v0.9.0
2026-10-07T22:26:31.5255385Z [1m[92m  Downloaded[0m proc-macro2-diagnostics v0.10.1
2026-10-07T22:26:31.5272190Z [1m[92m  Downloaded[0m read-fonts v0.37.0
2026-10-07T22:26:31.5427122Z [1m[92m  Downloaded[0m skrifa v0.37.0
2026-10-07T22:26:31.5519100Z [1m[92m  Downloaded[0m tracy-client-sys v0.27.0
2026-10-07T22:26:31.5615728Z [1m[92m  Downloaded[0m webpki-roots v0.26.8
2026-10-07T22:26:31.5649489Z [1m[92m  Downloaded[0m x11rb-protocol v0.13.2
2026-10-07T22:26:31.5771581Z [1m[92m  Downloaded[0m lol_html v3.0.1
2026-10-07T22:26:31.5853011Z [1m[92m  Downloaded[0m regex-syntax v0.8.11
2026-10-07T22:26:31.5919362Z [1m[92m  Downloaded[0m schemars v1.0.4
2026-10-07T22:26:31.6085795Z [1m[92m  Downloaded[0m freetype-sys v0.20.1
2026-10-07T22:26:31.7064922Z [1m[92m  Downloaded[0m shlex v1.3.0
2026-10-07T22:26:31.7077066Z [1m[92m  Downloaded[0m bitflags v1.3.2
2026-10-07T22:26:31.7110174Z [1m[92m  Downloaded[0m ciborium-io v0.2.2
2026-10-07T22:26:31.7119826Z [1m[92m  Downloaded[0m signal-hook-registry v1.4.6
2026-10-07T22:26:31.7134065Z [1m[92m  Downloaded[0m sval_serde v2.15.0
2026-10-07T22:26:31.7147146Z [1m[92m  Downloaded[0m tokio-util v0.7.18
2026-10-07T22:26:31.7241643Z [1m[92m  Downloaded[0m base64 v0.21.7
2026-10-07T22:26:31.7280317Z [1m[92m  Downloaded[0m byteorder v1.5.0
2026-10-07T22:26:31.7296671Z [1m[92m  Downloaded[0m convert_case v0.11.0
2026-10-07T22:26:31.7315393Z [1m[92m  Downloaded[0m lebe v0.5.3
2026-10-07T22:26:31.7327986Z [1m[92m  Downloaded[0m mio v1.2.0
2026-10-07T22:26:31.7389709Z [1m[92m  Downloaded[0m openssl v0.10.81
2026-10-07T22:26:31.7487796Z [1m[92m  Downloaded[0m tar v0.4.46
2026-10-07T22:26:31.7517137Z [1m[92m  Downloaded[0m tokio-rustls v0.26.4
2026-10-07T22:26:31.7538544Z [1m[92m  Downloaded[0m webpki-roots v1.0.8
2026-10-07T22:26:31.7569157Z [1m[92m  Downloaded[0m proc-macro-error3 v3.1.1
2026-10-07T22:26:31.7604538Z [1m[92m  Downloaded[0m wasmtime-internal-component-macro v48.0.1
2026-10-07T22:26:31.7770807Z [1m[92m  Downloaded[0m ff v0.12.1
2026-10-07T22:26:31.7785163Z [1m[92m  Downloaded[0m home v0.5.11
2026-10-07T22:26:31.7795458Z [1m[92m  Downloaded[0m logos v0.15.1
2026-10-07T22:26:31.7883897Z [1m[92m  Downloaded[0m thiserror v1.0.69
2026-10-07T22:26:31.7941560Z [1m[92m  Downloaded[0m unarray v0.1.4
2026-10-07T22:26:31.7954572Z [1m[92m  Downloaded[0m moka v0.12.11
2026-10-07T22:26:31.8050375Z [1m[92m  Downloaded[0m proptest-derive v0.8.0
2026-10-07T22:26:31.8106698Z [1m[92m  Downloaded[0m tower-http v0.6.11
2026-10-07T22:26:31.8205140Z [1m[92m  Downloaded[0m heed-types v0.21.0
2026-10-07T22:26:31.8217074Z [1m[92m  Downloaded[0m sqlx-core v0.8.6
2026-10-07T22:26:31.8297570Z [1m[92m  Downloaded[0m futures-lite v2.6.1
2026-10-07T22:26:31.8314796Z [1m[92m  Downloaded[0m process-reader v0.1.0
2026-10-07T22:26:31.8327027Z [1m[92m  Downloaded[0m float_next_after v1.0.0
2026-10-07T22:26:31.8337468Z [1m[92m  Downloaded[0m subtle v2.6.1
2026-10-07T22:26:31.8349390Z [1m[92m  Downloaded[0m sval_fmt v2.15.0
2026-10-07T22:26:31.8362295Z [1m[92m  Downloaded[0m tungstenite v0.21.0
2026-10-07T22:26:31.8395920Z [1m[92m  Downloaded[0m wasmtime-internal-wit-bindgen v48.0.1
2026-10-07T22:26:31.8410424Z [1m[92m  Downloaded[0m cap-fs-ext v4.0.3
2026-10-07T22:26:31.8427099Z [1m[92m  Downloaded[0m wgpu-core-deps-windows-linux-android v29.0.4
2026-10-07T22:26:31.8436078Z [1m[92m  Downloaded[0m wit-bindgen-rt v0.22.0
2026-10-07T22:26:31.8444857Z [1m[92m  Downloaded[0m sval_json v2.15.0
2026-10-07T22:26:31.8458335Z [1m[92m  Downloaded[0m bytes-utils v0.1.4
2026-10-07T22:26:31.8475101Z [1m[92m  Downloaded[0m which v8.0.5
2026-10-07T22:26:31.8494430Z [1m[92m  Downloaded[0m typeid v1.0.3
2026-10-07T22:26:31.8507386Z [1m[92m  Downloaded[0m tiny_http v0.12.0
2026-10-07T22:26:31.8546643Z [1m[92m  Downloaded[0m sval v2.15.0
2026-10-07T22:26:31.8577282Z [1m[92m  Downloaded[0m selectors v0.37.0
2026-10-07T22:26:31.8600697Z [1m[92m  Downloaded[0m tinyvec_macros v0.1.1
2026-10-07T22:26:31.8609810Z [1m[92m  Downloaded[0m bit-set v0.9.1
2026-10-07T22:26:31.8624502Z [1m[92m  Downloaded[0m bytemuck_derive v1.10.2
2026-10-07T22:26:31.8637824Z [1m[92m  Downloaded[0m sval_buffer v2.15.0
2026-10-07T22:26:31.8650668Z [1m[92m  Downloaded[0m env_logger v0.11.8
2026-10-07T22:26:31.8675959Z [1m[92m  Downloaded[0m headers-core v0.2.0
2026-10-07T22:26:31.8683232Z [1m[92m  Downloaded[0m wasmtime-internal-versioned-export-macros v48.0.1
2026-10-07T22:26:31.8690272Z [1m[92m  Downloaded[0m cached_proc_macro_types v0.1.1
2026-10-07T22:26:31.8697384Z [1m[92m  Downloaded[0m num v0.4.3
2026-10-07T22:26:31.8708013Z [1m[92m  Downloaded[0m plotters v0.3.7
2026-10-07T22:26:31.8805051Z [1m[92m  Downloaded[0m try-lock v0.2.5
2026-10-07T22:26:31.8814324Z [1m[92m  Downloaded[0m calloop-wayland-source v0.4.1
2026-10-07T22:26:31.8826408Z [1m[92m  Downloaded[0m camino v1.2.6
2026-10-07T22:26:31.8842692Z [1m[92m  Downloaded[0m ordered-float v5.5.0
2026-10-07T22:26:31.8860276Z [1m[92m  Downloaded[0m phf_shared v0.13.1
2026-10-07T22:26:31.8870088Z [1m[92m  Downloaded[0m base64ct v1.8.0
2026-10-07T22:26:31.8894683Z [1m[92m  Downloaded[0m icu_locale_fallback_data v2.3.0
2026-10-07T22:26:31.8905719Z [1m[92m  Downloaded[0m rend v0.4.2
2026-10-07T22:26:31.8919054Z [1m[92m  Downloaded[0m tiny-keccak v2.0.2
2026-10-07T22:26:31.8944412Z [1m[92m  Downloaded[0m oo7 v0.6.0
2026-10-07T22:26:31.8990835Z [1m[92m  Downloaded[0m ciborium-ll v0.2.2
2026-10-07T22:26:31.9001903Z [1m[92m  Downloaded[0m multimap v0.8.3
2026-10-07T22:26:31.9011986Z [1m[92m  Downloaded[0m bytemuck v1.24.0
2026-10-07T22:26:31.9044228Z [1m[92m  Downloaded[0m pkcs8 v0.9.0
2026-10-07T22:26:31.9073000Z [1m[92m  Downloaded[0m resvg v0.46.0
2026-10-07T22:26:31.9102269Z [1m[92m  Downloaded[0m schemars v0.9.0
2026-10-07T22:26:31.9250669Z [1m[92m  Downloaded[0m tree-sitter-css v0.23.2
2026-10-07T22:26:31.9272401Z [1m[92m  Downloaded[0m openssl-macros v0.1.1
2026-10-07T22:26:31.9280273Z [1m[92m  Downloaded[0m seccompiler v0.5.0
2026-10-07T22:26:31.9317001Z [1m[92m  Downloaded[0m toml_writer v1.0.4
2026-10-07T22:26:31.9330943Z [1m[92m  Downloaded[0m enumflags2_derive v0.7.12
2026-10-07T22:26:31.9339917Z [1m[92m  Downloaded[0m find-msvc-tools v0.1.11
2026-10-07T22:26:31.9355999Z [1m[92m  Downloaded[0m sqlx v0.8.6
2026-10-07T22:26:31.9501762Z [1m[92m  Downloaded[0m fastrand v1.9.0
2026-10-07T22:26:31.9513782Z [1m[92m  Downloaded[0m filedescriptor v0.8.3
2026-10-07T22:26:31.9523678Z [1m[92m  Downloaded[0m fontdb v0.23.0
2026-10-07T22:26:31.9547333Z [1m[92m  Downloaded[0m merman v0.8.0-alpha.5
2026-10-07T22:26:31.9645499Z [1m[92m  Downloaded[0m radium v0.7.0
2026-10-07T22:26:31.9655923Z [1m[92m  Downloaded[0m float-ord v0.3.2
2026-10-07T22:26:31.9665536Z [1m[92m  Downloaded[0m hdrhistogram v7.5.4
2026-10-07T22:26:31.9738545Z [1m[92m  Downloaded[0m hyper-util v0.1.17
2026-10-07T22:26:31.9796334Z [1m[92m  Downloaded[0m indexmap v1.9.3
2026-10-07T22:26:31.9828212Z [1m[92m  Downloaded[0m optfield v0.4.0
2026-10-07T22:26:31.9848726Z [1m[92m  Downloaded[0m siphasher v0.3.11
2026-10-07T22:26:31.9861590Z [1m[92m  Downloaded[0m wasmtime-wasi-io v48.0.1
2026-10-07T22:26:31.9875109Z [1m[92m  Downloaded[0m hashbrown v0.12.3
2026-10-07T22:26:31.9912812Z [1m[92m  Downloaded[0m lazy_static v1.5.0
2026-10-07T22:26:31.9931235Z [1m[92m  Downloaded[0m utf16_iter v1.0.5
2026-10-07T22:26:31.9941910Z [1m[92m  Downloaded[0m wasmtime-internal-fiber v48.0.1
2026-10-07T22:26:31.9962144Z [1m[92m  Downloaded[0m http-body v0.4.6
2026-10-07T22:26:31.9980295Z [1m[92m  Downloaded[0m io-lifetimes v2.0.4
2026-10-07T22:26:31.9997422Z [1m[92m  Downloaded[0m reqwest v0.11.27
2026-10-07T22:26:32.0069740Z [1m[92m  Downloaded[0m rfc6979 v0.3.1
2026-10-07T22:26:32.0080117Z [1m[92m  Downloaded[0m shlex v2.0.1
2026-10-07T22:26:32.0093349Z [1m[92m  Downloaded[0m sqlx-postgres v0.8.6
2026-10-07T22:26:32.0183141Z [1m[92m  Downloaded[0m untrusted v0.9.0
2026-10-07T22:26:32.0223440Z [1m[92m  Downloaded[0m wit-bindgen-core v0.22.0
2026-10-07T22:26:32.0233266Z [1m[92m  Downloaded[0m zvariant_derive v5.11.0
2026-10-07T22:26:32.0248205Z [1m[92m  Downloaded[0m base64 v0.22.1
2026-10-07T22:26:32.0286799Z [1m[92m  Downloaded[0m euclid v0.22.14
2026-10-07T22:26:32.0319235Z [1m[92m  Downloaded[0m event-listener-strategy v0.5.4
2026-10-07T22:26:32.0332112Z [1m[92m  Downloaded[0m ident_case v1.0.1
2026-10-07T22:26:32.0341126Z [1m[92m  Downloaded[0m tokio v1.52.1
2026-10-07T22:26:32.0796958Z [1m[92m  Downloaded[0m cfg-expr v0.20.9
2026-10-07T22:26:32.0827032Z [1m[92m  Downloaded[0m unicode-bidi v0.3.18
2026-10-07T22:26:32.0851690Z [1m[92m  Downloaded[0m spirv v0.4.0+sdk-1.4.341.0
2026-10-07T22:26:32.0864209Z [1m[92m  Downloaded[0m block-padding v0.3.3
2026-10-07T22:26:32.0873032Z [1m[92m  Downloaded[0m serde_derive_internals v0.29.1
2026-10-07T22:26:32.0887576Z [1m[92m  Downloaded[0m bytecheck v0.6.12
2026-10-07T22:26:32.0897422Z [1m[92m  Downloaded[0m inotify v0.11.0
2026-10-07T22:26:32.0916902Z [1m[92m  Downloaded[0m num-bigint-dig v0.9.1
2026-10-07T22:26:32.0962541Z [1m[92m  Downloaded[0m uuid v1.18.1
2026-10-07T22:26:32.0993579Z [1m[92m  Downloaded[0m typenum v1.19.0
2026-10-07T22:26:32.1021993Z [1m[92m  Downloaded[0m rust-embed-utils v8.11.0
2026-10-07T22:26:32.1030288Z [1m[92m  Downloaded[0m sys-locale v0.3.2
2026-10-07T22:26:32.1043605Z [1m[92m  Downloaded[0m urlencoding v2.1.3
2026-10-07T22:26:32.1054181Z [1m[92m  Downloaded[0m uuid-simd v0.8.0
2026-10-07T22:26:32.1066306Z [1m[92m  Downloaded[0m font-types v0.10.0
2026-10-07T22:26:32.1084190Z [1m[92m  Downloaded[0m web-time v1.1.0
2026-10-07T22:26:32.1101371Z [1m[92m  Downloaded[0m bit-vec v0.9.1
2026-10-07T22:26:32.1118628Z [1m[92m  Downloaded[0m hmac v0.12.1
2026-10-07T22:26:32.1138640Z [1m[92m  Downloaded[0m quick-error v2.0.1
2026-10-07T22:26:32.1151365Z [1m[92m  Downloaded[0m ref-cast v1.0.25
2026-10-07T22:26:32.1181571Z [1m[92m  Downloaded[0m reqwest v0.12.24
2026-10-07T22:26:32.1238374Z [1m[92m  Downloaded[0m wasmtime-environ v48.0.1
2026-10-07T22:26:32.1324971Z [1m[92m  Downloaded[0m pkg-config v0.3.32
2026-10-07T22:26:32.1342448Z [1m[92m  Downloaded[0m sync_wrapper v1.0.2
2026-10-07T22:26:32.1350861Z [1m[92m  Downloaded[0m headers v0.3.9
2026-10-07T22:26:32.1411378Z [1m[92m  Downloaded[0m moxcms v0.8.1
2026-10-07T22:26:32.1516325Z [1m[92m  Downloaded[0m wasmtime-internal-cranelift v48.0.1
2026-10-07T22:26:32.1582504Z [1m[92m  Downloaded[0m bytecheck_derive v0.6.12
2026-10-07T22:26:32.1589889Z [1m[92m  Downloaded[0m quick-xml v0.30.0
2026-10-07T22:26:32.1637047Z [1m[92m  Downloaded[0m serde_bytes v0.11.19
2026-10-07T22:26:32.1653288Z [1m[92m  Downloaded[0m same-file v1.0.6
2026-10-07T22:26:32.1667382Z [1m[92m  Downloaded[0m base64-simd v0.8.0
2026-10-07T22:26:32.1681697Z [1m[92m  Downloaded[0m plotters-svg v0.3.7
2026-10-07T22:26:32.1690033Z [1m[92m  Downloaded[0m sqlformat v0.2.6
2026-10-07T22:26:32.1706741Z [1m[92m  Downloaded[0m whoami v1.6.1
2026-10-07T22:26:32.1726752Z [1m[92m  Downloaded[0m tree-sitter-diff v0.1.0
2026-10-07T22:26:32.1745392Z [1m[92m  Downloaded[0m hyper-tls v0.5.0
2026-10-07T22:26:32.1759088Z [1m[92m  Downloaded[0m wasmtime-internal-component-util v48.0.1
2026-10-07T22:26:32.1765170Z [1m[92m  Downloaded[0m etagere v0.2.15
2026-10-07T22:26:32.1779711Z [1m[92m  Downloaded[0m parking_lot_core v0.9.12
2026-10-07T22:26:32.1800984Z [1m[92m  Downloaded[0m signature v1.6.4
2026-10-07T22:26:32.1815372Z [1m[92m  Downloaded[0m tinytemplate v1.2.1
2026-10-07T22:26:32.1832465Z [1m[92m  Downloaded[0m tungstenite v0.20.1
2026-10-07T22:26:32.1865976Z [1m[92m  Downloaded[0m bit-vec v0.8.0
2026-10-07T22:26:32.1882327Z [1m[92m  Downloaded[0m perf-event-open-sys2 v5.0.6
2026-10-07T22:26:32.1901515Z [1m[92m  Downloaded[0m zune-jpeg v0.5.15
2026-10-07T22:26:32.1937794Z [1m[92m  Downloaded[0m bstr v1.12.1
2026-10-07T22:26:32.2016035Z [1m[92m  Downloaded[0m quick-xml v0.39.3
2026-10-07T22:26:32.2071835Z [1m[92m  Downloaded[0m num-iter v0.1.45
2026-10-07T22:26:32.2082138Z [1m[92m  Downloaded[0m ignore v0.4.24
2026-10-07T22:26:32.2104699Z [1m[92m  Downloaded[0m fdeflate v0.3.7
2026-10-07T22:26:32.2121224Z [1m[92m  Downloaded[0m lyon_extra v1.0.3
2026-10-07T22:26:32.2130586Z [1m[92m  Downloaded[0m glib-macros v0.21.5
2026-10-07T22:26:32.2162719Z [1m[92m  Downloaded[0m gethostname v1.1.0
2026-10-07T22:26:32.2173543Z [1m[92m  Downloaded[0m leb128 v0.2.5
2026-10-07T22:26:32.2188381Z [1m[92m  Downloaded[0m rust-embed-impl v8.11.0
2026-10-07T22:26:32.2197002Z [1m[92m  Downloaded[0m lyon_tessellation v1.0.16
2026-10-07T22:26:32.2231847Z [1m[92m  Downloaded[0m pico-args v0.5.0
2026-10-07T22:26:32.2246002Z [1m[92m  Downloaded[0m merman-render v0.8.0-alpha.5
2026-10-07T22:26:32.2717872Z [1m[92m  Downloaded[0m sea-orm v1.1.10
2026-10-07T22:26:32.3095821Z [1m[92m  Downloaded[0m process-backend v0.1.0
2026-10-07T22:26:32.3106941Z [1m[92m  Downloaded[0m ordered-float v4.6.0
2026-10-07T22:26:32.3122336Z [1m[92m  Downloaded[0m mio v0.8.11
2026-10-07T22:26:32.3181703Z [1m[92m  Downloaded[0m xmlparser v0.13.6
2026-10-07T22:26:32.3206397Z [1m[92m  Downloaded[0m bytecount v0.6.9
2026-10-07T22:26:32.3227516Z [1m[92m  Downloaded[0m image v0.25.10
2026-10-07T22:26:32.3319976Z [1m[92m  Downloaded[0m libsqlite3-sys v0.30.1
2026-10-07T22:26:32.3892717Z [1m[92m  Downloaded[0m aws-lc-sys v0.42.0
2026-10-07T22:26:32.6450838Z [1m[92m  Downloaded[0m taffy v0.13.0
2026-10-07T22:26:32.6519143Z [1m[92m  Downloaded[0m cap-primitives v4.0.3
2026-10-07T22:26:32.6634192Z [1m[92m  Downloaded[0m fontconfig-parser v0.5.8
2026-10-07T22:26:32.6692291Z [1m[92m  Downloaded[0m wgpu-types v29.0.4
2026-10-07T22:26:32.6730941Z [1m[92m  Downloaded[0m plotters-backend v0.3.7
2026-10-07T22:26:32.6743285Z [1m[92m  Downloaded[0m ciborium v0.2.2
2026-10-07T22:26:32.6767388Z [1m[92m  Downloaded[0m ref-cast-impl v1.0.25
2026-10-07T22:26:32.6776024Z [1m[92m  Downloaded[0m scopeguard v1.2.0
2026-10-07T22:26:32.6788345Z [1m[92m  Downloaded[0m xcursor v0.3.10
2026-10-07T22:26:32.6796792Z [1m[92m  Downloaded[0m weezl v0.1.10
2026-10-07T22:26:32.6821525Z [1m[92m  Downloaded[0m font-types v0.11.0
2026-10-07T22:26:32.6840151Z [1m[92m  Downloaded[0m ttf-parser v0.25.1
2026-10-07T22:26:32.6936273Z [1m[92m  Downloaded[0m rand v0.8.6
2026-10-07T22:26:32.6969944Z [1m[92m  Downloaded[0m tower-service v0.3.3
2026-10-07T22:26:32.6978531Z [1m[92m  Downloaded[0m quick-error v1.2.3
2026-10-07T22:26:32.6991753Z [1m[92m  Downloaded[0m merman-core v0.8.0-alpha.5
2026-10-07T22:26:32.7202947Z [1m[92m  Downloaded[0m futures-intrusive v0.5.0
2026-10-07T22:26:32.7248500Z [1m[92m  Downloaded[0m cosmic-text v0.19.0
2026-10-07T22:26:35.6909103Z [1m[92m   Compiling[0m unicode-ident v1.0.24
2026-10-07T22:26:35.6910847Z [1m[92m   Compiling[0m quote v1.0.47
2026-10-07T22:26:35.6911486Z [1m[92m   Compiling[0m proc-macro2 v1.0.107
2026-10-07T22:26:35.6912038Z [1m[92m   Compiling[0m serde_core v1.0.229
2026-10-07T22:26:35.7814766Z [1m[92m   Compiling[0m libc v0.2.186
2026-10-07T22:26:36.2214592Z [1m[92m   Compiling[0m serde v1.0.229
2026-10-07T22:26:36.4903457Z [1m[92m   Compiling[0m cfg-if v1.0.4
2026-10-07T22:26:36.5468016Z [1m[92m   Compiling[0m memchr v2.8.3
2026-10-07T22:26:37.6064858Z [1m[92m   Compiling[0m syn v2.0.117
2026-10-07T22:26:38.3519795Z [1m[92m   Compiling[0m syn v3.0.3
2026-10-07T22:26:38.3772841Z [1m[92m   Compiling[0m typeid v1.0.3
2026-10-07T22:26:38.6064832Z [1m[92m   Compiling[0m erased-serde v0.4.9
2026-10-07T22:26:39.4855010Z [1m[92m   Compiling[0m equivalent v1.0.2
2026-10-07T22:26:39.5394655Z [1m[92m   Compiling[0m jobserver v0.1.34
2026-10-07T22:26:39.8925065Z [1m[92m   Compiling[0m shlex v2.0.1
2026-10-07T22:26:39.9825213Z [1m[92m   Compiling[0m find-msvc-tools v0.1.11
2026-10-07T22:26:40.0654933Z [1m[92m   Compiling[0m itoa v1.0.18
2026-10-07T22:26:40.2317635Z [1m[92m   Compiling[0m cc v1.4.3
2026-10-07T22:26:40.2565147Z [1m[92m   Compiling[0m allocator-api2 v0.2.21
2026-10-07T22:26:40.5986008Z [1m[92m   Compiling[0m once_cell v1.21.4
2026-10-07T22:26:40.8364945Z [1m[92m   Compiling[0m pin-project-lite v0.2.16
2026-10-07T22:26:40.9176300Z [1m[92m   Compiling[0m autocfg v1.5.0
2026-10-07T22:26:41.3016296Z [1m[92m   Compiling[0m version_check v0.9.5
2026-10-07T22:26:41.5869398Z [1m[92m   Compiling[0m foldhash v0.2.0
2026-10-07T22:26:41.7629477Z [1m[92m   Compiling[0m futures-core v0.3.34
2026-10-07T22:26:41.8904907Z [1m[92m   Compiling[0m libm v0.2.16
2026-10-07T22:26:41.9286032Z [1m[92m   Compiling[0m bitflags v2.13.1
2026-10-07T22:26:42.1684933Z [1m[92m   Compiling[0m hashbrown v0.17.1
2026-10-07T22:26:42.8544856Z [1m[92m   Compiling[0m scopeguard v1.2.0
2026-10-07T22:26:42.9245066Z [1m[92m   Compiling[0m indexmap v2.14.0
2026-10-07T22:26:43.5155057Z [1m[92m   Compiling[0m pkg-config v0.3.32
2026-10-07T22:26:43.7764828Z [1m[92m   Compiling[0m zmij v1.0.23
2026-10-07T22:26:43.9716840Z [1m[92m   Compiling[0m futures-io v0.3.34
2026-10-07T22:26:44.1135054Z [1m[92m   Compiling[0m slab v0.4.11
2026-10-07T22:26:44.2705292Z [1m[92m   Compiling[0m subtle v2.6.1
2026-10-07T22:26:44.4260156Z [1m[92m   Compiling[0m linux-raw-sys v0.12.1
2026-10-07T22:26:45.0740942Z [1m[92m   Compiling[0m lock_api v0.4.14
2026-10-07T22:26:45.3655369Z [1m[92m   Compiling[0m fnv v1.0.7
2026-10-07T22:26:45.4314883Z [1m[92m   Compiling[0m futures-sink v0.3.34
2026-10-07T22:26:45.5048814Z [1m[92m   Compiling[0m typenum v1.19.0
2026-10-07T22:26:45.8114999Z [1m[92m   Compiling[0m generic-array v0.14.7
2026-10-07T22:26:45.9924584Z [1m[92m   Compiling[0m bytes v1.11.1
2026-10-07T22:26:47.2305360Z [1m[92m   Compiling[0m crypto-common v0.1.6
2026-10-07T22:26:47.3135898Z [1m[92m   Compiling[0m anyhow v1.0.104
2026-10-07T22:26:47.3775156Z [1m[92m   Compiling[0m num-traits v0.2.19
2026-10-07T22:26:47.5836318Z [1m[92m   Compiling[0m block-buffer v0.10.4
2026-10-07T22:26:47.9552314Z [1m[92m   Compiling[0m futures-channel v0.3.34
2026-10-07T22:26:48.1624171Z [1m[92m   Compiling[0m futures-task v0.3.34
2026-10-07T22:26:48.3169021Z [1m[92m   Compiling[0m fastrand v2.3.0
2026-10-07T22:26:48.5084912Z [1m[92m   Compiling[0m regex-syntax v0.8.11
2026-10-07T22:26:48.5675065Z [1m[92m   Compiling[0m parking_lot_core v0.9.12
2026-10-07T22:26:48.7670627Z [1m[92m   Compiling[0m crossbeam-utils v0.8.21
2026-10-07T22:26:49.5695103Z [1m[92m   Compiling[0m aho-corasick v1.1.3
2026-10-07T22:26:51.2174733Z [1m[92m   Compiling[0m regex-automata v0.4.18
2026-10-07T22:26:51.5655616Z [1m[92m   Compiling[0m zerocopy v0.8.27
2026-10-07T22:26:51.9515707Z [1m[92m   Compiling[0m synstructure v0.13.2
2026-10-07T22:26:52.8137227Z [1m[92m   Compiling[0m serde_json v1.0.151
2026-10-07T22:26:56.1595705Z [1m[92m   Compiling[0m cpufeatures v0.2.17
2026-10-07T22:26:56.2304905Z [1m[92m   Compiling[0m rustix v1.1.4
2026-10-07T22:26:58.4685129Z [1m[92m   Compiling[0m thiserror v2.0.17
2026-10-07T22:26:58.7742851Z [1m[92m   Compiling[0m const-oid v0.9.6
2026-10-07T22:26:58.9525053Z [1m[92m   Compiling[0m getrandom v0.3.4
2026-10-07T22:26:59.5437771Z [1m[92m   Compiling[0m percent-encoding v2.3.2
2026-10-07T22:26:59.7085467Z [1m[92m   Compiling[0m heck v0.5.0
2026-10-07T22:26:59.9184691Z [1m[92m   Compiling[0m signal-hook-registry v1.4.6
2026-10-07T22:27:00.2035681Z [1m[92m   Compiling[0m digest v0.10.7
2026-10-07T22:27:00.3904783Z [1m[92m   Compiling[0m tracing-core v0.1.35
2026-10-07T22:27:00.9490390Z [1m[92m   Compiling[0m utf8_iter v1.0.4
2026-10-07T22:27:01.0767792Z [1m[92m   Compiling[0m icu_normalizer_data v2.3.0
2026-10-07T22:27:01.1994905Z [1m[92m   Compiling[0m icu_properties_data v2.3.0
2026-10-07T22:27:01.4305045Z [1m[92m   Compiling[0m crc32fast v1.5.0
2026-10-07T22:27:01.8334975Z [1m[92m   Compiling[0m form_urlencoded v1.2.2
2026-10-07T22:27:02.1434906Z [1m[92m   Compiling[0m regex v1.12.3
2026-10-07T22:27:02.6265146Z [1m[92m   Compiling[0m dunce v1.0.5
2026-10-07T22:27:02.6824845Z [1m[92m   Compiling[0m atomic-waker v1.1.2
2026-10-07T22:27:02.7404647Z [1m[92m   Compiling[0m ryu v1.0.23
2026-10-07T22:27:02.7764989Z [1m[92m   Compiling[0m http v1.3.1
2026-10-07T22:27:03.7444994Z [1m[92m   Compiling[0m stable_deref_trait v1.2.1
2026-10-07T22:27:03.8104827Z [1m[92m   Compiling[0m parking v2.2.1
2026-10-07T22:27:03.9504894Z [1m[92m   Compiling[0m sha2 v0.10.9
2026-10-07T22:27:04.3404428Z [1m[92m   Compiling[0m simd-adler32 v0.3.7
2026-10-07T22:27:04.5464910Z [1m[92m   Compiling[0m adler2 v2.0.1
2026-10-07T22:27:04.6414696Z [1m[92m   Compiling[0m miniz_oxide v0.8.9
2026-10-07T22:27:07.0405046Z [1m[92m   Compiling[0m concurrent-queue v2.5.0
2026-10-07T22:27:07.2295225Z [1m[92m   Compiling[0m http-body v1.0.1
2026-10-07T22:27:07.3414887Z [1m[92m   Compiling[0m rustc-hash v2.1.1
2026-10-07T22:27:07.4075047Z [1m[92m   Compiling[0m litemap v0.8.0
2026-10-07T22:27:07.4264797Z [1m[92m   Compiling[0m writeable v0.6.4
2026-10-07T22:27:07.6151227Z [1m[92m   Compiling[0m event-listener v5.4.1
2026-10-07T22:27:07.7620031Z [1m[92m   Compiling[0m flate2 v1.1.8
2026-10-07T22:27:07.8814950Z [1m[92m   Compiling[0m base64 v0.22.1
2026-10-07T22:27:08.2374874Z [1m[92m   Compiling[0m utf16_iter v1.0.5
2026-10-07T22:27:08.2525098Z [1m[92m   Compiling[0m write16 v1.0.0
2026-10-07T22:27:08.3116927Z [1m[92m   Compiling[0m semver v1.0.28
2026-10-07T22:27:08.3425067Z [1m[92m   Compiling[0m futures-lite v2.6.1
2026-10-07T22:27:08.8317849Z [1m[92m   Compiling[0m async-task v4.7.1 (https://github.com/smol-rs/async-task.git?rev=b4486cd71e4e94fbda54ce6302444de14f4d190e#b4486cd7)
2026-10-07T22:27:09.0576985Z [1m[92m   Compiling[0m event-listener-strategy v0.5.4
2026-10-07T22:27:09.1574862Z [1m[92m   Compiling[0m zstd-sys v2.0.16+zstd.1.5.7
2026-10-07T22:27:09.2100879Z [1m[92m   Compiling[0m async-channel v2.5.0
2026-10-07T22:27:09.8165311Z [1m[92m   Compiling[0m hashbrown v0.16.1
2026-10-07T22:27:10.5295278Z [1m[92m   Compiling[0m sha1_smol v1.0.1
2026-10-07T22:27:10.7231373Z [1m[92m   Compiling[0m rand_core v0.9.3
2026-10-07T22:27:10.9035547Z [1m[92m   Compiling[0m async-io v2.6.0
2026-10-07T22:27:11.0084765Z [1m[92m   Compiling[0m getrandom v0.2.16
2026-10-07T22:27:11.1868011Z [1m[92m   Compiling[0m unicode-segmentation v1.13.3
2026-10-07T22:27:11.6184933Z [1m[92m   Compiling[0m unicase v2.8.1
2026-10-07T22:27:11.8754638Z [1m[92m   Compiling[0m same-file v1.0.6
2026-10-07T22:27:11.9794946Z [1m[92m   Compiling[0m walkdir v2.5.0
2026-10-07T22:27:12.1684585Z [1m[92m   Compiling[0m iana-time-zone v0.1.64
2026-10-07T22:27:12.3103912Z [1m[92m   Compiling[0m ref-cast v1.0.25
2026-10-07T22:27:12.4781549Z [1m[92m   Compiling[0m piper v0.2.4
2026-10-07T22:27:12.6064493Z [1m[92m   Compiling[0m getrandom v0.4.1
2026-10-07T22:27:12.7190608Z [1m[92m   Compiling[0m rand_core v0.10.1
2026-10-07T22:27:12.8566472Z [1m[92m   Compiling[0m cfg_aliases v0.2.1
2026-10-07T22:27:13.0794372Z [1m[92m   Compiling[0m polling v3.11.0
2026-10-07T22:27:13.3136186Z [1m[92m   Compiling[0m blocking v1.6.2
2026-10-07T22:27:13.5874863Z [1m[92m   Compiling[0m async-lock v3.4.2
2026-10-07T22:27:13.6115767Z [1m[92m   Compiling[0m zerocopy-derive v0.8.27
2026-10-07T22:27:14.0876853Z [1m[92m   Compiling[0m zerofrom-derive v0.1.6
2026-10-07T22:27:14.5440035Z [1m[92m   Compiling[0m serde_derive v1.0.229
2026-10-07T22:27:14.8685960Z [1m[92m   Compiling[0m futures-macro v0.3.34
2026-10-07T22:27:15.6321179Z [1m[92m   Compiling[0m futures-util v0.3.34
2026-10-07T22:27:16.6901136Z [1m[92m   Compiling[0m yoke-derive v0.8.2
2026-10-07T22:27:17.5485170Z [1m[92m   Compiling[0m thiserror-impl v2.0.17
2026-10-07T22:27:17.8435190Z [1m[92m   Compiling[0m serde_fmt v1.0.3
2026-10-07T22:27:17.9718974Z [1m[92m   Compiling[0m value-bag-serde1 v1.12.0
2026-10-07T22:27:18.0295153Z [1m[92m   Compiling[0m value-bag v1.12.0
2026-10-07T22:27:18.3485695Z [1m[92m   Compiling[0m log v0.4.29
2026-10-07T22:27:18.4495292Z [1m[92m   Compiling[0m smallvec v1.16.1
2026-10-07T22:27:18.6534204Z [1m[92m   Compiling[0m either v1.15.0
2026-10-07T22:27:18.8452487Z [1m[92m   Compiling[0m zerovec-derive v0.11.5
2026-10-07T22:27:18.8894182Z [1m[92m   Compiling[0m displaydoc v0.2.5
2026-10-07T22:27:18.9175380Z [1m[92m   Compiling[0m parking_lot v0.12.5
2026-10-07T22:27:19.2890080Z [1m[92m   Compiling[0m tracing-attributes v0.1.31
2026-10-07T22:27:19.5045087Z [1m[92m   Compiling[0m ppv-lite86 v0.2.21
2026-10-07T22:27:19.8335080Z [1m[92m   Compiling[0m zerofrom v0.1.6
2026-10-07T22:27:19.9107623Z [1m[92m   Compiling[0m futures-executor v0.3.34
2026-10-07T22:27:19.9254888Z [1m[92m   Compiling[0m yoke v0.8.3
2026-10-07T22:27:20.1043689Z [1m[92m   Compiling[0m zerovec v0.11.8
2026-10-07T22:27:20.1264644Z [1m[92m   Compiling[0m zerotrie v0.2.5
2026-10-07T22:27:20.4106049Z [1m[92m   Compiling[0m tracing v0.1.43
2026-10-07T22:27:20.5911664Z [1m[92m   Compiling[0m itertools v0.14.0
2026-10-07T22:27:20.7225016Z [1m[92m   Compiling[0m futures v0.3.34
2026-10-07T22:27:20.7794819Z [1m[92m   Compiling[0m uuid v1.18.1
2026-10-07T22:27:21.1133510Z [1m[92m   Compiling[0m tinystr v0.8.4
2026-10-07T22:27:21.2045255Z [1m[92m   Compiling[0m potential_utf v0.1.3
2026-10-07T22:27:21.3032804Z [1m[92m   Compiling[0m icu_locale_core v2.3.0
2026-10-07T22:27:21.3474772Z [1m[92m   Compiling[0m icu_collections v2.3.0
2026-10-07T22:27:21.8928252Z [1m[92m   Compiling[0m serde_urlencoded v0.7.1
2026-10-07T22:27:22.0967236Z [1m[92m   Compiling[0m rand_chacha v0.9.0
2026-10-07T22:27:22.2225742Z [1m[92m   Compiling[0m gpui_util v0.1.0 (/home/runner/work/koda/koda/crates/gpui_util)
2026-10-07T22:27:22.4475152Z [1m[92m   Compiling[0m rand v0.9.4
2026-10-07T22:27:22.5485445Z [1m[92m   Compiling[0m icu_provider v2.3.0
2026-10-07T22:27:23.0309979Z [1m[92m   Compiling[0m icu_properties v2.3.0
2026-10-07T22:27:23.0571517Z [1m[92m   Compiling[0m icu_normalizer v2.3.0
2026-10-07T22:27:23.0708371Z [1m[92m   Compiling[0m chrono v0.4.42
2026-10-07T22:27:23.6978662Z [1m[92m   Compiling[0m ref-cast-impl v1.0.25
2026-10-07T22:27:24.2604786Z [1m[92m   Compiling[0m idna_adapter v1.2.1
2026-10-07T22:27:24.3535020Z [1m[92m   Compiling[0m idna v1.1.0
2026-10-07T22:27:24.4855076Z [1m[92m   Compiling[0m pin-project-internal v1.1.10
2026-10-07T22:27:24.5681265Z [1m[92m   Compiling[0m serde_derive_internals v0.29.1
2026-10-07T22:27:24.9697591Z [1m[92m   Compiling[0m url v2.5.7
2026-10-07T22:27:25.5830298Z [1m[92m   Compiling[0m pin-project v1.1.10
2026-10-07T22:27:25.6344755Z [1m[92m   Compiling[0m schemars_derive v1.0.4
2026-10-07T22:27:25.6504626Z [1m[92m   Compiling[0m dyn-clone v1.0.20
2026-10-07T22:27:25.7654902Z [1m[92m   Compiling[0m memoffset v0.9.1
2026-10-07T22:27:25.9320336Z [1m[92m   Compiling[0m tempfile v3.27.0
2026-10-07T22:27:26.3125837Z [1m[92m   Compiling[0m async-executor v1.13.3
2026-10-07T22:27:26.4565236Z [1m[92m   Compiling[0m winnow v0.7.13
2026-10-07T22:27:26.6394853Z [1m[92m   Compiling[0m arrayvec v0.7.6
2026-10-07T22:27:26.7914264Z [1m[92m   Compiling[0m option-ext v0.2.0
2026-10-07T22:27:26.8550588Z [1m[92m   Compiling[0m byteorder v1.5.0
2026-10-07T22:27:27.0586578Z [1m[92m   Compiling[0m dirs-sys v0.5.0
2026-10-07T22:27:27.1405159Z [1m[92m   Compiling[0m collections v0.1.0 (/home/runner/work/koda/koda/crates/collections)
2026-10-07T22:27:27.2244966Z [1m[92m   Compiling[0m dirs v6.0.0
2026-10-07T22:27:27.2615020Z [1m[92m   Compiling[0m siphasher v1.0.1
2026-10-07T22:27:27.3124931Z [1m[92m   Compiling[0m libbz2-rs-sys v0.2.2
2026-10-07T22:27:27.4069632Z [1m[92m   Compiling[0m async-signal v0.2.13
2026-10-07T22:27:27.6045558Z [1m[92m   Compiling[0m spin v0.9.8
2026-10-07T22:27:27.7355211Z [1m[92m   Compiling[0m no_std_io2 v0.9.4
2026-10-07T22:27:27.7835529Z [1m[92m   Compiling[0m deflate64 v0.1.10
2026-10-07T22:27:28.0408500Z [1m[92m   Compiling[0m bzip2 v0.6.1
2026-10-07T22:27:28.0672717Z [1m[92m   Compiling[0m thiserror v1.0.69
2026-10-07T22:27:28.2278024Z [1m[92m   Compiling[0m strsim v0.11.1
2026-10-07T22:27:28.2751957Z [1m[92m   Compiling[0m compression-core v0.4.29
2026-10-07T22:27:28.2754283Z [1m[92m   Compiling[0m rayon-core v1.13.0
2026-10-07T22:27:28.3336704Z [1m[92m   Compiling[0m rle-decode-fast v1.0.3
2026-10-07T22:27:28.3864455Z [1m[92m   Compiling[0m compression-codecs v0.4.31
2026-10-07T22:27:28.4665580Z [1m[92m   Compiling[0m async-process v2.5.0 (https://github.com/zed-industries/async-process.git?rev=0b6d6713570af61806e1e5cb40e0f757cb93fd9d#0b6d6713)
2026-10-07T22:27:28.5343942Z [1m[92m   Compiling[0m thiserror-impl v1.0.69
2026-10-07T22:27:28.6272627Z [1m[92m   Compiling[0m zstd-safe v7.3.0
2026-10-07T22:27:28.7589878Z [1m[92m   Compiling[0m async-compression v0.4.32
2026-10-07T22:27:29.0895542Z [1m[92m   Compiling[0m perf v0.1.0 (/home/runner/work/koda/koda/tooling/perf)
2026-10-07T22:27:29.1034789Z [1m[92m   Compiling[0m which v8.0.5
2026-10-07T22:27:29.3070358Z [1m[92m   Compiling[0m adler32 v1.2.0
2026-10-07T22:27:29.3940726Z [1m[92m   Compiling[0m dary_heap v0.3.9
2026-10-07T22:27:29.4604914Z [1m[92m   Compiling[0m unicode-xid v0.2.6
2026-10-07T22:27:29.5158482Z [1m[92m   Compiling[0m util_macros v0.1.0 (/home/runner/work/koda/koda/crates/util_macros)
2026-10-07T22:27:29.7484719Z [1m[92m   Compiling[0m pin-utils v0.1.0
2026-10-07T22:27:29.7883939Z [1m[92m   Compiling[0m schemars v1.0.4
2026-10-07T22:27:30.1914907Z [1m[92m   Compiling[0m libflate_lz77 v2.3.0
2026-10-07T22:27:30.3602679Z [1m[92m   Compiling[0m libflate v2.3.1
2026-10-07T22:27:30.9575637Z [1m[92m   Compiling[0m proc-macro-error-attr3 v3.1.1
2026-10-07T22:27:30.9992374Z [1m[92m   Compiling[0m serde_json_lenient v0.2.4
2026-10-07T22:27:31.1404950Z [1m[92m   Compiling[0m async-fs v2.2.0
2026-10-07T22:27:31.2085544Z [1m[92m   Compiling[0m proc-macro-error3 v3.1.1
2026-10-07T22:27:31.4714651Z [1m[92m   Compiling[0m rand_core v0.6.4
2026-10-07T22:27:31.5204256Z [1m[92m   Compiling[0m bstr v1.12.1
2026-10-07T22:27:31.6386803Z [1m[92m   Compiling[0m convert_case v0.10.0
2026-10-07T22:27:31.9121671Z [1m[92m   Compiling[0m globset v0.4.17
2026-10-07T22:27:31.9405368Z [1m[92m   Compiling[0m anstyle v1.0.13
2026-10-07T22:27:32.1456406Z [1m[92m   Compiling[0m derive_more-impl v2.1.1
2026-10-07T22:27:32.4150441Z [1m[92m   Compiling[0m rust-embed-utils v8.11.0
2026-10-07T22:27:32.5540074Z [1m[92m   Compiling[0m path v0.1.0 (/home/runner/work/koda/koda/crates/path)
2026-10-07T22:27:32.8505408Z [1m[92m   Compiling[0m strum_macros v0.28.0
2026-10-07T22:27:35.0475912Z [1m[92m   Compiling[0m derive_more v2.1.1
2026-10-07T22:27:35.1431763Z [1m[92m   Compiling[0m strum v0.28.0
2026-10-07T22:27:35.2120919Z [1m[92m   Compiling[0m rust-embed-impl v8.11.0
2026-10-07T22:27:35.2475830Z [1m[92m   Compiling[0m lazy_static v1.5.0
2026-10-07T22:27:35.3018192Z [1m[92m   Compiling[0m crossbeam-epoch v0.9.18
2026-10-07T22:27:35.7430637Z [1m[92m   Compiling[0m nix v0.30.1
2026-10-07T22:27:35.8391456Z [1m[92m   Compiling[0m filetime v0.2.29
2026-10-07T22:27:35.9993837Z [1m[92m   Compiling[0m clap_lex v0.7.6
2026-10-07T22:27:36.1533059Z [1m[92m   Compiling[0m crossbeam-deque v0.8.6
2026-10-07T22:27:36.1705182Z [1m[92m   Compiling[0m async-net v2.0.0
2026-10-07T22:27:36.3005998Z [1m[92m   Compiling[0m bytemuck_derive v1.10.2
2026-10-07T22:27:36.5802287Z [1m[92m   Compiling[0m shlex v1.3.0
2026-10-07T22:27:36.6062064Z [1m[92m   Compiling[0m smol v2.0.2
2026-10-07T22:27:36.8104421Z [1m[92m   Compiling[0m async_zip v0.0.18
2026-10-07T22:27:37.3855571Z [1m[92m   Compiling[0m bytemuck v1.24.0
2026-10-07T22:27:37.7194917Z [1m[92m   Compiling[0m toml_parser v1.0.4
2026-10-07T22:27:38.3754767Z [1m[92m   Compiling[0m zstd v0.13.3
2026-10-07T22:27:38.4014681Z [1m[92m   Compiling[0m zeroize_derive v1.4.2
2026-10-07T22:27:38.6672682Z [1m[92m   Compiling[0m include-flate-compress v0.3.4
2026-10-07T22:27:38.7805126Z [1m[92m   Compiling[0m include-flate-codegen v0.3.4
2026-10-07T22:27:39.0559732Z [1m[92m   Compiling[0m command-fds v0.3.2
2026-10-07T22:27:39.0774868Z [1m[92m   Compiling[0m toml_datetime v0.7.3
2026-10-07T22:27:39.2465426Z [1m[92m   Compiling[0m zeroize v1.8.2
2026-10-07T22:27:39.2692369Z [1m[92m   Compiling[0m include-flate v0.3.4
2026-10-07T22:27:39.2874763Z [1m[92m   Compiling[0m syn v1.0.109
2026-10-07T22:27:39.3975554Z [1m[92m   Compiling[0m rust-embed v8.11.0
2026-10-07T22:27:39.4242803Z [1m[92m   Compiling[0m mio v1.2.0
2026-10-07T22:27:39.4749857Z [1m[92m   Compiling[0m util v0.1.0 (/home/runner/work/koda/koda/crates/util)
2026-10-07T22:27:39.9710659Z [1m[92m   Compiling[0m rustc_version v0.4.1
2026-10-07T22:27:40.2195415Z [1m[92m   Compiling[0m utf8parse v0.2.2
2026-10-07T22:27:40.2834731Z [1m[92m   Compiling[0m anstyle-query v1.1.4
2026-10-07T22:27:40.3004985Z [1m[92m   Compiling[0m anstyle-parse v0.2.7
2026-10-07T22:27:40.3714855Z [1m[92m   Compiling[0m is_terminal_polyfill v1.70.1
2026-10-07T22:27:40.4345015Z [1m[92m   Compiling[0m colorchoice v1.0.4
2026-10-07T22:27:40.4821011Z [1m[92m   Compiling[0m rayon v1.11.0
2026-10-07T22:27:40.5165083Z [1m[92m   Compiling[0m anstream v0.6.21
2026-10-07T22:27:40.8255091Z [1m[92m   Compiling[0m terminal_size v0.4.3
2026-10-07T22:27:40.9637202Z [1m[92m   Compiling[0m clap_builder v4.5.49
2026-10-07T22:27:41.4405028Z [1m[92m   Compiling[0m clap_derive v4.5.49
2026-10-07T22:27:42.6814723Z [1m[92m   Compiling[0m half v2.7.1
2026-10-07T22:27:43.1264941Z [1m[92m   Compiling[0m event-listener v2.5.3
2026-10-07T22:27:43.3057317Z [1m[92m   Compiling[0m async-channel v1.9.0
2026-10-07T22:27:43.4335136Z [1m[92m   Compiling[0m async-global-executor v2.4.1
2026-10-07T22:27:43.5464831Z [1m[92m   Compiling[0m clap v4.5.49
2026-10-07T22:27:43.6044693Z [1m[92m   Compiling[0m kv-log-macro v1.0.7
2026-10-07T22:27:43.7121650Z [1m[92m   Compiling[0m smol_str v0.3.6
2026-10-07T22:27:43.9015052Z [1m[92m   Compiling[0m fixedbitset v0.5.7
2026-10-07T22:27:43.9484862Z [1m[92m   Compiling[0m xattr v1.6.1
2026-10-07T22:27:44.2135196Z [1m[92m   Compiling[0m crossbeam-queue v0.3.12
2026-10-07T22:27:44.2374909Z [1m[92m   Compiling[0m bitflags v1.3.2
2026-10-07T22:27:44.2942508Z [1m[92m   Compiling[0m thread_local v1.1.9
2026-10-07T22:27:44.3256346Z [1m[92m   Compiling[0m tinyvec_macros v0.1.1
2026-10-07T22:27:44.3515100Z [1m[92m   Compiling[0m memmap2 v0.9.8
2026-10-07T22:27:44.3825932Z [1m[92m   Compiling[0m tinyvec v1.10.0
2026-10-07T22:27:44.5214785Z [1m[92m   Compiling[0m unicode-properties v0.1.3
2026-10-07T22:27:44.5634898Z [1m[92m   Compiling[0m nu-ansi-term v0.50.3
2026-10-07T22:27:44.7075246Z [1m[92m   Compiling[0m tracing-log v0.2.0
2026-10-07T22:27:44.7724930Z [1m[92m   Compiling[0m serde_spanned v1.0.3
2026-10-07T22:27:44.8957745Z [1m[92m   Compiling[0m toml_writer v1.0.4
2026-10-07T22:27:44.9083411Z [1m[92m   Compiling[0m rustc-demangle v0.1.26
2026-10-07T22:27:44.9225020Z [1m[92m   Compiling[0m static_assertions v1.1.0
2026-10-07T22:27:44.9814922Z [1m[92m   Compiling[0m unicode-bidi v0.3.18
2026-10-07T22:27:45.0728773Z [1m[92m   Compiling[0m core_maths v0.1.1
2026-10-07T22:27:45.1515992Z [1m[92m   Compiling[0m gpui_shared_string v0.1.0 (/home/runner/work/koda/koda/crates/gpui_shared_string)
2026-10-07T22:27:45.2816618Z [1m[92m   Compiling[0m rand_chacha v0.3.1
2026-10-07T22:27:45.3422878Z [1m[92m   Compiling[0m euclid v0.22.14
2026-10-07T22:27:45.5535229Z [1m[92m   Compiling[0m ztracing v0.1.0 (/home/runner/work/koda/koda/crates/ztracing)
2026-10-07T22:27:45.7095375Z [1m[92m   Compiling[0m rand v0.8.6
2026-10-07T22:27:45.7334569Z [1m[92m   Compiling[0m fdeflate v0.3.7
2026-10-07T22:27:46.0996112Z [1m[92m   Compiling[0m ztracing_macro v0.1.0 (/home/runner/work/koda/koda/crates/ztracing_macro)
2026-10-07T22:27:46.2079495Z [1m[92m   Compiling[0m ciborium-io v0.2.2
2026-10-07T22:27:46.2524834Z [1m[92m   Compiling[0m object v0.37.3
2026-10-07T22:27:46.2694543Z [1m[92m   Compiling[0m heapless v0.9.2
2026-10-07T22:27:46.4807920Z [1m[92m   Compiling[0m ciborium-ll v0.2.2
2026-10-07T22:27:46.5154836Z [1m[92m   Compiling[0m hash32 v0.3.1
2026-10-07T22:27:46.5534485Z [1m[92m   Compiling[0m polycool v0.4.0
2026-10-07T22:27:46.6554849Z [1m[92m   Compiling[0m slotmap v1.0.7
2026-10-07T22:27:46.6910569Z [1m[92m   Compiling[0m ciborium v0.2.2
2026-10-07T22:27:46.8436174Z [1m[92m   Compiling[0m kurbo v0.13.1
2026-10-07T22:27:47.3764903Z [1m[92m   Compiling[0m ttf-parser v0.25.1
2026-10-07T22:27:48.3104776Z [1m[92m   Compiling[0m toml v0.9.8
2026-10-07T22:27:49.7505562Z [1m[92m   Compiling[0m convert_case v0.11.0
2026-10-07T22:27:50.0534729Z [1m[92m   Compiling[0m alloca v0.4.0
2026-10-07T22:27:50.0920853Z [1m[92m   Compiling[0m quick-error v2.0.1
2026-10-07T22:27:50.1744680Z [1m[92m   Compiling[0m zune-core v0.5.1
2026-10-07T22:27:50.2084854Z [1m[92m   Compiling[0m bit-vec v0.8.0
2026-10-07T22:27:50.4397579Z [1m[92m   Compiling[0m plotters-backend v0.3.7
2026-10-07T22:27:50.4555285Z [1m[92m   Compiling[0m weezl v0.1.10
2026-10-07T22:27:50.5141308Z [1m[92m   Compiling[0m bit-set v0.8.0
2026-10-07T22:27:50.6494433Z [1m[92m   Compiling[0m plotters-svg v0.3.7
2026-10-07T22:27:50.6958451Z [1m[92m   Compiling[0m zune-jpeg v0.5.15
2026-10-07T22:27:50.8855164Z [1m[92m   Compiling[0m svgtypes v0.16.1
2026-10-07T22:27:51.4630414Z [1m[92m   Compiling[0m perf-event-open-sys2 v5.0.6
2026-10-07T22:27:51.6555498Z [1m[92m   Compiling[0m itertools v0.13.0
2026-10-07T22:27:51.7374613Z [1m[92m   Compiling[0m wait-timeout v0.2.1
2026-10-07T22:27:51.8462771Z [1m[92m   Compiling[0m page_size v0.6.0
2026-10-07T22:27:51.9295816Z [1m[92m   Compiling[0m cast v0.3.0
2026-10-07T22:27:51.9827270Z [1m[92m   Compiling[0m gimli v0.32.3
2026-10-07T22:27:52.0996698Z [1m[92m   Compiling[0m roxmltree v0.20.0
2026-10-07T22:27:52.8354896Z [1m[92m   Compiling[0m float-cmp v0.9.0
2026-10-07T22:27:52.9374979Z [1m[92m   Compiling[0m unicode-script v0.5.8
2026-10-07T22:27:53.2365793Z [1m[92m   Compiling[0m byteorder-lite v0.1.0
2026-10-07T22:27:53.2755079Z [1m[92m   Compiling[0m quick-error v1.2.3
2026-10-07T22:27:53.3448833Z [1m[92m   Compiling[0m color_quant v1.1.0
2026-10-07T22:27:53.4948016Z [1m[92m   Compiling[0m c-enum v0.2.3
2026-10-07T22:27:53.5255281Z [1m[92m   Compiling[0m image-webp v0.2.4
2026-10-07T22:27:53.5605040Z [1m[92m   Compiling[0m gif v0.14.2
2026-10-07T22:27:54.2173064Z [1m[92m   Compiling[0m criterion-plot v0.8.2
2026-10-07T22:27:54.4695578Z [1m[92m   Compiling[0m addr2line v0.25.1
2026-10-07T22:27:54.6824862Z [1m[92m   Compiling[0m strict-num v0.1.1
2026-10-07T22:27:54.8007181Z [1m[92m   Compiling[0m fontconfig-parser v0.5.8
2026-10-07T22:27:54.9077638Z [1m[92m   Compiling[0m plotters v0.3.7
2026-10-07T22:27:54.9511505Z [1m[92m   Compiling[0m fax_derive v0.2.0
2026-10-07T22:27:55.4276027Z [1m[92m   Compiling[0m zune-inflate v0.2.54
2026-10-07T22:27:55.5059038Z [1m[92m   Compiling[0m roxmltree v0.21.1
2026-10-07T22:27:55.7374786Z [1m[92m   Compiling[0m anes v0.1.6
2026-10-07T22:27:55.9414656Z [1m[92m   Compiling[0m unicode-bidi-mirroring v0.4.0
2026-10-07T22:27:56.0324857Z [1m[92m   Compiling[0m unicode-ccc v0.4.0
2026-10-07T22:27:56.0514755Z [1m[92m   Compiling[0m oorandom v11.1.5
2026-10-07T22:27:56.1218237Z [1m[92m   Compiling[0m data-url v0.3.2
2026-10-07T22:27:56.1371093Z [1m[92m   Compiling[0m lebe v0.5.3
2026-10-07T22:27:56.2579809Z [1m[92m   Compiling[0m raw-window-handle v0.6.2
2026-10-07T22:27:56.3044940Z [1m[92m   Compiling[0m bit_field v0.10.3
2026-10-07T22:27:56.4149341Z [1m[92m   Compiling[0m arrayref v0.3.9
2026-10-07T22:27:56.4264830Z [1m[92m   Compiling[0m fax v0.2.6
2026-10-07T22:27:56.4662321Z [1m[92m   Compiling[0m tiny-skia-path v0.11.4
2026-10-07T22:27:56.5174690Z [1m[92m   Compiling[0m fontdb v0.23.0
2026-10-07T22:27:56.6995847Z [1m[92m   Compiling[0m proptest-macro v0.5.0 (https://github.com/proptest-rs/proptest?rev=3dca198a8fef1b32e3a66f1e1897c955b4dc5b5b#3dca198a)
2026-10-07T22:27:57.0406996Z [1m[92m   Compiling[0m lyon_geom v1.0.17
2026-10-07T22:27:57.1715080Z [1m[92m   Compiling[0m profiling-procmacros v1.0.17
2026-10-07T22:27:57.4077342Z [1m[92m   Compiling[0m rand_xorshift v0.4.0
2026-10-07T22:27:57.4745026Z [1m[92m   Compiling[0m pxfm v0.1.25
2026-10-07T22:27:57.5335284Z [1m[92m   Compiling[0m unarray v0.1.4
2026-10-07T22:27:57.5737972Z [1m[92m   Compiling[0m profiling v1.0.17
2026-10-07T22:27:57.6218294Z [1m[92m   Compiling[0m lyon_path v1.0.16
2026-10-07T22:27:57.6386916Z [1m[92m   Compiling[0m tiff v0.11.3
2026-10-07T22:27:58.1544900Z [1m[92m   Compiling[0m qoi v0.4.1
2026-10-07T22:27:58.3584905Z [1m[92m   Compiling[0m simplecss v0.2.2
2026-10-07T22:27:58.7764794Z [1m[92m   Compiling[0m enumn v0.1.14
2026-10-07T22:27:59.1765981Z [1m[92m   Compiling[0m imagesize v0.14.0
2026-10-07T22:27:59.2729385Z [1m[92m   Compiling[0m unicode-vo v0.1.0
2026-10-07T22:27:59.3574601Z [1m[92m   Compiling[0m pico-args v0.5.0
2026-10-07T22:27:59.5706988Z [1m[92m   Compiling[0m waker-fn v1.2.0
2026-10-07T22:27:59.5818792Z [1m[92m   Compiling[0m moxcms v0.8.1
2026-10-07T22:27:59.6224850Z [1m[92m   Compiling[0m xmlwriter v0.1.0
2026-10-07T22:27:59.8094910Z [1m[92m   Compiling[0m pollster v0.4.0
2026-10-07T22:27:59.9254835Z [1m[92m   Compiling[0m accesskit v0.24.1
2026-10-07T22:28:00.2256036Z [1m[92m   Compiling[0m png v0.17.16
2026-10-07T22:28:00.4854897Z [1m[92m   Compiling[0m atomic v0.5.3
2026-10-07T22:28:00.6275009Z [1m[92m   Compiling[0m foldhash v0.1.5
2026-10-07T22:28:00.7855096Z [1m[92m   Compiling[0m pollster v0.2.5
2026-10-07T22:28:00.9015315Z [1m[92m   Compiling[0m hashbrown v0.15.5
2026-10-07T22:28:01.3255022Z [1m[92m   Compiling[0m tiny-skia v0.11.4
2026-10-07T22:28:01.5288042Z [1m[92m   Compiling[0m rgb v0.8.52
2026-10-07T22:28:01.8665430Z [1m[92m   Compiling[0m sharded-slab v0.1.7
2026-10-07T22:28:02.4735017Z [1m[92m   Compiling[0m tracing-serde v0.2.0
2026-10-07T22:28:02.6254631Z [1m[92m   Compiling[0m matchers v0.2.0
2026-10-07T22:28:02.7693906Z [1m[92m   Compiling[0m float_next_after v1.0.0
2026-10-07T22:28:02.8444867Z [1m[92m   Compiling[0m linktime-proc-macro v0.2.2
2026-10-07T22:28:03.3605042Z [1m[92m   Compiling[0m link-section v0.19.2
2026-10-07T22:28:03.5134954Z [1m[92m   Compiling[0m web-time v1.1.0
2026-10-07T22:28:03.5691439Z [1m[92m   Compiling[0m ctor v1.0.12
2026-10-07T22:28:03.6475111Z [1m[92m   Compiling[0m lyon_tessellation v1.0.16
2026-10-07T22:28:03.6914836Z [1m[92m   Compiling[0m tracing-subscriber v0.3.22
2026-10-07T22:28:04.5384867Z [1m[92m   Compiling[0m lyon_algorithms v1.0.16
2026-10-07T22:28:04.9744984Z [1m[92m   Compiling[0m lyon_extra v1.0.3
2026-10-07T22:28:05.2005265Z [1m[92m   Compiling[0m futures-concurrency v7.7.1
2026-10-07T22:28:06.0489850Z [1m[92m   Compiling[0m derive_refineable v0.1.0 (/home/runner/work/koda/koda/crates/refineable/derive_refineable)
2026-10-07T22:28:07.7211217Z [1m[92m   Compiling[0m seahash v4.1.0
2026-10-07T22:28:07.8664930Z [1m[92m   Compiling[0m svg_fmt v0.4.5
2026-10-07T22:28:08.0814929Z [1m[92m   Compiling[0m etagere v0.2.15
2026-10-07T22:28:08.3895477Z [1m[92m   Compiling[0m lyon v1.0.16
2026-10-07T22:28:08.4514875Z [1m[92m   Compiling[0m taffy v0.13.0
2026-10-07T22:28:09.7184991Z [1m[92m   Compiling[0m async-attributes v1.1.2
2026-10-07T22:28:10.0904880Z [1m[92m   Compiling[0m async-std v1.13.2
2026-10-07T22:28:10.5125743Z [1m[92m   Compiling[0m zlog v0.1.0 (/home/runner/work/koda/koda/crates/zlog)
2026-10-07T22:28:11.1004832Z [1m[92m   Compiling[0m hdrhistogram v7.5.4
2026-10-07T22:28:11.3135279Z [1m[92m   Compiling[0m gpui_macros v0.1.0 (/home/runner/work/koda/koda/crates/gpui_macros)
2026-10-07T22:28:11.7206136Z [1m[92m   Compiling[0m async-tar v0.6.1 (https://github.com/zed-industries/async-tar?rev=bd3ad6f89df9a9da7a8535958756d6bf465936a0#bd3ad6f8)
2026-10-07T22:28:12.1014796Z [1m[92m   Compiling[0m num_cpus v1.17.0
2026-10-07T22:28:12.4045099Z [1m[92m   Compiling[0m http_client v0.1.0 (/home/runner/work/koda/koda/crates/http_client)
2026-10-07T22:28:12.5226307Z [1m[92m   Compiling[0m inventory v0.3.21
2026-10-07T22:28:13.6920228Z [1m[92m   Compiling[0m ar_archive_writer v0.5.1
2026-10-07T22:28:14.5814800Z [1m[92m   Compiling[0m psm v0.1.30
2026-10-07T22:28:15.0485298Z [1m[92m   Compiling[0m sum_tree v0.1.0 (/home/runner/work/koda/koda/crates/sum_tree)
2026-10-07T22:28:15.4686259Z [1m[92m   Compiling[0m rusty-fork v0.3.1
2026-10-07T22:28:15.7774832Z [1m[92m   Compiling[0m tinytemplate v1.2.1
2026-10-07T22:28:15.8985436Z [1m[92m   Compiling[0m refineable v0.1.0 (/home/runner/work/koda/koda/crates/refineable)
2026-10-07T22:28:15.9714808Z [1m[92m   Compiling[0m x11 v2.21.0
2026-10-07T22:28:16.1234701Z [1m[92m   Compiling[0m socket2 v0.6.5
2026-10-07T22:28:16.2435457Z [1m[92m   Compiling[0m quick-xml v0.30.0
2026-10-07T22:28:16.6487559Z [1m[92m   Compiling[0m criterion v0.8.2
2026-10-07T22:28:16.9701443Z [1m[92m   Compiling[0m xcb v1.6.0
2026-10-07T22:28:18.5734886Z [1m[92m   Compiling[0m backtrace v0.3.76
2026-10-07T22:28:19.8029669Z [1m[92m   Compiling[0m proptest v1.10.0 (https://github.com/proptest-rs/proptest?rev=3dca198a8fef1b32e3a66f1e1897c955b4dc5b5b#3dca198a)
2026-10-07T22:28:20.2494983Z [1m[92m   Compiling[0m perf-event-data v0.1.8
2026-10-07T22:28:21.6855568Z [1m[92m   Compiling[0m spin v0.10.0
2026-10-07T22:28:21.8725056Z [1m[92m   Compiling[0m stacker v0.1.25
2026-10-07T22:28:21.9124922Z [1m[92m   Compiling[0m perf-event2 v0.7.4
2026-10-07T22:28:22.9265311Z [1m[92m   Compiling[0m rustybuzz v0.20.1
2026-10-07T22:28:23.4505149Z [1m[92m   Compiling[0m embed-resource v3.0.6
2026-10-07T22:28:23.7195126Z [1m[92m   Compiling[0m flume v0.12.0
2026-10-07T22:28:23.8384891Z [1m[92m   Compiling[0m gpui v0.2.2 (/home/runner/work/koda/koda/crates/gpui)
2026-10-07T22:28:24.2597280Z [1m[92m   Compiling[0m postage v0.5.0
2026-10-07T22:28:24.7114928Z [1m[92m   Compiling[0m exr v1.74.0
2026-10-07T22:28:25.9811558Z [1m[92m   Compiling[0m usvg v0.46.0
2026-10-07T22:28:28.0974852Z [1m[92m   Compiling[0m png v0.18.0
2026-10-07T22:28:28.9214896Z [1m[92m   Compiling[0m sysinfo v0.31.4
2026-10-07T22:28:29.1745163Z [1m[92m   Compiling[0m stacksafe-macro v1.0.3
2026-10-07T22:28:29.3234930Z [1m[92m   Compiling[0m image v0.25.10
2026-10-07T22:28:29.5375008Z [1m[92m   Compiling[0m stacksafe v1.0.3
2026-10-07T22:28:29.6454664Z [1m[92m   Compiling[0m resvg v0.46.0
2026-10-07T22:28:30.4705649Z [1m[92m   Compiling[0m zed-scap v0.0.8-zed (https://github.com/zed-industries/scap?rev=4afea48c3b002197176fb19cd0f9b180dd36eaac#4afea48c)
2026-10-07T22:28:31.0931664Z [1m[92m   Compiling[0m scheduler v0.1.0 (/home/runner/work/koda/koda/crates/scheduler)
2026-10-07T22:28:31.9349435Z [1m[92m   Compiling[0m bench_metrics v0.1.0 (/home/runner/work/koda/koda/crates/bench_metrics)
2026-10-07T22:28:32.8015056Z [1m[92m   Compiling[0m encoding_rs v0.8.35
2026-10-07T22:28:34.4165071Z [1m[92m   Compiling[0m tokio-macros v2.7.0
2026-10-07T22:28:35.1405584Z [1m[92m   Compiling[0m cmake v0.1.56
2026-10-07T22:28:35.5234991Z [1m[92m   Compiling[0m fs_extra v1.3.0
2026-10-07T22:28:35.8044945Z [1m[92m   Compiling[0m aws-lc-sys v0.42.0
2026-10-07T22:28:36.9374956Z [1m[92m   Compiling[0m tokio v1.52.1
2026-10-07T22:28:39.0203360Z [1m[92m   Compiling[0m async-trait v0.1.89
2026-10-07T22:28:39.8442111Z [1m[92m   Compiling[0m httparse v1.10.1
2026-10-07T22:28:40.1125033Z [1m[92m   Compiling[0m ring v0.17.14
2026-10-07T22:28:43.1806115Z [1m[92m   Compiling[0m rustls-pki-types v1.12.0
2026-10-07T22:28:43.5269791Z [1m[92m   Compiling[0m untrusted v0.9.0
2026-10-07T22:28:43.5959784Z [1m[92m   Compiling[0m rustls v0.23.40
2026-10-07T22:28:43.6790757Z [1m[92m   Compiling[0m num-integer v0.1.46
2026-10-07T22:28:43.9605300Z [1m[92m   Compiling[0m powerfmt v0.2.0
2026-10-07T22:28:44.1445144Z [1m[92m   Compiling[0m num-conv v0.2.0
2026-10-07T22:28:44.2480023Z [1m[92m   Compiling[0m time-core v0.1.8
2026-10-07T22:28:44.3505055Z [1m[92m   Compiling[0m time-macros v0.2.27
2026-10-07T22:28:45.5148995Z [1m[92m   Compiling[0m deranged v0.5.4
2026-10-07T22:28:46.5872340Z [1m[92m   Compiling[0m num_threads v0.1.7
2026-10-07T22:28:46.7069634Z [1m[92m   Compiling[0m time v0.3.47
2026-10-07T22:28:47.1405318Z [1m[92m   Compiling[0m aws-lc-rs v1.17.1
2026-10-07T22:28:47.3377177Z [1m[92m   Compiling[0m tower-service v0.3.3
2026-10-07T22:28:47.3785376Z [1m[92m   Compiling[0m untrusted v0.7.1
2026-10-07T22:28:48.5627513Z [1m[92m   Compiling[0m ipnet v2.11.0
2026-10-07T22:28:49.0550186Z [1m[92m   Compiling[0m try-lock v0.2.5
2026-10-07T22:28:49.1215557Z [1m[92m   Compiling[0m want v0.3.1
2026-10-07T22:28:49.2997844Z [1m[92m   Compiling[0m http-body-util v0.1.3
2026-10-07T22:28:49.5203843Z [1m[92m   Compiling[0m tree-sitter-language v0.1.8 (https://github.com/tree-sitter/tree-sitter?rev=43623ec9bf0eaaf7113285c46e8a09018f181b18#43623ec9)
2026-10-07T22:28:49.6421646Z [1m[92m   Compiling[0m openssl-probe v0.2.1
2026-10-07T22:28:49.8013699Z [1m[92m   Compiling[0m hex v0.4.3
2026-10-07T22:28:50.0567531Z [1m[92m   Compiling[0m tokio-util v0.7.18
2026-10-07T22:28:50.8854740Z [1m[92m   Compiling[0m rustls-native-certs v0.8.3
2026-10-07T22:28:51.3094343Z [1m[92m   Compiling[0m termcolor v1.4.1
2026-10-07T22:28:51.6334818Z [1m[92m   Compiling[0m imara-diff v0.2.0
2026-10-07T22:28:52.1205107Z [1m[92m   Compiling[0m zeta_prompt v0.1.0 (/home/runner/work/koda/koda/crates/zeta_prompt)
2026-10-07T22:28:54.3351849Z [1m[92m   Compiling[0m tower-layer v0.3.3
2026-10-07T22:28:54.4651411Z [1m[92m   Compiling[0m cloud_llm_client v0.1.0 (/home/runner/work/koda/koda/crates/cloud_llm_client)
2026-10-07T22:28:54.4835107Z [1m[92m   Compiling[0m num-iter v0.1.45
2026-10-07T22:28:54.5533536Z [1m[92m   Compiling[0m h2 v0.4.19
2026-10-07T22:28:55.3405003Z [1m[92m   Compiling[0m phf_shared v0.13.1
2026-10-07T22:28:55.5954774Z [1m[92m   Compiling[0m sync_wrapper v1.0.2
2026-10-07T22:28:55.7205431Z [1m[92m   Compiling[0m phf_generator v0.13.1
2026-10-07T22:28:55.9076304Z [1m[92m   Compiling[0m prettyplease v0.2.37
2026-10-07T22:28:56.0587315Z [1m[92m   Compiling[0m prost-derive v0.14.4
2026-10-07T22:28:57.6935887Z [1m[92m   Compiling[0m wasmtime-internal-core v48.0.1
2026-10-07T22:28:57.8276462Z [1m[92m   Compiling[0m prost v0.14.4
2026-10-07T22:28:58.2200119Z [1m[92m   Compiling[0m target-lexicon v0.13.5
2026-10-07T22:28:58.5965589Z [1m[92m   Compiling[0m hyper v1.11.1
2026-10-07T22:28:58.9885069Z [1m[92m   Compiling[0m prost-types v0.14.4
2026-10-07T22:28:59.8864840Z [1m[92m   Compiling[0m hyper-util v0.1.17
2026-10-07T22:29:00.0793570Z [1m[92m   Compiling[0m cranelift-srcgen v0.135.1
2026-10-07T22:29:00.3757834Z [1m[92m   Compiling[0m cranelift-assembler-x64-meta v0.135.1
2026-10-07T22:29:00.5386254Z [1m[92m   Compiling[0m partial-json-fixer v0.5.3
2026-10-07T22:29:01.4092847Z [1m[92m   Compiling[0m cranelift-bitset v0.135.1
2026-10-07T22:29:01.5399103Z [1m[92m   Compiling[0m pulley-macros v48.0.1
2026-10-07T22:29:01.6064885Z [1m[92m   Compiling[0m leb128fmt v0.1.0
2026-10-07T22:29:01.8975733Z [1m[92m   Compiling[0m language_model_core v0.1.0 (/home/runner/work/koda/koda/crates/language_model_core)
2026-10-07T22:29:01.9495449Z [1m[92m   Compiling[0m cranelift-isle v0.135.1
2026-10-07T22:29:02.1714886Z [1m[92m   Compiling[0m pulley-interpreter v48.0.1
2026-10-07T22:29:02.6135079Z [1m[92m   Compiling[0m cranelift-entity v0.135.1
2026-10-07T22:29:02.9922676Z [1m[92m   Compiling[0m phf_macros v0.13.1
2026-10-07T22:29:03.4448204Z [1m[92m   Compiling[0m petgraph v0.8.3
2026-10-07T22:29:03.7124940Z [1m[92m   Compiling[0m cobs v0.3.0
2026-10-07T22:29:03.8808136Z [1m[92m   Compiling[0m multimap v0.8.3
2026-10-07T22:29:03.9920127Z [1m[92m   Compiling[0m cranelift-codegen-shared v0.135.1
2026-10-07T22:29:04.0684847Z [1m[92m   Compiling[0m postcard v1.1.3
2026-10-07T22:29:04.4374830Z [1m[92m   Compiling[0m phf v0.13.1
2026-10-07T22:29:04.5247020Z [1m[92m   Compiling[0m cranelift-bforest v0.135.1
2026-10-07T22:29:04.7585789Z [1m[92m   Compiling[0m cranelift-assembler-x64 v0.135.1
2026-10-07T22:29:04.9361319Z [1m[92m   Compiling[0m prost-build v0.14.4
2026-10-07T22:29:06.2231867Z [1m[92m   Compiling[0m gimli v0.33.0
2026-10-07T22:29:07.5634880Z [1m[92m   Compiling[0m wasmparser v0.254.0
2026-10-07T22:29:10.1634986Z [1m[92m   Compiling[0m cranelift-codegen-meta v0.135.1
2026-10-07T22:29:10.2068957Z [1m[92m   Compiling[0m logos-codegen v0.15.1
2026-10-07T22:29:10.3516867Z [1m[92m   Compiling[0m wasmtime-internal-versioned-export-macros v48.0.1
2026-10-07T22:29:10.6925504Z [1m[92m   Compiling[0m bumpalo v3.20.3
2026-10-07T22:29:10.9564991Z [1m[92m   Compiling[0m cpp_demangle v0.5.1
2026-10-07T22:29:11.2626286Z [1m[92m   Compiling[0m unicode-width v0.2.2
2026-10-07T22:29:11.4814843Z [1m[92m   Compiling[0m arbitrary v1.4.2
2026-10-07T22:29:12.3721498Z [1m[92m   Compiling[0m object v0.39.1
2026-10-07T22:29:12.5812341Z [1m[92m   Compiling[0m cranelift-control v0.135.1
2026-10-07T22:29:12.6539997Z [1m[92m   Compiling[0m regalloc2 v0.15.2
2026-10-07T22:29:13.0525621Z [1m[92m   Compiling[0m cranelift-codegen v0.135.1
2026-10-07T22:29:24.4716864Z [1m[92m   Compiling[0m beef v0.5.2
2026-10-07T22:29:24.5525060Z [1m[92m   Compiling[0m wasmtime-internal-component-util v48.0.1
2026-10-07T22:29:26.2328162Z [1m[92m   Compiling[0m wasm-encoder v0.254.0
2026-10-07T22:29:30.0964963Z [1m[92m   Compiling[0m wasmprinter v0.254.0
2026-10-07T22:29:34.1300410Z [1m[92m   Compiling[0m miette-derive v7.6.0
2026-10-07T22:29:35.4772969Z [1m[92m   Compiling[0m logos-codegen v0.16.1
2026-10-07T22:29:37.2264959Z [1m[92m   Compiling[0m unicode-width v0.1.14
2026-10-07T22:29:37.3165306Z [1m[92m   Compiling[0m id-arena v2.3.0
2026-10-07T22:29:37.4276244Z [1m[92m   Compiling[0m wit-parser v0.254.0
2026-10-07T22:29:37.4455467Z [1m[92m   Compiling[0m miette v7.6.0
2026-10-07T22:29:38.1568106Z [1m[92m   Compiling[0m logos-derive v0.16.1
2026-10-07T22:29:38.4475060Z [1m[92m   Compiling[0m wasmtime-environ v48.0.1
2026-10-07T22:29:43.0634779Z [1m[92m   Compiling[0m wasm-metadata v0.254.0
2026-10-07T22:29:43.4584131Z [1m[92m   Compiling[0m logos-derive v0.15.1
2026-10-07T22:29:43.6906366Z [1m[92m   Compiling[0m wasmtime-internal-unwinder v48.0.1
2026-10-07T22:29:43.8484796Z [1m[92m   Compiling[0m mime v0.3.17
2026-10-07T22:29:44.1414871Z [1m[92m   Compiling[0m logos v0.15.1
2026-10-07T22:29:44.2775636Z [1m[92m   Compiling[0m wit-component v0.254.0
2026-10-07T22:29:49.0665462Z [1m[92m   Compiling[0m logos v0.16.1
2026-10-07T22:29:49.1815008Z [1m[92m   Compiling[0m wasmtime-internal-fiber v48.0.1
2026-10-07T22:29:49.3695153Z [1m[92m   Compiling[0m wasmtime-internal-component-macro v48.0.1
2026-10-07T22:29:49.5015269Z [1m[92m   Compiling[0m wasmtime-internal-cranelift v48.0.1
2026-10-07T22:29:49.7533643Z [1m[92m   Compiling[0m prost-reflect v0.16.5
2026-10-07T22:29:54.4554883Z [1m[92m   Compiling[0m cranelift-frontend v0.135.1
2026-10-07T22:29:55.6205384Z [1m[92m   Compiling[0m cranelift-native v0.135.1
2026-10-07T22:29:56.0765316Z [1m[92m   Compiling[0m wasmtime-internal-wit-bindgen v48.0.1
2026-10-07T22:29:57.7565613Z [1m[92m   Compiling[0m protox-parse v0.9.0
2026-10-07T22:29:59.2245007Z [1m[92m   Compiling[0m wasmtime v48.0.1
2026-10-07T22:29:59.9553679Z [1m[92m   Compiling[0m protox v0.9.1
2026-10-07T22:30:23.4585097Z [1m[92m   Compiling[0m wasmtime-internal-jit-icache-coherence v48.0.1
2026-10-07T22:30:23.5225126Z [1m[92m   Compiling[0m const_format_proc_macros v0.2.34
2026-10-07T22:30:24.1504988Z [1m[92m   Compiling[0m rustls-webpki v0.103.13
2026-10-07T22:30:24.3386525Z [1m[92m   Compiling[0m memfd v0.6.5
2026-10-07T22:30:24.5465683Z [1m[92m   Compiling[0m wasmtime-c-api-impl v48.0.1
2026-10-07T22:30:31.0814983Z [1m[92m   Compiling[0m tokio-rustls v0.26.4
2026-10-07T22:30:31.3070892Z [1m[92m   Compiling[0m const_format v0.2.35
2026-10-07T22:30:31.6904892Z [1m[92m   Compiling[0m ignore v0.4.24
2026-10-07T22:30:33.0485027Z [1m[92m   Compiling[0m paths v0.1.0 (/home/runner/work/koda/koda/crates/paths)
2026-10-07T22:30:33.2157388Z [1m[92m   Compiling[0m tree-sitter v0.27.0 (https://github.com/tree-sitter/tree-sitter?rev=43623ec9bf0eaaf7113285c46e8a09018f181b18#43623ec9)
2026-10-07T22:30:33.7794972Z [1m[92m   Compiling[0m block-padding v0.3.3
2026-10-07T22:30:33.8644974Z [1m[92m   Compiling[0m inout v0.1.4
2026-10-07T22:30:42.6885347Z [1m[92m   Compiling[0m serde_path_to_error v0.1.20
2026-10-07T22:30:43.0847889Z [1m[92m   Compiling[0m wasmtime-internal-c-api-macros v48.0.1
2026-10-07T22:30:45.9249136Z [1m[92m   Compiling[0m cipher v0.4.4
2026-10-07T22:30:46.3624239Z [1m[92m   Compiling[0m streaming-iterator v0.1.9
2026-10-07T22:30:46.4515023Z [1m[92m   Compiling[0m proto v0.1.0 (/home/runner/work/koda/koda/crates/proto)
2026-10-07T22:30:46.8841153Z [1m[92m   Compiling[0m release_channel v0.1.0 (/home/runner/work/koda/koda/crates/release_channel)
2026-10-07T22:30:47.4044955Z [1m[92m   Compiling[0m aes v0.8.4
2026-10-07T22:30:48.0185638Z [1m[92m   Compiling[0m rope v0.1.0 (/home/runner/work/koda/koda/crates/rope)
2026-10-07T22:30:49.0098266Z [1m[92m   Compiling[0m urlencoding v2.1.3
2026-10-07T22:30:49.1826021Z [1m[92m   Compiling[0m telemetry_events v0.1.0 (/home/runner/work/koda/koda/crates/telemetry_events)
2026-10-07T22:30:49.8135234Z [1m[92m   Compiling[0m net v0.1.0 (/home/runner/work/koda/koda/crates/net)
2026-10-07T22:30:49.8730969Z [1m[92m   Compiling[0m clock v0.1.0 (/home/runner/work/koda/koda/crates/clock)
2026-10-07T22:30:50.1188724Z [1m[92m   Compiling[0m tree-sitter-json v0.24.8
2026-10-07T22:30:50.5834710Z [1m[92m   Compiling[0m inotify-sys v0.1.5
2026-10-07T22:30:50.7195168Z [1m[92m   Compiling[0m text v0.1.0 (/home/runner/work/koda/koda/crates/text)
2026-10-07T22:30:53.4915236Z [1m[92m   Compiling[0m askpass v0.1.0 (/home/runner/work/koda/koda/crates/askpass)
2026-10-07T22:30:54.0589097Z [1m[92m   Compiling[0m webpki-roots v1.0.8
2026-10-07T22:30:54.1435220Z [1m[92m   Compiling[0m rustls-platform-verifier v0.7.0
2026-10-07T22:30:54.3355438Z [1m[92m   Compiling[0m http_client_tls v0.1.0 (/home/runner/work/koda/koda/crates/http_client_tls)
2026-10-07T22:30:54.4945480Z [1m[92m   Compiling[0m settings_json v0.1.0 (/home/runner/work/koda/koda/crates/settings_json)
2026-10-07T22:30:55.0105796Z [1m[92m   Compiling[0m telemetry v0.1.0 (/home/runner/work/koda/koda/crates/telemetry)
2026-10-07T22:30:55.1625626Z [1m[92m   Compiling[0m settings_macros v0.1.0 (/home/runner/work/koda/koda/crates/settings_macros)
2026-10-07T22:30:59.6874856Z [1m[92m   Compiling[0m inotify v0.11.0
2026-10-07T22:31:00.1124850Z [1m[92m   Compiling[0m rustls-pemfile v2.2.0
2026-10-07T22:31:00.2736471Z [1m[92m   Compiling[0m notify-types v2.1.0 (https://github.com/zed-industries/notify?rev=d842f16b2716bd60f09caf3ae3a894237ab38f54#d842f16b)
2026-10-07T22:31:00.5955609Z [1m[92m   Compiling[0m xxhash-rust v0.8.15
2026-10-07T22:31:00.8716531Z [1m[92m   Compiling[0m notify v9.0.0-rc.4 (https://github.com/zed-industries/notify?rev=d842f16b2716bd60f09caf3ae3a894237ab38f54#d842f16b)
2026-10-07T22:31:01.9335279Z [1m[92m   Compiling[0m settings_content v0.1.0 (/home/runner/work/koda/koda/crates/settings_content)
2026-10-07T22:31:19.0200628Z [1m[92m   Compiling[0m git v0.1.0 (/home/runner/work/koda/koda/crates/git)
2026-10-07T22:31:24.7726270Z [1m[92m   Compiling[0m trash v5.2.5 (https://github.com/zed-industries/trash-rs?rev=41c6c800d884a89351f3b8856d12894cccee261d#41c6c800)
2026-10-07T22:31:25.4266327Z [1m[92m   Compiling[0m zstd-safe v5.0.2+zstd.1.5.2
2026-10-07T22:31:25.6134994Z [1m[92m   Compiling[0m is_executable v1.0.5
2026-10-07T22:31:25.7005071Z [1m[92m   Compiling[0m fs v0.1.0 (/home/runner/work/koda/koda/crates/fs)
2026-10-07T22:31:33.0884883Z [1m[92m   Compiling[0m zstd v0.11.2+zstd.1.5.2
2026-10-07T22:31:33.3634984Z [1m[92m   Compiling[0m sha1 v0.10.6
2026-10-07T22:31:33.5685357Z [1m[92m   Compiling[0m palette v0.7.6
2026-10-07T22:31:33.7475021Z [1m[92m   Compiling[0m by_address v1.2.1
2026-10-07T22:31:33.8290137Z [1m[92m   Compiling[0m palette_derive v0.7.6
2026-10-07T22:31:34.8687289Z [1m[92m   Compiling[0m unicode-linebreak v0.1.5
2026-10-07T22:31:35.1194963Z [1m[92m   Compiling[0m fast-srgb8 v1.0.0
2026-10-07T22:31:35.4674291Z [1m[92m   Compiling[0m migrator v0.1.0 (/home/runner/work/koda/koda/crates/migrator)
2026-10-07T22:31:36.8599683Z [1m[92m   Compiling[0m ec4rs v1.2.0
2026-10-07T22:31:37.4974982Z [1m[92m   Compiling[0m rustversion v1.0.22
2026-10-07T22:31:37.7832340Z [1m[92m   Compiling[0m base64ct v1.8.0
2026-10-07T22:31:38.6273909Z [1m[92m   Compiling[0m settings v0.1.0 (/home/runner/work/koda/koda/crates/settings)
2026-10-07T22:31:44.0596666Z [1m[92m   Compiling[0m data-encoding v2.9.0
2026-10-07T22:31:44.7867081Z [1m[92m   Compiling[0m utf-8 v0.7.6
2026-10-07T22:31:44.9385532Z [1m[92m   Compiling[0m syntax_theme v0.1.0 (/home/runner/work/koda/koda/crates/syntax_theme)
2026-10-07T22:31:45.1537695Z [1m[92m   Compiling[0m signature v2.2.0
2026-10-07T22:31:45.2715451Z [1m[92m   Compiling[0m theme v0.1.0 (/home/runner/work/koda/koda/crates/theme)
2026-10-07T22:31:45.4175012Z [1m[92m   Compiling[0m toml_datetime v0.6.11
2026-10-07T22:31:45.7064854Z [1m[92m   Compiling[0m serde_spanned v0.6.9
2026-10-07T22:31:45.8195030Z [1m[92m   Compiling[0m toml_write v0.1.2
2026-10-07T22:31:45.9894720Z [1m[92m   Compiling[0m tungstenite v0.28.0
2026-10-07T22:31:47.2369213Z [1m[92m   Compiling[0m yansi v1.0.1
2026-10-07T22:31:47.3665330Z [1m[92m   Compiling[0m pem-rfc7468 v0.7.0
2026-10-07T22:31:47.6404675Z [1m[92m   Compiling[0m der v0.7.10
2026-10-07T22:31:48.2304784Z [1m[92m   Compiling[0m toml_edit v0.22.27
2026-10-07T22:31:49.0154992Z [1m[92m   Compiling[0m spki v0.7.3
2026-10-07T22:31:49.2224887Z [1m[92m   Compiling[0m arc-swap v1.9.0
2026-10-07T22:31:49.5175107Z [1m[92m   Compiling[0m num-bigint-dig v0.8.6
2026-10-07T22:31:49.6574798Z [1m[92m   Compiling[0m pkcs8 v0.10.2
2026-10-07T22:31:50.1654677Z [1m[92m   Compiling[0m pkcs1 v0.7.5
2026-10-07T22:31:50.6134817Z [1m[92m   Compiling[0m toml v0.8.23
2026-10-07T22:31:51.5647183Z [1m[92m   Compiling[0m async-tungstenite v0.33.0
2026-10-07T22:31:51.9867588Z [1m[92m   Compiling[0m lru v0.16.4
2026-10-07T22:31:52.6485177Z [1m[92m   Compiling[0m rsa v0.9.10
2026-10-07T22:31:53.6354759Z [1m[92m   Compiling[0m shellexpand v3.1.1
2026-10-07T22:31:53.7405006Z [1m[92m   Compiling[0m diff v0.1.13
2026-10-07T22:31:53.8043495Z [1m[92m   Compiling[0m rpc v0.1.0 (/home/runner/work/koda/koda/crates/rpc)
2026-10-07T22:31:54.0003784Z [1m[92m   Compiling[0m pretty_assertions v1.4.1
2026-10-07T22:31:54.2675232Z [1m[92m   Compiling[0m zed_actions v0.1.0 (/home/runner/work/koda/koda/crates/zed_actions)
2026-10-07T22:31:56.5645386Z [1m[92m   Compiling[0m watch v0.1.0 (/home/runner/work/koda/koda/crates/watch)
2026-10-07T22:31:56.7135261Z [1m[92m   Compiling[0m task v0.1.0 (/home/runner/work/koda/koda/crates/task)
2026-10-07T22:31:57.5434901Z [1m[92m   Compiling[0m nucleo-matcher v0.3.1
2026-10-07T22:31:58.4325056Z [1m[92m   Compiling[0m tree-sitter-go v0.25.0
2026-10-07T22:31:58.6474834Z [1m[92m   Compiling[0m tree-sitter-css v0.23.2
2026-10-07T22:31:58.7675695Z [1m[92m   Compiling[0m tree-sitter-typescript v0.23.2 (https://github.com/zed-industries/tree-sitter-typescript?rev=e2c53597d6a5d9cf7bbe8dccde576fe1e46c5899#e2c53597)
2026-10-07T22:31:58.8112088Z [1m[92m   Compiling[0m tree-sitter-diff v0.1.0
2026-10-07T22:31:58.9555980Z [1m[92m   Compiling[0m tree-sitter-cpp v0.23.4 (https://github.com/tree-sitter/tree-sitter-cpp?rev=5cb9b693cfd7bfacab1d9ff4acac1a4150700609#5cb9b693)
2026-10-07T22:31:58.9806449Z [1m[92m   Compiling[0m tree-sitter-yaml v0.6.1 (https://github.com/zed-industries/tree-sitter-yaml?rev=baff0b51c64ef6a1fb1f8390f3ad6015b83ec13a#baff0b51)
2026-10-07T22:31:59.1305063Z [1m[92m   Compiling[0m tree-sitter-c v0.24.1
2026-10-07T22:31:59.1604962Z [1m[92m   Compiling[0m tree-sitter-regex v0.24.3
2026-10-07T22:31:59.3076194Z [1m[92m   Compiling[0m tree-sitter-bash v0.25.1
2026-10-07T22:31:59.3536841Z [1m[92m   Compiling[0m tree-sitter-md v0.3.2 (https://github.com/zed-industries/tree-sitter-markdown?rev=b596e737286780d7bfa9fcddceaeeb754574b352#b596e737)
2026-10-07T22:31:59.4676363Z [1m[92m   Compiling[0m tree-sitter-gowork v0.0.1 (https://github.com/zed-industries/tree-sitter-go-work?rev=acb0617bf7f4fda02c6217676cc64acb89536dc7#acb0617b)
2026-10-07T22:31:59.5174980Z [1m[92m   Compiling[0m tree-sitter-jsdoc v0.23.2
2026-10-07T22:31:59.6336426Z [1m[92m   Compiling[0m tree-sitter-gomod v1.1.1 (https://github.com/camdencheek/tree-sitter-go-mod?rev=2e886870578eeba1927a2dc4bd2e2b3f598c5f9a#2e886870)
2026-10-07T22:31:59.7066406Z [1m[92m   Compiling[0m tree-sitter-gitcommit v0.0.1 (https://github.com/zed-industries/tree-sitter-git-commit?rev=88309716a69dd13ab83443721ba6e0b491d37ee9#88309716)
2026-10-07T22:31:59.8215683Z [1m[92m   Compiling[0m tree-sitter-python v0.25.0
2026-10-07T22:31:59.8905839Z [1m[92m   Compiling[0m tree-sitter-rust v0.24.2
2026-10-07T22:31:59.9994737Z [1m[92m   Compiling[0m httpdate v1.0.3
2026-10-07T22:32:08.5994676Z [1m[92m   Compiling[0m nucleo v0.5.0
2026-10-07T22:32:08.9314780Z [1m[92m   Compiling[0m fuzzy v0.1.0 (/home/runner/work/koda/koda/crates/fuzzy)
2026-10-07T22:32:09.4582190Z [1m[92m   Compiling[0m lsp-types v0.95.1 (https://github.com/zed-industries/lsp-types?rev=f1783e63a7f4eb4397bf51d4148b4895a1f7ab16#f1783e63)
2026-10-07T22:32:10.4515835Z [1m[92m   Compiling[0m async-pipe v0.1.3 (https://github.com/zed-industries/async-pipe-rs?rev=82d00a04211cf4e1236029aa03e6b6ce2a74c553#82d00a04)
2026-10-07T22:32:11.4745228Z [1m[92m   Compiling[0m language_core v0.1.0 (/home/runner/work/koda/koda/crates/language_core)
2026-10-07T22:32:12.2074845Z [1m[92m   Compiling[0m hmac v0.12.1
2026-10-07T22:32:12.3016057Z [1m[92m   Compiling[0m language v0.1.0 (/home/runner/work/koda/koda/crates/language)
2026-10-07T22:32:12.4605364Z [1m[92m   Compiling[0m fuzzy_nucleo v0.1.0 (/home/runner/work/koda/koda/crates/fuzzy_nucleo)
2026-10-07T22:32:13.0675271Z [1m[92m   Compiling[0m grammars v0.1.0 (/home/runner/work/koda/koda/crates/grammars)
2026-10-07T22:32:13.3688008Z [1m[92m   Compiling[0m chardetng v0.1.17
2026-10-07T22:32:13.7144841Z [1m[92m   Compiling[0m diffy v0.4.2
2026-10-07T22:32:14.6455249Z [1m[92m   Compiling[0m credentials_provider v0.1.0 (/home/runner/work/koda/koda/crates/credentials_provider)
2026-10-07T22:32:14.7755202Z [1m[92m   Compiling[0m bzip2-sys v0.1.13+1.0.8
2026-10-07T22:32:16.3154028Z [1m[92m   Compiling[0m tower v0.5.2
2026-10-07T22:32:16.8568465Z [1m[92m   Compiling[0m phf_codegen v0.13.1
2026-10-07T22:32:16.9534864Z [1m[92m   Compiling[0m chunked_transfer v1.5.0
2026-10-07T22:32:17.0569103Z [1m[92m   Compiling[0m ascii v1.1.0
2026-10-07T22:32:17.6945017Z [1m[92m   Compiling[0m password-hash v0.4.2
2026-10-07T22:32:18.0891154Z [1m[92m   Compiling[0m lsp v0.1.0 (/home/runner/work/koda/koda/crates/lsp)
2026-10-07T22:32:18.3586028Z [1m[92m   Compiling[0m tiny_http v0.12.0
2026-10-07T22:32:20.8942959Z [1m[92m   Compiling[0m cloud_api_types v0.1.0 (/home/runner/work/koda/koda/crates/cloud_api_types)
2026-10-07T22:32:22.0557848Z [1m[92m   Compiling[0m hyper-rustls v0.27.9
2026-10-07T22:32:22.2246607Z [1m[92m   Compiling[0m gpui_tokio v0.1.0 (/home/runner/work/koda/koda/crates/gpui_tokio)
2026-10-07T22:32:22.3277629Z [1m[92m   Compiling[0m bzip2 v0.4.4
2026-10-07T22:32:22.5362981Z [1m[92m   Compiling[0m pbkdf2 v0.11.0
2026-10-07T22:32:22.7195935Z [1m[92m   Compiling[0m constant_time_eq v0.1.5
2026-10-07T22:32:22.7575160Z [1m[92m   Compiling[0m icons v0.1.0 (/home/runner/work/koda/koda/crates/icons)
2026-10-07T22:32:22.7862338Z [1m[92m   Compiling[0m zip v0.6.6
2026-10-07T22:32:23.1030321Z [1m[92m   Compiling[0m fs2 v0.4.3
2026-10-07T22:32:23.2160761Z [1m[92m   Compiling[0m nom v8.0.0
2026-10-07T22:32:23.2854680Z [1m[92m   Compiling[0m new_debug_unreachable v1.0.6
2026-10-07T22:32:23.3385434Z [1m[92m   Compiling[0m feature_flags_macros v0.1.0 (/home/runner/work/koda/koda/crates/feature_flags_macros)
2026-10-07T22:32:23.5974905Z [1m[92m   Compiling[0m precomputed-hash v0.1.1
2026-10-07T22:32:23.6535529Z [1m[92m   Compiling[0m proxy_handshake v0.1.0 (/home/runner/work/koda/koda/crates/proxy_handshake)
2026-10-07T22:32:23.9615783Z [1m[92m   Compiling[0m zed_credentials_provider v0.1.0 (/home/runner/work/koda/koda/crates/zed_credentials_provider)
2026-10-07T22:32:24.4965411Z [1m[92m   Compiling[0m worktree v0.1.0 (/home/runner/work/koda/koda/crates/worktree)
2026-10-07T22:32:26.3414654Z [1m[92m   Compiling[0m yawc v0.4.2
2026-10-07T22:32:27.3798228Z [1m[92m   Compiling[0m cloud_api_client v0.1.0 (/home/runner/work/koda/koda/crates/cloud_api_client)
2026-10-07T22:32:27.8425733Z [1m[92m   Compiling[0m feature_flags v0.1.0 (/home/runner/work/koda/koda/crates/feature_flags)
2026-10-07T22:32:27.8575548Z [1m[92m   Compiling[0m itertools v0.15.0
2026-10-07T22:32:28.3320015Z [1m[92m   Compiling[0m arraydeque v0.5.1
2026-10-07T22:32:28.5065047Z [1m[92m   Compiling[0m client v0.1.0 (/home/runner/work/koda/koda/crates/client)
2026-10-07T22:32:28.5484832Z [1m[92m   Compiling[0m mime_guess v2.0.5
2026-10-07T22:32:28.8519200Z [1m[92m   Compiling[0m ucd-trie v0.1.7
2026-10-07T22:32:29.0900396Z [1m[92m   Compiling[0m dtoa v1.0.10
2026-10-07T22:32:29.2734698Z [1m[92m   Compiling[0m dtoa-short v0.3.5
2026-10-07T22:32:29.4118910Z [1m[92m   Compiling[0m node_runtime v0.1.0 (/home/runner/work/koda/koda/crates/node_runtime)
2026-10-07T22:32:29.4461080Z [1m[92m   Compiling[0m optfield v0.4.0
2026-10-07T22:32:30.0816446Z [1m[92m   Compiling[0m minimal-lexical v0.2.1
2026-10-07T22:32:30.2649884Z [1m[92m   Compiling[0m nom v7.1.3
2026-10-07T22:32:30.3335526Z [1m[92m   Compiling[0m documented-macros v0.10.0
2026-10-07T22:32:31.1886128Z [1m[92m   Compiling[0m tokio-socks v0.5.2
2026-10-07T22:32:31.4335665Z [1m[92m   Compiling[0m string_cache_codegen v0.6.1
2026-10-07T22:32:31.9126382Z [1m[92m   Compiling[0m home v0.5.11
2026-10-07T22:32:31.9614884Z [1m[92m   Compiling[0m web_atoms v0.2.6
2026-10-07T22:32:32.0219626Z [1m[92m   Compiling[0m tar v0.4.46
2026-10-07T22:32:32.0706913Z [1m[92m   Compiling[0m zed-reqwest v0.12.15-zed (https://github.com/zed-industries/reqwest.git?rev=33bc764aa15ff7b200bf7c93bd96e24878d53e14#33bc764a)
2026-10-07T22:32:32.4325326Z [1m[92m   Compiling[0m documented v0.10.0
2026-10-07T22:32:32.5435871Z [1m[92m   Compiling[0m ui v0.1.0 (/home/runner/work/koda/koda/crates/ui)
2026-10-07T22:32:32.9744738Z [1m[92m   Compiling[0m string_cache v0.9.0
2026-10-07T22:32:33.0605693Z [1m[92m   Compiling[0m dap-types v0.0.1 (https://github.com/zed-industries/dap-types?rev=1b461b310481d01e02b2603c16d7144b926339f8#1b461b31)
2026-10-07T22:32:33.2167144Z [1m[92m   Compiling[0m num-format v0.4.4
2026-10-07T22:32:33.6285138Z [1m[92m   Compiling[0m ui_macros v0.1.0 (/home/runner/work/koda/koda/crates/ui_macros)
2026-10-07T22:32:33.8897912Z [1m[92m   Compiling[0m ordered-float v5.5.0
2026-10-07T22:32:34.6025268Z [1m[92m   Compiling[0m unicode-general-category v1.1.0
2026-10-07T22:32:36.1815455Z [1m[92m   Compiling[0m tendril v0.5.1
2026-10-07T22:32:36.4867896Z [1m[92m   Compiling[0m selectors v0.37.0
2026-10-07T22:32:36.8054115Z [1m[92m   Compiling[0m theme_settings v0.1.0 (/home/runner/work/koda/koda/crates/theme_settings)
2026-10-07T22:32:36.8217824Z [1m[92m   Compiling[0m android_tools v0.1.0 (/home/runner/work/koda/koda/crates/android_tools)
2026-10-07T22:32:37.4565447Z [1m[92m   Compiling[0m component v0.1.0 (/home/runner/work/koda/koda/crates/component)
2026-10-07T22:32:38.0388799Z [1m[92m   Compiling[0m cssparser-macros v0.6.1
2026-10-07T22:32:38.4432050Z [1m[92m   Compiling[0m icu_locale_fallback_data v2.3.0
2026-10-07T22:32:38.4735479Z [1m[92m   Compiling[0m cssparser v0.36.0
2026-10-07T22:32:38.5808225Z [1m[92m   Compiling[0m dap v0.1.0 (/home/runner/work/koda/koda/crates/dap)
2026-10-07T22:32:38.6550686Z [1m[92m   Compiling[0m markup5ever v0.39.0
2026-10-07T22:32:39.2164816Z [1m[92m   Compiling[0m htmlize v1.1.0
2026-10-07T22:32:39.3735785Z [1m[92m   Compiling[0m menu v0.1.0 (/home/runner/work/koda/koda/crates/menu)
2026-10-07T22:32:39.6984968Z [1m[92m   Compiling[0m servo_arc v0.4.3
2026-10-07T22:32:39.7625140Z [1m[92m   Compiling[0m lalrpop-util v0.23.1
2026-10-07T22:32:39.8292865Z [1m[92m   Compiling[0m icu_collator_data v2.3.0
2026-10-07T22:32:40.1934633Z [1m[92m   Compiling[0m pulldown-cmark v0.13.4
2026-10-07T22:32:40.3044806Z [1m[92m   Compiling[0m pastey v0.1.1
2026-10-07T22:32:40.7364983Z [1m[92m   Compiling[0m vcpkg v0.2.15
2026-10-07T22:32:41.0524862Z [1m[92m   Compiling[0m lol_html v3.0.1
2026-10-07T22:32:41.8971865Z [1m[92m   Compiling[0m icu_locale_fallback v2.3.0
2026-10-07T22:32:42.2171167Z [1m[92m   Compiling[0m html5ever v0.39.0
2026-10-07T22:32:42.8244595Z [1m[92m   Compiling[0m json5 v1.3.1
2026-10-07T22:32:43.1854867Z [1m[92m   Compiling[0m granit-parser v1.0.0
2026-10-07T22:32:43.4344692Z [1m[92m   Compiling[0m dugong-graphlib v0.8.0-alpha.5
2026-10-07T22:32:44.3695331Z [1m[92m   Compiling[0m ryu-js v1.0.2
2026-10-07T22:32:44.6155168Z [1m[92m   Compiling[0m merman-core v0.8.0-alpha.5
2026-10-07T22:32:44.7115830Z [1m[92m   Compiling[0m dugong v0.8.0-alpha.5
2026-10-07T22:32:48.0179692Z [1m[92m   Compiling[0m icu_collator v2.3.0
2026-10-07T22:32:51.1645657Z [1m[92m   Compiling[0m oauth_callback_server v0.1.0 (/home/runner/work/koda/koda/crates/oauth_callback_server)
2026-10-07T22:32:51.4727355Z [1m[92m   Compiling[0m roughr-merman v0.12.3
2026-10-07T22:32:52.0494902Z [1m[92m   Compiling[0m manatee v0.8.0-alpha.5
2026-10-07T22:32:54.0479283Z [1m[92m   Compiling[0m quick-xml v0.41.0
2026-10-07T22:32:54.3224896Z [1m[92m   Compiling[0m indoc v2.0.6
2026-10-07T22:32:54.6915860Z [1m[92m   Compiling[0m extension v0.1.0 (/home/runner/work/koda/koda/crates/extension)
2026-10-07T22:32:55.1804858Z [1m[92m   Compiling[0m sysinfo v0.39.6
2026-10-07T22:32:56.6915067Z [1m[92m   Compiling[0m signal-hook v0.4.4
2026-10-07T22:32:56.7674819Z [1m[92m   Compiling[0m xml5ever v0.39.0
2026-10-07T22:32:56.8395614Z [1m[92m   Compiling[0m cursor-icon v1.2.0
2026-10-07T22:32:56.9214825Z [1m[92m   Compiling[0m vte v0.15.0
2026-10-07T22:32:57.3525636Z [1m[92m   Compiling[0m markup5ever_rcdom v0.39.0+unofficial
2026-10-07T22:32:57.6957988Z [1m[92m   Compiling[0m snippet v0.1.0 (/home/runner/work/koda/koda/crates/snippet)
2026-10-07T22:32:57.9485237Z [1m[92m   Compiling[0m rustix-openpty v0.2.0
2026-10-07T22:32:57.9630081Z [1m[92m   Compiling[0m buffer_diff v0.1.0 (/home/runner/work/koda/koda/crates/buffer_diff)
2026-10-07T22:32:58.1406016Z [1m[92m   Compiling[0m alacritty_terminal v0.26.1-dev (https://github.com/zed-industries/alacritty?rev=4c129667ce56611becdc82de6e28218c80e2e88f#4c129667)
2026-10-07T22:32:59.9935448Z [1m[92m   Compiling[0m fancy-regex v0.19.0
2026-10-07T22:33:00.2094035Z [1m[92m   Compiling[0m snippet_provider v0.1.0 (/home/runner/work/koda/koda/crates/snippet_provider)
2026-10-07T22:33:01.7598202Z [1m[92m   Compiling[0m merman-render v0.8.0-alpha.5
2026-10-07T22:33:02.0035476Z [1m[92m   Compiling[0m pori v0.0.0
2026-10-07T22:33:02.1266317Z [1m[92m   Compiling[0m env_var v0.1.0 (/home/runner/work/koda/koda/crates/env_var)
2026-10-07T22:33:02.2385008Z [1m[92m   Compiling[0m linkify v0.10.0
2026-10-07T22:33:02.4455540Z [1m[92m   Compiling[0m wax v0.7.0
2026-10-07T22:33:11.7530120Z [1m[92m   Compiling[0m terminal v0.1.0 (/home/runner/work/koda/koda/crates/terminal)
2026-10-07T22:33:12.2245700Z [1m[92m   Compiling[0m context_server v0.1.0 (/home/runner/work/koda/koda/crates/context_server)
2026-10-07T22:33:14.7595100Z [1m[92m   Compiling[0m prettier v0.1.0 (/home/runner/work/koda/koda/crates/prettier)
2026-10-07T22:33:15.6295116Z [1m[92m   Compiling[0m remote v0.1.0 (/home/runner/work/koda/koda/crates/remote)
2026-10-07T22:33:16.9829446Z [1m[92m   Compiling[0m git_hosting_providers v0.1.0 (/home/runner/work/koda/koda/crates/git_hosting_providers)
2026-10-07T22:33:18.9375311Z [1m[92m   Compiling[0m circular-buffer v1.2.0
2026-10-07T22:33:19.1664660Z [1m[92m   Compiling[0m libsqlite3-sys v0.30.1
2026-10-07T22:33:21.5615468Z [1m[92m   Compiling[0m language_model v0.1.0 (/home/runner/work/koda/koda/crates/language_model)
2026-10-07T22:33:24.2494741Z [1m[92m   Compiling[0m merman v0.8.0-alpha.5
2026-10-07T22:33:24.6945422Z [1m[92m   Compiling[0m mermaid_render v0.1.0 (/home/runner/work/koda/koda/crates/mermaid_render)
2026-10-07T22:33:25.6110707Z [1m[92m   Compiling[0m markdown v0.1.0 (/home/runner/work/koda/koda/crates/markdown)
2026-10-07T22:33:26.0975696Z [1m[92m   Compiling[0m unicode_categories v0.1.1
2026-10-07T22:33:26.2554878Z [1m[92m   Compiling[0m sqlformat v0.2.6
2026-10-07T22:33:29.9807022Z [1m[92m   Compiling[0m project v0.1.0 (/home/runner/work/koda/koda/crates/project)
2026-10-07T22:33:32.4815730Z [1m[92m   Compiling[0m sqlez v0.1.0 (/home/runner/work/koda/koda/crates/sqlez)
2026-10-07T22:33:33.4945276Z [1m[92m   Compiling[0m zed_env_vars v0.1.0 (/home/runner/work/koda/koda/crates/zed_env_vars)
2026-10-07T22:33:34.3255323Z [1m[92m   Compiling[0m ui_input v0.1.0 (/home/runner/work/koda/koda/crates/ui_input)
2026-10-07T22:33:34.5735269Z [1m[92m   Compiling[0m sqlez_macros v0.1.0 (/home/runner/work/koda/koda/crates/sqlez_macros)
2026-10-07T22:33:34.7872448Z [1m[92m   Compiling[0m async-recursion v1.1.1
2026-10-07T22:33:35.0345536Z [1m[92m   Compiling[0m db v0.1.0 (/home/runner/work/koda/koda/crates/db)
2026-10-07T22:33:35.3668773Z [1m[92m   Compiling[0m any_vec v0.14.0
2026-10-07T22:33:35.6925880Z [1m[92m   Compiling[0m session v0.1.0 (/home/runner/work/koda/koda/crates/session)
2026-10-07T22:33:35.7685206Z [1m[92m   Compiling[0m crunchy v0.2.4
2026-10-07T22:33:36.0296538Z [1m[92m   Compiling[0m tiny-keccak v2.0.2
2026-10-07T22:33:36.2534898Z [1m[92m   Compiling[0m ahash v0.8.12
2026-10-07T22:33:36.4674746Z [1m[92m   Compiling[0m num-bigint v0.4.8
2026-10-07T22:33:36.4815377Z [1m[92m   Compiling[0m const-random-macro v0.1.16
2026-10-07T22:33:36.7824877Z [1m[92m   Compiling[0m const-random v0.1.18
2026-10-07T22:33:37.1065885Z [1m[92m   Compiling[0m toml_edit v0.23.7
2026-10-07T22:33:38.0925094Z [1m[92m   Compiling[0m proc-macro-crate v3.4.0
2026-10-07T22:33:38.2995242Z [1m[92m   Compiling[0m file_icons v0.1.0 (/home/runner/work/koda/koda/crates/file_icons)
2026-10-07T22:33:38.6113015Z [1m[92m   Compiling[0m edit_prediction_types v0.1.0 (/home/runner/work/koda/koda/crates/edit_prediction_types)
2026-10-07T22:33:38.7945883Z [1m[92m   Compiling[0m multi_buffer v0.1.0 (/home/runner/work/koda/koda/crates/multi_buffer)
2026-10-07T22:33:39.4864614Z [1m[92m   Compiling[0m unindent v0.2.4
2026-10-07T22:33:39.9735182Z [1m[92m   Compiling[0m assets v0.1.0 (/home/runner/work/koda/koda/crates/assets)
2026-10-07T22:33:40.1675163Z [1m[92m   Compiling[0m libloading v0.8.9
2026-10-07T22:33:40.3165360Z [1m[92m   Compiling[0m tree-sitter-html v0.23.2
2026-10-07T22:33:40.3914923Z [1m[92m   Compiling[0m fearless_simd v0.4.1
2026-10-07T22:33:41.3987580Z [1m[92m   Compiling[0m vim_mode_setting v0.1.0 (/home/runner/work/koda/koda/crates/vim_mode_setting)
2026-10-07T22:33:42.0935244Z [1m[92m   Compiling[0m emojis v0.9.0
2026-10-07T22:33:43.4035631Z [1m[92m   Compiling[0m hashbrown v0.14.5
2026-10-07T22:33:44.0904761Z [1m[92m   Compiling[0m num-rational v0.4.2
2026-10-07T22:33:44.4330743Z [1m[92m   Compiling[0m winnow v1.0.2
2026-10-07T22:33:44.6305043Z [1m[92m   Compiling[0m betlang v0.1.1
2026-10-07T22:33:45.3486030Z [1m[92m   Compiling[0m language_detection v0.1.0 (/home/runner/work/koda/koda/crates/language_detection)
2026-10-07T22:33:45.5204689Z [1m[92m   Compiling[0m enumflags2_derive v0.7.12
2026-10-07T22:33:45.8209614Z [1m[92m   Compiling[0m zvariant_utils v3.3.1
2026-10-07T22:33:46.1846488Z [1m[92m   Compiling[0m enumflags2 v0.7.12
2026-10-07T22:33:46.3604869Z [1m[92m   Compiling[0m dlib v0.5.3
2026-10-07T22:33:46.4555507Z [1m[92m   Compiling[0m zvariant_derive v5.11.0
2026-10-07T22:33:46.9085000Z [1m[92m   Compiling[0m serde_bytes v0.11.19
2026-10-07T22:33:47.1378568Z [1m[92m   Compiling[0m endi v1.1.0
2026-10-07T22:33:47.4719569Z [1m[92m   Compiling[0m wayland-sys v0.31.11
2026-10-07T22:33:48.8754579Z [1m[92m   Compiling[0m camino v1.2.6
2026-10-07T22:33:49.1901896Z [1m[92m   Compiling[0m zvariant v5.11.0
2026-10-07T22:33:52.2920094Z [1m[92m   Compiling[0m zbus_names v4.3.2
2026-10-07T22:33:54.0254326Z [1m[92m   Compiling[0m scoped-tls v1.0.1
2026-10-07T22:33:54.0994852Z [1m[92m   Compiling[0m quick-xml v0.39.3
2026-10-07T22:33:55.8894895Z [1m[92m   Compiling[0m naga v29.0.4
2026-10-07T22:33:56.1336207Z [1m[92m   Compiling[0m md-5 v0.10.6
2026-10-07T22:33:56.2760025Z [1m[92m   Compiling[0m wayland-backend v0.3.15
2026-10-07T22:33:56.7406372Z [1m[92m   Compiling[0m ash v0.38.0+1.3.281
2026-10-07T22:33:56.8527449Z [1m[92m   Compiling[0m sys-locale v0.3.2
2026-10-07T22:33:57.0224506Z [1m[92m   Compiling[0m bit-vec v0.9.1
2026-10-07T22:33:57.2981428Z [1m[92m   Compiling[0m bit-set v0.9.1
2026-10-07T22:33:57.4487419Z [1m[92m   Compiling[0m zbus_macros v5.13.2
2026-10-07T22:33:57.7679735Z [1m[92m   Compiling[0m codespan-reporting v0.13.0
2026-10-07T22:33:58.2795019Z [1m[92m   Compiling[0m serde_repr v0.1.20
2026-10-07T22:33:58.7887454Z [1m[92m   Compiling[0m async-broadcast v0.7.2
2026-10-07T22:33:58.9772692Z [1m[92m   Compiling[0m spirv v0.4.0+sdk-1.4.341.0
2026-10-07T22:34:00.3144799Z [1m[92m   Compiling[0m ordered-stream v0.2.0
2026-10-07T22:34:00.6165065Z [1m[92m   Compiling[0m quick-xml v0.37.5
2026-10-07T22:34:01.2454390Z [1m[92m   Compiling[0m downcast-rs v1.2.1
2026-10-07T22:34:01.3255203Z [1m[92m   Compiling[0m wayland-client v0.31.11
2026-10-07T22:34:01.4621915Z [1m[92m   Compiling[0m khronos-egl v6.0.0
2026-10-07T22:34:01.4814862Z [1m[92m   Compiling[0m rustc-hash v1.1.0
2026-10-07T22:34:01.5422454Z [1m[92m   Compiling[0m hexf-parse v0.2.1
2026-10-07T22:34:01.6254633Z [1m[92m   Compiling[0m wayland-scanner v0.31.7
2026-10-07T22:34:04.6744760Z [1m[92m   Compiling[0m zbus v5.13.2
2026-10-07T22:34:14.8455528Z [1m[92m   Compiling[0m agent_settings v0.1.0 (/home/runner/work/koda/koda/crates/agent_settings)
2026-10-07T22:34:16.1308771Z [1m[92m   Compiling[0m workspace v0.1.0 (/home/runner/work/koda/koda/crates/workspace)
2026-10-07T22:34:23.0824546Z [1m[92m   Compiling[0m hkdf v0.12.4
2026-10-07T22:34:23.2038119Z [1m[92m   Compiling[0m wgpu-types v29.0.4
2026-10-07T22:34:25.9185015Z [1m[92m   Compiling[0m wgpu-hal v29.0.4
2026-10-07T22:34:26.2105188Z [1m[92m   Compiling[0m gpu-descriptor-types v0.2.0
2026-10-07T22:34:26.4056088Z [1m[92m   Compiling[0m presser v0.3.1
2026-10-07T22:34:26.5193651Z [1m[92m   Compiling[0m gpu-descriptor v0.3.2
2026-10-07T22:34:26.7864768Z [1m[92m   Compiling[0m wgpu-naga-bridge v29.0.4
2026-10-07T22:34:28.1186936Z [1m[92m   Compiling[0m gpu-allocator v0.28.0
2026-10-07T22:34:28.7255651Z [1m[92m   Compiling[0m breadcrumbs v0.1.0 (/home/runner/work/koda/koda/crates/breadcrumbs)
2026-10-07T22:34:29.3495260Z [1m[92m   Compiling[0m zbus_xml v5.1.1
2026-10-07T22:34:29.5645316Z [1m[92m   Compiling[0m editor v0.1.0 (/home/runner/work/koda/koda/crates/editor)
2026-10-07T22:34:30.1466018Z [1m[92m   Compiling[0m pathfinder_simd v0.5.6
2026-10-07T22:34:30.2995104Z [1m[92m   Compiling[0m font-types v0.11.0
2026-10-07T22:34:30.6955030Z [1m[92m   Compiling[0m font-types v0.10.0
2026-10-07T22:34:31.1014942Z [1m[92m   Compiling[0m freetype-sys v0.20.1
2026-10-07T22:34:31.2945199Z [1m[92m   Compiling[0m yeslogic-fontconfig-sys v6.0.0
2026-10-07T22:34:31.4204911Z [1m[92m   Compiling[0m renderdoc-sys v1.1.0
2026-10-07T22:34:31.5404940Z [1m[92m   Compiling[0m glow v0.17.0
2026-10-07T22:34:39.6607887Z [1m[92m   Compiling[0m read-fonts v0.35.0
2026-10-07T22:34:40.0025282Z [1m[92m   Compiling[0m read-fonts v0.37.0
2026-10-07T22:34:48.1495009Z [1m[92m   Compiling[0m zbus-lockstep v0.5.2
2026-10-07T22:34:48.3727304Z [1m[92m   Compiling[0m wgpu-core v29.0.4
2026-10-07T22:34:48.6804896Z [1m[92m   Compiling[0m num-complex v0.4.6
2026-10-07T22:34:49.1705242Z [1m[92m   Compiling[0m litrs v1.0.0
2026-10-07T22:34:49.1947791Z [1m[92m   Compiling[0m num v0.4.3
2026-10-07T22:34:49.4894168Z [1m[92m   Compiling[0m zbus-lockstep-macros v0.5.2
2026-10-07T22:34:49.7036442Z [1m[92m   Compiling[0m document-features v0.2.12
2026-10-07T22:34:50.1694832Z [1m[92m   Compiling[0m skrifa v0.37.0
2026-10-07T22:34:50.3796019Z [1m[92m   Compiling[0m wgpu-core-deps-windows-linux-android v29.0.4
2026-10-07T22:34:50.4334774Z [1m[92m   Compiling[0m pathdiff v0.2.3
2026-10-07T22:34:50.5095081Z [1m[92m   Compiling[0m wgpu v29.0.4
2026-10-07T22:34:50.9734775Z [1m[92m   Compiling[0m yazi v0.2.1
2026-10-07T22:34:51.4845908Z [1m[92m   Compiling[0m zed-font-kit v0.14.1-zed (https://github.com/zed-industries/font-kit?rev=94b0f28166665e8fd2f53ff6d268a14955c82269#94b0f281)
2026-10-07T22:34:51.6144852Z [1m[92m   Compiling[0m zeno v0.3.3
2026-10-07T22:34:54.1575490Z [1m[92m   Compiling[0m swash v0.2.6
2026-10-07T22:34:57.8264906Z [1m[92m   Compiling[0m pathfinder_geometry v0.5.1
2026-10-07T22:34:58.0754821Z [1m[92m   Compiling[0m atspi-common v0.13.0
2026-10-07T22:34:58.3385011Z [1m[92m   Compiling[0m skrifa v0.40.0
2026-10-07T22:35:02.3347132Z [1m[92m   Compiling[0m harfrust v0.5.0
2026-10-07T22:35:02.9085303Z [1m[92m   Compiling[0m wayland-protocols v0.32.9
2026-10-07T22:35:03.9594835Z [1m[92m   Compiling[0m self_cell v1.2.2
2026-10-07T22:35:04.0356188Z [1m[92m   Compiling[0m linebender_resource_handle v0.1.1
2026-10-07T22:35:04.1214966Z [1m[92m   Compiling[0m rangemap v1.7.1
2026-10-07T22:35:04.3904893Z [1m[92m   Compiling[0m float-ord v0.3.2
2026-10-07T22:35:05.3006462Z [1m[92m   Compiling[0m cosmic-text v0.19.0
2026-10-07T22:35:07.6244544Z [1m[92m   Compiling[0m xcursor v0.3.10
2026-10-07T22:35:07.9945634Z [1m[92m   Compiling[0m xim-parser v0.2.1 (https://github.com/zed-industries/xim-rs.git?rev=16f35a2c881b815a2b6cdfd6687988e84f8447d8#16f35a2c)
2026-10-07T22:35:08.1064908Z [1m[92m   Compiling[0m as-raw-xcb-connection v1.0.1
2026-10-07T22:35:08.1745000Z [1m[92m   Compiling[0m num-bigint-dig v0.9.1
2026-10-07T22:35:08.3514782Z [1m[92m   Compiling[0m atspi-proxies v0.13.0
2026-10-07T22:35:09.8374767Z [1m[92m   Compiling[0m accesskit_consumer v0.38.0
2026-10-07T22:35:10.0738110Z [1m[92m   Compiling[0m gethostname v1.1.0
2026-10-07T22:35:10.1755728Z [1m[92m   Compiling[0m is-docker v0.2.0
2026-10-07T22:35:10.3155026Z [1m[92m   Compiling[0m x11rb-protocol v0.13.2
2026-10-07T22:35:10.4835043Z [1m[92m   Compiling[0m accesskit_atspi_common v0.19.1
2026-10-07T22:35:10.8444755Z [1m[92m   Compiling[0m is-wsl v0.4.0
2026-10-07T22:35:10.9732308Z [1m[92m   Compiling[0m atspi v0.29.0
2026-10-07T22:35:11.0465437Z [1m[92m   Compiling[0m gpui_wgpu v0.1.0 (/home/runner/work/koda/koda/crates/gpui_wgpu)
2026-10-07T22:35:13.1054047Z [1m[92m   Compiling[0m ashpd v0.13.5
2026-10-07T22:35:13.8672277Z [1m[92m   Compiling[0m pbkdf2 v0.12.2
2026-10-07T22:35:13.9526029Z [1m[92m   Compiling[0m cbc v0.1.2
2026-10-07T22:35:14.0485568Z [1m[92m   Compiling[0m xim-ctext v0.3.0 (https://github.com/zed-industries/xim-rs.git?rev=16f35a2c881b815a2b6cdfd6687988e84f8447d8#16f35a2c)
2026-10-07T22:35:14.2301713Z [1m[92m   Compiling[0m calloop v0.14.3 (https://github.com/zed-industries/calloop#eb6b4fd1)
2026-10-07T22:35:14.9979083Z [1m[92m   Compiling[0m xkeysym v0.2.1
2026-10-07T22:35:15.8304811Z [1m[92m   Compiling[0m xkbcommon v0.8.0
2026-10-07T22:35:16.1574934Z [1m[92m   Compiling[0m oo7 v0.6.0
2026-10-07T22:35:16.1794691Z [1m[92m   Compiling[0m calloop-wayland-source v0.4.1
2026-10-07T22:35:16.2656088Z [1m[92m   Compiling[0m accesskit_unix v0.22.1
2026-10-07T22:35:19.1051955Z [1m[92m   Compiling[0m open v5.3.2
2026-10-07T22:35:19.2555197Z [1m[92m   Compiling[0m wayland-protocols-wlr v0.3.9
2026-10-07T22:35:20.8163727Z [1m[92m   Compiling[0m wayland-protocols-plasma v0.3.9
2026-10-07T22:35:20.8344850Z [1m[92m   Compiling[0m wayland-cursor v0.31.11
2026-10-07T22:35:21.0868374Z [1m[92m   Compiling[0m notify-rust v4.18.0
2026-10-07T22:35:21.9673737Z [1m[92m   Compiling[0m x11rb v0.13.2
2026-10-07T22:35:22.6095193Z [1m[92m   Compiling[0m filedescriptor v0.8.3
2026-10-07T22:35:22.8080112Z [1m[92m   Compiling[0m env_filter v0.1.4
2026-10-07T22:35:23.0974902Z [1m[92m   Compiling[0m jiff v0.2.15
2026-10-07T22:35:24.1028909Z [1m[92m   Compiling[0m zed-xim v0.4.0-zed (https://github.com/zed-industries/xim-rs.git?rev=16f35a2c881b815a2b6cdfd6687988e84f8447d8#16f35a2c)
2026-10-07T22:35:24.2224973Z [1m[92m   Compiling[0m picker v0.1.0 (/home/runner/work/koda/koda/crates/picker)
2026-10-07T22:35:24.3815291Z [1m[92m   Compiling[0m gpui_linux v0.1.0 (/home/runner/work/koda/koda/crates/gpui_linux)
2026-10-07T22:35:25.9765143Z [1m[92m   Compiling[0m reqwest_client v0.1.0 (/home/runner/work/koda/koda/crates/reqwest_client)
2026-10-07T22:35:26.0076312Z [1m[92m   Compiling[0m glob v0.3.3
2026-10-07T22:35:26.3734243Z [1m[92m   Compiling[0m http v0.2.12
2026-10-07T22:35:26.4758479Z [1m[92m   Compiling[0m vsimd v0.8.0
2026-10-07T22:35:26.8981973Z [1m[92m   Compiling[0m env_logger v0.11.8
2026-10-07T22:35:27.2664926Z [1m[92m   Compiling[0m http-body v0.4.6
2026-10-07T22:35:27.3654971Z [1m[92m   Compiling[0m outref v0.5.2
2026-10-07T22:35:27.4336295Z [1m[92m   Compiling[0m command_palette_hooks v0.1.0 (/home/runner/work/koda/koda/crates/command_palette_hooks)
2026-10-07T22:35:27.4682826Z [1m[92m   Compiling[0m base64-simd v0.8.0
2026-10-07T22:35:27.8534773Z [1m[92m   Compiling[0m bytes-utils v0.1.4
2026-10-07T22:35:28.1045150Z [1m[92m   Compiling[0m aws-smithy-types v1.4.7
2026-10-07T22:35:28.1386465Z [1m[92m   Compiling[0m pet-fs v0.1.0 (https://github.com/zed-industries/python-environment-tools.git?rev=5aad7164bfc2a58977b103c8ef8fdd7302ed2e9f#5aad7164)
2026-10-07T22:35:28.1674743Z [1m[92m   Compiling[0m aws-smithy-async v1.2.14
2026-10-07T22:35:28.4261964Z [1m[92m   Compiling[0m is-terminal v0.4.16
2026-10-07T22:35:28.4414820Z [1m[92m   Compiling[0m ident_case v1.0.1
2026-10-07T22:35:28.4964810Z [1m[92m   Compiling[0m humantime v2.3.0
2026-10-07T22:35:28.5205913Z [1m[92m   Compiling[0m pet-core v0.1.0 (https://github.com/zed-industries/python-environment-tools.git?rev=5aad7164bfc2a58977b103c8ef8fdd7302ed2e9f#5aad7164)
2026-10-07T22:35:28.7584959Z [1m[92m   Compiling[0m env_logger v0.10.2
2026-10-07T22:35:29.2665388Z [1m[92m   Compiling[0m gpui_platform v0.1.0 (/home/runner/work/koda/koda/crates/gpui_platform)
2026-10-07T22:35:29.4333820Z [1m[92m   Compiling[0m aws-smithy-runtime-api v1.11.4
2026-10-07T22:35:29.6862516Z [1m[92m   Compiling[0m crossbeam-channel v0.5.15
2026-10-07T22:35:30.1574868Z [1m[92m   Compiling[0m der v0.6.1
2026-10-07T22:35:30.7555063Z [1m[92m   Compiling[0m io-lifetimes v2.0.4
2026-10-07T22:35:31.0395335Z [1m[92m   Compiling[0m io-lifetimes v3.0.1
2026-10-07T22:35:31.1783759Z [1m[92m   Compiling[0m spki v0.6.0
2026-10-07T22:35:31.2076130Z [1m[92m   Compiling[0m pet-python-utils v0.1.0 (https://github.com/zed-industries/python-environment-tools.git?rev=5aad7164bfc2a58977b103c8ef8fdd7302ed2e9f#5aad7164)
2026-10-07T22:35:31.4314686Z [1m[92m   Compiling[0m io-extras v0.19.0
2026-10-07T22:35:31.7154652Z [1m[92m   Compiling[0m pkcs8 v0.9.0
2026-10-07T22:35:31.9074948Z [1m[92m   Compiling[0m crypto-bigint v0.4.9
2026-10-07T22:35:31.9334266Z [1m[92m   Compiling[0m ff v0.12.1
2026-10-07T22:35:32.0171113Z [1m[92m   Compiling[0m cap-primitives v4.0.3
2026-10-07T22:35:32.2424888Z [1m[92m   Compiling[0m unsafe-libyaml v0.2.11
2026-10-07T22:35:32.4964713Z [1m[92m   Compiling[0m base16ct v0.1.1
2026-10-07T22:35:32.6616070Z [1m[92m   Compiling[0m sec1 v0.3.0
2026-10-07T22:35:32.8146049Z [1m[92m   Compiling[0m group v0.12.1
2026-10-07T22:35:32.8965098Z [1m[92m   Compiling[0m fs-set-times v0.20.3
2026-10-07T22:35:33.0754849Z [1m[92m   Compiling[0m aws-smithy-eventstream v0.60.20
2026-10-07T22:35:33.0876657Z [1m[92m   Compiling[0m tokio-stream v0.1.17
2026-10-07T22:35:33.4235453Z [1m[92m   Compiling[0m rustix-linux-procfs v0.1.1
2026-10-07T22:35:33.4805125Z [1m[92m   Compiling[0m maybe-owned v0.3.4
2026-10-07T22:35:33.5804978Z [1m[92m   Compiling[0m ambient-authority v0.0.2
2026-10-07T22:35:33.6365320Z [1m[92m   Compiling[0m cap-std v4.0.3
2026-10-07T22:35:33.6894777Z [1m[92m   Compiling[0m cfg-expr v0.20.9
2026-10-07T22:35:33.9465175Z [1m[92m   Compiling[0m aws-smithy-http v0.63.4
2026-10-07T22:35:34.3415111Z [1m[92m   Compiling[0m elliptic-curve v0.12.3
2026-10-07T22:35:34.4464839Z [1m[92m   Compiling[0m rfc6979 v0.3.1
2026-10-07T22:35:34.4656246Z [1m[92m   Compiling[0m hashlink v0.8.4
2026-10-07T22:35:34.5314890Z [1m[92m   Compiling[0m signature v1.6.4
2026-10-07T22:35:34.6218749Z [1m[92m   Compiling[0m portable-atomic v1.11.1
2026-10-07T22:35:34.6486219Z [1m[92m   Compiling[0m version-compare v0.2.0
2026-10-07T22:35:34.7765733Z [1m[92m   Compiling[0m cap-fs-ext v4.0.3
2026-10-07T22:35:34.8837863Z [1m[92m   Compiling[0m cpufeatures v0.3.0
2026-10-07T22:35:34.9454443Z [1m[92m   Compiling[0m chacha20 v0.10.1
2026-10-07T22:35:35.0585335Z [1m[92m   Compiling[0m system-deps v7.0.7
2026-10-07T22:35:35.0724446Z [1m[92m   Compiling[0m yaml-rust2 v0.8.1
2026-10-07T22:35:35.2084838Z [1m[92m   Compiling[0m ecdsa v0.14.8
2026-10-07T22:35:35.6977862Z [1m[92m   Compiling[0m aws-credential-types v1.2.12
2026-10-07T22:35:35.8575328Z [1m[92m   Compiling[0m aws-types v1.3.12
2026-10-07T22:35:35.8995407Z [1m[92m   Compiling[0m moka v0.12.11
2026-10-07T22:35:36.0588081Z [1m[92m   Compiling[0m p256 v0.11.1
2026-10-07T22:35:36.0722643Z [1m[92m   Compiling[0m rand v0.10.2
2026-10-07T22:35:36.1005019Z [1m[92m   Compiling[0m aws-smithy-http-client v1.1.10
2026-10-07T22:35:36.5652840Z [1m[92m   Compiling[0m aws-smithy-observability v0.2.5
2026-10-07T22:35:36.6948856Z [1m[92m   Compiling[0m wasmtime-wasi-io v48.0.1
2026-10-07T22:35:36.8205441Z [1m[92m   Compiling[0m crypto-bigint v0.5.5
2026-10-07T22:35:36.8326512Z [1m[92m   Compiling[0m extension_host v0.1.0 (/home/runner/work/koda/koda/crates/extension_host)
2026-10-07T22:35:37.0216638Z [1m[92m   Compiling[0m tagptr v0.2.0
2026-10-07T22:35:38.0275037Z [1m[92m   Compiling[0m wasmtime-wasi v48.0.1
2026-10-07T22:35:38.0458428Z [1m[92m   Compiling[0m aws-sigv4 v1.4.0
2026-10-07T22:35:38.0694886Z [1m[92m   Compiling[0m aws-smithy-runtime v1.10.1
2026-10-07T22:35:39.5750819Z [1m[92m   Compiling[0m pet-virtualenv v0.1.0 (https://github.com/zed-industries/python-environment-tools.git?rev=5aad7164bfc2a58977b103c8ef8fdd7302ed2e9f#5aad7164)
2026-10-07T22:35:39.7139090Z [1m[92m   Compiling[0m aws-smithy-json v0.62.5
2026-10-07T22:35:39.7717714Z [1m[92m   Compiling[0m open_ai v0.1.0 (/home/runner/work/koda/koda/crates/open_ai)
2026-10-07T22:35:40.1104942Z [1m[92m   Compiling[0m phf_shared v0.11.3
2026-10-07T22:35:40.5015136Z [1m[92m   Compiling[0m scratch v1.0.9 (/home/runner/work/koda/koda/tooling/corgi/patches/scratch)
2026-10-07T22:35:40.6364810Z [1m[92m   Compiling[0m regex-lite v0.1.8
2026-10-07T22:35:41.5168621Z [1m[92m   Compiling[0m aws-runtime v1.7.0
2026-10-07T22:35:42.6054881Z [1m[92m   Compiling[0m pest v2.8.3
2026-10-07T22:35:43.5764957Z [1m[92m   Compiling[0m phf_generator v0.11.3
2026-10-07T22:35:43.8295043Z [1m[92m   Compiling[0m darling_core v0.23.0
2026-10-07T22:35:43.9924147Z [1m[92m   Compiling[0m anthropic v0.1.0 (/home/runner/work/koda/koda/crates/anthropic)
2026-10-07T22:35:45.0958755Z [1m[92m   Compiling[0m link-cplusplus v1.0.12
2026-10-07T22:35:45.6250624Z [1m[92m   Compiling[0m phf_macros v0.11.3
2026-10-07T22:35:46.2773352Z [1m[92m   Compiling[0m pest_meta v2.8.3
2026-10-07T22:35:46.9969755Z [1m[92m   Compiling[0m darling_macro v0.23.0
2026-10-07T22:35:47.3652240Z [1m[92m   Compiling[0m glib-sys v0.21.5
2026-10-07T22:35:47.3774809Z [1m[92m   Compiling[0m tower-http v0.6.11
2026-10-07T22:35:47.5285386Z [1m[92m   Compiling[0m pbjson-build v0.9.0
2026-10-07T22:35:47.8104865Z [1m[92m   Compiling[0m bincode v1.3.3
2026-10-07T22:35:48.1824939Z [1m[92m   Compiling[0m cxxbridge-flags v1.0.187
2026-10-07T22:35:48.2398229Z [1m[92m   Compiling[0m cxx v1.0.187
2026-10-07T22:35:48.2654841Z [1m[92m   Compiling[0m reqwest v0.12.24
2026-10-07T22:35:48.2854887Z [1m[92m   Compiling[0m pbjson-types v0.9.0
2026-10-07T22:35:48.4875988Z [1m[92m   Compiling[0m darling v0.23.0
2026-10-07T22:35:48.5534854Z [1m[92m   Compiling[0m pest_generator v2.8.3
2026-10-07T22:35:48.9285114Z [1m[92m   Compiling[0m phf v0.11.3
2026-10-07T22:35:49.0624791Z [1m[92m   Compiling[0m gobject-sys v0.21.5
2026-10-07T22:35:49.2445921Z [1m[92m   Compiling[0m pet-jsonrpc v0.1.0 (https://github.com/zed-industries/python-environment-tools.git?rev=5aad7164bfc2a58977b103c8ef8fdd7302ed2e9f#5aad7164)
2026-10-07T22:35:49.5305433Z [1m[92m   Compiling[0m picker_preview v0.1.0 (/home/runner/work/koda/koda/crates/picker_preview)
2026-10-07T22:35:50.6636250Z [1m[92m   Compiling[0m webrtc-sys-build v0.3.13 (https://github.com/zed-industries/livekit-rust-sdks?rev=0a1c519cfce9b365229026b55de9b9dbdb6fed3c#0a1c519c)
2026-10-07T22:35:51.2105358Z [1m[92m   Compiling[0m cxx-build v1.0.187
2026-10-07T22:35:52.4394845Z [1m[92m   Compiling[0m pest_derive v2.8.3
2026-10-07T22:35:52.6686624Z [1m[92m   Compiling[0m pet-reporter v0.1.0 (https://github.com/zed-industries/python-environment-tools.git?rev=5aad7164bfc2a58977b103c8ef8fdd7302ed2e9f#5aad7164)
2026-10-07T22:35:53.2564805Z [1m[92m   Compiling[0m doxygen-rs v0.4.2
2026-10-07T22:35:54.4002757Z [1m[92m   Compiling[0m gio-sys v0.21.5
2026-10-07T22:35:55.5623696Z [1m[92m   Compiling[0m symphonia-core v0.5.5
2026-10-07T22:35:56.0781289Z [1m[92m   Compiling[0m pbjson v0.9.0
2026-10-07T22:35:56.1710815Z [1m[92m   Compiling[0m alsa-sys v0.3.1
2026-10-07T22:35:57.0116441Z [1m[92m   Compiling[0m webrtc-sys v0.3.23 (https://github.com/zed-industries/livekit-rust-sdks?rev=0a1c519cfce9b365229026b55de9b9dbdb6fed3c#0a1c519c)
2026-10-07T22:35:57.8884971Z [1m[92m   Compiling[0m lmdb-master-sys v0.2.5
2026-10-07T22:35:58.0725796Z [1m[92m   Compiling[0m copilot_chat v0.1.0 (/home/runner/work/koda/koda/crates/copilot_chat)
2026-10-07T22:35:58.1916264Z [1m[92m   Compiling[0m livekit-runtime v0.4.0 (https://github.com/zed-industries/livekit-rust-sdks?rev=0a1c519cfce9b365229026b55de9b9dbdb6fed3c#0a1c519c)
2026-10-07T22:35:58.2679987Z [1m[92m   Compiling[0m channel v0.1.0 (/home/runner/work/koda/koda/crates/channel)
2026-10-07T22:35:59.1158747Z [1m[92m   Compiling[0m cxxbridge-macro v1.0.187
2026-10-07T22:36:00.5005431Z [1m[92m   Compiling[0m xmlparser v0.13.6
2026-10-07T22:36:00.9051291Z [1m[92m   Compiling[0m aws-smithy-xml v0.60.15
2026-10-07T22:36:01.1776068Z [1m[92m   Compiling[0m livekit-protocol v0.7.1 (https://github.com/zed-industries/livekit-rust-sdks?rev=0a1c519cfce9b365229026b55de9b9dbdb6fed3c#0a1c519c)
2026-10-07T22:36:04.7935633Z [1m[92m   Compiling[0m symphonia-metadata v0.5.5
2026-10-07T22:36:05.6702535Z [1m[92m   Compiling[0m pet-conda v0.1.0 (https://github.com/zed-industries/python-environment-tools.git?rev=5aad7164bfc2a58977b103c8ef8fdd7302ed2e9f#5aad7164)
2026-10-07T22:36:07.2817290Z [1m[92m   Compiling[0m serde_yaml_ng v0.10.0
2026-10-07T22:36:08.8364770Z [1m[92m   Compiling[0m glib-macros v0.21.5
2026-10-07T22:36:11.4314837Z [1m[92m   Compiling[0m cpal v0.17.1
2026-10-07T22:36:11.5654739Z [1m[92m   Compiling[0m heed-traits v0.20.0
2026-10-07T22:36:11.6304796Z [1m[92m   Compiling[0m extended v0.1.0
2026-10-07T22:36:11.7489100Z [1m[92m   Compiling[0m heed v0.21.0
2026-10-07T22:36:11.9199953Z [1m[92m   Compiling[0m symphonia-format-riff v0.5.5
2026-10-07T22:36:12.2124943Z [1m[92m   Compiling[0m heed-types v0.21.0
2026-10-07T22:36:12.3749012Z [1m[92m   Compiling[0m glib v0.21.5
2026-10-07T22:36:12.4454647Z [1m[92m   Compiling[0m alsa v0.10.0
2026-10-07T22:36:13.8762786Z [1m[92m   Compiling[0m copilot v0.1.0 (/home/runner/work/koda/koda/crates/copilot)
2026-10-07T22:36:17.4538531Z [1m[92m   Compiling[0m symphonia-codec-pcm v0.5.5
2026-10-07T22:36:17.7774198Z [1m[92m   Compiling[0m aws-smithy-query v0.60.15
2026-10-07T22:36:17.9218075Z [1m[92m   Compiling[0m proxyvars v0.2.0
2026-10-07T22:36:18.1204948Z [1m[92m   Compiling[0m synchronoise v1.0.1
2026-10-07T22:36:18.3074950Z [1m[92m   Compiling[0m dasp_sample v0.11.0
2026-10-07T22:36:18.5661920Z [1m[92m   Compiling[0m shell-words v1.1.0
2026-10-07T22:36:20.6314746Z [1m[92m   Compiling[0m aws-sdk-sts v1.98.0
2026-10-07T22:36:21.0324928Z [1m[92m   Compiling[0m symphonia v0.5.5
2026-10-07T22:36:21.1675337Z [1m[92m   Compiling[0m copilot_ui v0.1.0 (/home/runner/work/koda/koda/crates/copilot_ui)
2026-10-07T22:36:22.6785297Z [1m[92m   Compiling[0m agent_skills v0.1.0 (/home/runner/work/koda/koda/crates/agent_skills)
2026-10-07T22:36:23.5745335Z [1m[92m   Compiling[0m notifications v0.1.0 (/home/runner/work/koda/koda/crates/notifications)
2026-10-07T22:36:23.8779256Z [1m[92m   Compiling[0m handlebars v4.5.0
2026-10-07T22:36:24.7828342Z [1m[92m   Compiling[0m aws-sdk-ssooidc v1.96.0
2026-10-07T22:36:25.0800024Z [1m[92m   Compiling[0m aws-sdk-sso v1.94.0
2026-10-07T22:36:26.4895536Z [1m[92m   Compiling[0m ai_onboarding v0.1.0 (/home/runner/work/koda/koda/crates/ai_onboarding)
2026-10-07T22:36:27.5019679Z [1m[92m   Compiling[0m ollama v0.1.0 (/home/runner/work/koda/koda/crates/ollama)
2026-10-07T22:36:27.7029459Z [1m[92m   Compiling[0m rand_distr v0.5.1
2026-10-07T22:36:28.2988821Z [1m[92m   Compiling[0m rtrb v0.3.2
2026-10-07T22:36:28.4900093Z [1m[92m   Compiling[0m hound v3.5.1
2026-10-07T22:36:28.6695429Z [1m[92m   Compiling[0m aws-config v1.8.14
2026-10-07T22:36:28.7837969Z [1m[92m   Compiling[0m rodio v0.21.1 (https://github.com/RustAudio/rodio?rev=e50e726ddd0292f6ef9de0dda6b90af4ed1fb66a#e50e726d)
2026-10-07T22:36:30.0715257Z [1m[92m   Compiling[0m http_proxy v0.1.0 (/home/runner/work/koda/koda/crates/http_proxy)
2026-10-07T22:36:30.4006128Z [1m[92m   Compiling[0m serde_with_macros v3.22.0
2026-10-07T22:36:30.7795148Z [1m[92m   Compiling[0m auto_update v0.1.0 (/home/runner/work/koda/koda/crates/auto_update)
2026-10-07T22:36:31.2825159Z [1m[92m   Compiling[0m simple_asn1 v0.6.3
2026-10-07T22:36:31.8084805Z [1m[92m   Compiling[0m pem v3.0.6
2026-10-07T22:36:32.0874927Z [1m[92m   Compiling[0m jsonwebtoken v10.3.0
2026-10-07T22:36:32.9735028Z [1m[92m   Compiling[0m serde_with v3.22.0
2026-10-07T22:36:33.2071536Z [1m[92m   Compiling[0m prompt_store v0.1.0 (/home/runner/work/koda/koda/crates/prompt_store)
2026-10-07T22:36:33.6995697Z [1m[92m   Compiling[0m json_schema_store v0.1.0 (/home/runner/work/koda/koda/crates/json_schema_store)
2026-10-07T22:36:34.8615231Z [1m[92m   Compiling[0m google_ai v0.1.0 (/home/runner/work/koda/koda/crates/google_ai)
2026-10-07T22:36:35.1639988Z [1m[92m   Compiling[0m seccompiler v0.5.0
2026-10-07T22:36:35.1901261Z [1m[92m   Compiling[0m pet v0.1.0 (https://github.com/zed-industries/python-environment-tools.git?rev=5aad7164bfc2a58977b103c8ef8fdd7302ed2e9f#5aad7164)
2026-10-07T22:36:35.3738490Z [1m[92m   Compiling[0m agent-client-protocol-schema v1.9.1
2026-10-07T22:36:35.4945990Z [1m[92m   Compiling[0m pet-uv v0.1.0 (https://github.com/zed-industries/python-environment-tools.git?rev=5aad7164bfc2a58977b103c8ef8fdd7302ed2e9f#5aad7164)
2026-10-07T22:36:36.1965994Z [1m[92m   Compiling[0m pet-hatch v0.1.0 (https://github.com/zed-industries/python-environment-tools.git?rev=5aad7164bfc2a58977b103c8ef8fdd7302ed2e9f#5aad7164)
2026-10-07T22:36:36.6796013Z [1m[92m   Compiling[0m pet-env-var-path v0.1.0 (https://github.com/zed-industries/python-environment-tools.git?rev=5aad7164bfc2a58977b103c8ef8fdd7302ed2e9f#5aad7164)
2026-10-07T22:36:36.7856612Z [1m[92m   Compiling[0m pet-global-virtualenvs v0.1.0 (https://github.com/zed-industries/python-environment-tools.git?rev=5aad7164bfc2a58977b103c8ef8fdd7302ed2e9f#5aad7164)
2026-10-07T22:36:36.8730588Z [1m[92m   Compiling[0m pet-pyenv v0.1.0 (https://github.com/zed-industries/python-environment-tools.git?rev=5aad7164bfc2a58977b103c8ef8fdd7302ed2e9f#5aad7164)
2026-10-07T22:36:36.9586069Z [1m[92m   Compiling[0m pet-pixi v0.1.0 (https://github.com/zed-industries/python-environment-tools.git?rev=5aad7164bfc2a58977b103c8ef8fdd7302ed2e9f#5aad7164)
2026-10-07T22:36:37.1046087Z [1m[92m   Compiling[0m pet-homebrew v0.1.0 (https://github.com/zed-industries/python-environment-tools.git?rev=5aad7164bfc2a58977b103c8ef8fdd7302ed2e9f#5aad7164)
2026-10-07T22:36:37.1696402Z [1m[92m   Compiling[0m pet-poetry v0.1.0 (https://github.com/zed-industries/python-environment-tools.git?rev=5aad7164bfc2a58977b103c8ef8fdd7302ed2e9f#5aad7164)
2026-10-07T22:36:37.5656058Z [1m[92m   Compiling[0m pet-pipenv v0.1.0 (https://github.com/zed-industries/python-environment-tools.git?rev=5aad7164bfc2a58977b103c8ef8fdd7302ed2e9f#5aad7164)
2026-10-07T22:36:37.8915956Z [1m[92m   Compiling[0m pet-linux-global-python v0.1.0 (https://github.com/zed-industries/python-environment-tools.git?rev=5aad7164bfc2a58977b103c8ef8fdd7302ed2e9f#5aad7164)
2026-10-07T22:36:37.9846185Z [1m[92m   Compiling[0m pet-virtualenvwrapper v0.1.0 (https://github.com/zed-industries/python-environment-tools.git?rev=5aad7164bfc2a58977b103c8ef8fdd7302ed2e9f#5aad7164)
2026-10-07T22:36:38.1616625Z [1m[92m   Compiling[0m pet-mac-commandlinetools v0.1.0 (https://github.com/zed-industries/python-environment-tools.git?rev=5aad7164bfc2a58977b103c8ef8fdd7302ed2e9f#5aad7164)
2026-10-07T22:36:38.1965772Z [1m[92m   Compiling[0m pet-venv v0.1.0 (https://github.com/zed-industries/python-environment-tools.git?rev=5aad7164bfc2a58977b103c8ef8fdd7302ed2e9f#5aad7164)
2026-10-07T22:36:38.3485993Z [1m[92m   Compiling[0m pet-mac-python-org v0.1.0 (https://github.com/zed-industries/python-environment-tools.git?rev=5aad7164bfc2a58977b103c8ef8fdd7302ed2e9f#5aad7164)
2026-10-07T22:36:38.4010769Z [1m[92m   Compiling[0m pet-mac-xcode v0.1.0 (https://github.com/zed-industries/python-environment-tools.git?rev=5aad7164bfc2a58977b103c8ef8fdd7302ed2e9f#5aad7164)
2026-10-07T22:36:38.5745934Z [1m[92m   Compiling[0m pet-telemetry v0.1.0 (https://github.com/zed-industries/python-environment-tools.git?rev=5aad7164bfc2a58977b103c8ef8fdd7302ed2e9f#5aad7164)
2026-10-07T22:36:38.6195247Z [1m[92m   Compiling[0m agent-client-protocol-derive v2.2.0
2026-10-07T22:36:39.0469899Z [1m[92m   Compiling[0m sandbox v0.1.0 (/home/runner/work/koda/koda/crates/sandbox)
2026-10-07T22:36:39.8405340Z [1m[92m   Compiling[0m action_log v0.1.0 (/home/runner/work/koda/koda/crates/action_log)
2026-10-07T22:36:40.7671232Z [1m[92m   Compiling[0m remote_connection v0.1.0 (/home/runner/work/koda/koda/crates/remote_connection)
2026-10-07T22:36:41.8055610Z [1m[92m   Compiling[0m aws-sdk-bedrockruntime v1.125.0
2026-10-07T22:36:42.6947329Z [1m[92m   Compiling[0m livekit_api v0.1.0 (/home/runner/work/koda/koda/crates/livekit_api)
2026-10-07T22:36:43.1324965Z [1m[92m   Compiling[0m x_ai v0.1.0 (/home/runner/work/koda/koda/crates/x_ai)
2026-10-07T22:36:43.3704914Z [1m[92m   Compiling[0m dotenvy v0.15.7
2026-10-07T22:36:43.8039908Z [1m[92m   Compiling[0m languages v0.1.0 (/home/runner/work/koda/koda/crates/languages)
2026-10-07T22:36:51.4494769Z [1m[92m   Compiling[0m darling_core v0.20.11
2026-10-07T22:36:52.0765063Z [1m[92m   Compiling[0m bedrock v0.1.0 (/home/runner/work/koda/koda/crates/bedrock)
2026-10-07T22:36:53.0415955Z [1m[92m   Compiling[0m x_ai_subscribed v0.1.0 (/home/runner/work/koda/koda/crates/x_ai_subscribed)
2026-10-07T22:36:54.2305230Z [1m[92m   Compiling[0m darling_macro v0.20.11
2026-10-07T22:36:54.2775360Z [1m[92m   Compiling[0m language_models_cloud v0.1.0 (/home/runner/work/koda/koda/crates/language_models_cloud)
2026-10-07T22:36:54.4796154Z [1m[92m   Compiling[0m opencode v0.1.0 (/home/runner/work/koda/koda/crates/opencode)
2026-10-07T22:36:54.8265037Z [1m[92m   Compiling[0m open_router v0.1.0 (/home/runner/work/koda/koda/crates/open_router)
2026-10-07T22:36:55.1575331Z [1m[92m   Compiling[0m openai_subscribed v0.1.0 (/home/runner/work/koda/koda/crates/openai_subscribed)
2026-10-07T22:36:56.5744847Z [1m[92m   Compiling[0m agent-client-protocol v2.2.0
2026-10-07T22:36:56.9016003Z [1m[92m   Compiling[0m aws_http_client v0.1.0 (/home/runner/work/koda/koda/crates/aws_http_client)
2026-10-07T22:36:57.1581424Z [1m[92m   Compiling[0m lmstudio v0.1.0 (/home/runner/work/koda/koda/crates/lmstudio)
2026-10-07T22:36:58.1513040Z [1m[92m   Compiling[0m llama_cpp v0.1.0 (/home/runner/work/koda/koda/crates/llama_cpp)
2026-10-07T22:36:59.4264182Z [1m[92m   Compiling[0m deepseek v0.1.0 (/home/runner/work/koda/koda/crates/deepseek)
2026-10-07T22:37:00.6254932Z [1m[92m   Compiling[0m mistral v0.1.0 (/home/runner/work/koda/koda/crates/mistral)
2026-10-07T22:37:01.7781247Z [1m[92m   Compiling[0m crc-catalog v2.4.0
2026-10-07T22:37:01.8595039Z [1m[92m   Compiling[0m crc v3.3.0
2026-10-07T22:37:02.0670487Z [1m[92m   Compiling[0m darling v0.20.11
2026-10-07T22:37:02.1338272Z [1m[92m   Compiling[0m nanoid v0.4.0
2026-10-07T22:37:02.2559824Z [1m[92m   Compiling[0m peg-runtime v0.8.5
2026-10-07T22:37:02.4715154Z [1m[92m   Compiling[0m acp_thread v0.1.0 (/home/runner/work/koda/koda/crates/acp_thread)
2026-10-07T22:37:04.2071771Z [1m[92m   Compiling[0m peg-macros v0.8.5
2026-10-07T22:37:05.3985151Z [1m[92m   Compiling[0m cached_proc_macro v0.25.0
2026-10-07T22:37:06.3686515Z [1m[92m   Compiling[0m language_models v0.1.0 (/home/runner/work/koda/koda/crates/language_models)
2026-10-07T22:37:08.3609979Z [1m[92m   Compiling[0m git_ui_core v0.1.0 (/home/runner/work/koda/koda/crates/git_ui_core)
2026-10-07T22:37:11.8892531Z [1m[92m   Compiling[0m bon-macros v3.8.2
2026-10-07T22:37:12.9924877Z [1m[92m   Compiling[0m tokio-tungstenite v0.28.0
2026-10-07T22:37:13.5925410Z [1m[92m   Compiling[0m livekit v0.7.32 (https://github.com/zed-industries/livekit-rust-sdks?rev=0a1c519cfce9b365229026b55de9b9dbdb6fed3c#0a1c519c)
2026-10-07T22:37:13.7334940Z [1m[92m   Compiling[0m cached_proc_macro_types v0.1.1
2026-10-07T22:37:14.0316117Z [1m[92m   Compiling[0m peg v0.8.5
2026-10-07T22:37:14.0873847Z [1m[92m   Compiling[0m cached v0.56.0
2026-10-07T22:37:14.5259155Z [1m[92m   Compiling[0m livekit-api v0.4.14 (https://github.com/zed-industries/livekit-rust-sdks?rev=0a1c519cfce9b365229026b55de9b9dbdb6fed3c#0a1c519c)
2026-10-07T22:37:15.0807696Z [1m[92m   Compiling[0m open_path_prompt v0.1.0 (/home/runner/work/koda/koda/crates/open_path_prompt)
2026-10-07T22:37:15.7774955Z [1m[92m   Compiling[0m bon v3.8.2
2026-10-07T22:37:15.8945338Z [1m[92m   Compiling[0m terminal_view v0.1.0 (/home/runner/work/koda/koda/crates/terminal_view)
2026-10-07T22:37:16.9410712Z [1m[92m   Compiling[0m bmrng v0.5.2
2026-10-07T22:37:17.1075160Z [1m[92m   Compiling[0m utf8-chars v3.0.6
2026-10-07T22:37:17.2507743Z [1m[92m   Compiling[0m indenter v0.3.4
2026-10-07T22:37:17.3361966Z [1m[92m   Compiling[0m similar v2.7.0
2026-10-07T22:37:18.1394803Z [1m[92m   Compiling[0m brush-parser v0.3.0
2026-10-07T22:37:19.1715489Z [1m[92m   Compiling[0m platform_title_bar v0.1.0 (/home/runner/work/koda/koda/crates/platform_title_bar)
2026-10-07T22:37:20.7512474Z [1m[92m   Compiling[0m html_to_markdown v0.1.0 (/home/runner/work/koda/koda/crates/html_to_markdown)
2026-10-07T22:37:21.2675089Z [1m[92m   Compiling[0m webpki-roots v0.26.8
2026-10-07T22:37:21.3317832Z [1m[92m   Compiling[0m hashlink v0.10.0
2026-10-07T22:37:21.5476182Z [1m[92m   Compiling[0m edit_prediction_metrics v0.1.0 (/home/runner/work/koda/koda/crates/edit_prediction_metrics)
2026-10-07T22:37:21.6675078Z [1m[92m   Compiling[0m search v0.1.0 (/home/runner/work/koda/koda/crates/search)
2026-10-07T22:37:21.6824668Z [1m[92m   Compiling[0m serde_yaml v0.9.34+deprecated
2026-10-07T22:37:23.0785037Z [1m[92m   Compiling[0m web_search v0.1.0 (/home/runner/work/koda/koda/crates/web_search)
2026-10-07T22:37:23.0934630Z [1m[92m   Compiling[0m scroll_derive v0.12.1
2026-10-07T22:37:23.7544799Z [1m[92m   Compiling[0m bigdecimal v0.4.8
2026-10-07T22:37:23.8005300Z [1m[92m   Compiling[0m rust_decimal v1.39.0
2026-10-07T22:37:24.0444964Z [1m[92m   Compiling[0m scroll v0.12.0
2026-10-07T22:37:24.3075476Z [1m[92m   Compiling[0m shell_command_parser v0.1.0 (/home/runner/work/koda/koda/crates/shell_command_parser)
2026-10-07T22:37:25.6450561Z [1m[92m   Compiling[0m agent_servers v0.1.0 (/home/runner/work/koda/koda/crates/agent_servers)
2026-10-07T22:37:26.7845330Z [1m[92m   Compiling[0m language_extension v0.1.0 (/home/runner/work/koda/koda/crates/language_extension)
2026-10-07T22:37:27.9775638Z [1m[92m   Compiling[0m edit_prediction_context v0.1.0 (/home/runner/work/koda/koda/crates/edit_prediction_context)
2026-10-07T22:37:28.3305190Z [1m[92m   Compiling[0m openssl-sys v0.9.117
2026-10-07T22:37:28.7245157Z [1m[92m   Compiling[0m streaming_diff v0.1.0 (/home/runner/work/koda/koda/crates/streaming_diff)
2026-10-07T22:37:29.0704782Z [1m[92m   Compiling[0m atoi v2.0.0
2026-10-07T22:37:30.9385360Z [1m[92m   Compiling[0m debug_adapter_extension v0.1.0 (/home/runner/work/koda/koda/crates/debug_adapter_extension)
2026-10-07T22:37:31.4838081Z [1m[92m   Compiling[0m futures-intrusive v0.5.0
2026-10-07T22:37:32.0216891Z [1m[92m   Compiling[0m unicode-normalization v0.1.25
2026-10-07T22:37:32.1672253Z [1m[92m   Compiling[0m debugid v0.8.0
2026-10-07T22:37:32.3735243Z [1m[92m   Compiling[0m process-reader v0.1.0
2026-10-07T22:37:32.4926088Z [1m[92m   Compiling[0m smart-default v0.7.1
2026-10-07T22:37:32.7265408Z [1m[92m   Compiling[0m num-derive v0.4.2
2026-10-07T22:37:33.0174899Z [1m[92m   Compiling[0m range-map v0.2.0
2026-10-07T22:37:33.2064997Z [1m[92m   Compiling[0m crash-context v0.8.0
2026-10-07T22:37:33.3004978Z [1m[92m   Compiling[0m minidump-writer v0.13.0
2026-10-07T22:37:33.4435595Z [1m[92m   Compiling[0m plain v0.2.3
2026-10-07T22:37:33.5214701Z [1m[92m   Compiling[0m goblin v0.9.3
2026-10-07T22:37:33.7261010Z [1m[92m   Compiling[0m minidump-common v0.26.1
2026-10-07T22:37:36.0420951Z [1m[92m   Compiling[0m process-backend v0.1.0
2026-10-07T22:37:36.4055411Z [1m[92m   Compiling[0m stringprep v0.1.5
2026-10-07T22:37:36.8374704Z [1m[92m   Compiling[0m sqlx-core v0.8.6
2026-10-07T22:37:38.0925711Z [1m[92m   Compiling[0m edit_prediction v0.1.0 (/home/runner/work/koda/koda/crates/edit_prediction)
2026-10-07T22:37:38.4764739Z [1m[92m   Compiling[0m agent v0.1.0 (/home/runner/work/koda/koda/crates/agent)
2026-10-07T22:37:40.0220700Z [1m[92m   Compiling[0m h2 v0.3.27
2026-10-07T22:37:44.6905143Z [1m[92m   Compiling[0m procfs-core v0.18.0
2026-10-07T22:37:47.9452617Z [1m[92m   Compiling[0m error-graph v0.1.1
2026-10-07T22:37:48.0545559Z [1m[92m   Compiling[0m socket2 v0.5.10
2026-10-07T22:37:48.5048953Z [1m[92m   Compiling[0m human_bytes v0.4.3
2026-10-07T22:37:48.5775390Z [1m[92m   Compiling[0m base64 v0.21.7
2026-10-07T22:37:48.9155789Z [1m[92m   Compiling[0m whoami v1.6.1
2026-10-07T22:37:49.1964888Z [1m[92m   Compiling[0m failspot v0.2.0
2026-10-07T22:37:49.2552347Z [1m[92m   Compiling[0m pciid-parser v0.8.0
2026-10-07T22:37:49.6615453Z [1m[92m   Compiling[0m system_specs v0.1.0 (/home/runner/work/koda/koda/crates/system_specs)
2026-10-07T22:37:50.2564895Z [1m[92m   Compiling[0m hyper v0.14.32
2026-10-07T22:37:53.9918240Z [1m[92m   Compiling[0m dev_container v0.1.0 (/home/runner/work/koda/koda/crates/dev_container)
2026-10-07T22:37:56.8784712Z [1m[92m   Compiling[0m flume v0.11.1
2026-10-07T22:37:58.5744841Z [1m[92m   Compiling[0m uds v0.4.2
2026-10-07T22:37:58.9265733Z [1m[92m   Compiling[0m foreign-types-shared v0.1.1
2026-10-07T22:37:58.9918578Z [1m[92m   Compiling[0m openssl v0.10.81
2026-10-07T22:37:59.1054884Z [1m[92m   Compiling[0m foreign-types v0.3.2
2026-10-07T22:37:59.1732139Z [1m[92m   Compiling[0m minidumper v0.11.0
2026-10-07T22:38:01.7994941Z [1m[92m   Compiling[0m sqlx-postgres v0.8.6
2026-10-07T22:38:02.8937049Z [1m[92m   Compiling[0m sqlx-sqlite v0.8.6
2026-10-07T22:38:07.0314738Z [1m[92m   Compiling[0m cargo_toml v0.21.0
2026-10-07T22:38:09.4397761Z [1m[92m   Compiling[0m crash-handler v0.8.0
2026-10-07T22:38:10.2025124Z [1m[92m   Compiling[0m dap_adapters v0.1.0 (/home/runner/work/koda/koda/crates/dap_adapters)
2026-10-07T22:38:10.3109580Z [1m[92m   Compiling[0m headers-core v0.2.0
2026-10-07T22:38:10.9795064Z [1m[92m   Compiling[0m openssl-macros v0.1.1
2026-10-07T22:38:11.2610346Z [1m[92m   Compiling[0m heck v0.4.1
2026-10-07T22:38:11.4156270Z [1m[92m   Compiling[0m proc-macro2-diagnostics v0.10.1
2026-10-07T22:38:11.4992028Z [1m[92m   Compiling[0m borrow-or-share v0.2.4
2026-10-07T22:38:11.5515430Z [1m[92m   Compiling[0m windows_resources v0.1.0 (/home/runner/work/koda/koda/crates/windows_resources)
2026-10-07T22:38:11.6072199Z [1m[92m   Compiling[0m native-tls v0.2.18
2026-10-07T22:38:11.7694292Z [1m[92m   Compiling[0m fluent-uri v0.4.1
2026-10-07T22:38:13.4339665Z [1m[92m   Compiling[0m remote_server v0.1.0 (/home/runner/work/koda/koda/crates/remote_server)
2026-10-07T22:38:13.7034933Z [1m[92m   Compiling[0m headers v0.3.9
2026-10-07T22:38:14.5405359Z [1m[92m   Compiling[0m sqlx-macros-core v0.8.6
2026-10-07T22:38:14.9355226Z [1m[92m   Compiling[0m recent_projects v0.1.0 (/home/runner/work/koda/koda/crates/recent_projects)
2026-10-07T22:38:16.4445394Z [1m[92m   Compiling[0m fraction v0.16.0
2026-10-07T22:38:19.5227194Z [1m[92m   Compiling[0m num-cmp v0.1.0
2026-10-07T22:38:20.0919116Z [1m[92m   Compiling[0m micromap v0.3.0
2026-10-07T22:38:20.2745555Z [1m[92m   Compiling[0m bytecount v0.6.9
2026-10-07T22:38:20.3874994Z [1m[92m   Compiling[0m jsonschema-value v0.51.0
2026-10-07T22:38:20.4644930Z [1m[92m   Compiling[0m referencing v0.51.0
2026-10-07T22:38:26.1717130Z [1m[92m   Compiling[0m sqlx-macros v0.8.6
2026-10-07T22:38:27.1305660Z [1m[92m   Compiling[0m crashes v0.1.0 (/home/runner/work/koda/koda/crates/crashes)
2026-10-07T22:38:27.9888981Z [1m[92m   Compiling[0m eval_utils v0.1.0 (/home/runner/work/koda/koda/crates/eval_utils)
2026-10-07T22:38:28.1894851Z [1m[92m   Compiling[0m uuid-simd v0.8.0
2026-10-07T22:38:28.4814899Z [1m[92m   Compiling[0m axum-core v0.3.4
2026-10-07T22:38:28.9464994Z [1m[92m   Compiling[0m email_address v0.2.9
2026-10-07T22:38:29.1850247Z [1m[92m   Compiling[0m inherent v1.0.13
2026-10-07T22:38:29.3045162Z [1m[92m   Compiling[0m jsonschema-regex v0.51.0
2026-10-07T22:38:29.6714825Z [1m[92m   Compiling[0m ordered-float v4.6.0
2026-10-07T22:38:29.6894952Z [1m[92m   Compiling[0m cargo-platform v0.3.2
2026-10-07T22:38:29.9864725Z [1m[92m   Compiling[0m protobuf v3.7.2
2026-10-07T22:38:30.2513674Z [1m[92m   Compiling[0m sea-query v0.32.7
2026-10-07T22:38:31.0968373Z [1m[92m   Compiling[0m jsonschema v0.51.0
2026-10-07T22:38:33.5084876Z [1m[92m   Compiling[0m sqlx v0.8.6
2026-10-07T22:38:35.5997599Z [1m[92m   Compiling[0m ouroboros_macro v0.18.5
2026-10-07T22:38:37.1065252Z [1m[92m   Compiling[0m tokio-native-tls v0.3.1
2026-10-07T22:38:38.1904883Z [1m[92m   Compiling[0m sea-bae v0.2.2
2026-10-07T22:38:38.7534875Z [1m[92m   Compiling[0m crc-fast v1.9.0
2026-10-07T22:38:41.8355304Z [1m[92m   Compiling[0m command_palette v0.1.0 (/home/runner/work/koda/koda/crates/command_palette)
2026-10-07T22:38:42.2055057Z [1m[92m   Compiling[0m tungstenite v0.20.1
2026-10-07T22:38:43.1205079Z [1m[92m   Compiling[0m android_ui v0.1.0 (/home/runner/work/koda/koda/crates/android_ui)
2026-10-07T22:38:45.2315431Z [1m[92m   Compiling[0m time_format v0.1.0 (/home/runner/work/koda/koda/crates/time_format)
2026-10-07T22:38:46.8028505Z [1m[92m   Compiling[0m axum v0.6.20
2026-10-07T22:38:46.8957134Z [1m[92m   Compiling[0m protobuf-support v3.7.2
2026-10-07T22:38:47.0113488Z [1m[92m   Compiling[0m async-stream-impl v0.3.6
2026-10-07T22:38:47.2935559Z [1m[92m   Compiling[0m sync_wrapper v0.1.2
2026-10-07T22:38:47.3622644Z [1m[92m   Compiling[0m aliasable v0.1.3
2026-10-07T22:38:47.5155156Z [1m[92m   Compiling[0m prometheus v0.14.0
2026-10-07T22:38:47.6025325Z [1m[92m   Compiling[0m async-stream v0.3.6
2026-10-07T22:38:47.6624981Z [1m[92m   Compiling[0m ouroboros v0.18.5
2026-10-07T22:38:54.4588977Z [1m[92m   Compiling[0m tokio-tungstenite v0.20.1
2026-10-07T22:38:54.6894974Z [1m[92m   Compiling[0m aws-smithy-checksums v0.64.4
2026-10-07T22:38:54.7395182Z [1m[92m   Compiling[0m sea-orm-macros v1.1.10
2026-10-07T22:38:55.2185458Z [1m[92m   Compiling[0m hyper-tls v0.5.0
2026-10-07T22:38:57.4987191Z [1m[92m   Compiling[0m sea-query-binder v0.7.0
2026-10-07T22:38:58.5460774Z [1m[92m   Compiling[0m rustls-pemfile v1.0.4
2026-10-07T22:38:58.7624651Z [1m[92m   Compiling[0m tower v0.4.13
2026-10-07T22:38:59.1284958Z [1m[92m   Compiling[0m clap_complete v4.5.59
2026-10-07T22:38:59.8198376Z [1m[92m   Compiling[0m proc-macro-error-attr v1.0.4
2026-10-07T22:38:59.9004810Z [1m[92m   Compiling[0m rand v0.4.6
2026-10-07T22:39:00.4744843Z [1m[92m   Compiling[0m strum v0.26.3
2026-10-07T22:39:00.5454814Z [1m[92m   Compiling[0m matchit v0.7.3
2026-10-07T22:39:00.8485243Z [1m[92m   Compiling[0m fastrand v1.9.0
2026-10-07T22:39:01.0885225Z [1m[92m   Compiling[0m http-range-header v0.3.1
2026-10-07T22:39:01.2894867Z [1m[92m   Compiling[0m tower-http v0.4.4
2026-10-07T22:39:02.0855312Z [1m[92m   Compiling[0m futures-lite v1.13.0
2026-10-07T22:39:02.9986933Z [1m[92m   Compiling[0m sea-orm v1.1.10
2026-10-07T22:39:07.0032958Z [1m[92m   Compiling[0m rand v0.3.23
2026-10-07T22:39:07.1094924Z [1m[92m   Compiling[0m reqwest v0.11.27
2026-10-07T22:39:11.1014807Z [1m[92m   Compiling[0m aws-sdk-s3 v1.123.0
2026-10-07T22:39:13.6744776Z [1m[92m   Compiling[0m cargo_metadata v0.23.1
2026-10-07T22:39:15.0815218Z [1m[92m   Compiling[0m codestral v0.1.0 (/home/runner/work/koda/koda/crates/codestral)
2026-10-07T22:39:15.5053762Z [1m[92m   Compiling[0m aws-sdk-kinesis v1.100.0
2026-10-07T22:39:16.5411735Z [1m[92m   Compiling[0m tasks_ui v0.1.0 (/home/runner/work/koda/koda/crates/tasks_ui)
2026-10-07T22:39:19.0397197Z [1m[92m   Compiling[0m debugger_tools v0.1.0 (/home/runner/work/koda/koda/crates/debugger_tools)
2026-10-07T22:39:21.2034969Z [1m[92m   Compiling[0m dashmap v6.1.0
2026-10-07T22:39:21.6804831Z [1m[92m   Compiling[0m jupyter-protocol v1.4.0
2026-10-07T22:39:26.2314932Z [1m[92m   Compiling[0m envy v0.4.2
2026-10-07T22:39:26.3854958Z [1m[92m   Compiling[0m parse_int v0.9.0
2026-10-07T22:39:26.4741828Z [1m[92m   Compiling[0m proc-macro-error v1.0.4
2026-10-07T22:39:26.6005047Z [1m[92m   Compiling[0m saa v5.4.9
2026-10-07T22:39:26.9864900Z [1m[92m   Compiling[0m sdd v4.6.2
2026-10-07T22:39:27.4104695Z [1m[92m   Compiling[0m scc v3.5.6
2026-10-07T22:39:28.3504861Z [1m[92m   Compiling[0m octocrab v0.49.7
2026-10-07T22:39:28.7034969Z [1m[92m   Compiling[0m random_choice v0.3.2
2026-10-07T22:39:28.7785762Z [1m[92m   Compiling[0m async-dispatcher v0.1.2
2026-10-07T22:39:28.9484863Z [1m[92m   Compiling[0m cli v0.1.0 (/home/runner/work/koda/koda/crates/cli)
2026-10-07T22:39:29.1454458Z [1m[92m   Compiling[0m darling_core v0.21.3
2026-10-07T22:39:29.1656015Z [1m[92m   Compiling[0m markdown_preview v0.1.0 (/home/runner/work/koda/koda/crates/markdown_preview)
2026-10-07T22:39:31.9784836Z [1m[92m   Compiling[0m console v0.16.3
2026-10-07T22:39:32.2855048Z [1m[92m   Compiling[0m rand_pcg v0.3.1
2026-10-07T22:39:32.4230728Z [1m[92m   Compiling[0m itertools v0.10.5
2026-10-07T22:39:32.5714894Z [1m[92m   Compiling[0m asynchronous-codec v0.7.0
2026-10-07T22:39:32.8164938Z [1m[92m   Compiling[0m triomphe v0.1.15
2026-10-07T22:39:33.1094875Z [1m[92m   Compiling[0m snafu-derive v0.8.9
2026-10-07T22:39:33.7270157Z [1m[92m   Compiling[0m sha-1 v0.10.1
2026-10-07T22:39:33.9365348Z [1m[92m   Compiling[0m errno v0.2.8
2026-10-07T22:39:34.0806248Z [1m[92m   Compiling[0m edit_prediction_cli v0.1.0 (/home/runner/work/koda/koda/crates/edit_prediction_cli)
2026-10-07T22:39:34.2611399Z [1m[92m   Compiling[0m shingles v0.1.1
2026-10-07T22:39:34.5044771Z [1m[92m   Compiling[0m siphasher v0.3.11
2026-10-07T22:39:34.6975072Z [1m[92m   Compiling[0m guppy-workspace-hack v0.1.0
2026-10-07T22:39:34.8485374Z [1m[92m   Compiling[0m gaoya v0.2.0
2026-10-07T22:39:35.0542702Z [1m[92m   Compiling[0m snafu v0.8.9
2026-10-07T22:39:35.3594812Z [1m[92m   Compiling[0m exec v0.3.1
2026-10-07T22:39:35.5264802Z [1m[92m   Compiling[0m zeromq v0.5.0
2026-10-07T22:39:35.8214889Z [1m[92m   Compiling[0m dialoguer v0.12.0
2026-10-07T22:39:36.4014869Z [1m[92m   Compiling[0m darling_macro v0.21.3
2026-10-07T22:39:36.6595363Z [1m[92m   Compiling[0m collab v0.44.0 (/home/runner/work/koda/koda/crates/collab)
2026-10-07T22:39:38.6805336Z [1m[92m   Compiling[0m debugger_ui v0.1.0 (/home/runner/work/koda/koda/crates/debugger_ui)
2026-10-07T22:39:50.4546125Z [1m[92m   Compiling[0m edit_prediction_ui v0.1.0 (/home/runner/work/koda/koda/crates/edit_prediction_ui)
2026-10-07T22:39:52.2435014Z [1m[92m   Compiling[0m clap_complete_nushell v4.6.0
2026-10-07T22:39:52.4865201Z [1m[92m   Compiling[0m file_finder v0.1.0 (/home/runner/work/koda/koda/crates/file_finder)
2026-10-07T22:39:53.9855244Z [1m[92m   Compiling[0m outline v0.1.0 (/home/runner/work/koda/koda/crates/outline)
2026-10-07T22:39:55.4426386Z [1m[92m   Compiling[0m ipc-channel v0.19.0
2026-10-07T22:39:56.0706996Z [1m[92m   Compiling[0m tungstenite v0.21.0
2026-10-07T22:39:56.1386021Z [1m[92m   Compiling[0m inotify v0.9.6
2026-10-07T22:39:56.4745609Z [1m[92m   Compiling[0m hyper-timeout v0.5.2
2026-10-07T22:39:56.6354912Z [1m[92m   Compiling[0m simplelog v0.12.2
2026-10-07T22:39:56.8556839Z [1m[92m   Compiling[0m secrecy v0.10.3
2026-10-07T22:39:56.9735112Z [1m[92m   Compiling[0m mio v0.8.11
2026-10-07T22:39:57.1585596Z [1m[92m   Compiling[0m proptest-derive v0.8.0
2026-10-07T22:39:57.3044800Z [1m[92m   Compiling[0m fork v0.4.0
2026-10-07T22:39:57.4584727Z [1m[92m   Compiling[0m target-spec v3.7.0
2026-10-07T22:39:57.6492667Z [1m[92m   Compiling[0m pulldown-cmark v0.10.3
2026-10-07T22:39:57.8214909Z [1m[92m   Compiling[0m notify v6.1.1
2026-10-07T22:39:58.9014925Z [1m[92m   Compiling[0m tokio-tungstenite v0.21.0
2026-10-07T22:40:02.1164770Z [1m[92m   Compiling[0m merge_derive v0.1.0
2026-10-07T22:40:02.5715287Z [1m[92m   Compiling[0m runtimelib v1.4.0
2026-10-07T22:40:03.8175078Z [1m[92m   Compiling[0m darling v0.21.3
2026-10-07T22:40:03.9404878Z [1m[92m   Compiling[0m nbformat v1.2.0
2026-10-07T22:40:06.0995148Z [1m[92m   Compiling[0m jupyter-websocket-client v1.1.0
2026-10-07T22:40:07.1218772Z [1m[92m   Compiling[0m cssparser v0.37.0
2026-10-07T22:40:08.4786300Z [1m[92m   Compiling[0m extension_suggest v0.1.0 (/home/runner/work/koda/koda/crates/extension_suggest)
2026-10-07T22:40:08.7148300Z [1m[92m   Compiling[0m tree-sitter-ruby v0.23.1
2026-10-07T22:40:08.8955345Z [1m[92m   Compiling[0m tree-sitter-elixir v0.3.4
2026-10-07T22:40:09.0747030Z [1m[92m   Compiling[0m tree-sitter-heex v0.0.1 (https://github.com/zed-industries/tree-sitter-heex?rev=1dd45142fbb05562e35b2040c6129c9bca346592#1dd45142)
2026-10-07T22:40:09.2705191Z [1m[92m   Compiling[0m tree-sitter-embedded-template v0.23.2
2026-10-07T22:40:09.4454870Z [1m[92m   Compiling[0m pulldown-cmark-escape v0.10.1
2026-10-07T22:40:09.5515067Z [1m[92m   Compiling[0m maplit v1.0.2
2026-10-07T22:40:09.6171727Z [1m[92m   Compiling[0m ammonia v4.1.4
2026-10-07T22:40:14.4495782Z [1m[92m   Compiling[0m libwebrtc v0.3.26 (https://github.com/zed-industries/livekit-rust-sdks?rev=0a1c519cfce9b365229026b55de9b9dbdb6fed3c#0a1c519c)
2026-10-07T22:40:17.1345401Z [1m[92m   Compiling[0m audio v0.1.0 (/home/runner/work/koda/koda/crates/audio)
2026-10-07T22:40:18.4825444Z [1m[92m   Compiling[0m agent_ui v0.1.0 (/home/runner/work/koda/koda/crates/agent_ui)
2026-10-07T22:40:21.1995634Z [1m[92m   Compiling[0m settings_ui v0.1.0 (/home/runner/work/koda/koda/crates/settings_ui)
2026-10-07T22:40:26.1935448Z [1m[92m   Compiling[0m livekit_client v0.1.0 (/home/runner/work/koda/koda/crates/livekit_client)
2026-10-07T22:40:27.9215303Z [1m[92m   Compiling[0m call v0.1.0 (/home/runner/work/koda/koda/crates/call)
2026-10-07T22:40:31.6674975Z [1m[92m   Compiling[0m git_ui v0.1.0 (/home/runner/work/koda/koda/crates/git_ui)
2026-10-07T22:40:32.0736822Z [1m[92m   Compiling[0m title_bar v0.1.0 (/home/runner/work/koda/koda/crates/title_bar)
2026-10-07T22:40:35.8655388Z [1m[92m   Compiling[0m collab_ui v0.1.0 (/home/runner/work/koda/koda/crates/collab_ui)
2026-10-07T22:40:40.1434048Z [1m[92m   Compiling[0m derive_setters v0.1.9
2026-10-07T22:40:40.6764910Z [1m[92m   Compiling[0m merge v0.1.0
2026-10-07T22:40:41.3184898Z [1m[92m   Compiling[0m warp v0.3.7
2026-10-07T22:40:43.0952507Z [1m[92m   Compiling[0m notify-debouncer-mini v0.4.1
2026-10-07T22:40:43.7295053Z [1m[92m   Compiling[0m outline_panel v0.1.0 (/home/runner/work/koda/koda/crates/outline_panel)
2026-10-07T22:40:44.5397289Z [1m[92m   Compiling[0m project_panel v0.1.0 (/home/runner/work/koda/koda/crates/project_panel)
2026-10-07T22:40:48.5205317Z [1m[92m   Compiling[0m vim v0.1.0 (/home/runner/work/koda/koda/crates/vim)
2026-10-07T22:40:53.1586679Z [1m[92m   Compiling[0m zed v1.23.0 (/home/runner/work/koda/koda/crates/zed)
2026-10-07T22:40:54.5715351Z [1m[92m   Compiling[0m auto_update_helper v0.1.0 (/home/runner/work/koda/koda/crates/auto_update_helper)
2026-10-07T22:40:54.6793434Z [1m[92m   Compiling[0m component_preview v0.1.0 (/home/runner/work/koda/koda/crates/component_preview)
2026-10-07T22:40:54.7584962Z [1m[92m   Compiling[0m handlebars v5.1.2
2026-10-07T22:40:56.1715453Z [1m[92m   Compiling[0m go_to_line v0.1.0 (/home/runner/work/koda/koda/crates/go_to_line)
2026-10-07T22:40:56.6075891Z [1m[92m   Compiling[0m theme_extension v0.1.0 (/home/runner/work/koda/koda/crates/theme_extension)
2026-10-07T22:40:57.5015116Z [1m[92m   Compiling[0m opener v0.7.2
2026-10-07T22:40:57.7231475Z [1m[92m   Compiling[0m toml v0.5.11
2026-10-07T22:40:58.0735014Z [1m[92m   Compiling[0m elasticlunr-rs v3.0.2
2026-10-07T22:40:59.0797995Z [1m[92m   Compiling[0m cargo-platform v0.1.9
2026-10-07T22:40:59.1086375Z [1m[92m   Compiling[0m gh-workflow-macros v0.8.0 (https://github.com/zed-industries/gh-workflow?rev=37f3c0575d379c218a9c455ee67585184e40d43f#37f3c057)
2026-10-07T22:40:59.1464874Z [1m[92m   Compiling[0m strum_macros v0.27.2
2026-10-07T22:40:59.3407446Z [1m[92m   Compiling[0m gpui_windows v0.1.0 (/home/runner/work/koda/koda/crates/gpui_windows)
2026-10-07T22:40:59.4551834Z [1m[92m   Compiling[0m nested v0.1.1
2026-10-07T22:40:59.4706032Z [1m[92m   Compiling[0m eval_cli v0.1.0 (/home/runner/work/koda/koda/crates/eval_cli)
2026-10-07T22:40:59.5915428Z [1m[92m   Compiling[0m debug-ignore v1.0.5
2026-10-07T22:40:59.6544306Z [1m[92m   Compiling[0m gpui_apple v0.1.0 (/home/runner/work/koda/koda/crates/gpui_apple)
2026-10-07T22:40:59.6689674Z [1m[92m   Compiling[0m topological-sort v0.2.2
2026-10-07T22:40:59.7884586Z [1m[92m   Compiling[0m mdbook v0.4.40
2026-10-07T22:40:59.8131762Z [1m[92m   Compiling[0m guppy v0.18.0
2026-10-07T22:41:01.2886113Z [1m[92m   Compiling[0m gh-workflow v0.8.0 (https://github.com/zed-industries/gh-workflow?rev=37f3c0575d379c218a9c455ee67585184e40d43f#37f3c057)
2026-10-07T22:41:03.0974865Z [1m[92m   Compiling[0m cargo_metadata v0.19.2
2026-10-07T22:41:04.7404978Z [1m[92m   Compiling[0m sidebar v0.1.0 (/home/runner/work/koda/koda/crates/sidebar)
2026-10-07T22:41:05.3365192Z [1m[92m   Compiling[0m acp_tools v0.1.0 (/home/runner/work/koda/koda/crates/acp_tools)
2026-10-07T22:41:05.9415112Z [1m[92m   Compiling[0m compliance v0.1.0 (/home/runner/work/koda/koda/tooling/compliance)
2026-10-07T22:41:07.7629011Z [1m[92m   Compiling[0m extensions_ui v0.1.0 (/home/runner/work/koda/koda/crates/extensions_ui)
2026-10-07T22:41:09.3663784Z [1m[92m   Compiling[0m repl v0.1.0 (/home/runner/work/koda/koda/crates/repl)
2026-10-07T22:41:11.0375343Z [1m[92m   Compiling[0m auto_update_ui v0.1.0 (/home/runner/work/koda/koda/crates/auto_update_ui)
2026-10-07T22:41:11.9275090Z [1m[92m   Compiling[0m which_key v0.1.0 (/home/runner/work/koda/koda/crates/which_key)
2026-10-07T22:41:12.5726174Z [1m[92m   Compiling[0m keymap_editor v0.1.0 (/home/runner/work/koda/koda/crates/keymap_editor)
2026-10-07T22:41:13.7015360Z [1m[92m   Compiling[0m feedback v0.1.0 (/home/runner/work/koda/koda/crates/feedback)
2026-10-07T22:41:14.8725325Z [1m[92m   Compiling[0m language_tools v0.1.0 (/home/runner/work/koda/koda/crates/language_tools)
2026-10-07T22:41:15.2356093Z [1m[92m   Compiling[0m web_search_providers v0.1.0 (/home/runner/work/koda/koda/crates/web_search_providers)
2026-10-07T22:41:16.0508472Z [1m[92m   Compiling[0m snippets_ui v0.1.0 (/home/runner/work/koda/koda/crates/snippets_ui)
2026-10-07T22:41:16.4625275Z [1m[92m   Compiling[0m toolchain_selector v0.1.0 (/home/runner/work/koda/koda/crates/toolchain_selector)
2026-10-07T22:41:17.7895191Z [1m[92m   Compiling[0m language_selector v0.1.0 (/home/runner/work/koda/koda/crates/language_selector)
2026-10-07T22:41:18.5349199Z [1m[92m   Compiling[0m activity_indicator v0.1.0 (/home/runner/work/koda/koda/crates/activity_indicator)
2026-10-07T22:41:19.0155741Z [1m[92m   Compiling[0m onboarding v0.1.0 (/home/runner/work/koda/koda/crates/onboarding)
2026-10-07T22:41:19.4895063Z [1m[92m   Compiling[0m lsp_locations v0.1.0 (/home/runner/work/koda/koda/crates/lsp_locations)
2026-10-07T22:41:20.0426173Z [1m[92m   Compiling[0m project_symbols v0.1.0 (/home/runner/work/koda/koda/crates/project_symbols)
2026-10-07T22:41:20.1325767Z [1m[92m   Compiling[0m inspector_ui v0.1.0 (/home/runner/work/koda/koda/crates/inspector_ui)
2026-10-07T22:41:21.6399481Z [1m[92m   Compiling[0m miniprofiler_ui v0.1.0 (/home/runner/work/koda/koda/crates/miniprofiler_ui)
2026-10-07T22:41:21.7115243Z [1m[92m   Compiling[0m lsp_command_selector v0.1.0 (/home/runner/work/koda/koda/crates/lsp_command_selector)
2026-10-07T22:41:22.7845459Z [1m[92m   Compiling[0m tabular_data_preview v0.1.0 (/home/runner/work/koda/koda/crates/tabular_data_preview)
2026-10-07T22:41:22.9875601Z [1m[92m   Compiling[0m settings_profile_selector v0.1.0 (/home/runner/work/koda/koda/crates/settings_profile_selector)
2026-10-07T22:41:23.5224948Z [1m[92m   Compiling[0m theme_selector v0.1.0 (/home/runner/work/koda/koda/crates/theme_selector)
2026-10-07T22:41:24.6555986Z [1m[92m   Compiling[0m encoding_selector v0.1.0 (/home/runner/work/koda/koda/crates/encoding_selector)
2026-10-07T22:41:25.7332987Z [1m[92m   Compiling[0m tab_switcher v0.1.0 (/home/runner/work/koda/koda/crates/tab_switcher)
2026-10-07T22:41:26.0696514Z [1m[92m   Compiling[0m line_ending_selector v0.1.0 (/home/runner/work/koda/koda/crates/line_ending_selector)
2026-10-07T22:41:26.3663829Z [1m[92m   Compiling[0m call_hierarchy v0.1.0 (/home/runner/work/koda/koda/crates/call_hierarchy)
2026-10-07T22:41:26.6025267Z [1m[92m   Compiling[0m language_onboarding v0.1.0 (/home/runner/work/koda/koda/crates/language_onboarding)
2026-10-07T22:41:27.5235126Z [1m[92m   Compiling[0m diagnostics v0.1.0 (/home/runner/work/koda/koda/crates/diagnostics)
2026-10-07T22:41:27.8175484Z [1m[92m   Compiling[0m image_viewer v0.1.0 (/home/runner/work/koda/koda/crates/image_viewer)
2026-10-07T22:41:28.0169835Z [1m[92m   Compiling[0m journal v0.1.0 (/home/runner/work/koda/koda/crates/journal)
2026-10-07T22:41:28.8696618Z [1m[92m   Compiling[0m install_cli v0.1.0 (/home/runner/work/koda/koda/crates/install_cli)
2026-10-07T22:41:29.1872529Z [1m[92m   Compiling[0m svg_preview v0.1.0 (/home/runner/work/koda/koda/crates/svg_preview)
2026-10-07T22:41:29.6835728Z [1m[92m   Compiling[0m ui_prompt v0.1.0 (/home/runner/work/koda/koda/crates/ui_prompt)
2026-10-07T22:41:30.6906563Z [1m[92m   Compiling[0m zlog_settings v0.1.0 (/home/runner/work/koda/koda/crates/zlog_settings)
2026-10-07T22:41:30.7466921Z [1m[92m   Compiling[0m input_latency_ui v0.1.0 (/home/runner/work/koda/koda/crates/input_latency_ui)
2026-10-07T22:41:30.8055947Z [1m[92m   Compiling[0m hang_telemetry v0.1.0 (/home/runner/work/koda/koda/crates/hang_telemetry)
2026-10-07T22:41:31.1594880Z [1m[92m   Compiling[0m annotate-snippets v0.12.12
2026-10-07T22:41:31.3555596Z [1m[92m   Compiling[0m ctrlc v3.5.0
2026-10-07T22:41:31.4948633Z [1m[92m   Compiling[0m vscode_theme v0.2.0
2026-10-07T22:41:32.9481790Z [1m[92m   Compiling[0m xtask v0.1.0 (/home/runner/work/koda/koda/tooling/xtask)
2026-10-07T22:41:38.1245043Z [1m[92m   Compiling[0m theme_importer v0.1.0 (/home/runner/work/koda/koda/crates/theme_importer)
2026-10-07T22:41:41.7925775Z [1m[92m   Compiling[0m docs_preprocessor v0.1.0 (/home/runner/work/koda/koda/crates/docs_preprocessor)
2026-10-07T22:46:28.1590679Z [1m[92m   Compiling[0m worktree_benchmarks v0.1.0 (/home/runner/work/koda/koda/crates/worktree_benchmarks)
2026-10-07T22:46:37.7180789Z [1m[92m   Compiling[0m extension_cli v0.1.0 (/home/runner/work/koda/koda/crates/extension_cli)
2026-10-07T22:46:55.5245094Z [1m[92m   Compiling[0m fs_benchmarks v0.1.0 (/home/runner/work/koda/koda/crates/fs_benchmarks)
2026-10-07T22:47:02.0427125Z [1m[92m   Compiling[0m editor_benchmarks v0.1.0 (/home/runner/work/koda/koda/crates/editor_benchmarks)
2026-10-07T22:47:16.6073708Z [1m[92m   Compiling[0m schema_generator v0.1.0 (/home/runner/work/koda/koda/crates/schema_generator)
2026-10-07T22:48:18.1483035Z [1m[33mwarning[0m[1m: unused import: `ARCH`[0m
2026-10-07T22:48:18.1517080Z   [1m[94m--> [0mcrates/auto_update/src/auto_update.rs:29:18
2026-10-07T22:48:18.1538297Z    [1m[94m|[0m
2026-10-07T22:48:18.1712784Z [1m[94m29[0m [1m[94m|[0m         consts::{ARCH, OS},
2026-10-07T22:48:18.1720934Z    [1m[94m|[0m                  [1m[33m^^^^[0m
2026-10-07T22:48:18.1726139Z    [1m[94m|[0m
2026-10-07T22:48:18.1736780Z    [1m[94m= [0m[1mnote[0m: `#[warn(unused_imports)]` (part of `#[warn(unused)]`) on by default
2026-10-07T22:48:18.1740568Z 
2026-10-07T22:48:18.1745852Z [1m[33mwarning[0m[1m: unused import: `release_channel::AppCommitSha`[0m
2026-10-07T22:48:18.1750193Z     [1m[94m--> [0mcrates/auto_update/src/auto_update.rs:1461:9
2026-10-07T22:48:18.1754490Z      [1m[94m|[0m
2026-10-07T22:48:18.1760558Z [1m[94m1461[0m [1m[94m|[0m     use release_channel::AppCommitSha;
2026-10-07T22:48:18.1763758Z      [1m[94m|[0m         [1m[33m^^^^^^^^^^^^^^^^^^^^^^^^^^^^^[0m
2026-10-07T22:48:18.1768463Z 
2026-10-07T22:48:23.3508195Z [1m[33mwarning[0m: `auto_update` (lib test) generated 2 warnings (run `cargo fix --lib -p auto_update --tests` to apply 2 suggestions)
2026-10-07T22:49:38.1596596Z [1m[92m   Compiling[0m gpui_web v0.1.0 (/home/runner/work/koda/koda/crates/gpui_web)
2026-10-07T22:49:39.6740321Z [1m[92m   Compiling[0m gpui_macos v0.1.0 (/home/runner/work/koda/koda/crates/gpui_macos)
2026-10-07T22:49:53.2341008Z [1m[92m    Finished[0m `test` profile [unoptimized] target(s) in 23m 20s
2026-10-07T22:50:01.6107210Z ────────────
2026-10-07T22:50:01.6128568Z [32;1m Nextest run[0m ID [1m08904f89-1dfa-48f4-8004-abcfb234db32[0m with nextest profile: [1mdefault[0m
2026-10-07T22:50:01.6135606Z [32;1m    Starting[0m [1m10480[0m tests across [1m209[0m binaries ([1m23[0m tests [33;1mskipped[0m)
2026-10-07T23:28:22.3692305Z ────────────
2026-10-07T23:28:22.3695515Z [32;1m     Summary[0m [2300.758s] [1m10480[0m tests run: [1m10480[0m [32;1mpassed[0m, [1m23[0m [33;1mskipped[0m
2026-10-07T23:28:22.5032326Z Workspace tests (build and execution): 3715.8s (exit 0)
2026-10-07T23:28:22.6645882Z ##[group]Run python3 script/ci-run stage 'Linux app build' -- cargo build --locked --keep-going -p zed --bin koda
2026-10-07T23:28:22.6650762Z [36;1mpython3 script/ci-run stage 'Linux app build' -- cargo build --locked --keep-going -p zed --bin koda[0m
2026-10-07T23:28:22.7483291Z shell: /usr/bin/bash --noprofile --norc -e -o pipefail {0}
2026-10-07T23:28:22.7483789Z env:
2026-10-07T23:28:22.7484060Z   CARGO_TERM_COLOR: always
2026-10-07T23:28:22.7484392Z   CARGO_INCREMENTAL: 0
2026-10-07T23:28:22.7484702Z   CARGO_PROFILE_DEV_DEBUG: 0
2026-10-07T23:28:22.7485060Z   CARGO_PROFILE_DEV_BUILD_OVERRIDE_DEBUG: 0
2026-10-07T23:28:22.7485556Z   RUST_BACKTRACE: 1
2026-10-07T23:28:22.7485906Z   CC: clang
2026-10-07T23:28:22.7486259Z   CXX: clang++
2026-10-07T23:28:22.7486705Z   WGPU_BACKEND: vulkan
2026-10-07T23:28:22.7486999Z   CI_TEST_FILTER: 
2026-10-07T23:28:22.7487275Z   CI_TEST_MODE: full
2026-10-07T23:28:22.7487556Z   CARGO_BUILD_JOBS: 4
2026-10-07T23:28:22.7487899Z   CI_TEST_THREADS: 4
2026-10-07T23:28:22.7488262Z   VK_DRIVER_FILES: /usr/share/vulkan/icd.d/lvp_icd.json
2026-10-07T23:28:22.7488686Z ##[endgroup]
2026-10-07T23:28:25.2041425Z [1m[92m   Compiling[0m serde_core v1.0.229
2026-10-07T23:28:25.2187466Z [1m[92m   Compiling[0m hashbrown v0.17.1
2026-10-07T23:28:25.2188492Z [1m[92m   Compiling[0m either v1.15.0
2026-10-07T23:28:25.2348897Z [1m[92m   Compiling[0m serde_json v1.0.151
2026-10-07T23:28:25.4036334Z [1m[92m   Compiling[0m itertools v0.14.0
2026-10-07T23:28:25.4695117Z [1m[92m   Compiling[0m subtle v2.6.1
2026-10-07T23:28:25.5858168Z [1m[92m   Compiling[0m digest v0.10.7
2026-10-07T23:28:25.7864954Z [1m[92m   Compiling[0m sha2 v0.10.9
2026-10-07T23:28:26.1000587Z [1m[92m   Compiling[0m nix v0.30.1
2026-10-07T23:28:26.2564888Z [1m[92m   Compiling[0m fastrand v2.3.0
2026-10-07T23:28:26.5361453Z [1m[92m   Compiling[0m rayon v1.11.0
2026-10-07T23:28:26.5715454Z [1m[92m   Compiling[0m semver v1.0.28
2026-10-07T23:28:26.9220456Z [1m[92m   Compiling[0m rand v0.8.6
2026-10-07T23:28:27.0020753Z [1m[92m   Compiling[0m lyon_path v1.0.16
2026-10-07T23:28:27.5584832Z [1m[92m   Compiling[0m unicode-properties v0.1.3
2026-10-07T23:28:27.7235385Z [1m[92m   Compiling[0m lyon_tessellation v1.0.16
2026-10-07T23:28:27.7484925Z [1m[92m   Compiling[0m lyon_algorithms v1.0.16
2026-10-07T23:28:27.9954809Z [1m[92m   Compiling[0m serde v1.0.229
2026-10-07T23:28:28.2134984Z [1m[92m   Compiling[0m erased-serde v0.4.9
2026-10-07T23:28:28.6424904Z [1m[92m   Compiling[0m serde_fmt v1.0.3
2026-10-07T23:28:28.6645051Z [1m[92m   Compiling[0m bitflags v2.13.1
2026-10-07T23:28:28.7815794Z [1m[92m   Compiling[0m value-bag-serde1 v1.12.0
2026-10-07T23:28:28.8205044Z [1m[92m   Compiling[0m smallvec v1.16.1
2026-10-07T23:28:28.8415613Z [1m[92m   Compiling[0m value-bag v1.12.0
2026-10-07T23:28:28.9035123Z [1m[92m   Compiling[0m rustix v1.1.4
2026-10-07T23:28:29.0480341Z [1m[92m   Compiling[0m indexmap v2.14.0
2026-10-07T23:28:29.3065222Z [1m[92m   Compiling[0m log v0.4.29
2026-10-07T23:28:29.7250435Z [1m[92m   Compiling[0m parking_lot_core v0.9.12
2026-10-07T23:28:29.7735455Z [1m[92m   Compiling[0m tracing v0.1.43
2026-10-07T23:28:29.9912978Z [1m[92m   Compiling[0m parking_lot v0.12.5
2026-10-07T23:28:30.0544868Z [1m[92m   Compiling[0m icu_normalizer v2.3.0
2026-10-07T23:28:30.4584696Z [1m[92m   Compiling[0m uuid v1.18.1
2026-10-07T23:28:30.9244019Z [1m[92m   Compiling[0m idna_adapter v1.2.1
2026-10-07T23:28:30.9903624Z [1m[92m   Compiling[0m gpui_util v0.1.0 (/home/runner/work/koda/koda/crates/gpui_util)
2026-10-07T23:28:31.0584821Z [1m[92m   Compiling[0m idna v1.1.0
2026-10-07T23:28:31.2344876Z [1m[92m   Compiling[0m globset v0.4.17
2026-10-07T23:28:31.7901342Z [1m[92m   Compiling[0m url v2.5.7
2026-10-07T23:28:32.0098174Z [1m[92m   Compiling[0m schemars v1.0.4
2026-10-07T23:28:33.6425396Z [1m[92m   Compiling[0m rust-embed-utils v8.11.0
2026-10-07T23:28:33.8825200Z [1m[92m   Compiling[0m rust-embed-impl v8.11.0
2026-10-07T23:28:34.7835040Z [1m[92m   Compiling[0m polling v3.11.0
2026-10-07T23:28:35.0734956Z [1m[92m   Compiling[0m async-io v2.6.0
2026-10-07T23:28:35.3399298Z [1m[92m   Compiling[0m serde_urlencoded v0.7.1
2026-10-07T23:28:35.6204842Z [1m[92m   Compiling[0m async-signal v0.2.13
2026-10-07T23:28:35.7938600Z [1m[92m   Compiling[0m async-process v2.5.0 (https://github.com/zed-industries/async-process.git?rev=0b6d6713570af61806e1e5cb40e0f757cb93fd9d#0b6d6713)
2026-10-07T23:28:35.8208241Z [1m[92m   Compiling[0m path v0.1.0 (/home/runner/work/koda/koda/crates/path)
2026-10-07T23:28:35.9675738Z [1m[92m   Compiling[0m collections v0.1.0 (/home/runner/work/koda/koda/crates/collections)
2026-10-07T23:28:36.0594940Z [1m[92m   Compiling[0m async-net v2.0.0
2026-10-07T23:28:36.2855288Z [1m[92m   Compiling[0m tempfile v3.27.0
2026-10-07T23:28:36.4554930Z [1m[92m   Compiling[0m smol v2.0.2
2026-10-07T23:28:36.7435458Z [1m[92m   Compiling[0m serde_json_lenient v0.2.4
2026-10-07T23:28:36.8465090Z [1m[92m   Compiling[0m rust-embed v8.11.0
2026-10-07T23:28:36.9404910Z [1m[92m   Compiling[0m chrono v0.4.42
2026-10-07T23:28:37.1024984Z [1m[92m   Compiling[0m async-global-executor v2.4.1
2026-10-07T23:28:37.5885044Z [1m[92m   Compiling[0m kv-log-macro v1.0.7
2026-10-07T23:28:37.7104981Z [1m[92m   Compiling[0m async-std v1.13.2
2026-10-07T23:28:38.2404847Z [1m[92m   Compiling[0m xattr v1.6.1
2026-10-07T23:28:38.5357355Z [1m[92m   Compiling[0m mio v1.2.0
2026-10-07T23:28:38.5873501Z [1m[92m   Compiling[0m gpui_shared_string v0.1.0 (/home/runner/work/koda/koda/crates/gpui_shared_string)
2026-10-07T23:28:38.7344799Z [1m[92m   Compiling[0m command-fds v0.3.2
2026-10-07T23:28:38.9375694Z [1m[92m   Compiling[0m util v0.1.0 (/home/runner/work/koda/koda/crates/util)
2026-10-07T23:28:39.0674858Z [1m[92m   Compiling[0m tracing-log v0.2.0
2026-10-07T23:28:39.0815186Z [1m[92m   Compiling[0m tracing-serde v0.2.0
2026-10-07T23:28:39.2119972Z [1m[92m   Compiling[0m tracing-subscriber v0.3.22
2026-10-07T23:28:39.2686774Z [1m[92m   Compiling[0m async-tar v0.6.1 (https://github.com/zed-industries/async-tar?rev=bd3ad6f89df9a9da7a8535958756d6bf465936a0#bd3ad6f8)
2026-10-07T23:28:39.9274585Z [1m[92m   Compiling[0m kurbo v0.13.1
2026-10-07T23:28:40.1045819Z [1m[92m   Compiling[0m http_client v0.1.0 (/home/runner/work/koda/koda/crates/http_client)
2026-10-07T23:28:40.7675081Z [1m[92m   Compiling[0m zlog v0.1.0 (/home/runner/work/koda/koda/crates/zlog)
2026-10-07T23:28:41.3424896Z [1m[92m   Compiling[0m svgtypes v0.16.1
2026-10-07T23:28:41.4385164Z [1m[92m   Compiling[0m ztracing v0.1.0 (/home/runner/work/koda/koda/crates/ztracing)
2026-10-07T23:28:41.5035225Z [1m[92m   Compiling[0m sum_tree v0.1.0 (/home/runner/work/koda/koda/crates/sum_tree)
2026-10-07T23:28:41.7111658Z [1m[92m   Compiling[0m accesskit v0.24.1
2026-10-07T23:28:41.9304648Z [1m[92m   Compiling[0m fontdb v0.23.0
2026-10-07T23:28:41.9814220Z [1m[92m   Compiling[0m rustybuzz v0.20.1
2026-10-07T23:28:42.2634366Z [1m[92m   Compiling[0m simplecss v0.2.2
2026-10-07T23:28:42.4595342Z [1m[92m   Compiling[0m perf v0.1.0 (/home/runner/work/koda/koda/tooling/perf)
2026-10-07T23:28:42.6982751Z [1m[92m   Compiling[0m postage v0.5.0
2026-10-07T23:28:42.7224905Z [1m[92m   Compiling[0m tiny-skia v0.11.4
2026-10-07T23:28:42.8404767Z [1m[92m   Compiling[0m exr v1.74.0
2026-10-07T23:28:43.1974964Z [1m[92m   Compiling[0m futures-concurrency v7.7.1
2026-10-07T23:28:44.7874829Z [1m[92m   Compiling[0m usvg v0.46.0
2026-10-07T23:28:45.0854661Z [1m[92m   Compiling[0m png v0.18.0
2026-10-07T23:28:46.3754827Z [1m[92m   Compiling[0m sysinfo v0.31.4
2026-10-07T23:28:46.5025408Z [1m[92m   Compiling[0m gpui v0.2.2 (/home/runner/work/koda/koda/crates/gpui)
2026-10-07T23:28:46.6682299Z [1m[92m   Compiling[0m resvg v0.46.0
2026-10-07T23:28:47.9502504Z [1m[92m   Compiling[0m zed-scap v0.0.8-zed (https://github.com/zed-industries/scap?rev=4afea48c3b002197176fb19cd0f9b180dd36eaac#4afea48c)
2026-10-07T23:28:47.9775310Z [1m[92m   Compiling[0m scheduler v0.1.0 (/home/runner/work/koda/koda/crates/scheduler)
2026-10-07T23:28:48.5514715Z [1m[92m   Compiling[0m image v0.25.10
2026-10-07T23:28:48.6295865Z [1m[92m   Compiling[0m util_macros v0.1.0 (/home/runner/work/koda/koda/crates/util_macros)
2026-10-07T23:28:48.8435564Z [1m[92m   Compiling[0m taffy v0.13.0
2026-10-07T23:28:52.2138157Z [1m[92m   Compiling[0m lyon v1.0.16
2026-10-07T23:28:52.2703812Z [1m[92m   Compiling[0m gpui_macros v0.1.0 (/home/runner/work/koda/koda/crates/gpui_macros)
2026-10-07T23:28:55.4614667Z [1m[92m   Compiling[0m tokio v1.52.1
2026-10-07T23:28:56.8854971Z [1m[92m   Compiling[0m linux-raw-sys v0.12.1
2026-10-07T23:28:56.9265261Z [1m[92m   Compiling[0m rustc_version v0.4.1
2026-10-07T23:28:57.2224919Z [1m[92m   Compiling[0m wasmtime-internal-core v48.0.1
2026-10-07T23:28:57.9255129Z [1m[92m   Compiling[0m deranged v0.5.4
2026-10-07T23:28:59.5044678Z [1m[92m   Compiling[0m time v0.3.47
2026-10-07T23:29:02.3645087Z [1m[92m   Compiling[0m cranelift-bitset v0.135.1
2026-10-07T23:29:02.9565001Z [1m[92m   Compiling[0m prost-derive v0.14.4
2026-10-07T23:29:02.9955332Z [1m[92m   Compiling[0m zeta_prompt v0.1.0 (/home/runner/work/koda/koda/crates/zeta_prompt)
2026-10-07T23:29:03.2274918Z [1m[92m   Compiling[0m pulley-interpreter v48.0.1
2026-10-07T23:29:04.6314971Z [1m[92m   Compiling[0m prost v0.14.4
2026-10-07T23:29:05.0777157Z [1m[92m   Compiling[0m cranelift-entity v0.135.1
2026-10-07T23:29:05.2225238Z [1m[92m   Compiling[0m cranelift-codegen-meta v0.135.1
2026-10-07T23:29:05.2574845Z [1m[92m   Compiling[0m postcard v1.1.3
2026-10-07T23:29:05.4944844Z [1m[92m   Compiling[0m cranelift-bforest v0.135.1
2026-10-07T23:29:05.6234945Z [1m[92m   Compiling[0m prost-types v0.14.4
2026-10-07T23:29:05.7974858Z [1m[92m   Compiling[0m gimli v0.33.0
2026-10-07T23:29:06.9695783Z [1m[92m   Compiling[0m cloud_llm_client v0.1.0 (/home/runner/work/koda/koda/crates/cloud_llm_client)
2026-10-07T23:29:07.8745026Z [1m[92m   Compiling[0m wasmparser v0.254.0
2026-10-07T23:29:08.7074963Z [1m[92m   Compiling[0m cranelift-codegen v0.135.1
2026-10-07T23:29:09.9948334Z [1m[92m   Compiling[0m regalloc2 v0.15.2
2026-10-07T23:29:19.0749177Z [1m[92m   Compiling[0m wasm-encoder v0.254.0
2026-10-07T23:29:21.3594868Z [1m[92m   Compiling[0m object v0.39.1
2026-10-07T23:29:26.5316495Z [1m[92m   Compiling[0m wasmprinter v0.254.0
2026-10-07T23:29:28.0924814Z [1m[92m   Compiling[0m hashbrown v0.15.5
2026-10-07T23:29:28.6865134Z [1m[92m   Compiling[0m id-arena v2.3.0
2026-10-07T23:29:28.7911168Z [1m[92m   Compiling[0m wit-parser v0.254.0
2026-10-07T23:29:29.2514673Z [1m[92m   Compiling[0m petgraph v0.8.3
2026-10-07T23:29:31.0730723Z [1m[92m   Compiling[0m wasmtime-environ v48.0.1
2026-10-07T23:29:34.8384951Z [1m[92m   Compiling[0m wasm-metadata v0.254.0
2026-10-07T23:29:35.2998257Z [1m[92m   Compiling[0m language_model_core v0.1.0 (/home/runner/work/koda/koda/crates/language_model_core)
2026-10-07T23:29:37.0034745Z [1m[92m   Compiling[0m prost-build v0.14.4
2026-10-07T23:29:38.2915134Z [1m[92m   Compiling[0m wit-component v0.254.0
2026-10-07T23:29:41.7415032Z [1m[92m   Compiling[0m wasmtime-internal-wit-bindgen v48.0.1
2026-10-07T23:29:43.1904184Z [1m[92m   Compiling[0m logos-codegen v0.15.1
2026-10-07T23:29:43.3735152Z [1m[92m   Compiling[0m wasmtime-internal-component-macro v48.0.1
2026-10-07T23:29:43.5755327Z [1m[92m   Compiling[0m wasmtime-internal-jit-icache-coherence v48.0.1
2026-10-07T23:29:43.6424892Z [1m[92m   Compiling[0m memfd v0.6.5
2026-10-07T23:29:45.5154992Z [1m[92m   Compiling[0m wasmtime-internal-fiber v48.0.1
2026-10-07T23:29:45.6735349Z [1m[92m   Compiling[0m tokio-util v0.7.18
2026-10-07T23:29:45.7835897Z [1m[92m   Compiling[0m logos-derive v0.15.1
2026-10-07T23:29:46.0477714Z [1m[92m   Compiling[0m tree-sitter v0.27.0 (https://github.com/tree-sitter/tree-sitter?rev=43623ec9bf0eaaf7113285c46e8a09018f181b18#43623ec9)
2026-10-07T23:29:46.3776316Z [1m[92m   Compiling[0m logos v0.15.1
2026-10-07T23:29:46.5075386Z [1m[92m   Compiling[0m paths v0.1.0 (/home/runner/work/koda/koda/crates/paths)
2026-10-07T23:29:46.6705213Z [1m[92m   Compiling[0m prost-reflect v0.16.5
2026-10-07T23:29:51.5714833Z [1m[92m   Compiling[0m cranelift-native v0.135.1
2026-10-07T23:29:51.6975396Z [1m[92m   Compiling[0m cranelift-frontend v0.135.1
2026-10-07T23:29:52.7877043Z [1m[92m   Compiling[0m wasmtime-internal-unwinder v48.0.1
2026-10-07T23:29:53.1015050Z [1m[92m   Compiling[0m wasmtime-internal-cranelift v48.0.1
2026-10-07T23:29:56.0223806Z [1m[92m   Compiling[0m protox-parse v0.9.0
2026-10-07T23:29:57.6424306Z [1m[92m   Compiling[0m ignore v0.4.24
2026-10-07T23:29:58.9774935Z [1m[92m   Compiling[0m wasmtime v48.0.1
2026-10-07T23:30:16.5914803Z [1m[92m   Compiling[0m wasmtime-c-api-impl v48.0.1
2026-10-07T23:30:19.6435344Z [1m[92m   Compiling[0m getrandom v0.2.16
2026-10-07T23:30:22.4925080Z [1m[92m   Compiling[0m protox v0.9.1
2026-10-07T23:30:23.1445374Z [1m[92m   Compiling[0m release_channel v0.1.0 (/home/runner/work/koda/koda/crates/release_channel)
2026-10-07T23:30:23.4424663Z [1m[92m   Compiling[0m rustls-webpki v0.103.13
2026-10-07T23:30:24.4615229Z [1m[92m   Compiling[0m rustls v0.23.40
2026-10-07T23:30:31.0745078Z [1m[92m   Compiling[0m proto v0.1.0 (/home/runner/work/koda/koda/crates/proto)
2026-10-07T23:30:31.9415320Z [1m[92m   Compiling[0m telemetry_events v0.1.0 (/home/runner/work/koda/koda/crates/telemetry_events)
2026-10-07T23:30:32.2015727Z [1m[92m   Compiling[0m rope v0.1.0 (/home/runner/work/koda/koda/crates/rope)
2026-10-07T23:30:33.3845035Z [1m[92m   Compiling[0m net v0.1.0 (/home/runner/work/koda/koda/crates/net)
2026-10-07T23:30:33.4445088Z [1m[92m   Compiling[0m askpass v0.1.0 (/home/runner/work/koda/koda/crates/askpass)
2026-10-07T23:30:37.4924359Z [1m[92m   Compiling[0m clock v0.1.0 (/home/runner/work/koda/koda/crates/clock)
2026-10-07T23:30:37.7308633Z [1m[92m   Compiling[0m serde_path_to_error v0.1.20
2026-10-07T23:30:38.1384964Z [1m[92m   Compiling[0m inotify v0.11.0
2026-10-07T23:30:38.5595352Z [1m[92m   Compiling[0m settings_json v0.1.0 (/home/runner/work/koda/koda/crates/settings_json)
2026-10-07T23:30:39.1225268Z [1m[92m   Compiling[0m text v0.1.0 (/home/runner/work/koda/koda/crates/text)
2026-10-07T23:30:42.0625551Z [1m[92m   Compiling[0m telemetry v0.1.0 (/home/runner/work/koda/koda/crates/telemetry)
2026-10-07T23:30:42.2155265Z [1m[92m   Compiling[0m phf_generator v0.13.1
2026-10-07T23:30:42.4246332Z [1m[92m   Compiling[0m notify-types v2.1.0 (https://github.com/zed-industries/notify?rev=d842f16b2716bd60f09caf3ae3a894237ab38f54#d842f16b)
2026-10-07T23:30:42.7645916Z [1m[92m   Compiling[0m notify v9.0.0-rc.4 (https://github.com/zed-industries/notify?rev=d842f16b2716bd60f09caf3ae3a894237ab38f54#d842f16b)
2026-10-07T23:30:44.0335530Z [1m[92m   Compiling[0m settings_content v0.1.0 (/home/runner/work/koda/koda/crates/settings_content)
2026-10-07T23:31:05.3912848Z [1m[92m   Compiling[0m git v0.1.0 (/home/runner/work/koda/koda/crates/git)
2026-10-07T23:31:11.1344921Z [1m[92m   Compiling[0m tokio-rustls v0.26.4
2026-10-07T23:31:11.3895316Z [1m[92m   Compiling[0m trash v5.2.5 (https://github.com/zed-industries/trash-rs?rev=41c6c800d884a89351f3b8856d12894cccee261d#41c6c800)
2026-10-07T23:31:11.9745559Z [1m[92m   Compiling[0m fs v0.1.0 (/home/runner/work/koda/koda/crates/fs)
2026-10-07T23:31:15.3662407Z [1m[92m   Compiling[0m migrator v0.1.0 (/home/runner/work/koda/koda/crates/migrator)
2026-10-07T23:31:16.7060018Z [1m[92m   Compiling[0m settings v0.1.0 (/home/runner/work/koda/koda/crates/settings)
2026-10-07T23:31:17.1515781Z [1m[92m   Compiling[0m tungstenite v0.28.0
2026-10-07T23:31:17.6959103Z [1m[92m   Compiling[0m syntax_theme v0.1.0 (/home/runner/work/koda/koda/crates/syntax_theme)
2026-10-07T23:31:18.1076577Z [1m[92m   Compiling[0m theme v0.1.0 (/home/runner/work/koda/koda/crates/theme)
2026-10-07T23:31:18.2139823Z [1m[92m   Compiling[0m phf_macros v0.13.1
2026-10-07T23:31:18.9715226Z [1m[92m   Compiling[0m futures-util v0.3.34
2026-10-07T23:31:20.3954774Z [1m[92m   Compiling[0m phf v0.13.1
2026-10-07T23:31:20.5299363Z [1m[92m   Compiling[0m serde_spanned v0.6.9
2026-10-07T23:31:20.6375140Z [1m[92m   Compiling[0m toml_datetime v0.6.11
2026-10-07T23:31:20.8926457Z [1m[92m   Compiling[0m toml_edit v0.22.27
2026-10-07T23:31:21.0195275Z [1m[92m   Compiling[0m rand_core v0.6.4
2026-10-07T23:31:21.7252585Z [1m[92m   Compiling[0m h2 v0.4.19
2026-10-07T23:31:24.0794725Z [1m[92m   Compiling[0m toml v0.8.23
2026-10-07T23:31:24.8390833Z [1m[92m   Compiling[0m num-bigint-dig v0.8.6
2026-10-07T23:31:26.2015303Z [1m[92m   Compiling[0m hyper v1.11.1
2026-10-07T23:31:26.6635048Z [1m[92m   Compiling[0m async-tungstenite v0.33.0
2026-10-07T23:31:27.0434796Z [1m[92m   Compiling[0m signature v2.2.0
2026-10-07T23:31:27.1417132Z [1m[92m   Compiling[0m rsa v0.9.10
2026-10-07T23:31:27.5714958Z [1m[92m   Compiling[0m hyper-util v0.1.17
2026-10-07T23:31:27.8605017Z [1m[92m   Compiling[0m zed_actions v0.1.0 (/home/runner/work/koda/koda/crates/zed_actions)
2026-10-07T23:31:28.3635440Z [1m[92m   Compiling[0m language_core v0.1.0 (/home/runner/work/koda/koda/crates/language_core)
2026-10-07T23:31:29.3215675Z [1m[92m   Compiling[0m nucleo v0.5.0
2026-10-07T23:31:30.4335139Z [1m[92m   Compiling[0m task v0.1.0 (/home/runner/work/koda/koda/crates/task)
2026-10-07T23:31:30.7735106Z [1m[92m   Compiling[0m watch v0.1.0 (/home/runner/work/koda/koda/crates/watch)
2026-10-07T23:31:30.9274936Z [1m[92m   Compiling[0m rpc v0.1.0 (/home/runner/work/koda/koda/crates/rpc)
2026-10-07T23:31:31.1394660Z [1m[92m   Compiling[0m phf_codegen v0.13.1
2026-10-07T23:31:31.2274961Z [1m[92m   Compiling[0m fuzzy v0.1.0 (/home/runner/work/koda/koda/crates/fuzzy)
2026-10-07T23:31:31.7595676Z [1m[92m   Compiling[0m lsp-types v0.95.1 (https://github.com/zed-industries/lsp-types?rev=f1783e63a7f4eb4397bf51d4148b4895a1f7ab16#f1783e63)
2026-10-07T23:31:32.3755010Z [1m[92m   Compiling[0m zeroize v1.8.2
2026-10-07T23:31:32.5417838Z [1m[92m   Compiling[0m language v0.1.0 (/home/runner/work/koda/koda/crates/language)
2026-10-07T23:31:32.7024778Z [1m[92m   Compiling[0m rustls-pki-types v1.12.0
2026-10-07T23:31:32.8867416Z [1m[92m   Compiling[0m fuzzy_nucleo v0.1.0 (/home/runner/work/koda/koda/crates/fuzzy_nucleo)
2026-10-07T23:31:33.1280950Z [1m[92m   Compiling[0m tracing-core v0.1.35
2026-10-07T23:31:33.8564093Z [1m[92m   Compiling[0m ring v0.17.14
2026-10-07T23:31:34.1348662Z [1m[92m   Compiling[0m credentials_provider v0.1.0 (/home/runner/work/koda/koda/crates/credentials_provider)
2026-10-07T23:31:36.8215417Z [1m[92m   Compiling[0m rustls-platform-verifier v0.7.0
2026-10-07T23:31:37.0103674Z [1m[92m   Compiling[0m tiny_http v0.12.0
2026-10-07T23:31:38.1210847Z [1m[92m   Compiling[0m http_client_tls v0.1.0 (/home/runner/work/koda/koda/crates/http_client_tls)
2026-10-07T23:31:40.6995224Z [1m[92m   Compiling[0m lsp v0.1.0 (/home/runner/work/koda/koda/crates/lsp)
2026-10-07T23:31:40.7685394Z [1m[92m   Compiling[0m ciborium v0.2.2
2026-10-07T23:31:41.3914804Z [1m[92m   Compiling[0m rustls-native-certs v0.8.3
2026-10-07T23:31:41.6381370Z [1m[92m   Compiling[0m tower v0.5.2
2026-10-07T23:31:43.9325290Z [1m[92m   Compiling[0m gpui_tokio v0.1.0 (/home/runner/work/koda/koda/crates/gpui_tokio)
2026-10-07T23:31:44.1284665Z [1m[92m   Compiling[0m inout v0.1.4
2026-10-07T23:31:44.1826361Z [1m[92m   Compiling[0m password-hash v0.4.2
2026-10-07T23:31:44.2282279Z [1m[92m   Compiling[0m cipher v0.4.4
2026-10-07T23:31:44.4080893Z [1m[92m   Compiling[0m yawc v0.4.2
2026-10-07T23:31:44.5451225Z [1m[92m   Compiling[0m hyper-rustls v0.27.9
2026-10-07T23:31:44.8005367Z [1m[92m   Compiling[0m cloud_api_types v0.1.0 (/home/runner/work/koda/koda/crates/cloud_api_types)
2026-10-07T23:31:45.9394857Z [1m[92m   Compiling[0m hmac v0.12.1
2026-10-07T23:31:46.0422031Z [1m[92m   Compiling[0m pbkdf2 v0.11.0
2026-10-07T23:31:46.2260346Z [1m[92m   Compiling[0m cloud_api_client v0.1.0 (/home/runner/work/koda/koda/crates/cloud_api_client)
2026-10-07T23:31:47.0715231Z [1m[92m   Compiling[0m aes v0.8.4
2026-10-07T23:31:47.6217446Z [1m[92m   Compiling[0m icons v0.1.0 (/home/runner/work/koda/koda/crates/icons)
2026-10-07T23:31:47.6334749Z [1m[92m   Compiling[0m sha1 v0.10.6
2026-10-07T23:31:47.8306758Z [1m[92m   Compiling[0m zip v0.6.6
2026-10-07T23:31:48.0675298Z [1m[92m   Compiling[0m feature_flags v0.1.0 (/home/runner/work/koda/koda/crates/feature_flags)
2026-10-07T23:31:48.6545082Z [1m[92m   Compiling[0m worktree v0.1.0 (/home/runner/work/koda/koda/crates/worktree)
2026-10-07T23:31:48.7665512Z [1m[92m   Compiling[0m zed_credentials_provider v0.1.0 (/home/runner/work/koda/koda/crates/zed_credentials_provider)
2026-10-07T23:31:49.2075646Z [1m[92m   Compiling[0m proxy_handshake v0.1.0 (/home/runner/work/koda/koda/crates/proxy_handshake)
2026-10-07T23:31:49.5036620Z [1m[92m   Compiling[0m string_cache_codegen v0.6.1
2026-10-07T23:31:49.5568508Z [1m[92m   Compiling[0m selectors v0.37.0
2026-10-07T23:31:49.9452021Z [1m[92m   Compiling[0m web_atoms v0.2.6
2026-10-07T23:31:49.9651487Z [1m[92m   Compiling[0m cssparser v0.36.0
2026-10-07T23:31:50.6664516Z [1m[92m   Compiling[0m htmlize v1.1.0
2026-10-07T23:31:50.7329683Z [1m[92m   Compiling[0m string_cache v0.9.0
2026-10-07T23:31:50.9265946Z [1m[92m   Compiling[0m node_runtime v0.1.0 (/home/runner/work/koda/koda/crates/node_runtime)
2026-10-07T23:31:51.1269499Z [1m[92m   Compiling[0m itertools v0.15.0
2026-10-07T23:31:52.2737203Z [1m[92m   Compiling[0m client v0.1.0 (/home/runner/work/koda/koda/crates/client)
2026-10-07T23:31:52.7498246Z [1m[92m   Compiling[0m documented-macros v0.10.0
2026-10-07T23:31:54.7015940Z [1m[92m   Compiling[0m dap-types v0.0.1 (https://github.com/zed-industries/dap-types?rev=1b461b310481d01e02b2603c16d7144b926339f8#1b461b31)
2026-10-07T23:31:55.3223551Z [1m[92m   Compiling[0m markup5ever v0.39.0
2026-10-07T23:31:55.5446530Z [1m[92m   Compiling[0m lol_html v3.0.1
2026-10-07T23:31:56.9774896Z [1m[92m   Compiling[0m documented v0.10.0
2026-10-07T23:31:57.0698083Z [1m[92m   Compiling[0m json5 v1.3.1
2026-10-07T23:31:57.3104841Z [1m[92m   Compiling[0m granit-parser v1.0.0
2026-10-07T23:31:57.5925232Z [1m[92m   Compiling[0m component v0.1.0 (/home/runner/work/koda/koda/crates/component)
2026-10-07T23:31:58.1147469Z [1m[92m   Compiling[0m menu v0.1.0 (/home/runner/work/koda/koda/crates/menu)
2026-10-07T23:31:58.1897821Z [1m[92m   Compiling[0m dugong-graphlib v0.8.0-alpha.5
2026-10-07T23:31:58.4234955Z [1m[92m   Compiling[0m futures-lite v2.6.1
2026-10-07T23:31:58.6625068Z [1m[92m   Compiling[0m dap v0.1.0 (/home/runner/work/koda/koda/crates/dap)
2026-10-07T23:31:59.0568588Z [1m[92m   Compiling[0m merman-core v0.8.0-alpha.5
2026-10-07T23:31:59.2324968Z [1m[92m   Compiling[0m ui v0.1.0 (/home/runner/work/koda/koda/crates/ui)
2026-10-07T23:32:00.2574939Z [1m[92m   Compiling[0m dugong v0.8.0-alpha.5
2026-10-07T23:32:04.1316576Z [1m[92m   Compiling[0m icu_collator v2.3.0
2026-10-07T23:32:05.6354892Z [1m[92m   Compiling[0m pulldown-cmark v0.13.4
2026-10-07T23:32:07.0905423Z [1m[92m   Compiling[0m rustls-pemfile v2.2.0
2026-10-07T23:32:07.2645204Z [1m[92m   Compiling[0m tokio-socks v0.5.2
2026-10-07T23:32:07.6914824Z [1m[92m   Compiling[0m roughr-merman v0.12.3
2026-10-07T23:32:08.5455043Z [1m[92m   Compiling[0m env_var v0.1.0 (/home/runner/work/koda/koda/crates/env_var)
2026-10-07T23:32:08.6594728Z [1m[92m   Compiling[0m manatee v0.8.0-alpha.5
2026-10-07T23:32:10.9374759Z [1m[92m   Compiling[0m tar v0.4.46
2026-10-07T23:32:10.9495585Z [1m[92m   Compiling[0m zed-reqwest v0.12.15-zed (https://github.com/zed-industries/reqwest.git?rev=33bc764aa15ff7b200bf7c93bd96e24878d53e14#33bc764a)
2026-10-07T23:32:11.7645274Z [1m[92m   Compiling[0m extension v0.1.0 (/home/runner/work/koda/koda/crates/extension)
2026-10-07T23:32:13.7711546Z [1m[92m   Compiling[0m html5ever v0.39.0
2026-10-07T23:32:14.7395092Z [1m[92m   Compiling[0m xml5ever v0.39.0
2026-10-07T23:32:15.2014884Z [1m[92m   Compiling[0m merman-render v0.8.0-alpha.5
2026-10-07T23:32:15.3055881Z [1m[92m   Compiling[0m oauth_callback_server v0.1.0 (/home/runner/work/koda/koda/crates/oauth_callback_server)
2026-10-07T23:32:15.6168676Z [1m[92m   Compiling[0m theme_settings v0.1.0 (/home/runner/work/koda/koda/crates/theme_settings)
2026-10-07T23:32:16.5064952Z [1m[92m   Compiling[0m event-listener-strategy v0.5.4
2026-10-07T23:32:16.5974992Z [1m[92m   Compiling[0m bit-vec v0.8.0
2026-10-07T23:32:16.8051459Z [1m[92m   Compiling[0m bit-set v0.8.0
2026-10-07T23:32:16.9301599Z [1m[92m   Compiling[0m vte v0.15.0
2026-10-07T23:32:17.3979198Z [1m[92m   Compiling[0m android_tools v0.1.0 (/home/runner/work/koda/koda/crates/android_tools)
2026-10-07T23:32:17.4614992Z [1m[92m   Compiling[0m markup5ever_rcdom v0.39.0+unofficial
2026-10-07T23:32:17.7880051Z [1m[92m   Compiling[0m rustix-openpty v0.2.0
2026-10-07T23:32:17.9566463Z [1m[92m   Compiling[0m alacritty_terminal v0.26.1-dev (https://github.com/zed-industries/alacritty?rev=4c129667ce56611becdc82de6e28218c80e2e88f#4c129667)
2026-10-07T23:32:19.5814710Z [1m[92m   Compiling[0m fancy-regex v0.19.0
2026-10-07T23:32:21.0915312Z [1m[92m   Compiling[0m buffer_diff v0.1.0 (/home/runner/work/koda/koda/crates/buffer_diff)
2026-10-07T23:32:22.6252937Z [1m[92m   Compiling[0m async-channel v2.5.0
2026-10-07T23:32:22.9915073Z [1m[92m   Compiling[0m snippet v0.1.0 (/home/runner/work/koda/koda/crates/snippet)
2026-10-07T23:32:23.2327363Z [1m[92m   Compiling[0m snippet_provider v0.1.0 (/home/runner/work/koda/koda/crates/snippet_provider)
2026-10-07T23:32:24.9154511Z [1m[92m   Compiling[0m wax v0.7.0
2026-10-07T23:32:25.3294938Z [1m[92m   Compiling[0m terminal v0.1.0 (/home/runner/work/koda/koda/crates/terminal)
2026-10-07T23:32:28.0329653Z [1m[92m   Compiling[0m context_server v0.1.0 (/home/runner/work/koda/koda/crates/context_server)
2026-10-07T23:32:31.9834981Z [1m[92m   Compiling[0m prettier v0.1.0 (/home/runner/work/koda/koda/crates/prettier)
2026-10-07T23:32:32.7160143Z [1m[92m   Compiling[0m remote v0.1.0 (/home/runner/work/koda/koda/crates/remote)
2026-10-07T23:32:34.0695387Z [1m[92m   Compiling[0m git_hosting_providers v0.1.0 (/home/runner/work/koda/koda/crates/git_hosting_providers)
2026-10-07T23:32:36.2253362Z [1m[92m   Compiling[0m merman v0.8.0-alpha.5
2026-10-07T23:32:36.8505103Z [1m[92m   Compiling[0m mermaid_render v0.1.0 (/home/runner/work/koda/koda/crates/mermaid_render)
2026-10-07T23:32:37.3905542Z [1m[92m   Compiling[0m piper v0.2.4
2026-10-07T23:32:37.5660911Z [1m[92m   Compiling[0m markdown v0.1.0 (/home/runner/work/koda/koda/crates/markdown)
2026-10-07T23:32:37.7197343Z [1m[92m   Compiling[0m blocking v1.6.2
2026-10-07T23:32:37.9715077Z [1m[92m   Compiling[0m async-lock v3.4.2
2026-10-07T23:32:38.4775086Z [1m[92m   Compiling[0m language_model v0.1.0 (/home/runner/work/koda/koda/crates/language_model)
2026-10-07T23:32:39.2940401Z [1m[92m   Compiling[0m libsqlite3-sys v0.30.1
2026-10-07T23:32:39.7894948Z [1m[92m   Compiling[0m compression-codecs v0.4.31
2026-10-07T23:32:39.9425371Z [1m[92m   Compiling[0m getrandom v0.3.4
2026-10-07T23:32:40.2074985Z [1m[92m   Compiling[0m async-compression v0.4.32
2026-10-07T23:32:41.8204606Z [1m[92m   Compiling[0m async-fs v2.2.0
2026-10-07T23:32:42.7115751Z [1m[92m   Compiling[0m async-executor v1.13.3
2026-10-07T23:32:42.9884822Z [1m[92m   Compiling[0m futures-executor v0.3.34
2026-10-07T23:32:43.2143032Z [1m[92m   Compiling[0m scopeguard v1.2.0
2026-10-07T23:32:43.2748167Z [1m[92m   Compiling[0m lock_api v0.4.14
2026-10-07T23:32:43.5434708Z [1m[92m   Compiling[0m futures v0.3.34
2026-10-07T23:32:43.8479119Z [1m[92m   Compiling[0m async_zip v0.0.18
2026-10-07T23:32:47.3565143Z [1m[92m   Compiling[0m sqlez v0.1.0 (/home/runner/work/koda/koda/crates/sqlez)
2026-10-07T23:32:48.2695839Z [1m[92m   Compiling[0m zed_env_vars v0.1.0 (/home/runner/work/koda/koda/crates/zed_env_vars)
2026-10-07T23:32:48.3464996Z [1m[92m   Compiling[0m ui_input v0.1.0 (/home/runner/work/koda/koda/crates/ui_input)
2026-10-07T23:32:48.7495494Z [1m[92m   Compiling[0m edit_prediction_types v0.1.0 (/home/runner/work/koda/koda/crates/edit_prediction_types)
2026-10-07T23:32:49.0485140Z [1m[92m   Compiling[0m sqlez_macros v0.1.0 (/home/runner/work/koda/koda/crates/sqlez_macros)
2026-10-07T23:32:49.2884930Z [1m[92m   Compiling[0m file_icons v0.1.0 (/home/runner/work/koda/koda/crates/file_icons)
2026-10-07T23:32:49.5105740Z [1m[92m   Compiling[0m db v0.1.0 (/home/runner/work/koda/koda/crates/db)
2026-10-07T23:32:49.6745231Z [1m[92m   Compiling[0m multi_buffer v0.1.0 (/home/runner/work/koda/koda/crates/multi_buffer)
2026-10-07T23:32:50.0934676Z [1m[92m   Compiling[0m session v0.1.0 (/home/runner/work/koda/koda/crates/session)
2026-10-07T23:32:50.4485444Z [1m[92m   Compiling[0m assets v0.1.0 (/home/runner/work/koda/koda/crates/assets)
2026-10-07T23:32:50.4899894Z [1m[92m   Compiling[0m vim_mode_setting v0.1.0 (/home/runner/work/koda/koda/crates/vim_mode_setting)
2026-10-07T23:32:50.6797832Z [1m[92m   Compiling[0m toml_datetime v0.7.3
2026-10-07T23:32:50.8975114Z [1m[92m   Compiling[0m language_detection v0.1.0 (/home/runner/work/koda/koda/crates/language_detection)
2026-10-07T23:32:50.9564877Z [1m[92m   Compiling[0m emojis v0.9.0
2026-10-07T23:32:51.4478638Z [1m[92m   Compiling[0m toml_edit v0.23.7
2026-10-07T23:32:51.9816933Z [1m[92m   Compiling[0m const-random-macro v0.1.16
2026-10-07T23:32:52.2314971Z [1m[92m   Compiling[0m proc-macro-crate v3.4.0
2026-10-07T23:32:52.4754717Z [1m[92m   Compiling[0m const-random v0.1.18
2026-10-07T23:32:52.5255278Z [1m[92m   Compiling[0m ahash v0.8.12
2026-10-07T23:32:52.6784774Z [1m[92m   Compiling[0m terminal_size v0.4.3
2026-10-07T23:32:52.7602122Z [1m[92m   Compiling[0m bytes-utils v0.1.4
2026-10-07T23:32:52.8067770Z [1m[92m   Compiling[0m clap_builder v4.5.49
2026-10-07T23:32:53.0075270Z [1m[92m   Compiling[0m aws-smithy-types v1.4.7
2026-10-07T23:32:54.0156019Z [1m[92m   Compiling[0m pet-fs v0.1.0 (https://github.com/zed-industries/python-environment-tools.git?rev=5aad7164bfc2a58977b103c8ef8fdd7302ed2e9f#5aad7164)
2026-10-07T23:32:54.2357399Z [1m[92m   Compiling[0m serde_spanned v1.0.3
2026-10-07T23:32:54.2488789Z [1m[92m   Compiling[0m env_logger v0.10.2
2026-10-07T23:32:54.3144580Z [1m[92m   Compiling[0m toml v0.9.8
2026-10-07T23:32:54.7228807Z [1m[92m   Compiling[0m clap v4.5.49
2026-10-07T23:32:54.7975740Z [1m[92m   Compiling[0m pet-core v0.1.0 (https://github.com/zed-industries/python-environment-tools.git?rev=5aad7164bfc2a58977b103c8ef8fdd7302ed2e9f#5aad7164)
2026-10-07T23:32:54.8401843Z [1m[92m   Compiling[0m cfg-expr v0.20.9
2026-10-07T23:32:55.4297073Z [1m[92m   Compiling[0m system-deps v7.0.7
2026-10-07T23:32:55.6444623Z [1m[92m   Compiling[0m zvariant_utils v3.3.1
2026-10-07T23:32:55.9834941Z [1m[92m   Compiling[0m enumflags2 v0.7.12
2026-10-07T23:32:56.1384980Z [1m[92m   Compiling[0m aws-smithy-async v1.2.14
2026-10-07T23:32:56.1482799Z [1m[92m   Compiling[0m pet-python-utils v0.1.0 (https://github.com/zed-industries/python-environment-tools.git?rev=5aad7164bfc2a58977b103c8ef8fdd7302ed2e9f#5aad7164)
2026-10-07T23:32:56.1762339Z [1m[92m   Compiling[0m zvariant_derive v5.11.0
2026-10-07T23:32:56.3664843Z [1m[92m   Compiling[0m aws-smithy-runtime-api v1.11.4
2026-10-07T23:32:57.1948054Z [1m[92m   Compiling[0m hashbrown v0.14.5
2026-10-07T23:32:57.3339099Z [1m[92m   Compiling[0m fs-set-times v0.20.3
2026-10-07T23:32:57.4756905Z [1m[92m   Compiling[0m glib-sys v0.21.5
2026-10-07T23:32:57.6419582Z [1m[92m   Compiling[0m tower-http v0.6.11
2026-10-07T23:32:57.7914971Z [1m[92m   Compiling[0m pbjson-build v0.9.0
2026-10-07T23:32:58.0227849Z [1m[92m   Compiling[0m rustix-linux-procfs v0.1.1
2026-10-07T23:32:58.0444957Z [1m[92m   Compiling[0m reqwest v0.12.24
2026-10-07T23:32:58.2736119Z [1m[92m   Compiling[0m cap-primitives v4.0.3
2026-10-07T23:32:58.5494885Z [1m[92m   Compiling[0m pbjson-types v0.9.0
2026-10-07T23:32:59.0984854Z [1m[92m   Compiling[0m syn v2.0.117
2026-10-07T23:32:59.1765208Z [1m[92m   Compiling[0m wayland-sys v0.31.11
2026-10-07T23:32:59.5554748Z [1m[92m   Compiling[0m zvariant v5.11.0
2026-10-07T23:33:01.9975050Z [1m[92m   Compiling[0m project v0.1.0 (/home/runner/work/koda/koda/crates/project)
2026-10-07T23:33:02.6615066Z [1m[92m   Compiling[0m gobject-sys v0.21.5
2026-10-07T23:33:02.8242459Z [1m[92m   Compiling[0m aws-smithy-eventstream v0.60.20
2026-10-07T23:33:03.7574895Z [1m[92m   Compiling[0m phf_generator v0.11.3
2026-10-07T23:33:03.9460215Z [1m[92m   Compiling[0m cxx-build v1.0.187
2026-10-07T23:33:06.9209275Z [1m[92m   Compiling[0m aws-smithy-http v0.63.4
2026-10-07T23:33:07.4344854Z [1m[92m   Compiling[0m zbus_names v4.3.2
2026-10-07T23:33:07.9286349Z [1m[92m   Compiling[0m webrtc-sys-build v0.3.13 (https://github.com/zed-industries/livekit-rust-sdks?rev=0a1c519cfce9b365229026b55de9b9dbdb6fed3c#0a1c519c)
2026-10-07T23:33:08.4424932Z [1m[92m   Compiling[0m cap-std v4.0.3
2026-10-07T23:33:08.6554233Z [1m[92m   Compiling[0m aws-credential-types v1.2.12
2026-10-07T23:33:08.8394855Z [1m[92m   Compiling[0m gio-sys v0.21.5
2026-10-07T23:33:09.0016030Z [1m[92m   Compiling[0m tokio-stream v0.1.17
2026-10-07T23:33:09.0322989Z [1m[92m   Compiling[0m aws-types v1.3.12
2026-10-07T23:33:09.1965740Z [1m[92m   Compiling[0m symphonia-core v0.5.5
2026-10-07T23:33:09.4614649Z [1m[92m   Compiling[0m pbjson v0.9.0
2026-10-07T23:33:09.5634834Z [1m[92m   Compiling[0m serde_bytes v0.11.19
2026-10-07T23:33:12.5835870Z [1m[92m   Compiling[0m livekit-runtime v0.4.0 (https://github.com/zed-industries/livekit-rust-sdks?rev=0a1c519cfce9b365229026b55de9b9dbdb6fed3c#0a1c519c)
2026-10-07T23:33:12.7334983Z [1m[92m   Compiling[0m cap-fs-ext v4.0.3
2026-10-07T23:33:12.9795777Z [1m[92m   Compiling[0m webrtc-sys v0.3.23 (https://github.com/zed-industries/livekit-rust-sdks?rev=0a1c519cfce9b365229026b55de9b9dbdb6fed3c#0a1c519c)
2026-10-07T23:33:13.1485128Z [1m[92m   Compiling[0m phf_macros v0.11.3
2026-10-07T23:33:13.7623911Z [1m[92m   Compiling[0m hashlink v0.8.4
2026-10-07T23:33:13.7915116Z [1m[92m   Compiling[0m aws-smithy-observability v0.2.5
2026-10-07T23:33:14.0379231Z [1m[92m   Compiling[0m channel v0.1.0 (/home/runner/work/koda/koda/crates/channel)
2026-10-07T23:33:14.0585393Z [1m[92m   Compiling[0m wasmtime-wasi-io v48.0.1
2026-10-07T23:33:15.3095799Z [1m[92m   Compiling[0m anthropic v0.1.0 (/home/runner/work/koda/koda/crates/anthropic)
2026-10-07T23:33:16.1574886Z [1m[92m   Compiling[0m open_ai v0.1.0 (/home/runner/work/koda/koda/crates/open_ai)
2026-10-07T23:33:18.4824914Z [1m[92m   Compiling[0m cxxbridge-macro v1.0.187
2026-10-07T23:33:21.3572131Z [1m[92m   Compiling[0m moka v0.12.11
2026-10-07T23:33:22.2404972Z [1m[92m   Compiling[0m wasmtime-wasi v48.0.1
2026-10-07T23:33:22.5445031Z [1m[92m   Compiling[0m cxx v1.0.187
2026-10-07T23:33:23.0944866Z [1m[92m   Compiling[0m yaml-rust2 v0.8.1
2026-10-07T23:33:23.9794827Z [1m[92m   Compiling[0m aws-smithy-runtime v1.10.1
2026-10-07T23:33:28.4995171Z [1m[92m   Compiling[0m phf v0.11.3
2026-10-07T23:33:34.4445271Z [1m[92m   Compiling[0m agent_settings v0.1.0 (/home/runner/work/koda/koda/crates/agent_settings)
2026-10-07T23:33:36.0569658Z [1m[92m   Compiling[0m workspace v0.1.0 (/home/runner/work/koda/koda/crates/workspace)
2026-10-07T23:33:41.6116810Z [1m[92m   Compiling[0m livekit-protocol v0.7.1 (https://github.com/zed-industries/livekit-rust-sdks?rev=0a1c519cfce9b365229026b55de9b9dbdb6fed3c#0a1c519c)
2026-10-07T23:33:52.5815347Z [1m[92m   Compiling[0m breadcrumbs v0.1.0 (/home/runner/work/koda/koda/crates/breadcrumbs)
2026-10-07T23:33:53.3065037Z [1m[92m   Compiling[0m editor v0.1.0 (/home/runner/work/koda/koda/crates/editor)
2026-10-07T23:34:00.2255754Z [1m[92m   Compiling[0m picker v0.1.0 (/home/runner/work/koda/koda/crates/picker)
2026-10-07T23:34:01.8545537Z [1m[92m   Compiling[0m command_palette_hooks v0.1.0 (/home/runner/work/koda/koda/crates/command_palette_hooks)
2026-10-07T23:34:03.1826930Z [1m[92m   Compiling[0m symphonia-metadata v0.5.5
2026-10-07T23:34:03.7110183Z [1m[92m   Compiling[0m aws-sigv4 v1.4.0
2026-10-07T23:34:04.5856087Z [1m[92m   Compiling[0m pet-virtualenv v0.1.0 (https://github.com/zed-industries/python-environment-tools.git?rev=5aad7164bfc2a58977b103c8ef8fdd7302ed2e9f#5aad7164)
2026-10-07T23:34:04.7444602Z [1m[92m   Compiling[0m glib-macros v0.21.5
2026-10-07T23:34:08.2877350Z [1m[92m   Compiling[0m symphonia-format-riff v0.5.5
2026-10-07T23:34:08.5815380Z [1m[92m   Compiling[0m glib v0.21.5
2026-10-07T23:34:17.6368628Z [1m[92m   Compiling[0m picker_preview v0.1.0 (/home/runner/work/koda/koda/crates/picker_preview)
2026-10-07T23:34:18.8783810Z [1m[92m   Compiling[0m aws-runtime v1.7.0
2026-10-07T23:34:20.8655645Z [1m[92m   Compiling[0m alsa v0.10.0
2026-10-07T23:34:22.4095401Z [1m[92m   Compiling[0m auto_update v0.1.0 (/home/runner/work/koda/koda/crates/auto_update)
2026-10-07T23:34:24.7035215Z [1m[92m   Compiling[0m notifications v0.1.0 (/home/runner/work/koda/koda/crates/notifications)
2026-10-07T23:34:26.2887947Z [1m[92m   Compiling[0m extension_host v0.1.0 (/home/runner/work/koda/koda/crates/extension_host)
2026-10-07T23:34:31.0015040Z [1m[92m   Compiling[0m doxygen-rs v0.4.2
2026-10-07T23:34:31.3435388Z [1m[92m   Compiling[0m copilot_chat v0.1.0 (/home/runner/work/koda/koda/crates/copilot_chat)
2026-10-07T23:34:35.4385110Z [1m[92m   Compiling[0m symphonia-codec-pcm v0.5.5
2026-10-07T23:34:35.8214901Z [1m[92m   Compiling[0m aws-smithy-json v0.62.5
2026-10-07T23:34:36.2184876Z [1m[92m   Compiling[0m bincode v1.3.3
2026-10-07T23:34:36.6725026Z [1m[92m   Compiling[0m quick-xml v0.39.3
2026-10-07T23:34:38.4824893Z [1m[92m   Compiling[0m cpal v0.17.1
2026-10-07T23:34:39.2432986Z [1m[92m   Compiling[0m symphonia v0.5.5
2026-10-07T23:34:39.3638151Z [1m[92m   Compiling[0m copilot v0.1.0 (/home/runner/work/koda/koda/crates/copilot)
2026-10-07T23:34:42.2365122Z [1m[92m   Compiling[0m lmdb-master-sys v0.2.5
2026-10-07T23:34:42.4775085Z [1m[92m   Compiling[0m zbus_macros v5.13.2
2026-10-07T23:34:43.0605163Z [1m[92m   Compiling[0m wayland-backend v0.3.15
2026-10-07T23:34:44.4025377Z [1m[92m   Compiling[0m rodio v0.21.1 (https://github.com/RustAudio/rodio?rev=e50e726ddd0292f6ef9de0dda6b90af4ed1fb66a#e50e726d)
2026-10-07T23:34:45.3518320Z [1m[92m   Compiling[0m zbus v5.13.2
2026-10-07T23:34:47.3500621Z [1m[92m   Compiling[0m copilot_ui v0.1.0 (/home/runner/work/koda/koda/crates/copilot_ui)
2026-10-07T23:34:48.8006142Z [1m[92m   Compiling[0m pet-jsonrpc v0.1.0 (https://github.com/zed-industries/python-environment-tools.git?rev=5aad7164bfc2a58977b103c8ef8fdd7302ed2e9f#5aad7164)
2026-10-07T23:34:49.0835916Z [1m[92m   Compiling[0m ai_onboarding v0.1.0 (/home/runner/work/koda/koda/crates/ai_onboarding)
2026-10-07T23:34:50.3225541Z [1m[92m   Compiling[0m ollama v0.1.0 (/home/runner/work/koda/koda/crates/ollama)
2026-10-07T23:34:51.5195060Z [1m[92m   Compiling[0m heed-types v0.21.0
2026-10-07T23:34:51.7031421Z [1m[92m   Compiling[0m pet-reporter v0.1.0 (https://github.com/zed-industries/python-environment-tools.git?rev=5aad7164bfc2a58977b103c8ef8fdd7302ed2e9f#5aad7164)
2026-10-07T23:34:52.2215280Z [1m[92m   Compiling[0m serde_with v3.22.0
2026-10-07T23:34:54.4974900Z [1m[92m   Compiling[0m wayland-client v0.31.11
2026-10-07T23:34:54.8055138Z [1m[92m   Compiling[0m zbus_xml v5.1.1
2026-10-07T23:34:55.4751748Z [1m[92m   Compiling[0m remote_connection v0.1.0 (/home/runner/work/koda/koda/crates/remote_connection)
2026-10-07T23:34:56.1034858Z [1m[92m   Compiling[0m serde_yaml_ng v0.10.0
2026-10-07T23:34:56.8870526Z [1m[92m   Compiling[0m google_ai v0.1.0 (/home/runner/work/koda/koda/crates/google_ai)
2026-10-07T23:34:57.7485910Z [1m[92m   Compiling[0m spirv v0.4.0+sdk-1.4.341.0
2026-10-07T23:34:58.5945193Z [1m[92m   Compiling[0m heed v0.21.0
2026-10-07T23:34:59.5379629Z [1m[92m   Compiling[0m naga v29.0.4
2026-10-07T23:34:59.8114823Z [1m[92m   Compiling[0m agent_skills v0.1.0 (/home/runner/work/koda/koda/crates/agent_skills)
2026-10-07T23:35:00.5185419Z [1m[92m   Compiling[0m http_proxy v0.1.0 (/home/runner/work/koda/koda/crates/http_proxy)
2026-10-07T23:35:00.8508706Z [1m[92m   Compiling[0m handlebars v4.5.0
2026-10-07T23:35:01.2804986Z [1m[92m   Compiling[0m zbus-lockstep v0.5.2
2026-10-07T23:35:01.4652979Z [1m[92m   Compiling[0m agent-client-protocol-schema v1.9.1
2026-10-07T23:35:04.8795253Z [1m[92m   Compiling[0m open_path_prompt v0.1.0 (/home/runner/work/koda/koda/crates/open_path_prompt)
2026-10-07T23:35:06.7404376Z [1m[92m   Compiling[0m aws-smithy-query v0.60.15
2026-10-07T23:35:06.8811040Z [1m[92m   Compiling[0m wgpu-types v29.0.4
2026-10-07T23:35:09.1264800Z [1m[92m   Compiling[0m gpu-descriptor-types v0.2.0
2026-10-07T23:35:09.3121107Z [1m[92m   Compiling[0m cached v0.56.0
2026-10-07T23:35:09.5774993Z [1m[92m   Compiling[0m gpu-allocator v0.28.0
2026-10-07T23:35:10.1835643Z [1m[92m   Compiling[0m sandbox v0.1.0 (/home/runner/work/koda/koda/crates/sandbox)
2026-10-07T23:35:11.1274891Z [1m[92m   Compiling[0m gpu-descriptor v0.3.2
2026-10-07T23:35:11.3181348Z [1m[92m   Compiling[0m wgpu-naga-bridge v29.0.4
2026-10-07T23:35:11.4063943Z [1m[92m   Compiling[0m aws-sdk-sts v1.98.0
2026-10-07T23:35:15.5365255Z [1m[92m   Compiling[0m prompt_store v0.1.0 (/home/runner/work/koda/koda/crates/prompt_store)
2026-10-07T23:35:16.3704879Z [1m[92m   Compiling[0m zbus-lockstep-macros v0.5.2
2026-10-07T23:35:16.7735001Z [1m[92m   Compiling[0m git_ui_core v0.1.0 (/home/runner/work/koda/koda/crates/git_ui_core)
2026-10-07T23:35:17.3165484Z [1m[92m   Compiling[0m pet-conda v0.1.0 (https://github.com/zed-industries/python-environment-tools.git?rev=5aad7164bfc2a58977b103c8ef8fdd7302ed2e9f#5aad7164)
2026-10-07T23:35:18.8054553Z [1m[92m   Compiling[0m aws-sdk-ssooidc v1.96.0
2026-10-07T23:35:21.2165000Z [1m[92m   Compiling[0m aws-sdk-bedrockruntime v1.125.0
2026-10-07T23:35:21.4857431Z [1m[92m   Compiling[0m agent-client-protocol v2.2.0
2026-10-07T23:35:26.9337264Z [1m[92m   Compiling[0m aws-sdk-sso v1.94.0
2026-10-07T23:35:29.3465008Z [1m[92m   Compiling[0m search v0.1.0 (/home/runner/work/koda/koda/crates/search)
2026-10-07T23:35:29.9125609Z [1m[92m   Compiling[0m action_log v0.1.0 (/home/runner/work/koda/koda/crates/action_log)
2026-10-07T23:35:31.5894934Z [1m[92m   Compiling[0m tokio-tungstenite v0.28.0
2026-10-07T23:35:31.8744745Z [1m[92m   Compiling[0m pathfinder_simd v0.5.6
2026-10-07T23:35:32.0315573Z [1m[92m   Compiling[0m x_ai v0.1.0 (/home/runner/work/koda/koda/crates/x_ai)
2026-10-07T23:35:32.2584905Z [1m[92m   Compiling[0m num-traits v0.2.19
2026-10-07T23:35:32.3748465Z [1m[92m   Compiling[0m wgpu-hal v29.0.4
2026-10-07T23:35:33.3334903Z [1m[92m   Compiling[0m brush-parser v0.3.0
2026-10-07T23:35:36.1365309Z [1m[92m   Compiling[0m x_ai_subscribed v0.1.0 (/home/runner/work/koda/koda/crates/x_ai_subscribed)
2026-10-07T23:35:36.3235619Z [1m[92m   Compiling[0m livekit-api v0.4.14 (https://github.com/zed-industries/livekit-rust-sdks?rev=0a1c519cfce9b365229026b55de9b9dbdb6fed3c#0a1c519c)
2026-10-07T23:35:37.0587143Z [1m[92m   Compiling[0m acp_thread v0.1.0 (/home/runner/work/koda/koda/crates/acp_thread)
2026-10-07T23:35:37.2894853Z [1m[92m   Compiling[0m aws-config v1.8.14
2026-10-07T23:35:38.3429267Z [1m[92m   Compiling[0m bedrock v0.1.0 (/home/runner/work/koda/koda/crates/bedrock)
2026-10-07T23:35:39.2885330Z [1m[92m   Compiling[0m atspi-common v0.13.0
2026-10-07T23:35:41.4195524Z [1m[92m   Compiling[0m language_models_cloud v0.1.0 (/home/runner/work/koda/koda/crates/language_models_cloud)
2026-10-07T23:35:42.2365458Z [1m[92m   Compiling[0m opencode v0.1.0 (/home/runner/work/koda/koda/crates/opencode)
2026-10-07T23:35:42.2594936Z [1m[92m   Compiling[0m wayland-protocols v0.32.9
2026-10-07T23:35:42.6075494Z [1m[92m   Compiling[0m platform_title_bar v0.1.0 (/home/runner/work/koda/koda/crates/platform_title_bar)
2026-10-07T23:35:44.0344851Z [1m[92m   Compiling[0m open_router v0.1.0 (/home/runner/work/koda/koda/crates/open_router)
2026-10-07T23:35:44.6845430Z [1m[92m   Compiling[0m openai_subscribed v0.1.0 (/home/runner/work/koda/koda/crates/openai_subscribed)
2026-10-07T23:35:45.5371796Z [1m[92m   Compiling[0m aws_http_client v0.1.0 (/home/runner/work/koda/koda/crates/aws_http_client)
2026-10-07T23:35:45.7755310Z [1m[92m   Compiling[0m html_to_markdown v0.1.0 (/home/runner/work/koda/koda/crates/html_to_markdown)
2026-10-07T23:35:46.2185116Z [1m[92m   Compiling[0m llama_cpp v0.1.0 (/home/runner/work/koda/koda/crates/llama_cpp)
2026-10-07T23:35:46.6795405Z [1m[92m   Compiling[0m lmstudio v0.1.0 (/home/runner/work/koda/koda/crates/lmstudio)
2026-10-07T23:35:47.4106248Z [1m[92m   Compiling[0m web_search v0.1.0 (/home/runner/work/koda/koda/crates/web_search)
2026-10-07T23:35:47.7175881Z [1m[92m   Compiling[0m bmrng v0.5.2
2026-10-07T23:35:47.7395571Z [1m[92m   Compiling[0m mistral v0.1.0 (/home/runner/work/koda/koda/crates/mistral)
2026-10-07T23:35:47.8705270Z [1m[92m   Compiling[0m deepseek v0.1.0 (/home/runner/work/koda/koda/crates/deepseek)
2026-10-07T23:35:48.8364930Z [1m[92m   Compiling[0m fluent-uri v0.4.1
2026-10-07T23:35:49.0305598Z [1m[92m   Compiling[0m edit_prediction_metrics v0.1.0 (/home/runner/work/koda/koda/crates/edit_prediction_metrics)
2026-10-07T23:35:49.3265131Z [1m[92m   Compiling[0m language_models v0.1.0 (/home/runner/work/koda/koda/crates/language_models)
2026-10-07T23:35:49.5605253Z [1m[92m   Compiling[0m agent_servers v0.1.0 (/home/runner/work/koda/koda/crates/agent_servers)
2026-10-07T23:35:51.7795435Z [1m[92m   Compiling[0m wgpu-core-deps-windows-linux-android v29.0.4
2026-10-07T23:35:51.8345463Z [1m[92m   Compiling[0m shell_command_parser v0.1.0 (/home/runner/work/koda/koda/crates/shell_command_parser)
2026-10-07T23:35:52.2005232Z [1m[92m   Compiling[0m terminal_view v0.1.0 (/home/runner/work/koda/koda/crates/terminal_view)
2026-10-07T23:35:57.4165181Z [1m[92m   Compiling[0m edit_prediction_context v0.1.0 (/home/runner/work/koda/koda/crates/edit_prediction_context)
2026-10-07T23:35:57.8177442Z [1m[92m   Compiling[0m serde_yaml v0.9.34+deprecated
2026-10-07T23:35:59.3005534Z [1m[92m   Compiling[0m streaming_diff v0.1.0 (/home/runner/work/koda/koda/crates/streaming_diff)
2026-10-07T23:36:00.0005515Z [1m[92m   Compiling[0m nanoid v0.4.0
2026-10-07T23:36:00.0221034Z [1m[92m   Compiling[0m half v2.7.1
2026-10-07T23:36:00.1434515Z [1m[92m   Compiling[0m jsonschema-value v0.51.0
2026-10-07T23:36:00.5594830Z [1m[92m   Compiling[0m referencing v0.51.0
2026-10-07T23:36:01.4145236Z [1m[92m   Compiling[0m agent v0.1.0 (/home/runner/work/koda/koda/crates/agent)
2026-10-07T23:36:01.6280827Z [1m[92m   Compiling[0m edit_prediction v0.1.0 (/home/runner/work/koda/koda/crates/edit_prediction)
2026-10-07T23:36:02.0035181Z [1m[92m   Compiling[0m dev_container v0.1.0 (/home/runner/work/koda/koda/crates/dev_container)
2026-10-07T23:36:07.5004799Z [1m[92m   Compiling[0m wgpu-core v29.0.4
2026-10-07T23:36:09.0750887Z [1m[92m   Compiling[0m pxfm v0.1.25
2026-10-07T23:36:11.7365209Z [1m[92m   Compiling[0m pathfinder_geometry v0.5.1
2026-10-07T23:36:11.9694933Z [1m[92m   Compiling[0m atspi-proxies v0.13.0
2026-10-07T23:36:13.5404733Z [1m[92m   Compiling[0m harfrust v0.5.0
2026-10-07T23:36:17.0031242Z [1m[92m   Compiling[0m jupyter-protocol v1.4.0
2026-10-07T23:36:17.5716831Z [1m[92m   Compiling[0m accesskit_consumer v0.38.0
2026-10-07T23:36:18.5804955Z [1m[92m   Compiling[0m gethostname v1.1.0
2026-10-07T23:36:18.6845395Z [1m[92m   Compiling[0m debugid v0.8.0
2026-10-07T23:36:18.8835164Z [1m[92m   Compiling[0m email_address v0.2.9
2026-10-07T23:36:19.1165202Z [1m[92m   Compiling[0m process-reader v0.1.0
2026-10-07T23:36:19.2884222Z [1m[92m   Compiling[0m bytemuck v1.24.0
2026-10-07T23:36:19.4535406Z [1m[92m   Compiling[0m cosmic-text v0.19.0
2026-10-07T23:36:19.5567884Z [1m[92m   Compiling[0m qoi v0.4.1
2026-10-07T23:36:19.7964894Z [1m[92m   Compiling[0m goblin v0.9.3
2026-10-07T23:36:21.2933046Z [1m[92m   Compiling[0m zed-font-kit v0.14.1-zed (https://github.com/zed-industries/font-kit?rev=94b0f28166665e8fd2f53ff6d268a14955c82269#94b0f281)
2026-10-07T23:36:21.9974858Z [1m[92m   Compiling[0m process-backend v0.1.0
2026-10-07T23:36:22.1364756Z [1m[92m   Compiling[0m x11rb v0.13.2
2026-10-07T23:36:22.2917487Z [1m[92m   Compiling[0m minidump-common v0.26.1
2026-10-07T23:36:23.8153831Z [1m[92m   Compiling[0m jsonschema v0.51.0
2026-10-07T23:36:23.9544916Z [1m[92m   Compiling[0m accesskit_atspi_common v0.19.1
2026-10-07T23:36:24.9804601Z [1m[92m   Compiling[0m atspi v0.29.0
2026-10-07T23:36:25.0444980Z [1m[92m   Compiling[0m wgpu v29.0.4
2026-10-07T23:36:25.9654831Z [1m[92m   Compiling[0m moxcms v0.8.1
2026-10-07T23:36:28.1615640Z [1m[92m   Compiling[0m recent_projects v0.1.0 (/home/runner/work/koda/koda/crates/recent_projects)
2026-10-07T23:36:33.8076705Z [1m[92m   Compiling[0m xim-parser v0.2.1 (https://github.com/zed-industries/xim-rs.git?rev=16f35a2c881b815a2b6cdfd6687988e84f8447d8#16f35a2c)
2026-10-07T23:36:33.9354797Z [1m[92m   Compiling[0m num-bigint-dig v0.9.1
2026-10-07T23:36:34.7454673Z [1m[92m   Compiling[0m tiff v0.11.3
2026-10-07T23:36:36.2974170Z [1m[92m   Compiling[0m ashpd v0.13.5
2026-10-07T23:36:37.2225357Z [1m[92m   Compiling[0m command_palette v0.1.0 (/home/runner/work/koda/koda/crates/command_palette)
2026-10-07T23:36:37.8764765Z [1m[92m   Compiling[0m pbkdf2 v0.12.2
2026-10-07T23:36:37.9474819Z [1m[92m   Compiling[0m hkdf v0.12.4
2026-10-07T23:36:38.0504978Z [1m[92m   Compiling[0m procfs-core v0.18.0
2026-10-07T23:36:39.2195167Z [1m[92m   Compiling[0m calloop v0.14.3 (https://github.com/zed-industries/calloop#eb6b4fd1)
2026-10-07T23:36:39.9764846Z [1m[92m   Compiling[0m error-graph v0.1.1
2026-10-07T23:36:40.0928713Z [1m[92m   Compiling[0m pathdiff v0.2.3
2026-10-07T23:36:40.1795366Z [1m[92m   Compiling[0m system_specs v0.1.0 (/home/runner/work/koda/koda/crates/system_specs)
2026-10-07T23:36:40.4499036Z [1m[92m   Compiling[0m open v5.3.2
2026-10-07T23:36:40.5886420Z [1m[92m   Compiling[0m oo7 v0.6.0
2026-10-07T23:36:40.6618849Z [1m[92m   Compiling[0m zeromq v0.5.0
2026-10-07T23:36:43.4365667Z [1m[92m   Compiling[0m calloop-wayland-source v0.4.1
2026-10-07T23:36:43.5345609Z [1m[92m   Compiling[0m zed-xim v0.4.0-zed (https://github.com/zed-industries/xim-rs.git?rev=16f35a2c881b815a2b6cdfd6687988e84f8447d8#16f35a2c)
2026-10-07T23:36:43.8025084Z [1m[92m   Compiling[0m gpui_wgpu v0.1.0 (/home/runner/work/koda/koda/crates/gpui_wgpu)
2026-10-07T23:36:44.6525055Z [1m[92m   Compiling[0m minidump-writer v0.13.0
2026-10-07T23:36:45.3165208Z [1m[92m   Compiling[0m accesskit_unix v0.22.1
2026-10-07T23:36:46.3801486Z [1m[92m   Compiling[0m codestral v0.1.0 (/home/runner/work/koda/koda/crates/codestral)
2026-10-07T23:36:47.5355891Z [1m[92m   Compiling[0m pet-uv v0.1.0 (https://github.com/zed-industries/python-environment-tools.git?rev=5aad7164bfc2a58977b103c8ef8fdd7302ed2e9f#5aad7164)
2026-10-07T23:36:48.1425923Z [1m[92m   Compiling[0m pet-hatch v0.1.0 (https://github.com/zed-industries/python-environment-tools.git?rev=5aad7164bfc2a58977b103c8ef8fdd7302ed2e9f#5aad7164)
2026-10-07T23:36:48.6710157Z [1m[92m   Compiling[0m wayland-cursor v0.31.11
2026-10-07T23:36:48.9054850Z [1m[92m   Compiling[0m wayland-protocols-plasma v0.3.9
2026-10-07T23:36:50.6954758Z [1m[92m   Compiling[0m wayland-protocols-wlr v0.3.9
2026-10-07T23:36:50.9735810Z [1m[92m   Compiling[0m pet-global-virtualenvs v0.1.0 (https://github.com/zed-industries/python-environment-tools.git?rev=5aad7164bfc2a58977b103c8ef8fdd7302ed2e9f#5aad7164)
2026-10-07T23:36:51.1466279Z [1m[92m   Compiling[0m pet-env-var-path v0.1.0 (https://github.com/zed-industries/python-environment-tools.git?rev=5aad7164bfc2a58977b103c8ef8fdd7302ed2e9f#5aad7164)
2026-10-07T23:36:51.3536273Z [1m[92m   Compiling[0m pet-pyenv v0.1.0 (https://github.com/zed-industries/python-environment-tools.git?rev=5aad7164bfc2a58977b103c8ef8fdd7302ed2e9f#5aad7164)
2026-10-07T23:36:51.6576066Z [1m[92m   Compiling[0m pet-homebrew v0.1.0 (https://github.com/zed-industries/python-environment-tools.git?rev=5aad7164bfc2a58977b103c8ef8fdd7302ed2e9f#5aad7164)
2026-10-07T23:36:52.0755704Z [1m[92m   Compiling[0m pet-pixi v0.1.0 (https://github.com/zed-industries/python-environment-tools.git?rev=5aad7164bfc2a58977b103c8ef8fdd7302ed2e9f#5aad7164)
2026-10-07T23:36:52.1704789Z [1m[92m   Compiling[0m pet-poetry v0.1.0 (https://github.com/zed-industries/python-environment-tools.git?rev=5aad7164bfc2a58977b103c8ef8fdd7302ed2e9f#5aad7164)
2026-10-07T23:36:52.2066021Z [1m[92m   Compiling[0m notify-rust v4.18.0
2026-10-07T23:36:52.2553573Z [1m[92m   Compiling[0m markdown_preview v0.1.0 (/home/runner/work/koda/koda/crates/markdown_preview)
2026-10-07T23:36:52.9045238Z [1m[92m   Compiling[0m android_ui v0.1.0 (/home/runner/work/koda/koda/crates/android_ui)
2026-10-07T23:36:53.5736110Z [1m[92m   Compiling[0m pet-venv v0.1.0 (https://github.com/zed-industries/python-environment-tools.git?rev=5aad7164bfc2a58977b103c8ef8fdd7302ed2e9f#5aad7164)
2026-10-07T23:36:53.7216104Z [1m[92m   Compiling[0m pet-pipenv v0.1.0 (https://github.com/zed-industries/python-environment-tools.git?rev=5aad7164bfc2a58977b103c8ef8fdd7302ed2e9f#5aad7164)
2026-10-07T23:36:54.0296158Z [1m[92m   Compiling[0m pet-virtualenvwrapper v0.1.0 (https://github.com/zed-industries/python-environment-tools.git?rev=5aad7164bfc2a58977b103c8ef8fdd7302ed2e9f#5aad7164)
2026-10-07T23:36:54.1875760Z [1m[92m   Compiling[0m pet-linux-global-python v0.1.0 (https://github.com/zed-industries/python-environment-tools.git?rev=5aad7164bfc2a58977b103c8ef8fdd7302ed2e9f#5aad7164)
2026-10-07T23:36:54.4886128Z [1m[92m   Compiling[0m pet-mac-commandlinetools v0.1.0 (https://github.com/zed-industries/python-environment-tools.git?rev=5aad7164bfc2a58977b103c8ef8fdd7302ed2e9f#5aad7164)
2026-10-07T23:36:54.6943959Z [1m[92m   Compiling[0m pet-mac-xcode v0.1.0 (https://github.com/zed-industries/python-environment-tools.git?rev=5aad7164bfc2a58977b103c8ef8fdd7302ed2e9f#5aad7164)
2026-10-07T23:36:54.7978712Z [1m[92m   Compiling[0m pet-mac-python-org v0.1.0 (https://github.com/zed-industries/python-environment-tools.git?rev=5aad7164bfc2a58977b103c8ef8fdd7302ed2e9f#5aad7164)
2026-10-07T23:36:54.8640320Z [1m[92m   Compiling[0m json_schema_store v0.1.0 (/home/runner/work/koda/koda/crates/json_schema_store)
2026-10-07T23:36:54.9296122Z [1m[92m   Compiling[0m pet-telemetry v0.1.0 (https://github.com/zed-industries/python-environment-tools.git?rev=5aad7164bfc2a58977b103c8ef8fdd7302ed2e9f#5aad7164)
2026-10-07T23:36:55.0315556Z [1m[92m   Compiling[0m clap_complete v4.5.59
2026-10-07T23:36:55.9664747Z [1m[92m   Compiling[0m env_filter v0.1.4
2026-10-07T23:36:56.0464878Z [1m[92m   Compiling[0m minidumper v0.11.0
2026-10-07T23:36:56.2499238Z [1m[92m   Compiling[0m env_logger v0.11.8
2026-10-07T23:36:56.6261358Z [1m[92m   Compiling[0m gpui_linux v0.1.0 (/home/runner/work/koda/koda/crates/gpui_linux)
2026-10-07T23:37:02.9861964Z [1m[92m   Compiling[0m clap_complete_nushell v4.6.0
2026-10-07T23:37:03.1936556Z [1m[92m   Compiling[0m pet v0.1.0 (https://github.com/zed-industries/python-environment-tools.git?rev=5aad7164bfc2a58977b103c8ef8fdd7302ed2e9f#5aad7164)
2026-10-07T23:37:03.2204964Z [1m[92m   Compiling[0m zed v1.23.0 (/home/runner/work/koda/koda/crates/zed)
2026-10-07T23:37:04.2685694Z [1m[92m   Compiling[0m edit_prediction_ui v0.1.0 (/home/runner/work/koda/koda/crates/edit_prediction_ui)
2026-10-07T23:37:06.0397948Z [1m[92m   Compiling[0m grammars v0.1.0 (/home/runner/work/koda/koda/crates/grammars)
2026-10-07T23:37:06.3174874Z [1m[92m   Compiling[0m runtimelib v1.4.0
2026-10-07T23:37:07.4140735Z [1m[92m   Compiling[0m nbformat v1.2.0
2026-10-07T23:37:07.5384793Z [1m[92m   Compiling[0m jupyter-websocket-client v1.1.0
2026-10-07T23:37:07.5515021Z [1m[92m   Compiling[0m crash-handler v0.8.0
2026-10-07T23:37:07.7965271Z [1m[92m   Compiling[0m time_format v0.1.0 (/home/runner/work/koda/koda/crates/time_format)
2026-10-07T23:37:07.9624887Z [1m[92m   Compiling[0m ipc-channel v0.19.0
2026-10-07T23:37:08.5394932Z [1m[92m   Compiling[0m outline v0.1.0 (/home/runner/work/koda/koda/crates/outline)
2026-10-07T23:37:08.7506513Z [1m[92m   Compiling[0m debugger_tools v0.1.0 (/home/runner/work/koda/koda/crates/debugger_tools)
2026-10-07T23:37:09.3514576Z [1m[92m   Compiling[0m tasks_ui v0.1.0 (/home/runner/work/koda/koda/crates/tasks_ui)
2026-10-07T23:37:10.3709107Z [1m[92m   Compiling[0m extension_suggest v0.1.0 (/home/runner/work/koda/koda/crates/extension_suggest)
2026-10-07T23:37:10.5699846Z [1m[92m   Compiling[0m dap_adapters v0.1.0 (/home/runner/work/koda/koda/crates/dap_adapters)
2026-10-07T23:37:10.8905658Z [1m[92m   Compiling[0m debugger_ui v0.1.0 (/home/runner/work/koda/koda/crates/debugger_ui)
2026-10-07T23:37:11.7006809Z [1m[92m   Compiling[0m cli v0.1.0 (/home/runner/work/koda/koda/crates/cli)
2026-10-07T23:37:12.0495565Z [1m[92m   Compiling[0m extensions_ui v0.1.0 (/home/runner/work/koda/koda/crates/extensions_ui)
2026-10-07T23:37:13.4725348Z [1m[92m   Compiling[0m outline_panel v0.1.0 (/home/runner/work/koda/koda/crates/outline_panel)
2026-10-07T23:37:16.1743516Z [1m[92m   Compiling[0m repl v0.1.0 (/home/runner/work/koda/koda/crates/repl)
2026-10-07T23:37:17.4486239Z [1m[92m   Compiling[0m crashes v0.1.0 (/home/runner/work/koda/koda/crates/crashes)
2026-10-07T23:37:18.2845186Z [1m[92m   Compiling[0m languages v0.1.0 (/home/runner/work/koda/koda/crates/languages)
2026-10-07T23:37:21.8785287Z [1m[92m   Compiling[0m reqwest_client v0.1.0 (/home/runner/work/koda/koda/crates/reqwest_client)
2026-10-07T23:37:22.3572783Z [1m[92m   Compiling[0m gpui_platform v0.1.0 (/home/runner/work/koda/koda/crates/gpui_platform)
2026-10-07T23:37:22.6305190Z [1m[92m   Compiling[0m vim v0.1.0 (/home/runner/work/koda/koda/crates/vim)
2026-10-07T23:37:24.9015311Z [1m[92m   Compiling[0m keymap_editor v0.1.0 (/home/runner/work/koda/koda/crates/keymap_editor)
2026-10-07T23:37:26.2085065Z [1m[92m   Compiling[0m project_panel v0.1.0 (/home/runner/work/koda/koda/crates/project_panel)
2026-10-07T23:37:28.5855197Z [1m[92m   Compiling[0m auto_update_ui v0.1.0 (/home/runner/work/koda/koda/crates/auto_update_ui)
2026-10-07T23:37:29.9978086Z [1m[92m   Compiling[0m feedback v0.1.0 (/home/runner/work/koda/koda/crates/feedback)
2026-10-07T23:37:31.0515669Z [1m[92m   Compiling[0m which_key v0.1.0 (/home/runner/work/koda/koda/crates/which_key)
2026-10-07T23:37:32.2805626Z [1m[92m   Compiling[0m language_tools v0.1.0 (/home/runner/work/koda/koda/crates/language_tools)
2026-10-07T23:37:32.8479191Z [1m[92m   Compiling[0m libwebrtc v0.3.26 (https://github.com/zed-industries/livekit-rust-sdks?rev=0a1c519cfce9b365229026b55de9b9dbdb6fed3c#0a1c519c)
2026-10-07T23:37:33.2805859Z [1m[92m   Compiling[0m web_search_providers v0.1.0 (/home/runner/work/koda/koda/crates/web_search_providers)
2026-10-07T23:37:34.0035078Z [1m[92m   Compiling[0m file_finder v0.1.0 (/home/runner/work/koda/koda/crates/file_finder)
2026-10-07T23:37:35.3695104Z [1m[92m   Compiling[0m audio v0.1.0 (/home/runner/work/koda/koda/crates/audio)
2026-10-07T23:37:36.8296042Z [1m[92m   Compiling[0m livekit v0.7.32 (https://github.com/zed-industries/livekit-rust-sdks?rev=0a1c519cfce9b365229026b55de9b9dbdb6fed3c#0a1c519c)
2026-10-07T23:37:36.9475722Z [1m[92m   Compiling[0m agent_ui v0.1.0 (/home/runner/work/koda/koda/crates/agent_ui)
2026-10-07T23:37:37.5515476Z [1m[92m   Compiling[0m settings_ui v0.1.0 (/home/runner/work/koda/koda/crates/settings_ui)
2026-10-07T23:37:38.6705542Z [1m[92m   Compiling[0m language_selector v0.1.0 (/home/runner/work/koda/koda/crates/language_selector)
2026-10-07T23:37:40.2925127Z [1m[92m   Compiling[0m snippets_ui v0.1.0 (/home/runner/work/koda/koda/crates/snippets_ui)
2026-10-07T23:37:41.8695678Z [1m[92m   Compiling[0m livekit_client v0.1.0 (/home/runner/work/koda/koda/crates/livekit_client)
2026-10-07T23:37:44.1508178Z [1m[92m   Compiling[0m call v0.1.0 (/home/runner/work/koda/koda/crates/call)
2026-10-07T23:37:45.7325602Z [1m[92m   Compiling[0m toolchain_selector v0.1.0 (/home/runner/work/koda/koda/crates/toolchain_selector)
2026-10-07T23:37:48.2372899Z [1m[92m   Compiling[0m title_bar v0.1.0 (/home/runner/work/koda/koda/crates/title_bar)
2026-10-07T23:37:50.4130145Z [1m[92m   Compiling[0m collab_ui v0.1.0 (/home/runner/work/koda/koda/crates/collab_ui)
2026-10-07T23:37:52.0868803Z [1m[92m   Compiling[0m git_ui v0.1.0 (/home/runner/work/koda/koda/crates/git_ui)
2026-10-07T23:37:56.3714978Z [1m[92m   Compiling[0m acp_tools v0.1.0 (/home/runner/work/koda/koda/crates/acp_tools)
2026-10-07T23:37:57.3906264Z [1m[92m   Compiling[0m sidebar v0.1.0 (/home/runner/work/koda/koda/crates/sidebar)
2026-10-07T23:37:58.3625719Z [1m[92m   Compiling[0m activity_indicator v0.1.0 (/home/runner/work/koda/koda/crates/activity_indicator)
2026-10-07T23:37:59.8215104Z [1m[92m   Compiling[0m onboarding v0.1.0 (/home/runner/work/koda/koda/crates/onboarding)
2026-10-07T23:38:03.6775661Z [1m[92m   Compiling[0m component_preview v0.1.0 (/home/runner/work/koda/koda/crates/component_preview)
2026-10-07T23:38:03.8349881Z [1m[92m   Compiling[0m lsp_locations v0.1.0 (/home/runner/work/koda/koda/crates/lsp_locations)
2026-10-07T23:38:05.5565206Z [1m[92m   Compiling[0m project_symbols v0.1.0 (/home/runner/work/koda/koda/crates/project_symbols)
2026-10-07T23:38:06.0529165Z [1m[92m   Compiling[0m image_viewer v0.1.0 (/home/runner/work/koda/koda/crates/image_viewer)
2026-10-07T23:38:07.2045231Z [1m[92m   Compiling[0m tabular_data_preview v0.1.0 (/home/runner/work/koda/koda/crates/tabular_data_preview)
2026-10-07T23:38:08.0675269Z [1m[92m   Compiling[0m tab_switcher v0.1.0 (/home/runner/work/koda/koda/crates/tab_switcher)
2026-10-07T23:38:10.2405403Z [1m[92m   Compiling[0m line_ending_selector v0.1.0 (/home/runner/work/koda/koda/crates/line_ending_selector)
2026-10-07T23:38:10.4818134Z [1m[92m   Compiling[0m call_hierarchy v0.1.0 (/home/runner/work/koda/koda/crates/call_hierarchy)
2026-10-07T23:38:11.7670107Z [1m[92m   Compiling[0m lsp_command_selector v0.1.0 (/home/runner/work/koda/koda/crates/lsp_command_selector)
2026-10-07T23:38:12.5155584Z [1m[92m   Compiling[0m language_onboarding v0.1.0 (/home/runner/work/koda/koda/crates/language_onboarding)
2026-10-07T23:38:12.9495626Z [1m[92m   Compiling[0m encoding_selector v0.1.0 (/home/runner/work/koda/koda/crates/encoding_selector)
2026-10-07T23:38:13.3294241Z [1m[92m   Compiling[0m inspector_ui v0.1.0 (/home/runner/work/koda/koda/crates/inspector_ui)
2026-10-07T23:38:13.6184957Z [1m[92m   Compiling[0m journal v0.1.0 (/home/runner/work/koda/koda/crates/journal)
2026-10-07T23:38:14.5945085Z [1m[92m   Compiling[0m go_to_line v0.1.0 (/home/runner/work/koda/koda/crates/go_to_line)
2026-10-07T23:38:14.6492064Z [1m[92m   Compiling[0m diagnostics v0.1.0 (/home/runner/work/koda/koda/crates/diagnostics)
2026-10-07T23:38:14.6852808Z [1m[92m   Compiling[0m miniprofiler_ui v0.1.0 (/home/runner/work/koda/koda/crates/miniprofiler_ui)
2026-10-07T23:38:15.8825409Z [1m[92m   Compiling[0m settings_profile_selector v0.1.0 (/home/runner/work/koda/koda/crates/settings_profile_selector)
2026-10-07T23:38:16.1145070Z [1m[92m   Compiling[0m theme_selector v0.1.0 (/home/runner/work/koda/koda/crates/theme_selector)
2026-10-07T23:38:17.5667855Z [1m[92m   Compiling[0m ui_prompt v0.1.0 (/home/runner/work/koda/koda/crates/ui_prompt)
2026-10-07T23:38:17.6185278Z [1m[92m   Compiling[0m svg_preview v0.1.0 (/home/runner/work/koda/koda/crates/svg_preview)
2026-10-07T23:38:18.2245581Z [1m[92m   Compiling[0m install_cli v0.1.0 (/home/runner/work/koda/koda/crates/install_cli)
2026-10-07T23:38:18.5335049Z [1m[92m   Compiling[0m language_extension v0.1.0 (/home/runner/work/koda/koda/crates/language_extension)
2026-10-07T23:38:18.9845578Z [1m[92m   Compiling[0m theme_extension v0.1.0 (/home/runner/work/koda/koda/crates/theme_extension)
2026-10-07T23:38:19.1728951Z [1m[92m   Compiling[0m debug_adapter_extension v0.1.0 (/home/runner/work/koda/koda/crates/debug_adapter_extension)
2026-10-07T23:38:19.4936201Z [1m[92m   Compiling[0m zlog_settings v0.1.0 (/home/runner/work/koda/koda/crates/zlog_settings)
2026-10-07T23:38:19.5935378Z [1m[92m   Compiling[0m input_latency_ui v0.1.0 (/home/runner/work/koda/koda/crates/input_latency_ui)
2026-10-07T23:38:19.7397952Z [1m[92m   Compiling[0m hang_telemetry v0.1.0 (/home/runner/work/koda/koda/crates/hang_telemetry)
2026-10-07T23:38:37.4962084Z [1m[92m    Finished[0m `dev` profile [unoptimized] target(s) in 10m 14s
2026-10-07T23:38:37.6399559Z Linux app build: 614.8s (exit 0)
2026-10-07T23:38:37.6800198Z Post job cleanup.
2026-10-07T23:38:37.9999602Z Post job cleanup.
2026-10-07T23:38:38.0934473Z [command]/usr/bin/git version
2026-10-07T23:38:38.1003905Z git version 2.55.0
2026-10-07T23:38:38.1043484Z Temporarily overriding HOME='/home/runner/work/_temp/9cd8cb9f-964c-4fe2-8154-b6463fd99064' before making global git config changes
2026-10-07T23:38:38.1045065Z Adding repository directory to the temporary git global config as a safe directory
2026-10-07T23:38:38.1050919Z [command]/usr/bin/git config --global --add safe.directory /home/runner/work/koda/koda
2026-10-07T23:38:38.1099854Z [command]/usr/bin/git config --local --name-only --get-regexp core\.sshCommand
2026-10-07T23:38:38.1152869Z [command]/usr/bin/git submodule foreach --recursive sh -c "git config --local --name-only --get-regexp 'core\.sshCommand' && git config --local --unset-all 'core.sshCommand' || :"
2026-10-07T23:38:38.1598394Z [command]/usr/bin/git config --local --name-only --get-regexp http\.https\:\/\/github\.com\/\.extraheader
2026-10-07T23:38:38.1649680Z [command]/usr/bin/git submodule foreach --recursive sh -c "git config --local --name-only --get-regexp 'http\.https\:\/\/github\.com\/\.extraheader' && git config --local --unset-all 'http.https://github.com/.extraheader' || :"
2026-10-07T23:38:38.1929813Z [command]/usr/bin/git config --local --name-only --get-regexp ^includeIf\.gitdir:
2026-10-07T23:38:38.1984993Z [command]/usr/bin/git submodule foreach --recursive git config --local --show-origin --name-only --get-regexp remote.origin.url
2026-10-07T23:38:38.2400085Z Print service container logs: 4eb0e712f6b6495286679552128931c5_postgres15sha2561b92e7a80c021647bf70f5d3eb66066a998e4f5cf43c07bb9dc9f729782cf88e_1c460e
2026-10-07T23:38:38.2430050Z ##[command]/usr/bin/docker logs --details e1b40a14f221c90e5919ce6ffca8638793c75e0e65607a67fbf5e2cbaa06036c
2026-10-07T23:38:38.3570598Z  ********************************************************************************
2026-10-07T23:38:38.3571635Z  WARNING: POSTGRES_HOST_AUTH_METHOD has been set to "trust". This will allow
2026-10-07T23:38:38.3572446Z  The files belonging to this database system will be owned by user "postgres".
2026-10-07T23:38:38.3573002Z  This user must also own the server process.
2026-10-07T23:38:38.3573840Z  
2026-10-07T23:38:38.3574406Z  The database cluster will be initialized with locale "en_US.utf8".
2026-10-07T23:38:38.3575234Z  The default database encoding has accordingly been set to "UTF8".
2026-10-07T23:38:38.3575831Z  The default text search configuration will be set to "english".
2026-10-07T23:38:38.3576254Z  
2026-10-07T23:38:38.3576503Z  Data page checksums are disabled.
2026-10-07T23:38:38.3576813Z  
2026-10-07T23:38:38.3577185Z  fixing permissions on existing directory /var/lib/postgresql/data ... ok
2026-10-07T23:38:38.3577694Z  creating subdirectories ... ok
2026-10-07T23:38:38.3578098Z  selecting dynamic shared memory implementation ... posix
2026-10-07T23:38:38.3578481Z  selecting default max_connections ... 100
2026-10-07T23:38:38.3578790Z  selecting default shared_buffers ... 128MB
2026-10-07T23:38:38.3579075Z  selecting default time zone ... Etc/UTC
2026-10-07T23:38:38.3579349Z  creating configuration files ... ok
2026-10-07T23:38:38.3579618Z  running bootstrap script ... ok
2026-10-07T23:38:38.3580185Z  performing post-bootstrap initialization ... ok
2026-10-07T23:38:38.3580486Z  syncing data to disk ... ok
2026-10-07T23:38:38.3580703Z  
2026-10-07T23:38:38.3580862Z  
2026-10-07T23:38:38.3581082Z  Success. You can now start the database server using:
2026-10-07T23:38:38.3581370Z  
2026-10-07T23:38:38.3581610Z      pg_ctl -D /var/lib/postgresql/data -l logfile start
2026-10-07T23:38:38.3581904Z  
2026-10-07T23:38:38.3582546Z  waiting for server to start....2026-10-07 22:19:35.713 UTC [49] LOG:  starting PostgreSQL 15.18 (Debian 15.18-1.pgdg13+1) on x86_64-pc-linux-gnu, compiled by gcc (Debian 14.2.0-19) 14.2.0, 64-bit
2026-10-07T23:38:38.3583725Z  2026-10-07 22:19:35.714 UTC [49] LOG:  listening on Unix socket "/var/run/postgresql/.s.PGSQL.5432"
2026-10-07T23:38:38.3584290Z  2026-10-07 22:19:35.716 UTC [52] LOG:  database system was shut down at 2026-10-07 22:19:35 UTC
2026-10-07T23:38:38.3584801Z  2026-10-07 22:19:35.720 UTC [49] LOG:  database system is ready to accept connections
2026-10-07T23:38:38.3585165Z   done
2026-10-07T23:38:38.3585342Z  server started
2026-10-07T23:38:38.3585525Z  
2026-10-07T23:38:38.3585830Z  /usr/local/bin/docker-entrypoint.sh: ignoring /docker-entrypoint-initdb.d/*
2026-10-07T23:38:38.3586210Z  
2026-10-07T23:38:38.3586454Z  2026-10-07 22:19:35.832 UTC [49] LOG:  received fast shutdown request
2026-10-07T23:38:38.3586972Z  waiting for server to shut down....2026-10-07 22:19:35.834 UTC [49] LOG:  aborting any active transactions
2026-10-07T23:38:38.3587644Z  2026-10-07 22:19:35.837 UTC [49] LOG:  background worker "logical replication launcher" (PID 55) exited with exit code 1
2026-10-07T23:38:38.3588169Z  2026-10-07 22:19:35.837 UTC [50] LOG:  shutting down
2026-10-07T23:38:38.3588544Z  2026-10-07 22:19:35.837 UTC [50] LOG:  checkpoint starting: shutdown immediate
2026-10-07T23:38:38.3589493Z  2026-10-07 22:19:35.839 UTC [50] LOG:  checkpoint complete: wrote 3 buffers (0.0%); 0 WAL file(s) added, 0 removed, 0 recycled; write=0.001 s, sync=0.001 s, total=0.003 s; sync files=2, longest=0.001 s, average=0.001 s; distance=0 kB, estimate=0 kB
2026-10-07T23:38:38.3590698Z  2026-10-07 22:19:35.843 UTC [49] LOG:  database system is shut down
2026-10-07T23:38:38.3591019Z   done
2026-10-07T23:38:38.3591193Z  server stopped
2026-10-07T23:38:38.3591609Z  
2026-10-07T23:38:38.3591848Z  PostgreSQL init process complete; ready for start up.
2026-10-07T23:38:38.3592144Z  
2026-10-07T23:38:38.3592454Z           anyone with access to the Postgres port to access your database without
2026-10-07T23:38:38.3592918Z           a password, even if POSTGRES_PASSWORD is set. See PostgreSQL
2026-10-07T23:38:38.3593717Z           documentation about "trust":
2026-10-07T23:38:38.3594265Z           https://www.postgresql.org/docs/current/auth-trust.html
2026-10-07T23:38:38.3594922Z           In Docker's default configuration, this is effectively any other
2026-10-07T23:38:38.3595480Z           container on the same system.
2026-10-07T23:38:38.3595851Z  
2026-10-07T23:38:38.3596266Z           It is not recommended to use POSTGRES_HOST_AUTH_METHOD=trust. Replace
2026-10-07T23:38:38.3596988Z           it with "-e POSTGRES_PASSWORD=password" instead to set a password in
2026-10-07T23:38:38.3597541Z           "docker run".
2026-10-07T23:38:38.3597928Z  ********************************************************************************
2026-10-07T23:38:38.3598539Z  initdb: warning: enabling "trust" authentication for local connections
2026-10-07T23:38:38.3599584Z  initdb: hint: You can change this by editing pg_hba.conf or using the option -A, or --auth-local and --auth-host, the next time you run initdb.
2026-10-07T23:38:38.3601014Z  2026-10-07 22:19:35.952 UTC [1] LOG:  starting PostgreSQL 15.18 (Debian 15.18-1.pgdg13+1) on x86_64-pc-linux-gnu, compiled by gcc (Debian 14.2.0-19) 14.2.0, 64-bit
2026-10-07T23:38:38.3602118Z  2026-10-07 22:19:35.953 UTC [1] LOG:  listening on IPv4 address "0.0.0.0", port 5432
2026-10-07T23:38:38.3602839Z  2026-10-07 22:19:35.953 UTC [1] LOG:  listening on IPv6 address "::", port 5432
2026-10-07T23:38:38.3603994Z  2026-10-07 22:19:35.954 UTC [1] LOG:  listening on Unix socket "/var/run/postgresql/.s.PGSQL.5432"
2026-10-07T23:38:38.3604876Z  2026-10-07 22:19:35.956 UTC [63] LOG:  database system was shut down at 2026-10-07 22:19:35 UTC
2026-10-07T23:38:38.3605709Z  2026-10-07 22:19:35.960 UTC [1] LOG:  database system is ready to accept connections
2026-10-07T23:38:38.3606467Z  2026-10-07 22:24:35.960 UTC [61] LOG:  checkpoint starting: time
2026-10-07T23:38:38.3608023Z  2026-10-07 22:24:39.972 UTC [61] LOG:  checkpoint complete: wrote 43 buffers (0.3%); 0 WAL file(s) added, 0 removed, 0 recycled; write=4.010 s, sync=0.001 s, total=4.012 s; sync files=11, longest=0.001 s, average=0.001 s; distance=252 kB, estimate=252 kB
2026-10-07T23:38:38.3609683Z  2026-10-07 22:54:17.976 UTC [61] LOG:  checkpoint starting: immediate force wait
2026-10-07T23:38:38.3611306Z  2026-10-07 22:54:18.150 UTC [61] LOG:  checkpoint complete: wrote 3066 buffers (18.7%); 0 WAL file(s) added, 0 removed, 1 recycled; write=0.116 s, sync=0.053 s, total=0.176 s; sync files=1370, longest=0.024 s, average=0.001 s; distance=20092 kB, estimate=20092 kB
2026-10-07T23:38:38.3613354Z  2026-10-07 22:54:18.168 UTC [61] LOG:  checkpoint starting: immediate force wait
2026-10-07T23:38:38.3615007Z  2026-10-07 22:54:18.195 UTC [61] LOG:  checkpoint complete: wrote 172 buffers (1.0%); 0 WAL file(s) added, 0 removed, 0 recycled; write=0.013 s, sync=0.008 s, total=0.028 s; sync files=126, longest=0.002 s, average=0.001 s; distance=786 kB, estimate=18162 kB
2026-10-07T23:38:38.3616001Z  2026-10-07 22:54:18.375 UTC [61] LOG:  checkpoint starting: immediate force wait
2026-10-07T23:38:38.3616968Z  2026-10-07 22:54:18.384 UTC [61] LOG:  checkpoint complete: wrote 117 buffers (0.7%); 0 WAL file(s) added, 0 removed, 0 recycled; write=0.005 s, sync=0.002 s, total=0.009 s; sync files=54, longest=0.001 s, average=0.001 s; distance=514 kB, estimate=16397 kB
2026-10-07T23:38:38.3617963Z  2026-10-07 22:54:18.438 UTC [61] LOG:  checkpoint starting: immediate force wait
2026-10-07T23:38:38.3619125Z  2026-10-07 22:54:18.499 UTC [61] LOG:  checkpoint complete: wrote 929 buffers (5.7%); 0 WAL file(s) added, 0 removed, 0 recycled; write=0.054 s, sync=0.005 s, total=0.061 s; sync files=304, longest=0.003 s, average=0.001 s; distance=4248 kB, estimate=15182 kB
2026-10-07T23:38:38.3620119Z  2026-10-07 22:54:19.208 UTC [61] LOG:  checkpoint starting: immediate force wait
2026-10-07T23:38:38.3621090Z  2026-10-07 22:54:19.350 UTC [61] LOG:  checkpoint complete: wrote 3038 buffers (18.5%); 0 WAL file(s) added, 0 removed, 1 recycled; write=0.105 s, sync=0.033 s, total=0.142 s; sync files=938, longest=0.003 s, average=0.001 s; distance=16203 kB, estimate=16203 kB
2026-10-07T23:38:38.3622091Z  2026-10-07 22:54:19.352 UTC [61] LOG:  checkpoint starting: immediate force wait
2026-10-07T23:38:38.3623324Z  2026-10-07 22:54:19.359 UTC [61] LOG:  checkpoint complete: wrote 139 buffers (0.8%); 0 WAL file(s) added, 0 removed, 0 recycled; write=0.004 s, sync=0.001 s, total=0.008 s; sync files=97, longest=0.001 s, average=0.001 s; distance=1156 kB, estimate=14699 kB
2026-10-07T23:38:38.3624353Z  2026-10-07 22:54:19.515 UTC [61] LOG:  checkpoint starting: immediate force wait
2026-10-07T23:38:38.3625322Z  2026-10-07 22:54:19.522 UTC [61] LOG:  checkpoint complete: wrote 118 buffers (0.7%); 0 WAL file(s) added, 0 removed, 0 recycled; write=0.005 s, sync=0.001 s, total=0.008 s; sync files=71, longest=0.001 s, average=0.001 s; distance=475 kB, estimate=13276 kB
2026-10-07T23:38:38.3626281Z  2026-10-07 22:54:19.733 UTC [61] LOG:  checkpoint starting: immediate force wait
2026-10-07T23:38:38.3627249Z  2026-10-07 22:54:19.859 UTC [61] LOG:  checkpoint complete: wrote 1854 buffers (11.3%); 0 WAL file(s) added, 0 removed, 1 recycled; write=0.085 s, sync=0.037 s, total=0.127 s; sync files=714, longest=0.003 s, average=0.001 s; distance=8568 kB, estimate=12805 kB
2026-10-07T23:38:38.3628209Z  2026-10-07 22:54:20.317 UTC [61] LOG:  checkpoint starting: immediate force wait
2026-10-07T23:38:38.3629307Z  2026-10-07 22:54:20.461 UTC [61] LOG:  checkpoint complete: wrote 1768 buffers (10.8%); 0 WAL file(s) added, 0 removed, 1 recycled; write=0.093 s, sync=0.043 s, total=0.144 s; sync files=850, longest=0.004 s, average=0.001 s; distance=9686 kB, estimate=12493 kB
2026-10-07T23:38:38.3630276Z  2026-10-07 22:54:20.634 UTC [61] LOG:  checkpoint starting: immediate force wait
2026-10-07T23:38:38.3631227Z  2026-10-07 22:54:20.704 UTC [61] LOG:  checkpoint complete: wrote 657 buffers (4.0%); 0 WAL file(s) added, 0 removed, 0 recycled; write=0.058 s, sync=0.009 s, total=0.070 s; sync files=354, longest=0.002 s, average=0.001 s; distance=3816 kB, estimate=11626 kB
2026-10-07T23:38:38.3632187Z  2026-10-07 22:54:21.100 UTC [61] LOG:  checkpoint starting: immediate force wait
2026-10-07T23:38:38.3633403Z  2026-10-07 22:54:21.253 UTC [61] LOG:  checkpoint complete: wrote 1957 buffers (11.9%); 0 WAL file(s) added, 0 removed, 0 recycled; write=0.088 s, sync=0.063 s, total=0.153 s; sync files=854, longest=0.003 s, average=0.001 s; distance=9408 kB, estimate=11404 kB
2026-10-07T23:38:38.3634396Z  2026-10-07 22:54:21.613 UTC [61] LOG:  checkpoint starting: immediate force wait
2026-10-07T23:38:38.3635348Z  2026-10-07 22:54:21.635 UTC [61] LOG:  checkpoint complete: wrote 503 buffers (3.1%); 0 WAL file(s) added, 0 removed, 1 recycled; write=0.015 s, sync=0.005 s, total=0.023 s; sync files=364, longest=0.002 s, average=0.001 s; distance=2383 kB, estimate=10502 kB
2026-10-07T23:38:38.3636302Z  2026-10-07 22:54:21.640 UTC [61] LOG:  checkpoint starting: immediate force wait
2026-10-07T23:38:38.3637233Z  2026-10-07 22:54:21.646 UTC [61] LOG:  checkpoint complete: wrote 4 buffers (0.0%); 0 WAL file(s) added, 0 removed, 0 recycled; write=0.002 s, sync=0.002 s, total=0.006 s; sync files=4, longest=0.002 s, average=0.001 s; distance=4 kB, estimate=9452 kB
2026-10-07T23:38:38.3638175Z  2026-10-07 22:54:21.658 UTC [61] LOG:  checkpoint starting: immediate force wait
2026-10-07T23:38:38.3639100Z  2026-10-07 22:54:21.665 UTC [61] LOG:  checkpoint complete: wrote 1 buffers (0.0%); 0 WAL file(s) added, 0 removed, 0 recycled; write=0.002 s, sync=0.002 s, total=0.007 s; sync files=1, longest=0.002 s, average=0.002 s; distance=3 kB, estimate=8507 kB
2026-10-07T23:38:38.3640207Z  2026-10-07 22:59:21.766 UTC [61] LOG:  checkpoint starting: time
2026-10-07T23:38:38.3641111Z  2026-10-07 22:59:21.870 UTC [61] LOG:  checkpoint complete: wrote 2 buffers (0.0%); 0 WAL file(s) added, 0 removed, 0 recycled; write=0.102 s, sync=0.001 s, total=0.104 s; sync files=2, longest=0.001 s, average=0.001 s; distance=0 kB, estimate=7656 kB
2026-10-07T23:38:38.3651919Z Stop and remove container: 4eb0e712f6b6495286679552128931c5_postgres15sha2561b92e7a80c021647bf70f5d3eb66066a998e4f5cf43c07bb9dc9f729782cf88e_1c460e
2026-10-07T23:38:38.3658782Z ##[command]/usr/bin/docker rm --force e1b40a14f221c90e5919ce6ffca8638793c75e0e65607a67fbf5e2cbaa06036c
2026-10-07T23:38:41.1697318Z e1b40a14f221c90e5919ce6ffca8638793c75e0e65607a67fbf5e2cbaa06036c
2026-10-07T23:38:41.1741356Z Remove container network: github_network_79d4edd03f524b06a790d5dd9b08dcda
2026-10-07T23:38:41.1746153Z ##[command]/usr/bin/docker network rm github_network_79d4edd03f524b06a790d5dd9b08dcda
2026-10-07T23:38:41.2820885Z github_network_79d4edd03f524b06a790d5dd9b08dcda
2026-10-07T23:38:41.2932978Z Cleaning up orphan processes
2026-10-07T23:38:41.3410417Z ##[warning]Node.js 20 is deprecated. The following actions target Node.js 20 but are being forced to run on Node.js 24: actions/cache/restore@0057852bfaa89a56745cba8c7296529d2fc39830. For more information see: https://github.blog/changelog/2025-09-19-deprecation-of-node-20-on-github-actions-runners/
